timestamp,sector_id,resource_type,stock_level,usage_rate_hourly,event_detected
2012-07-01T00:00:00,New Asgard,Vibranium (kg),2496.77,3.5,False
2012-07-01T00:00:00,New Asgard,Arc Reactor Cores,797.01,4.2,False
2012-07-01T00:00:00,New Asgard,Pym Particles,796.95,3.85,False
2012-07-01T00:00:00,New Asgard,Clean Water (L),2496.49,4.2,False
2012-07-01T00:00:00,New Asgard,Medical Kits,799.16,3.15,False
2012-07-01T00:00:00,Wakanda,Vibranium (kg),2497.92,3.5,False
2012-07-01T00:00:00,Wakanda,Arc Reactor Cores,795.51,4.2,False
2012-07-01T00:00:00,Wakanda,Pym Particles,797.18,3.85,False
2012-07-01T00:00:00,Wakanda,Clean Water (L),2495.46,4.2,False
2012-07-01T00:00:00,Wakanda,Medical Kits,799.17,3.15,False
2012-07-01T00:00:00,Sokovia,Vibranium (kg),2497.34,3.5,False
2012-07-01T00:00:00,Sokovia,Arc Reactor Cores,795.55,4.2,False
2012-07-01T00:00:00,Sokovia,Pym Particles,797.92,3.85,False
2012-07-01T00:00:00,Sokovia,Clean Water (L),2495.34,4.2,False
2012-07-01T00:00:00,Sokovia,Medical Kits,797.74,3.15,False
2012-07-01T00:00:00,Sanctum Sanctorum,Vibranium (kg),2498.26,3.5,False
2012-07-01T00:00:00,Sanctum Sanctorum,Arc Reactor Cores,796.85,4.2,False
2012-07-01T00:00:00,Sanctum Sanctorum,Pym Particles,797.64,3.85,False
2012-07-01T00:00:00,Sanctum Sanctorum,Clean Water (L),2497.47,4.2,False
2012-07-01T00:00:00,Sanctum Sanctorum,Medical Kits,797.53,3.15,False
2012-07-01T00:00:00,Avengers Compound,Vibranium (kg),2496.49,3.5,False
2012-07-01T00:00:00,Avengers Compound,Arc Reactor Cores,797.54,4.2,False
2012-07-01T00:00:00,Avengers Compound,Pym Particles,798.2,3.85,False
2012-07-01T00:00:00,Avengers Compound,Clean Water (L),2497.67,4.2,False
2012-07-01T00:00:00,Avengers Compound,Medical Kits,798.57,3.15,False
2012-07-01T01:00:00,New Asgard,Vibranium (kg),2494.7,3.55,False
2012-07-01T01:00:00,New Asgard,Arc Reactor Cores,792.82,4.26,False
2012-07-01T01:00:00,New Asgard,Pym Particles,794.52,3.91,False
2012-07-01T01:00:00,New Asgard,Clean Water (L),2493.7,4.26,False
2012-07-01T01:00:00,New Asgard,Medical Kits,796.49,3.2,False
2012-07-01T01:00:00,Wakanda,Vibranium (kg),2494.49,3.55,False
2012-07-01T01:00:00,Wakanda,Arc Reactor Cores,792.11,4.26,False
2012-07-01T01:00:00,Wakanda,Pym Particles,794.43,3.91,False
2012-07-01T01:00:00,Wakanda,Clean Water (L),2492.43,4.26,False
2012-07-01T01:00:00,Wakanda,Medical Kits,797.4,3.2,False
2012-07-01T01:00:00,Sokovia,Vibranium (kg),2495.13,3.55,False
2012-07-01T01:00:00,Sokovia,Arc Reactor Cores,792.52,4.26,False
2012-07-01T01:00:00,Sokovia,Pym Particles,795.85,3.91,False
2012-07-01T01:00:00,Sokovia,Clean Water (L),2493.09,4.26,False
2012-07-01T01:00:00,Sokovia,Medical Kits,796.04,3.2,False
2012-07-01T01:00:00,Sanctum Sanctorum,Vibranium (kg),2495.87,3.55,False
2012-07-01T01:00:00,Sanctum Sanctorum,Arc Reactor Cores,792.68,4.26,False
2012-07-01T01:00:00,Sanctum Sanctorum,Pym Particles,793.92,3.91,False
2012-07-01T01:00:00,Sanctum Sanctorum,Clean Water (L),2494.03,4.26,False
2012-07-01T01:00:00,Sanctum Sanctorum,Medical Kits,795.26,3.2,False
2012-07-01T01:00:00,Avengers Compound,Vibranium (kg),2494.38,3.55,False
2012-07-01T01:00:00,Avengers Compound,Arc Reactor Cores,794.22,4.26,False
2012-07-01T01:00:00,Avengers Compound,Pym Particles,796.04,3.91,False
2012-07-01T01:00:00,Avengers Compound,Clean Water (L),2494.87,4.26,False
2012-07-01T01:00:00,Avengers Compound,Medical Kits,795.24,3.2,False
2012-07-01T02:00:00,New Asgard,Vibranium (kg),2491.69,3.7,False
2012-07-01T02:00:00,New Asgard,Arc Reactor Cores,791.1,4.44,False
2012-07-01T02:00:00,New Asgard,Pym Particles,791.91,4.07,False
2012-07-01T02:00:00,New Asgard,Clean Water (L),2490.24,4.44,False
2012-07-01T02:00:00,New Asgard,Medical Kits,794.93,3.33,False
2012-07-01T02:00:00,Wakanda,Vibranium (kg),2492.56,3.7,False
2012-07-01T02:00:00,Wakanda,Arc Reactor Cores,788.39,4.44,False
2012-07-01T02:00:00,Wakanda,Pym Particles,791.94,4.07,False
2012-07-01T02:00:00,Wakanda,Clean Water (L),2490.26,4.44,False
2012-07-01T02:00:00,Wakanda,Medical Kits,796.34,3.33,False
2012-07-01T02:00:00,Sokovia,Vibranium (kg),2492.86,3.7,False
2012-07-01T02:00:00,Sokovia,Arc Reactor Cores,789.76,4.44,False
2012-07-01T02:00:00,Sokovia,Pym Particles,792.9,4.07,False
2012-07-01T02:00:00,Sokovia,Clean Water (L),2491.51,4.44,False
2012-07-01T02:00:00,Sokovia,Medical Kits,794.11,3.33,False
2012-07-01T02:00:00,Sanctum Sanctorum,Vibranium (kg),2493.25,3.7,False
2012-07-01T02:00:00,Sanctum Sanctorum,Arc Reactor Cores,787.83,4.44,False
2012-07-01T02:00:00,Sanctum Sanctorum,Pym Particles,790.41,4.07,False
2012-07-01T02:00:00,Sanctum Sanctorum,Clean Water (L),2491.14,4.44,False
2012-07-01T02:00:00,Sanctum Sanctorum,Medical Kits,793.56,3.33,False
2012-07-01T02:00:00,Avengers Compound,Vibranium (kg),2492.49,3.7,False
2012-07-01T02:00:00,Avengers Compound,Arc Reactor Cores,790.94,4.44,False
2012-07-01T02:00:00,Avengers Compound,Pym Particles,792.88,4.07,False
2012-07-01T02:00:00,Avengers Compound,Clean Water (L),2491.09,4.44,False
2012-07-01T02:00:00,Avengers Compound,Medical Kits,794.11,3.33,False
2012-07-01T03:00:00,New Asgard,Vibranium (kg),2488.08,3.94,False
2012-07-01T03:00:00,New Asgard,Arc Reactor Cores,787.7,4.73,False
2012-07-01T03:00:00,New Asgard,Pym Particles,789.15,4.33,False
2012-07-01T03:00:00,New Asgard,Clean Water (L),2487.84,4.73,False
2012-07-01T03:00:00,New Asgard,Medical Kits,791.19,3.55,False
2012-07-01T03:00:00,Wakanda,Vibranium (kg),2490.0,3.94,False
2012-07-01T03:00:00,Wakanda,Arc Reactor Cores,785.43,4.73,False
2012-07-01T03:00:00,Wakanda,Pym Particles,790.09,4.33,False
2012-07-01T03:00:00,Wakanda,Clean Water (L),2487.46,4.73,False
2012-07-01T03:00:00,Wakanda,Medical Kits,794.07,3.55,False
2012-07-01T03:00:00,Sokovia,Vibranium (kg),2491.03,3.94,False
2012-07-01T03:00:00,Sokovia,Arc Reactor Cores,786.03,4.73,False
2012-07-01T03:00:00,Sokovia,Pym Particles,791.38,4.33,False
2012-07-01T03:00:00,Sokovia,Clean Water (L),2489.55,4.73,False
2012-07-01T03:00:00,Sokovia,Medical Kits,791.37,3.55,False
2012-07-01T03:00:00,Sanctum Sanctorum,Vibranium (kg),2490.19,3.94,False
2012-07-01T03:00:00,Sanctum Sanctorum,Arc Reactor Cores,785.49,4.73,False
2012-07-01T03:00:00,Sanctum Sanctorum,Pym Particles,788.3,4.33,False
2012-07-01T03:00:00,Sanctum Sanctorum,Clean Water (L),2487.54,4.73,False
2012-07-01T03:00:00,Sanctum Sanctorum,Medical Kits,790.76,3.55,False
2012-07-01T03:00:00,Avengers Compound,Vibranium (kg),2490.55,3.94,False
2012-07-01T03:00:00,Avengers Compound,Arc Reactor Cores,787.58,4.73,False
2012-07-01T03:00:00,Avengers Compound,Pym Particles,789.57,4.33,False
2012-07-01T03:00:00,Avengers Compound,Clean Water (L),2486.45,4.73,False
2012-07-01T03:00:00,Avengers Compound,Medical Kits,791.65,3.55,False
2012-07-01T04:00:00,New Asgard,Vibranium (kg),2484.25,4.25,False
2012-07-01T04:00:00,New Asgard,Arc Reactor Cores,784.86,5.1,False
2012-07-01T04:00:00,New Asgard,Pym Particles,786.22,4.68,False
2012-07-01T04:00:00,New Asgard,Clean Water (L),2484.49,5.1,False
2012-07-01T04:00:00,New Asgard,Medical Kits,788.01,3.83,False
2012-07-01T04:00:00,Wakanda,Vibranium (kg),2486.3,4.25,False
2012-07-01T04:00:00,Wakanda,Arc Reactor Cores,781.63,5.1,False
2012-07-01T04:00:00,Wakanda,Pym Particles,785.84,4.68,False
2012-07-01T04:00:00,Wakanda,Clean Water (L),2483.37,5.1,False
2012-07-01T04:00:00,Wakanda,Medical Kits,793.01,3.83,False
2012-07-01T04:00:00,Sokovia,Vibranium (kg),2487.15,4.25,False
2012-07-01T04:00:00,Sokovia,Arc Reactor Cores,781.01,5.1,False
2012-07-01T04:00:00,Sokovia,Pym Particles,787.88,4.68,False
2012-07-01T04:00:00,Sokovia,Clean Water (L),2485.84,5.1,False
2012-07-01T04:00:00,Sokovia,Medical Kits,788.93,3.83,False
2012-07-01T04:00:00,Sanctum Sanctorum,Vibranium (kg),2487.5,4.25,False
2012-07-01T04:00:00,Sanctum Sanctorum,Arc Reactor Cores,780.37,5.1,False
2012-07-01T04:00:00,Sanctum Sanctorum,Pym Particles,785.99,4.68,False
2012-07-01T04:00:00,Sanctum Sanctorum,Clean Water (L),2482.81,5.1,False
2012-07-01T04:00:00,Sanctum Sanctorum,Medical Kits,789.56,3.83,False
2012-07-01T04:00:00,Avengers Compound,Vibranium (kg),2487.22,4.25,False
2012-07-01T04:00:00,Avengers Compound,Arc Reactor Cores,783.71,5.1,False
2012-07-01T04:00:00,Avengers Compound,Pym Particles,787.37,4.68,False
2012-07-01T04:00:00,Avengers Compound,Clean Water (L),2482.69,5.1,False
2012-07-01T04:00:00,Avengers Compound,Medical Kits,789.06,3.83,False
2012-07-01T05:00:00,New Asgard,Vibranium (kg),2480.32,4.61,False
2012-07-01T05:00:00,New Asgard,Arc Reactor Cores,779.55,5.53,False
2012-07-01T05:00:00,New Asgard,Pym Particles,782.48,5.07,False
2012-07-01T05:00:00,New Asgard,Clean Water (L),2479.29,5.53,False
2012-07-01T05:00:00,New Asgard,Medical Kits,786.34,4.15,False
2012-07-01T05:00:00,Wakanda,Vibranium (kg),2483.55,4.61,False
2012-07-01T05:00:00,Wakanda,Arc Reactor Cores,779.41,5.53,False
2012-07-01T05:00:00,Wakanda,Pym Particles,783.07,5.07,False
2012-07-01T05:00:00,Wakanda,Clean Water (L),2479.84,5.53,False
2012-07-01T05:00:00,Wakanda,Medical Kits,792.07,4.15,False
2012-07-01T05:00:00,Sokovia,Vibranium (kg),2485.9,4.61,False
2012-07-01T05:00:00,Sokovia,Arc Reactor Cores,777.52,5.53,False
2012-07-01T05:00:00,Sokovia,Pym Particles,783.28,5.07,False
2012-07-01T05:00:00,Sokovia,Clean Water (L),2482.16,5.53,False
2012-07-01T05:00:00,Sokovia,Medical Kits,786.05,4.15,False
2012-07-01T05:00:00,Sanctum Sanctorum,Vibranium (kg),2484.73,4.61,False
2012-07-01T05:00:00,Sanctum Sanctorum,Arc Reactor Cores,776.67,5.53,False
2012-07-01T05:00:00,Sanctum Sanctorum,Pym Particles,783.54,5.07,False
2012-07-01T05:00:00,Sanctum Sanctorum,Clean Water (L),2479.54,5.53,False
2012-07-01T05:00:00,Sanctum Sanctorum,Medical Kits,786.85,4.15,False
2012-07-01T05:00:00,Avengers Compound,Vibranium (kg),2485.84,4.61,False
2012-07-01T05:00:00,Avengers Compound,Arc Reactor Cores,780.71,5.53,False
2012-07-01T05:00:00,Avengers Compound,Pym Particles,784.8,5.07,False
2012-07-01T05:00:00,Avengers Compound,Clean Water (L),2478.65,5.53,False
2012-07-01T05:00:00,Avengers Compound,Medical Kits,786.21,4.15,False
2012-07-01T06:00:00,New Asgard,Vibranium (kg),2477.5,5.0,False
2012-07-01T06:00:00,New Asgard,Arc Reactor Cores,773.9,6.0,False
2012-07-01T06:00:00,New Asgard,Pym Particles,778.55,5.5,False
2012-07-01T06:00:00,New Asgard,Clean Water (L),2474.5,6.0,False
2012-07-01T06:00:00,New Asgard,Medical Kits,784.34,4.5,False
2012-07-01T06:00:00,Wakanda,Vibranium (kg),2479.66,5.0,False
2012-07-01T06:00:00,Wakanda,Arc Reactor Cores,775.53,6.0,False
2012-07-01T06:00:00,Wakanda,Pym Particles,779.92,5.5,False
2012-07-01T06:00:00,Wakanda,Clean Water (L),2476.36,6.0,False
2012-07-01T06:00:00,Wakanda,Medical Kits,789.08,4.5,False
2012-07-01T06:00:00,Sokovia,Vibranium (kg),2482.29,5.0,False
2012-07-01T06:00:00,Sokovia,Arc Reactor Cores,773.03,6.0,False
2012-07-01T06:00:00,Sokovia,Pym Particles,779.44,5.5,False
2012-07-01T06:00:00,Sokovia,Clean Water (L),2478.17,6.0,False
2012-07-01T06:00:00,Sokovia,Medical Kits,783.13,4.5,False
2012-07-01T06:00:00,Sanctum Sanctorum,Vibranium (kg),2480.19,5.0,False
2012-07-01T06:00:00,Sanctum Sanctorum,Arc Reactor Cores,773.41,6.0,False
2012-07-01T06:00:00,Sanctum Sanctorum,Pym Particles,779.31,5.5,False
2012-07-01T06:00:00,Sanctum Sanctorum,Clean Water (L),2475.11,6.0,False
2012-07-01T06:00:00,Sanctum Sanctorum,Medical Kits,782.75,4.5,False
2012-07-01T06:00:00,Avengers Compound,Vibranium (kg),2482.22,5.0,False
2012-07-01T06:00:00,Avengers Compound,Arc Reactor Cores,776.53,6.0,False
2012-07-01T06:00:00,Avengers Compound,Pym Particles,780.79,5.5,False
2012-07-01T06:00:00,Avengers Compound,Clean Water (L),2475.11,6.0,False
2012-07-01T06:00:00,Avengers Compound,Medical Kits,783.31,4.5,False
2012-07-01T07:00:00,New Asgard,Vibranium (kg),2474.96,5.39,False
2012-07-01T07:00:00,New Asgard,Arc Reactor Cores,769.03,6.47,False
2012-07-01T07:00:00,New Asgard,Pym Particles,776.29,5.93,False
2012-07-01T07:00:00,New Asgard,Clean Water (L),2470.68,6.47,False
2012-07-01T07:00:00,New Asgard,Medical Kits,780.69,4.85,False
2012-07-01T07:00:00,Wakanda,Vibranium (kg),2475.81,5.39,False
2012-07-01T07:00:00,Wakanda,Arc Reactor Cores,772.66,6.47,False
2012-07-01T07:00:00,Wakanda,Pym Particles,775.33,5.93,False
2012-07-01T07:00:00,Wakanda,Clean Water (L),2472.33,6.47,False
2012-07-01T07:00:00,Wakanda,Medical Kits,785.85,4.85,False
2012-07-01T07:00:00,Sokovia,Vibranium (kg),2478.42,5.39,False
2012-07-01T07:00:00,Sokovia,Arc Reactor Cores,769.75,6.47,False
2012-07-01T07:00:00,Sokovia,Pym Particles,775.62,5.93,False
2012-07-01T07:00:00,Sokovia,Clean Water (L),2473.97,6.47,False
2012-07-01T07:00:00,Sokovia,Medical Kits,780.07,4.85,False
2012-07-01T07:00:00,Sanctum Sanctorum,Vibranium (kg),2476.82,5.39,False
2012-07-01T07:00:00,Sanctum Sanctorum,Arc Reactor Cores,767.64,6.47,False
2012-07-01T07:00:00,Sanctum Sanctorum,Pym Particles,775.27,5.93,False
2012-07-01T07:00:00,Sanctum Sanctorum,Clean Water (L),2469.75,6.47,False
2012-07-01T07:00:00,Sanctum Sanctorum,Medical Kits,780.63,4.85,False
2012-07-01T07:00:00,Avengers Compound,Vibranium (kg),2477.97,5.39,False
2012-07-01T07:00:00,Avengers Compound,Arc Reactor Cores,773.79,6.47,False
2012-07-01T07:00:00,Avengers Compound,Pym Particles,775.95,5.93,False
2012-07-01T07:00:00,Avengers Compound,Clean Water (L),2471.7,6.47,False
2012-07-01T07:00:00,Avengers Compound,Medical Kits,780.0,4.85,False
2012-07-01T08:00:00,New Asgard,Vibranium (kg),2472.45,5.75,False
2012-07-01T08:00:00,New Asgard,Arc Reactor Cores,764.79,6.9,False
2012-07-01T08:00:00,New Asgard,Pym Particles,771.16,6.32,False
2012-07-01T08:00:00,New Asgard,Clean Water (L),2466.63,6.9,False
2012-07-01T08:00:00,New Asgard,Medical Kits,776.66,5.17,False
2012-07-01T08:00:00,Wakanda,Vibranium (kg),2473.0,5.75,False
2012-07-01T08:00:00,Wakanda,Arc Reactor Cores,766.47,6.9,False
2012-07-01T08:00:00,Wakanda,Pym Particles,770.21,6.32,False
2012-07-01T08:00:00,Wakanda,Clean Water (L),2468.37,6.9,False
2012-07-01T08:00:00,Wakanda,Medical Kits,782.88,5.17,False
2012-07-01T08:00:00,Sokovia,Vibranium (kg),2473.74,5.75,False
2012-07-01T08:00:00,Sokovia,Arc Reactor Cores,766.07,6.9,False
2012-07-01T08:00:00,Sokovia,Pym Particles,771.19,6.32,False
2012-07-01T08:00:00,Sokovia,Clean Water (L),2468.85,6.9,False
2012-07-01T08:00:00,Sokovia,Medical Kits,775.84,5.17,False
2012-07-01T08:00:00,Sanctum Sanctorum,Vibranium (kg),2474.3,5.75,False
2012-07-01T08:00:00,Sanctum Sanctorum,Arc Reactor Cores,762.55,6.9,False
2012-07-01T08:00:00,Sanctum Sanctorum,Pym Particles,770.36,6.32,False
2012-07-01T08:00:00,Sanctum Sanctorum,Clean Water (L),2465.08,6.9,False
2012-07-01T08:00:00,Sanctum Sanctorum,Medical Kits,776.9,5.17,False
2012-07-01T08:00:00,Avengers Compound,Vibranium (kg),2475.32,5.75,False
2012-07-01T08:00:00,Avengers Compound,Arc Reactor Cores,769.58,6.9,False
2012-07-01T08:00:00,Avengers Compound,Pym Particles,771.42,6.32,False
2012-07-01T08:00:00,Avengers Compound,Clean Water (L),2467.47,6.9,False
2012-07-01T08:00:00,Avengers Compound,Medical Kits,777.03,5.17,False
2012-07-01T09:00:00,New Asgard,Vibranium (kg),2467.98,6.06,False
2012-07-01T09:00:00,New Asgard,Arc Reactor Cores,760.79,7.27,False
2012-07-01T09:00:00,New Asgard,Pym Particles,765.94,6.67,False
2012-07-01T09:00:00,New Asgard,Clean Water (L),2461.95,7.27,False
2012-07-01T09:00:00,New Asgard,Medical Kits,773.48,5.45,False
2012-07-01T09:00:00,Wakanda,Vibranium (kg),2469.44,6.06,False
2012-07-01T09:00:00,Wakanda,Arc Reactor Cores,762.6,7.27,False
2012-07-01T09:00:00,Wakanda,Pym Particles,766.63,6.67,False
2012-07-01T09:00:00,Wakanda,Clean Water (L),2462.83,7.27,False
2012-07-01T09:00:00,Wakanda,Medical Kits,778.27,5.45,False
2012-07-01T09:00:00,Sokovia,Vibranium (kg),2470.38,6.06,False
2012-07-01T09:00:00,Sokovia,Arc Reactor Cores,761.92,7.27,False
2012-07-01T09:00:00,Sokovia,Pym Particles,766.1,6.67,False
2012-07-01T09:00:00,Sokovia,Clean Water (L),2463.54,7.27,False
2012-07-01T09:00:00,Sokovia,Medical Kits,773.58,5.45,False
2012-07-01T09:00:00,Sanctum Sanctorum,Vibranium (kg),2471.47,6.06,False
2012-07-01T09:00:00,Sanctum Sanctorum,Arc Reactor Cores,757.41,7.27,False
2012-07-01T09:00:00,Sanctum Sanctorum,Pym Particles,765.88,6.67,False
2012-07-01T09:00:00,Sanctum Sanctorum,Clean Water (L),2461.35,7.27,False
2012-07-01T09:00:00,Sanctum Sanctorum,Medical Kits,774.19,5.45,False
2012-07-01T09:00:00,Avengers Compound,Vibranium (kg),2471.22,6.06,False
2012-07-01T09:00:00,Avengers Compound,Arc Reactor Cores,764.16,7.27,False
2012-07-01T09:00:00,Avengers Compound,Pym Particles,767.07,6.67,False
2012-07-01T09:00:00,Avengers Compound,Clean Water (L),2462.17,7.27,False
2012-07-01T09:00:00,Avengers Compound,Medical Kits,773.17,5.45,False
2012-07-01T10:00:00,New Asgard,Vibranium (kg),2465.26,6.3,False
2012-07-01T10:00:00,New Asgard,Arc Reactor Cores,755.81,7.56,False
2012-07-01T10:00:00,New Asgard,Pym Particles,761.17,6.93,False
2012-07-01T10:00:00,New Asgard,Clean Water (L),2458.21,7.56,False
2012-07-01T10:00:00,New Asgard,Medical Kits,769.75,5.67,False
2012-07-01T10:00:00,Wakanda,Vibranium (kg),2465.53,6.3,False
2012-07-01T10:00:00,Wakanda,Arc Reactor Cores,758.33,7.56,False
2012-07-01T10:00:00,Wakanda,Pym Particles,762.9,6.93,False
2012-07-01T10:00:00,Wakanda,Clean Water (L),2459.07,7.56,False
2012-07-01T10:00:00,Wakanda,Medical Kits,773.77,5.67,False
2012-07-01T10:00:00,Sokovia,Vibranium (kg),2466.49,6.3,False
2012-07-01T10:00:00,Sokovia,Arc Reactor Cores,757.23,7.56,False
2012-07-01T10:00:00,Sokovia,Pym Particles,760.93,6.93,False
2012-07-01T10:00:00,Sokovia,Clean Water (L),2459.45,7.56,False
2012-07-01T10:00:00,Sokovia,Medical Kits,769.44,5.67,False
2012-07-01T10:00:00,Sanctum Sanctorum,Vibranium (kg),2467.95,6.3,False
2012-07-01T10:00:00,Sanctum Sanctorum,Arc Reactor Cores,753.38,7.56,False
2012-07-01T10:00:00,Sanctum Sanctorum,Pym Particles,761.79,6.93,False
2012-07-01T10:00:00,Sanctum Sanctorum,Clean Water (L),2457.41,7.56,False
2012-07-01T10:00:00,Sanctum Sanctorum,Medical Kits,769.37,5.67,False
2012-07-01T10:00:00,Avengers Compound,Vibranium (kg),2467.3,6.3,False
2012-07-01T10:00:00,Avengers Compound,Arc Reactor Cores,759.18,7.56,False
2012-07-01T10:00:00,Avengers Compound,Pym Particles,763.47,6.93,False
2012-07-01T10:00:00,Avengers Compound,Clean Water (L),2456.08,7.56,False
2012-07-01T10:00:00,Avengers Compound,Medical Kits,768.94,5.67,False
2012-07-01T11:00:00,New Asgard,Vibranium (kg),2462.18,6.45,False
2012-07-01T11:00:00,New Asgard,Arc Reactor Cores,752.35,7.74,False
2012-07-01T11:00:00,New Asgard,Pym Particles,756.79,7.09,False
2012-07-01T11:00:00,New Asgard,Clean Water (L),2453.46,7.74,False
2012-07-01T11:00:00,New Asgard,Medical Kits,766.71,5.8,False
2012-07-01T11:00:00,Wakanda,Vibranium (kg),2463.38,6.45,False
2012-07-01T11:00:00,Wakanda,Arc Reactor Cores,754.1,7.74,False
2012-07-01T11:00:00,Wakanda,Pym Particles,757.88,7.09,False
2012-07-01T11:00:00,Wakanda,Clean Water (L),2454.72,7.74,False
2012-07-01T11:00:00,Wakanda,Medical Kits,771.52,5.8,False
2012-07-01T11:00:00,Sokovia,Vibranium (kg),2461.97,6.45,False
2012-07-01T11:00:00,Sokovia,Arc Reactor Cores,752.39,7.74,False
2012-07-01T11:00:00,Sokovia,Pym Particles,755.05,7.09,False
2012-07-01T11:00:00,Sokovia,Clean Water (L),2454.84,7.74,False
2012-07-01T11:00:00,Sokovia,Medical Kits,766.14,5.8,False
2012-07-01T11:00:00,Sanctum Sanctorum,Vibranium (kg),2464.07,6.45,False
2012-07-01T11:00:00,Sanctum Sanctorum,Arc Reactor Cores,748.26,7.74,False
2012-07-01T11:00:00,Sanctum Sanctorum,Pym Particles,757.77,7.09,False
2012-07-01T11:00:00,Sanctum Sanctorum,Clean Water (L),2452.57,7.74,False
2012-07-01T11:00:00,Sanctum Sanctorum,Medical Kits,765.92,5.8,False
2012-07-01T11:00:00,Avengers Compound,Vibranium (kg),2463.08,6.45,False
2012-07-01T11:00:00,Avengers Compound,Arc Reactor Cores,755.03,7.74,False
2012-07-01T11:00:00,Avengers Compound,Pym Particles,758.65,7.09,False
2012-07-01T11:00:00,Avengers Compound,Clean Water (L),2451.52,7.74,False
2012-07-01T11:00:00,Avengers Compound,Medical Kits,766.77,5.8,False
2012-07-01T12:00:00,New Asgard,Vibranium (kg),2457.44,6.5,False
2012-07-01T12:00:00,New Asgard,Arc Reactor Cores,748.26,7.8,False
2012-07-01T12:00:00,New Asgard,Pym Particles,753.03,7.15,False
2012-07-01T12:00:00,New Asgard,Clean Water (L),2449.17,7.8,False
2012-07-01T12:00:00,New Asgard,Medical Kits,765.32,5.85,False
2012-07-01T12:00:00,Wakanda,Vibranium (kg),2460.03,6.5,False
2012-07-01T12:00:00,Wakanda,Arc Reactor Cores,748.33,7.8,False
2012-07-01T12:00:00,Wakanda,Pym Particles,753.76,7.15,False
2012-07-01T12:00:00,Wakanda,Clean Water (L),2450.68,7.8,False
2012-07-01T12:00:00,Wakanda,Medical Kits,768.23,5.85,False
2012-07-01T12:00:00,Sokovia,Vibranium (kg),2457.7,6.5,False
2012-07-01T12:00:00,Sokovia,Arc Reactor Cores,748.77,7.8,False
2012-07-01T12:00:00,Sokovia,Pym Particles,751.63,7.15,False
2012-07-01T12:00:00,Sokovia,Clean Water (L),2451.36,7.8,False
2012-07-01T12:00:00,Sokovia,Medical Kits,762.03,5.85,False
2012-07-01T12:00:00,Sanctum Sanctorum,Vibranium (kg),2459.11,6.5,False
2012-07-01T12:00:00,Sanctum Sanctorum,Arc Reactor Cores,744.1,7.8,False
2012-07-01T12:00:00,Sanctum Sanctorum,Pym Particles,754.39,7.15,False
2012-07-01T12:00:00,Sanctum Sanctorum,Clean Water (L),2448.27,7.8,False
2012-07-01T12:00:00,Sanctum Sanctorum,Medical Kits,762.91,5.85,False
2012-07-01T12:00:00,Avengers Compound,Vibranium (kg),2459.52,6.5,False
2012-07-01T12:00:00,Avengers Compound,Arc Reactor Cores,750.11,7.8,False
2012-07-01T12:00:00,Avengers Compound,Pym Particles,754.77,7.15,False
2012-07-01T12:00:00,Avengers Compound,Clean Water (L),2447.25,7.8,False
2012-07-01T12:00:00,Avengers Compound,Medical Kits,763.31,5.85,False
2012-07-01T13:00:00,New Asgard,Vibranium (kg),2453.67,6.45,False
2012-07-01T13:00:00,New Asgard,Arc Reactor Cores,744.56,7.74,False
2012-07-01T13:00:00,New Asgard,Pym Particles,750.38,7.09,False
2012-07-01T13:00:00,New Asgard,Clean Water (L),2444.34,7.74,False
2012-07-01T13:00:00,New Asgard,Medical Kits,761.33,5.8,False
2012-07-01T13:00:00,Wakanda,Vibranium (kg),2455.96,6.45,False
2012-07-01T13:00:00,Wakanda,Arc Reactor Cores,745.0,7.74,False
2012-07-01T13:00:00,Wakanda,Pym Particles,749.5,7.09,False
2012-07-01T13:00:00,Wakanda,Clean Water (L),2446.2,7.74,False
2012-07-01T13:00:00,Wakanda,Medical Kits,763.45,5.8,False
2012-07-01T13:00:00,Sokovia,Vibranium (kg),2454.64,6.45,False
2012-07-01T13:00:00,Sokovia,Arc Reactor Cores,744.48,7.74,False
2012-07-01T13:00:00,Sokovia,Pym Particles,748.05,7.09,False
2012-07-01T13:00:00,Sokovia,Clean Water (L),2447.53,7.74,False
2012-07-01T13:00:00,Sokovia,Medical Kits,759.18,5.8,False
2012-07-01T13:00:00,Sanctum Sanctorum,Vibranium (kg),2454.59,6.45,False
2012-07-01T13:00:00,Sanctum Sanctorum,Arc Reactor Cores,740.12,7.74,False
2012-07-01T13:00:00,Sanctum Sanctorum,Pym Particles,751.6,7.09,False
2012-07-01T13:00:00,Sanctum Sanctorum,Clean Water (L),2444.46,7.74,False
2012-07-01T13:00:00,Sanctum Sanctorum,Medical Kits,761.76,5.8,False
2012-07-01T13:00:00,Avengers Compound,Vibranium (kg),2456.8,6.45,False
2012-07-01T13:00:00,Avengers Compound,Arc Reactor Cores,747.54,7.74,False
2012-07-01T13:00:00,Avengers Compound,Pym Particles,750.42,7.09,False
2012-07-01T13:00:00,Avengers Compound,Clean Water (L),2442.6,7.74,False
2012-07-01T13:00:00,Avengers Compound,Medical Kits,759.17,5.8,False
2012-07-01T14:00:00,New Asgard,Vibranium (kg),2449.74,6.3,False
2012-07-01T14:00:00,New Asgard,Arc Reactor Cores,740.17,7.56,False
2012-07-01T14:00:00,New Asgard,Pym Particles,746.53,6.93,False
2012-07-01T14:00:00,New Asgard,Clean Water (L),2439.69,7.56,False
2012-07-01T14:00:00,New Asgard,Medical Kits,758.94,5.67,False
2012-07-01T14:00:00,Wakanda,Vibranium (kg),2452.75,6.3,False
2012-07-01T14:00:00,Wakanda,Arc Reactor Cores,740.54,7.56,False
2012-07-01T14:00:00,Wakanda,Pym Particles,746.21,6.93,False
2012-07-01T14:00:00,Wakanda,Clean Water (L),2442.49,7.56,False
2012-07-01T14:00:00,Wakanda,Medical Kits,760.88,5.67,False
2012-07-01T14:00:00,Sokovia,Vibranium (kg),2451.66,6.3,False
2012-07-01T14:00:00,Sokovia,Arc Reactor Cores,741.68,7.56,False
2012-07-01T14:00:00,Sokovia,Pym Particles,744.11,6.93,False
2012-07-01T14:00:00,Sokovia,Clean Water (L),2444.27,7.56,False
2012-07-01T14:00:00,Sokovia,Medical Kits,756.97,5.67,False
2012-07-01T14:00:00,Sanctum Sanctorum,Vibranium (kg),2452.87,6.3,False
2012-07-01T14:00:00,Sanctum Sanctorum,Arc Reactor Cores,737.5,7.56,False
2012-07-01T14:00:00,Sanctum Sanctorum,Pym Particles,747.92,6.93,False
2012-07-01T14:00:00,Sanctum Sanctorum,Clean Water (L),2440.76,7.56,False
2012-07-01T14:00:00,Sanctum Sanctorum,Medical Kits,758.19,5.67,False
2012-07-01T14:00:00,Avengers Compound,Vibranium (kg),2453.89,6.3,False
2012-07-01T14:00:00,Avengers Compound,Arc Reactor Cores,743.61,7.56,False
2012-07-01T14:00:00,Avengers Compound,Pym Particles,747.43,6.93,False
2012-07-01T14:00:00,Avengers Compound,Clean Water (L),2438.46,7.56,False
2012-07-01T14:00:00,Avengers Compound,Medical Kits,755.25,5.67,False
2012-07-01T15:00:00,New Asgard,Vibranium (kg),2446.57,6.06,False
2012-07-01T15:00:00,New Asgard,Arc Reactor Cores,736.88,7.27,False
2012-07-01T15:00:00,New Asgard,Pym Particles,742.02,6.67,False
2012-07-01T15:00:00,New Asgard,Clean Water (L),2436.3,7.27,False
2012-07-01T15:00:00,New Asgard,Medical Kits,755.76,5.45,False
2012-07-01T15:00:00,Wakanda,Vibranium (kg),2449.82,6.06,False
2012-07-01T15:00:00,Wakanda,Arc Reactor Cores,737.57,7.27,False
2012-07-01T15:00:00,Wakanda,Pym Particles,742.45,6.67,False
2012-07-01T15:00:00,Wakanda,Clean Water (L),2438.15,7.27,False
2012-07-01T15:00:00,Wakanda,Medical Kits,758.18,5.45,False
2012-07-01T15:00:00,Sokovia,Vibranium (kg),2449.74,6.06,False
2012-07-01T15:00:00,Sokovia,Arc Reactor Cores,738.77,7.27,False
2012-07-01T15:00:00,Sokovia,Pym Particles,740.68,6.67,False
2012-07-01T15:00:00,Sokovia,Clean Water (L),2441.11,7.27,False
2012-07-01T15:00:00,Sokovia,Medical Kits,754.92,5.45,False
2012-07-01T15:00:00,Sanctum Sanctorum,Vibranium (kg),2450.57,6.06,False
2012-07-01T15:00:00,Sanctum Sanctorum,Arc Reactor Cores,734.51,7.27,False
2012-07-01T15:00:00,Sanctum Sanctorum,Pym Particles,744.03,6.67,False
2012-07-01T15:00:00,Sanctum Sanctorum,Clean Water (L),2439.2,7.27,False
2012-07-01T15:00:00,Sanctum Sanctorum,Medical Kits,755.75,5.45,False
2012-07-01T15:00:00,Avengers Compound,Vibranium (kg),2450.03,6.06,False
2012-07-01T15:00:00,Avengers Compound,Arc Reactor Cores,740.64,7.27,False
2012-07-01T15:00:00,Avengers Compound,Pym Particles,744.07,6.67,False
2012-07-01T15:00:00,Avengers Compound,Clean Water (L),2434.35,7.27,False
2012-07-01T15:00:00,Avengers Compound,Medical Kits,752.7,5.45,False
2012-07-01T16:00:00,New Asgard,Vibranium (kg),2445.87,5.75,False
2012-07-01T16:00:00,New Asgard,Arc Reactor Cores,733.33,6.9,False
2012-07-01T16:00:00,New Asgard,Pym Particles,740.09,6.32,False
2012-07-01T16:00:00,New Asgard,Clean Water (L),2433.31,6.9,False
2012-07-01T16:00:00,New Asgard,Medical Kits,753.75,5.17,False
2012-07-01T16:00:00,Wakanda,Vibranium (kg),2447.96,5.75,False
2012-07-01T16:00:00,Wakanda,Arc Reactor Cores,734.61,6.9,False
2012-07-01T16:00:00,Wakanda,Pym Particles,739.36,6.32,False
2012-07-01T16:00:00,Wakanda,Clean Water (L),2435.02,6.9,False
2012-07-01T16:00:00,Wakanda,Medical Kits,756.83,5.17,False
2012-07-01T16:00:00,Sokovia,Vibranium (kg),2447.73,5.75,False
2012-07-01T16:00:00,Sokovia,Arc Reactor Cores,734.95,6.9,False
2012-07-01T16:00:00,Sokovia,Pym Particles,737.35,6.32,False
2012-07-01T16:00:00,Sokovia,Clean Water (L),2437.86,6.9,False
2012-07-01T16:00:00,Sokovia,Medical Kits,752.83,5.17,False
2012-07-01T16:00:00,Sanctum Sanctorum,Vibranium (kg),2449.69,5.75,False
2012-07-01T16:00:00,Sanctum Sanctorum,Arc Reactor Cores,732.17,6.9,False
2012-07-01T16:00:00,Sanctum Sanctorum,Pym Particles,742.72,6.32,False
2012-07-01T16:00:00,Sanctum Sanctorum,Clean Water (L),2435.12,6.9,False
2012-07-01T16:00:00,Sanctum Sanctorum,Medical Kits,753.49,5.17,False
2012-07-01T16:00:00,Avengers Compound,Vibranium (kg),2447.46,5.75,False
2012-07-01T16:00:00,Avengers Compound,Arc Reactor Cores,738.42,6.9,False
2012-07-01T16:00:00,Avengers Compound,Pym Particles,741.31,6.32,False
2012-07-01T16:00:00,Avengers Compound,Clean Water (L),2431.89,6.9,False
2012-07-01T16:00:00,Avengers Compound,Medical Kits,751.97,5.17,False
2012-07-01T17:00:00,New Asgard,Vibranium (kg),2443.82,5.39,False
2012-07-01T17:00:00,New Asgard,Arc Reactor Cores,731.16,6.47,False
2012-07-01T17:00:00,New Asgard,Pym Particles,737.6,5.93,False
2012-07-01T17:00:00,New Asgard,Clean Water (L),2430.52,6.47,False
2012-07-01T17:00:00,New Asgard,Medical Kits,751.81,4.85,False
2012-07-01T17:00:00,Wakanda,Vibranium (kg),2445.93,5.39,False
2012-07-01T17:00:00,Wakanda,Arc Reactor Cores,731.53,6.47,False
2012-07-01T17:00:00,Wakanda,Pym Particles,737.52,5.93,False
2012-07-01T17:00:00,Wakanda,Clean Water (L),2433.73,6.47,False
2012-07-01T17:00:00,Wakanda,Medical Kits,755.35,4.85,False
2012-07-01T17:00:00,Sokovia,Vibranium (kg),2445.18,5.39,False
2012-07-01T17:00:00,Sokovia,Arc Reactor Cores,730.88,6.47,False
2012-07-01T17:00:00,Sokovia,Pym Particles,736.6,5.93,False
2012-07-01T17:00:00,Sokovia,Clean Water (L),2435.68,6.47,False
2012-07-01T17:00:00,Sokovia,Medical Kits,750.86,4.85,False
2012-07-01T17:00:00,Sanctum Sanctorum,Vibranium (kg),2447.18,5.39,False
2012-07-01T17:00:00,Sanctum Sanctorum,Arc Reactor Cores,729.94,6.47,False
2012-07-01T17:00:00,Sanctum Sanctorum,Pym Particles,741.46,5.93,False
2012-07-01T17:00:00,Sanctum Sanctorum,Clean Water (L),2431.79,6.47,False
2012-07-01T17:00:00,Sanctum Sanctorum,Medical Kits,750.85,4.85,False
2012-07-01T17:00:00,Avengers Compound,Vibranium (kg),2445.12,5.39,False
2012-07-01T17:00:00,Avengers Compound,Arc Reactor Cores,735.41,6.47,False
2012-07-01T17:00:00,Avengers Compound,Pym Particles,738.73,5.93,False
2012-07-01T17:00:00,Avengers Compound,Clean Water (L),2430.73,6.47,False
2012-07-01T17:00:00,Avengers Compound,Medical Kits,750.75,4.85,False
2012-07-01T18:00:00,New Asgard,Vibranium (kg),2441.27,5.0,False
2012-07-01T18:00:00,New Asgard,Arc Reactor Cores,730.34,6.0,False
2012-07-01T18:00:00,New Asgard,Pym Particles,735.26,5.5,False
2012-07-01T18:00:00,New Asgard,Clean Water (L),2427.4,6.0,False
2012-07-01T18:00:00,New Asgard,Medical Kits,749.24,4.5,False
2012-07-01T18:00:00,Wakanda,Vibranium (kg),2444.95,5.0,False
2012-07-01T18:00:00,Wakanda,Arc Reactor Cores,730.31,6.0,False
2012-07-01T18:00:00,Wakanda,Pym Particles,735.0,5.5,False
2012-07-01T18:00:00,Wakanda,Clean Water (L),2432.55,6.0,False
2012-07-01T18:00:00,Wakanda,Medical Kits,753.05,4.5,False
2012-07-01T18:00:00,Sokovia,Vibranium (kg),2443.88,5.0,False
2012-07-01T18:00:00,Sokovia,Arc Reactor Cores,729.04,6.0,False
2012-07-01T18:00:00,Sokovia,Pym Particles,735.95,5.5,False
2012-07-01T18:00:00,Sokovia,Clean Water (L),2432.57,6.0,False
2012-07-01T18:00:00,Sokovia,Medical Kits,749.37,4.5,False
2012-07-01T18:00:00,Sanctum Sanctorum,Vibranium (kg),2445.23,5.0,False
2012-07-01T18:00:00,Sanctum Sanctorum,Arc Reactor Cores,727.86,6.0,False
2012-07-01T18:00:00,Sanctum Sanctorum,Pym Particles,739.37,5.5,False
2012-07-01T18:00:00,Sanctum Sanctorum,Clean Water (L),2430.03,6.0,False
2012-07-01T18:00:00,Sanctum Sanctorum,Medical Kits,749.12,4.5,False
2012-07-01T18:00:00,Avengers Compound,Vibranium (kg),2443.11,5.0,False
2012-07-01T18:00:00,Avengers Compound,Arc Reactor Cores,734.71,6.0,False
2012-07-01T18:00:00,Avengers Compound,Pym Particles,738.47,5.5,False
2012-07-01T18:00:00,Avengers Compound,Clean Water (L),2429.48,6.0,False
2012-07-01T18:00:00,Avengers Compound,Medical Kits,750.17,4.5,False
2012-07-01T19:00:00,New Asgard,Vibranium (kg),2440.11,4.61,False
2012-07-01T19:00:00,New Asgard,Arc Reactor Cores,729.6,5.53,False
2012-07-01T19:00:00,New Asgard,Pym Particles,734.52,5.07,False
2012-07-01T19:00:00,New Asgard,Clean Water (L),2425.31,5.53,False
2012-07-01T19:00:00,New Asgard,Medical Kits,748.93,4.15,False
2012-07-01T19:00:00,Wakanda,Vibranium (kg),2445.08,4.61,False
2012-07-01T19:00:00,Wakanda,Arc Reactor Cores,729.34,5.53,False
2012-07-01T19:00:00,Wakanda,Pym Particles,734.92,5.07,False
2012-07-01T19:00:00,Wakanda,Clean Water (L),2430.99,5.53,False
2012-07-01T19:00:00,Wakanda,Medical Kits,752.51,4.15,False
2012-07-01T19:00:00,Sokovia,Vibranium (kg),2443.4,4.61,False
2012-07-01T19:00:00,Sokovia,Arc Reactor Cores,727.54,5.53,False
2012-07-01T19:00:00,Sokovia,Pym Particles,736.28,5.07,False
2012-07-01T19:00:00,Sokovia,Clean Water (L),2431.45,5.53,False
2012-07-01T19:00:00,Sokovia,Medical Kits,748.09,4.15,False
2012-07-01T19:00:00,Sanctum Sanctorum,Vibranium (kg),2445.76,4.61,False
2012-07-01T19:00:00,Sanctum Sanctorum,Arc Reactor Cores,728.53,5.53,False
2012-07-01T19:00:00,Sanctum Sanctorum,Pym Particles,737.06,5.07,False
2012-07-01T19:00:00,Sanctum Sanctorum,Clean Water (L),2429.33,5.53,False
2012-07-01T19:00:00,Sanctum Sanctorum,Medical Kits,748.87,4.15,False
2012-07-01T19:00:00,Avengers Compound,Vibranium (kg),2442.31,4.61,False
2012-07-01T19:00:00,Avengers Compound,Arc Reactor Cores,732.36,5.53,False
2012-07-01T19:00:00,Avengers Compound,Pym Particles,737.77,5.07,False
2012-07-01T19:00:00,Avengers Compound,Clean Water (L),2427.98,5.53,False
2012-07-01T19:00:00,Avengers Compound,Medical Kits,749.82,4.15,False
2012-07-01T20:00:00,New Asgard,Vibranium (kg),2441.42,4.25,False
2012-07-01T20:00:00,New Asgard,Arc Reactor Cores,728.42,5.1,False
2012-07-01T20:00:00,New Asgard,Pym Particles,734.45,4.68,False
2012-07-01T20:00:00,New Asgard,Clean Water (L),2424.12,5.1,False
2012-07-01T20:00:00,New Asgard,Medical Kits,747.77,3.83,False
2012-07-01T20:00:00,Wakanda,Vibranium (kg),2443.72,4.25,False
2012-07-01T20:00:00,Wakanda,Arc Reactor Cores,728.64,5.1,False
2012-07-01T20:00:00,Wakanda,Pym Particles,734.13,4.68,False
2012-07-01T20:00:00,Wakanda,Clean Water (L),2429.51,5.1,False
2012-07-01T20:00:00,Wakanda,Medical Kits,752.24,3.83,False
2012-07-01T20:00:00,Sokovia,Vibranium (kg),2442.51,4.25,False
2012-07-01T20:00:00,Sokovia,Arc Reactor Cores,727.4,5.1,False
2012-07-01T20:00:00,Sokovia,Pym Particles,736.77,4.68,False
2012-07-01T20:00:00,Sokovia,Clean Water (L),2430.48,5.1,False
2012-07-01T20:00:00,Sokovia,Medical Kits,748.31,3.83,False
2012-07-01T20:00:00,Sanctum Sanctorum,Vibranium (kg),2445.97,4.25,False
2012-07-01T20:00:00,Sanctum Sanctorum,Arc Reactor Cores,726.82,5.1,False
2012-07-01T20:00:00,Sanctum Sanctorum,Pym Particles,736.2,4.68,False
2012-07-01T20:00:00,Sanctum Sanctorum,Clean Water (L),2428.43,5.1,False
2012-07-01T20:00:00,Sanctum Sanctorum,Medical Kits,749.77,3.83,False
2012-07-01T20:00:00,Avengers Compound,Vibranium (kg),2440.06,4.25,False
2012-07-01T20:00:00,Avengers Compound,Arc Reactor Cores,732.39,5.1,False
2012-07-01T20:00:00,Avengers Compound,Pym Particles,738.47,4.68,False
2012-07-01T20:00:00,Avengers Compound,Clean Water (L),2425.95,5.1,False
2012-07-01T20:00:00,Avengers Compound,Medical Kits,749.71,3.83,False
2012-07-01T21:00:00,New Asgard,Vibranium (kg),2441.1,3.94,False
2012-07-01T21:00:00,New Asgard,Arc Reactor Cores,727.32,4.73,False
2012-07-01T21:00:00,New Asgard,Pym Particles,734.47,4.33,False
2012-07-01T21:00:00,New Asgard,Clean Water (L),2423.86,4.73,False
2012-07-01T21:00:00,New Asgard,Medical Kits,747.25,3.55,False
2012-07-01T21:00:00,Wakanda,Vibranium (kg),2442.78,3.94,False
2012-07-01T21:00:00,Wakanda,Arc Reactor Cores,727.07,4.73,False
2012-07-01T21:00:00,Wakanda,Pym Particles,732.77,4.33,False
2012-07-01T21:00:00,Wakanda,Clean Water (L),2429.32,4.73,False
2012-07-01T21:00:00,Wakanda,Medical Kits,751.6,3.55,False
2012-07-01T21:00:00,Sokovia,Vibranium (kg),2443.91,3.94,False
2012-07-01T21:00:00,Sokovia,Arc Reactor Cores,726.25,4.73,False
2012-07-01T21:00:00,Sokovia,Pym Particles,736.79,4.33,False
2012-07-01T21:00:00,Sokovia,Clean Water (L),2430.62,4.73,False
2012-07-01T21:00:00,Sokovia,Medical Kits,747.45,3.55,False
2012-07-01T21:00:00,Sanctum Sanctorum,Vibranium (kg),2447.59,3.94,False
2012-07-01T21:00:00,Sanctum Sanctorum,Arc Reactor Cores,727.78,4.73,False
2012-07-01T21:00:00,Sanctum Sanctorum,Pym Particles,735.38,4.33,False
2012-07-01T21:00:00,Sanctum Sanctorum,Clean Water (L),2429.8,4.73,False
2012-07-01T21:00:00,Sanctum Sanctorum,Medical Kits,749.62,3.55,False
2012-07-01T21:00:00,Avengers Compound,Vibranium (kg),2440.71,3.94,False
2012-07-01T21:00:00,Avengers Compound,Arc Reactor Cores,733.44,4.73,False
2012-07-01T21:00:00,Avengers Compound,Pym Particles,736.78,4.33,False
2012-07-01T21:00:00,Avengers Compound,Clean Water (L),2425.79,4.73,False
2012-07-01T21:00:00,Avengers Compound,Medical Kits,748.89,3.55,False
2012-07-01T22:00:00,New Asgard,Vibranium (kg),2442.18,3.7,False
2012-07-01T22:00:00,New Asgard,Arc Reactor Cores,727.43,4.44,False
2012-07-01T22:00:00,New Asgard,Pym Particles,735.01,4.07,False
2012-07-01T22:00:00,New Asgard,Clean Water (L),2423.3,4.44,False
2012-07-01T22:00:00,New Asgard,Medical Kits,747.52,3.33,False
2012-07-01T22:00:00,Wakanda,Vibranium (kg),2442.28,3.7,False
2012-07-01T22:00:00,Wakanda,Arc Reactor Cores,727.11,4.44,False
2012-07-01T22:00:00,Wakanda,Pym Particles,731.3,4.07,False
2012-07-01T22:00:00,Wakanda,Clean Water (L),2428.47,4.44,False
2012-07-01T22:00:00,Wakanda,Medical Kits,751.65,3.33,False
2012-07-01T22:00:00,Sokovia,Vibranium (kg),2443.95,3.7,False
2012-07-01T22:00:00,Sokovia,Arc Reactor Cores,726.51,4.44,False
2012-07-01T22:00:00,Sokovia,Pym Particles,735.78,4.07,False
2012-07-01T22:00:00,Sokovia,Clean Water (L),2431.16,4.44,False
2012-07-01T22:00:00,Sokovia,Medical Kits,747.43,3.33,False
2012-07-01T22:00:00,Sanctum Sanctorum,Vibranium (kg),2446.36,3.7,False
2012-07-01T22:00:00,Sanctum Sanctorum,Arc Reactor Cores,726.64,4.44,False
2012-07-01T22:00:00,Sanctum Sanctorum,Pym Particles,737.31,4.07,False
2012-07-01T22:00:00,Sanctum Sanctorum,Clean Water (L),2429.68,4.44,False
2012-07-01T22:00:00,Sanctum Sanctorum,Medical Kits,749.85,3.33,False
2012-07-01T22:00:00,Avengers Compound,Vibranium (kg),2441.6,3.7,False
2012-07-01T22:00:00,Avengers Compound,Arc Reactor Cores,732.82,4.44,False
2012-07-01T22:00:00,Avengers Compound,Pym Particles,737.88,4.07,False
2012-07-01T22:00:00,Avengers Compound,Clean Water (L),2426.75,4.44,False
2012-07-01T22:00:00,Avengers Compound,Medical Kits,749.92,3.33,False
2012-07-01T23:00:00,New Asgard,Vibranium (kg),2442.44,3.55,False
2012-07-01T23:00:00,New Asgard,Arc Reactor Cores,727.01,4.26,False
2012-07-01T23:00:00,New Asgard,Pym Particles,734.91,3.91,False
2012-07-01T23:00:00,New Asgard,Clean Water (L),2423.42,4.26,False
2012-07-01T23:00:00,New Asgard,Medical Kits,748.83,3.2,False
2012-07-01T23:00:00,Wakanda,Vibranium (kg),2441.6,3.55,False
2012-07-01T23:00:00,Wakanda,Arc Reactor Cores,726.17,4.26,False
2012-07-01T23:00:00,Wakanda,Pym Particles,731.82,3.91,False
2012-07-01T23:00:00,Wakanda,Clean Water (L),2429.05,4.26,False
2012-07-01T23:00:00,Wakanda,Medical Kits,750.21,3.2,False
2012-07-01T23:00:00,Sokovia,Vibranium (kg),2442.77,3.55,False
2012-07-01T23:00:00,Sokovia,Arc Reactor Cores,727.4,4.26,False
2012-07-01T23:00:00,Sokovia,Pym Particles,735.75,3.91,False
2012-07-01T23:00:00,Sokovia,Clean Water (L),2431.98,4.26,False
2012-07-01T23:00:00,Sokovia,Medical Kits,749.01,3.2,False
2012-07-01T23:00:00,Sanctum Sanctorum,Vibranium (kg),2446.56,3.55,False
2012-07-01T23:00:00,Sanctum Sanctorum,Arc Reactor Cores,727.52,4.26,False
2012-07-01T23:00:00,Sanctum Sanctorum,Pym Particles,738.22,3.91,False
2012-07-01T23:00:00,Sanctum Sanctorum,Clean Water (L),2430.96,4.26,False
2012-07-01T23:00:00,Sanctum Sanctorum,Medical Kits,749.6,3.2,False
2012-07-01T23:00:00,Avengers Compound,Vibranium (kg),2441.2,3.55,False
2012-07-01T23:00:00,Avengers Compound,Arc Reactor Cores,733.05,4.26,False
2012-07-01T23:00:00,Avengers Compound,Pym Particles,738.83,3.91,False
2012-07-01T23:00:00,Avengers Compound,Clean Water (L),2426.41,4.26,False
2012-07-01T23:00:00,Avengers Compound,Medical Kits,751.7,3.2,False
2012-07-02T00:00:00,New Asgard,Vibranium (kg),2443.72,3.5,False
2012-07-02T00:00:00,New Asgard,Arc Reactor Cores,725.84,4.2,False
2012-07-02T00:00:00,New Asgard,Pym Particles,734.67,3.85,False
2012-07-02T00:00:00,New Asgard,Clean Water (L),2424.09,4.2,False
2012-07-02T00:00:00,New Asgard,Medical Kits,749.53,3.15,False
2012-07-02T00:00:00,Wakanda,Vibranium (kg),2440.46,3.5,False
2012-07-02T00:00:00,Wakanda,Arc Reactor Cores,725.75,4.2,False
2012-07-02T00:00:00,Wakanda,Pym Particles,733.5,3.85,False
2012-07-02T00:00:00,Wakanda,Clean Water (L),2428.61,4.2,False
2012-07-02T00:00:00,Wakanda,Medical Kits,750.3,3.15,False
2012-07-02T00:00:00,Sokovia,Vibranium (kg),2442.62,3.5,False
2012-07-02T00:00:00,Sokovia,Arc Reactor Cores,728.13,4.2,False
2012-07-02T00:00:00,Sokovia,Pym Particles,736.13,3.85,False
2012-07-02T00:00:00,Sokovia,Clean Water (L),2432.26,4.2,False
2012-07-02T00:00:00,Sokovia,Medical Kits,749.69,3.15,False
2012-07-02T00:00:00,Sanctum Sanctorum,Vibranium (kg),2447.4,3.5,False
2012-07-02T00:00:00,Sanctum Sanctorum,Arc Reactor Cores,729.26,4.2,False
2012-07-02T00:00:00,Sanctum Sanctorum,Pym Particles,737.89,3.85,False
2012-07-02T00:00:00,Sanctum Sanctorum,Clean Water (L),2432.72,4.2,False
2012-07-02T00:00:00,Sanctum Sanctorum,Medical Kits,749.37,3.15,False
2012-07-02T00:00:00,Avengers Compound,Vibranium (kg),2440.49,3.5,False
2012-07-02T00:00:00,Avengers Compound,Arc Reactor Cores,733.63,4.2,False
2012-07-02T00:00:00,Avengers Compound,Pym Particles,738.74,3.85,False
2012-07-02T00:00:00,Avengers Compound,Clean Water (L),2426.95,4.2,False
2012-07-02T00:00:00,Avengers Compound,Medical Kits,752.81,3.15,False
2012-07-02T01:00:00,New Asgard,Vibranium (kg),2443.05,3.55,False
2012-07-02T01:00:00,New Asgard,Arc Reactor Cores,724.88,4.26,False
2012-07-02T01:00:00,New Asgard,Pym Particles,734.04,3.91,False
2012-07-02T01:00:00,New Asgard,Clean Water (L),2424.45,4.26,False
2012-07-02T01:00:00,New Asgard,Medical Kits,749.89,3.2,False
2012-07-02T01:00:00,Wakanda,Vibranium (kg),2441.08,3.55,False
2012-07-02T01:00:00,Wakanda,Arc Reactor Cores,726.26,4.26,False
2012-07-02T01:00:00,Wakanda,Pym Particles,733.57,3.91,False
2012-07-02T01:00:00,Wakanda,Clean Water (L),2429.23,4.26,False
2012-07-02T01:00:00,Wakanda,Medical Kits,750.78,3.2,False
2012-07-02T01:00:00,Sokovia,Vibranium (kg),2441.78,3.55,False
2012-07-02T01:00:00,Sokovia,Arc Reactor Cores,729.2,4.26,False
2012-07-02T01:00:00,Sokovia,Pym Particles,737.65,3.91,False
2012-07-02T01:00:00,Sokovia,Clean Water (L),2432.16,4.26,False
2012-07-02T01:00:00,Sokovia,Medical Kits,750.31,3.2,False
2012-07-02T01:00:00,Sanctum Sanctorum,Vibranium (kg),2447.34,3.55,False
2012-07-02T01:00:00,Sanctum Sanctorum,Arc Reactor Cores,729.96,4.26,False
2012-07-02T01:00:00,Sanctum Sanctorum,Pym Particles,736.46,3.91,False
2012-07-02T01:00:00,Sanctum Sanctorum,Clean Water (L),2432.9,4.26,False
2012-07-02T01:00:00,Sanctum Sanctorum,Medical Kits,749.8,3.2,False
2012-07-02T01:00:00,Avengers Compound,Vibranium (kg),2440.33,3.55,False
2012-07-02T01:00:00,Avengers Compound,Arc Reactor Cores,735.49,4.26,False
2012-07-02T01:00:00,Avengers Compound,Pym Particles,738.7,3.91,False
2012-07-02T01:00:00,Avengers Compound,Clean Water (L),2427.21,4.26,False
2012-07-02T01:00:00,Avengers Compound,Medical Kits,752.33,3.2,False
2012-07-02T02:00:00,New Asgard,Vibranium (kg),2443.64,3.7,False
2012-07-02T02:00:00,New Asgard,Arc Reactor Cores,724.42,4.44,False
2012-07-02T02:00:00,New Asgard,Pym Particles,733.66,4.07,False
2012-07-02T02:00:00,New Asgard,Clean Water (L),2424.54,4.44,False
2012-07-02T02:00:00,New Asgard,Medical Kits,748.87,3.33,False
2012-07-02T02:00:00,Wakanda,Vibranium (kg),2439.7,3.7,False
2012-07-02T02:00:00,Wakanda,Arc Reactor Cores,727.3,4.44,False
2012-07-02T02:00:00,Wakanda,Pym Particles,732.48,4.07,False
2012-07-02T02:00:00,Wakanda,Clean Water (L),2430.27,4.44,False
2012-07-02T02:00:00,Wakanda,Medical Kits,751.27,3.33,False
2012-07-02T02:00:00,Sokovia,Vibranium (kg),2441.98,3.7,False
2012-07-02T02:00:00,Sokovia,Arc Reactor Cores,729.46,4.44,False
2012-07-02T02:00:00,Sokovia,Pym Particles,738.47,4.07,False
2012-07-02T02:00:00,Sokovia,Clean Water (L),2431.59,4.44,False
2012-07-02T02:00:00,Sokovia,Medical Kits,751.24,3.33,False
2012-07-02T02:00:00,Sanctum Sanctorum,Vibranium (kg),2446.84,3.7,False
2012-07-02T02:00:00,Sanctum Sanctorum,Arc Reactor Cores,729.93,4.44,False
2012-07-02T02:00:00,Sanctum Sanctorum,Pym Particles,736.97,4.07,False
2012-07-02T02:00:00,Sanctum Sanctorum,Clean Water (L),2432.46,4.44,False
2012-07-02T02:00:00,Sanctum Sanctorum,Medical Kits,751.0,3.33,False
2012-07-02T02:00:00,Avengers Compound,Vibranium (kg),2441.43,3.7,False
2012-07-02T02:00:00,Avengers Compound,Arc Reactor Cores,734.78,4.44,False
2012-07-02T02:00:00,Avengers Compound,Pym Particles,738.78,4.07,False
2012-07-02T02:00:00,Avengers Compound,Clean Water (L),2427.89,4.44,False
2012-07-02T02:00:00,Avengers Compound,Medical Kits,752.7,3.33,False
2012-07-02T03:00:00,New Asgard,Vibranium (kg),2443.58,3.94,False
2012-07-02T03:00:00,New Asgard,Arc Reactor Cores,723.75,4.73,False
2012-07-02T03:00:00,New Asgard,Pym Particles,732.68,4.33,False
2012-07-02T03:00:00,New Asgard,Clean Water (L),2424.08,4.73,False
2012-07-02T03:00:00,New Asgard,Medical Kits,749.75,3.55,False
2012-07-02T03:00:00,Wakanda,Vibranium (kg),2439.94,3.94,False
2012-07-02T03:00:00,Wakanda,Arc Reactor Cores,727.43,4.73,False
2012-07-02T03:00:00,Wakanda,Pym Particles,732.91,4.33,False
2012-07-02T03:00:00,Wakanda,Clean Water (L),2429.13,4.73,False
2012-07-02T03:00:00,Wakanda,Medical Kits,751.17,3.55,False
2012-07-02T03:00:00,Sokovia,Vibranium (kg),2441.09,3.94,False
2012-07-02T03:00:00,Sokovia,Arc Reactor Cores,727.91,4.73,False
2012-07-02T03:00:00,Sokovia,Pym Particles,737.92,4.33,False
2012-07-02T03:00:00,Sokovia,Clean Water (L),2430.17,4.73,False
2012-07-02T03:00:00,Sokovia,Medical Kits,751.52,3.55,False
2012-07-02T03:00:00,Sanctum Sanctorum,Vibranium (kg),2445.05,3.94,False
2012-07-02T03:00:00,Sanctum Sanctorum,Arc Reactor Cores,730.93,4.73,False
2012-07-02T03:00:00,Sanctum Sanctorum,Pym Particles,737.94,4.33,False
2012-07-02T03:00:00,Sanctum Sanctorum,Clean Water (L),2431.85,4.73,False
2012-07-02T03:00:00,Sanctum Sanctorum,Medical Kits,749.94,3.55,False
2012-07-02T03:00:00,Avengers Compound,Vibranium (kg),2439.81,3.94,False
2012-07-02T03:00:00,Avengers Compound,Arc Reactor Cores,734.65,4.73,False
2012-07-02T03:00:00,Avengers Compound,Pym Particles,738.31,4.33,False
2012-07-02T03:00:00,Avengers Compound,Clean Water (L),2426.8,4.73,False
2012-07-02T03:00:00,Avengers Compound,Medical Kits,753.34,3.55,False
2012-07-02T04:00:00,New Asgard,Vibranium (kg),2442.82,4.25,False
2012-07-02T04:00:00,New Asgard,Arc Reactor Cores,724.53,5.1,False
2012-07-02T04:00:00,New Asgard,Pym Particles,733.24,4.68,False
2012-07-02T04:00:00,New Asgard,Clean Water (L),2423.28,5.1,False
2012-07-02T04:00:00,New Asgard,Medical Kits,750.11,3.83,False
2012-07-02T04:00:00,Wakanda,Vibranium (kg),2438.95,4.25,False
2012-07-02T04:00:00,Wakanda,Arc Reactor Cores,725.66,5.1,False
2012-07-02T04:00:00,Wakanda,Pym Particles,732.71,4.68,False
2012-07-02T04:00:00,Wakanda,Clean Water (L),2428.17,5.1,False
2012-07-02T04:00:00,Wakanda,Medical Kits,750.54,3.83,False
2012-07-02T04:00:00,Sokovia,Vibranium (kg),2441.45,4.25,False
2012-07-02T04:00:00,Sokovia,Arc Reactor Cores,726.82,5.1,False
2012-07-02T04:00:00,Sokovia,Pym Particles,737.4,4.68,False
2012-07-02T04:00:00,Sokovia,Clean Water (L),2430.59,5.1,False
2012-07-02T04:00:00,Sokovia,Medical Kits,751.32,3.83,False
2012-07-02T04:00:00,Sanctum Sanctorum,Vibranium (kg),2444.42,4.25,False
2012-07-02T04:00:00,Sanctum Sanctorum,Arc Reactor Cores,729.53,5.1,False
2012-07-02T04:00:00,Sanctum Sanctorum,Pym Particles,737.79,4.68,False
2012-07-02T04:00:00,Sanctum Sanctorum,Clean Water (L),2430.43,5.1,False
2012-07-02T04:00:00,Sanctum Sanctorum,Medical Kits,749.87,3.83,False
2012-07-02T04:00:00,Avengers Compound,Vibranium (kg),2439.69,4.25,False
2012-07-02T04:00:00,Avengers Compound,Arc Reactor Cores,733.32,5.1,False
2012-07-02T04:00:00,Avengers Compound,Pym Particles,738.24,4.68,False
2012-07-02T04:00:00,Avengers Compound,Clean Water (L),2426.15,5.1,False
2012-07-02T04:00:00,Avengers Compound,Medical Kits,751.32,3.83,False
2012-07-02T05:00:00,New Asgard,Vibranium (kg),2442.64,4.61,False
2012-07-02T05:00:00,New Asgard,Arc Reactor Cores,723.89,5.53,False
2012-07-02T05:00:00,New Asgard,Pym Particles,730.83,5.07,False
2012-07-02T05:00:00,New Asgard,Clean Water (L),2423.45,5.53,False
2012-07-02T05:00:00,New Asgard,Medical Kits,751.32,4.15,False
2012-07-02T05:00:00,Wakanda,Vibranium (kg),2438.55,4.61,False
2012-07-02T05:00:00,Wakanda,Arc Reactor Cores,724.01,5.53,False
2012-07-02T05:00:00,Wakanda,Pym Particles,732.97,5.07,False
2012-07-02T05:00:00,Wakanda,Clean Water (L),2426.59,5.53,False
2012-07-02T05:00:00,Wakanda,Medical Kits,750.13,4.15,False
2012-07-02T05:00:00,Sokovia,Vibranium (kg),2442.33,4.61,False
2012-07-02T05:00:00,Sokovia,Arc Reactor Cores,726.3,5.53,False
2012-07-02T05:00:00,Sokovia,Pym Particles,737.73,5.07,False
2012-07-02T05:00:00,Sokovia,Clean Water (L),2428.31,5.53,False
2012-07-02T05:00:00,Sokovia,Medical Kits,749.6,4.15,False
2012-07-02T05:00:00,Sanctum Sanctorum,Vibranium (kg),2442.64,4.61,False
2012-07-02T05:00:00,Sanctum Sanctorum,Arc Reactor Cores,728.82,5.53,False
2012-07-02T05:00:00,Sanctum Sanctorum,Pym Particles,736.95,5.07,False
2012-07-02T05:00:00,Sanctum Sanctorum,Clean Water (L),2429.55,5.53,False
2012-07-02T05:00:00,Sanctum Sanctorum,Medical Kits,749.64,4.15,False
2012-07-02T05:00:00,Avengers Compound,Vibranium (kg),2438.65,4.61,False
2012-07-02T05:00:00,Avengers Compound,Arc Reactor Cores,731.64,5.53,False
2012-07-02T05:00:00,Avengers Compound,Pym Particles,737.96,5.07,False
2012-07-02T05:00:00,Avengers Compound,Clean Water (L),2424.91,5.53,False
2012-07-02T05:00:00,Avengers Compound,Medical Kits,748.87,4.15,False
2012-07-02T06:00:00,New Asgard,Vibranium (kg),2440.04,5.0,False
2012-07-02T06:00:00,New Asgard,Arc Reactor Cores,724.19,6.0,False
2012-07-02T06:00:00,New Asgard,Pym Particles,728.98,5.5,False
2012-07-02T06:00:00,New Asgard,Clean Water (L),2422.95,6.0,False
2012-07-02T06:00:00,New Asgard,Medical Kits,750.61,4.5,False
2012-07-02T06:00:00,Wakanda,Vibranium (kg),2438.42,5.0,False
2012-07-02T06:00:00,Wakanda,Arc Reactor Cores,723.82,6.0,False
2012-07-02T06:00:00,Wakanda,Pym Particles,731.02,5.5,False
2012-07-02T06:00:00,Wakanda,Clean Water (L),2425.25,6.0,False
2012-07-02T06:00:00,Wakanda,Medical Kits,748.09,4.5,False
2012-07-02T06:00:00,Sokovia,Vibranium (kg),2442.8,5.0,False
2012-07-02T06:00:00,Sokovia,Arc Reactor Cores,724.83,6.0,False
2012-07-02T06:00:00,Sokovia,Pym Particles,735.42,5.5,False
2012-07-02T06:00:00,Sokovia,Clean Water (L),2426.67,6.0,False
2012-07-02T06:00:00,Sokovia,Medical Kits,749.16,4.5,False
2012-07-02T06:00:00,Sanctum Sanctorum,Vibranium (kg),2439.94,5.0,False
2012-07-02T06:00:00,Sanctum Sanctorum,Arc Reactor Cores,725.99,6.0,False
2012-07-02T06:00:00,Sanctum Sanctorum,Pym Particles,737.27,5.5,False
2012-07-02T06:00:00,Sanctum Sanctorum,Clean Water (L),2427.72,6.0,False
2012-07-02T06:00:00,Sanctum Sanctorum,Medical Kits,748.89,4.5,False
2012-07-02T06:00:00,Avengers Compound,Vibranium (kg),2438.28,5.0,False
2012-07-02T06:00:00,Avengers Compound,Arc Reactor Cores,730.49,6.0,False
2012-07-02T06:00:00,Avengers Compound,Pym Particles,736.2,5.5,False
2012-07-02T06:00:00,Avengers Compound,Clean Water (L),2423.07,6.0,False
2012-07-02T06:00:00,Avengers Compound,Medical Kits,747.95,4.5,False
2012-07-02T07:00:00,New Asgard,Vibranium (kg),2438.3,5.39,False
2012-07-02T07:00:00,New Asgard,Arc Reactor Cores,722.31,6.47,False
2012-07-02T07:00:00,New Asgard,Pym Particles,727.45,5.93,False
2012-07-02T07:00:00,New Asgard,Clean Water (L),2422.05,6.47,False
2012-07-02T07:00:00,New Asgard,Medical Kits,749.55,4.85,False
2012-07-02T07:00:00,Wakanda,Vibranium (kg),2436.41,5.39,False
2012-07-02T07:00:00,Wakanda,Arc Reactor Cores,722.77,6.47,False
2012-07-02T07:00:00,Wakanda,Pym Particles,729.11,5.93,False
2012-07-02T07:00:00,Wakanda,Clean Water (L),2423.68,6.47,False
2012-07-02T07:00:00,Wakanda,Medical Kits,746.39,4.85,False
2012-07-02T07:00:00,Sokovia,Vibranium (kg),2441.65,5.39,False
2012-07-02T07:00:00,Sokovia,Arc Reactor Cores,723.24,6.47,False
2012-07-02T07:00:00,Sokovia,Pym Particles,731.79,5.93,False
2012-07-02T07:00:00,Sokovia,Clean Water (L),2424.84,6.47,False
2012-07-02T07:00:00,Sokovia,Medical Kits,748.02,4.85,False
2012-07-02T07:00:00,Sanctum Sanctorum,Vibranium (kg),2438.64,5.39,False
2012-07-02T07:00:00,Sanctum Sanctorum,Arc Reactor Cores,723.65,6.47,False
2012-07-02T07:00:00,Sanctum Sanctorum,Pym Particles,734.58,5.93,False
2012-07-02T07:00:00,Sanctum Sanctorum,Clean Water (L),2426.38,6.47,False
2012-07-02T07:00:00,Sanctum Sanctorum,Medical Kits,747.82,4.85,False
2012-07-02T07:00:00,Avengers Compound,Vibranium (kg),2436.8,5.39,False
2012-07-02T07:00:00,Avengers Compound,Arc Reactor Cores,728.34,6.47,False
2012-07-02T07:00:00,Avengers Compound,Pym Particles,734.11,5.93,False
2012-07-02T07:00:00,Avengers Compound,Clean Water (L),2421.52,6.47,False
2012-07-02T07:00:00,Avengers Compound,Medical Kits,746.8,4.85,False
2012-07-02T08:00:00,New Asgard,Vibranium (kg),2436.12,5.75,False
2012-07-02T08:00:00,New Asgard,Arc Reactor Cores,720.56,6.9,False
2012-07-02T08:00:00,New Asgard,Pym Particles,725.86,6.32,False
2012-07-02T08:00:00,New Asgard,Clean Water (L),2421.32,6.9,False
2012-07-02T08:00:00,New Asgard,Medical Kits,747.54,5.17,False
2012-07-02T08:00:00,Wakanda,Vibranium (kg),2434.21,5.75,False
2012-07-02T08:00:00,Wakanda,Arc Reactor Cores,720.39,6.9,False
2012-07-02T08:00:00,Wakanda,Pym Particles,726.61,6.32,False
2012-07-02T08:00:00,Wakanda,Clean Water (L),2420.39,6.9,False
2012-07-02T08:00:00,Wakanda,Medical Kits,744.78,5.17,False
2012-07-02T08:00:00,Sokovia,Vibranium (kg),2439.58,5.75,False
2012-07-02T08:00:00,Sokovia,Arc Reactor Cores,722.58,6.9,False
2012-07-02T08:00:00,Sokovia,Pym Particles,731.12,6.32,False
2012-07-02T08:00:00,Sokovia,Clean Water (L),2422.59,6.9,False
2012-07-02T08:00:00,Sokovia,Medical Kits,746.4,5.17,False
2012-07-02T08:00:00,Sanctum Sanctorum,Vibranium (kg),2436.0,5.75,False
2012-07-02T08:00:00,Sanctum Sanctorum,Arc Reactor Cores,721.36,6.9,False
2012-07-02T08:00:00,Sanctum Sanctorum,Pym Particles,732.14,6.32,False
2012-07-02T08:00:00,Sanctum Sanctorum,Clean Water (L),2423.54,6.9,False
2012-07-02T08:00:00,Sanctum Sanctorum,Medical Kits,745.46,5.17,False
2012-07-02T08:00:00,Avengers Compound,Vibranium (kg),2436.2,5.75,False
2012-07-02T08:00:00,Avengers Compound,Arc Reactor Cores,727.76,6.9,False
2012-07-02T08:00:00,Avengers Compound,Pym Particles,731.37,6.32,False
2012-07-02T08:00:00,Avengers Compound,Clean Water (L),2419.73,6.9,False
2012-07-02T08:00:00,Avengers Compound,Medical Kits,746.44,5.17,False
2012-07-02T09:00:00,New Asgard,Vibranium (kg),2433.73,6.06,False
2012-07-02T09:00:00,New Asgard,Arc Reactor Cores,717.85,7.27,False
2012-07-02T09:00:00,New Asgard,Pym Particles,723.89,6.67,False
2012-07-02T09:00:00,New Asgard,Clean Water (L),2419.07,7.27,False
2012-07-02T09:00:00,New Asgard,Medical Kits,745.57,5.45,False
2012-07-02T09:00:00,Wakanda,Vibranium (kg),2431.73,6.06,False
2012-07-02T09:00:00,Wakanda,Arc Reactor Cores,719.36,7.27,False
2012-07-02T09:00:00,Wakanda,Pym Particles,723.52,6.67,False
2012-07-02T09:00:00,Wakanda,Clean Water (L),2417.25,7.27,False
2012-07-02T09:00:00,Wakanda,Medical Kits,742.25,5.45,False
2012-07-02T09:00:00,Sokovia,Vibranium (kg),2437.12,6.06,False
2012-07-02T09:00:00,Sokovia,Arc Reactor Cores,720.24,7.27,False
2012-07-02T09:00:00,Sokovia,Pym Particles,730.25,6.67,False
2012-07-02T09:00:00,Sokovia,Clean Water (L),2420.29,7.27,False
2012-07-02T09:00:00,Sokovia,Medical Kits,743.88,5.45,False
2012-07-02T09:00:00,Sanctum Sanctorum,Vibranium (kg),2433.97,6.06,False
2012-07-02T09:00:00,Sanctum Sanctorum,Arc Reactor Cores,719.43,7.27,False
2012-07-02T09:00:00,Sanctum Sanctorum,Pym Particles,729.81,6.67,False
2012-07-02T09:00:00,Sanctum Sanctorum,Clean Water (L),2422.61,7.27,False
2012-07-02T09:00:00,Sanctum Sanctorum,Medical Kits,742.37,5.45,False
2012-07-02T09:00:00,Avengers Compound,Vibranium (kg),2433.92,6.06,False
2012-07-02T09:00:00,Avengers Compound,Arc Reactor Cores,723.62,7.27,False
2012-07-02T09:00:00,Avengers Compound,Pym Particles,728.86,6.67,False
2012-07-02T09:00:00,Avengers Compound,Clean Water (L),2418.52,7.27,False
2012-07-02T09:00:00,Avengers Compound,Medical Kits,744.95,5.45,False
2012-07-02T10:00:00,New Asgard,Vibranium (kg),2431.82,6.3,False
2012-07-02T10:00:00,New Asgard,Arc Reactor Cores,716.14,7.56,False
2012-07-02T10:00:00,New Asgard,Pym Particles,722.7,6.93,False
2012-07-02T10:00:00,New Asgard,Clean Water (L),2416.2,7.56,False
2012-07-02T10:00:00,New Asgard,Medical Kits,743.98,5.67,False
2012-07-02T10:00:00,Wakanda,Vibranium (kg),2430.88,6.3,False
2012-07-02T10:00:00,Wakanda,Arc Reactor Cores,717.7,7.56,False
2012-07-02T10:00:00,Wakanda,Pym Particles,721.93,6.93,False
2012-07-02T10:00:00,Wakanda,Clean Water (L),2414.74,7.56,False
2012-07-02T10:00:00,Wakanda,Medical Kits,741.53,5.67,False
2012-07-02T10:00:00,Sokovia,Vibranium (kg),2434.36,6.3,False
2012-07-02T10:00:00,Sokovia,Arc Reactor Cores,716.11,7.56,False
2012-07-02T10:00:00,Sokovia,Pym Particles,728.0,6.93,False
2012-07-02T10:00:00,Sokovia,Clean Water (L),2417.48,7.56,False
2012-07-02T10:00:00,Sokovia,Medical Kits,740.11,5.67,False
2012-07-02T10:00:00,Sanctum Sanctorum,Vibranium (kg),2432.14,6.3,False
2012-07-02T10:00:00,Sanctum Sanctorum,Arc Reactor Cores,716.8,7.56,False
2012-07-02T10:00:00,Sanctum Sanctorum,Pym Particles,727.24,6.93,False
2012-07-02T10:00:00,Sanctum Sanctorum,Clean Water (L),2419.74,7.56,False
2012-07-02T10:00:00,Sanctum Sanctorum,Medical Kits,740.22,5.67,False
2012-07-02T10:00:00,Avengers Compound,Vibranium (kg),2432.81,6.3,False
2012-07-02T10:00:00,Avengers Compound,Arc Reactor Cores,722.46,7.56,False
2012-07-02T10:00:00,Avengers Compound,Pym Particles,725.28,6.93,False
2012-07-02T10:00:00,Avengers Compound,Clean Water (L),2416.18,7.56,False
2012-07-02T10:00:00,Avengers Compound,Medical Kits,744.68,5.67,False
2012-07-02T11:00:00,New Asgard,Vibranium (kg),2430.7,6.45,False
2012-07-02T11:00:00,New Asgard,Arc Reactor Cores,713.34,7.74,False
2012-07-02T11:00:00,New Asgard,Pym Particles,720.67,7.09,False
2012-07-02T11:00:00,New Asgard,Clean Water (L),2412.24,7.74,False
2012-07-02T11:00:00,New Asgard,Medical Kits,741.47,5.8,False
2012-07-02T11:00:00,Wakanda,Vibranium (kg),2428.83,6.45,False
2012-07-02T11:00:00,Wakanda,Arc Reactor Cores,714.8,7.74,False
2012-07-02T11:00:00,Wakanda,Pym Particles,719.02,7.09,False
2012-07-02T11:00:00,Wakanda,Clean Water (L),2412.01,7.74,False
2012-07-02T11:00:00,Wakanda,Medical Kits,740.07,5.8,False
2012-07-02T11:00:00,Sokovia,Vibranium (kg),2432.92,6.45,False
2012-07-02T11:00:00,Sokovia,Arc Reactor Cores,712.97,7.74,False
2012-07-02T11:00:00,Sokovia,Pym Particles,724.66,7.09,False
2012-07-02T11:00:00,Sokovia,Clean Water (L),2415.51,7.74,False
2012-07-02T11:00:00,Sokovia,Medical Kits,737.86,5.8,False
2012-07-02T11:00:00,Sanctum Sanctorum,Vibranium (kg),2430.11,6.45,False
2012-07-02T11:00:00,Sanctum Sanctorum,Arc Reactor Cores,713.73,7.74,False
2012-07-02T11:00:00,Sanctum Sanctorum,Pym Particles,725.87,7.09,False
2012-07-02T11:00:00,Sanctum Sanctorum,Clean Water (L),2416.04,7.74,False
2012-07-02T11:00:00,Sanctum Sanctorum,Medical Kits,738.47,5.8,False
2012-07-02T11:00:00,Avengers Compound,Vibranium (kg),2428.98,6.45,False
2012-07-02T11:00:00,Avengers Compound,Arc Reactor Cores,720.37,7.74,False
2012-07-02T11:00:00,Avengers Compound,Pym Particles,722.36,7.09,False
2012-07-02T11:00:00,Avengers Compound,Clean Water (L),2413.17,7.74,False
2012-07-02T11:00:00,Avengers Compound,Medical Kits,741.76,5.8,False
2012-07-02T12:00:00,New Asgard,Vibranium (kg),2429.58,6.5,False
2012-07-02T12:00:00,New Asgard,Arc Reactor Cores,712.56,7.8,False
2012-07-02T12:00:00,New Asgard,Pym Particles,717.61,7.15,False
2012-07-02T12:00:00,New Asgard,Clean Water (L),2408.21,7.8,False
2012-07-02T12:00:00,New Asgard,Medical Kits,740.23,5.85,False
2012-07-02T12:00:00,Wakanda,Vibranium (kg),2426.53,6.5,False
2012-07-02T12:00:00,Wakanda,Arc Reactor Cores,712.96,7.8,False
2012-07-02T12:00:00,Wakanda,Pym Particles,717.09,7.15,False
2012-07-02T12:00:00,Wakanda,Clean Water (L),2409.53,7.8,False
2012-07-02T12:00:00,Wakanda,Medical Kits,738.67,5.85,False
2012-07-02T12:00:00,Sokovia,Vibranium (kg),2432.69,6.5,False
2012-07-02T12:00:00,Sokovia,Arc Reactor Cores,712.16,7.8,False
2012-07-02T12:00:00,Sokovia,Pym Particles,722.23,7.15,False
2012-07-02T12:00:00,Sokovia,Clean Water (L),2411.53,7.8,False
2012-07-02T12:00:00,Sokovia,Medical Kits,737.55,5.85,False
2012-07-02T12:00:00,Sanctum Sanctorum,Vibranium (kg),2428.2,6.5,False
2012-07-02T12:00:00,Sanctum Sanctorum,Arc Reactor Cores,710.71,7.8,False
2012-07-02T12:00:00,Sanctum Sanctorum,Pym Particles,722.34,7.15,False
2012-07-02T12:00:00,Sanctum Sanctorum,Clean Water (L),2413.13,7.8,False
2012-07-02T12:00:00,Sanctum Sanctorum,Medical Kits,734.91,5.85,False
2012-07-02T12:00:00,Avengers Compound,Vibranium (kg),2428.29,6.5,False
2012-07-02T12:00:00,Avengers Compound,Arc Reactor Cores,716.17,7.8,False
2012-07-02T12:00:00,Avengers Compound,Pym Particles,720.83,7.15,False
2012-07-02T12:00:00,Avengers Compound,Clean Water (L),2411.94,7.8,False
2012-07-02T12:00:00,Avengers Compound,Medical Kits,740.44,5.85,False
2012-07-02T13:00:00,New Asgard,Vibranium (kg),2425.98,6.45,False
2012-07-02T13:00:00,New Asgard,Arc Reactor Cores,709.28,7.74,False
2012-07-02T13:00:00,New Asgard,Pym Particles,715.15,7.09,False
2012-07-02T13:00:00,New Asgard,Clean Water (L),2405.39,7.74,False
2012-07-02T13:00:00,New Asgard,Medical Kits,739.58,5.8,False
2012-07-02T13:00:00,Wakanda,Vibranium (kg),2423.49,6.45,False
2012-07-02T13:00:00,Wakanda,Arc Reactor Cores,711.57,7.74,False
2012-07-02T13:00:00,Wakanda,Pym Particles,715.79,7.09,False
2012-07-02T13:00:00,Wakanda,Clean Water (L),2407.97,7.74,False
2012-07-02T13:00:00,Wakanda,Medical Kits,737.2,5.8,False
2012-07-02T13:00:00,Sokovia,Vibranium (kg),2431.36,6.45,False
2012-07-02T13:00:00,Sokovia,Arc Reactor Cores,710.19,7.74,False
2012-07-02T13:00:00,Sokovia,Pym Particles,720.27,7.09,False
2012-07-02T13:00:00,Sokovia,Clean Water (L),2410.13,7.74,False
2012-07-02T13:00:00,Sokovia,Medical Kits,736.13,5.8,False
2012-07-02T13:00:00,Sanctum Sanctorum,Vibranium (kg),2426.58,6.45,False
2012-07-02T13:00:00,Sanctum Sanctorum,Arc Reactor Cores,707.92,7.74,False
2012-07-02T13:00:00,Sanctum Sanctorum,Pym Particles,719.87,7.09,False
2012-07-02T13:00:00,Sanctum Sanctorum,Clean Water (L),2411.43,7.74,False
2012-07-02T13:00:00,Sanctum Sanctorum,Medical Kits,732.35,5.8,False
2012-07-02T13:00:00,Avengers Compound,Vibranium (kg),2426.83,6.45,False
2012-07-02T13:00:00,Avengers Compound,Arc Reactor Cores,714.55,7.74,False
2012-07-02T13:00:00,Avengers Compound,Pym Particles,720.16,7.09,False
2012-07-02T13:00:00,Avengers Compound,Clean Water (L),2409.84,7.74,False
2012-07-02T13:00:00,Avengers Compound,Medical Kits,740.05,5.8,False
2012-07-02T14:00:00,New Asgard,Vibranium (kg),2424.69,6.3,False
2012-07-02T14:00:00,New Asgard,Arc Reactor Cores,706.13,7.56,False
2012-07-02T14:00:00,New Asgard,Pym Particles,714.2,6.93,False
2012-07-02T14:00:00,New Asgard,Clean Water (L),2403.66,7.56,False
2012-07-02T14:00:00,New Asgard,Medical Kits,738.75,5.67,False
2012-07-02T14:00:00,Wakanda,Vibranium (kg),2421.28,6.3,False
2012-07-02T14:00:00,Wakanda,Arc Reactor Cores,710.1,7.56,False
2012-07-02T14:00:00,Wakanda,Pym Particles,712.36,6.93,False
2012-07-02T14:00:00,Wakanda,Clean Water (L),2406.74,7.56,False
2012-07-02T14:00:00,Wakanda,Medical Kits,736.63,5.67,False
2012-07-02T14:00:00,Sokovia,Vibranium (kg),2428.57,6.3,False
2012-07-02T14:00:00,Sokovia,Arc Reactor Cores,708.81,7.56,False
2012-07-02T14:00:00,Sokovia,Pym Particles,719.19,6.93,False
2012-07-02T14:00:00,Sokovia,Clean Water (L),2407.19,7.56,False
2012-07-02T14:00:00,Sokovia,Medical Kits,734.61,5.67,False
2012-07-02T14:00:00,Sanctum Sanctorum,Vibranium (kg),2424.0,6.3,False
2012-07-02T14:00:00,Sanctum Sanctorum,Arc Reactor Cores,706.02,7.56,False
2012-07-02T14:00:00,Sanctum Sanctorum,Pym Particles,719.09,6.93,False
2012-07-02T14:00:00,Sanctum Sanctorum,Clean Water (L),2408.4,7.56,False
2012-07-02T14:00:00,Sanctum Sanctorum,Medical Kits,731.34,5.67,False
2012-07-02T14:00:00,Avengers Compound,Vibranium (kg),2425.89,6.3,False
2012-07-02T14:00:00,Avengers Compound,Arc Reactor Cores,712.7,7.56,False
2012-07-02T14:00:00,Avengers Compound,Pym Particles,718.07,6.93,False
2012-07-02T14:00:00,Avengers Compound,Clean Water (L),2407.34,7.56,False
2012-07-02T14:00:00,Avengers Compound,Medical Kits,736.64,5.67,False
2012-07-02T15:00:00,New Asgard,Vibranium (kg),2424.28,6.06,False
2012-07-02T15:00:00,New Asgard,Arc Reactor Cores,705.24,7.27,False
2012-07-02T15:00:00,New Asgard,Pym Particles,713.43,6.67,False
2012-07-02T15:00:00,New Asgard,Clean Water (L),2401.92,7.27,False
2012-07-02T15:00:00,New Asgard,Medical Kits,737.75,5.45,False
2012-07-02T15:00:00,Wakanda,Vibranium (kg),2419.58,6.06,False
2012-07-02T15:00:00,Wakanda,Arc Reactor Cores,707.01,7.27,False
2012-07-02T15:00:00,Wakanda,Pym Particles,712.32,6.67,False
2012-07-02T15:00:00,Wakanda,Clean Water (L),2405.66,7.27,False
2012-07-02T15:00:00,Wakanda,Medical Kits,734.77,5.45,False
2012-07-02T15:00:00,Sokovia,Vibranium (kg),2426.14,6.06,False
2012-07-02T15:00:00,Sokovia,Arc Reactor Cores,708.21,7.27,False
2012-07-02T15:00:00,Sokovia,Pym Particles,716.76,6.67,False
2012-07-02T15:00:00,Sokovia,Clean Water (L),2406.5,7.27,False
2012-07-02T15:00:00,Sokovia,Medical Kits,733.43,5.45,False
2012-07-02T15:00:00,Sanctum Sanctorum,Vibranium (kg),2421.16,6.06,False
2012-07-02T15:00:00,Sanctum Sanctorum,Arc Reactor Cores,704.37,7.27,False
2012-07-02T15:00:00,Sanctum Sanctorum,Pym Particles,717.26,6.67,False
2012-07-02T15:00:00,Sanctum Sanctorum,Clean Water (L),2405.46,7.27,False
2012-07-02T15:00:00,Sanctum Sanctorum,Medical Kits,730.82,5.45,False
2012-07-02T15:00:00,Avengers Compound,Vibranium (kg),2423.74,6.06,False
2012-07-02T15:00:00,Avengers Compound,Arc Reactor Cores,709.09,7.27,False
2012-07-02T15:00:00,Avengers Compound,Pym Particles,715.78,6.67,False
2012-07-02T15:00:00,Avengers Compound,Clean Water (L),2407.03,7.27,False
2012-07-02T15:00:00,Avengers Compound,Medical Kits,735.7,5.45,False
2012-07-02T16:00:00,New Asgard,Vibranium (kg),2424.86,5.75,False
2012-07-02T16:00:00,New Asgard,Arc Reactor Cores,703.59,6.9,False
2012-07-02T16:00:00,New Asgard,Pym Particles,711.91,6.32,False
2012-07-02T16:00:00,New Asgard,Clean Water (L),2401.98,6.9,False
2012-07-02T16:00:00,New Asgard,Medical Kits,737.85,5.17,False
2012-07-02T16:00:00,Wakanda,Vibranium (kg),2419.3,5.75,False
2012-07-02T16:00:00,Wakanda,Arc Reactor Cores,705.63,6.9,False
2012-07-02T16:00:00,Wakanda,Pym Particles,711.77,6.32,False
2012-07-02T16:00:00,Wakanda,Clean Water (L),2404.37,6.9,False
2012-07-02T16:00:00,Wakanda,Medical Kits,733.09,5.17,False
2012-07-02T16:00:00,Sokovia,Vibranium (kg),2425.98,5.75,False
2012-07-02T16:00:00,Sokovia,Arc Reactor Cores,707.41,6.9,False
2012-07-02T16:00:00,Sokovia,Pym Particles,716.43,6.32,False
2012-07-02T16:00:00,Sokovia,Clean Water (L),2405.23,6.9,False
2012-07-02T16:00:00,Sokovia,Medical Kits,732.1,5.17,False
2012-07-02T16:00:00,Sanctum Sanctorum,Vibranium (kg),2418.97,5.75,False
2012-07-02T16:00:00,Sanctum Sanctorum,Arc Reactor Cores,703.9,6.9,False
2012-07-02T16:00:00,Sanctum Sanctorum,Pym Particles,716.29,6.32,False
2012-07-02T16:00:00,Sanctum Sanctorum,Clean Water (L),2404.69,6.9,False
2012-07-02T16:00:00,Sanctum Sanctorum,Medical Kits,730.14,5.17,False
2012-07-02T16:00:00,Avengers Compound,Vibranium (kg),2423.87,5.75,False
2012-07-02T16:00:00,Avengers Compound,Arc Reactor Cores,706.58,6.9,False
2012-07-02T16:00:00,Avengers Compound,Pym Particles,715.45,6.32,False
2012-07-02T16:00:00,Avengers Compound,Clean Water (L),2405.6,6.9,False
2012-07-02T16:00:00,Avengers Compound,Medical Kits,735.09,5.17,False
2012-07-02T17:00:00,New Asgard,Vibranium (kg),2425.43,5.39,False
2012-07-02T17:00:00,New Asgard,Arc Reactor Cores,701.55,6.47,False
2012-07-02T17:00:00,New Asgard,Pym Particles,711.37,5.93,False
2012-07-02T17:00:00,New Asgard,Clean Water (L),2400.48,6.47,False
2012-07-02T17:00:00,New Asgard,Medical Kits,738.55,4.85,False
2012-07-02T17:00:00,Wakanda,Vibranium (kg),2419.31,5.39,False
2012-07-02T17:00:00,Wakanda,Arc Reactor Cores,704.5,6.47,False
2012-07-02T17:00:00,Wakanda,Pym Particles,711.26,5.93,False
2012-07-02T17:00:00,Wakanda,Clean Water (L),2402.85,6.47,False
2012-07-02T17:00:00,Wakanda,Medical Kits,731.38,4.85,False
2012-07-02T17:00:00,Sokovia,Vibranium (kg),2423.78,5.39,False
2012-07-02T17:00:00,Sokovia,Arc Reactor Cores,707.27,6.47,False
2012-07-02T17:00:00,Sokovia,Pym Particles,714.67,5.93,False
2012-07-02T17:00:00,Sokovia,Clean Water (L),2404.99,6.47,False
2012-07-02T17:00:00,Sokovia,Medical Kits,731.59,4.85,False
2012-07-02T17:00:00,Sanctum Sanctorum,Vibranium (kg),2417.9,5.39,False
2012-07-02T17:00:00,Sanctum Sanctorum,Arc Reactor Cores,704.32,6.47,False
2012-07-02T17:00:00,Sanctum Sanctorum,Pym Particles,715.74,5.93,False
2012-07-02T17:00:00,Sanctum Sanctorum,Clean Water (L),2403.61,6.47,False
2012-07-02T17:00:00,Sanctum Sanctorum,Medical Kits,728.82,4.85,False
2012-07-02T17:00:00,Avengers Compound,Vibranium (kg),2422.47,5.39,False
2012-07-02T17:00:00,Avengers Compound,Arc Reactor Cores,704.99,6.47,False
2012-07-02T17:00:00,Avengers Compound,Pym Particles,715.98,5.93,False
2012-07-02T17:00:00,Avengers Compound,Clean Water (L),2405.87,6.47,False
2012-07-02T17:00:00,Avengers Compound,Medical Kits,735.71,4.85,False
2012-07-02T18:00:00,New Asgard,Vibranium (kg),2425.69,5.0,False
2012-07-02T18:00:00,New Asgard,Arc Reactor Cores,702.43,6.0,False
2012-07-02T18:00:00,New Asgard,Pym Particles,711.44,5.5,False
2012-07-02T18:00:00,New Asgard,Clean Water (L),2402.1,6.0,False
2012-07-02T18:00:00,New Asgard,Medical Kits,737.96,4.5,False
2012-07-02T18:00:00,Wakanda,Vibranium (kg),2420.51,5.0,False
2012-07-02T18:00:00,Wakanda,Arc Reactor Cores,704.37,6.0,False
2012-07-02T18:00:00,Wakanda,Pym Particles,710.34,5.5,False
2012-07-02T18:00:00,Wakanda,Clean Water (L),2401.83,6.0,False
2012-07-02T18:00:00,Wakanda,Medical Kits,732.02,4.5,False
2012-07-02T18:00:00,Sokovia,Vibranium (kg),2425.38,5.0,False
2012-07-02T18:00:00,Sokovia,Arc Reactor Cores,707.99,6.0,False
2012-07-02T18:00:00,Sokovia,Pym Particles,713.28,5.5,False
2012-07-02T18:00:00,Sokovia,Clean Water (L),2405.49,6.0,False
2012-07-02T18:00:00,Sokovia,Medical Kits,732.87,4.5,False
2012-07-02T18:00:00,Sanctum Sanctorum,Vibranium (kg),2418.67,5.0,False
2012-07-02T18:00:00,Sanctum Sanctorum,Arc Reactor Cores,704.72,6.0,False
2012-07-02T18:00:00,Sanctum Sanctorum,Pym Particles,716.01,5.5,False
2012-07-02T18:00:00,Sanctum Sanctorum,Clean Water (L),2403.95,6.0,False
2012-07-02T18:00:00,Sanctum Sanctorum,Medical Kits,729.49,4.5,False
2012-07-02T18:00:00,Avengers Compound,Vibranium (kg),2421.29,5.0,False
2012-07-02T18:00:00,Avengers Compound,Arc Reactor Cores,705.05,6.0,False
2012-07-02T18:00:00,Avengers Compound,Pym Particles,717.0,5.5,False
2012-07-02T18:00:00,Avengers Compound,Clean Water (L),2405.9,6.0,False
2012-07-02T18:00:00,Avengers Compound,Medical Kits,736.32,4.5,False
2012-07-02T19:00:00,New Asgard,Vibranium (kg),2425.67,4.61,False
2012-07-02T19:00:00,New Asgard,Arc Reactor Cores,703.39,5.53,False
2012-07-02T19:00:00,New Asgard,Pym Particles,712.02,5.07,False
2012-07-02T19:00:00,New Asgard,Clean Water (L),2402.94,5.53,False
2012-07-02T19:00:00,New Asgard,Medical Kits,737.25,4.15,False
2012-07-02T19:00:00,Wakanda,Vibranium (kg),2421.09,4.61,False
2012-07-02T19:00:00,Wakanda,Arc Reactor Cores,704.89,5.53,False
2012-07-02T19:00:00,Wakanda,Pym Particles,710.44,5.07,False
2012-07-02T19:00:00,Wakanda,Clean Water (L),2402.26,5.53,False
2012-07-02T19:00:00,Wakanda,Medical Kits,731.22,4.15,False
2012-07-02T19:00:00,Sokovia,Vibranium (kg),2426.8,4.61,False
2012-07-02T19:00:00,Sokovia,Arc Reactor Cores,708.09,5.53,False
2012-07-02T19:00:00,Sokovia,Pym Particles,712.97,5.07,False
2012-07-02T19:00:00,Sokovia,Clean Water (L),2405.23,5.53,False
2012-07-02T19:00:00,Sokovia,Medical Kits,733.21,4.15,False
2012-07-02T19:00:00,Sanctum Sanctorum,Vibranium (kg),2418.15,4.61,False
2012-07-02T19:00:00,Sanctum Sanctorum,Arc Reactor Cores,705.59,5.53,False
2012-07-02T19:00:00,Sanctum Sanctorum,Pym Particles,715.23,5.07,False
2012-07-02T19:00:00,Sanctum Sanctorum,Clean Water (L),2403.82,5.53,False
2012-07-02T19:00:00,Sanctum Sanctorum,Medical Kits,730.5,4.15,False
2012-07-02T19:00:00,Avengers Compound,Vibranium (kg),2422.94,4.61,False
2012-07-02T19:00:00,Avengers Compound,Arc Reactor Cores,706.28,5.53,False
2012-07-02T19:00:00,Avengers Compound,Pym Particles,718.34,5.07,False
2012-07-02T19:00:00,Avengers Compound,Clean Water (L),2405.61,5.53,False
2012-07-02T19:00:00,Avengers Compound,Medical Kits,736.55,4.15,False
2012-07-02T20:00:00,New Asgard,Vibranium (kg),2426.97,4.25,False
2012-07-02T20:00:00,New Asgard,Arc Reactor Cores,704.5,5.1,False
2012-07-02T20:00:00,New Asgard,Pym Particles,713.28,4.68,False
2012-07-02T20:00:00,New Asgard,Clean Water (L),2404.45,5.1,False
2012-07-02T20:00:00,New Asgard,Medical Kits,736.4,3.83,False
2012-07-02T20:00:00,Wakanda,Vibranium (kg),2420.7,4.25,False
2012-07-02T20:00:00,Wakanda,Arc Reactor Cores,705.62,5.1,False
2012-07-02T20:00:00,Wakanda,Pym Particles,709.75,4.68,False
2012-07-02T20:00:00,Wakanda,Clean Water (L),2401.68,5.1,False
2012-07-02T20:00:00,Wakanda,Medical Kits,733.22,3.83,False
2012-07-02T20:00:00,Sokovia,Vibranium (kg),2425.85,4.25,False
2012-07-02T20:00:00,Sokovia,Arc Reactor Cores,709.8,5.1,False
2012-07-02T20:00:00,Sokovia,Pym Particles,713.96,4.68,False
2012-07-02T20:00:00,Sokovia,Clean Water (L),2406.57,5.1,False
2012-07-02T20:00:00,Sokovia,Medical Kits,734.47,3.83,False
2012-07-02T20:00:00,Sanctum Sanctorum,Vibranium (kg),2418.23,4.25,False
2012-07-02T20:00:00,Sanctum Sanctorum,Arc Reactor Cores,706.27,5.1,False
2012-07-02T20:00:00,Sanctum Sanctorum,Pym Particles,716.06,4.68,False
2012-07-02T20:00:00,Sanctum Sanctorum,Clean Water (L),2403.29,5.1,False
2012-07-02T20:00:00,Sanctum Sanctorum,Medical Kits,731.13,3.83,False
2012-07-02T20:00:00,Avengers Compound,Vibranium (kg),2424.55,4.25,False
2012-07-02T20:00:00,Avengers Compound,Arc Reactor Cores,707.22,5.1,False
2012-07-02T20:00:00,Avengers Compound,Pym Particles,719.5,4.68,False
2012-07-02T20:00:00,Avengers Compound,Clean Water (L),2406.31,5.1,False
2012-07-02T20:00:00,Avengers Compound,Medical Kits,737.3,3.83,False
2012-07-02T21:00:00,New Asgard,Vibranium (kg),2428.02,3.94,False
2012-07-02T21:00:00,New Asgard,Arc Reactor Cores,704.53,4.73,False
2012-07-02T21:00:00,New Asgard,Pym Particles,714.35,4.33,False
2012-07-02T21:00:00,New Asgard,Clean Water (L),2406.67,4.73,False
2012-07-02T21:00:00,New Asgard,Medical Kits,736.15,3.55,False
2012-07-02T21:00:00,Wakanda,Vibranium (kg),2423.63,3.94,False
2012-07-02T21:00:00,Wakanda,Arc Reactor Cores,706.43,4.73,False
2012-07-02T21:00:00,Wakanda,Pym Particles,711.17,4.33,False
2012-07-02T21:00:00,Wakanda,Clean Water (L),2402.45,4.73,False
2012-07-02T21:00:00,Wakanda,Medical Kits,733.29,3.55,False
2012-07-02T21:00:00,Sokovia,Vibranium (kg),2426.24,3.94,False
2012-07-02T21:00:00,Sokovia,Arc Reactor Cores,709.89,4.73,False
2012-07-02T21:00:00,Sokovia,Pym Particles,713.59,4.33,False
2012-07-02T21:00:00,Sokovia,Clean Water (L),2408.09,4.73,False
2012-07-02T21:00:00,Sokovia,Medical Kits,734.13,3.55,False
2012-07-02T21:00:00,Sanctum Sanctorum,Vibranium (kg),2420.91,3.94,False
2012-07-02T21:00:00,Sanctum Sanctorum,Arc Reactor Cores,705.52,4.73,False
2012-07-02T21:00:00,Sanctum Sanctorum,Pym Particles,717.15,4.33,False
2012-07-02T21:00:00,Sanctum Sanctorum,Clean Water (L),2405.04,4.73,False
2012-07-02T21:00:00,Sanctum Sanctorum,Medical Kits,732.34,3.55,False
2012-07-02T21:00:00,Avengers Compound,Vibranium (kg),2425.72,3.94,False
2012-07-02T21:00:00,Avengers Compound,Arc Reactor Cores,707.15,4.73,False
2012-07-02T21:00:00,Avengers Compound,Pym Particles,719.53,4.33,False
2012-07-02T21:00:00,Avengers Compound,Clean Water (L),2406.15,4.73,False
2012-07-02T21:00:00,Avengers Compound,Medical Kits,737.66,3.55,False
2012-07-02T22:00:00,New Asgard,Vibranium (kg),2429.28,3.7,False
2012-07-02T22:00:00,New Asgard,Arc Reactor Cores,705.03,4.44,False
2012-07-02T22:00:00,New Asgard,Pym Particles,715.52,4.07,False
2012-07-02T22:00:00,New Asgard,Clean Water (L),2408.04,4.44,False
2012-07-02T22:00:00,New Asgard,Medical Kits,737.86,3.33,False
2012-07-02T22:00:00,Wakanda,Vibranium (kg),2425.0,3.7,False
2012-07-02T22:00:00,Wakanda,Arc Reactor Cores,707.34,4.44,False
2012-07-02T22:00:00,Wakanda,Pym Particles,713.11,4.07,False
2012-07-02T22:00:00,Wakanda,Clean Water (L),2404.45,4.44,False
2012-07-02T22:00:00,Wakanda,Medical Kits,733.33,3.33,False
2012-07-02T22:00:00,Sokovia,Vibranium (kg),2426.19,3.7,False
2012-07-02T22:00:00,Sokovia,Arc Reactor Cores,711.83,4.44,False
2012-07-02T22:00:00,Sokovia,Pym Particles,714.31,4.07,False
2012-07-02T22:00:00,Sokovia,Clean Water (L),2408.18,4.44,False
2012-07-02T22:00:00,Sokovia,Medical Kits,734.89,3.33,False
2012-07-02T22:00:00,Sanctum Sanctorum,Vibranium (kg),2421.02,3.7,False
2012-07-02T22:00:00,Sanctum Sanctorum,Arc Reactor Cores,707.29,4.44,False
2012-07-02T22:00:00,Sanctum Sanctorum,Pym Particles,718.77,4.07,False
2012-07-02T22:00:00,Sanctum Sanctorum,Clean Water (L),2406.04,4.44,False
2012-07-02T22:00:00,Sanctum Sanctorum,Medical Kits,733.72,3.33,False
2012-07-02T22:00:00,Avengers Compound,Vibranium (kg),2427.21,3.7,False
2012-07-02T22:00:00,Avengers Compound,Arc Reactor Cores,707.58,4.44,False
2012-07-02T22:00:00,Avengers Compound,Pym Particles,720.54,4.07,False
2012-07-02T22:00:00,Avengers Compound,Clean Water (L),2408.89,4.44,False
2012-07-02T22:00:00,Avengers Compound,Medical Kits,737.1,3.33,False
2012-07-02T23:00:00,New Asgard,Vibranium (kg),2429.75,3.55,False
2012-07-02T23:00:00,New Asgard,Arc Reactor Cores,706.99,4.26,False
2012-07-02T23:00:00,New Asgard,Pym Particles,715.1,3.91,False
2012-07-02T23:00:00,New Asgard,Clean Water (L),2409.12,4.26,False
2012-07-02T23:00:00,New Asgard,Medical Kits,737.63,3.2,False
2012-07-02T23:00:00,Wakanda,Vibranium (kg),2427.22,3.55,False
2012-07-02T23:00:00,Wakanda,Arc Reactor Cores,708.64,4.26,False
2012-07-02T23:00:00,Wakanda,Pym Particles,715.88,3.91,False
2012-07-02T23:00:00,Wakanda,Clean Water (L),2405.22,4.26,False
2012-07-02T23:00:00,Wakanda,Medical Kits,736.06,3.2,False
2012-07-02T23:00:00,Sokovia,Vibranium (kg),2427.4,3.55,False
2012-07-02T23:00:00,Sokovia,Arc Reactor Cores,712.0,4.26,False
2012-07-02T23:00:00,Sokovia,Pym Particles,716.22,3.91,False
2012-07-02T23:00:00,Sokovia,Clean Water (L),2409.23,4.26,False
2012-07-02T23:00:00,Sokovia,Medical Kits,737.0,3.2,False
2012-07-02T23:00:00,Sanctum Sanctorum,Vibranium (kg),2423.57,3.55,False
2012-07-02T23:00:00,Sanctum Sanctorum,Arc Reactor Cores,708.26,4.26,False
2012-07-02T23:00:00,Sanctum Sanctorum,Pym Particles,720.54,3.91,False
2012-07-02T23:00:00,Sanctum Sanctorum,Clean Water (L),2407.62,4.26,False
2012-07-02T23:00:00,Sanctum Sanctorum,Medical Kits,734.4,3.2,False
2012-07-02T23:00:00,Avengers Compound,Vibranium (kg),2428.12,3.55,False
2012-07-02T23:00:00,Avengers Compound,Arc Reactor Cores,707.97,4.26,False
2012-07-02T23:00:00,Avengers Compound,Pym Particles,719.97,3.91,False
2012-07-02T23:00:00,Avengers Compound,Clean Water (L),2411.76,4.26,False
2012-07-02T23:00:00,Avengers Compound,Medical Kits,737.95,3.2,False
2012-07-03T00:00:00,New Asgard,Vibranium (kg),2429.83,3.5,False
2012-07-03T00:00:00,New Asgard,Arc Reactor Cores,707.04,4.2,False
2012-07-03T00:00:00,New Asgard,Pym Particles,715.83,3.85,False
2012-07-03T00:00:00,New Asgard,Clean Water (L),2411.24,4.2,False
2012-07-03T00:00:00,New Asgard,Medical Kits,737.59,3.15,False
2012-07-03T00:00:00,Wakanda,Vibranium (kg),2428.47,3.5,False
2012-07-03T00:00:00,Wakanda,Arc Reactor Cores,708.63,4.2,False
2012-07-03T00:00:00,Wakanda,Pym Particles,717.52,3.85,False
2012-07-03T00:00:00,Wakanda,Clean Water (L),2406.96,4.2,False
2012-07-03T00:00:00,Wakanda,Medical Kits,735.58,3.15,False
2012-07-03T00:00:00,Sokovia,Vibranium (kg),2427.56,3.5,False
2012-07-03T00:00:00,Sokovia,Arc Reactor Cores,713.41,4.2,False
2012-07-03T00:00:00,Sokovia,Pym Particles,717.56,3.85,False
2012-07-03T00:00:00,Sokovia,Clean Water (L),2410.5,4.2,False
2012-07-03T00:00:00,Sokovia,Medical Kits,739.33,3.15,False
2012-07-03T00:00:00,Sanctum Sanctorum,Vibranium (kg),2425.44,3.5,False
2012-07-03T00:00:00,Sanctum Sanctorum,Arc Reactor Cores,709.91,4.2,False
2012-07-03T00:00:00,Sanctum Sanctorum,Pym Particles,720.27,3.85,False
2012-07-03T00:00:00,Sanctum Sanctorum,Clean Water (L),2410.09,4.2,False
2012-07-03T00:00:00,Sanctum Sanctorum,Medical Kits,735.5,3.15,False
2012-07-03T00:00:00,Avengers Compound,Vibranium (kg),2430.05,3.5,False
2012-07-03T00:00:00,Avengers Compound,Arc Reactor Cores,710.5,4.2,False
2012-07-03T00:00:00,Avengers Compound,Pym Particles,720.37,3.85,False
2012-07-03T00:00:00,Avengers Compound,Clean Water (L),2412.61,4.2,False
2012-07-03T00:00:00,Avengers Compound,Medical Kits,740.49,3.15,False
2012-07-03T01:00:00,New Asgard,Vibranium (kg),2431.5,3.55,False
2012-07-03T01:00:00,New Asgard,Arc Reactor Cores,710.27,4.26,False
2012-07-03T01:00:00,New Asgard,Pym Particles,716.01,3.91,False
2012-07-03T01:00:00,New Asgard,Clean Water (L),2412.95,4.26,False
2012-07-03T01:00:00,New Asgard,Medical Kits,739.07,3.2,False
2012-07-03T01:00:00,Wakanda,Vibranium (kg),2429.89,3.55,False
2012-07-03T01:00:00,Wakanda,Arc Reactor Cores,709.06,4.26,False
2012-07-03T01:00:00,Wakanda,Pym Particles,718.58,3.91,False
2012-07-03T01:00:00,Wakanda,Clean Water (L),2407.49,4.26,False
2012-07-03T01:00:00,Wakanda,Medical Kits,735.27,3.2,False
2012-07-03T01:00:00,Sokovia,Vibranium (kg),2429.45,3.55,False
2012-07-03T01:00:00,Sokovia,Arc Reactor Cores,714.44,4.26,False
2012-07-03T01:00:00,Sokovia,Pym Particles,718.81,3.91,False
2012-07-03T01:00:00,Sokovia,Clean Water (L),2412.4,4.26,False
2012-07-03T01:00:00,Sokovia,Medical Kits,740.75,3.2,False
2012-07-03T01:00:00,Sanctum Sanctorum,Vibranium (kg),2427.86,3.55,False
2012-07-03T01:00:00,Sanctum Sanctorum,Arc Reactor Cores,710.47,4.26,False
2012-07-03T01:00:00,Sanctum Sanctorum,Pym Particles,722.18,3.91,False
2012-07-03T01:00:00,Sanctum Sanctorum,Clean Water (L),2410.14,4.26,False
2012-07-03T01:00:00,Sanctum Sanctorum,Medical Kits,736.56,3.2,False
2012-07-03T01:00:00,Avengers Compound,Vibranium (kg),2430.22,3.55,False
2012-07-03T01:00:00,Avengers Compound,Arc Reactor Cores,711.53,4.26,False
2012-07-03T01:00:00,Avengers Compound,Pym Particles,721.68,3.91,False
2012-07-03T01:00:00,Avengers Compound,Clean Water (L),2413.99,4.26,False
2012-07-03T01:00:00,Avengers Compound,Medical Kits,740.62,3.2,False
2012-07-03T02:00:00,New Asgard,Vibranium (kg),2433.26,3.7,False
2012-07-03T02:00:00,New Asgard,Arc Reactor Cores,709.76,4.44,False
2012-07-03T02:00:00,New Asgard,Pym Particles,718.14,4.07,False
2012-07-03T02:00:00,New Asgard,Clean Water (L),2413.53,4.44,False
2012-07-03T02:00:00,New Asgard,Medical Kits,739.65,3.33,False
2012-07-03T02:00:00,Wakanda,Vibranium (kg),2430.62,3.7,False
2012-07-03T02:00:00,Wakanda,Arc Reactor Cores,710.78,4.44,False
2012-07-03T02:00:00,Wakanda,Pym Particles,720.43,4.07,False
2012-07-03T02:00:00,Wakanda,Clean Water (L),2408.52,4.44,False
2012-07-03T02:00:00,Wakanda,Medical Kits,735.22,3.33,False
2012-07-03T02:00:00,Sokovia,Vibranium (kg),2430.3,3.7,False
2012-07-03T02:00:00,Sokovia,Arc Reactor Cores,715.06,4.44,False
2012-07-03T02:00:00,Sokovia,Pym Particles,718.7,4.07,False
2012-07-03T02:00:00,Sokovia,Clean Water (L),2413.03,4.44,False
2012-07-03T02:00:00,Sokovia,Medical Kits,742.1,3.33,False
2012-07-03T02:00:00,Sanctum Sanctorum,Vibranium (kg),2430.44,3.7,False
2012-07-03T02:00:00,Sanctum Sanctorum,Arc Reactor Cores,711.18,4.44,False
2012-07-03T02:00:00,Sanctum Sanctorum,Pym Particles,723.07,4.07,False
2012-07-03T02:00:00,Sanctum Sanctorum,Clean Water (L),2409.94,4.44,False
2012-07-03T02:00:00,Sanctum Sanctorum,Medical Kits,738.45,3.33,False
2012-07-03T02:00:00,Avengers Compound,Vibranium (kg),2430.39,3.7,False
2012-07-03T02:00:00,Avengers Compound,Arc Reactor Cores,712.51,4.44,False
2012-07-03T02:00:00,Avengers Compound,Pym Particles,722.96,4.07,False
2012-07-03T02:00:00,Avengers Compound,Clean Water (L),2414.28,4.44,False
2012-07-03T02:00:00,Avengers Compound,Medical Kits,741.92,3.33,False
2012-07-03T03:00:00,New Asgard,Vibranium (kg),2433.94,3.94,False
2012-07-03T03:00:00,New Asgard,Arc Reactor Cores,710.54,4.73,False
2012-07-03T03:00:00,New Asgard,Pym Particles,719.23,4.33,False
2012-07-03T03:00:00,New Asgard,Clean Water (L),2414.3,4.73,False
2012-07-03T03:00:00,New Asgard,Medical Kits,740.87,3.55,False
2012-07-03T03:00:00,Wakanda,Vibranium (kg),2430.6,3.94,False
2012-07-03T03:00:00,Wakanda,Arc Reactor Cores,711.94,4.73,False
2012-07-03T03:00:00,Wakanda,Pym Particles,720.04,4.33,False
2012-07-03T03:00:00,Wakanda,Clean Water (L),2409.11,4.73,False
2012-07-03T03:00:00,Wakanda,Medical Kits,737.43,3.55,False
2012-07-03T03:00:00,Sokovia,Vibranium (kg),2429.9,3.94,False
2012-07-03T03:00:00,Sokovia,Arc Reactor Cores,715.23,4.73,False
2012-07-03T03:00:00,Sokovia,Pym Particles,718.54,4.33,False
2012-07-03T03:00:00,Sokovia,Clean Water (L),2413.69,4.73,False
2012-07-03T03:00:00,Sokovia,Medical Kits,741.39,3.55,False
2012-07-03T03:00:00,Sanctum Sanctorum,Vibranium (kg),2429.87,3.94,False
2012-07-03T03:00:00,Sanctum Sanctorum,Arc Reactor Cores,710.36,4.73,False
2012-07-03T03:00:00,Sanctum Sanctorum,Pym Particles,723.14,4.33,False
2012-07-03T03:00:00,Sanctum Sanctorum,Clean Water (L),2410.68,4.73,False
2012-07-03T03:00:00,Sanctum Sanctorum,Medical Kits,737.38,3.55,False
2012-07-03T03:00:00,Avengers Compound,Vibranium (kg),2431.21,3.94,False
2012-07-03T03:00:00,Avengers Compound,Arc Reactor Cores,714.14,4.73,False
2012-07-03T03:00:00,Avengers Compound,Pym Particles,722.25,4.33,False
2012-07-03T03:00:00,Avengers Compound,Clean Water (L),2414.86,4.73,False
2012-07-03T03:00:00,Avengers Compound,Medical Kits,741.85,3.55,False
2012-07-03T04:00:00,New Asgard,Vibranium (kg),2433.4,4.25,False
2012-07-03T04:00:00,New Asgard,Arc Reactor Cores,712.16,5.1,False
2012-07-03T04:00:00,New Asgard,Pym Particles,718.8,4.68,False
2012-07-03T04:00:00,New Asgard,Clean Water (L),2413.78,5.1,False
2012-07-03T04:00:00,New Asgard,Medical Kits,741.81,3.83,False
2012-07-03T04:00:00,Wakanda,Vibranium (kg),2430.56,4.25,False
2012-07-03T04:00:00,Wakanda,Arc Reactor Cores,712.04,5.1,False
2012-07-03T04:00:00,Wakanda,Pym Particles,720.06,4.68,False
2012-07-03T04:00:00,Wakanda,Clean Water (L),2410.38,5.1,False
2012-07-03T04:00:00,Wakanda,Medical Kits,737.96,3.83,False
2012-07-03T04:00:00,Sokovia,Vibranium (kg),2428.72,4.25,False
2012-07-03T04:00:00,Sokovia,Arc Reactor Cores,714.79,5.1,False
2012-07-03T04:00:00,Sokovia,Pym Particles,720.05,4.68,False
2012-07-03T04:00:00,Sokovia,Clean Water (L),2413.79,5.1,False
2012-07-03T04:00:00,Sokovia,Medical Kits,741.46,3.83,False
2012-07-03T04:00:00,Sanctum Sanctorum,Vibranium (kg),2430.07,4.25,False
2012-07-03T04:00:00,Sanctum Sanctorum,Arc Reactor Cores,710.84,5.1,False
2012-07-03T04:00:00,Sanctum Sanctorum,Pym Particles,724.65,4.68,False
2012-07-03T04:00:00,Sanctum Sanctorum,Clean Water (L),2410.67,5.1,False
2012-07-03T04:00:00,Sanctum Sanctorum,Medical Kits,737.09,3.83,False
2012-07-03T04:00:00,Avengers Compound,Vibranium (kg),2432.32,4.25,False
2012-07-03T04:00:00,Avengers Compound,Arc Reactor Cores,714.38,5.1,False
2012-07-03T04:00:00,Avengers Compound,Pym Particles,721.61,4.68,False
2012-07-03T04:00:00,Avengers Compound,Clean Water (L),2413.31,5.1,False
2012-07-03T04:00:00,Avengers Compound,Medical Kits,741.31,3.83,False
2012-07-03T05:00:00,New Asgard,Vibranium (kg),2433.38,4.61,False
2012-07-03T05:00:00,New Asgard,Arc Reactor Cores,713.36,5.53,False
2012-07-03T05:00:00,New Asgard,Pym Particles,720.4,5.07,False
2012-07-03T05:00:00,New Asgard,Clean Water (L),2413.4,5.53,False
2012-07-03T05:00:00,New Asgard,Medical Kits,742.8,4.15,False
2012-07-03T05:00:00,Wakanda,Vibranium (kg),2429.72,4.61,False
2012-07-03T05:00:00,Wakanda,Arc Reactor Cores,711.98,5.53,False
2012-07-03T05:00:00,Wakanda,Pym Particles,720.68,5.07,False
2012-07-03T05:00:00,Wakanda,Clean Water (L),2410.52,5.53,False
2012-07-03T05:00:00,Wakanda,Medical Kits,737.37,4.15,False
2012-07-03T05:00:00,Sokovia,Vibranium (kg),2428.89,4.61,False
2012-07-03T05:00:00,Sokovia,Arc Reactor Cores,714.67,5.53,False
2012-07-03T05:00:00,Sokovia,Pym Particles,720.16,5.07,False
2012-07-03T05:00:00,Sokovia,Clean Water (L),2413.79,5.53,False
2012-07-03T05:00:00,Sokovia,Medical Kits,740.75,4.15,False
2012-07-03T05:00:00,Sanctum Sanctorum,Vibranium (kg),2430.72,4.61,False
2012-07-03T05:00:00,Sanctum Sanctorum,Arc Reactor Cores,710.75,5.53,False
2012-07-03T05:00:00,Sanctum Sanctorum,Pym Particles,724.99,5.07,False
2012-07-03T05:00:00,Sanctum Sanctorum,Clean Water (L),2412.25,5.53,False
2012-07-03T05:00:00,Sanctum Sanctorum,Medical Kits,738.03,4.15,False
2012-07-03T05:00:00,Avengers Compound,Vibranium (kg),2432.59,4.61,False
2012-07-03T05:00:00,Avengers Compound,Arc Reactor Cores,712.99,5.53,False
2012-07-03T05:00:00,Avengers Compound,Pym Particles,721.19,5.07,False
2012-07-03T05:00:00,Avengers Compound,Clean Water (L),2413.1,5.53,False
2012-07-03T05:00:00,Avengers Compound,Medical Kits,741.3,4.15,False
2012-07-03T06:00:00,New Asgard,Vibranium (kg),2431.06,5.0,False
2012-07-03T06:00:00,New Asgard,Arc Reactor Cores,713.31,6.0,False
2012-07-03T06:00:00,New Asgard,Pym Particles,720.36,5.5,False
2012-07-03T06:00:00,New Asgard,Clean Water (L),2413.02,6.0,False
2012-07-03T06:00:00,New Asgard,Medical Kits,741.41,4.5,False
2012-07-03T06:00:00,Wakanda,Vibranium (kg),2429.05,5.0,False
2012-07-03T06:00:00,Wakanda,Arc Reactor Cores,710.69,6.0,False
2012-07-03T06:00:00,Wakanda,Pym Particles,721.2,5.5,False
2012-07-03T06:00:00,Wakanda,Clean Water (L),2410.39,6.0,False
2012-07-03T06:00:00,Wakanda,Medical Kits,737.39,4.5,False
2012-07-03T06:00:00,Sokovia,Vibranium (kg),2428.2,5.0,False
2012-07-03T06:00:00,Sokovia,Arc Reactor Cores,714.88,6.0,False
2012-07-03T06:00:00,Sokovia,Pym Particles,718.71,5.5,False
2012-07-03T06:00:00,Sokovia,Clean Water (L),2412.62,6.0,False
2012-07-03T06:00:00,Sokovia,Medical Kits,739.83,4.5,False
2012-07-03T06:00:00,Sanctum Sanctorum,Vibranium (kg),2428.91,5.0,False
2012-07-03T06:00:00,Sanctum Sanctorum,Arc Reactor Cores,709.32,6.0,False
2012-07-03T06:00:00,Sanctum Sanctorum,Pym Particles,723.97,5.5,False
2012-07-03T06:00:00,Sanctum Sanctorum,Clean Water (L),2413.02,6.0,False
2012-07-03T06:00:00,Sanctum Sanctorum,Medical Kits,737.16,4.5,False
2012-07-03T06:00:00,Avengers Compound,Vibranium (kg),2430.81,5.0,False
2012-07-03T06:00:00,Avengers Compound,Arc Reactor Cores,711.14,6.0,False
2012-07-03T06:00:00,Avengers Compound,Pym Particles,719.41,5.5,False
2012-07-03T06:00:00,Avengers Compound,Clean Water (L),2412.15,6.0,False
2012-07-03T06:00:00,Avengers Compound,Medical Kits,741.18,4.5,False
2012-07-03T07:00:00,New Asgard,Vibranium (kg),2429.79,5.39,False
2012-07-03T07:00:00,New Asgard,Arc Reactor Cores,712.68,6.47,False
2012-07-03T07:00:00,New Asgard,Pym Particles,719.69,5.93,False
2012-07-03T07:00:00,New Asgard,Clean Water (L),2411.79,6.47,False
2012-07-03T07:00:00,New Asgard,Medical Kits,740.76,4.85,False
2012-07-03T07:00:00,Wakanda,Vibranium (kg),2429.53,5.39,False
2012-07-03T07:00:00,Wakanda,Arc Reactor Cores,708.86,6.47,False
2012-07-03T07:00:00,Wakanda,Pym Particles,720.09,5.93,False
2012-07-03T07:00:00,Wakanda,Clean Water (L),2409.88,6.47,False
2012-07-03T07:00:00,Wakanda,Medical Kits,737.28,4.85,False
2012-07-03T07:00:00,Sokovia,Vibranium (kg),2426.16,5.39,False
2012-07-03T07:00:00,Sokovia,Arc Reactor Cores,712.66,6.47,False
2012-07-03T07:00:00,Sokovia,Pym Particles,718.44,5.93,False
2012-07-03T07:00:00,Sokovia,Clean Water (L),2412.44,6.47,False
2012-07-03T07:00:00,Sokovia,Medical Kits,740.28,4.85,False
2012-07-03T07:00:00,Sanctum Sanctorum,Vibranium (kg),2427.92,5.39,False
2012-07-03T07:00:00,Sanctum Sanctorum,Arc Reactor Cores,708.51,6.47,False
2012-07-03T07:00:00,Sanctum Sanctorum,Pym Particles,723.03,5.93,False
2012-07-03T07:00:00,Sanctum Sanctorum,Clean Water (L),2412.26,6.47,False
2012-07-03T07:00:00,Sanctum Sanctorum,Medical Kits,736.52,4.85,False
2012-07-03T07:00:00,Avengers Compound,Vibranium (kg),2431.28,5.39,False
2012-07-03T07:00:00,Avengers Compound,Arc Reactor Cores,710.63,6.47,False
2012-07-03T07:00:00,Avengers Compound,Pym Particles,717.69,5.93,False
2012-07-03T07:00:00,Avengers Compound,Clean Water (L),2409.56,6.47,False
2012-07-03T07:00:00,Avengers Compound,Medical Kits,740.14,4.85,False
2012-07-03T08:00:00,New Asgard,Vibranium (kg),2428.87,5.75,False
2012-07-03T08:00:00,New Asgard,Arc Reactor Cores,711.43,6.9,False
2012-07-03T08:00:00,New Asgard,Pym Particles,717.77,6.32,False
2012-07-03T08:00:00,New Asgard,Clean Water (L),2409.87,6.9,False
2012-07-03T08:00:00,New Asgard,Medical Kits,738.94,5.17,False
2012-07-03T08:00:00,Wakanda,Vibranium (kg),2428.47,5.75,False
2012-07-03T08:00:00,Wakanda,Arc Reactor Cores,707.55,6.9,False
2012-07-03T08:00:00,Wakanda,Pym Particles,719.33,6.32,False
2012-07-03T08:00:00,Wakanda,Clean Water (L),2408.47,6.9,False
2012-07-03T08:00:00,Wakanda,Medical Kits,736.61,5.17,False
2012-07-03T08:00:00,Sokovia,Vibranium (kg),2424.87,5.75,False
2012-07-03T08:00:00,Sokovia,Arc Reactor Cores,711.66,6.9,False
2012-07-03T08:00:00,Sokovia,Pym Particles,718.07,6.32,False
2012-07-03T08:00:00,Sokovia,Clean Water (L),2411.07,6.9,False
2012-07-03T08:00:00,Sokovia,Medical Kits,737.61,5.17,False
2012-07-03T08:00:00,Sanctum Sanctorum,Vibranium (kg),2427.89,5.75,False
2012-07-03T08:00:00,Sanctum Sanctorum,Arc Reactor Cores,706.5,6.9,False
2012-07-03T08:00:00,Sanctum Sanctorum,Pym Particles,720.62,6.32,False
2012-07-03T08:00:00,Sanctum Sanctorum,Clean Water (L),2411.73,6.9,False
2012-07-03T08:00:00,Sanctum Sanctorum,Medical Kits,735.39,5.17,False
2012-07-03T08:00:00,Avengers Compound,Vibranium (kg),2430.03,5.75,False
2012-07-03T08:00:00,Avengers Compound,Arc Reactor Cores,708.87,6.9,False
2012-07-03T08:00:00,Avengers Compound,Pym Particles,715.1,6.32,False
2012-07-03T08:00:00,Avengers Compound,Clean Water (L),2408.37,6.9,False
2012-07-03T08:00:00,Avengers Compound,Medical Kits,738.22,5.17,False
2012-07-03T09:00:00,New Asgard,Vibranium (kg),2427.13,6.06,False
2012-07-03T09:00:00,New Asgard,Arc Reactor Cores,710.0,7.27,False
2012-07-03T09:00:00,New Asgard,Pym Particles,715.29,6.67,False
2012-07-03T09:00:00,New Asgard,Clean Water (L),2408.57,7.27,False
2012-07-03T09:00:00,New Asgard,Medical Kits,736.3,5.45,False
2012-07-03T09:00:00,Wakanda,Vibranium (kg),2428.17,6.06,False
2012-07-03T09:00:00,Wakanda,Arc Reactor Cores,704.5,7.27,False
2012-07-03T09:00:00,Wakanda,Pym Particles,717.71,6.67,False
2012-07-03T09:00:00,Wakanda,Clean Water (L),2406.82,7.27,False
2012-07-03T09:00:00,Wakanda,Medical Kits,735.17,5.45,False
2012-07-03T09:00:00,Sokovia,Vibranium (kg),2423.26,6.06,False
2012-07-03T09:00:00,Sokovia,Arc Reactor Cores,709.3,7.27,False
2012-07-03T09:00:00,Sokovia,Pym Particles,717.0,6.67,False
2012-07-03T09:00:00,Sokovia,Clean Water (L),2408.01,7.27,False
2012-07-03T09:00:00,Sokovia,Medical Kits,736.96,5.45,False
2012-07-03T09:00:00,Sanctum Sanctorum,Vibranium (kg),2426.57,6.06,False
2012-07-03T09:00:00,Sanctum Sanctorum,Arc Reactor Cores,704.23,7.27,False
2012-07-03T09:00:00,Sanctum Sanctorum,Pym Particles,718.64,6.67,False
2012-07-03T09:00:00,Sanctum Sanctorum,Clean Water (L),2409.67,7.27,False
2012-07-03T09:00:00,Sanctum Sanctorum,Medical Kits,732.81,5.45,False
2012-07-03T09:00:00,Avengers Compound,Vibranium (kg),2429.12,6.06,False
2012-07-03T09:00:00,Avengers Compound,Arc Reactor Cores,706.17,7.27,False
2012-07-03T09:00:00,Avengers Compound,Pym Particles,714.37,6.67,False
2012-07-03T09:00:00,Avengers Compound,Clean Water (L),2405.48,7.27,False
2012-07-03T09:00:00,Avengers Compound,Medical Kits,736.05,5.45,False
2012-07-03T10:00:00,New Asgard,Vibranium (kg),2424.92,6.3,False
2012-07-03T10:00:00,New Asgard,Arc Reactor Cores,707.55,7.56,False
2012-07-03T10:00:00,New Asgard,Pym Particles,712.7,6.93,False
2012-07-03T10:00:00,New Asgard,Clean Water (L),2405.73,7.56,False
2012-07-03T10:00:00,New Asgard,Medical Kits,733.47,5.67,False
2012-07-03T10:00:00,Wakanda,Vibranium (kg),2426.4,6.3,False
2012-07-03T10:00:00,Wakanda,Arc Reactor Cores,703.38,7.56,False
2012-07-03T10:00:00,Wakanda,Pym Particles,716.22,6.93,False
2012-07-03T10:00:00,Wakanda,Clean Water (L),2404.9,7.56,False
2012-07-03T10:00:00,Wakanda,Medical Kits,734.4,5.67,False
2012-07-03T10:00:00,Sokovia,Vibranium (kg),2422.11,6.3,False
2012-07-03T10:00:00,Sokovia,Arc Reactor Cores,706.7,7.56,False
2012-07-03T10:00:00,Sokovia,Pym Particles,715.12,6.93,False
2012-07-03T10:00:00,Sokovia,Clean Water (L),2407.16,7.56,False
2012-07-03T10:00:00,Sokovia,Medical Kits,735.31,5.67,False
2012-07-03T10:00:00,Sanctum Sanctorum,Vibranium (kg),2424.59,6.3,False
2012-07-03T10:00:00,Sanctum Sanctorum,Arc Reactor Cores,702.72,7.56,False
2012-07-03T10:00:00,Sanctum Sanctorum,Pym Particles,717.36,6.93,False
2012-07-03T10:00:00,Sanctum Sanctorum,Clean Water (L),2406.74,7.56,False
2012-07-03T10:00:00,Sanctum Sanctorum,Medical Kits,730.89,5.67,False
2012-07-03T10:00:00,Avengers Compound,Vibranium (kg),2425.86,6.3,False
2012-07-03T10:00:00,Avengers Compound,Arc Reactor Cores,704.05,7.56,False
2012-07-03T10:00:00,Avengers Compound,Pym Particles,713.38,6.93,False
2012-07-03T10:00:00,Avengers Compound,Clean Water (L),2402.3,7.56,False
2012-07-03T10:00:00,Avengers Compound,Medical Kits,735.15,5.67,False
2012-07-03T11:00:00,New Asgard,Vibranium (kg),2422.69,6.45,False
2012-07-03T11:00:00,New Asgard,Arc Reactor Cores,705.27,7.74,False
2012-07-03T11:00:00,New Asgard,Pym Particles,709.85,7.09,False
2012-07-03T11:00:00,New Asgard,Clean Water (L),2403.65,7.74,False
2012-07-03T11:00:00,New Asgard,Medical Kits,732.48,5.8,False
2012-07-03T11:00:00,Wakanda,Vibranium (kg),2424.85,6.45,False
2012-07-03T11:00:00,Wakanda,Arc Reactor Cores,701.38,7.74,False
2012-07-03T11:00:00,Wakanda,Pym Particles,715.03,7.09,False
2012-07-03T11:00:00,Wakanda,Clean Water (L),2402.8,7.74,False
2012-07-03T11:00:00,Wakanda,Medical Kits,733.88,5.8,False
2012-07-03T11:00:00,Sokovia,Vibranium (kg),2420.78,6.45,False
2012-07-03T11:00:00,Sokovia,Arc Reactor Cores,703.38,7.74,False
2012-07-03T11:00:00,Sokovia,Pym Particles,714.09,7.09,False
2012-07-03T11:00:00,Sokovia,Clean Water (L),2405.38,7.74,False
2012-07-03T11:00:00,Sokovia,Medical Kits,734.32,5.8,False
2012-07-03T11:00:00,Sanctum Sanctorum,Vibranium (kg),2422.01,6.45,False
2012-07-03T11:00:00,Sanctum Sanctorum,Arc Reactor Cores,702.03,7.74,False
2012-07-03T11:00:00,Sanctum Sanctorum,Pym Particles,715.23,7.09,False
2012-07-03T11:00:00,Sanctum Sanctorum,Clean Water (L),2403.89,7.74,False
2012-07-03T11:00:00,Sanctum Sanctorum,Medical Kits,730.51,5.8,False
2012-07-03T11:00:00,Avengers Compound,Vibranium (kg),2424.98,6.45,False
2012-07-03T11:00:00,Avengers Compound,Arc Reactor Cores,702.6,7.74,False
2012-07-03T11:00:00,Avengers Compound,Pym Particles,711.66,7.09,False
2012-07-03T11:00:00,Avengers Compound,Clean Water (L),2399.29,7.74,False
2012-07-03T11:00:00,Avengers Compound,Medical Kits,733.71,5.8,False
2012-07-03T12:00:00,New Asgard,Vibranium (kg),2419.67,6.5,False
2012-07-03T12:00:00,New Asgard,Arc Reactor Cores,702.3,7.8,False
2012-07-03T12:00:00,New Asgard,Pym Particles,708.41,7.15,False
2012-07-03T12:00:00,New Asgard,Clean Water (L),2401.46,7.8,False
2012-07-03T12:00:00,New Asgard,Medical Kits,729.7,5.85,False
2012-07-03T12:00:00,Wakanda,Vibranium (kg),2423.7,6.5,False
2012-07-03T12:00:00,Wakanda,Arc Reactor Cores,698.35,7.8,False
2012-07-03T12:00:00,Wakanda,Pym Particles,713.21,7.15,False
2012-07-03T12:00:00,Wakanda,Clean Water (L),2400.47,7.8,False
2012-07-03T12:00:00,Wakanda,Medical Kits,731.3,5.85,False
2012-07-03T12:00:00,Sokovia,Vibranium (kg),2418.29,6.5,False
2012-07-03T12:00:00,Sokovia,Arc Reactor Cores,701.67,7.8,False
2012-07-03T12:00:00,Sokovia,Pym Particles,711.67,7.15,False
2012-07-03T12:00:00,Sokovia,Clean Water (L),2402.47,7.8,False
2012-07-03T12:00:00,Sokovia,Medical Kits,732.61,5.85,False
2012-07-03T12:00:00,Sanctum Sanctorum,Vibranium (kg),2421.03,6.5,False
2012-07-03T12:00:00,Sanctum Sanctorum,Arc Reactor Cores,699.93,7.8,False
2012-07-03T12:00:00,Sanctum Sanctorum,Pym Particles,713.18,7.15,False
2012-07-03T12:00:00,Sanctum Sanctorum,Clean Water (L),2400.58,7.8,False
2012-07-03T12:00:00,Sanctum Sanctorum,Medical Kits,729.85,5.85,False
2012-07-03T12:00:00,Avengers Compound,Vibranium (kg),2423.58,6.5,False
2012-07-03T12:00:00,Avengers Compound,Arc Reactor Cores,699.31,7.8,False
2012-07-03T12:00:00,Avengers Compound,Pym Particles,709.51,7.15,False
2012-07-03T12:00:00,Avengers Compound,Clean Water (L),2398.4,7.8,False
2012-07-03T12:00:00,Avengers Compound,Medical Kits,732.6,5.85,False
2012-07-03T13:00:00,New Asgard,Vibranium (kg),2416.46,6.45,False
2012-07-03T13:00:00,New Asgard,Arc Reactor Cores,701.03,7.74,False
2012-07-03T13:00:00,New Asgard,Pym Particles,706.02,7.09,False
2012-07-03T13:00:00,New Asgard,Clean Water (L),2398.82,7.74,False
2012-07-03T13:00:00,New Asgard,Medical Kits,726.75,5.8,False
2012-07-03T13:00:00,Wakanda,Vibranium (kg),2420.62,6.45,False
2012-07-03T13:00:00,Wakanda,Arc Reactor Cores,697.65,7.74,False
2012-07-03T13:00:00,Wakanda,Pym Particles,710.54,7.09,False
2012-07-03T13:00:00,Wakanda,Clean Water (L),2397.77,7.74,False
2012-07-03T13:00:00,Wakanda,Medical Kits,728.53,5.8,False
2012-07-03T13:00:00,Sokovia,Vibranium (kg),2416.68,6.45,False
2012-07-03T13:00:00,Sokovia,Arc Reactor Cores,700.59,7.74,False
2012-07-03T13:00:00,Sokovia,Pym Particles,709.9,7.09,False
2012-07-03T13:00:00,Sokovia,Clean Water (L),2400.74,7.74,False
2012-07-03T13:00:00,Sokovia,Medical Kits,730.95,5.8,False
2012-07-03T13:00:00,Sanctum Sanctorum,Vibranium (kg),2418.48,6.45,False
2012-07-03T13:00:00,Sanctum Sanctorum,Arc Reactor Cores,698.3,7.74,False
2012-07-03T13:00:00,Sanctum Sanctorum,Pym Particles,710.65,7.09,False
2012-07-03T13:00:00,Sanctum Sanctorum,Clean Water (L),2397.36,7.74,False
2012-07-03T13:00:00,Sanctum Sanctorum,Medical Kits,727.05,5.8,False
2012-07-03T13:00:00,Avengers Compound,Vibranium (kg),2422.26,6.45,False
2012-07-03T13:00:00,Avengers Compound,Arc Reactor Cores,696.88,7.74,False
2012-07-03T13:00:00,Avengers Compound,Pym Particles,708.93,7.09,False
2012-07-03T13:00:00,Avengers Compound,Clean Water (L),2395.4,7.74,False
2012-07-03T13:00:00,Avengers Compound,Medical Kits,730.48,5.8,False
2012-07-03T14:00:00,New Asgard,Vibranium (kg),2414.7,6.3,False
2012-07-03T14:00:00,New Asgard,Arc Reactor Cores,699.98,7.56,False
2012-07-03T14:00:00,New Asgard,Pym Particles,703.17,6.93,False
2012-07-03T14:00:00,New Asgard,Clean Water (L),2398.37,7.56,False
2012-07-03T14:00:00,New Asgard,Medical Kits,725.89,5.67,False
2012-07-03T14:00:00,Wakanda,Vibranium (kg),2419.51,6.3,False
2012-07-03T14:00:00,Wakanda,Arc Reactor Cores,696.27,7.56,False
2012-07-03T14:00:00,Wakanda,Pym Particles,708.28,6.93,False
2012-07-03T14:00:00,Wakanda,Clean Water (L),2396.02,7.56,False
2012-07-03T14:00:00,Wakanda,Medical Kits,727.16,5.67,False
2012-07-03T14:00:00,Sokovia,Vibranium (kg),2417.32,6.3,False
2012-07-03T14:00:00,Sokovia,Arc Reactor Cores,699.12,7.56,False
2012-07-03T14:00:00,Sokovia,Pym Particles,708.06,6.93,False
2012-07-03T14:00:00,Sokovia,Clean Water (L),2399.17,7.56,False
2012-07-03T14:00:00,Sokovia,Medical Kits,729.94,5.67,False
2012-07-03T14:00:00,Sanctum Sanctorum,Vibranium (kg),2417.5,6.3,False
2012-07-03T14:00:00,Sanctum Sanctorum,Arc Reactor Cores,696.8,7.56,False
2012-07-03T14:00:00,Sanctum Sanctorum,Pym Particles,709.62,6.93,False
2012-07-03T14:00:00,Sanctum Sanctorum,Clean Water (L),2395.89,7.56,False
2012-07-03T14:00:00,Sanctum Sanctorum,Medical Kits,726.74,5.67,False
2012-07-03T14:00:00,Avengers Compound,Vibranium (kg),2420.74,6.3,False
2012-07-03T14:00:00,Avengers Compound,Arc Reactor Cores,694.62,7.56,False
2012-07-03T14:00:00,Avengers Compound,Pym Particles,706.83,6.93,False
2012-07-03T14:00:00,Avengers Compound,Clean Water (L),2394.72,7.56,False
2012-07-03T14:00:00,Avengers Compound,Medical Kits,729.38,5.67,False
2012-07-03T15:00:00,New Asgard,Vibranium (kg),2414.29,6.06,False
2012-07-03T15:00:00,New Asgard,Arc Reactor Cores,698.23,7.27,False
2012-07-03T15:00:00,New Asgard,Pym Particles,700.59,6.67,False
2012-07-03T15:00:00,New Asgard,Clean Water (L),2395.42,7.27,False
2012-07-03T15:00:00,New Asgard,Medical Kits,725.64,5.45,False
2012-07-03T15:00:00,Wakanda,Vibranium (kg),2418.62,6.06,False
2012-07-03T15:00:00,Wakanda,Arc Reactor Cores,694.14,7.27,False
2012-07-03T15:00:00,Wakanda,Pym Particles,706.46,6.67,False
2012-07-03T15:00:00,Wakanda,Clean Water (L),2394.91,7.27,False
2012-07-03T15:00:00,Wakanda,Medical Kits,725.43,5.45,False
2012-07-03T15:00:00,Sokovia,Vibranium (kg),2417.55,6.06,False
2012-07-03T15:00:00,Sokovia,Arc Reactor Cores,697.19,7.27,False
2012-07-03T15:00:00,Sokovia,Pym Particles,706.77,6.67,False
2012-07-03T15:00:00,Sokovia,Clean Water (L),2397.69,7.27,False
2012-07-03T15:00:00,Sokovia,Medical Kits,728.91,5.45,False
2012-07-03T15:00:00,Sanctum Sanctorum,Vibranium (kg),2417.72,6.06,False
2012-07-03T15:00:00,Sanctum Sanctorum,Arc Reactor Cores,697.33,7.27,False
2012-07-03T15:00:00,Sanctum Sanctorum,Pym Particles,707.96,6.67,False
2012-07-03T15:00:00,Sanctum Sanctorum,Clean Water (L),2393.66,7.27,False
2012-07-03T15:00:00,Sanctum Sanctorum,Medical Kits,726.15,5.45,False
2012-07-03T15:00:00,Avengers Compound,Vibranium (kg),2420.7,6.06,False
2012-07-03T15:00:00,Avengers Compound,Arc Reactor Cores,694.07,7.27,False
2012-07-03T15:00:00,Avengers Compound,Pym Particles,705.72,6.67,False
2012-07-03T15:00:00,Avengers Compound,Clean Water (L),2394.7,7.27,False
2012-07-03T15:00:00,Avengers Compound,Medical Kits,728.2,5.45,False
2012-07-03T16:00:00,New Asgard,Vibranium (kg),2414.65,5.75,False
2012-07-03T16:00:00,New Asgard,Arc Reactor Cores,695.9,6.9,False
2012-07-03T16:00:00,New Asgard,Pym Particles,700.49,6.32,False
2012-07-03T16:00:00,New Asgard,Clean Water (L),2393.19,6.9,False
2012-07-03T16:00:00,New Asgard,Medical Kits,726.25,5.17,False
2012-07-03T16:00:00,Wakanda,Vibranium (kg),2418.09,5.75,False
2012-07-03T16:00:00,Wakanda,Arc Reactor Cores,693.81,6.9,False
2012-07-03T16:00:00,Wakanda,Pym Particles,706.43,6.32,False
2012-07-03T16:00:00,Wakanda,Clean Water (L),2394.64,6.9,False
2012-07-03T16:00:00,Wakanda,Medical Kits,725.2,5.17,False
2012-07-03T16:00:00,Sokovia,Vibranium (kg),2416.02,5.75,False
2012-07-03T16:00:00,Sokovia,Arc Reactor Cores,696.74,6.9,False
2012-07-03T16:00:00,Sokovia,Pym Particles,705.76,6.32,False
2012-07-03T16:00:00,Sokovia,Clean Water (L),2395.17,6.9,False
2012-07-03T16:00:00,Sokovia,Medical Kits,728.51,5.17,False
2012-07-03T16:00:00,Sanctum Sanctorum,Vibranium (kg),2417.25,5.75,False
2012-07-03T16:00:00,Sanctum Sanctorum,Arc Reactor Cores,696.42,6.9,False
2012-07-03T16:00:00,Sanctum Sanctorum,Pym Particles,707.6,6.32,False
2012-07-03T16:00:00,Sanctum Sanctorum,Clean Water (L),2392.91,6.9,False
2012-07-03T16:00:00,Sanctum Sanctorum,Medical Kits,725.23,5.17,False
2012-07-03T16:00:00,Avengers Compound,Vibranium (kg),2421.73,5.75,False
2012-07-03T16:00:00,Avengers Compound,Arc Reactor Cores,693.56,6.9,False
2012-07-03T16:00:00,Avengers Compound,Pym Particles,704.93,6.32,False
2012-07-03T16:00:00,Avengers Compound,Clean Water (L),2395.62,6.9,False
2012-07-03T16:00:00,Avengers Compound,Medical Kits,728.98,5.17,False
2012-07-03T17:00:00,New Asgard,Vibranium (kg),2415.2,5.39,False
2012-07-03T17:00:00,New Asgard,Arc Reactor Cores,695.19,6.47,False
2012-07-03T17:00:00,New Asgard,Pym Particles,700.68,5.93,False
2012-07-03T17:00:00,New Asgard,Clean Water (L),2393.13,6.47,False
2012-07-03T17:00:00,New Asgard,Medical Kits,724.89,4.85,False
2012-07-03T17:00:00,Wakanda,Vibranium (kg),2417.36,5.39,False
2012-07-03T17:00:00,Wakanda,Arc Reactor Cores,694.28,6.47,False
2012-07-03T17:00:00,Wakanda,Pym Particles,705.89,5.93,False
2012-07-03T17:00:00,Wakanda,Clean Water (L),2394.2,6.47,False
2012-07-03T17:00:00,Wakanda,Medical Kits,725.69,4.85,False
2012-07-03T17:00:00,Sokovia,Vibranium (kg),2415.76,5.39,False
2012-07-03T17:00:00,Sokovia,Arc Reactor Cores,697.0,6.47,False
2012-07-03T17:00:00,Sokovia,Pym Particles,703.82,5.93,False
2012-07-03T17:00:00,Sokovia,Clean Water (L),2395.35,6.47,False
2012-07-03T17:00:00,Sokovia,Medical Kits,728.56,4.85,False
2012-07-03T17:00:00,Sanctum Sanctorum,Vibranium (kg),2415.33,5.39,False
2012-07-03T17:00:00,Sanctum Sanctorum,Arc Reactor Cores,695.46,6.47,False
2012-07-03T17:00:00,Sanctum Sanctorum,Pym Particles,708.23,5.93,False
2012-07-03T17:00:00,Sanctum Sanctorum,Clean Water (L),2391.77,6.47,False
2012-07-03T17:00:00,Sanctum Sanctorum,Medical Kits,724.49,4.85,False
2012-07-03T17:00:00,Avengers Compound,Vibranium (kg),2421.74,5.39,False
2012-07-03T17:00:00,Avengers Compound,Arc Reactor Cores,693.35,6.47,False
2012-07-03T17:00:00,Avengers Compound,Pym Particles,704.96,5.93,False
2012-07-03T17:00:00,Avengers Compound,Clean Water (L),2396.86,6.47,False
2012-07-03T17:00:00,Avengers Compound,Medical Kits,728.28,4.85,False
2012-07-03T18:00:00,New Asgard,Vibranium (kg),2415.25,5.0,False
2012-07-03T18:00:00,New Asgard,Arc Reactor Cores,697.15,6.0,False
2012-07-03T18:00:00,New Asgard,Pym Particles,700.92,5.5,False
2012-07-03T18:00:00,New Asgard,Clean Water (L),2394.1,6.0,False
2012-07-03T18:00:00,New Asgard,Medical Kits,725.58,4.5,False
2012-07-03T18:00:00,Wakanda,Vibranium (kg),2417.69,5.0,False
2012-07-03T18:00:00,Wakanda,Arc Reactor Cores,694.75,6.0,False
2012-07-03T18:00:00,Wakanda,Pym Particles,705.08,5.5,False
2012-07-03T18:00:00,Wakanda,Clean Water (L),2394.88,6.0,False
2012-07-03T18:00:00,Wakanda,Medical Kits,725.82,4.5,False
2012-07-03T18:00:00,Sokovia,Vibranium (kg),2414.97,5.0,False
2012-07-03T18:00:00,Sokovia,Arc Reactor Cores,696.27,6.0,False
2012-07-03T18:00:00,Sokovia,Pym Particles,704.81,5.5,False
2012-07-03T18:00:00,Sokovia,Clean Water (L),2396.38,6.0,False
2012-07-03T18:00:00,Sokovia,Medical Kits,729.3,4.5,False
2012-07-03T18:00:00,Sanctum Sanctorum,Vibranium (kg),2414.6,5.0,False
2012-07-03T18:00:00,Sanctum Sanctorum,Arc Reactor Cores,696.41,6.0,False
2012-07-03T18:00:00,Sanctum Sanctorum,Pym Particles,708.29,5.5,False
2012-07-03T18:00:00,Sanctum Sanctorum,Clean Water (L),2391.75,6.0,False
2012-07-03T18:00:00,Sanctum Sanctorum,Medical Kits,725.84,4.5,False
2012-07-03T18:00:00,Avengers Compound,Vibranium (kg),2421.95,5.0,False
2012-07-03T18:00:00,Avengers Compound,Arc Reactor Cores,693.2,6.0,False
2012-07-03T18:00:00,Avengers Compound,Pym Particles,705.15,5.5,False
2012-07-03T18:00:00,Avengers Compound,Clean Water (L),2397.51,6.0,False
2012-07-03T18:00:00,Avengers Compound,Medical Kits,728.38,4.5,False
2012-07-03T19:00:00,New Asgard,Vibranium (kg),2414.67,4.61,False
2012-07-03T19:00:00,New Asgard,Arc Reactor Cores,698.6,5.53,False
2012-07-03T19:00:00,New Asgard,Pym Particles,702.25,5.07,False
2012-07-03T19:00:00,New Asgard,Clean Water (L),2395.33,5.53,False
2012-07-03T19:00:00,New Asgard,Medical Kits,724.68,4.15,False
2012-07-03T19:00:00,Wakanda,Vibranium (kg),2418.85,4.61,False
2012-07-03T19:00:00,Wakanda,Arc Reactor Cores,696.0,5.53,False
2012-07-03T19:00:00,Wakanda,Pym Particles,705.17,5.07,False
2012-07-03T19:00:00,Wakanda,Clean Water (L),2395.12,5.53,False
2012-07-03T19:00:00,Wakanda,Medical Kits,725.99,4.15,False
2012-07-03T19:00:00,Sokovia,Vibranium (kg),2416.25,4.61,False
2012-07-03T19:00:00,Sokovia,Arc Reactor Cores,696.25,5.53,False
2012-07-03T19:00:00,Sokovia,Pym Particles,705.29,5.07,False
2012-07-03T19:00:00,Sokovia,Clean Water (L),2396.69,5.53,False
2012-07-03T19:00:00,Sokovia,Medical Kits,729.41,4.15,False
2012-07-03T19:00:00,Sanctum Sanctorum,Vibranium (kg),2415.31,4.61,False
2012-07-03T19:00:00,Sanctum Sanctorum,Arc Reactor Cores,697.47,5.53,False
2012-07-03T19:00:00,Sanctum Sanctorum,Pym Particles,707.81,5.07,False
2012-07-03T19:00:00,Sanctum Sanctorum,Clean Water (L),2393.02,5.53,False
2012-07-03T19:00:00,Sanctum Sanctorum,Medical Kits,727.77,4.15,False
2012-07-03T19:00:00,Avengers Compound,Vibranium (kg),2423.59,4.61,False
2012-07-03T19:00:00,Avengers Compound,Arc Reactor Cores,695.17,5.53,False
2012-07-03T19:00:00,Avengers Compound,Pym Particles,705.64,5.07,False
2012-07-03T19:00:00,Avengers Compound,Clean Water (L),2398.76,5.53,False
2012-07-03T19:00:00,Avengers Compound,Medical Kits,730.33,4.15,False
2012-07-03T20:00:00,New Asgard,Vibranium (kg),2414.84,4.25,False
2012-07-03T20:00:00,New Asgard,Arc Reactor Cores,699.0,5.1,False
2012-07-03T20:00:00,New Asgard,Pym Particles,702.49,4.68,False
2012-07-03T20:00:00,New Asgard,Clean Water (L),2395.91,5.1,False
2012-07-03T20:00:00,New Asgard,Medical Kits,725.68,3.83,False
2012-07-03T20:00:00,Wakanda,Vibranium (kg),2419.64,4.25,False
2012-07-03T20:00:00,Wakanda,Arc Reactor Cores,698.77,5.1,False
2012-07-03T20:00:00,Wakanda,Pym Particles,707.14,4.68,False
2012-07-03T20:00:00,Wakanda,Clean Water (L),2396.91,5.1,False
2012-07-03T20:00:00,Wakanda,Medical Kits,727.25,3.83,False
2012-07-03T20:00:00,Sokovia,Vibranium (kg),2418.12,4.25,False
2012-07-03T20:00:00,Sokovia,Arc Reactor Cores,697.26,5.1,False
2012-07-03T20:00:00,Sokovia,Pym Particles,707.96,4.68,False
2012-07-03T20:00:00,Sokovia,Clean Water (L),2399.02,5.1,False
2012-07-03T20:00:00,Sokovia,Medical Kits,730.4,3.83,False
2012-07-03T20:00:00,Sanctum Sanctorum,Vibranium (kg),2418.17,4.25,False
2012-07-03T20:00:00,Sanctum Sanctorum,Arc Reactor Cores,697.87,5.1,False
2012-07-03T20:00:00,Sanctum Sanctorum,Pym Particles,708.83,4.68,False
2012-07-03T20:00:00,Sanctum Sanctorum,Clean Water (L),2393.05,5.1,False
2012-07-03T20:00:00,Sanctum Sanctorum,Medical Kits,728.21,3.83,False
2012-07-03T20:00:00,Avengers Compound,Vibranium (kg),2423.71,4.25,False
2012-07-03T20:00:00,Avengers Compound,Arc Reactor Cores,694.82,5.1,False
2012-07-03T20:00:00,Avengers Compound,Pym Particles,707.52,4.68,False
2012-07-03T20:00:00,Avengers Compound,Clean Water (L),2399.22,5.1,False
2012-07-03T20:00:00,Avengers Compound,Medical Kits,730.12,3.83,False
2012-07-03T21:00:00,New Asgard,Vibranium (kg),2415.07,3.94,False
2012-07-03T21:00:00,New Asgard,Arc Reactor Cores,701.02,4.73,False
2012-07-03T21:00:00,New Asgard,Pym Particles,703.74,4.33,False
2012-07-03T21:00:00,New Asgard,Clean Water (L),2397.1,4.73,False
2012-07-03T21:00:00,New Asgard,Medical Kits,726.54,3.55,False
2012-07-03T21:00:00,Wakanda,Vibranium (kg),2421.8,3.94,False
2012-07-03T21:00:00,Wakanda,Arc Reactor Cores,699.74,4.73,False
2012-07-03T21:00:00,Wakanda,Pym Particles,708.21,4.33,False
2012-07-03T21:00:00,Wakanda,Clean Water (L),2400.26,4.73,False
2012-07-03T21:00:00,Wakanda,Medical Kits,728.25,3.55,False
2012-07-03T21:00:00,Sokovia,Vibranium (kg),2418.95,3.94,False
2012-07-03T21:00:00,Sokovia,Arc Reactor Cores,698.47,4.73,False
2012-07-03T21:00:00,Sokovia,Pym Particles,708.78,4.33,False
2012-07-03T21:00:00,Sokovia,Clean Water (L),2401.35,4.73,False
2012-07-03T21:00:00,Sokovia,Medical Kits,732.66,3.55,False
2012-07-03T21:00:00,Sanctum Sanctorum,Vibranium (kg),2419.58,3.94,False
2012-07-03T21:00:00,Sanctum Sanctorum,Arc Reactor Cores,699.76,4.73,False
2012-07-03T21:00:00,Sanctum Sanctorum,Pym Particles,711.52,4.33,False
2012-07-03T21:00:00,Sanctum Sanctorum,Clean Water (L),2393.98,4.73,False
2012-07-03T21:00:00,Sanctum Sanctorum,Medical Kits,729.04,3.55,False
2012-07-03T21:00:00,Avengers Compound,Vibranium (kg),2424.79,3.94,False
2012-07-03T21:00:00,Avengers Compound,Arc Reactor Cores,696.53,4.73,False
2012-07-03T21:00:00,Avengers Compound,Pym Particles,708.51,4.33,False
2012-07-03T21:00:00,Avengers Compound,Clean Water (L),2400.74,4.73,False
2012-07-03T21:00:00,Avengers Compound,Medical Kits,730.8,3.55,False
2012-07-03T22:00:00,New Asgard,Vibranium (kg),2416.62,3.7,False
2012-07-03T22:00:00,New Asgard,Arc Reactor Cores,701.93,4.44,False
2012-07-03T22:00:00,New Asgard,Pym Particles,707.24,4.07,False
2012-07-03T22:00:00,New Asgard,Clean Water (L),2399.83,4.44,False
2012-07-03T22:00:00,New Asgard,Medical Kits,727.48,3.33,False
2012-07-03T22:00:00,Wakanda,Vibranium (kg),2423.49,3.7,False
2012-07-03T22:00:00,Wakanda,Arc Reactor Cores,701.81,4.44,False
2012-07-03T22:00:00,Wakanda,Pym Particles,709.59,4.07,False
2012-07-03T22:00:00,Wakanda,Clean Water (L),2401.37,4.44,False
2012-07-03T22:00:00,Wakanda,Medical Kits,730.22,3.33,False
2012-07-03T22:00:00,Sokovia,Vibranium (kg),2420.79,3.7,False
2012-07-03T22:00:00,Sokovia,Arc Reactor Cores,699.72,4.44,False
2012-07-03T22:00:00,Sokovia,Pym Particles,709.44,4.07,False
2012-07-03T22:00:00,Sokovia,Clean Water (L),2404.0,4.44,False
2012-07-03T22:00:00,Sokovia,Medical Kits,732.97,3.33,False
2012-07-03T22:00:00,Sanctum Sanctorum,Vibranium (kg),2422.64,3.7,False
2012-07-03T22:00:00,Sanctum Sanctorum,Arc Reactor Cores,701.48,4.44,False
2012-07-03T22:00:00,Sanctum Sanctorum,Pym Particles,711.4,4.07,False
2012-07-03T22:00:00,Sanctum Sanctorum,Clean Water (L),2396.72,4.44,False
2012-07-03T22:00:00,Sanctum Sanctorum,Medical Kits,731.8,3.33,False
2012-07-03T22:00:00,Avengers Compound,Vibranium (kg),2425.8,3.7,False
2012-07-03T22:00:00,Avengers Compound,Arc Reactor Cores,697.01,4.44,False
2012-07-03T22:00:00,Avengers Compound,Pym Particles,710.31,4.07,False
2012-07-03T22:00:00,Avengers Compound,Clean Water (L),2401.31,4.44,False
2012-07-03T22:00:00,Avengers Compound,Medical Kits,732.92,3.33,False
2012-07-03T23:00:00,New Asgard,Vibranium (kg),2417.86,3.55,False
2012-07-03T23:00:00,New Asgard,Arc Reactor Cores,703.36,4.26,False
2012-07-03T23:00:00,New Asgard,Pym Particles,709.72,3.91,False
2012-07-03T23:00:00,New Asgard,Clean Water (L),2401.7,4.26,False
2012-07-03T23:00:00,New Asgard,Medical Kits,728.72,3.2,False
2012-07-03T23:00:00,Wakanda,Vibranium (kg),2425.42,3.55,False
2012-07-03T23:00:00,Wakanda,Arc Reactor Cores,701.94,4.26,False
2012-07-03T23:00:00,Wakanda,Pym Particles,711.11,3.91,False
2012-07-03T23:00:00,Wakanda,Clean Water (L),2403.42,4.26,False
2012-07-03T23:00:00,Wakanda,Medical Kits,731.49,3.2,False
2012-07-03T23:00:00,Sokovia,Vibranium (kg),2423.31,3.55,False
2012-07-03T23:00:00,Sokovia,Arc Reactor Cores,700.84,4.26,False
2012-07-03T23:00:00,Sokovia,Pym Particles,709.69,3.91,False
2012-07-03T23:00:00,Sokovia,Clean Water (L),2404.49,4.26,False
2012-07-03T23:00:00,Sokovia,Medical Kits,733.81,3.2,False
2012-07-03T23:00:00,Sanctum Sanctorum,Vibranium (kg),2423.74,3.55,False
2012-07-03T23:00:00,Sanctum Sanctorum,Arc Reactor Cores,702.51,4.26,False
2012-07-03T23:00:00,Sanctum Sanctorum,Pym Particles,713.23,3.91,False
2012-07-03T23:00:00,Sanctum Sanctorum,Clean Water (L),2399.2,4.26,False
2012-07-03T23:00:00,Sanctum Sanctorum,Medical Kits,732.98,3.2,False
2012-07-03T23:00:00,Avengers Compound,Vibranium (kg),2427.24,3.55,False
2012-07-03T23:00:00,Avengers Compound,Arc Reactor Cores,698.14,4.26,False
2012-07-03T23:00:00,Avengers Compound,Pym Particles,712.15,3.91,False
2012-07-03T23:00:00,Avengers Compound,Clean Water (L),2403.46,4.26,False
2012-07-03T23:00:00,Avengers Compound,Medical Kits,735.99,3.2,False
2012-07-04T00:00:00,New Asgard,Vibranium (kg),2421.02,3.5,False
2012-07-04T00:00:00,New Asgard,Arc Reactor Cores,704.46,4.2,False
2012-07-04T00:00:00,New Asgard,Pym Particles,711.68,3.85,False
2012-07-04T00:00:00,New Asgard,Clean Water (L),2403.7,4.2,False
2012-07-04T00:00:00,New Asgard,Medical Kits,730.36,3.15,False
2012-07-04T00:00:00,Wakanda,Vibranium (kg),2426.35,3.5,False
2012-07-04T00:00:00,Wakanda,Arc Reactor Cores,703.66,4.2,False
2012-07-04T00:00:00,Wakanda,Pym Particles,713.06,3.85,False
2012-07-04T00:00:00,Wakanda,Clean Water (L),2405.78,4.2,False
2012-07-04T00:00:00,Wakanda,Medical Kits,732.61,3.15,False
2012-07-04T00:00:00,Sokovia,Vibranium (kg),2423.73,3.5,False
2012-07-04T00:00:00,Sokovia,Arc Reactor Cores,702.39,4.2,False
2012-07-04T00:00:00,Sokovia,Pym Particles,710.95,3.85,False
2012-07-04T00:00:00,Sokovia,Clean Water (L),2407.05,4.2,False
2012-07-04T00:00:00,Sokovia,Medical Kits,735.2,3.15,False
2012-07-04T00:00:00,Sanctum Sanctorum,Vibranium (kg),2425.98,3.5,False
2012-07-04T00:00:00,Sanctum Sanctorum,Arc Reactor Cores,704.03,4.2,False
2012-07-04T00:00:00,Sanctum Sanctorum,Pym Particles,714.81,3.85,False
2012-07-04T00:00:00,Sanctum Sanctorum,Clean Water (L),2399.6,4.2,False
2012-07-04T00:00:00,Sanctum Sanctorum,Medical Kits,734.14,3.15,False
2012-07-04T00:00:00,Avengers Compound,Vibranium (kg),2428.38,3.5,False
2012-07-04T00:00:00,Avengers Compound,Arc Reactor Cores,700.73,4.2,False
2012-07-04T00:00:00,Avengers Compound,Pym Particles,715.03,3.85,False
2012-07-04T00:00:00,Avengers Compound,Clean Water (L),2405.25,4.2,False
2012-07-04T00:00:00,Avengers Compound,Medical Kits,735.55,3.15,False
2012-07-04T01:00:00,New Asgard,Vibranium (kg),2422.69,3.55,False
2012-07-04T01:00:00,New Asgard,Arc Reactor Cores,706.03,4.26,False
2012-07-04T01:00:00,New Asgard,Pym Particles,714.34,3.91,False
2012-07-04T01:00:00,New Asgard,Clean Water (L),2404.98,4.26,False
2012-07-04T01:00:00,New Asgard,Medical Kits,731.19,3.2,False
2012-07-04T01:00:00,Wakanda,Vibranium (kg),2426.57,3.55,False
2012-07-04T01:00:00,Wakanda,Arc Reactor Cores,703.79,4.26,False
2012-07-04T01:00:00,Wakanda,Pym Particles,714.69,3.91,False
2012-07-04T01:00:00,Wakanda,Clean Water (L),2408.52,4.26,False
2012-07-04T01:00:00,Wakanda,Medical Kits,734.73,3.2,False
2012-07-04T01:00:00,Sokovia,Vibranium (kg),2426.03,3.55,False
2012-07-04T01:00:00,Sokovia,Arc Reactor Cores,702.41,4.26,False
2012-07-04T01:00:00,Sokovia,Pym Particles,711.95,3.91,False
2012-07-04T01:00:00,Sokovia,Clean Water (L),2409.07,4.26,False
2012-07-04T01:00:00,Sokovia,Medical Kits,734.82,3.2,False
2012-07-04T01:00:00,Sanctum Sanctorum,Vibranium (kg),2426.73,3.55,False
2012-07-04T01:00:00,Sanctum Sanctorum,Arc Reactor Cores,706.19,4.26,False
2012-07-04T01:00:00,Sanctum Sanctorum,Pym Particles,717.55,3.91,False
2012-07-04T01:00:00,Sanctum Sanctorum,Clean Water (L),2402.66,4.26,False
2012-07-04T01:00:00,Sanctum Sanctorum,Medical Kits,735.41,3.2,False
2012-07-04T01:00:00,Avengers Compound,Vibranium (kg),2429.49,3.55,False
2012-07-04T01:00:00,Avengers Compound,Arc Reactor Cores,701.59,4.26,False
2012-07-04T01:00:00,Avengers Compound,Pym Particles,716.1,3.91,False
2012-07-04T01:00:00,Avengers Compound,Clean Water (L),2407.59,4.26,False
2012-07-04T01:00:00,Avengers Compound,Medical Kits,736.36,3.2,False
2012-07-04T02:00:00,New Asgard,Vibranium (kg),2424.85,3.7,False
2012-07-04T02:00:00,New Asgard,Arc Reactor Cores,707.13,4.44,False
2012-07-04T02:00:00,New Asgard,Pym Particles,716.79,4.07,False
2012-07-04T02:00:00,New Asgard,Clean Water (L),2407.22,4.44,False
2012-07-04T02:00:00,New Asgard,Medical Kits,731.75,3.33,False
2012-07-04T02:00:00,Wakanda,Vibranium (kg),2427.36,3.7,False
2012-07-04T02:00:00,Wakanda,Arc Reactor Cores,703.52,4.44,False
2012-07-04T02:00:00,Wakanda,Pym Particles,715.42,4.07,False
2012-07-04T02:00:00,Wakanda,Clean Water (L),2410.77,4.44,False
2012-07-04T02:00:00,Wakanda,Medical Kits,735.7,3.33,False
2012-07-04T02:00:00,Sokovia,Vibranium (kg),2425.64,3.7,False
2012-07-04T02:00:00,Sokovia,Arc Reactor Cores,703.51,4.44,False
2012-07-04T02:00:00,Sokovia,Pym Particles,712.7,4.07,False
2012-07-04T02:00:00,Sokovia,Clean Water (L),2411.41,4.44,False
2012-07-04T02:00:00,Sokovia,Medical Kits,735.31,3.33,False
2012-07-04T02:00:00,Sanctum Sanctorum,Vibranium (kg),2428.62,3.7,False
2012-07-04T02:00:00,Sanctum Sanctorum,Arc Reactor Cores,707.11,4.44,False
2012-07-04T02:00:00,Sanctum Sanctorum,Pym Particles,719.4,4.07,False
2012-07-04T02:00:00,Sanctum Sanctorum,Clean Water (L),2402.32,4.44,False
2012-07-04T02:00:00,Sanctum Sanctorum,Medical Kits,736.5,3.33,False
2012-07-04T02:00:00,Avengers Compound,Vibranium (kg),2430.08,3.7,False
2012-07-04T02:00:00,Avengers Compound,Arc Reactor Cores,702.41,4.44,False
2012-07-04T02:00:00,Avengers Compound,Pym Particles,717.42,4.07,False
2012-07-04T02:00:00,Avengers Compound,Clean Water (L),2407.72,4.44,False
2012-07-04T02:00:00,Avengers Compound,Medical Kits,737.57,3.33,False
2012-07-04T03:00:00,New Asgard,Vibranium (kg),2425.2,3.94,False
2012-07-04T03:00:00,New Asgard,Arc Reactor Cores,708.18,4.73,False
2012-07-04T03:00:00,New Asgard,Pym Particles,718.03,4.33,False
2012-07-04T03:00:00,New Asgard,Clean Water (L),2409.03,4.73,False
2012-07-04T03:00:00,New Asgard,Medical Kits,732.16,3.55,False
2012-07-04T03:00:00,Wakanda,Vibranium (kg),2427.9,3.94,False
2012-07-04T03:00:00,Wakanda,Arc Reactor Cores,705.02,4.73,False
2012-07-04T03:00:00,Wakanda,Pym Particles,715.33,4.33,False
2012-07-04T03:00:00,Wakanda,Clean Water (L),2411.71,4.73,False
2012-07-04T03:00:00,Wakanda,Medical Kits,735.89,3.55,False
2012-07-04T03:00:00,Sokovia,Vibranium (kg),2426.27,3.94,False
2012-07-04T03:00:00,Sokovia,Arc Reactor Cores,704.47,4.73,False
2012-07-04T03:00:00,Sokovia,Pym Particles,712.83,4.33,False
2012-07-04T03:00:00,Sokovia,Clean Water (L),2412.11,4.73,False
2012-07-04T03:00:00,Sokovia,Medical Kits,734.91,3.55,False
2012-07-04T03:00:00,Sanctum Sanctorum,Vibranium (kg),2429.12,3.94,False
2012-07-04T03:00:00,Sanctum Sanctorum,Arc Reactor Cores,709.88,4.73,False
2012-07-04T03:00:00,Sanctum Sanctorum,Pym Particles,721.06,4.33,False
2012-07-04T03:00:00,Sanctum Sanctorum,Clean Water (L),2403.23,4.73,False
2012-07-04T03:00:00,Sanctum Sanctorum,Medical Kits,737.16,3.55,False
2012-07-04T03:00:00,Avengers Compound,Vibranium (kg),2431.23,3.94,False
2012-07-04T03:00:00,Avengers Compound,Arc Reactor Cores,703.48,4.73,False
2012-07-04T03:00:00,Avengers Compound,Pym Particles,717.7,4.33,False
2012-07-04T03:00:00,Avengers Compound,Clean Water (L),2407.99,4.73,False
2012-07-04T03:00:00,Avengers Compound,Medical Kits,737.96,3.55,False
2012-07-04T04:00:00,New Asgard,Vibranium (kg),2425.63,4.25,False
2012-07-04T04:00:00,New Asgard,Arc Reactor Cores,709.7,5.1,False
2012-07-04T04:00:00,New Asgard,Pym Particles,718.24,4.68,False
2012-07-04T04:00:00,New Asgard,Clean Water (L),2409.42,5.1,False
2012-07-04T04:00:00,New Asgard,Medical Kits,732.46,3.83,False
2012-07-04T04:00:00,Wakanda,Vibranium (kg),2427.79,4.25,False
2012-07-04T04:00:00,Wakanda,Arc Reactor Cores,705.21,5.1,False
2012-07-04T04:00:00,Wakanda,Pym Particles,715.16,4.68,False
2012-07-04T04:00:00,Wakanda,Clean Water (L),2412.44,5.1,False
2012-07-04T04:00:00,Wakanda,Medical Kits,735.78,3.83,False
2012-07-04T04:00:00,Sokovia,Vibranium (kg),2426.12,4.25,False
2012-07-04T04:00:00,Sokovia,Arc Reactor Cores,706.89,5.1,False
2012-07-04T04:00:00,Sokovia,Pym Particles,715.26,4.68,False
2012-07-04T04:00:00,Sokovia,Clean Water (L),2413.46,5.1,False
2012-07-04T04:00:00,Sokovia,Medical Kits,737.09,3.83,False
2012-07-04T04:00:00,Sanctum Sanctorum,Vibranium (kg),2429.77,4.25,False
2012-07-04T04:00:00,Sanctum Sanctorum,Arc Reactor Cores,709.77,5.1,False
2012-07-04T04:00:00,Sanctum Sanctorum,Pym Particles,722.19,4.68,False
2012-07-04T04:00:00,Sanctum Sanctorum,Clean Water (L),2405.01,5.1,False
2012-07-04T04:00:00,Sanctum Sanctorum,Medical Kits,739.11,3.83,False
2012-07-04T04:00:00,Avengers Compound,Vibranium (kg),2430.55,4.25,False
2012-07-04T04:00:00,Avengers Compound,Arc Reactor Cores,704.22,5.1,False
2012-07-04T04:00:00,Avengers Compound,Pym Particles,718.07,4.68,False
2012-07-04T04:00:00,Avengers Compound,Clean Water (L),2409.19,5.1,False
2012-07-04T04:00:00,Avengers Compound,Medical Kits,738.3,3.83,False
2012-07-04T05:00:00,New Asgard,Vibranium (kg),2426.98,4.61,False
2012-07-04T05:00:00,New Asgard,Arc Reactor Cores,710.78,5.53,False
2012-07-04T05:00:00,New Asgard,Pym Particles,718.03,5.07,False
2012-07-04T05:00:00,New Asgard,Clean Water (L),2409.03,5.53,False
2012-07-04T05:00:00,New Asgard,Medical Kits,733.39,4.15,False
2012-07-04T05:00:00,Wakanda,Vibranium (kg),2426.82,4.61,False
2012-07-04T05:00:00,Wakanda,Arc Reactor Cores,705.88,5.53,False
2012-07-04T05:00:00,Wakanda,Pym Particles,715.35,5.07,False
2012-07-04T05:00:00,Wakanda,Clean Water (L),2410.8,5.53,False
2012-07-04T05:00:00,Wakanda,Medical Kits,735.98,4.15,False
2012-07-04T05:00:00,Sokovia,Vibranium (kg),2428.11,4.61,False
2012-07-04T05:00:00,Sokovia,Arc Reactor Cores,705.83,5.53,False
2012-07-04T05:00:00,Sokovia,Pym Particles,715.46,5.07,False
2012-07-04T05:00:00,Sokovia,Clean Water (L),2413.46,5.53,False
2012-07-04T05:00:00,Sokovia,Medical Kits,736.42,4.15,False
2012-07-04T05:00:00,Sanctum Sanctorum,Vibranium (kg),2429.44,4.61,False
2012-07-04T05:00:00,Sanctum Sanctorum,Arc Reactor Cores,709.76,5.53,False
2012-07-04T05:00:00,Sanctum Sanctorum,Pym Particles,723.06,5.07,False
2012-07-04T05:00:00,Sanctum Sanctorum,Clean Water (L),2405.41,5.53,False
2012-07-04T05:00:00,Sanctum Sanctorum,Medical Kits,739.39,4.15,False
2012-07-04T05:00:00,Avengers Compound,Vibranium (kg),2430.61,4.61,False
2012-07-04T05:00:00,Avengers Compound,Arc Reactor Cores,705.44,5.53,False
2012-07-04T05:00:00,Avengers Compound,Pym Particles,717.45,5.07,False
2012-07-04T05:00:00,Avengers Compound,Clean Water (L),2409.77,5.53,False
2012-07-04T05:00:00,Avengers Compound,Medical Kits,738.13,4.15,False
2012-07-04T06:00:00,New Asgard,Vibranium (kg),2425.86,5.0,False
2012-07-04T06:00:00,New Asgard,Arc Reactor Cores,710.16,6.0,False
2012-07-04T06:00:00,New Asgard,Pym Particles,718.2,5.5,False
2012-07-04T06:00:00,New Asgard,Clean Water (L),2407.95,6.0,False
2012-07-04T06:00:00,New Asgard,Medical Kits,733.64,4.5,False
2012-07-04T06:00:00,Wakanda,Vibranium (kg),2425.59,5.0,False
2012-07-04T06:00:00,Wakanda,Arc Reactor Cores,704.88,6.0,False
2012-07-04T06:00:00,Wakanda,Pym Particles,714.54,5.5,False
2012-07-04T06:00:00,Wakanda,Clean Water (L),2409.22,6.0,False
2012-07-04T06:00:00,Wakanda,Medical Kits,735.38,4.5,False
2012-07-04T06:00:00,Sokovia,Vibranium (kg),2427.88,5.0,False
2012-07-04T06:00:00,Sokovia,Arc Reactor Cores,706.24,6.0,False
2012-07-04T06:00:00,Sokovia,Pym Particles,714.73,5.5,False
2012-07-04T06:00:00,Sokovia,Clean Water (L),2413.36,6.0,False
2012-07-04T06:00:00,Sokovia,Medical Kits,735.1,4.5,False
2012-07-04T06:00:00,Sanctum Sanctorum,Vibranium (kg),2428.8,5.0,False
2012-07-04T06:00:00,Sanctum Sanctorum,Arc Reactor Cores,709.17,6.0,False
2012-07-04T06:00:00,Sanctum Sanctorum,Pym Particles,722.98,5.5,False
2012-07-04T06:00:00,Sanctum Sanctorum,Clean Water (L),2406.0,6.0,False
2012-07-04T06:00:00,Sanctum Sanctorum,Medical Kits,739.81,4.5,False
2012-07-04T06:00:00,Avengers Compound,Vibranium (kg),2429.56,5.0,False
2012-07-04T06:00:00,Avengers Compound,Arc Reactor Cores,705.48,6.0,False
2012-07-04T06:00:00,Avengers Compound,Pym Particles,716.35,5.5,False
2012-07-04T06:00:00,Avengers Compound,Clean Water (L),2409.81,6.0,False
2012-07-04T06:00:00,Avengers Compound,Medical Kits,736.66,4.5,False
2012-07-04T07:00:00,New Asgard,Vibranium (kg),2424.57,5.39,False
2012-07-04T07:00:00,New Asgard,Arc Reactor Cores,708.41,6.47,False
2012-07-04T07:00:00,New Asgard,Pym Particles,719.25,5.93,False
2012-07-04T07:00:00,New Asgard,Clean Water (L),2408.1,6.47,False
2012-07-04T07:00:00,New Asgard,Medical Kits,733.13,4.85,False
2012-07-04T07:00:00,Wakanda,Vibranium (kg),2424.74,5.39,False
2012-07-04T07:00:00,Wakanda,Arc Reactor Cores,705.07,6.47,False
2012-07-04T07:00:00,Wakanda,Pym Particles,713.73,5.93,False
2012-07-04T07:00:00,Wakanda,Clean Water (L),2407.99,6.47,False
2012-07-04T07:00:00,Wakanda,Medical Kits,734.57,4.85,False
2012-07-04T07:00:00,Sokovia,Vibranium (kg),2428.41,5.39,False
2012-07-04T07:00:00,Sokovia,Arc Reactor Cores,704.64,6.47,False
2012-07-04T07:00:00,Sokovia,Pym Particles,714.34,5.93,False
2012-07-04T07:00:00,Sokovia,Clean Water (L),2412.84,6.47,False
2012-07-04T07:00:00,Sokovia,Medical Kits,734.09,4.85,False
2012-07-04T07:00:00,Sanctum Sanctorum,Vibranium (kg),2428.7,5.39,False
2012-07-04T07:00:00,Sanctum Sanctorum,Arc Reactor Cores,708.23,6.47,False
2012-07-04T07:00:00,Sanctum Sanctorum,Pym Particles,721.52,5.93,False
2012-07-04T07:00:00,Sanctum Sanctorum,Clean Water (L),2405.47,6.47,False
2012-07-04T07:00:00,Sanctum Sanctorum,Medical Kits,737.16,4.85,False
2012-07-04T07:00:00,Avengers Compound,Vibranium (kg),2428.65,5.39,False
2012-07-04T07:00:00,Avengers Compound,Arc Reactor Cores,704.6,6.47,False
2012-07-04T07:00:00,Avengers Compound,Pym Particles,715.92,5.93,False
2012-07-04T07:00:00,Avengers Compound,Clean Water (L),2409.5,6.47,False
2012-07-04T07:00:00,Avengers Compound,Medical Kits,735.47,4.85,False
2012-07-04T08:00:00,New Asgard,Vibranium (kg),2424.43,5.75,False
2012-07-04T08:00:00,New Asgard,Arc Reactor Cores,706.11,6.9,False
2012-07-04T08:00:00,New Asgard,Pym Particles,717.42,6.32,False
2012-07-04T08:00:00,New Asgard,Clean Water (L),2406.33,6.9,False
2012-07-04T08:00:00,New Asgard,Medical Kits,733.44,5.17,False
2012-07-04T08:00:00,Wakanda,Vibranium (kg),2423.53,5.75,False
2012-07-04T08:00:00,Wakanda,Arc Reactor Cores,705.37,6.9,False
2012-07-04T08:00:00,Wakanda,Pym Particles,711.92,6.32,False
2012-07-04T08:00:00,Wakanda,Clean Water (L),2405.22,6.9,False
2012-07-04T08:00:00,Wakanda,Medical Kits,734.94,5.17,False
2012-07-04T08:00:00,Sokovia,Vibranium (kg),2426.25,5.75,False
2012-07-04T08:00:00,Sokovia,Arc Reactor Cores,702.5,6.9,False
2012-07-04T08:00:00,Sokovia,Pym Particles,711.99,6.32,False
2012-07-04T08:00:00,Sokovia,Clean Water (L),2411.22,6.9,False
2012-07-04T08:00:00,Sokovia,Medical Kits,733.1,5.17,False
2012-07-04T08:00:00,Sanctum Sanctorum,Vibranium (kg),2426.27,5.75,False
2012-07-04T08:00:00,Sanctum Sanctorum,Arc Reactor Cores,707.5,6.9,False
2012-07-04T08:00:00,Sanctum Sanctorum,Pym Particles,718.84,6.32,False
2012-07-04T08:00:00,Sanctum Sanctorum,Clean Water (L),2403.26,6.9,False
2012-07-04T08:00:00,Sanctum Sanctorum,Medical Kits,735.93,5.17,False
2012-07-04T08:00:00,Avengers Compound,Vibranium (kg),2427.66,5.75,False
2012-07-04T08:00:00,Avengers Compound,Arc Reactor Cores,703.09,6.9,False
2012-07-04T08:00:00,Avengers Compound,Pym Particles,713.92,6.32,False
2012-07-04T08:00:00,Avengers Compound,Clean Water (L),2408.43,6.9,False
2012-07-04T08:00:00,Avengers Compound,Medical Kits,734.24,5.17,False
2012-07-04T09:00:00,New Asgard,Vibranium (kg),2422.28,6.06,False
2012-07-04T09:00:00,New Asgard,Arc Reactor Cores,706.16,7.27,False
2012-07-04T09:00:00,New Asgard,Pym Particles,717.29,6.67,False
2012-07-04T09:00:00,New Asgard,Clean Water (L),2404.48,7.27,False
2012-07-04T09:00:00,New Asgard,Medical Kits,732.29,5.45,False
2012-07-04T09:00:00,Wakanda,Vibranium (kg),2422.5,6.06,False
2012-07-04T09:00:00,Wakanda,Arc Reactor Cores,702.89,7.27,False
2012-07-04T09:00:00,Wakanda,Pym Particles,709.11,6.67,False
2012-07-04T09:00:00,Wakanda,Clean Water (L),2402.72,7.27,False
2012-07-04T09:00:00,Wakanda,Medical Kits,734.21,5.45,False
2012-07-04T09:00:00,Sokovia,Vibranium (kg),2423.64,6.06,False
2012-07-04T09:00:00,Sokovia,Arc Reactor Cores,702.53,7.27,False
2012-07-04T09:00:00,Sokovia,Pym Particles,711.94,6.67,False
2012-07-04T09:00:00,Sokovia,Clean Water (L),2408.98,7.27,False
2012-07-04T09:00:00,Sokovia,Medical Kits,731.21,5.45,False
2012-07-04T09:00:00,Sanctum Sanctorum,Vibranium (kg),2424.18,6.06,False
2012-07-04T09:00:00,Sanctum Sanctorum,Arc Reactor Cores,706.35,7.27,False
2012-07-04T09:00:00,Sanctum Sanctorum,Pym Particles,716.75,6.67,False
2012-07-04T09:00:00,Sanctum Sanctorum,Clean Water (L),2403.53,7.27,False
2012-07-04T09:00:00,Sanctum Sanctorum,Medical Kits,735.16,5.45,False
2012-07-04T09:00:00,Avengers Compound,Vibranium (kg),2425.43,6.06,False
2012-07-04T09:00:00,Avengers Compound,Arc Reactor Cores,700.57,7.27,False
2012-07-04T09:00:00,Avengers Compound,Pym Particles,712.06,6.67,False
2012-07-04T09:00:00,Avengers Compound,Clean Water (L),2406.41,7.27,False
2012-07-04T09:00:00,Avengers Compound,Medical Kits,732.43,5.45,False
2012-07-04T10:00:00,New Asgard,Vibranium (kg),2421.02,6.3,False
2012-07-04T10:00:00,New Asgard,Arc Reactor Cores,703.32,7.56,False
2012-07-04T10:00:00,New Asgard,Pym Particles,716.18,6.93,False
2012-07-04T10:00:00,New Asgard,Clean Water (L),2403.2,7.56,False
2012-07-04T10:00:00,New Asgard,Medical Kits,731.52,5.67,False
2012-07-04T10:00:00,Wakanda,Vibranium (kg),2421.87,6.3,False
2012-07-04T10:00:00,Wakanda,Arc Reactor Cores,702.01,7.56,False
2012-07-04T10:00:00,Wakanda,Pym Particles,709.29,6.93,False
2012-07-04T10:00:00,Wakanda,Clean Water (L),2401.9,7.56,False
2012-07-04T10:00:00,Wakanda,Medical Kits,733.36,5.67,False
2012-07-04T10:00:00,Sokovia,Vibranium (kg),2422.12,6.3,False
2012-07-04T10:00:00,Sokovia,Arc Reactor Cores,702.51,7.56,False
2012-07-04T10:00:00,Sokovia,Pym Particles,710.47,6.93,False
2012-07-04T10:00:00,Sokovia,Clean Water (L),2407.82,7.56,False
2012-07-04T10:00:00,Sokovia,Medical Kits,731.01,5.67,False
2012-07-04T10:00:00,Sanctum Sanctorum,Vibranium (kg),2422.78,6.3,False
2012-07-04T10:00:00,Sanctum Sanctorum,Arc Reactor Cores,703.91,7.56,False
2012-07-04T10:00:00,Sanctum Sanctorum,Pym Particles,714.59,6.93,False
2012-07-04T10:00:00,Sanctum Sanctorum,Clean Water (L),2402.66,7.56,False
2012-07-04T10:00:00,Sanctum Sanctorum,Medical Kits,733.68,5.67,False
2012-07-04T10:00:00,Avengers Compound,Vibranium (kg),2423.94,6.3,False
2012-07-04T10:00:00,Avengers Compound,Arc Reactor Cores,697.98,7.56,False
2012-07-04T10:00:00,Avengers Compound,Pym Particles,710.48,6.93,False
2012-07-04T10:00:00,Avengers Compound,Clean Water (L),2405.32,7.56,False
2012-07-04T10:00:00,Avengers Compound,Medical Kits,730.96,5.67,False
2012-07-04T11:00:00,New Asgard,Vibranium (kg),2419.27,6.45,False
2012-07-04T11:00:00,New Asgard,Arc Reactor Cores,701.09,7.74,False
2012-07-04T11:00:00,New Asgard,Pym Particles,714.47,7.09,False
2012-07-04T11:00:00,New Asgard,Clean Water (L),2400.18,7.74,False
2012-07-04T11:00:00,New Asgard,Medical Kits,730.31,5.8,False
2012-07-04T11:00:00,Wakanda,Vibranium (kg),2420.85,6.45,False
2012-07-04T11:00:00,Wakanda,Arc Reactor Cores,700.55,7.74,False
2012-07-04T11:00:00,Wakanda,Pym Particles,709.16,7.09,False
2012-07-04T11:00:00,Wakanda,Clean Water (L),2400.26,7.74,False
2012-07-04T11:00:00,Wakanda,Medical Kits,733.19,5.8,False
2012-07-04T11:00:00,Sokovia,Vibranium (kg),2419.86,6.45,False
2012-07-04T11:00:00,Sokovia,Arc Reactor Cores,699.33,7.74,False
2012-07-04T11:00:00,Sokovia,Pym Particles,709.86,7.09,False
2012-07-04T11:00:00,Sokovia,Clean Water (L),2406.21,7.74,False
2012-07-04T11:00:00,Sokovia,Medical Kits,731.02,5.8,False
2012-07-04T11:00:00,Sanctum Sanctorum,Vibranium (kg),2420.27,6.45,False
2012-07-04T11:00:00,Sanctum Sanctorum,Arc Reactor Cores,702.12,7.74,False
2012-07-04T11:00:00,Sanctum Sanctorum,Pym Particles,712.41,7.09,False
2012-07-04T11:00:00,Sanctum Sanctorum,Clean Water (L),2400.02,7.74,False
2012-07-04T11:00:00,Sanctum Sanctorum,Medical Kits,731.91,5.8,False
2012-07-04T11:00:00,Avengers Compound,Vibranium (kg),2422.74,6.45,False
2012-07-04T11:00:00,Avengers Compound,Arc Reactor Cores,697.1,7.74,False
2012-07-04T11:00:00,Avengers Compound,Pym Particles,709.02,7.09,False
2012-07-04T11:00:00,Avengers Compound,Clean Water (L),2402.59,7.74,False
2012-07-04T11:00:00,Avengers Compound,Medical Kits,730.54,5.8,False
2012-07-04T12:00:00,New Asgard,Vibranium (kg),2418.23,6.5,False
2012-07-04T12:00:00,New Asgard,Arc Reactor Cores,698.26,7.8,False
2012-07-04T12:00:00,New Asgard,Pym Particles,712.78,7.15,False
2012-07-04T12:00:00,New Asgard,Clean Water (L),2399.26,7.8,False
2012-07-04T12:00:00,New Asgard,Medical Kits,729.27,5.85,False
2012-07-04T12:00:00,Wakanda,Vibranium (kg),2419.95,6.5,False
2012-07-04T12:00:00,Wakanda,Arc Reactor Cores,699.17,7.8,False
2012-07-04T12:00:00,Wakanda,Pym Particles,707.18,7.15,False
2012-07-04T12:00:00,Wakanda,Clean Water (L),2399.51,7.8,False
2012-07-04T12:00:00,Wakanda,Medical Kits,732.58,5.85,False
2012-07-04T12:00:00,Sokovia,Vibranium (kg),2418.53,6.5,False
2012-07-04T12:00:00,Sokovia,Arc Reactor Cores,697.08,7.8,False
2012-07-04T12:00:00,Sokovia,Pym Particles,708.76,7.15,False
2012-07-04T12:00:00,Sokovia,Clean Water (L),2405.51,7.8,False
2012-07-04T12:00:00,Sokovia,Medical Kits,729.81,5.85,False
2012-07-04T12:00:00,Sanctum Sanctorum,Vibranium (kg),2418.26,6.5,False
2012-07-04T12:00:00,Sanctum Sanctorum,Arc Reactor Cores,699.65,7.8,False
2012-07-04T12:00:00,Sanctum Sanctorum,Pym Particles,711.5,7.15,False
2012-07-04T12:00:00,Sanctum Sanctorum,Clean Water (L),2399.44,7.8,False
2012-07-04T12:00:00,Sanctum Sanctorum,Medical Kits,728.9,5.85,False
2012-07-04T12:00:00,Avengers Compound,Vibranium (kg),2421.77,6.5,False
2012-07-04T12:00:00,Avengers Compound,Arc Reactor Cores,695.61,7.8,False
2012-07-04T12:00:00,Avengers Compound,Pym Particles,707.27,7.15,False
2012-07-04T12:00:00,Avengers Compound,Clean Water (L),2400.29,7.8,False
2012-07-04T12:00:00,Avengers Compound,Medical Kits,729.68,5.85,False
2012-07-04T13:00:00,New Asgard,Vibranium (kg),2417.25,6.45,False
2012-07-04T13:00:00,New Asgard,Arc Reactor Cores,697.6,7.74,False
2012-07-04T13:00:00,New Asgard,Pym Particles,712.02,7.09,False
2012-07-04T13:00:00,New Asgard,Clean Water (L),2397.26,7.74,False
2012-07-04T13:00:00,New Asgard,Medical Kits,727.69,5.8,False
2012-07-04T13:00:00,Wakanda,Vibranium (kg),2418.32,6.45,False
2012-07-04T13:00:00,Wakanda,Arc Reactor Cores,697.21,7.74,False
2012-07-04T13:00:00,Wakanda,Pym Particles,706.33,7.09,False
2012-07-04T13:00:00,Wakanda,Clean Water (L),2397.36,7.74,False
2012-07-04T13:00:00,Wakanda,Medical Kits,732.14,5.8,False
2012-07-04T13:00:00,Sokovia,Vibranium (kg),2417.13,6.45,False
2012-07-04T13:00:00,Sokovia,Arc Reactor Cores,694.28,7.74,False
2012-07-04T13:00:00,Sokovia,Pym Particles,707.4,7.09,False
2012-07-04T13:00:00,Sokovia,Clean Water (L),2403.69,7.74,False
2012-07-04T13:00:00,Sokovia,Medical Kits,729.39,5.8,False
2012-07-04T13:00:00,Sanctum Sanctorum,Vibranium (kg),2418.15,6.45,False
2012-07-04T13:00:00,Sanctum Sanctorum,Arc Reactor Cores,696.99,7.74,False
2012-07-04T13:00:00,Sanctum Sanctorum,Pym Particles,710.27,7.09,False
2012-07-04T13:00:00,Sanctum Sanctorum,Clean Water (L),2397.74,7.74,False
2012-07-04T13:00:00,Sanctum Sanctorum,Medical Kits,726.56,5.8,False
2012-07-04T13:00:00,Avengers Compound,Vibranium (kg),2421.96,6.45,False
2012-07-04T13:00:00,Avengers Compound,Arc Reactor Cores,694.29,7.74,False
2012-07-04T13:00:00,Avengers Compound,Pym Particles,706.21,7.09,False
2012-07-04T13:00:00,Avengers Compound,Clean Water (L),2398.73,7.74,False
2012-07-04T13:00:00,Avengers Compound,Medical Kits,728.38,5.8,False
2012-07-04T14:00:00,New Asgard,Vibranium (kg),2415.29,6.3,False
2012-07-04T14:00:00,New Asgard,Arc Reactor Cores,694.67,7.56,False
2012-07-04T14:00:00,New Asgard,Pym Particles,709.69,6.93,False
2012-07-04T14:00:00,New Asgard,Clean Water (L),2395.08,7.56,False
2012-07-04T14:00:00,New Asgard,Medical Kits,725.96,5.67,False
2012-07-04T14:00:00,Wakanda,Vibranium (kg),2418.27,6.3,False
2012-07-04T14:00:00,Wakanda,Arc Reactor Cores,695.16,7.56,False
2012-07-04T14:00:00,Wakanda,Pym Particles,704.74,6.93,False
2012-07-04T14:00:00,Wakanda,Clean Water (L),2396.35,7.56,False
2012-07-04T14:00:00,Wakanda,Medical Kits,730.38,5.67,False
2012-07-04T14:00:00,Sokovia,Vibranium (kg),2416.94,6.3,False
2012-07-04T14:00:00,Sokovia,Arc Reactor Cores,693.41,7.56,False
2012-07-04T14:00:00,Sokovia,Pym Particles,706.43,6.93,False
2012-07-04T14:00:00,Sokovia,Clean Water (L),2402.33,7.56,False
2012-07-04T14:00:00,Sokovia,Medical Kits,728.62,5.67,False
2012-07-04T14:00:00,Sanctum Sanctorum,Vibranium (kg),2415.77,6.3,False
2012-07-04T14:00:00,Sanctum Sanctorum,Arc Reactor Cores,695.13,7.56,False
2012-07-04T14:00:00,Sanctum Sanctorum,Pym Particles,709.98,6.93,False
2012-07-04T14:00:00,Sanctum Sanctorum,Clean Water (L),2397.79,7.56,False
2012-07-04T14:00:00,Sanctum Sanctorum,Medical Kits,726.04,5.67,False
2012-07-04T14:00:00,Avengers Compound,Vibranium (kg),2420.3,6.3,False
2012-07-04T14:00:00,Avengers Compound,Arc Reactor Cores,691.67,7.56,False
2012-07-04T14:00:00,Avengers Compound,Pym Particles,705.61,6.93,False
2012-07-04T14:00:00,Avengers Compound,Clean Water (L),2395.75,7.56,False
2012-07-04T14:00:00,Avengers Compound,Medical Kits,727.24,5.67,False
2012-07-04T15:00:00,New Asgard,Vibranium (kg),2414.35,6.06,False
2012-07-04T15:00:00,New Asgard,Arc Reactor Cores,694.26,7.27,False
2012-07-04T15:00:00,New Asgard,Pym Particles,706.77,6.67,False
2012-07-04T15:00:00,New Asgard,Clean Water (L),2393.24,7.27,False
2012-07-04T15:00:00,New Asgard,Medical Kits,725.25,5.45,False
2012-07-04T15:00:00,Wakanda,Vibranium (kg),2416.96,6.06,False
2012-07-04T15:00:00,Wakanda,Arc Reactor Cores,693.35,7.27,False
2012-07-04T15:00:00,Wakanda,Pym Particles,703.51,6.67,False
2012-07-04T15:00:00,Wakanda,Clean Water (L),2396.16,7.27,False
2012-07-04T15:00:00,Wakanda,Medical Kits,728.08,5.45,False
2012-07-04T15:00:00,Sokovia,Vibranium (kg),2416.37,6.06,False
2012-07-04T15:00:00,Sokovia,Arc Reactor Cores,692.82,7.27,False
2012-07-04T15:00:00,Sokovia,Pym Particles,706.4,6.67,False
2012-07-04T15:00:00,Sokovia,Clean Water (L),2401.15,7.27,False
2012-07-04T15:00:00,Sokovia,Medical Kits,726.79,5.45,False
2012-07-04T15:00:00,Sanctum Sanctorum,Vibranium (kg),2414.43,6.06,False
2012-07-04T15:00:00,Sanctum Sanctorum,Arc Reactor Cores,693.94,7.27,False
2012-07-04T15:00:00,Sanctum Sanctorum,Pym Particles,708.64,6.67,False
2012-07-04T15:00:00,Sanctum Sanctorum,Clean Water (L),2396.67,7.27,False
2012-07-04T15:00:00,Sanctum Sanctorum,Medical Kits,725.6,5.45,False
2012-07-04T15:00:00,Avengers Compound,Vibranium (kg),2418.06,6.06,False
2012-07-04T15:00:00,Avengers Compound,Arc Reactor Cores,691.42,7.27,False
2012-07-04T15:00:00,Avengers Compound,Pym Particles,703.24,6.67,False
2012-07-04T15:00:00,Avengers Compound,Clean Water (L),2394.15,7.27,False
2012-07-04T15:00:00,Avengers Compound,Medical Kits,727.01,5.45,False
2012-07-04T16:00:00,New Asgard,Vibranium (kg),2414.1,5.75,False
2012-07-04T16:00:00,New Asgard,Arc Reactor Cores,692.64,6.9,False
2012-07-04T16:00:00,New Asgard,Pym Particles,706.96,6.32,False
2012-07-04T16:00:00,New Asgard,Clean Water (L),2393.45,6.9,False
2012-07-04T16:00:00,New Asgard,Medical Kits,725.62,5.17,False
2012-07-04T16:00:00,Wakanda,Vibranium (kg),2415.32,5.75,False
2012-07-04T16:00:00,Wakanda,Arc Reactor Cores,693.35,6.9,False
2012-07-04T16:00:00,Wakanda,Pym Particles,702.89,6.32,False
2012-07-04T16:00:00,Wakanda,Clean Water (L),2394.68,6.9,False
2012-07-04T16:00:00,Wakanda,Medical Kits,727.42,5.17,False
2012-07-04T16:00:00,Sokovia,Vibranium (kg),2415.31,5.75,False
2012-07-04T16:00:00,Sokovia,Arc Reactor Cores,693.68,6.9,False
2012-07-04T16:00:00,Sokovia,Pym Particles,706.54,6.32,False
2012-07-04T16:00:00,Sokovia,Clean Water (L),2400.8,6.9,False
2012-07-04T16:00:00,Sokovia,Medical Kits,725.89,5.17,False
2012-07-04T16:00:00,Sanctum Sanctorum,Vibranium (kg),2413.46,5.75,False
2012-07-04T16:00:00,Sanctum Sanctorum,Arc Reactor Cores,693.59,6.9,False
2012-07-04T16:00:00,Sanctum Sanctorum,Pym Particles,707.33,6.32,False
2012-07-04T16:00:00,Sanctum Sanctorum,Clean Water (L),2395.64,6.9,False
2012-07-04T16:00:00,Sanctum Sanctorum,Medical Kits,724.92,5.17,False
2012-07-04T16:00:00,Avengers Compound,Vibranium (kg),2417.73,5.75,False
2012-07-04T16:00:00,Avengers Compound,Arc Reactor Cores,690.34,6.9,False
2012-07-04T16:00:00,Avengers Compound,Pym Particles,701.22,6.32,False
2012-07-04T16:00:00,Avengers Compound,Clean Water (L),2393.94,6.9,False
2012-07-04T16:00:00,Avengers Compound,Medical Kits,726.77,5.17,False
2012-07-04T17:00:00,New Asgard,Vibranium (kg),2413.06,5.39,False
2012-07-04T17:00:00,New Asgard,Arc Reactor Cores,692.9,6.47,False
2012-07-04T17:00:00,New Asgard,Pym Particles,706.97,5.93,False
2012-07-04T17:00:00,New Asgard,Clean Water (L),2394.16,6.47,False
2012-07-04T17:00:00,New Asgard,Medical Kits,725.37,4.85,False
2012-07-04T17:00:00,Wakanda,Vibranium (kg),2414.32,5.39,False
2012-07-04T17:00:00,Wakanda,Arc Reactor Cores,693.03,6.47,False
2012-07-04T17:00:00,Wakanda,Pym Particles,703.22,5.93,False
2012-07-04T17:00:00,Wakanda,Clean Water (L),2394.09,6.47,False
2012-07-04T17:00:00,Wakanda,Medical Kits,727.32,4.85,False
2012-07-04T17:00:00,Sokovia,Vibranium (kg),2414.56,5.39,False
2012-07-04T17:00:00,Sokovia,Arc Reactor Cores,694.0,6.47,False
2012-07-04T17:00:00,Sokovia,Pym Particles,706.81,5.93,False
2012-07-04T17:00:00,Sokovia,Clean Water (L),2399.71,6.47,False
2012-07-04T17:00:00,Sokovia,Medical Kits,725.98,4.85,False
2012-07-04T17:00:00,Sanctum Sanctorum,Vibranium (kg),2413.22,5.39,False
2012-07-04T17:00:00,Sanctum Sanctorum,Arc Reactor Cores,693.58,6.47,False
2012-07-04T17:00:00,Sanctum Sanctorum,Pym Particles,707.18,5.93,False
2012-07-04T17:00:00,Sanctum Sanctorum,Clean Water (L),2395.53,6.47,False
2012-07-04T17:00:00,Sanctum Sanctorum,Medical Kits,725.18,4.85,False
2012-07-04T17:00:00,Avengers Compound,Vibranium (kg),2417.45,5.39,False
2012-07-04T17:00:00,Avengers Compound,Arc Reactor Cores,689.55,6.47,False
2012-07-04T17:00:00,Avengers Compound,Pym Particles,701.46,5.93,False
2012-07-04T17:00:00,Avengers Compound,Clean Water (L),2393.88,6.47,False
2012-07-04T17:00:00,Avengers Compound,Medical Kits,726.98,4.85,False
2012-07-04T18:00:00,New Asgard,Vibranium (kg),2413.48,5.0,False
2012-07-04T18:00:00,New Asgard,Arc Reactor Cores,692.74,6.0,False
2012-07-04T18:00:00,New Asgard,Pym Particles,708.45,5.5,False
2012-07-04T18:00:00,New Asgard,Clean Water (L),2394.02,6.0,False
2012-07-04T18:00:00,New Asgard,Medical Kits,726.08,4.5,False
2012-07-04T18:00:00,Wakanda,Vibranium (kg),2414.47,5.0,False
2012-07-04T18:00:00,Wakanda,Arc Reactor Cores,693.77,6.0,False
2012-07-04T18:00:00,Wakanda,Pym Particles,702.98,5.5,False
2012-07-04T18:00:00,Wakanda,Clean Water (L),2393.89,6.0,False
2012-07-04T18:00:00,Wakanda,Medical Kits,728.69,4.5,False
2012-07-04T18:00:00,Sokovia,Vibranium (kg),2414.32,5.0,False
2012-07-04T18:00:00,Sokovia,Arc Reactor Cores,694.87,6.0,False
2012-07-04T18:00:00,Sokovia,Pym Particles,706.94,5.5,False
2012-07-04T18:00:00,Sokovia,Clean Water (L),2399.38,6.0,False
2012-07-04T18:00:00,Sokovia,Medical Kits,726.01,4.5,False
2012-07-04T18:00:00,Sanctum Sanctorum,Vibranium (kg),2413.83,5.0,False
2012-07-04T18:00:00,Sanctum Sanctorum,Arc Reactor Cores,694.15,6.0,False
2012-07-04T18:00:00,Sanctum Sanctorum,Pym Particles,707.77,5.5,False
2012-07-04T18:00:00,Sanctum Sanctorum,Clean Water (L),2395.49,6.0,False
2012-07-04T18:00:00,Sanctum Sanctorum,Medical Kits,725.0,4.5,False
2012-07-04T18:00:00,Avengers Compound,Vibranium (kg),2418.38,5.0,False
2012-07-04T18:00:00,Avengers Compound,Arc Reactor Cores,689.41,6.0,False
2012-07-04T18:00:00,Avengers Compound,Pym Particles,700.36,5.5,False
2012-07-04T18:00:00,Avengers Compound,Clean Water (L),2395.01,6.0,False
2012-07-04T18:00:00,Avengers Compound,Medical Kits,728.25,4.5,False
2012-07-04T19:00:00,New Asgard,Vibranium (kg),2414.72,4.61,False
2012-07-04T19:00:00,New Asgard,Arc Reactor Cores,693.54,5.53,False
2012-07-04T19:00:00,New Asgard,Pym Particles,707.4,5.07,False
2012-07-04T19:00:00,New Asgard,Clean Water (L),2394.96,5.53,False
2012-07-04T19:00:00,New Asgard,Medical Kits,725.62,4.15,False
2012-07-04T19:00:00,Wakanda,Vibranium (kg),2413.97,4.61,False
2012-07-04T19:00:00,Wakanda,Arc Reactor Cores,694.82,5.53,False
2012-07-04T19:00:00,Wakanda,Pym Particles,703.68,5.07,False
2012-07-04T19:00:00,Wakanda,Clean Water (L),2393.52,5.53,False
2012-07-04T19:00:00,Wakanda,Medical Kits,727.47,4.15,False
2012-07-04T19:00:00,Sokovia,Vibranium (kg),2414.86,4.61,False
2012-07-04T19:00:00,Sokovia,Arc Reactor Cores,694.94,5.53,False
2012-07-04T19:00:00,Sokovia,Pym Particles,707.77,5.07,False
2012-07-04T19:00:00,Sokovia,Clean Water (L),2400.47,5.53,False
2012-07-04T19:00:00,Sokovia,Medical Kits,725.57,4.15,False
2012-07-04T19:00:00,Sanctum Sanctorum,Vibranium (kg),2415.78,4.61,False
2012-07-04T19:00:00,Sanctum Sanctorum,Arc Reactor Cores,694.61,5.53,False
2012-07-04T19:00:00,Sanctum Sanctorum,Pym Particles,706.52,5.07,False
2012-07-04T19:00:00,Sanctum Sanctorum,Clean Water (L),2395.54,5.53,False
2012-07-04T19:00:00,Sanctum Sanctorum,Medical Kits,723.94,4.15,False
2012-07-04T19:00:00,Avengers Compound,Vibranium (kg),2420.16,4.61,False
2012-07-04T19:00:00,Avengers Compound,Arc Reactor Cores,690.89,5.53,False
2012-07-04T19:00:00,Avengers Compound,Pym Particles,700.95,5.07,False
2012-07-04T19:00:00,Avengers Compound,Clean Water (L),2395.7,5.53,False
2012-07-04T19:00:00,Avengers Compound,Medical Kits,728.81,4.15,False
2012-07-04T20:00:00,New Asgard,Vibranium (kg),2415.1,4.25,False
2012-07-04T20:00:00,New Asgard,Arc Reactor Cores,695.74,5.1,False
2012-07-04T20:00:00,New Asgard,Pym Particles,709.53,4.68,False
2012-07-04T20:00:00,New Asgard,Clean Water (L),2397.62,5.1,False
2012-07-04T20:00:00,New Asgard,Medical Kits,726.51,3.83,False
2012-07-04T20:00:00,Wakanda,Vibranium (kg),2413.73,4.25,False
2012-07-04T20:00:00,Wakanda,Arc Reactor Cores,696.19,5.1,False
2012-07-04T20:00:00,Wakanda,Pym Particles,704.59,4.68,False
2012-07-04T20:00:00,Wakanda,Clean Water (L),2394.22,5.1,False
2012-07-04T20:00:00,Wakanda,Medical Kits,729.47,3.83,False
2012-07-04T20:00:00,Sokovia,Vibranium (kg),2414.73,4.25,False
2012-07-04T20:00:00,Sokovia,Arc Reactor Cores,696.41,5.1,False
2012-07-04T20:00:00,Sokovia,Pym Particles,708.49,4.68,False
2012-07-04T20:00:00,Sokovia,Clean Water (L),2400.15,5.1,False
2012-07-04T20:00:00,Sokovia,Medical Kits,726.89,3.83,False
2012-07-04T20:00:00,Sanctum Sanctorum,Vibranium (kg),2416.45,4.25,False
2012-07-04T20:00:00,Sanctum Sanctorum,Arc Reactor Cores,695.13,5.1,False
2012-07-04T20:00:00,Sanctum Sanctorum,Pym Particles,708.1,4.68,False
2012-07-04T20:00:00,Sanctum Sanctorum,Clean Water (L),2396.81,5.1,False
2012-07-04T20:00:00,Sanctum Sanctorum,Medical Kits,725.32,3.83,False
2012-07-04T20:00:00,Avengers Compound,Vibranium (kg),2421.61,4.25,False
2012-07-04T20:00:00,Avengers Compound,Arc Reactor Cores,691.92,5.1,False
2012-07-04T20:00:00,Avengers Compound,Pym Particles,701.7,4.68,False
2012-07-04T20:00:00,Avengers Compound,Clean Water (L),2397.32,5.1,False
2012-07-04T20:00:00,Avengers Compound,Medical Kits,729.9,3.83,False
2012-07-04T21:00:00,New Asgard,Vibranium (kg),2415.41,3.94,False
2012-07-04T21:00:00,New Asgard,Arc Reactor Cores,697.76,4.73,False
2012-07-04T21:00:00,New Asgard,Pym Particles,709.5,4.33,False
2012-07-04T21:00:00,New Asgard,Clean Water (L),2400.23,4.73,False
2012-07-04T21:00:00,New Asgard,Medical Kits,728.2,3.55,False
2012-07-04T21:00:00,Wakanda,Vibranium (kg),2414.86,3.94,False
2012-07-04T21:00:00,Wakanda,Arc Reactor Cores,698.29,4.73,False
2012-07-04T21:00:00,Wakanda,Pym Particles,706.16,4.33,False
2012-07-04T21:00:00,Wakanda,Clean Water (L),2395.27,4.73,False
2012-07-04T21:00:00,Wakanda,Medical Kits,729.52,3.55,False
2012-07-04T21:00:00,Sokovia,Vibranium (kg),2415.05,3.94,False
2012-07-04T21:00:00,Sokovia,Arc Reactor Cores,697.29,4.73,False
2012-07-04T21:00:00,Sokovia,Pym Particles,708.03,4.33,False
2012-07-04T21:00:00,Sokovia,Clean Water (L),2401.48,4.73,False
2012-07-04T21:00:00,Sokovia,Medical Kits,728.37,3.55,False
2012-07-04T21:00:00,Sanctum Sanctorum,Vibranium (kg),2417.6,3.94,False
2012-07-04T21:00:00,Sanctum Sanctorum,Arc Reactor Cores,695.59,4.73,False
2012-07-04T21:00:00,Sanctum Sanctorum,Pym Particles,710.18,4.33,False
2012-07-04T21:00:00,Sanctum Sanctorum,Clean Water (L),2397.77,4.73,False
2012-07-04T21:00:00,Sanctum Sanctorum,Medical Kits,724.76,3.55,False
2012-07-04T21:00:00,Avengers Compound,Vibranium (kg),2421.9,3.94,False
2012-07-04T21:00:00,Avengers Compound,Arc Reactor Cores,692.62,4.73,False
2012-07-04T21:00:00,Avengers Compound,Pym Particles,703.18,4.33,False
2012-07-04T21:00:00,Avengers Compound,Clean Water (L),2400.0,4.73,False
2012-07-04T21:00:00,Avengers Compound,Medical Kits,732.21,3.55,False
2012-07-04T22:00:00,New Asgard,Vibranium (kg),2418.56,3.7,False
2012-07-04T22:00:00,New Asgard,Arc Reactor Cores,699.36,4.44,False
2012-07-04T22:00:00,New Asgard,Pym Particles,711.48,4.07,False
2012-07-04T22:00:00,New Asgard,Clean Water (L),2402.19,4.44,False
2012-07-04T22:00:00,New Asgard,Medical Kits,729.85,3.33,False
2012-07-04T22:00:00,Wakanda,Vibranium (kg),2417.71,3.7,False
2012-07-04T22:00:00,Wakanda,Arc Reactor Cores,699.77,4.44,False
2012-07-04T22:00:00,Wakanda,Pym Particles,709.27,4.07,False
2012-07-04T22:00:00,Wakanda,Clean Water (L),2395.93,4.44,False
2012-07-04T22:00:00,Wakanda,Medical Kits,731.64,3.33,False
2012-07-04T22:00:00,Sokovia,Vibranium (kg),2417.59,3.7,False
2012-07-04T22:00:00,Sokovia,Arc Reactor Cores,699.01,4.44,False
2012-07-04T22:00:00,Sokovia,Pym Particles,708.84,4.07,False
2012-07-04T22:00:00,Sokovia,Clean Water (L),2403.63,4.44,False
2012-07-04T22:00:00,Sokovia,Medical Kits,729.4,3.33,False
2012-07-04T22:00:00,Sanctum Sanctorum,Vibranium (kg),2419.47,3.7,False
2012-07-04T22:00:00,Sanctum Sanctorum,Arc Reactor Cores,697.46,4.44,False
2012-07-04T22:00:00,Sanctum Sanctorum,Pym Particles,713.12,4.07,False
2012-07-04T22:00:00,Sanctum Sanctorum,Clean Water (L),2400.01,4.44,False
2012-07-04T22:00:00,Sanctum Sanctorum,Medical Kits,726.41,3.33,False
2012-07-04T22:00:00,Avengers Compound,Vibranium (kg),2423.34,3.7,False
2012-07-04T22:00:00,Avengers Compound,Arc Reactor Cores,694.86,4.44,False
2012-07-04T22:00:00,Avengers Compound,Pym Particles,704.43,4.07,False
2012-07-04T22:00:00,Avengers Compound,Clean Water (L),2401.4,4.44,False
2012-07-04T22:00:00,Avengers Compound,Medical Kits,734.75,3.33,False
2012-07-04T23:00:00,New Asgard,Vibranium (kg),2419.24,3.55,False
2012-07-04T23:00:00,New Asgard,Arc Reactor Cores,700.72,4.26,False
2012-07-04T23:00:00,New Asgard,Pym Particles,712.27,3.91,False
2012-07-04T23:00:00,New Asgard,Clean Water (L),2404.16,4.26,False
2012-07-04T23:00:00,New Asgard,Medical Kits,730.97,3.2,False
2012-07-04T23:00:00,Wakanda,Vibranium (kg),2419.33,3.55,False
2012-07-04T23:00:00,Wakanda,Arc Reactor Cores,700.7,4.26,False
2012-07-04T23:00:00,Wakanda,Pym Particles,711.75,3.91,False
2012-07-04T23:00:00,Wakanda,Clean Water (L),2398.07,4.26,False
2012-07-04T23:00:00,Wakanda,Medical Kits,731.96,3.2,False
2012-07-04T23:00:00,Sokovia,Vibranium (kg),2419.01,3.55,False
2012-07-04T23:00:00,Sokovia,Arc Reactor Cores,701.29,4.26,False
2012-07-04T23:00:00,Sokovia,Pym Particles,710.73,3.91,False
2012-07-04T23:00:00,Sokovia,Clean Water (L),2406.42,4.26,False
2012-07-04T23:00:00,Sokovia,Medical Kits,730.35,3.2,False
2012-07-04T23:00:00,Sanctum Sanctorum,Vibranium (kg),2420.64,3.55,False
2012-07-04T23:00:00,Sanctum Sanctorum,Arc Reactor Cores,700.44,4.26,False
2012-07-04T23:00:00,Sanctum Sanctorum,Pym Particles,715.21,3.91,False
2012-07-04T23:00:00,Sanctum Sanctorum,Clean Water (L),2403.16,4.26,False
2012-07-04T23:00:00,Sanctum Sanctorum,Medical Kits,727.32,3.2,False
2012-07-04T23:00:00,Avengers Compound,Vibranium (kg),2424.97,3.55,False
2012-07-04T23:00:00,Avengers Compound,Arc Reactor Cores,698.27,4.26,False
2012-07-04T23:00:00,Avengers Compound,Pym Particles,705.96,3.91,False
2012-07-04T23:00:00,Avengers Compound,Clean Water (L),2404.18,4.26,False
2012-07-04T23:00:00,Avengers Compound,Medical Kits,734.87,3.2,False
2012-07-05T00:00:00,New Asgard,Vibranium (kg),2390.29,28.0,True
2012-07-05T00:00:00,New Asgard,Arc Reactor Cores,658.51,42.0,True
2012-07-05T00:00:00,New Asgard,Pym Particles,696.81,15.4,True
2012-07-05T00:00:00,New Asgard,Clean Water (L),2387.73,16.8,True
2012-07-05T00:00:00,New Asgard,Medical Kits,706.36,25.2,True
2012-07-05T00:00:00,Wakanda,Vibranium (kg),2391.5,28.0,True
2012-07-05T00:00:00,Wakanda,Arc Reactor Cores,657.71,42.0,True
2012-07-05T00:00:00,Wakanda,Pym Particles,696.02,15.4,True
2012-07-05T00:00:00,Wakanda,Clean Water (L),2380.49,16.8,True
2012-07-05T00:00:00,Wakanda,Medical Kits,706.18,25.2,True
2012-07-05T00:00:00,Sokovia,Vibranium (kg),2420.0,3.5,False
2012-07-05T00:00:00,Sokovia,Arc Reactor Cores,702.43,4.2,False
2012-07-05T00:00:00,Sokovia,Pym Particles,711.37,3.85,False
2012-07-05T00:00:00,Sokovia,Clean Water (L),2406.78,4.2,False
2012-07-05T00:00:00,Sokovia,Medical Kits,732.54,3.15,False
2012-07-05T00:00:00,Sanctum Sanctorum,Vibranium (kg),2392.24,28.0,True
2012-07-05T00:00:00,Sanctum Sanctorum,Arc Reactor Cores,658.3,42.0,True
2012-07-05T00:00:00,Sanctum Sanctorum,Pym Particles,699.03,15.4,True
2012-07-05T00:00:00,Sanctum Sanctorum,Clean Water (L),2386.7,16.8,True
2012-07-05T00:00:00,Sanctum Sanctorum,Medical Kits,703.11,25.2,True
2012-07-05T00:00:00,Avengers Compound,Vibranium (kg),2396.96,28.0,True
2012-07-05T00:00:00,Avengers Compound,Arc Reactor Cores,655.87,42.0,True
2012-07-05T00:00:00,Avengers Compound,Pym Particles,691.39,15.4,True
2012-07-05T00:00:00,Avengers Compound,Clean Water (L),2386.98,16.8,True
2012-07-05T00:00:00,Avengers Compound,Medical Kits,708.89,25.2,True
2012-07-05T01:00:00,New Asgard,Vibranium (kg),2362.3,28.41,True
2012-07-05T01:00:00,New Asgard,Arc Reactor Cores,616.5,42.61,True
2012-07-05T01:00:00,New Asgard,Pym Particles,681.31,15.62,True
2012-07-05T01:00:00,New Asgard,Clean Water (L),2371.24,17.05,True
2012-07-05T01:00:00,New Asgard,Medical Kits,680.96,25.57,True
2012-07-05T01:00:00,Wakanda,Vibranium (kg),2362.54,28.41,True
2012-07-05T01:00:00,Wakanda,Arc Reactor Cores,615.44,42.61,True
2012-07-05T01:00:00,Wakanda,Pym Particles,680.82,15.62,True
2012-07-05T01:00:00,Wakanda,Clean Water (L),2364.17,17.05,True
2012-07-05T01:00:00,Wakanda,Medical Kits,680.98,25.57,True
2012-07-05T01:00:00,Sokovia,Vibranium (kg),2421.6,3.55,False
2012-07-05T01:00:00,Sokovia,Arc Reactor Cores,704.0,4.26,False
2012-07-05T01:00:00,Sokovia,Pym Particles,712.69,3.91,False
2012-07-05T01:00:00,Sokovia,Clean Water (L),2407.37,4.26,False
2012-07-05T01:00:00,Sokovia,Medical Kits,733.95,3.2,False
2012-07-05T01:00:00,Sanctum Sanctorum,Vibranium (kg),2364.25,28.41,True
2012-07-05T01:00:00,Sanctum Sanctorum,Arc Reactor Cores,616.15,42.61,True
2012-07-05T01:00:00,Sanctum Sanctorum,Pym Particles,682.95,15.62,True
2012-07-05T01:00:00,Sanctum Sanctorum,Clean Water (L),2369.66,17.05,True
2012-07-05T01:00:00,Sanctum Sanctorum,Medical Kits,677.2,25.57,True
2012-07-05T01:00:00,Avengers Compound,Vibranium (kg),2369.52,28.41,True
2012-07-05T01:00:00,Avengers Compound,Arc Reactor Cores,613.31,42.61,True
2012-07-05T01:00:00,Avengers Compound,Pym Particles,676.75,15.62,True
2012-07-05T01:00:00,Avengers Compound,Clean Water (L),2370.56,17.05,True
2012-07-05T01:00:00,Avengers Compound,Medical Kits,682.55,25.57,True
2012-07-05T02:00:00,New Asgard,Vibranium (kg),2333.14,29.61,True
2012-07-05T02:00:00,New Asgard,Arc Reactor Cores,572.95,44.41,True
2012-07-05T02:00:00,New Asgard,Pym Particles,665.99,16.28,True
2012-07-05T02:00:00,New Asgard,Clean Water (L),2353.98,17.76,True
2012-07-05T02:00:00,New Asgard,Medical Kits,653.89,26.65,True
2012-07-05T02:00:00,Wakanda,Vibranium (kg),2332.76,29.61,True
2012-07-05T02:00:00,Wakanda,Arc Reactor Cores,570.23,44.41,True
2012-07-05T02:00:00,Wakanda,Pym Particles,663.67,16.28,True
2012-07-05T02:00:00,Wakanda,Clean Water (L),2345.81,17.76,True
2012-07-05T02:00:00,Wakanda,Medical Kits,655.3,26.65,True
2012-07-05T02:00:00,Sokovia,Vibranium (kg),2422.28,3.7,False
2012-07-05T02:00:00,Sokovia,Arc Reactor Cores,705.14,4.44,False
2012-07-05T02:00:00,Sokovia,Pym Particles,713.26,4.07,False
2012-07-05T02:00:00,Sokovia,Clean Water (L),2408.5,4.44,False
2012-07-05T02:00:00,Sokovia,Medical Kits,735.72,3.33,False
2012-07-05T02:00:00,Sanctum Sanctorum,Vibranium (kg),2335.56,29.61,True
2012-07-05T02:00:00,Sanctum Sanctorum,Arc Reactor Cores,571.92,44.41,True
2012-07-05T02:00:00,Sanctum Sanctorum,Pym Particles,667.13,16.28,True
2012-07-05T02:00:00,Sanctum Sanctorum,Clean Water (L),2351.39,17.76,True
2012-07-05T02:00:00,Sanctum Sanctorum,Medical Kits,649.96,26.65,True
2012-07-05T02:00:00,Avengers Compound,Vibranium (kg),2339.39,29.61,True
2012-07-05T02:00:00,Avengers Compound,Arc Reactor Cores,569.53,44.41,True
2012-07-05T02:00:00,Avengers Compound,Pym Particles,660.0,16.28,True
2012-07-05T02:00:00,Avengers Compound,Clean Water (L),2352.57,17.76,True
2012-07-05T02:00:00,Avengers Compound,Medical Kits,656.4,26.65,True
2012-07-05T03:00:00,New Asgard,Vibranium (kg),2301.56,31.51,True
2012-07-05T03:00:00,New Asgard,Arc Reactor Cores,525.41,47.27,True
2012-07-05T03:00:00,New Asgard,Pym Particles,648.53,17.33,True
2012-07-05T03:00:00,New Asgard,Clean Water (L),2334.84,18.91,True
2012-07-05T03:00:00,New Asgard,Medical Kits,624.87,28.36,True
2012-07-05T03:00:00,Wakanda,Vibranium (kg),2301.91,31.51,True
2012-07-05T03:00:00,Wakanda,Arc Reactor Cores,521.99,47.27,True
2012-07-05T03:00:00,Wakanda,Pym Particles,646.97,17.33,True
2012-07-05T03:00:00,Wakanda,Clean Water (L),2326.83,18.91,True
2012-07-05T03:00:00,Wakanda,Medical Kits,627.92,28.36,True
2012-07-05T03:00:00,Sokovia,Vibranium (kg),2423.15,3.94,False
2012-07-05T03:00:00,Sokovia,Arc Reactor Cores,706.14,4.73,False
2012-07-05T03:00:00,Sokovia,Pym Particles,714.16,4.33,False
2012-07-05T03:00:00,Sokovia,Clean Water (L),2408.91,4.73,False
2012-07-05T03:00:00,Sokovia,Medical Kits,735.14,3.55,False
2012-07-05T03:00:00,Sanctum Sanctorum,Vibranium (kg),2303.18,31.51,True
2012-07-05T03:00:00,Sanctum Sanctorum,Arc Reactor Cores,524.43,47.27,True
2012-07-05T03:00:00,Sanctum Sanctorum,Pym Particles,649.49,17.33,True
2012-07-05T03:00:00,Sanctum Sanctorum,Clean Water (L),2332.29,18.91,True
2012-07-05T03:00:00,Sanctum Sanctorum,Medical Kits,620.72,28.36,True
2012-07-05T03:00:00,Avengers Compound,Vibranium (kg),2307.43,31.51,True
2012-07-05T03:00:00,Avengers Compound,Arc Reactor Cores,522.34,47.27,True
2012-07-05T03:00:00,Avengers Compound,Pym Particles,643.31,17.33,True
2012-07-05T03:00:00,Avengers Compound,Clean Water (L),2334.27,18.91,True
2012-07-05T03:00:00,Avengers Compound,Medical Kits,628.65,28.36,True
2012-07-05T04:00:00,New Asgard,Vibranium (kg),2266.7,34.0,True
2012-07-05T04:00:00,New Asgard,Arc Reactor Cores,475.11,51.0,True
2012-07-05T04:00:00,New Asgard,Pym Particles,629.69,18.7,True
2012-07-05T04:00:00,New Asgard,Clean Water (L),2313.82,20.4,True
2012-07-05T04:00:00,New Asgard,Medical Kits,594.5,30.6,True
2012-07-05T04:00:00,Wakanda,Vibranium (kg),2267.43,34.0,True
2012-07-05T04:00:00,Wakanda,Arc Reactor Cores,471.08,51.0,True
2012-07-05T04:00:00,Wakanda,Pym Particles,627.65,18.7,True
2012-07-05T04:00:00,Wakanda,Clean Water (L),2305.5,20.4,True
2012-07-05T04:00:00,Wakanda,Medical Kits,597.65,30.6,True
2012-07-05T04:00:00,Sokovia,Vibranium (kg),2424.91,4.25,False
2012-07-05T04:00:00,Sokovia,Arc Reactor Cores,707.55,5.1,False
2012-07-05T04:00:00,Sokovia,Pym Particles,715.43,4.68,False
2012-07-05T04:00:00,Sokovia,Clean Water (L),2408.59,5.1,False
2012-07-05T04:00:00,Sokovia,Medical Kits,735.61,3.83,False
2012-07-05T04:00:00,Sanctum Sanctorum,Vibranium (kg),2269.74,34.0,True
2012-07-05T04:00:00,Sanctum Sanctorum,Arc Reactor Cores,473.3,51.0,True
2012-07-05T04:00:00,Sanctum Sanctorum,Pym Particles,629.9,18.7,True
2012-07-05T04:00:00,Sanctum Sanctorum,Clean Water (L),2312.28,20.4,True
2012-07-05T04:00:00,Sanctum Sanctorum,Medical Kits,590.09,30.6,True
2012-07-05T04:00:00,Avengers Compound,Vibranium (kg),2272.93,34.0,True
2012-07-05T04:00:00,Avengers Compound,Arc Reactor Cores,470.51,51.0,True
2012-07-05T04:00:00,Avengers Compound,Pym Particles,625.49,18.7,True
2012-07-05T04:00:00,Avengers Compound,Clean Water (L),2313.38,20.4,True
2012-07-05T04:00:00,Avengers Compound,Medical Kits,598.25,30.6,True
2012-07-05T05:00:00,New Asgard,Vibranium (kg),2230.44,36.89,True
2012-07-05T05:00:00,New Asgard,Arc Reactor Cores,418.81,55.34,True
2012-07-05T05:00:00,New Asgard,Pym Particles,610.05,20.29,True
2012-07-05T05:00:00,New Asgard,Clean Water (L),2290.79,22.14,True
2012-07-05T05:00:00,New Asgard,Medical Kits,561.68,33.2,True
2012-07-05T05:00:00,Wakanda,Vibranium (kg),2231.51,36.89,True
2012-07-05T05:00:00,Wakanda,Arc Reactor Cores,415.96,55.34,True
2012-07-05T05:00:00,Wakanda,Pym Particles,608.3,20.29,True
2012-07-05T05:00:00,Wakanda,Clean Water (L),2284.18,22.14,True
2012-07-05T05:00:00,Wakanda,Medical Kits,565.25,33.2,True
2012-07-05T05:00:00,Sokovia,Vibranium (kg),2424.6,4.61,False
2012-07-05T05:00:00,Sokovia,Arc Reactor Cores,707.44,5.53,False
2012-07-05T05:00:00,Sokovia,Pym Particles,716.26,5.07,False
2012-07-05T05:00:00,Sokovia,Clean Water (L),2408.55,5.53,False
2012-07-05T05:00:00,Sokovia,Medical Kits,735.22,4.15,False
2012-07-05T05:00:00,Sanctum Sanctorum,Vibranium (kg),2233.29,36.89,True
2012-07-05T05:00:00,Sanctum Sanctorum,Arc Reactor Cores,418.24,55.34,True
2012-07-05T05:00:00,Sanctum Sanctorum,Pym Particles,609.13,20.29,True
2012-07-05T05:00:00,Sanctum Sanctorum,Clean Water (L),2290.2,22.14,True
2012-07-05T05:00:00,Sanctum Sanctorum,Medical Kits,557.45,33.2,True
2012-07-05T05:00:00,Avengers Compound,Vibranium (kg),2236.86,36.89,True
2012-07-05T05:00:00,Avengers Compound,Arc Reactor Cores,414.36,55.34,True
2012-07-05T05:00:00,Avengers Compound,Pym Particles,604.23,20.29,True
2012-07-05T05:00:00,Avengers Compound,Clean Water (L),2290.85,22.14,True
2012-07-05T05:00:00,Avengers Compound,Medical Kits,565.47,33.2,True
2012-07-05T06:00:00,New Asgard,Vibranium (kg),2190.48,40.0,True
2012-07-05T06:00:00,New Asgard,Arc Reactor Cores,358.43,60.0,True
2012-07-05T06:00:00,New Asgard,Pym Particles,588.89,22.0,True
2012-07-05T06:00:00,New Asgard,Clean Water (L),2267.7,24.0,True
2012-07-05T06:00:00,New Asgard,Medical Kits,525.13,36.0,True
2012-07-05T06:00:00,Wakanda,Vibranium (kg),2191.91,40.0,True
2012-07-05T06:00:00,Wakanda,Arc Reactor Cores,356.59,60.0,True
2012-07-05T06:00:00,Wakanda,Pym Particles,585.91,22.0,True
2012-07-05T06:00:00,Wakanda,Clean Water (L),2259.18,24.0,True
2012-07-05T06:00:00,Wakanda,Medical Kits,529.29,36.0,True
2012-07-05T06:00:00,Sokovia,Vibranium (kg),2424.33,5.0,False
2012-07-05T06:00:00,Sokovia,Arc Reactor Cores,708.04,6.0,False
2012-07-05T06:00:00,Sokovia,Pym Particles,715.47,5.5,False
2012-07-05T06:00:00,Sokovia,Clean Water (L),2409.59,6.0,False
2012-07-05T06:00:00,Sokovia,Medical Kits,734.75,4.5,False
2012-07-05T06:00:00,Sanctum Sanctorum,Vibranium (kg),2194.0,40.0,True
2012-07-05T06:00:00,Sanctum Sanctorum,Arc Reactor Cores,357.25,60.0,True
2012-07-05T06:00:00,Sanctum Sanctorum,Pym Particles,587.91,22.0,True
2012-07-05T06:00:00,Sanctum Sanctorum,Clean Water (L),2265.23,24.0,True
2012-07-05T06:00:00,Sanctum Sanctorum,Medical Kits,520.61,36.0,True
2012-07-05T06:00:00,Avengers Compound,Vibranium (kg),2196.39,40.0,True
2012-07-05T06:00:00,Avengers Compound,Arc Reactor Cores,353.78,60.0,True
2012-07-05T06:00:00,Avengers Compound,Pym Particles,582.98,22.0,True
2012-07-05T06:00:00,Avengers Compound,Clean Water (L),2267.81,24.0,True
2012-07-05T06:00:00,Avengers Compound,Medical Kits,528.57,36.0,True
2012-07-05T07:00:00,New Asgard,Vibranium (kg),2146.94,43.11,True
2012-07-05T07:00:00,New Asgard,Arc Reactor Cores,293.5,64.66,True
2012-07-05T07:00:00,New Asgard,Pym Particles,566.05,23.71,True
2012-07-05T07:00:00,New Asgard,Clean Water (L),2241.08,25.86,True
2012-07-05T07:00:00,New Asgard,Medical Kits,485.42,38.8,True
2012-07-05T07:00:00,Wakanda,Vibranium (kg),2149.19,43.11,True
2012-07-05T07:00:00,Wakanda,Arc Reactor Cores,291.63,64.66,True
2012-07-05T07:00:00,Wakanda,Pym Particles,562.18,23.71,True
2012-07-05T07:00:00,Wakanda,Clean Water (L),2233.0,25.86,True
2012-07-05T07:00:00,Wakanda,Medical Kits,491.03,38.8,True
2012-07-05T07:00:00,Sokovia,Vibranium (kg),2423.95,5.39,False
2012-07-05T07:00:00,Sokovia,Arc Reactor Cores,707.2,6.47,False
2012-07-05T07:00:00,Sokovia,Pym Particles,713.59,5.93,False
2012-07-05T07:00:00,Sokovia,Clean Water (L),2408.65,6.47,False
2012-07-05T07:00:00,Sokovia,Medical Kits,734.46,4.85,False
2012-07-05T07:00:00,Sanctum Sanctorum,Vibranium (kg),2150.8,43.11,True
2012-07-05T07:00:00,Sanctum Sanctorum,Arc Reactor Cores,292.25,64.66,True
2012-07-05T07:00:00,Sanctum Sanctorum,Pym Particles,563.35,23.71,True
2012-07-05T07:00:00,Sanctum Sanctorum,Clean Water (L),2239.59,25.86,True
2012-07-05T07:00:00,Sanctum Sanctorum,Medical Kits,482.45,38.8,True
2012-07-05T07:00:00,Avengers Compound,Vibranium (kg),2153.48,43.11,True
2012-07-05T07:00:00,Avengers Compound,Arc Reactor Cores,289.84,64.66,True
2012-07-05T07:00:00,Avengers Compound,Pym Particles,559.01,23.71,True
2012-07-05T07:00:00,Avengers Compound,Clean Water (L),2242.51,25.86,True
2012-07-05T07:00:00,Avengers Compound,Medical Kits,489.39,38.8,True
2012-07-05T08:00:00,New Asgard,Vibranium (kg),2100.05,46.0,True
2012-07-05T08:00:00,New Asgard,Arc Reactor Cores,225.39,69.0,True
2012-07-05T08:00:00,New Asgard,Pym Particles,541.4,25.3,True
2012-07-05T08:00:00,New Asgard,Clean Water (L),2213.87,27.6,True
2012-07-05T08:00:00,New Asgard,Medical Kits,444.79,41.4,True
2012-07-05T08:00:00,Wakanda,Vibranium (kg),2103.11,46.0,True
2012-07-05T08:00:00,Wakanda,Arc Reactor Cores,221.77,69.0,True
2012-07-05T08:00:00,Wakanda,Pym Particles,537.45,25.3,True
2012-07-05T08:00:00,Wakanda,Clean Water (L),2205.3,27.6,True
2012-07-05T08:00:00,Wakanda,Medical Kits,449.04,41.4,True
2012-07-05T08:00:00,Sokovia,Vibranium (kg),2423.46,5.75,False
2012-07-05T08:00:00,Sokovia,Arc Reactor Cores,706.51,6.9,False
2012-07-05T08:00:00,Sokovia,Pym Particles,712.74,6.32,False
2012-07-05T08:00:00,Sokovia,Clean Water (L),2407.29,6.9,False
2012-07-05T08:00:00,Sokovia,Medical Kits,734.44,5.17,False
2012-07-05T08:00:00,Sanctum Sanctorum,Vibranium (kg),2104.02,46.0,True
2012-07-05T08:00:00,Sanctum Sanctorum,Arc Reactor Cores,224.14,69.0,True
2012-07-05T08:00:00,Sanctum Sanctorum,Pym Particles,538.2,25.3,True
2012-07-05T08:00:00,Sanctum Sanctorum,Clean Water (L),2211.08,27.6,True
2012-07-05T08:00:00,Sanctum Sanctorum,Medical Kits,440.56,41.4,True
2012-07-05T08:00:00,Avengers Compound,Vibranium (kg),2107.29,46.0,True
2012-07-05T08:00:00,Avengers Compound,Arc Reactor Cores,219.87,69.0,True
2012-07-05T08:00:00,Avengers Compound,Pym Particles,534.55,25.3,True
2012-07-05T08:00:00,Avengers Compound,Clean Water (L),2215.82,27.6,True
2012-07-05T08:00:00,Avengers Compound,Medical Kits,448.18,41.4,True
2012-07-05T09:00:00,New Asgard,Vibranium (kg),2052.11,48.49,True
2012-07-05T09:00:00,New Asgard,Arc Reactor Cores,152.34,72.73,True
2012-07-05T09:00:00,New Asgard,Pym Particles,514.51,26.67,True
2012-07-05T09:00:00,New Asgard,Clean Water (L),2183.78,29.09,True
2012-07-05T09:00:00,New Asgard,Medical Kits,401.98,43.64,True
2012-07-05T09:00:00,Wakanda,Vibranium (kg),2054.29,48.49,True
2012-07-05T09:00:00,Wakanda,Arc Reactor Cores,149.96,72.73,True
2012-07-05T09:00:00,Wakanda,Pym Particles,510.84,26.67,True
2012-07-05T09:00:00,Wakanda,Clean Water (L),2175.68,29.09,True
2012-07-05T09:00:00,Wakanda,Medical Kits,404.72,43.64,True
2012-07-05T09:00:00,Sokovia,Vibranium (kg),2423.02,6.06,False
2012-07-05T09:00:00,Sokovia,Arc Reactor Cores,703.73,7.27,False
2012-07-05T09:00:00,Sokovia,Pym Particles,712.62,6.67,False
2012-07-05T09:00:00,Sokovia,Clean Water (L),2405.39,7.27,False
2012-07-05T09:00:00,Sokovia,Medical Kits,732.27,5.45,False
2012-07-05T09:00:00,Sanctum Sanctorum,Vibranium (kg),2056.44,48.49,True
2012-07-05T09:00:00,Sanctum Sanctorum,Arc Reactor Cores,151.73,72.73,True
2012-07-05T09:00:00,Sanctum Sanctorum,Pym Particles,512.17,26.67,True
2012-07-05T09:00:00,Sanctum Sanctorum,Clean Water (L),2182.64,29.09,True
2012-07-05T09:00:00,Sanctum Sanctorum,Medical Kits,396.66,43.64,True
2012-07-05T09:00:00,Avengers Compound,Vibranium (kg),2058.52,48.49,True
2012-07-05T09:00:00,Avengers Compound,Arc Reactor Cores,147.85,72.73,True
2012-07-05T09:00:00,Avengers Compound,Pym Particles,508.38,26.67,True
2012-07-05T09:00:00,Avengers Compound,Clean Water (L),2186.75,29.09,True
2012-07-05T09:00:00,Avengers Compound,Medical Kits,404.19,43.64,True
2012-07-05T10:00:00,New Asgard,Vibranium (kg),2002.02,50.39,True
2012-07-05T10:00:00,New Asgard,Arc Reactor Cores,76.58,75.59,True
2012-07-05T10:00:00,New Asgard,Pym Particles,487.31,27.72,True
2012-07-05T10:00:00,New Asgard,Clean Water (L),2153.87,30.24,True
2012-07-05T10:00:00,New Asgard,Medical Kits,356.35,45.35,True
2012-07-05T10:00:00,Wakanda,Vibranium (kg),2004.44,50.39,True
2012-07-05T10:00:00,Wakanda,Arc Reactor Cores,74.58,75.59,True
2012-07-05T10:00:00,Wakanda,Pym Particles,482.53,27.72,True
2012-07-05T10:00:00,Wakanda,Clean Water (L),2146.0,30.24,True
2012-07-05T10:00:00,Wakanda,Medical Kits,359.84,45.35,True
2012-07-05T10:00:00,Sokovia,Vibranium (kg),2420.89,6.3,False
2012-07-05T10:00:00,Sokovia,Arc Reactor Cores,701.19,7.56,False
2012-07-05T10:00:00,Sokovia,Pym Particles,711.27,6.93,False
2012-07-05T10:00:00,Sokovia,Clean Water (L),2403.23,7.56,False
2012-07-05T10:00:00,Sokovia,Medical Kits,730.79,5.67,False
2012-07-05T10:00:00,Sanctum Sanctorum,Vibranium (kg),2005.75,50.39,True
2012-07-05T10:00:00,Sanctum Sanctorum,Arc Reactor Cores,75.49,75.59,True
2012-07-05T10:00:00,Sanctum Sanctorum,Pym Particles,485.23,27.72,True
2012-07-05T10:00:00,Sanctum Sanctorum,Clean Water (L),2152.48,30.24,True
2012-07-05T10:00:00,Sanctum Sanctorum,Medical Kits,352.16,45.35,True
2012-07-05T10:00:00,Avengers Compound,Vibranium (kg),2007.68,50.39,True
2012-07-05T10:00:00,Avengers Compound,Arc Reactor Cores,71.29,75.59,True
2012-07-05T10:00:00,Avengers Compound,Pym Particles,480.61,27.72,True
2012-07-05T10:00:00,Avengers Compound,Clean Water (L),2157.42,30.24,True
2012-07-05T10:00:00,Avengers Compound,Medical Kits,358.11,45.35,True
2012-07-05T11:00:00,New Asgard,Vibranium (kg),1950.82,51.59,True
2012-07-05T11:00:00,New Asgard,Arc Reactor Cores,0,77.39,True
2012-07-05T11:00:00,New Asgard,Pym Particles,458.15,28.38,True
2012-07-05T11:00:00,New Asgard,Clean Water (L),2122.15,30.95,True
2012-07-05T11:00:00,New Asgard,Medical Kits,309.21,46.43,True
2012-07-05T11:00:00,Wakanda,Vibranium (kg),1952.73,51.59,True
2012-07-05T11:00:00,Wakanda,Arc Reactor Cores,0,77.39,True
2012-07-05T11:00:00,Wakanda,Pym Particles,453.94,28.38,True
2012-07-05T11:00:00,Wakanda,Clean Water (L),2114.24,30.95,True
2012-07-05T11:00:00,Wakanda,Medical Kits,313.66,46.43,True
2012-07-05T11:00:00,Sokovia,Vibranium (kg),2418.81,6.45,False
2012-07-05T11:00:00,Sokovia,Arc Reactor Cores,699.22,7.74,False
2012-07-05T11:00:00,Sokovia,Pym Particles,710.85,7.09,False
2012-07-05T11:00:00,Sokovia,Clean Water (L),2401.39,7.74,False
2012-07-05T11:00:00,Sokovia,Medical Kits,730.73,5.8,False
2012-07-05T11:00:00,Sanctum Sanctorum,Vibranium (kg),1953.33,51.59,True
2012-07-05T11:00:00,Sanctum Sanctorum,Arc Reactor Cores,0,77.39,True
2012-07-05T11:00:00,Sanctum Sanctorum,Pym Particles,457.75,28.38,True
2012-07-05T11:00:00,Sanctum Sanctorum,Clean Water (L),2121.21,30.95,True
2012-07-05T11:00:00,Sanctum Sanctorum,Medical Kits,305.64,46.43,True
2012-07-05T11:00:00,Avengers Compound,Vibranium (kg),1956.64,51.59,True
2012-07-05T11:00:00,Avengers Compound,Arc Reactor Cores,0,77.39,True
2012-07-05T11:00:00,Avengers Compound,Pym Particles,452.14,28.38,True
2012-07-05T11:00:00,Avengers Compound,Clean Water (L),2126.41,30.95,True
2012-07-05T11:00:00,Avengers Compound,Medical Kits,311.7,46.43,True
2012-07-05T12:00:00,New Asgard,Vibranium (kg),1898.29,52.0,True
2012-07-05T12:00:00,New Asgard,Arc Reactor Cores,0,78.0,True
2012-07-05T12:00:00,New Asgard,Pym Particles,429.93,28.6,True
2012-07-05T12:00:00,New Asgard,Clean Water (L),2090.08,31.2,True
2012-07-05T12:00:00,New Asgard,Medical Kits,262.62,46.8,True
2012-07-05T12:00:00,Wakanda,Vibranium (kg),1901.35,52.0,True
2012-07-05T12:00:00,Wakanda,Arc Reactor Cores,0,78.0,True
2012-07-05T12:00:00,Wakanda,Pym Particles,424.51,28.6,True
2012-07-05T12:00:00,Wakanda,Clean Water (L),2082.36,31.2,True
2012-07-05T12:00:00,Wakanda,Medical Kits,267.21,46.8,True
2012-07-05T12:00:00,Sokovia,Vibranium (kg),2417.4,6.5,False
2012-07-05T12:00:00,Sokovia,Arc Reactor Cores,697.69,7.8,False
2012-07-05T12:00:00,Sokovia,Pym Particles,708.9,7.15,False
2012-07-05T12:00:00,Sokovia,Clean Water (L),2400.04,7.8,False
2012-07-05T12:00:00,Sokovia,Medical Kits,728.28,5.85,False
2012-07-05T12:00:00,Sanctum Sanctorum,Vibranium (kg),1900.54,52.0,True
2012-07-05T12:00:00,Sanctum Sanctorum,Arc Reactor Cores,0,78.0,True
2012-07-05T12:00:00,Sanctum Sanctorum,Pym Particles,428.7,28.6,True
2012-07-05T12:00:00,Sanctum Sanctorum,Clean Water (L),2090.72,31.2,True
2012-07-05T12:00:00,Sanctum Sanctorum,Medical Kits,258.84,46.8,True
2012-07-05T12:00:00,Avengers Compound,Vibranium (kg),1903.79,52.0,True
2012-07-05T12:00:00,Avengers Compound,Arc Reactor Cores,0,78.0,True
2012-07-05T12:00:00,Avengers Compound,Pym Particles,423.22,28.6,True
2012-07-05T12:00:00,Avengers Compound,Clean Water (L),2095.42,31.2,True
2012-07-05T12:00:00,Avengers Compound,Medical Kits,265.27,46.8,True
2012-07-05T13:00:00,New Asgard,Vibranium (kg),1847.47,51.59,True
2012-07-05T13:00:00,New Asgard,Arc Reactor Cores,0,77.39,True
2012-07-05T13:00:00,New Asgard,Pym Particles,402.38,28.38,True
2012-07-05T13:00:00,New Asgard,Clean Water (L),2059.79,30.95,True
2012-07-05T13:00:00,New Asgard,Medical Kits,217.0,46.43,True
2012-07-05T13:00:00,Wakanda,Vibranium (kg),1850.27,51.59,True
2012-07-05T13:00:00,Wakanda,Arc Reactor Cores,0,77.39,True
2012-07-05T13:00:00,Wakanda,Pym Particles,397.08,28.38,True
2012-07-05T13:00:00,Wakanda,Clean Water (L),2051.26,30.95,True
2012-07-05T13:00:00,Wakanda,Medical Kits,221.28,46.43,True
2012-07-05T13:00:00,Sokovia,Vibranium (kg),2415.72,6.45,False
2012-07-05T13:00:00,Sokovia,Arc Reactor Cores,695.73,7.74,False
2012-07-05T13:00:00,Sokovia,Pym Particles,707.41,7.09,False
2012-07-05T13:00:00,Sokovia,Clean Water (L),2397.05,7.74,False
2012-07-05T13:00:00,Sokovia,Medical Kits,726.39,5.8,False
2012-07-05T13:00:00,Sanctum Sanctorum,Vibranium (kg),1849.47,51.59,True
2012-07-05T13:00:00,Sanctum Sanctorum,Arc Reactor Cores,0,77.39,True
2012-07-05T13:00:00,Sanctum Sanctorum,Pym Particles,400.55,28.38,True
2012-07-05T13:00:00,Sanctum Sanctorum,Clean Water (L),2060.06,30.95,True
2012-07-05T13:00:00,Sanctum Sanctorum,Medical Kits,211.47,46.43,True
2012-07-05T13:00:00,Avengers Compound,Vibranium (kg),1852.38,51.59,True
2012-07-05T13:00:00,Avengers Compound,Arc Reactor Cores,0,77.39,True
2012-07-05T13:00:00,Avengers Compound,Pym Particles,394.69,28.38,True
2012-07-05T13:00:00,Avengers Compound,Clean Water (L),2065.1,30.95,True
2012-07-05T13:00:00,Avengers Compound,Medical Kits,218.1,46.43,True
2012-07-05T14:00:00,New Asgard,Vibranium (kg),1797.33,50.39,True
2012-07-05T14:00:00,New Asgard,Arc Reactor Cores,0,75.59,True
2012-07-05T14:00:00,New Asgard,Pym Particles,373.99,27.72,True
2012-07-05T14:00:00,New Asgard,Clean Water (L),2029.43,30.24,True
2012-07-05T14:00:00,New Asgard,Medical Kits,171.61,45.35,True
2012-07-05T14:00:00,Wakanda,Vibranium (kg),1800.52,50.39,True
2012-07-05T14:00:00,Wakanda,Arc Reactor Cores,0,75.59,True
2012-07-05T14:00:00,Wakanda,Pym Particles,369.62,27.72,True
2012-07-05T14:00:00,Wakanda,Clean Water (L),2020.87,30.24,True
2012-07-05T14:00:00,Wakanda,Medical Kits,176.45,45.35,True
2012-07-05T14:00:00,Sokovia,Vibranium (kg),2414.72,6.3,False
2012-07-05T14:00:00,Sokovia,Arc Reactor Cores,694.58,7.56,False
2012-07-05T14:00:00,Sokovia,Pym Particles,707.17,6.93,False
2012-07-05T14:00:00,Sokovia,Clean Water (L),2395.62,7.56,False
2012-07-05T14:00:00,Sokovia,Medical Kits,725.92,5.67,False
2012-07-05T14:00:00,Sanctum Sanctorum,Vibranium (kg),1799.97,50.39,True
2012-07-05T14:00:00,Sanctum Sanctorum,Arc Reactor Cores,0,75.59,True
2012-07-05T14:00:00,Sanctum Sanctorum,Pym Particles,373.11,27.72,True
2012-07-05T14:00:00,Sanctum Sanctorum,Clean Water (L),2030.19,30.24,True
2012-07-05T14:00:00,Sanctum Sanctorum,Medical Kits,165.41,45.35,True
2012-07-05T14:00:00,Avengers Compound,Vibranium (kg),1802.18,50.39,True
2012-07-05T14:00:00,Avengers Compound,Arc Reactor Cores,0,75.59,True
2012-07-05T14:00:00,Avengers Compound,Pym Particles,367.13,27.72,True
2012-07-05T14:00:00,Avengers Compound,Clean Water (L),2034.23,30.24,True
2012-07-05T14:00:00,Avengers Compound,Medical Kits,173.6,45.35,True
2012-07-05T15:00:00,New Asgard,Vibranium (kg),1748.56,48.49,True
2012-07-05T15:00:00,New Asgard,Arc Reactor Cores,0,72.73,True
2012-07-05T15:00:00,New Asgard,Pym Particles,346.67,26.67,True
2012-07-05T15:00:00,New Asgard,Clean Water (L),2001.13,29.09,True
2012-07-05T15:00:00,New Asgard,Medical Kits,127.68,43.64,True
2012-07-05T15:00:00,Wakanda,Vibranium (kg),1751.15,48.49,True
2012-07-05T15:00:00,Wakanda,Arc Reactor Cores,0,72.73,True
2012-07-05T15:00:00,Wakanda,Pym Particles,343.6,26.67,True
2012-07-05T15:00:00,Wakanda,Clean Water (L),1991.68,29.09,True
2012-07-05T15:00:00,Wakanda,Medical Kits,133.46,43.64,True
2012-07-05T15:00:00,Sokovia,Vibranium (kg),2413.71,6.06,False
2012-07-05T15:00:00,Sokovia,Arc Reactor Cores,692.19,7.27,False
2012-07-05T15:00:00,Sokovia,Pym Particles,706.38,6.67,False
2012-07-05T15:00:00,Sokovia,Clean Water (L),2393.87,7.27,False
2012-07-05T15:00:00,Sokovia,Medical Kits,724.08,5.45,False
2012-07-05T15:00:00,Sanctum Sanctorum,Vibranium (kg),1752.06,48.49,True
2012-07-05T15:00:00,Sanctum Sanctorum,Arc Reactor Cores,0,72.73,True
2012-07-05T15:00:00,Sanctum Sanctorum,Pym Particles,346.2,26.67,True
2012-07-05T15:00:00,Sanctum Sanctorum,Clean Water (L),2000.99,29.09,True
2012-07-05T15:00:00,Sanctum Sanctorum,Medical Kits,122.69,43.64,True
2012-07-05T15:00:00,Avengers Compound,Vibranium (kg),1753.66,48.49,True
2012-07-05T15:00:00,Avengers Compound,Arc Reactor Cores,0,72.73,True
2012-07-05T15:00:00,Avengers Compound,Pym Particles,341.45,26.67,True
2012-07-05T15:00:00,Avengers Compound,Clean Water (L),2005.13,29.09,True
2012-07-05T15:00:00,Avengers Compound,Medical Kits,130.02,43.64,True
2012-07-05T16:00:00,New Asgard,Vibranium (kg),1703.01,46.0,True
2012-07-05T16:00:00,New Asgard,Arc Reactor Cores,0,69.0,True
2012-07-05T16:00:00,New Asgard,Pym Particles,322.12,25.3,True
2012-07-05T16:00:00,New Asgard,Clean Water (L),1973.89,27.6,True
2012-07-05T16:00:00,New Asgard,Medical Kits,85.7,41.4,True
2012-07-05T16:00:00,Wakanda,Vibranium (kg),1705.81,46.0,True
2012-07-05T16:00:00,Wakanda,Arc Reactor Cores,0,69.0,True
2012-07-05T16:00:00,Wakanda,Pym Particles,318.02,25.3,True
2012-07-05T16:00:00,Wakanda,Clean Water (L),1964.69,27.6,True
2012-07-05T16:00:00,Wakanda,Medical Kits,91.39,41.4,True
2012-07-05T16:00:00,Sokovia,Vibranium (kg),2414.38,5.75,False
2012-07-05T16:00:00,Sokovia,Arc Reactor Cores,691.7,6.9,False
2012-07-05T16:00:00,Sokovia,Pym Particles,706.0,6.32,False
2012-07-05T16:00:00,Sokovia,Clean Water (L),2392.77,6.9,False
2012-07-05T16:00:00,Sokovia,Medical Kits,723.47,5.17,False
2012-07-05T16:00:00,Sanctum Sanctorum,Vibranium (kg),1706.66,46.0,True
2012-07-05T16:00:00,Sanctum Sanctorum,Arc Reactor Cores,0,69.0,True
2012-07-05T16:00:00,Sanctum Sanctorum,Pym Particles,320.99,25.3,True
2012-07-05T16:00:00,Sanctum Sanctorum,Clean Water (L),1974.38,27.6,True
2012-07-05T16:00:00,Sanctum Sanctorum,Medical Kits,81.65,41.4,True
2012-07-05T16:00:00,Avengers Compound,Vibranium (kg),1707.12,46.0,True
2012-07-05T16:00:00,Avengers Compound,Arc Reactor Cores,0,69.0,True
2012-07-05T16:00:00,Avengers Compound,Pym Particles,315.82,25.3,True
2012-07-05T16:00:00,Avengers Compound,Clean Water (L),1976.79,27.6,True
2012-07-05T16:00:00,Avengers Compound,Medical Kits,89.31,41.4,True
2012-07-05T17:00:00,New Asgard,Vibranium (kg),1660.16,43.11,True
2012-07-05T17:00:00,New Asgard,Arc Reactor Cores,0,64.66,True
2012-07-05T17:00:00,New Asgard,Pym Particles,298.71,23.71,True
2012-07-05T17:00:00,New Asgard,Clean Water (L),1947.76,25.86,True
2012-07-05T17:00:00,New Asgard,Medical Kits,47.42,38.8,True
2012-07-05T17:00:00,Wakanda,Vibranium (kg),1662.44,43.11,True
2012-07-05T17:00:00,Wakanda,Arc Reactor Cores,0,64.66,True
2012-07-05T17:00:00,Wakanda,Pym Particles,294.01,23.71,True
2012-07-05T17:00:00,Wakanda,Clean Water (L),1939.59,25.86,True
2012-07-05T17:00:00,Wakanda,Medical Kits,52.08,38.8,True
2012-07-05T17:00:00,Sokovia,Vibranium (kg),2415.08,5.39,False
2012-07-05T17:00:00,Sokovia,Arc Reactor Cores,691.74,6.47,False
2012-07-05T17:00:00,Sokovia,Pym Particles,706.34,5.93,False
2012-07-05T17:00:00,Sokovia,Clean Water (L),2391.2,6.47,False
2012-07-05T17:00:00,Sokovia,Medical Kits,724.65,4.85,False
2012-07-05T17:00:00,Sanctum Sanctorum,Vibranium (kg),1663.54,43.11,True
2012-07-05T17:00:00,Sanctum Sanctorum,Arc Reactor Cores,0,64.66,True
2012-07-05T17:00:00,Sanctum Sanctorum,Pym Particles,298.13,23.71,True
2012-07-05T17:00:00,Sanctum Sanctorum,Clean Water (L),1947.96,25.86,True
2012-07-05T17:00:00,Sanctum Sanctorum,Medical Kits,42.43,38.8,True
2012-07-05T17:00:00,Avengers Compound,Vibranium (kg),1663.8,43.11,True
2012-07-05T17:00:00,Avengers Compound,Arc Reactor Cores,0,64.66,True
2012-07-05T17:00:00,Avengers Compound,Pym Particles,292.11,23.71,True
2012-07-05T17:00:00,Avengers Compound,Clean Water (L),1950.37,25.86,True
2012-07-05T17:00:00,Avengers Compound,Medical Kits,50.31,38.8,True
2012-07-05T18:00:00,New Asgard,Vibranium (kg),1619.77,40.0,True
2012-07-05T18:00:00,New Asgard,Arc Reactor Cores,0,60.0,True
2012-07-05T18:00:00,New Asgard,Pym Particles,275.89,22.0,True
2012-07-05T18:00:00,New Asgard,Clean Water (L),1924.42,24.0,True
2012-07-05T18:00:00,New Asgard,Medical Kits,11.89,36.0,True
2012-07-05T18:00:00,Wakanda,Vibranium (kg),1622.64,40.0,True
2012-07-05T18:00:00,Wakanda,Arc Reactor Cores,0,60.0,True
2012-07-05T18:00:00,Wakanda,Pym Particles,271.94,22.0,True
2012-07-05T18:00:00,Wakanda,Clean Water (L),1916.54,24.0,True
2012-07-05T18:00:00,Wakanda,Medical Kits,15.36,36.0,True
2012-07-05T18:00:00,Sokovia,Vibranium (kg),2416.26,5.0,False
2012-07-05T18:00:00,Sokovia,Arc Reactor Cores,691.15,6.0,False
2012-07-05T18:00:00,Sokovia,Pym Particles,706.75,5.5,False
2012-07-05T18:00:00,Sokovia,Clean Water (L),2390.04,6.0,False
2012-07-05T18:00:00,Sokovia,Medical Kits,725.13,4.5,False
2012-07-05T18:00:00,Sanctum Sanctorum,Vibranium (kg),1624.04,40.0,True
2012-07-05T18:00:00,Sanctum Sanctorum,Arc Reactor Cores,0,60.0,True
2012-07-05T18:00:00,Sanctum Sanctorum,Pym Particles,277.03,22.0,True
2012-07-05T18:00:00,Sanctum Sanctorum,Clean Water (L),1924.07,24.0,True
2012-07-05T18:00:00,Sanctum Sanctorum,Medical Kits,6.39,36.0,True
2012-07-05T18:00:00,Avengers Compound,Vibranium (kg),1623.72,40.0,True
2012-07-05T18:00:00,Avengers Compound,Arc Reactor Cores,0,60.0,True
2012-07-05T18:00:00,Avengers Compound,Pym Particles,269.43,22.0,True
2012-07-05T18:00:00,Avengers Compound,Clean Water (L),1926.97,24.0,True
2012-07-05T18:00:00,Avengers Compound,Medical Kits,15.23,36.0,True
2012-07-05T19:00:00,New Asgard,Vibranium (kg),1582.24,36.89,True
2012-07-05T19:00:00,New Asgard,Arc Reactor Cores,0,55.34,True
2012-07-05T19:00:00,New Asgard,Pym Particles,256.3,20.29,True
2012-07-05T19:00:00,New Asgard,Clean Water (L),1902.18,22.14,True
2012-07-05T19:00:00,New Asgard,Medical Kits,0,33.2,True
2012-07-05T19:00:00,Wakanda,Vibranium (kg),1585.0,36.89,True
2012-07-05T19:00:00,Wakanda,Arc Reactor Cores,0,55.34,True
2012-07-05T19:00:00,Wakanda,Pym Particles,251.81,20.29,True
2012-07-05T19:00:00,Wakanda,Clean Water (L),1893.96,22.14,True
2012-07-05T19:00:00,Wakanda,Medical Kits,0,33.2,True
2012-07-05T19:00:00,Sokovia,Vibranium (kg),2418.09,4.61,False
2012-07-05T19:00:00,Sokovia,Arc Reactor Cores,692.54,5.53,False
2012-07-05T19:00:00,Sokovia,Pym Particles,708.12,5.07,False
2012-07-05T19:00:00,Sokovia,Clean Water (L),2390.05,5.53,False
2012-07-05T19:00:00,Sokovia,Medical Kits,725.22,4.15,False
2012-07-05T19:00:00,Sanctum Sanctorum,Vibranium (kg),1587.69,36.89,True
2012-07-05T19:00:00,Sanctum Sanctorum,Arc Reactor Cores,0,55.34,True
2012-07-05T19:00:00,Sanctum Sanctorum,Pym Particles,256.35,20.29,True
2012-07-05T19:00:00,Sanctum Sanctorum,Clean Water (L),1901.0,22.14,True
2012-07-05T19:00:00,Sanctum Sanctorum,Medical Kits,0,33.2,True
2012-07-05T19:00:00,Avengers Compound,Vibranium (kg),1586.11,36.89,True
2012-07-05T19:00:00,Avengers Compound,Arc Reactor Cores,0,55.34,True
2012-07-05T19:00:00,Avengers Compound,Pym Particles,250.07,20.29,True
2012-07-05T19:00:00,Avengers Compound,Clean Water (L),1904.96,22.14,True
2012-07-05T19:00:00,Avengers Compound,Medical Kits,0,33.2,True
2012-07-05T20:00:00,New Asgard,Vibranium (kg),1549.13,34.0,True
2012-07-05T20:00:00,New Asgard,Arc Reactor Cores,0,51.0,True
2012-07-05T20:00:00,New Asgard,Pym Particles,237.3,18.7,True
2012-07-05T20:00:00,New Asgard,Clean Water (L),1881.06,20.4,True
2012-07-05T20:00:00,New Asgard,Medical Kits,0,30.6,True
2012-07-05T20:00:00,Wakanda,Vibranium (kg),1550.41,34.0,True
2012-07-05T20:00:00,Wakanda,Arc Reactor Cores,0,51.0,True
2012-07-05T20:00:00,Wakanda,Pym Particles,232.46,18.7,True
2012-07-05T20:00:00,Wakanda,Clean Water (L),1873.48,20.4,True
2012-07-05T20:00:00,Wakanda,Medical Kits,0,30.6,True
2012-07-05T20:00:00,Sokovia,Vibranium (kg),2419.05,4.25,False
2012-07-05T20:00:00,Sokovia,Arc Reactor Cores,693.84,5.1,False
2012-07-05T20:00:00,Sokovia,Pym Particles,709.34,4.68,False
2012-07-05T20:00:00,Sokovia,Clean Water (L),2391.68,5.1,False
2012-07-05T20:00:00,Sokovia,Medical Kits,725.42,3.83,False
2012-07-05T20:00:00,Sanctum Sanctorum,Vibranium (kg),1552.81,34.0,True
2012-07-05T20:00:00,Sanctum Sanctorum,Arc Reactor Cores,0,51.0,True
2012-07-05T20:00:00,Sanctum Sanctorum,Pym Particles,238.48,18.7,True
2012-07-05T20:00:00,Sanctum Sanctorum,Clean Water (L),1880.47,20.4,True
2012-07-05T20:00:00,Sanctum Sanctorum,Medical Kits,0,30.6,True
2012-07-05T20:00:00,Avengers Compound,Vibranium (kg),1552.44,34.0,True
2012-07-05T20:00:00,Avengers Compound,Arc Reactor Cores,0,51.0,True
2012-07-05T20:00:00,Avengers Compound,Pym Particles,230.74,18.7,True
2012-07-05T20:00:00,Avengers Compound,Clean Water (L),1884.66,20.4,True
2012-07-05T20:00:00,Avengers Compound,Medical Kits,0,30.6,True
2012-07-05T21:00:00,New Asgard,Vibranium (kg),1516.63,31.51,True
2012-07-05T21:00:00,New Asgard,Arc Reactor Cores,0,47.27,True
2012-07-05T21:00:00,New Asgard,Pym Particles,220.63,17.33,True
2012-07-05T21:00:00,New Asgard,Clean Water (L),1862.58,18.91,True
2012-07-05T21:00:00,New Asgard,Medical Kits,0,28.36,True
2012-07-05T21:00:00,Wakanda,Vibranium (kg),1519.44,31.51,True
2012-07-05T21:00:00,Wakanda,Arc Reactor Cores,0,47.27,True
2012-07-05T21:00:00,Wakanda,Pym Particles,215.4,17.33,True
2012-07-05T21:00:00,Wakanda,Clean Water (L),1854.44,18.91,True
2012-07-05T21:00:00,Wakanda,Medical Kits,0,28.36,True
2012-07-05T21:00:00,Sokovia,Vibranium (kg),2418.82,3.94,False
2012-07-05T21:00:00,Sokovia,Arc Reactor Cores,696.03,4.73,False
2012-07-05T21:00:00,Sokovia,Pym Particles,710.85,4.33,False
2012-07-05T21:00:00,Sokovia,Clean Water (L),2391.97,4.73,False
2012-07-05T21:00:00,Sokovia,Medical Kits,725.99,3.55,False
2012-07-05T21:00:00,Sanctum Sanctorum,Vibranium (kg),1521.55,31.51,True
2012-07-05T21:00:00,Sanctum Sanctorum,Arc Reactor Cores,0,47.27,True
2012-07-05T21:00:00,Sanctum Sanctorum,Pym Particles,221.62,17.33,True
2012-07-05T21:00:00,Sanctum Sanctorum,Clean Water (L),1861.0,18.91,True
2012-07-05T21:00:00,Sanctum Sanctorum,Medical Kits,0,28.36,True
2012-07-05T21:00:00,Avengers Compound,Vibranium (kg),1520.24,31.51,True
2012-07-05T21:00:00,Avengers Compound,Arc Reactor Cores,0,47.27,True
2012-07-05T21:00:00,Avengers Compound,Pym Particles,212.55,17.33,True
2012-07-05T21:00:00,Avengers Compound,Clean Water (L),1865.77,18.91,True
2012-07-05T21:00:00,Avengers Compound,Medical Kits,0,28.36,True
2012-07-05T22:00:00,New Asgard,Vibranium (kg),1487.61,29.61,True
2012-07-05T22:00:00,New Asgard,Arc Reactor Cores,0,44.41,True
2012-07-05T22:00:00,New Asgard,Pym Particles,204.96,16.28,True
2012-07-05T22:00:00,New Asgard,Clean Water (L),1845.63,17.76,True
2012-07-05T22:00:00,New Asgard,Medical Kits,0,26.65,True
2012-07-05T22:00:00,Wakanda,Vibranium (kg),1489.38,29.61,True
2012-07-05T22:00:00,Wakanda,Arc Reactor Cores,0,44.41,True
2012-07-05T22:00:00,Wakanda,Pym Particles,199.92,16.28,True
2012-07-05T22:00:00,Wakanda,Clean Water (L),1836.81,17.76,True
2012-07-05T22:00:00,Wakanda,Medical Kits,0,26.65,True
2012-07-05T22:00:00,Sokovia,Vibranium (kg),2420.37,3.7,False
2012-07-05T22:00:00,Sokovia,Arc Reactor Cores,696.77,4.44,False
2012-07-05T22:00:00,Sokovia,Pym Particles,713.68,4.07,False
2012-07-05T22:00:00,Sokovia,Clean Water (L),2394.59,4.44,False
2012-07-05T22:00:00,Sokovia,Medical Kits,727.57,3.33,False
2012-07-05T22:00:00,Sanctum Sanctorum,Vibranium (kg),1491.62,29.61,True
2012-07-05T22:00:00,Sanctum Sanctorum,Arc Reactor Cores,0,44.41,True
2012-07-05T22:00:00,Sanctum Sanctorum,Pym Particles,205.08,16.28,True
2012-07-05T22:00:00,Sanctum Sanctorum,Clean Water (L),1844.18,17.76,True
2012-07-05T22:00:00,Sanctum Sanctorum,Medical Kits,0,26.65,True
2012-07-05T22:00:00,Avengers Compound,Vibranium (kg),1489.67,29.61,True
2012-07-05T22:00:00,Avengers Compound,Arc Reactor Cores,0,44.41,True
2012-07-05T22:00:00,Avengers Compound,Pym Particles,197.13,16.28,True
2012-07-05T22:00:00,Avengers Compound,Clean Water (L),1847.81,17.76,True
2012-07-05T22:00:00,Avengers Compound,Medical Kits,0,26.65,True
2012-07-05T23:00:00,New Asgard,Vibranium (kg),1459.45,28.41,True
2012-07-05T23:00:00,New Asgard,Arc Reactor Cores,0,42.61,True
2012-07-05T23:00:00,New Asgard,Pym Particles,188.34,15.62,True
2012-07-05T23:00:00,New Asgard,Clean Water (L),1829.01,17.05,True
2012-07-05T23:00:00,New Asgard,Medical Kits,0,25.57,True
2012-07-05T23:00:00,Wakanda,Vibranium (kg),1460.94,28.41,True
2012-07-05T23:00:00,Wakanda,Arc Reactor Cores,0,42.61,True
2012-07-05T23:00:00,Wakanda,Pym Particles,183.87,15.62,True
2012-07-05T23:00:00,Wakanda,Clean Water (L),1820.6,17.05,True
2012-07-05T23:00:00,Wakanda,Medical Kits,0,25.57,True
2012-07-05T23:00:00,Sokovia,Vibranium (kg),2422.81,3.55,False
2012-07-05T23:00:00,Sokovia,Arc Reactor Cores,699.73,4.26,False
2012-07-05T23:00:00,Sokovia,Pym Particles,715.02,3.91,False
2012-07-05T23:00:00,Sokovia,Clean Water (L),2397.62,4.26,False
2012-07-05T23:00:00,Sokovia,Medical Kits,727.89,3.2,False
2012-07-05T23:00:00,Sanctum Sanctorum,Vibranium (kg),1463.62,28.41,True
2012-07-05T23:00:00,Sanctum Sanctorum,Arc Reactor Cores,0,42.61,True
2012-07-05T23:00:00,Sanctum Sanctorum,Pym Particles,189.71,15.62,True
2012-07-05T23:00:00,Sanctum Sanctorum,Clean Water (L),1826.69,17.05,True
2012-07-05T23:00:00,Sanctum Sanctorum,Medical Kits,0,25.57,True
2012-07-05T23:00:00,Avengers Compound,Vibranium (kg),1462.11,28.41,True
2012-07-05T23:00:00,Avengers Compound,Arc Reactor Cores,0,42.61,True
2012-07-05T23:00:00,Avengers Compound,Pym Particles,181.35,15.62,True
2012-07-05T23:00:00,Avengers Compound,Clean Water (L),1830.3,17.05,True
2012-07-05T23:00:00,Avengers Compound,Medical Kits,0,25.57,True
2012-07-06T00:00:00,New Asgard,Vibranium (kg),1510.27,3.5,False
2012-07-06T00:00:00,New Asgard,Arc Reactor Cores,35.55,4.2,False
2012-07-06T00:00:00,New Asgard,Pym Particles,216.22,3.85,False
2012-07-06T00:00:00,New Asgard,Clean Water (L),1858.45,4.2,False
2012-07-06T00:00:00,New Asgard,Medical Kits,37.38,3.15,False
2012-07-06T00:00:00,Wakanda,Vibranium (kg),1511.59,3.5,False
2012-07-06T00:00:00,Wakanda,Arc Reactor Cores,36.83,4.2,False
2012-07-06T00:00:00,Wakanda,Pym Particles,212.34,3.85,False
2012-07-06T00:00:00,Wakanda,Clean Water (L),1850.39,4.2,False
2012-07-06T00:00:00,Wakanda,Medical Kits,36.36,3.15,False
2012-07-06T00:00:00,Sokovia,Vibranium (kg),2423.07,3.5,False
2012-07-06T00:00:00,Sokovia,Arc Reactor Cores,703.07,4.2,False
2012-07-06T00:00:00,Sokovia,Pym Particles,717.89,3.85,False
2012-07-06T00:00:00,Sokovia,Clean Water (L),2398.5,4.2,False
2012-07-06T00:00:00,Sokovia,Medical Kits,728.35,3.15,False
2012-07-06T00:00:00,Sanctum Sanctorum,Vibranium (kg),1511.59,3.5,False
2012-07-06T00:00:00,Sanctum Sanctorum,Arc Reactor Cores,36.65,4.2,False
2012-07-06T00:00:00,Sanctum Sanctorum,Pym Particles,217.27,3.85,False
2012-07-06T00:00:00,Sanctum Sanctorum,Clean Water (L),1857.28,4.2,False
2012-07-06T00:00:00,Sanctum Sanctorum,Medical Kits,37.62,3.15,False
2012-07-06T00:00:00,Avengers Compound,Vibranium (kg),1512.09,3.5,False
2012-07-06T00:00:00,Avengers Compound,Arc Reactor Cores,36.83,4.2,False
2012-07-06T00:00:00,Avengers Compound,Pym Particles,211.39,3.85,False
2012-07-06T00:00:00,Avengers Compound,Clean Water (L),1859.28,4.2,False
2012-07-06T00:00:00,Avengers Compound,Medical Kits,37.23,3.15,False
2012-07-06T01:00:00,New Asgard,Vibranium (kg),1557.7,3.55,False
2012-07-06T01:00:00,New Asgard,Arc Reactor Cores,70.98,4.26,False
2012-07-06T01:00:00,New Asgard,Pym Particles,242.24,3.91,False
2012-07-06T01:00:00,New Asgard,Clean Water (L),1887.84,4.26,False
2012-07-06T01:00:00,New Asgard,Medical Kits,73.31,3.2,False
2012-07-06T01:00:00,Wakanda,Vibranium (kg),1557.21,3.55,False
2012-07-06T01:00:00,Wakanda,Arc Reactor Cores,71.05,4.26,False
2012-07-06T01:00:00,Wakanda,Pym Particles,238.24,3.91,False
2012-07-06T01:00:00,Wakanda,Clean Water (L),1879.91,4.26,False
2012-07-06T01:00:00,Wakanda,Medical Kits,72.56,3.2,False
2012-07-06T01:00:00,Sokovia,Vibranium (kg),2425.3,3.55,False
2012-07-06T01:00:00,Sokovia,Arc Reactor Cores,703.81,4.26,False
2012-07-06T01:00:00,Sokovia,Pym Particles,718.3,3.91,False
2012-07-06T01:00:00,Sokovia,Clean Water (L),2399.88,4.26,False
2012-07-06T01:00:00,Sokovia,Medical Kits,728.69,3.2,False
2012-07-06T01:00:00,Sanctum Sanctorum,Vibranium (kg),1559.7,3.55,False
2012-07-06T01:00:00,Sanctum Sanctorum,Arc Reactor Cores,70.73,4.26,False
2012-07-06T01:00:00,Sanctum Sanctorum,Pym Particles,243.92,3.91,False
2012-07-06T01:00:00,Sanctum Sanctorum,Clean Water (L),1886.32,4.26,False
2012-07-06T01:00:00,Sanctum Sanctorum,Medical Kits,74.26,3.2,False
2012-07-06T01:00:00,Avengers Compound,Vibranium (kg),1558.0,3.55,False
2012-07-06T01:00:00,Avengers Compound,Arc Reactor Cores,71.71,4.26,False
2012-07-06T01:00:00,Avengers Compound,Pym Particles,238.69,3.91,False
2012-07-06T01:00:00,Avengers Compound,Clean Water (L),1887.94,4.26,False
2012-07-06T01:00:00,Avengers Compound,Medical Kits,73.69,3.2,False
2012-07-06T02:00:00,New Asgard,Vibranium (kg),1602.38,3.7,False
2012-07-06T02:00:00,New Asgard,Arc Reactor Cores,105.7,4.44,False
2012-07-06T02:00:00,New Asgard,Pym Particles,266.87,4.07,False
2012-07-06T02:00:00,New Asgard,Clean Water (L),1913.63,4.44,False
2012-07-06T02:00:00,New Asgard,Medical Kits,107.95,3.33,False
2012-07-06T02:00:00,Wakanda,Vibranium (kg),1603.01,3.7,False
2012-07-06T02:00:00,Wakanda,Arc Reactor Cores,103.95,4.44,False
2012-07-06T02:00:00,Wakanda,Pym Particles,264.02,4.07,False
2012-07-06T02:00:00,Wakanda,Clean Water (L),1907.51,4.44,False
2012-07-06T02:00:00,Wakanda,Medical Kits,107.67,3.33,False
2012-07-06T02:00:00,Sokovia,Vibranium (kg),2426.04,3.7,False
2012-07-06T02:00:00,Sokovia,Arc Reactor Cores,706.13,4.44,False
2012-07-06T02:00:00,Sokovia,Pym Particles,720.33,4.07,False
2012-07-06T02:00:00,Sokovia,Clean Water (L),2401.19,4.44,False
2012-07-06T02:00:00,Sokovia,Medical Kits,730.11,3.33,False
2012-07-06T02:00:00,Sanctum Sanctorum,Vibranium (kg),1604.15,3.7,False
2012-07-06T02:00:00,Sanctum Sanctorum,Arc Reactor Cores,104.93,4.44,False
2012-07-06T02:00:00,Sanctum Sanctorum,Pym Particles,268.1,4.07,False
2012-07-06T02:00:00,Sanctum Sanctorum,Clean Water (L),1914.81,4.44,False
2012-07-06T02:00:00,Sanctum Sanctorum,Medical Kits,107.09,3.33,False
2012-07-06T02:00:00,Avengers Compound,Vibranium (kg),1602.72,3.7,False
2012-07-06T02:00:00,Avengers Compound,Arc Reactor Cores,104.67,4.44,False
2012-07-06T02:00:00,Avengers Compound,Pym Particles,264.44,4.07,False
2012-07-06T02:00:00,Avengers Compound,Clean Water (L),1914.36,4.44,False
2012-07-06T02:00:00,Avengers Compound,Medical Kits,106.86,3.33,False
2012-07-06T03:00:00,New Asgard,Vibranium (kg),1645.25,3.94,False
2012-07-06T03:00:00,New Asgard,Arc Reactor Cores,135.8,4.73,False
2012-07-06T03:00:00,New Asgard,Pym Particles,290.09,4.33,False
2012-07-06T03:00:00,New Asgard,Clean Water (L),1939.35,4.73,False
2012-07-06T03:00:00,New Asgard,Medical Kits,139.68,3.55,False
2012-07-06T03:00:00,Wakanda,Vibranium (kg),1643.88,3.94,False
2012-07-06T03:00:00,Wakanda,Arc Reactor Cores,133.48,4.73,False
2012-07-06T03:00:00,Wakanda,Pym Particles,288.6,4.33,False
2012-07-06T03:00:00,Wakanda,Clean Water (L),1933.35,4.73,False
2012-07-06T03:00:00,Wakanda,Medical Kits,138.76,3.55,False
2012-07-06T03:00:00,Sokovia,Vibranium (kg),2425.66,3.94,False
2012-07-06T03:00:00,Sokovia,Arc Reactor Cores,707.57,4.73,False
2012-07-06T03:00:00,Sokovia,Pym Particles,722.08,4.33,False
2012-07-06T03:00:00,Sokovia,Clean Water (L),2403.23,4.73,False
2012-07-06T03:00:00,Sokovia,Medical Kits,732.94,3.55,False
2012-07-06T03:00:00,Sanctum Sanctorum,Vibranium (kg),1647.3,3.94,False
2012-07-06T03:00:00,Sanctum Sanctorum,Arc Reactor Cores,135.46,4.73,False
2012-07-06T03:00:00,Sanctum Sanctorum,Pym Particles,291.57,4.33,False
2012-07-06T03:00:00,Sanctum Sanctorum,Clean Water (L),1940.43,4.73,False
2012-07-06T03:00:00,Sanctum Sanctorum,Medical Kits,139.7,3.55,False
2012-07-06T03:00:00,Avengers Compound,Vibranium (kg),1645.18,3.94,False
2012-07-06T03:00:00,Avengers Compound,Arc Reactor Cores,134.86,4.73,False
2012-07-06T03:00:00,Avengers Compound,Pym Particles,286.67,4.33,False
2012-07-06T03:00:00,Avengers Compound,Clean Water (L),1939.45,4.73,False
2012-07-06T03:00:00,Avengers Compound,Medical Kits,138.51,3.55,False
2012-07-06T04:00:00,New Asgard,Vibranium (kg),1684.6,4.25,False
2012-07-06T04:00:00,New Asgard,Arc Reactor Cores,165.12,5.1,False
2012-07-06T04:00:00,New Asgard,Pym Particles,312.46,4.68,False
2012-07-06T04:00:00,New Asgard,Clean Water (L),1963.0,5.1,False
2012-07-06T04:00:00,New Asgard,Medical Kits,170.34,3.83,False
2012-07-06T04:00:00,Wakanda,Vibranium (kg),1684.63,4.25,False
2012-07-06T04:00:00,Wakanda,Arc Reactor Cores,163.42,5.1,False
2012-07-06T04:00:00,Wakanda,Pym Particles,310.79,4.68,False
2012-07-06T04:00:00,Wakanda,Clean Water (L),1956.78,5.1,False
2012-07-06T04:00:00,Wakanda,Medical Kits,169.54,3.83,False
2012-07-06T04:00:00,Sokovia,Vibranium (kg),2425.71,4.25,False
2012-07-06T04:00:00,Sokovia,Arc Reactor Cores,708.58,5.1,False
2012-07-06T04:00:00,Sokovia,Pym Particles,722.02,4.68,False
2012-07-06T04:00:00,Sokovia,Clean Water (L),2403.52,5.1,False
2012-07-06T04:00:00,Sokovia,Medical Kits,734.32,3.83,False
2012-07-06T04:00:00,Sanctum Sanctorum,Vibranium (kg),1686.29,4.25,False
2012-07-06T04:00:00,Sanctum Sanctorum,Arc Reactor Cores,164.87,5.1,False
2012-07-06T04:00:00,Sanctum Sanctorum,Pym Particles,311.98,4.68,False
2012-07-06T04:00:00,Sanctum Sanctorum,Clean Water (L),1963.77,5.1,False
2012-07-06T04:00:00,Sanctum Sanctorum,Medical Kits,171.51,3.83,False
2012-07-06T04:00:00,Avengers Compound,Vibranium (kg),1684.02,4.25,False
2012-07-06T04:00:00,Avengers Compound,Arc Reactor Cores,164.98,5.1,False
2012-07-06T04:00:00,Avengers Compound,Pym Particles,307.81,4.68,False
2012-07-06T04:00:00,Avengers Compound,Clean Water (L),1963.33,5.1,False
2012-07-06T04:00:00,Avengers Compound,Medical Kits,167.96,3.83,False
2012-07-06T05:00:00,New Asgard,Vibranium (kg),1721.24,4.61,False
2012-07-06T05:00:00,New Asgard,Arc Reactor Cores,192.2,5.53,False
2012-07-06T05:00:00,New Asgard,Pym Particles,333.77,5.07,False
2012-07-06T05:00:00,New Asgard,Clean Water (L),1984.97,5.53,False
2012-07-06T05:00:00,New Asgard,Medical Kits,198.14,4.15,False
2012-07-06T05:00:00,Wakanda,Vibranium (kg),1720.94,4.61,False
2012-07-06T05:00:00,Wakanda,Arc Reactor Cores,189.95,5.53,False
2012-07-06T05:00:00,Wakanda,Pym Particles,330.61,5.07,False
2012-07-06T05:00:00,Wakanda,Clean Water (L),1979.4,5.53,False
2012-07-06T05:00:00,Wakanda,Medical Kits,197.85,4.15,False
2012-07-06T05:00:00,Sokovia,Vibranium (kg),2425.91,4.61,False
2012-07-06T05:00:00,Sokovia,Arc Reactor Cores,708.98,5.53,False
2012-07-06T05:00:00,Sokovia,Pym Particles,723.03,5.07,False
2012-07-06T05:00:00,Sokovia,Clean Water (L),2404.51,5.53,False
2012-07-06T05:00:00,Sokovia,Medical Kits,735.78,4.15,False
2012-07-06T05:00:00,Sanctum Sanctorum,Vibranium (kg),1722.6,4.61,False
2012-07-06T05:00:00,Sanctum Sanctorum,Arc Reactor Cores,190.46,5.53,False
2012-07-06T05:00:00,Sanctum Sanctorum,Pym Particles,330.94,5.07,False
2012-07-06T05:00:00,Sanctum Sanctorum,Clean Water (L),1985.13,5.53,False
2012-07-06T05:00:00,Sanctum Sanctorum,Medical Kits,199.05,4.15,False
2012-07-06T05:00:00,Avengers Compound,Vibranium (kg),1721.17,4.61,False
2012-07-06T05:00:00,Avengers Compound,Arc Reactor Cores,191.37,5.53,False
2012-07-06T05:00:00,Avengers Compound,Pym Particles,328.86,5.07,False
2012-07-06T05:00:00,Avengers Compound,Clean Water (L),1986.07,5.53,False
2012-07-06T05:00:00,Avengers Compound,Medical Kits,197.58,4.15,False
2012-07-06T06:00:00,New Asgard,Vibranium (kg),1755.41,5.0,False
2012-07-06T06:00:00,New Asgard,Arc Reactor Cores,217.22,6.0,False
2012-07-06T06:00:00,New Asgard,Pym Particles,352.45,5.5,False
2012-07-06T06:00:00,New Asgard,Clean Water (L),2004.73,6.0,False
2012-07-06T06:00:00,New Asgard,Medical Kits,225.02,4.5,False
2012-07-06T06:00:00,Wakanda,Vibranium (kg),1755.34,5.0,False
2012-07-06T06:00:00,Wakanda,Arc Reactor Cores,216.09,6.0,False
2012-07-06T06:00:00,Wakanda,Pym Particles,350.15,5.5,False
2012-07-06T06:00:00,Wakanda,Clean Water (L),2002.1,6.0,False
2012-07-06T06:00:00,Wakanda,Medical Kits,224.51,4.5,False
2012-07-06T06:00:00,Sokovia,Vibranium (kg),2425.32,5.0,False
2012-07-06T06:00:00,Sokovia,Arc Reactor Cores,707.73,6.0,False
2012-07-06T06:00:00,Sokovia,Pym Particles,722.97,5.5,False
2012-07-06T06:00:00,Sokovia,Clean Water (L),2404.29,6.0,False
2012-07-06T06:00:00,Sokovia,Medical Kits,736.18,4.5,False
2012-07-06T06:00:00,Sanctum Sanctorum,Vibranium (kg),1757.64,5.0,False
2012-07-06T06:00:00,Sanctum Sanctorum,Arc Reactor Cores,217.38,6.0,False
2012-07-06T06:00:00,Sanctum Sanctorum,Pym Particles,349.28,5.5,False
2012-07-06T06:00:00,Sanctum Sanctorum,Clean Water (L),2005.03,6.0,False
2012-07-06T06:00:00,Sanctum Sanctorum,Medical Kits,226.43,4.5,False
2012-07-06T06:00:00,Avengers Compound,Vibranium (kg),1756.83,5.0,False
2012-07-06T06:00:00,Avengers Compound,Arc Reactor Cores,216.63,6.0,False
2012-07-06T06:00:00,Avengers Compound,Pym Particles,346.95,5.5,False
2012-07-06T06:00:00,Avengers Compound,Clean Water (L),2006.21,6.0,False
2012-07-06T06:00:00,Avengers Compound,Medical Kits,222.8,4.5,False
2012-07-06T07:00:00,New Asgard,Vibranium (kg),1787.85,5.39,False
2012-07-06T07:00:00,New Asgard,Arc Reactor Cores,240.77,6.47,False
2012-07-06T07:00:00,New Asgard,Pym Particles,369.36,5.93,False
2012-07-06T07:00:00,New Asgard,Clean Water (L),2025.28,6.47,False
2012-07-06T07:00:00,New Asgard,Medical Kits,250.25,4.85,False
2012-07-06T07:00:00,Wakanda,Vibranium (kg),1788.88,5.39,False
2012-07-06T07:00:00,Wakanda,Arc Reactor Cores,240.23,6.47,False
2012-07-06T07:00:00,Wakanda,Pym Particles,368.5,5.93,False
2012-07-06T07:00:00,Wakanda,Clean Water (L),2022.24,6.47,False
2012-07-06T07:00:00,Wakanda,Medical Kits,250.77,4.85,False
2012-07-06T07:00:00,Sokovia,Vibranium (kg),2425.35,5.39,False
2012-07-06T07:00:00,Sokovia,Arc Reactor Cores,705.06,6.47,False
2012-07-06T07:00:00,Sokovia,Pym Particles,722.54,5.93,False
2012-07-06T07:00:00,Sokovia,Clean Water (L),2405.09,6.47,False
2012-07-06T07:00:00,Sokovia,Medical Kits,735.83,4.85,False
2012-07-06T07:00:00,Sanctum Sanctorum,Vibranium (kg),1791.16,5.39,False
2012-07-06T07:00:00,Sanctum Sanctorum,Arc Reactor Cores,240.69,6.47,False
2012-07-06T07:00:00,Sanctum Sanctorum,Pym Particles,366.22,5.93,False
2012-07-06T07:00:00,Sanctum Sanctorum,Clean Water (L),2024.08,6.47,False
2012-07-06T07:00:00,Sanctum Sanctorum,Medical Kits,251.27,4.85,False
2012-07-06T07:00:00,Avengers Compound,Vibranium (kg),1789.62,5.39,False
2012-07-06T07:00:00,Avengers Compound,Arc Reactor Cores,239.35,6.47,False
2012-07-06T07:00:00,Avengers Compound,Pym Particles,364.14,5.93,False
2012-07-06T07:00:00,Avengers Compound,Clean Water (L),2026.27,6.47,False
2012-07-06T07:00:00,Avengers Compound,Medical Kits,247.25,4.85,False
2012-07-06T08:00:00,New Asgard,Vibranium (kg),1818.89,5.75,False
2012-07-06T08:00:00,New Asgard,Arc Reactor Cores,261.89,6.9,False
2012-07-06T08:00:00,New Asgard,Pym Particles,385.83,6.32,False
2012-07-06T08:00:00,New Asgard,Clean Water (L),2043.59,6.9,False
2012-07-06T08:00:00,New Asgard,Medical Kits,273.05,5.17,False
2012-07-06T08:00:00,Wakanda,Vibranium (kg),1818.95,5.75,False
2012-07-06T08:00:00,Wakanda,Arc Reactor Cores,261.52,6.9,False
2012-07-06T08:00:00,Wakanda,Pym Particles,384.28,6.32,False
2012-07-06T08:00:00,Wakanda,Clean Water (L),2040.36,6.9,False
2012-07-06T08:00:00,Wakanda,Medical Kits,274.51,5.17,False
2012-07-06T08:00:00,Sokovia,Vibranium (kg),2424.6,5.75,False
2012-07-06T08:00:00,Sokovia,Arc Reactor Cores,704.94,6.9,False
2012-07-06T08:00:00,Sokovia,Pym Particles,721.61,6.32,False
2012-07-06T08:00:00,Sokovia,Clean Water (L),2402.31,6.9,False
2012-07-06T08:00:00,Sokovia,Medical Kits,735.32,5.17,False
2012-07-06T08:00:00,Sanctum Sanctorum,Vibranium (kg),1821.09,5.75,False
2012-07-06T08:00:00,Sanctum Sanctorum,Arc Reactor Cores,263.49,6.9,False
2012-07-06T08:00:00,Sanctum Sanctorum,Pym Particles,383.38,6.32,False
2012-07-06T08:00:00,Sanctum Sanctorum,Clean Water (L),2041.05,6.9,False
2012-07-06T08:00:00,Sanctum Sanctorum,Medical Kits,273.52,5.17,False
2012-07-06T08:00:00,Avengers Compound,Vibranium (kg),1819.84,5.75,False
2012-07-06T08:00:00,Avengers Compound,Arc Reactor Cores,261.12,6.9,False
2012-07-06T08:00:00,Avengers Compound,Pym Particles,379.47,6.32,False
2012-07-06T08:00:00,Avengers Compound,Clean Water (L),2044.68,6.9,False
2012-07-06T08:00:00,Avengers Compound,Medical Kits,269.1,5.17,False
2012-07-06T09:00:00,New Asgard,Vibranium (kg),1848.27,6.06,False
2012-07-06T09:00:00,New Asgard,Arc Reactor Cores,283.56,7.27,False
2012-07-06T09:00:00,New Asgard,Pym Particles,399.7,6.67,False
2012-07-06T09:00:00,New Asgard,Clean Water (L),2061.26,7.27,False
2012-07-06T09:00:00,New Asgard,Medical Kits,294.65,5.45,False
2012-07-06T09:00:00,Wakanda,Vibranium (kg),1846.41,6.06,False
2012-07-06T09:00:00,Wakanda,Arc Reactor Cores,280.68,7.27,False
2012-07-06T09:00:00,Wakanda,Pym Particles,399.67,6.67,False
2012-07-06T09:00:00,Wakanda,Clean Water (L),2057.23,7.27,False
2012-07-06T09:00:00,Wakanda,Medical Kits,296.78,5.45,False
2012-07-06T09:00:00,Sokovia,Vibranium (kg),2423.33,6.06,False
2012-07-06T09:00:00,Sokovia,Arc Reactor Cores,702.7,7.27,False
2012-07-06T09:00:00,Sokovia,Pym Particles,719.45,6.67,False
2012-07-06T09:00:00,Sokovia,Clean Water (L),2399.85,7.27,False
2012-07-06T09:00:00,Sokovia,Medical Kits,734.68,5.45,False
2012-07-06T09:00:00,Sanctum Sanctorum,Vibranium (kg),1849.55,6.06,False
2012-07-06T09:00:00,Sanctum Sanctorum,Arc Reactor Cores,283.78,7.27,False
2012-07-06T09:00:00,Sanctum Sanctorum,Pym Particles,398.24,6.67,False
2012-07-06T09:00:00,Sanctum Sanctorum,Clean Water (L),2058.67,7.27,False
2012-07-06T09:00:00,Sanctum Sanctorum,Medical Kits,295.69,5.45,False
2012-07-06T09:00:00,Avengers Compound,Vibranium (kg),1847.44,6.06,False
2012-07-06T09:00:00,Avengers Compound,Arc Reactor Cores,282.01,7.27,False
2012-07-06T09:00:00,Avengers Compound,Pym Particles,395.64,6.67,False
2012-07-06T09:00:00,Avengers Compound,Clean Water (L),2059.8,7.27,False
2012-07-06T09:00:00,Avengers Compound,Medical Kits,290.76,5.45,False
2012-07-06T10:00:00,New Asgard,Vibranium (kg),1876.28,6.3,False
2012-07-06T10:00:00,New Asgard,Arc Reactor Cores,303.72,7.56,False
2012-07-06T10:00:00,New Asgard,Pym Particles,412.69,6.93,False
2012-07-06T10:00:00,New Asgard,Clean Water (L),2076.31,7.56,False
2012-07-06T10:00:00,New Asgard,Medical Kits,315.2,5.67,False
2012-07-06T10:00:00,Wakanda,Vibranium (kg),1872.81,6.3,False
2012-07-06T10:00:00,Wakanda,Arc Reactor Cores,301.3,7.56,False
2012-07-06T10:00:00,Wakanda,Pym Particles,413.72,6.93,False
2012-07-06T10:00:00,Wakanda,Clean Water (L),2072.79,7.56,False
2012-07-06T10:00:00,Wakanda,Medical Kits,317.66,5.67,False
2012-07-06T10:00:00,Sokovia,Vibranium (kg),2421.92,6.3,False
2012-07-06T10:00:00,Sokovia,Arc Reactor Cores,701.28,7.56,False
2012-07-06T10:00:00,Sokovia,Pym Particles,716.12,6.93,False
2012-07-06T10:00:00,Sokovia,Clean Water (L),2397.44,7.56,False
2012-07-06T10:00:00,Sokovia,Medical Kits,734.65,5.67,False
2012-07-06T10:00:00,Sanctum Sanctorum,Vibranium (kg),1876.21,6.3,False
2012-07-06T10:00:00,Sanctum Sanctorum,Arc Reactor Cores,303.57,7.56,False
2012-07-06T10:00:00,Sanctum Sanctorum,Pym Particles,413.35,6.93,False
2012-07-06T10:00:00,Sanctum Sanctorum,Clean Water (L),2072.99,7.56,False
2012-07-06T10:00:00,Sanctum Sanctorum,Medical Kits,317.21,5.67,False
2012-07-06T10:00:00,Avengers Compound,Vibranium (kg),1874.08,6.3,False
2012-07-06T10:00:00,Avengers Compound,Arc Reactor Cores,301.43,7.56,False
2012-07-06T10:00:00,Avengers Compound,Pym Particles,408.69,6.93,False
2012-07-06T10:00:00,Avengers Compound,Clean Water (L),2075.78,7.56,False
2012-07-06T10:00:00,Avengers Compound,Medical Kits,310.63,5.67,False
2012-07-06T11:00:00,New Asgard,Vibranium (kg),1901.62,6.45,False
2012-07-06T11:00:00,New Asgard,Arc Reactor Cores,321.35,7.74,False
2012-07-06T11:00:00,New Asgard,Pym Particles,426.03,7.09,False
2012-07-06T11:00:00,New Asgard,Clean Water (L),2089.37,7.74,False
2012-07-06T11:00:00,New Asgard,Medical Kits,335.56,5.8,False
2012-07-06T11:00:00,Wakanda,Vibranium (kg),1898.9,6.45,False
2012-07-06T11:00:00,Wakanda,Arc Reactor Cores,319.09,7.74,False
2012-07-06T11:00:00,Wakanda,Pym Particles,426.68,7.09,False
2012-07-06T11:00:00,Wakanda,Clean Water (L),2087.31,7.74,False
2012-07-06T11:00:00,Wakanda,Medical Kits,338.29,5.8,False
2012-07-06T11:00:00,Sokovia,Vibranium (kg),2419.9,6.45,False
2012-07-06T11:00:00,Sokovia,Arc Reactor Cores,700.37,7.74,False
2012-07-06T11:00:00,Sokovia,Pym Particles,713.98,7.09,False
2012-07-06T11:00:00,Sokovia,Clean Water (L),2395.75,7.74,False
2012-07-06T11:00:00,Sokovia,Medical Kits,732.17,5.8,False
2012-07-06T11:00:00,Sanctum Sanctorum,Vibranium (kg),1903.62,6.45,False
2012-07-06T11:00:00,Sanctum Sanctorum,Arc Reactor Cores,320.43,7.74,False
2012-07-06T11:00:00,Sanctum Sanctorum,Pym Particles,427.44,7.09,False
2012-07-06T11:00:00,Sanctum Sanctorum,Clean Water (L),2088.75,7.74,False
2012-07-06T11:00:00,Sanctum Sanctorum,Medical Kits,335.87,5.8,False
2012-07-06T11:00:00,Avengers Compound,Vibranium (kg),1900.35,6.45,False
2012-07-06T11:00:00,Avengers Compound,Arc Reactor Cores,319.85,7.74,False
2012-07-06T11:00:00,Avengers Compound,Pym Particles,422.5,7.09,False
2012-07-06T11:00:00,Avengers Compound,Clean Water (L),2090.51,7.74,False
2012-07-06T11:00:00,Avengers Compound,Medical Kits,330.37,5.8,False
2012-07-06T12:00:00,New Asgard,Vibranium (kg),1926.01,6.5,False
2012-07-06T12:00:00,New Asgard,Arc Reactor Cores,339.31,7.8,False
2012-07-06T12:00:00,New Asgard,Pym Particles,440.11,7.15,False
2012-07-06T12:00:00,New Asgard,Clean Water (L),2103.23,7.8,False
2012-07-06T12:00:00,New Asgard,Medical Kits,353.62,5.85,False
2012-07-06T12:00:00,Wakanda,Vibranium (kg),1924.13,6.5,False
2012-07-06T12:00:00,Wakanda,Arc Reactor Cores,336.67,7.8,False
2012-07-06T12:00:00,Wakanda,Pym Particles,438.74,7.15,False
2012-07-06T12:00:00,Wakanda,Clean Water (L),2101.92,7.8,False
2012-07-06T12:00:00,Wakanda,Medical Kits,357.32,5.85,False
2012-07-06T12:00:00,Sokovia,Vibranium (kg),2418.11,6.5,False
2012-07-06T12:00:00,Sokovia,Arc Reactor Cores,699.54,7.8,False
2012-07-06T12:00:00,Sokovia,Pym Particles,712.29,7.15,False
2012-07-06T12:00:00,Sokovia,Clean Water (L),2394.35,7.8,False
2012-07-06T12:00:00,Sokovia,Medical Kits,730.64,5.85,False
2012-07-06T12:00:00,Sanctum Sanctorum,Vibranium (kg),1926.61,6.5,False
2012-07-06T12:00:00,Sanctum Sanctorum,Arc Reactor Cores,339.18,7.8,False
2012-07-06T12:00:00,Sanctum Sanctorum,Pym Particles,440.36,7.15,False
2012-07-06T12:00:00,Sanctum Sanctorum,Clean Water (L),2102.02,7.8,False
2012-07-06T12:00:00,Sanctum Sanctorum,Medical Kits,352.51,5.85,False
2012-07-06T12:00:00,Avengers Compound,Vibranium (kg),1925.93,6.5,False
2012-07-06T12:00:00,Avengers Compound,Arc Reactor Cores,337.37,7.8,False
2012-07-06T12:00:00,Avengers Compound,Pym Particles,435.26,7.15,False
2012-07-06T12:00:00,Avengers Compound,Clean Water (L),2104.94,7.8,False
2012-07-06T12:00:00,Avengers Compound,Medical Kits,350.31,5.85,False
2012-07-06T13:00:00,New Asgard,Vibranium (kg),1948.02,6.45,False
2012-07-06T13:00:00,New Asgard,Arc Reactor Cores,356.05,7.74,False
2012-07-06T13:00:00,New Asgard,Pym Particles,452.92,7.09,False
2012-07-06T13:00:00,New Asgard,Clean Water (L),2116.28,7.74,False
2012-07-06T13:00:00,New Asgard,Medical Kits,370.84,5.8,False
2012-07-06T13:00:00,Wakanda,Vibranium (kg),1945.85,6.45,False
2012-07-06T13:00:00,Wakanda,Arc Reactor Cores,352.72,7.74,False
2012-07-06T13:00:00,Wakanda,Pym Particles,449.18,7.09,False
2012-07-06T13:00:00,Wakanda,Clean Water (L),2113.4,7.74,False
2012-07-06T13:00:00,Wakanda,Medical Kits,374.56,5.8,False
2012-07-06T13:00:00,Sokovia,Vibranium (kg),2417.02,6.45,False
2012-07-06T13:00:00,Sokovia,Arc Reactor Cores,699.38,7.74,False
2012-07-06T13:00:00,Sokovia,Pym Particles,709.71,7.09,False
2012-07-06T13:00:00,Sokovia,Clean Water (L),2393.6,7.74,False
2012-07-06T13:00:00,Sokovia,Medical Kits,728.06,5.8,False
2012-07-06T13:00:00,Sanctum Sanctorum,Vibranium (kg),1948.21,6.45,False
2012-07-06T13:00:00,Sanctum Sanctorum,Arc Reactor Cores,355.45,7.74,False
2012-07-06T13:00:00,Sanctum Sanctorum,Pym Particles,452.94,7.09,False
2012-07-06T13:00:00,Sanctum Sanctorum,Clean Water (L),2116.28,7.74,False
2012-07-06T13:00:00,Sanctum Sanctorum,Medical Kits,369.99,5.8,False
2012-07-06T13:00:00,Avengers Compound,Vibranium (kg),1949.84,6.45,False
2012-07-06T13:00:00,Avengers Compound,Arc Reactor Cores,353.58,7.74,False
2012-07-06T13:00:00,Avengers Compound,Pym Particles,447.02,7.09,False
2012-07-06T13:00:00,Avengers Compound,Clean Water (L),2119.19,7.74,False
2012-07-06T13:00:00,Avengers Compound,Medical Kits,368.7,5.8,False
2012-07-06T14:00:00,New Asgard,Vibranium (kg),1969.93,6.3,False
2012-07-06T14:00:00,New Asgard,Arc Reactor Cores,371.0,7.56,False
2012-07-06T14:00:00,New Asgard,Pym Particles,465.61,6.93,False
2012-07-06T14:00:00,New Asgard,Clean Water (L),2128.58,7.56,False
2012-07-06T14:00:00,New Asgard,Medical Kits,388.92,5.67,False
2012-07-06T14:00:00,Wakanda,Vibranium (kg),1968.76,6.3,False
2012-07-06T14:00:00,Wakanda,Arc Reactor Cores,368.11,7.56,False
2012-07-06T14:00:00,Wakanda,Pym Particles,460.5,6.93,False
2012-07-06T14:00:00,Wakanda,Clean Water (L),2125.47,7.56,False
2012-07-06T14:00:00,Wakanda,Medical Kits,389.85,5.67,False
2012-07-06T14:00:00,Sokovia,Vibranium (kg),2415.55,6.3,False
2012-07-06T14:00:00,Sokovia,Arc Reactor Cores,696.76,7.56,False
2012-07-06T14:00:00,Sokovia,Pym Particles,707.23,6.93,False
2012-07-06T14:00:00,Sokovia,Clean Water (L),2393.27,7.56,False
2012-07-06T14:00:00,Sokovia,Medical Kits,726.41,5.67,False
2012-07-06T14:00:00,Sanctum Sanctorum,Vibranium (kg),1971.83,6.3,False
2012-07-06T14:00:00,Sanctum Sanctorum,Arc Reactor Cores,370.95,7.56,False
2012-07-06T14:00:00,Sanctum Sanctorum,Pym Particles,464.64,6.93,False
2012-07-06T14:00:00,Sanctum Sanctorum,Clean Water (L),2129.32,7.56,False
2012-07-06T14:00:00,Sanctum Sanctorum,Medical Kits,386.77,5.67,False
2012-07-06T14:00:00,Avengers Compound,Vibranium (kg),1973.11,6.3,False
2012-07-06T14:00:00,Avengers Compound,Arc Reactor Cores,369.4,7.56,False
2012-07-06T14:00:00,Avengers Compound,Pym Particles,458.28,6.93,False
2012-07-06T14:00:00,Avengers Compound,Clean Water (L),2131.14,7.56,False
2012-07-06T14:00:00,Avengers Compound,Medical Kits,386.18,5.67,False
2012-07-06T15:00:00,New Asgard,Vibranium (kg),1992.58,6.06,False
2012-07-06T15:00:00,New Asgard,Arc Reactor Cores,386.71,7.27,False
2012-07-06T15:00:00,New Asgard,Pym Particles,477.61,6.67,False
2012-07-06T15:00:00,New Asgard,Clean Water (L),2141.3,7.27,False
2012-07-06T15:00:00,New Asgard,Medical Kits,403.69,5.45,False
2012-07-06T15:00:00,Wakanda,Vibranium (kg),1991.04,6.06,False
2012-07-06T15:00:00,Wakanda,Arc Reactor Cores,382.06,7.27,False
2012-07-06T15:00:00,Wakanda,Pym Particles,472.15,6.67,False
2012-07-06T15:00:00,Wakanda,Clean Water (L),2138.54,7.27,False
2012-07-06T15:00:00,Wakanda,Medical Kits,406.54,5.45,False
2012-07-06T15:00:00,Sokovia,Vibranium (kg),2413.47,6.06,False
2012-07-06T15:00:00,Sokovia,Arc Reactor Cores,696.88,7.27,False
2012-07-06T15:00:00,Sokovia,Pym Particles,705.76,6.67,False
2012-07-06T15:00:00,Sokovia,Clean Water (L),2392.55,7.27,False
2012-07-06T15:00:00,Sokovia,Medical Kits,726.0,5.45,False
2012-07-06T15:00:00,Sanctum Sanctorum,Vibranium (kg),1992.78,6.06,False
2012-07-06T15:00:00,Sanctum Sanctorum,Arc Reactor Cores,387.04,7.27,False
2012-07-06T15:00:00,Sanctum Sanctorum,Pym Particles,476.98,6.67,False
2012-07-06T15:00:00,Sanctum Sanctorum,Clean Water (L),2140.87,7.27,False
2012-07-06T15:00:00,Sanctum Sanctorum,Medical Kits,402.03,5.45,False
2012-07-06T15:00:00,Avengers Compound,Vibranium (kg),1994.23,6.06,False
2012-07-06T15:00:00,Avengers Compound,Arc Reactor Cores,385.04,7.27,False
2012-07-06T15:00:00,Avengers Compound,Pym Particles,471.04,6.67,False
2012-07-06T15:00:00,Avengers Compound,Clean Water (L),2144.96,7.27,False
2012-07-06T15:00:00,Avengers Compound,Medical Kits,403.63,5.45,False
2012-07-06T16:00:00,New Asgard,Vibranium (kg),2012.35,5.75,False
2012-07-06T16:00:00,New Asgard,Arc Reactor Cores,399.97,6.9,False
2012-07-06T16:00:00,New Asgard,Pym Particles,488.83,6.32,False
2012-07-06T16:00:00,New Asgard,Clean Water (L),2153.3,6.9,False
2012-07-06T16:00:00,New Asgard,Medical Kits,418.38,5.17,False
2012-07-06T16:00:00,Wakanda,Vibranium (kg),2011.1,5.75,False
2012-07-06T16:00:00,Wakanda,Arc Reactor Cores,397.65,6.9,False
2012-07-06T16:00:00,Wakanda,Pym Particles,483.2,6.32,False
2012-07-06T16:00:00,Wakanda,Clean Water (L),2150.21,6.9,False
2012-07-06T16:00:00,Wakanda,Medical Kits,422.56,5.17,False
2012-07-06T16:00:00,Sokovia,Vibranium (kg),2412.85,5.75,False
2012-07-06T16:00:00,Sokovia,Arc Reactor Cores,694.64,6.9,False
2012-07-06T16:00:00,Sokovia,Pym Particles,705.15,6.32,False
2012-07-06T16:00:00,Sokovia,Clean Water (L),2392.67,6.9,False
2012-07-06T16:00:00,Sokovia,Medical Kits,725.13,5.17,False
2012-07-06T16:00:00,Sanctum Sanctorum,Vibranium (kg),2013.47,5.75,False
2012-07-06T16:00:00,Sanctum Sanctorum,Arc Reactor Cores,400.23,6.9,False
2012-07-06T16:00:00,Sanctum Sanctorum,Pym Particles,488.05,6.32,False
2012-07-06T16:00:00,Sanctum Sanctorum,Clean Water (L),2151.86,6.9,False
2012-07-06T16:00:00,Sanctum Sanctorum,Medical Kits,417.1,5.17,False
2012-07-06T16:00:00,Avengers Compound,Vibranium (kg),2015.06,5.75,False
2012-07-06T16:00:00,Avengers Compound,Arc Reactor Cores,399.78,6.9,False
2012-07-06T16:00:00,Avengers Compound,Pym Particles,480.57,6.32,False
2012-07-06T16:00:00,Avengers Compound,Clean Water (L),2155.97,6.9,False
2012-07-06T16:00:00,Avengers Compound,Medical Kits,417.54,5.17,False
2012-07-06T17:00:00,New Asgard,Vibranium (kg),2032.4,5.39,False
2012-07-06T17:00:00,New Asgard,Arc Reactor Cores,415.65,6.47,False
2012-07-06T17:00:00,New Asgard,Pym Particles,500.46,5.93,False
2012-07-06T17:00:00,New Asgard,Clean Water (L),2165.89,6.47,False
2012-07-06T17:00:00,New Asgard,Medical Kits,433.8,4.85,False
2012-07-06T17:00:00,Wakanda,Vibranium (kg),2031.87,5.39,False
2012-07-06T17:00:00,Wakanda,Arc Reactor Cores,413.04,6.47,False
2012-07-06T17:00:00,Wakanda,Pym Particles,494.41,5.93,False
2012-07-06T17:00:00,Wakanda,Clean Water (L),2163.47,6.47,False
2012-07-06T17:00:00,Wakanda,Medical Kits,437.35,4.85,False
2012-07-06T17:00:00,Sokovia,Vibranium (kg),2412.9,5.39,False
2012-07-06T17:00:00,Sokovia,Arc Reactor Cores,696.02,6.47,False
2012-07-06T17:00:00,Sokovia,Pym Particles,703.89,5.93,False
2012-07-06T17:00:00,Sokovia,Clean Water (L),2391.09,6.47,False
2012-07-06T17:00:00,Sokovia,Medical Kits,724.64,4.85,False
2012-07-06T17:00:00,Sanctum Sanctorum,Vibranium (kg),2032.39,5.39,False
2012-07-06T17:00:00,Sanctum Sanctorum,Arc Reactor Cores,416.08,6.47,False
2012-07-06T17:00:00,Sanctum Sanctorum,Pym Particles,499.24,5.93,False
2012-07-06T17:00:00,Sanctum Sanctorum,Clean Water (L),2163.94,6.47,False
2012-07-06T17:00:00,Sanctum Sanctorum,Medical Kits,432.37,4.85,False
2012-07-06T17:00:00,Avengers Compound,Vibranium (kg),2035.95,5.39,False
2012-07-06T17:00:00,Avengers Compound,Arc Reactor Cores,414.34,6.47,False
2012-07-06T17:00:00,Avengers Compound,Pym Particles,492.34,5.93,False
2012-07-06T17:00:00,Avengers Compound,Clean Water (L),2167.4,6.47,False
2012-07-06T17:00:00,Avengers Compound,Medical Kits,433.14,4.85,False
2012-07-06T18:00:00,New Asgard,Vibranium (kg),2051.72,5.0,False
2012-07-06T18:00:00,New Asgard,Arc Reactor Cores,429.8,6.0,False
2012-07-06T18:00:00,New Asgard,Pym Particles,509.93,5.5,False
2012-07-06T18:00:00,New Asgard,Clean Water (L),2175.87,6.0,False
2012-07-06T18:00:00,New Asgard,Medical Kits,450.03,4.5,False
2012-07-06T18:00:00,Wakanda,Vibranium (kg),2052.84,5.0,False
2012-07-06T18:00:00,Wakanda,Arc Reactor Cores,428.39,6.0,False
2012-07-06T18:00:00,Wakanda,Pym Particles,505.27,5.5,False
2012-07-06T18:00:00,Wakanda,Clean Water (L),2175.83,6.0,False
2012-07-06T18:00:00,Wakanda,Medical Kits,451.88,4.5,False
2012-07-06T18:00:00,Sokovia,Vibranium (kg),2413.5,5.0,False
2012-07-06T18:00:00,Sokovia,Arc Reactor Cores,696.84,6.0,False
2012-07-06T18:00:00,Sokovia,Pym Particles,704.38,5.5,False
2012-07-06T18:00:00,Sokovia,Clean Water (L),2391.09,6.0,False
2012-07-06T18:00:00,Sokovia,Medical Kits,725.55,4.5,False
2012-07-06T18:00:00,Sanctum Sanctorum,Vibranium (kg),2051.09,5.0,False
2012-07-06T18:00:00,Sanctum Sanctorum,Arc Reactor Cores,431.14,6.0,False
2012-07-06T18:00:00,Sanctum Sanctorum,Pym Particles,509.35,5.5,False
2012-07-06T18:00:00,Sanctum Sanctorum,Clean Water (L),2175.29,6.0,False
2012-07-06T18:00:00,Sanctum Sanctorum,Medical Kits,449.1,4.5,False
2012-07-06T18:00:00,Avengers Compound,Vibranium (kg),2055.62,5.0,False
2012-07-06T18:00:00,Avengers Compound,Arc Reactor Cores,427.34,6.0,False
2012-07-06T18:00:00,Avengers Compound,Pym Particles,503.55,5.5,False
2012-07-06T18:00:00,Avengers Compound,Clean Water (L),2180.32,6.0,False
2012-07-06T18:00:00,Avengers Compound,Medical Kits,447.26,4.5,False
2012-07-06T19:00:00,New Asgard,Vibranium (kg),2070.4,4.61,False
2012-07-06T19:00:00,New Asgard,Arc Reactor Cores,444.86,5.53,False
2012-07-06T19:00:00,New Asgard,Pym Particles,520.75,5.07,False
2012-07-06T19:00:00,New Asgard,Clean Water (L),2188.57,5.53,False
2012-07-06T19:00:00,New Asgard,Medical Kits,463.23,4.15,False
2012-07-06T19:00:00,Wakanda,Vibranium (kg),2072.15,4.61,False
2012-07-06T19:00:00,Wakanda,Arc Reactor Cores,443.16,5.53,False
2012-07-06T19:00:00,Wakanda,Pym Particles,516.93,5.07,False
2012-07-06T19:00:00,Wakanda,Clean Water (L),2187.27,5.53,False
2012-07-06T19:00:00,Wakanda,Medical Kits,465.94,4.15,False
2012-07-06T19:00:00,Sokovia,Vibranium (kg),2413.17,4.61,False
2012-07-06T19:00:00,Sokovia,Arc Reactor Cores,698.5,5.53,False
2012-07-06T19:00:00,Sokovia,Pym Particles,706.17,5.07,False
2012-07-06T19:00:00,Sokovia,Clean Water (L),2390.3,5.53,False
2012-07-06T19:00:00,Sokovia,Medical Kits,726.67,4.15,False
2012-07-06T19:00:00,Sanctum Sanctorum,Vibranium (kg),2071.43,4.61,False
2012-07-06T19:00:00,Sanctum Sanctorum,Arc Reactor Cores,445.1,5.53,False
2012-07-06T19:00:00,Sanctum Sanctorum,Pym Particles,518.5,5.07,False
2012-07-06T19:00:00,Sanctum Sanctorum,Clean Water (L),2187.91,5.53,False
2012-07-06T19:00:00,Sanctum Sanctorum,Medical Kits,463.97,4.15,False
2012-07-06T19:00:00,Avengers Compound,Vibranium (kg),2075.5,4.61,False
2012-07-06T19:00:00,Avengers Compound,Arc Reactor Cores,441.99,5.53,False
2012-07-06T19:00:00,Avengers Compound,Pym Particles,513.15,5.07,False
2012-07-06T19:00:00,Avengers Compound,Clean Water (L),2193.45,5.53,False
2012-07-06T19:00:00,Avengers Compound,Medical Kits,462.47,4.15,False
2012-07-06T20:00:00,New Asgard,Vibranium (kg),2089.85,4.25,False
2012-07-06T20:00:00,New Asgard,Arc Reactor Cores,458.79,5.1,False
2012-07-06T20:00:00,New Asgard,Pym Particles,530.94,4.68,False
2012-07-06T20:00:00,New Asgard,Clean Water (L),2200.39,5.1,False
2012-07-06T20:00:00,New Asgard,Medical Kits,477.32,3.83,False
2012-07-06T20:00:00,Wakanda,Vibranium (kg),2089.91,4.25,False
2012-07-06T20:00:00,Wakanda,Arc Reactor Cores,458.08,5.1,False
2012-07-06T20:00:00,Wakanda,Pym Particles,527.49,4.68,False
2012-07-06T20:00:00,Wakanda,Clean Water (L),2198.86,5.1,False
2012-07-06T20:00:00,Wakanda,Medical Kits,479.36,3.83,False
2012-07-06T20:00:00,Sokovia,Vibranium (kg),2414.36,4.25,False
2012-07-06T20:00:00,Sokovia,Arc Reactor Cores,698.57,5.1,False
2012-07-06T20:00:00,Sokovia,Pym Particles,706.0,4.68,False
2012-07-06T20:00:00,Sokovia,Clean Water (L),2391.86,5.1,False
2012-07-06T20:00:00,Sokovia,Medical Kits,727.11,3.83,False
2012-07-06T20:00:00,Sanctum Sanctorum,Vibranium (kg),2089.88,4.25,False
2012-07-06T20:00:00,Sanctum Sanctorum,Arc Reactor Cores,457.64,5.1,False
2012-07-06T20:00:00,Sanctum Sanctorum,Pym Particles,528.95,4.68,False
2012-07-06T20:00:00,Sanctum Sanctorum,Clean Water (L),2199.44,5.1,False
2012-07-06T20:00:00,Sanctum Sanctorum,Medical Kits,478.23,3.83,False
2012-07-06T20:00:00,Avengers Compound,Vibranium (kg),2094.61,4.25,False
2012-07-06T20:00:00,Avengers Compound,Arc Reactor Cores,455.77,5.1,False
2012-07-06T20:00:00,Avengers Compound,Pym Particles,525.09,4.68,False
2012-07-06T20:00:00,Avengers Compound,Clean Water (L),2205.52,5.1,False
2012-07-06T20:00:00,Avengers Compound,Medical Kits,476.89,3.83,False
2012-07-06T21:00:00,New Asgard,Vibranium (kg),2107.04,3.94,False
2012-07-06T21:00:00,New Asgard,Arc Reactor Cores,471.93,4.73,False
2012-07-06T21:00:00,New Asgard,Pym Particles,540.23,4.33,False
2012-07-06T21:00:00,New Asgard,Clean Water (L),2212.31,4.73,False
2012-07-06T21:00:00,New Asgard,Medical Kits,490.18,3.55,False
2012-07-06T21:00:00,Wakanda,Vibranium (kg),2108.16,3.94,False
2012-07-06T21:00:00,Wakanda,Arc Reactor Cores,472.07,4.73,False
2012-07-06T21:00:00,Wakanda,Pym Particles,538.9,4.33,False
2012-07-06T21:00:00,Wakanda,Clean Water (L),2210.35,4.73,False
2012-07-06T21:00:00,Wakanda,Medical Kits,494.24,3.55,False
2012-07-06T21:00:00,Sokovia,Vibranium (kg),2417.17,3.94,False
2012-07-06T21:00:00,Sokovia,Arc Reactor Cores,699.23,4.73,False
2012-07-06T21:00:00,Sokovia,Pym Particles,707.42,4.33,False
2012-07-06T21:00:00,Sokovia,Clean Water (L),2393.23,4.73,False
2012-07-06T21:00:00,Sokovia,Medical Kits,730.16,3.55,False
2012-07-06T21:00:00,Sanctum Sanctorum,Vibranium (kg),2108.86,3.94,False
2012-07-06T21:00:00,Sanctum Sanctorum,Arc Reactor Cores,470.89,4.73,False
2012-07-06T21:00:00,Sanctum Sanctorum,Pym Particles,538.55,4.33,False
2012-07-06T21:00:00,Sanctum Sanctorum,Clean Water (L),2210.08,4.73,False
2012-07-06T21:00:00,Sanctum Sanctorum,Medical Kits,492.4,3.55,False
2012-07-06T21:00:00,Avengers Compound,Vibranium (kg),2112.57,3.94,False
2012-07-06T21:00:00,Avengers Compound,Arc Reactor Cores,469.38,4.73,False
2012-07-06T21:00:00,Avengers Compound,Pym Particles,534.08,4.33,False
2012-07-06T21:00:00,Avengers Compound,Clean Water (L),2217.51,4.73,False
2012-07-06T21:00:00,Avengers Compound,Medical Kits,490.25,3.55,False
2012-07-06T22:00:00,New Asgard,Vibranium (kg),2123.72,3.7,False
2012-07-06T22:00:00,New Asgard,Arc Reactor Cores,484.98,4.44,False
2012-07-06T22:00:00,New Asgard,Pym Particles,550.39,4.07,False
2012-07-06T22:00:00,New Asgard,Clean Water (L),2223.3,4.44,False
2012-07-06T22:00:00,New Asgard,Medical Kits,503.52,3.33,False
2012-07-06T22:00:00,Wakanda,Vibranium (kg),2125.03,3.7,False
2012-07-06T22:00:00,Wakanda,Arc Reactor Cores,486.33,4.44,False
2012-07-06T22:00:00,Wakanda,Pym Particles,548.21,4.07,False
2012-07-06T22:00:00,Wakanda,Clean Water (L),2221.91,4.44,False
2012-07-06T22:00:00,Wakanda,Medical Kits,507.2,3.33,False
2012-07-06T22:00:00,Sokovia,Vibranium (kg),2417.03,3.7,False
2012-07-06T22:00:00,Sokovia,Arc Reactor Cores,702.15,4.44,False
2012-07-06T22:00:00,Sokovia,Pym Particles,707.89,4.07,False
2012-07-06T22:00:00,Sokovia,Clean Water (L),2395.85,4.44,False
2012-07-06T22:00:00,Sokovia,Medical Kits,730.91,3.33,False
2012-07-06T22:00:00,Sanctum Sanctorum,Vibranium (kg),2124.48,3.7,False
2012-07-06T22:00:00,Sanctum Sanctorum,Arc Reactor Cores,483.35,4.44,False
2012-07-06T22:00:00,Sanctum Sanctorum,Pym Particles,548.91,4.07,False
2012-07-06T22:00:00,Sanctum Sanctorum,Clean Water (L),2221.62,4.44,False
2012-07-06T22:00:00,Sanctum Sanctorum,Medical Kits,504.14,3.33,False
2012-07-06T22:00:00,Avengers Compound,Vibranium (kg),2129.78,3.7,False
2012-07-06T22:00:00,Avengers Compound,Arc Reactor Cores,481.88,4.44,False
2012-07-06T22:00:00,Avengers Compound,Pym Particles,542.59,4.07,False
2012-07-06T22:00:00,Avengers Compound,Clean Water (L),2228.51,4.44,False
2012-07-06T22:00:00,Avengers Compound,Medical Kits,504.77,3.33,False
2012-07-06T23:00:00,New Asgard,Vibranium (kg),2140.88,3.55,False
2012-07-06T23:00:00,New Asgard,Arc Reactor Cores,498.31,4.26,False
2012-07-06T23:00:00,New Asgard,Pym Particles,560.61,3.91,False
2012-07-06T23:00:00,New Asgard,Clean Water (L),2234.71,4.26,False
2012-07-06T23:00:00,New Asgard,Medical Kits,517.2,3.2,False
2012-07-06T23:00:00,Wakanda,Vibranium (kg),2141.16,3.55,False
2012-07-06T23:00:00,Wakanda,Arc Reactor Cores,499.18,4.26,False
2012-07-06T23:00:00,Wakanda,Pym Particles,557.37,3.91,False
2012-07-06T23:00:00,Wakanda,Clean Water (L),2232.14,4.26,False
2012-07-06T23:00:00,Wakanda,Medical Kits,520.88,3.2,False
2012-07-06T23:00:00,Sokovia,Vibranium (kg),2419.79,3.55,False
2012-07-06T23:00:00,Sokovia,Arc Reactor Cores,705.13,4.26,False
2012-07-06T23:00:00,Sokovia,Pym Particles,709.49,3.91,False
2012-07-06T23:00:00,Sokovia,Clean Water (L),2398.55,4.26,False
2012-07-06T23:00:00,Sokovia,Medical Kits,732.31,3.2,False
2012-07-06T23:00:00,Sanctum Sanctorum,Vibranium (kg),2140.16,3.55,False
2012-07-06T23:00:00,Sanctum Sanctorum,Arc Reactor Cores,494.65,4.26,False
2012-07-06T23:00:00,Sanctum Sanctorum,Pym Particles,558.91,3.91,False
2012-07-06T23:00:00,Sanctum Sanctorum,Clean Water (L),2232.08,4.26,False
2012-07-06T23:00:00,Sanctum Sanctorum,Medical Kits,516.9,3.2,False
2012-07-06T23:00:00,Avengers Compound,Vibranium (kg),2146.3,3.55,False
2012-07-06T23:00:00,Avengers Compound,Arc Reactor Cores,494.35,4.26,False
2012-07-06T23:00:00,Avengers Compound,Pym Particles,552.7,3.91,False
2012-07-06T23:00:00,Avengers Compound,Clean Water (L),2240.36,4.26,False
2012-07-06T23:00:00,Avengers Compound,Medical Kits,517.33,3.2,False
2012-07-07T00:00:00,New Asgard,Vibranium (kg),2156.29,3.5,False
2012-07-07T00:00:00,New Asgard,Arc Reactor Cores,509.3,4.2,False
2012-07-07T00:00:00,New Asgard,Pym Particles,568.83,3.85,False
2012-07-07T00:00:00,New Asgard,Clean Water (L),2243.12,4.2,False
2012-07-07T00:00:00,New Asgard,Medical Kits,529.9,3.15,False
2012-07-07T00:00:00,Wakanda,Vibranium (kg),2157.68,3.5,False
2012-07-07T00:00:00,Wakanda,Arc Reactor Cores,510.71,4.2,False
2012-07-07T00:00:00,Wakanda,Pym Particles,567.56,3.85,False
2012-07-07T00:00:00,Wakanda,Clean Water (L),2240.92,4.2,False
2012-07-07T00:00:00,Wakanda,Medical Kits,531.69,3.15,False
2012-07-07T00:00:00,Sokovia,Vibranium (kg),2420.99,3.5,False
2012-07-07T00:00:00,Sokovia,Arc Reactor Cores,707.66,4.2,False
2012-07-07T00:00:00,Sokovia,Pym Particles,710.13,3.85,False
2012-07-07T00:00:00,Sokovia,Clean Water (L),2400.5,4.2,False
2012-07-07T00:00:00,Sokovia,Medical Kits,733.96,3.15,False
2012-07-07T00:00:00,Sanctum Sanctorum,Vibranium (kg),2155.66,3.5,False
2012-07-07T00:00:00,Sanctum Sanctorum,Arc Reactor Cores,506.31,4.2,False
2012-07-07T00:00:00,Sanctum Sanctorum,Pym Particles,568.33,3.85,False
2012-07-07T00:00:00,Sanctum Sanctorum,Clean Water (L),2242.38,4.2,False
2012-07-07T00:00:00,Sanctum Sanctorum,Medical Kits,528.63,3.15,False
2012-07-07T00:00:00,Avengers Compound,Vibranium (kg),2160.14,3.5,False
2012-07-07T00:00:00,Avengers Compound,Arc Reactor Cores,506.38,4.2,False
2012-07-07T00:00:00,Avengers Compound,Pym Particles,563.35,3.85,False
2012-07-07T00:00:00,Avengers Compound,Clean Water (L),2249.97,4.2,False
2012-07-07T00:00:00,Avengers Compound,Medical Kits,529.06,3.15,False
2012-07-07T01:00:00,New Asgard,Vibranium (kg),2170.44,3.55,False
2012-07-07T01:00:00,New Asgard,Arc Reactor Cores,521.25,4.26,False
2012-07-07T01:00:00,New Asgard,Pym Particles,577.72,3.91,False
2012-07-07T01:00:00,New Asgard,Clean Water (L),2252.15,4.26,False
2012-07-07T01:00:00,New Asgard,Medical Kits,541.51,3.2,False
2012-07-07T01:00:00,Wakanda,Vibranium (kg),2171.41,3.55,False
2012-07-07T01:00:00,Wakanda,Arc Reactor Cores,522.14,4.26,False
2012-07-07T01:00:00,Wakanda,Pym Particles,574.88,3.91,False
2012-07-07T01:00:00,Wakanda,Clean Water (L),2248.9,4.26,False
2012-07-07T01:00:00,Wakanda,Medical Kits,542.37,3.2,False
2012-07-07T01:00:00,Sokovia,Vibranium (kg),2422.58,3.55,False
2012-07-07T01:00:00,Sokovia,Arc Reactor Cores,708.47,4.26,False
2012-07-07T01:00:00,Sokovia,Pym Particles,711.62,3.91,False
2012-07-07T01:00:00,Sokovia,Clean Water (L),2402.38,4.26,False
2012-07-07T01:00:00,Sokovia,Medical Kits,735.0,3.2,False
2012-07-07T01:00:00,Sanctum Sanctorum,Vibranium (kg),2171.09,3.55,False
2012-07-07T01:00:00,Sanctum Sanctorum,Arc Reactor Cores,518.82,4.26,False
2012-07-07T01:00:00,Sanctum Sanctorum,Pym Particles,577.39,3.91,False
2012-07-07T01:00:00,Sanctum Sanctorum,Clean Water (L),2251.96,4.26,False
2012-07-07T01:00:00,Sanctum Sanctorum,Medical Kits,539.51,3.2,False
2012-07-07T01:00:00,Avengers Compound,Vibranium (kg),2174.0,3.55,False
2012-07-07T01:00:00,Avengers Compound,Arc Reactor Cores,516.07,4.26,False
2012-07-07T01:00:00,Avengers Compound,Pym Particles,571.25,3.91,False
2012-07-07T01:00:00,Avengers Compound,Clean Water (L),2258.98,4.26,False
2012-07-07T01:00:00,Avengers Compound,Medical Kits,541.13,3.2,False
2012-07-07T02:00:00,New Asgard,Vibranium (kg),2184.0,3.7,False
2012-07-07T02:00:00,New Asgard,Arc Reactor Cores,531.83,4.44,False
2012-07-07T02:00:00,New Asgard,Pym Particles,586.48,4.07,False
2012-07-07T02:00:00,New Asgard,Clean Water (L),2260.67,4.44,False
2012-07-07T02:00:00,New Asgard,Medical Kits,551.98,3.33,False
2012-07-07T02:00:00,Wakanda,Vibranium (kg),2185.63,3.7,False
2012-07-07T02:00:00,Wakanda,Arc Reactor Cores,533.19,4.44,False
2012-07-07T02:00:00,Wakanda,Pym Particles,581.85,4.07,False
2012-07-07T02:00:00,Wakanda,Clean Water (L),2258.19,4.44,False
2012-07-07T02:00:00,Wakanda,Medical Kits,553.47,3.33,False
2012-07-07T02:00:00,Sokovia,Vibranium (kg),2423.65,3.7,False
2012-07-07T02:00:00,Sokovia,Arc Reactor Cores,709.58,4.44,False
2012-07-07T02:00:00,Sokovia,Pym Particles,713.55,4.07,False
2012-07-07T02:00:00,Sokovia,Clean Water (L),2403.68,4.44,False
2012-07-07T02:00:00,Sokovia,Medical Kits,735.55,3.33,False
2012-07-07T02:00:00,Sanctum Sanctorum,Vibranium (kg),2183.28,3.7,False
2012-07-07T02:00:00,Sanctum Sanctorum,Arc Reactor Cores,528.52,4.44,False
2012-07-07T02:00:00,Sanctum Sanctorum,Pym Particles,585.43,4.07,False
2012-07-07T02:00:00,Sanctum Sanctorum,Clean Water (L),2259.98,4.44,False
2012-07-07T02:00:00,Sanctum Sanctorum,Medical Kits,550.45,3.33,False
2012-07-07T02:00:00,Avengers Compound,Vibranium (kg),2187.68,3.7,False
2012-07-07T02:00:00,Avengers Compound,Arc Reactor Cores,525.81,4.44,False
2012-07-07T02:00:00,Avengers Compound,Pym Particles,579.02,4.07,False
2012-07-07T02:00:00,Avengers Compound,Clean Water (L),2266.07,4.44,False
2012-07-07T02:00:00,Avengers Compound,Medical Kits,551.62,3.33,False
2012-07-07T03:00:00,New Asgard,Vibranium (kg),2196.34,3.94,False
2012-07-07T03:00:00,New Asgard,Arc Reactor Cores,541.46,4.73,False
2012-07-07T03:00:00,New Asgard,Pym Particles,594.98,4.33,False
2012-07-07T03:00:00,New Asgard,Clean Water (L),2268.94,4.73,False
2012-07-07T03:00:00,New Asgard,Medical Kits,563.14,3.55,False
2012-07-07T03:00:00,Wakanda,Vibranium (kg),2198.26,3.94,False
2012-07-07T03:00:00,Wakanda,Arc Reactor Cores,542.85,4.73,False
2012-07-07T03:00:00,Wakanda,Pym Particles,589.11,4.33,False
2012-07-07T03:00:00,Wakanda,Clean Water (L),2266.26,4.73,False
2012-07-07T03:00:00,Wakanda,Medical Kits,562.03,3.55,False
2012-07-07T03:00:00,Sokovia,Vibranium (kg),2425.51,3.94,False
2012-07-07T03:00:00,Sokovia,Arc Reactor Cores,711.65,4.73,False
2012-07-07T03:00:00,Sokovia,Pym Particles,714.34,4.33,False
2012-07-07T03:00:00,Sokovia,Clean Water (L),2404.68,4.73,False
2012-07-07T03:00:00,Sokovia,Medical Kits,736.26,3.55,False
2012-07-07T03:00:00,Sanctum Sanctorum,Vibranium (kg),2196.91,3.94,False
2012-07-07T03:00:00,Sanctum Sanctorum,Arc Reactor Cores,538.2,4.73,False
2012-07-07T03:00:00,Sanctum Sanctorum,Pym Particles,593.27,4.33,False
2012-07-07T03:00:00,Sanctum Sanctorum,Clean Water (L),2266.77,4.73,False
2012-07-07T03:00:00,Sanctum Sanctorum,Medical Kits,561.86,3.55,False
2012-07-07T03:00:00,Avengers Compound,Vibranium (kg),2198.61,3.94,False
2012-07-07T03:00:00,Avengers Compound,Arc Reactor Cores,535.41,4.73,False
2012-07-07T03:00:00,Avengers Compound,Pym Particles,586.46,4.33,False
2012-07-07T03:00:00,Avengers Compound,Clean Water (L),2275.6,4.73,False
2012-07-07T03:00:00,Avengers Compound,Medical Kits,561.8,3.55,False
2012-07-07T04:00:00,New Asgard,Vibranium (kg),2208.14,4.25,False
2012-07-07T04:00:00,New Asgard,Arc Reactor Cores,551.96,5.1,False
2012-07-07T04:00:00,New Asgard,Pym Particles,601.0,4.68,False
2012-07-07T04:00:00,New Asgard,Clean Water (L),2276.05,5.1,False
2012-07-07T04:00:00,New Asgard,Medical Kits,572.72,3.83,False
2012-07-07T04:00:00,Wakanda,Vibranium (kg),2210.67,4.25,False
2012-07-07T04:00:00,Wakanda,Arc Reactor Cores,552.51,5.1,False
2012-07-07T04:00:00,Wakanda,Pym Particles,595.55,4.68,False
2012-07-07T04:00:00,Wakanda,Clean Water (L),2273.84,5.1,False
2012-07-07T04:00:00,Wakanda,Medical Kits,572.36,3.83,False
2012-07-07T04:00:00,Sokovia,Vibranium (kg),2427.9,4.25,False
2012-07-07T04:00:00,Sokovia,Arc Reactor Cores,712.23,5.1,False
2012-07-07T04:00:00,Sokovia,Pym Particles,715.5,4.68,False
2012-07-07T04:00:00,Sokovia,Clean Water (L),2404.27,5.1,False
2012-07-07T04:00:00,Sokovia,Medical Kits,735.96,3.83,False
2012-07-07T04:00:00,Sanctum Sanctorum,Vibranium (kg),2209.35,4.25,False
2012-07-07T04:00:00,Sanctum Sanctorum,Arc Reactor Cores,546.78,5.1,False
2012-07-07T04:00:00,Sanctum Sanctorum,Pym Particles,599.34,4.68,False
2012-07-07T04:00:00,Sanctum Sanctorum,Clean Water (L),2273.59,5.1,False
2012-07-07T04:00:00,Sanctum Sanctorum,Medical Kits,571.11,3.83,False
2012-07-07T04:00:00,Avengers Compound,Vibranium (kg),2211.28,4.25,False
2012-07-07T04:00:00,Avengers Compound,Arc Reactor Cores,544.55,5.1,False
2012-07-07T04:00:00,Avengers Compound,Pym Particles,593.35,4.68,False
2012-07-07T04:00:00,Avengers Compound,Clean Water (L),2281.15,5.1,False
2012-07-07T04:00:00,Avengers Compound,Medical Kits,570.35,3.83,False
2012-07-07T05:00:00,New Asgard,Vibranium (kg),2220.54,4.61,False
2012-07-07T05:00:00,New Asgard,Arc Reactor Cores,559.1,5.53,False
2012-07-07T05:00:00,New Asgard,Pym Particles,606.63,5.07,False
2012-07-07T05:00:00,New Asgard,Clean Water (L),2282.53,5.53,False
2012-07-07T05:00:00,New Asgard,Medical Kits,579.61,4.15,False
2012-07-07T05:00:00,Wakanda,Vibranium (kg),2222.45,4.61,False
2012-07-07T05:00:00,Wakanda,Arc Reactor Cores,560.72,5.53,False
2012-07-07T05:00:00,Wakanda,Pym Particles,600.38,5.07,False
2012-07-07T05:00:00,Wakanda,Clean Water (L),2280.62,5.53,False
2012-07-07T05:00:00,Wakanda,Medical Kits,581.36,4.15,False
2012-07-07T05:00:00,Sokovia,Vibranium (kg),2429.19,4.61,False
2012-07-07T05:00:00,Sokovia,Arc Reactor Cores,713.63,5.53,False
2012-07-07T05:00:00,Sokovia,Pym Particles,715.0,5.07,False
2012-07-07T05:00:00,Sokovia,Clean Water (L),2404.86,5.53,False
2012-07-07T05:00:00,Sokovia,Medical Kits,737.44,4.15,False
2012-07-07T05:00:00,Sanctum Sanctorum,Vibranium (kg),2220.65,4.61,False
2012-07-07T05:00:00,Sanctum Sanctorum,Arc Reactor Cores,555.75,5.53,False
2012-07-07T05:00:00,Sanctum Sanctorum,Pym Particles,606.85,5.07,False
2012-07-07T05:00:00,Sanctum Sanctorum,Clean Water (L),2280.42,5.53,False
2012-07-07T05:00:00,Sanctum Sanctorum,Medical Kits,578.43,4.15,False
2012-07-07T05:00:00,Avengers Compound,Vibranium (kg),2222.05,4.61,False
2012-07-07T05:00:00,Avengers Compound,Arc Reactor Cores,552.94,5.53,False
2012-07-07T05:00:00,Avengers Compound,Pym Particles,599.94,5.07,False
2012-07-07T05:00:00,Avengers Compound,Clean Water (L),2287.76,5.53,False
2012-07-07T05:00:00,Avengers Compound,Medical Kits,578.72,4.15,False
2012-07-07T06:00:00,New Asgard,Vibranium (kg),2230.28,5.0,False
2012-07-07T06:00:00,New Asgard,Arc Reactor Cores,565.91,6.0,False
2012-07-07T06:00:00,New Asgard,Pym Particles,612.1,5.5,False
2012-07-07T06:00:00,New Asgard,Clean Water (L),2288.1,6.0,False
2012-07-07T06:00:00,New Asgard,Medical Kits,588.61,4.5,False
2012-07-07T06:00:00,Wakanda,Vibranium (kg),2232.96,5.0,False
2012-07-07T06:00:00,Wakanda,Arc Reactor Cores,566.6,6.0,False
2012-07-07T06:00:00,Wakanda,Pym Particles,605.71,5.5,False
2012-07-07T06:00:00,Wakanda,Clean Water (L),2286.84,6.0,False
2012-07-07T06:00:00,Wakanda,Medical Kits,588.84,4.5,False
2012-07-07T06:00:00,Sokovia,Vibranium (kg),2427.58,5.0,False
2012-07-07T06:00:00,Sokovia,Arc Reactor Cores,711.92,6.0,False
2012-07-07T06:00:00,Sokovia,Pym Particles,714.56,5.5,False
2012-07-07T06:00:00,Sokovia,Clean Water (L),2403.3,6.0,False
2012-07-07T06:00:00,Sokovia,Medical Kits,737.02,4.5,False
2012-07-07T06:00:00,Sanctum Sanctorum,Vibranium (kg),2229.06,5.0,False
2012-07-07T06:00:00,Sanctum Sanctorum,Arc Reactor Cores,562.98,6.0,False
2012-07-07T06:00:00,Sanctum Sanctorum,Pym Particles,612.13,5.5,False
2012-07-07T06:00:00,Sanctum Sanctorum,Clean Water (L),2286.19,6.0,False
2012-07-07T06:00:00,Sanctum Sanctorum,Medical Kits,587.09,4.5,False
2012-07-07T06:00:00,Avengers Compound,Vibranium (kg),2232.42,5.0,False
2012-07-07T06:00:00,Avengers Compound,Arc Reactor Cores,560.13,6.0,False
2012-07-07T06:00:00,Avengers Compound,Pym Particles,605.66,5.5,False
2012-07-07T06:00:00,Avengers Compound,Clean Water (L),2293.79,6.0,False
2012-07-07T06:00:00,Avengers Compound,Medical Kits,585.44,4.5,False
2012-07-07T07:00:00,New Asgard,Vibranium (kg),2239.45,5.39,False
2012-07-07T07:00:00,New Asgard,Arc Reactor Cores,572.31,6.47,False
2012-07-07T07:00:00,New Asgard,Pym Particles,616.5,5.93,False
2012-07-07T07:00:00,New Asgard,Clean Water (L),2291.88,6.47,False
2012-07-07T07:00:00,New Asgard,Medical Kits,596.45,4.85,False
2012-07-07T07:00:00,Wakanda,Vibranium (kg),2241.17,5.39,False
2012-07-07T07:00:00,Wakanda,Arc Reactor Cores,574.22,6.47,False
2012-07-07T07:00:00,Wakanda,Pym Particles,611.52,5.93,False
2012-07-07T07:00:00,Wakanda,Clean Water (L),2292.01,6.47,False
2012-07-07T07:00:00,Wakanda,Medical Kits,594.26,4.85,False
2012-07-07T07:00:00,Sokovia,Vibranium (kg),2426.38,5.39,False
2012-07-07T07:00:00,Sokovia,Arc Reactor Cores,712.51,6.47,False
2012-07-07T07:00:00,Sokovia,Pym Particles,713.36,5.93,False
2012-07-07T07:00:00,Sokovia,Clean Water (L),2402.59,6.47,False
2012-07-07T07:00:00,Sokovia,Medical Kits,735.33,4.85,False
2012-07-07T07:00:00,Sanctum Sanctorum,Vibranium (kg),2237.91,5.39,False
2012-07-07T07:00:00,Sanctum Sanctorum,Arc Reactor Cores,568.84,6.47,False
2012-07-07T07:00:00,Sanctum Sanctorum,Pym Particles,616.95,5.93,False
2012-07-07T07:00:00,Sanctum Sanctorum,Clean Water (L),2290.76,6.47,False
2012-07-07T07:00:00,Sanctum Sanctorum,Medical Kits,592.69,4.85,False
2012-07-07T07:00:00,Avengers Compound,Vibranium (kg),2240.6,5.39,False
2012-07-07T07:00:00,Avengers Compound,Arc Reactor Cores,566.87,6.47,False
2012-07-07T07:00:00,Avengers Compound,Pym Particles,610.31,5.93,False
2012-07-07T07:00:00,Avengers Compound,Clean Water (L),2299.52,6.47,False
2012-07-07T07:00:00,Avengers Compound,Medical Kits,591.59,4.85,False
2012-07-07T08:00:00,New Asgard,Vibranium (kg),2247.53,5.75,False
2012-07-07T08:00:00,New Asgard,Arc Reactor Cores,577.6,6.9,False
2012-07-07T08:00:00,New Asgard,Pym Particles,621.01,6.32,False
2012-07-07T08:00:00,New Asgard,Clean Water (L),2297.37,6.9,False
2012-07-07T08:00:00,New Asgard,Medical Kits,602.43,5.17,False
2012-07-07T08:00:00,Wakanda,Vibranium (kg),2248.97,5.75,False
2012-07-07T08:00:00,Wakanda,Arc Reactor Cores,580.83,6.9,False
2012-07-07T08:00:00,Wakanda,Pym Particles,614.89,6.32,False
2012-07-07T08:00:00,Wakanda,Clean Water (L),2295.82,6.9,False
2012-07-07T08:00:00,Wakanda,Medical Kits,600.83,5.17,False
2012-07-07T08:00:00,Sokovia,Vibranium (kg),2424.13,5.75,False
2012-07-07T08:00:00,Sokovia,Arc Reactor Cores,709.94,6.9,False
2012-07-07T08:00:00,Sokovia,Pym Particles,712.85,6.32,False
2012-07-07T08:00:00,Sokovia,Clean Water (L),2402.27,6.9,False
2012-07-07T08:00:00,Sokovia,Medical Kits,732.77,5.17,False
2012-07-07T08:00:00,Sanctum Sanctorum,Vibranium (kg),2246.03,5.75,False
2012-07-07T08:00:00,Sanctum Sanctorum,Arc Reactor Cores,575.31,6.9,False
2012-07-07T08:00:00,Sanctum Sanctorum,Pym Particles,619.24,6.32,False
2012-07-07T08:00:00,Sanctum Sanctorum,Clean Water (L),2295.06,6.9,False
2012-07-07T08:00:00,Sanctum Sanctorum,Medical Kits,598.45,5.17,False
2012-07-07T08:00:00,Avengers Compound,Vibranium (kg),2248.29,5.75,False
2012-07-07T08:00:00,Avengers Compound,Arc Reactor Cores,573.02,6.9,False
2012-07-07T08:00:00,Avengers Compound,Pym Particles,614.61,6.32,False
2012-07-07T08:00:00,Avengers Compound,Clean Water (L),2304.88,6.9,False
2012-07-07T08:00:00,Avengers Compound,Medical Kits,597.23,5.17,False
2012-07-07T09:00:00,New Asgard,Vibranium (kg),2255.77,6.06,False
2012-07-07T09:00:00,New Asgard,Arc Reactor Cores,582.84,7.27,False
2012-07-07T09:00:00,New Asgard,Pym Particles,625.78,6.67,False
2012-07-07T09:00:00,New Asgard,Clean Water (L),2301.82,7.27,False
2012-07-07T09:00:00,New Asgard,Medical Kits,608.1,5.45,False
2012-07-07T09:00:00,Wakanda,Vibranium (kg),2256.66,6.06,False
2012-07-07T09:00:00,Wakanda,Arc Reactor Cores,584.39,7.27,False
2012-07-07T09:00:00,Wakanda,Pym Particles,617.55,6.67,False
2012-07-07T09:00:00,Wakanda,Clean Water (L),2299.98,7.27,False
2012-07-07T09:00:00,Wakanda,Medical Kits,605.58,5.45,False
2012-07-07T09:00:00,Sokovia,Vibranium (kg),2422.11,6.06,False
2012-07-07T09:00:00,Sokovia,Arc Reactor Cores,708.18,7.27,False
2012-07-07T09:00:00,Sokovia,Pym Particles,710.53,6.67,False
2012-07-07T09:00:00,Sokovia,Clean Water (L),2401.25,7.27,False
2012-07-07T09:00:00,Sokovia,Medical Kits,730.93,5.45,False
2012-07-07T09:00:00,Sanctum Sanctorum,Vibranium (kg),2254.27,6.06,False
2012-07-07T09:00:00,Sanctum Sanctorum,Arc Reactor Cores,580.77,7.27,False
2012-07-07T09:00:00,Sanctum Sanctorum,Pym Particles,623.33,6.67,False
2012-07-07T09:00:00,Sanctum Sanctorum,Clean Water (L),2298.68,7.27,False
2012-07-07T09:00:00,Sanctum Sanctorum,Medical Kits,604.22,5.45,False
2012-07-07T09:00:00,Avengers Compound,Vibranium (kg),2255.12,6.06,False
2012-07-07T09:00:00,Avengers Compound,Arc Reactor Cores,577.58,7.27,False
2012-07-07T09:00:00,Avengers Compound,Pym Particles,619.13,6.67,False
2012-07-07T09:00:00,Avengers Compound,Clean Water (L),2308.19,7.27,False
2012-07-07T09:00:00,Avengers Compound,Medical Kits,603.93,5.45,False
2012-07-07T10:00:00,New Asgard,Vibranium (kg),2262.77,6.3,False
2012-07-07T10:00:00,New Asgard,Arc Reactor Cores,587.06,7.56,False
2012-07-07T10:00:00,New Asgard,Pym Particles,630.41,6.93,False
2012-07-07T10:00:00,New Asgard,Clean Water (L),2303.57,7.56,False
2012-07-07T10:00:00,New Asgard,Medical Kits,612.23,5.67,False
2012-07-07T10:00:00,Wakanda,Vibranium (kg),2262.16,6.3,False
2012-07-07T10:00:00,Wakanda,Arc Reactor Cores,589.55,7.56,False
2012-07-07T10:00:00,Wakanda,Pym Particles,621.93,6.93,False
2012-07-07T10:00:00,Wakanda,Clean Water (L),2304.51,7.56,False
2012-07-07T10:00:00,Wakanda,Medical Kits,611.2,5.67,False
2012-07-07T10:00:00,Sokovia,Vibranium (kg),2421.7,6.3,False
2012-07-07T10:00:00,Sokovia,Arc Reactor Cores,707.29,7.56,False
2012-07-07T10:00:00,Sokovia,Pym Particles,709.83,6.93,False
2012-07-07T10:00:00,Sokovia,Clean Water (L),2398.95,7.56,False
2012-07-07T10:00:00,Sokovia,Medical Kits,729.45,5.67,False
2012-07-07T10:00:00,Sanctum Sanctorum,Vibranium (kg),2261.81,6.3,False
2012-07-07T10:00:00,Sanctum Sanctorum,Arc Reactor Cores,584.52,7.56,False
2012-07-07T10:00:00,Sanctum Sanctorum,Pym Particles,625.78,6.93,False
2012-07-07T10:00:00,Sanctum Sanctorum,Clean Water (L),2300.98,7.56,False
2012-07-07T10:00:00,Sanctum Sanctorum,Medical Kits,609.56,5.67,False
2012-07-07T10:00:00,Avengers Compound,Vibranium (kg),2263.38,6.3,False
2012-07-07T10:00:00,Avengers Compound,Arc Reactor Cores,582.99,7.56,False
2012-07-07T10:00:00,Avengers Compound,Pym Particles,621.05,6.93,False
2012-07-07T10:00:00,Avengers Compound,Clean Water (L),2312.19,7.56,False
2012-07-07T10:00:00,Avengers Compound,Medical Kits,609.58,5.67,False
2012-07-07T11:00:00,New Asgard,Vibranium (kg),2269.04,6.45,False
2012-07-07T11:00:00,New Asgard,Arc Reactor Cores,591.06,7.74,False
2012-07-07T11:00:00,New Asgard,Pym Particles,633.38,7.09,False
2012-07-07T11:00:00,New Asgard,Clean Water (L),2307.79,7.74,False
2012-07-07T11:00:00,New Asgard,Medical Kits,616.17,5.8,False
2012-07-07T11:00:00,Wakanda,Vibranium (kg),2268.52,6.45,False
2012-07-07T11:00:00,Wakanda,Arc Reactor Cores,592.4,7.74,False
2012-07-07T11:00:00,Wakanda,Pym Particles,624.55,7.09,False
2012-07-07T11:00:00,Wakanda,Clean Water (L),2306.95,7.74,False
2012-07-07T11:00:00,Wakanda,Medical Kits,616.66,5.8,False
2012-07-07T11:00:00,Sokovia,Vibranium (kg),2418.94,6.45,False
2012-07-07T11:00:00,Sokovia,Arc Reactor Cores,705.26,7.74,False
2012-07-07T11:00:00,Sokovia,Pym Particles,708.0,7.09,False
2012-07-07T11:00:00,Sokovia,Clean Water (L),2396.82,7.74,False
2012-07-07T11:00:00,Sokovia,Medical Kits,728.46,5.8,False
2012-07-07T11:00:00,Sanctum Sanctorum,Vibranium (kg),2269.0,6.45,False
2012-07-07T11:00:00,Sanctum Sanctorum,Arc Reactor Cores,589.22,7.74,False
2012-07-07T11:00:00,Sanctum Sanctorum,Pym Particles,627.25,7.09,False
2012-07-07T11:00:00,Sanctum Sanctorum,Clean Water (L),2305.58,7.74,False
2012-07-07T11:00:00,Sanctum Sanctorum,Medical Kits,614.91,5.8,False
2012-07-07T11:00:00,Avengers Compound,Vibranium (kg),2268.39,6.45,False
2012-07-07T11:00:00,Avengers Compound,Arc Reactor Cores,588.34,7.74,False
2012-07-07T11:00:00,Avengers Compound,Pym Particles,624.58,7.09,False
2012-07-07T11:00:00,Avengers Compound,Clean Water (L),2315.09,7.74,False
2012-07-07T11:00:00,Avengers Compound,Medical Kits,615.07,5.8,False
2012-07-07T12:00:00,New Asgard,Vibranium (kg),2275.36,6.5,False
2012-07-07T12:00:00,New Asgard,Arc Reactor Cores,594.93,7.8,False
2012-07-07T12:00:00,New Asgard,Pym Particles,635.87,7.15,False
2012-07-07T12:00:00,New Asgard,Clean Water (L),2310.92,7.8,False
2012-07-07T12:00:00,New Asgard,Medical Kits,620.47,5.85,False
2012-07-07T12:00:00,Wakanda,Vibranium (kg),2275.07,6.5,False
2012-07-07T12:00:00,Wakanda,Arc Reactor Cores,595.72,7.8,False
2012-07-07T12:00:00,Wakanda,Pym Particles,628.13,7.15,False
2012-07-07T12:00:00,Wakanda,Clean Water (L),2308.5,7.8,False
2012-07-07T12:00:00,Wakanda,Medical Kits,620.55,5.85,False
2012-07-07T12:00:00,Sokovia,Vibranium (kg),2416.39,6.5,False
2012-07-07T12:00:00,Sokovia,Arc Reactor Cores,703.59,7.8,False
2012-07-07T12:00:00,Sokovia,Pym Particles,705.94,7.15,False
2012-07-07T12:00:00,Sokovia,Clean Water (L),2395.41,7.8,False
2012-07-07T12:00:00,Sokovia,Medical Kits,727.29,5.85,False
2012-07-07T12:00:00,Sanctum Sanctorum,Vibranium (kg),2276.0,6.5,False
2012-07-07T12:00:00,Sanctum Sanctorum,Arc Reactor Cores,592.87,7.8,False
2012-07-07T12:00:00,Sanctum Sanctorum,Pym Particles,630.57,7.15,False
2012-07-07T12:00:00,Sanctum Sanctorum,Clean Water (L),2308.48,7.8,False
2012-07-07T12:00:00,Sanctum Sanctorum,Medical Kits,619.33,5.85,False
2012-07-07T12:00:00,Avengers Compound,Vibranium (kg),2274.32,6.5,False
2012-07-07T12:00:00,Avengers Compound,Arc Reactor Cores,592.25,7.8,False
2012-07-07T12:00:00,Avengers Compound,Pym Particles,626.92,7.15,False
2012-07-07T12:00:00,Avengers Compound,Clean Water (L),2317.3,7.8,False
2012-07-07T12:00:00,Avengers Compound,Medical Kits,619.2,5.85,False
2012-07-07T13:00:00,New Asgard,Vibranium (kg),2280.47,6.45,False
2012-07-07T13:00:00,New Asgard,Arc Reactor Cores,598.45,7.74,False
2012-07-07T13:00:00,New Asgard,Pym Particles,638.54,7.09,False
2012-07-07T13:00:00,New Asgard,Clean Water (L),2312.86,7.74,False
2012-07-07T13:00:00,New Asgard,Medical Kits,623.57,5.8,False
2012-07-07T13:00:00,Wakanda,Vibranium (kg),2281.56,6.45,False
2012-07-07T13:00:00,Wakanda,Arc Reactor Cores,599.45,7.74,False
2012-07-07T13:00:00,Wakanda,Pym Particles,630.43,7.09,False
2012-07-07T13:00:00,Wakanda,Clean Water (L),2310.13,7.74,False
2012-07-07T13:00:00,Wakanda,Medical Kits,623.85,5.8,False
2012-07-07T13:00:00,Sokovia,Vibranium (kg),2416.23,6.45,False
2012-07-07T13:00:00,Sokovia,Arc Reactor Cores,701.59,7.74,False
2012-07-07T13:00:00,Sokovia,Pym Particles,703.92,7.09,False
2012-07-07T13:00:00,Sokovia,Clean Water (L),2394.91,7.74,False
2012-07-07T13:00:00,Sokovia,Medical Kits,727.1,5.8,False
2012-07-07T13:00:00,Sanctum Sanctorum,Vibranium (kg),2282.36,6.45,False
2012-07-07T13:00:00,Sanctum Sanctorum,Arc Reactor Cores,595.85,7.74,False
2012-07-07T13:00:00,Sanctum Sanctorum,Pym Particles,632.44,7.09,False
2012-07-07T13:00:00,Sanctum Sanctorum,Clean Water (L),2309.84,7.74,False
2012-07-07T13:00:00,Sanctum Sanctorum,Medical Kits,623.67,5.8,False
2012-07-07T13:00:00,Avengers Compound,Vibranium (kg),2281.08,6.45,False
2012-07-07T13:00:00,Avengers Compound,Arc Reactor Cores,594.56,7.74,False
2012-07-07T13:00:00,Avengers Compound,Pym Particles,627.86,7.09,False
2012-07-07T13:00:00,Avengers Compound,Clean Water (L),2321.34,7.74,False
2012-07-07T13:00:00,Avengers Compound,Medical Kits,624.67,5.8,False
2012-07-07T14:00:00,New Asgard,Vibranium (kg),2286.4,6.3,False
2012-07-07T14:00:00,New Asgard,Arc Reactor Cores,603.75,7.56,False
2012-07-07T14:00:00,New Asgard,Pym Particles,641.79,6.93,False
2012-07-07T14:00:00,New Asgard,Clean Water (L),2315.51,7.56,False
2012-07-07T14:00:00,New Asgard,Medical Kits,628.23,5.67,False
2012-07-07T14:00:00,Wakanda,Vibranium (kg),2286.62,6.3,False
2012-07-07T14:00:00,Wakanda,Arc Reactor Cores,602.46,7.56,False
2012-07-07T14:00:00,Wakanda,Pym Particles,632.43,6.93,False
2012-07-07T14:00:00,Wakanda,Clean Water (L),2314.73,7.56,False
2012-07-07T14:00:00,Wakanda,Medical Kits,627.32,5.67,False
2012-07-07T14:00:00,Sokovia,Vibranium (kg),2415.12,6.3,False
2012-07-07T14:00:00,Sokovia,Arc Reactor Cores,699.62,7.56,False
2012-07-07T14:00:00,Sokovia,Pym Particles,702.65,6.93,False
2012-07-07T14:00:00,Sokovia,Clean Water (L),2394.41,7.56,False
2012-07-07T14:00:00,Sokovia,Medical Kits,725.72,5.67,False
2012-07-07T14:00:00,Sanctum Sanctorum,Vibranium (kg),2288.47,6.3,False
2012-07-07T14:00:00,Sanctum Sanctorum,Arc Reactor Cores,599.27,7.56,False
2012-07-07T14:00:00,Sanctum Sanctorum,Pym Particles,634.3,6.93,False
2012-07-07T14:00:00,Sanctum Sanctorum,Clean Water (L),2314.09,7.56,False
2012-07-07T14:00:00,Sanctum Sanctorum,Medical Kits,628.49,5.67,False
2012-07-07T14:00:00,Avengers Compound,Vibranium (kg),2286.66,6.3,False
2012-07-07T14:00:00,Avengers Compound,Arc Reactor Cores,598.33,7.56,False
2012-07-07T14:00:00,Avengers Compound,Pym Particles,631.9,6.93,False
2012-07-07T14:00:00,Avengers Compound,Clean Water (L),2323.87,7.56,False
2012-07-07T14:00:00,Avengers Compound,Medical Kits,629.16,5.67,False
2012-07-07T15:00:00,New Asgard,Vibranium (kg),2292.9,6.06,False
2012-07-07T15:00:00,New Asgard,Arc Reactor Cores,607.23,7.27,False
2012-07-07T15:00:00,New Asgard,Pym Particles,644.05,6.67,False
2012-07-07T15:00:00,New Asgard,Clean Water (L),2317.62,7.27,False
2012-07-07T15:00:00,New Asgard,Medical Kits,632.53,5.45,False
2012-07-07T15:00:00,Wakanda,Vibranium (kg),2290.83,6.06,False
2012-07-07T15:00:00,Wakanda,Arc Reactor Cores,605.71,7.27,False
2012-07-07T15:00:00,Wakanda,Pym Particles,634.97,6.67,False
2012-07-07T15:00:00,Wakanda,Clean Water (L),2318.07,7.27,False
2012-07-07T15:00:00,Wakanda,Medical Kits,631.26,5.45,False
2012-07-07T15:00:00,Sokovia,Vibranium (kg),2414.97,6.06,False
2012-07-07T15:00:00,Sokovia,Arc Reactor Cores,696.76,7.27,False
2012-07-07T15:00:00,Sokovia,Pym Particles,702.66,6.67,False
2012-07-07T15:00:00,Sokovia,Clean Water (L),2394.29,7.27,False
2012-07-07T15:00:00,Sokovia,Medical Kits,723.31,5.45,False
2012-07-07T15:00:00,Sanctum Sanctorum,Vibranium (kg),2293.53,6.06,False
2012-07-07T15:00:00,Sanctum Sanctorum,Arc Reactor Cores,604.05,7.27,False
2012-07-07T15:00:00,Sanctum Sanctorum,Pym Particles,635.85,6.67,False
2012-07-07T15:00:00,Sanctum Sanctorum,Clean Water (L),2317.07,7.27,False
2012-07-07T15:00:00,Sanctum Sanctorum,Medical Kits,632.21,5.45,False
2012-07-07T15:00:00,Avengers Compound,Vibranium (kg),2291.05,6.06,False
2012-07-07T15:00:00,Avengers Compound,Arc Reactor Cores,602.58,7.27,False
2012-07-07T15:00:00,Avengers Compound,Pym Particles,635.65,6.67,False
2012-07-07T15:00:00,Avengers Compound,Clean Water (L),2326.97,7.27,False
2012-07-07T15:00:00,Avengers Compound,Medical Kits,631.78,5.45,False
2012-07-07T16:00:00,New Asgard,Vibranium (kg),2298.27,5.75,False
2012-07-07T16:00:00,New Asgard,Arc Reactor Cores,610.08,6.9,False
2012-07-07T16:00:00,New Asgard,Pym Particles,645.31,6.32,False
2012-07-07T16:00:00,New Asgard,Clean Water (L),2321.41,6.9,False
2012-07-07T16:00:00,New Asgard,Medical Kits,637.07,5.17,False
2012-07-07T16:00:00,Wakanda,Vibranium (kg),2295.57,5.75,False
2012-07-07T16:00:00,Wakanda,Arc Reactor Cores,608.85,6.9,False
2012-07-07T16:00:00,Wakanda,Pym Particles,639.42,6.32,False
2012-07-07T16:00:00,Wakanda,Clean Water (L),2322.16,6.9,False
2012-07-07T16:00:00,Wakanda,Medical Kits,635.89,5.17,False
2012-07-07T16:00:00,Sokovia,Vibranium (kg),2413.6,5.75,False
2012-07-07T16:00:00,Sokovia,Arc Reactor Cores,694.75,6.9,False
2012-07-07T16:00:00,Sokovia,Pym Particles,702.52,6.32,False
2012-07-07T16:00:00,Sokovia,Clean Water (L),2391.95,6.9,False
2012-07-07T16:00:00,Sokovia,Medical Kits,722.44,5.17,False
2012-07-07T16:00:00,Sanctum Sanctorum,Vibranium (kg),2298.42,5.75,False
2012-07-07T16:00:00,Sanctum Sanctorum,Arc Reactor Cores,609.33,6.9,False
2012-07-07T16:00:00,Sanctum Sanctorum,Pym Particles,640.4,6.32,False
2012-07-07T16:00:00,Sanctum Sanctorum,Clean Water (L),2320.34,6.9,False
2012-07-07T16:00:00,Sanctum Sanctorum,Medical Kits,636.44,5.17,False
2012-07-07T16:00:00,Avengers Compound,Vibranium (kg),2297.57,5.75,False
2012-07-07T16:00:00,Avengers Compound,Arc Reactor Cores,608.04,6.9,False
2012-07-07T16:00:00,Avengers Compound,Pym Particles,638.53,6.32,False
2012-07-07T16:00:00,Avengers Compound,Clean Water (L),2330.31,6.9,False
2012-07-07T16:00:00,Avengers Compound,Medical Kits,636.49,5.17,False
2012-07-07T17:00:00,New Asgard,Vibranium (kg),2304.46,5.39,False
2012-07-07T17:00:00,New Asgard,Arc Reactor Cores,613.87,6.47,False
2012-07-07T17:00:00,New Asgard,Pym Particles,649.01,5.93,False
2012-07-07T17:00:00,New Asgard,Clean Water (L),2325.19,6.47,False
2012-07-07T17:00:00,New Asgard,Medical Kits,641.2,4.85,False
2012-07-07T17:00:00,Wakanda,Vibranium (kg),2301.86,5.39,False
2012-07-07T17:00:00,Wakanda,Arc Reactor Cores,611.63,6.47,False
2012-07-07T17:00:00,Wakanda,Pym Particles,644.15,5.93,False
2012-07-07T17:00:00,Wakanda,Clean Water (L),2326.65,6.47,False
2012-07-07T17:00:00,Wakanda,Medical Kits,641.53,4.85,False
2012-07-07T17:00:00,Sokovia,Vibranium (kg),2413.93,5.39,False
2012-07-07T17:00:00,Sokovia,Arc Reactor Cores,694.51,6.47,False
2012-07-07T17:00:00,Sokovia,Pym Particles,702.04,5.93,False
2012-07-07T17:00:00,Sokovia,Clean Water (L),2391.26,6.47,False
2012-07-07T17:00:00,Sokovia,Medical Kits,720.92,4.85,False
2012-07-07T17:00:00,Sanctum Sanctorum,Vibranium (kg),2305.35,5.39,False
2012-07-07T17:00:00,Sanctum Sanctorum,Arc Reactor Cores,612.93,6.47,False
2012-07-07T17:00:00,Sanctum Sanctorum,Pym Particles,643.63,5.93,False
2012-07-07T17:00:00,Sanctum Sanctorum,Clean Water (L),2324.03,6.47,False
2012-07-07T17:00:00,Sanctum Sanctorum,Medical Kits,640.82,4.85,False
2012-07-07T17:00:00,Avengers Compound,Vibranium (kg),2302.79,5.39,False
2012-07-07T17:00:00,Avengers Compound,Arc Reactor Cores,612.0,6.47,False
2012-07-07T17:00:00,Avengers Compound,Pym Particles,641.4,5.93,False
2012-07-07T17:00:00,Avengers Compound,Clean Water (L),2332.58,6.47,False
2012-07-07T17:00:00,Avengers Compound,Medical Kits,641.69,4.85,False
2012-07-07T18:00:00,New Asgard,Vibranium (kg),2309.96,5.0,False
2012-07-07T18:00:00,New Asgard,Arc Reactor Cores,617.7,6.0,False
2012-07-07T18:00:00,New Asgard,Pym Particles,651.07,5.5,False
2012-07-07T18:00:00,New Asgard,Clean Water (L),2328.64,6.0,False
2012-07-07T18:00:00,New Asgard,Medical Kits,646.9,4.5,False
2012-07-07T18:00:00,Wakanda,Vibranium (kg),2307.78,5.0,False
2012-07-07T18:00:00,Wakanda,Arc Reactor Cores,616.06,6.0,False
2012-07-07T18:00:00,Wakanda,Pym Particles,648.65,5.5,False
2012-07-07T18:00:00,Wakanda,Clean Water (L),2329.66,6.0,False
2012-07-07T18:00:00,Wakanda,Medical Kits,646.86,4.5,False
2012-07-07T18:00:00,Sokovia,Vibranium (kg),2414.39,5.0,False
2012-07-07T18:00:00,Sokovia,Arc Reactor Cores,695.2,6.0,False
2012-07-07T18:00:00,Sokovia,Pym Particles,704.13,5.5,False
2012-07-07T18:00:00,Sokovia,Clean Water (L),2392.75,6.0,False
2012-07-07T18:00:00,Sokovia,Medical Kits,721.69,4.5,False
2012-07-07T18:00:00,Sanctum Sanctorum,Vibranium (kg),2311.15,5.0,False
2012-07-07T18:00:00,Sanctum Sanctorum,Arc Reactor Cores,617.07,6.0,False
2012-07-07T18:00:00,Sanctum Sanctorum,Pym Particles,645.18,5.5,False
2012-07-07T18:00:00,Sanctum Sanctorum,Clean Water (L),2327.87,6.0,False
2012-07-07T18:00:00,Sanctum Sanctorum,Medical Kits,645.73,4.5,False
2012-07-07T18:00:00,Avengers Compound,Vibranium (kg),2308.93,5.0,False
2012-07-07T18:00:00,Avengers Compound,Arc Reactor Cores,616.68,6.0,False
2012-07-07T18:00:00,Avengers Compound,Pym Particles,644.74,5.5,False
2012-07-07T18:00:00,Avengers Compound,Clean Water (L),2336.67,6.0,False
2012-07-07T18:00:00,Avengers Compound,Medical Kits,646.46,4.5,False
2012-07-07T19:00:00,New Asgard,Vibranium (kg),2314.98,4.61,False
2012-07-07T19:00:00,New Asgard,Arc Reactor Cores,622.22,5.53,False
2012-07-07T19:00:00,New Asgard,Pym Particles,654.03,5.07,False
2012-07-07T19:00:00,New Asgard,Clean Water (L),2333.06,5.53,False
2012-07-07T19:00:00,New Asgard,Medical Kits,651.06,4.15,False
2012-07-07T19:00:00,Wakanda,Vibranium (kg),2313.02,4.61,False
2012-07-07T19:00:00,Wakanda,Arc Reactor Cores,618.88,5.53,False
2012-07-07T19:00:00,Wakanda,Pym Particles,652.4,5.07,False
2012-07-07T19:00:00,Wakanda,Clean Water (L),2334.87,5.53,False
2012-07-07T19:00:00,Wakanda,Medical Kits,651.74,4.15,False
2012-07-07T19:00:00,Sokovia,Vibranium (kg),2415.04,4.61,False
2012-07-07T19:00:00,Sokovia,Arc Reactor Cores,695.39,5.53,False
2012-07-07T19:00:00,Sokovia,Pym Particles,705.35,5.07,False
2012-07-07T19:00:00,Sokovia,Clean Water (L),2393.38,5.53,False
2012-07-07T19:00:00,Sokovia,Medical Kits,722.8,4.15,False
2012-07-07T19:00:00,Sanctum Sanctorum,Vibranium (kg),2318.29,4.61,False
2012-07-07T19:00:00,Sanctum Sanctorum,Arc Reactor Cores,620.79,5.53,False
2012-07-07T19:00:00,Sanctum Sanctorum,Pym Particles,648.55,5.07,False
2012-07-07T19:00:00,Sanctum Sanctorum,Clean Water (L),2332.08,5.53,False
2012-07-07T19:00:00,Sanctum Sanctorum,Medical Kits,651.46,4.15,False
2012-07-07T19:00:00,Avengers Compound,Vibranium (kg),2313.45,4.61,False
2012-07-07T19:00:00,Avengers Compound,Arc Reactor Cores,620.77,5.53,False
2012-07-07T19:00:00,Avengers Compound,Pym Particles,648.88,5.07,False
2012-07-07T19:00:00,Avengers Compound,Clean Water (L),2339.23,5.53,False
2012-07-07T19:00:00,Avengers Compound,Medical Kits,650.03,4.15,False
2012-07-07T20:00:00,New Asgard,Vibranium (kg),2321.71,4.25,False
2012-07-07T20:00:00,New Asgard,Arc Reactor Cores,627.67,5.1,False
2012-07-07T20:00:00,New Asgard,Pym Particles,657.25,4.68,False
2012-07-07T20:00:00,New Asgard,Clean Water (L),2337.0,5.1,False
2012-07-07T20:00:00,New Asgard,Medical Kits,654.7,3.83,False
2012-07-07T20:00:00,Wakanda,Vibranium (kg),2318.11,4.25,False
2012-07-07T20:00:00,Wakanda,Arc Reactor Cores,623.96,5.1,False
2012-07-07T20:00:00,Wakanda,Pym Particles,655.31,4.68,False
2012-07-07T20:00:00,Wakanda,Clean Water (L),2338.92,5.1,False
2012-07-07T20:00:00,Wakanda,Medical Kits,655.14,3.83,False
2012-07-07T20:00:00,Sokovia,Vibranium (kg),2416.13,4.25,False
2012-07-07T20:00:00,Sokovia,Arc Reactor Cores,696.9,5.1,False
2012-07-07T20:00:00,Sokovia,Pym Particles,706.48,4.68,False
2012-07-07T20:00:00,Sokovia,Clean Water (L),2393.99,5.1,False
2012-07-07T20:00:00,Sokovia,Medical Kits,723.22,3.83,False
2012-07-07T20:00:00,Sanctum Sanctorum,Vibranium (kg),2325.04,4.25,False
2012-07-07T20:00:00,Sanctum Sanctorum,Arc Reactor Cores,627.27,5.1,False
2012-07-07T20:00:00,Sanctum Sanctorum,Pym Particles,653.93,4.68,False
2012-07-07T20:00:00,Sanctum Sanctorum,Clean Water (L),2335.96,5.1,False
2012-07-07T20:00:00,Sanctum Sanctorum,Medical Kits,657.13,3.83,False
2012-07-07T20:00:00,Avengers Compound,Vibranium (kg),2318.33,4.25,False
2012-07-07T20:00:00,Avengers Compound,Arc Reactor Cores,625.67,5.1,False
2012-07-07T20:00:00,Avengers Compound,Pym Particles,652.74,4.68,False
2012-07-07T20:00:00,Avengers Compound,Clean Water (L),2343.21,5.1,False
2012-07-07T20:00:00,Avengers Compound,Medical Kits,654.67,3.83,False
2012-07-07T21:00:00,New Asgard,Vibranium (kg),2328.12,3.94,False
2012-07-07T21:00:00,New Asgard,Arc Reactor Cores,632.18,4.73,False
2012-07-07T21:00:00,New Asgard,Pym Particles,662.66,4.33,False
2012-07-07T21:00:00,New Asgard,Clean Water (L),2341.52,4.73,False
2012-07-07T21:00:00,New Asgard,Medical Kits,660.85,3.55,False
2012-07-07T21:00:00,Wakanda,Vibranium (kg),2324.03,3.94,False
2012-07-07T21:00:00,Wakanda,Arc Reactor Cores,630.3,4.73,False
2012-07-07T21:00:00,Wakanda,Pym Particles,659.27,4.33,False
2012-07-07T21:00:00,Wakanda,Clean Water (L),2343.96,4.73,False
2012-07-07T21:00:00,Wakanda,Medical Kits,659.92,3.55,False
2012-07-07T21:00:00,Sokovia,Vibranium (kg),2416.07,3.94,False
2012-07-07T21:00:00,Sokovia,Arc Reactor Cores,697.49,4.73,False
2012-07-07T21:00:00,Sokovia,Pym Particles,709.01,4.33,False
2012-07-07T21:00:00,Sokovia,Clean Water (L),2393.98,4.73,False
2012-07-07T21:00:00,Sokovia,Medical Kits,724.41,3.55,False
2012-07-07T21:00:00,Sanctum Sanctorum,Vibranium (kg),2331.37,3.94,False
2012-07-07T21:00:00,Sanctum Sanctorum,Arc Reactor Cores,632.64,4.73,False
2012-07-07T21:00:00,Sanctum Sanctorum,Pym Particles,657.89,4.33,False
2012-07-07T21:00:00,Sanctum Sanctorum,Clean Water (L),2340.06,4.73,False
2012-07-07T21:00:00,Sanctum Sanctorum,Medical Kits,661.29,3.55,False
2012-07-07T21:00:00,Avengers Compound,Vibranium (kg),2323.12,3.94,False
2012-07-07T21:00:00,Avengers Compound,Arc Reactor Cores,629.25,4.73,False
2012-07-07T21:00:00,Avengers Compound,Pym Particles,656.69,4.33,False
2012-07-07T21:00:00,Avengers Compound,Clean Water (L),2348.86,4.73,False
2012-07-07T21:00:00,Avengers Compound,Medical Kits,658.05,3.55,False
2012-07-07T22:00:00,New Asgard,Vibranium (kg),2335.24,3.7,False
2012-07-07T22:00:00,New Asgard,Arc Reactor Cores,636.86,4.44,False
2012-07-07T22:00:00,New Asgard,Pym Particles,665.51,4.07,False
2012-07-07T22:00:00,New Asgard,Clean Water (L),2346.16,4.44,False
2012-07-07T22:00:00,New Asgard,Medical Kits,665.5,3.33,False
2012-07-07T22:00:00,Wakanda,Vibranium (kg),2329.56,3.7,False
2012-07-07T22:00:00,Wakanda,Arc Reactor Cores,634.31,4.44,False
2012-07-07T22:00:00,Wakanda,Pym Particles,663.33,4.07,False
2012-07-07T22:00:00,Wakanda,Clean Water (L),2346.81,4.44,False
2012-07-07T22:00:00,Wakanda,Medical Kits,664.15,3.33,False
2012-07-07T22:00:00,Sokovia,Vibranium (kg),2417.78,3.7,False
2012-07-07T22:00:00,Sokovia,Arc Reactor Cores,699.94,4.44,False
2012-07-07T22:00:00,Sokovia,Pym Particles,710.63,4.07,False
2012-07-07T22:00:00,Sokovia,Clean Water (L),2394.62,4.44,False
2012-07-07T22:00:00,Sokovia,Medical Kits,725.37,3.33,False
2012-07-07T22:00:00,Sanctum Sanctorum,Vibranium (kg),2338.32,3.7,False
2012-07-07T22:00:00,Sanctum Sanctorum,Arc Reactor Cores,638.1,4.44,False
2012-07-07T22:00:00,Sanctum Sanctorum,Pym Particles,663.39,4.07,False
2012-07-07T22:00:00,Sanctum Sanctorum,Clean Water (L),2344.96,4.44,False
2012-07-07T22:00:00,Sanctum Sanctorum,Medical Kits,665.48,3.33,False
2012-07-07T22:00:00,Avengers Compound,Vibranium (kg),2330.04,3.7,False
2012-07-07T22:00:00,Avengers Compound,Arc Reactor Cores,634.57,4.44,False
2012-07-07T22:00:00,Avengers Compound,Pym Particles,661.14,4.07,False
2012-07-07T22:00:00,Avengers Compound,Clean Water (L),2351.27,4.44,False
2012-07-07T22:00:00,Avengers Compound,Medical Kits,663.48,3.33,False
2012-07-07T23:00:00,New Asgard,Vibranium (kg),2341.7,3.55,False
2012-07-07T23:00:00,New Asgard,Arc Reactor Cores,641.92,4.26,False
2012-07-07T23:00:00,New Asgard,Pym Particles,670.01,3.91,False
2012-07-07T23:00:00,New Asgard,Clean Water (L),2350.65,4.26,False
2012-07-07T23:00:00,New Asgard,Medical Kits,670.19,3.2,False
2012-07-07T23:00:00,Wakanda,Vibranium (kg),2335.36,3.55,False
2012-07-07T23:00:00,Wakanda,Arc Reactor Cores,638.79,4.26,False
2012-07-07T23:00:00,Wakanda,Pym Particles,667.31,3.91,False
2012-07-07T23:00:00,Wakanda,Clean Water (L),2350.54,4.26,False
2012-07-07T23:00:00,Wakanda,Medical Kits,668.32,3.2,False
2012-07-07T23:00:00,Sokovia,Vibranium (kg),2419.66,3.55,False
2012-07-07T23:00:00,Sokovia,Arc Reactor Cores,701.84,4.26,False
2012-07-07T23:00:00,Sokovia,Pym Particles,712.79,3.91,False
2012-07-07T23:00:00,Sokovia,Clean Water (L),2395.92,4.26,False
2012-07-07T23:00:00,Sokovia,Medical Kits,727.07,3.2,False
2012-07-07T23:00:00,Sanctum Sanctorum,Vibranium (kg),2342.94,3.55,False
2012-07-07T23:00:00,Sanctum Sanctorum,Arc Reactor Cores,642.34,4.26,False
2012-07-07T23:00:00,Sanctum Sanctorum,Pym Particles,667.08,3.91,False
2012-07-07T23:00:00,Sanctum Sanctorum,Clean Water (L),2349.17,4.26,False
2012-07-07T23:00:00,Sanctum Sanctorum,Medical Kits,671.18,3.2,False
2012-07-07T23:00:00,Avengers Compound,Vibranium (kg),2334.38,3.55,False
2012-07-07T23:00:00,Avengers Compound,Arc Reactor Cores,639.51,4.26,False
2012-07-07T23:00:00,Avengers Compound,Pym Particles,664.12,3.91,False
2012-07-07T23:00:00,Avengers Compound,Clean Water (L),2356.56,4.26,False
2012-07-07T23:00:00,Avengers Compound,Medical Kits,668.11,3.2,False
2012-07-08T00:00:00,New Asgard,Vibranium (kg),2346.59,3.5,False
2012-07-08T00:00:00,New Asgard,Arc Reactor Cores,646.89,4.2,False
2012-07-08T00:00:00,New Asgard,Pym Particles,673.5,3.85,False
2012-07-08T00:00:00,New Asgard,Clean Water (L),2355.68,4.2,False
2012-07-08T00:00:00,New Asgard,Medical Kits,675.13,3.15,False
2012-07-08T00:00:00,Wakanda,Vibranium (kg),2341.92,3.5,False
2012-07-08T00:00:00,Wakanda,Arc Reactor Cores,643.33,4.2,False
2012-07-08T00:00:00,Wakanda,Pym Particles,670.93,3.85,False
2012-07-08T00:00:00,Wakanda,Clean Water (L),2355.01,4.2,False
2012-07-08T00:00:00,Wakanda,Medical Kits,673.13,3.15,False
2012-07-08T00:00:00,Sokovia,Vibranium (kg),2421.23,3.5,False
2012-07-08T00:00:00,Sokovia,Arc Reactor Cores,704.18,4.2,False
2012-07-08T00:00:00,Sokovia,Pym Particles,714.51,3.85,False
2012-07-08T00:00:00,Sokovia,Clean Water (L),2397.01,4.2,False
2012-07-08T00:00:00,Sokovia,Medical Kits,729.42,3.15,False
2012-07-08T00:00:00,Sanctum Sanctorum,Vibranium (kg),2349.01,3.5,False
2012-07-08T00:00:00,Sanctum Sanctorum,Arc Reactor Cores,647.41,4.2,False
2012-07-08T00:00:00,Sanctum Sanctorum,Pym Particles,670.82,3.85,False
2012-07-08T00:00:00,Sanctum Sanctorum,Clean Water (L),2352.96,4.2,False
2012-07-08T00:00:00,Sanctum Sanctorum,Medical Kits,674.79,3.15,False
2012-07-08T00:00:00,Avengers Compound,Vibranium (kg),2340.42,3.5,False
2012-07-08T00:00:00,Avengers Compound,Arc Reactor Cores,644.11,4.2,False
2012-07-08T00:00:00,Avengers Compound,Pym Particles,667.82,3.85,False
2012-07-08T00:00:00,Avengers Compound,Clean Water (L),2361.24,4.2,False
2012-07-08T00:00:00,Avengers Compound,Medical Kits,670.97,3.15,False
2012-07-08T01:00:00,New Asgard,Vibranium (kg),2352.69,3.55,False
2012-07-08T01:00:00,New Asgard,Arc Reactor Cores,652.15,4.26,False
2012-07-08T01:00:00,New Asgard,Pym Particles,677.45,3.91,False
2012-07-08T01:00:00,New Asgard,Clean Water (L),2359.59,4.26,False
2012-07-08T01:00:00,New Asgard,Medical Kits,679.27,3.2,False
2012-07-08T01:00:00,Wakanda,Vibranium (kg),2348.09,3.55,False
2012-07-08T01:00:00,Wakanda,Arc Reactor Cores,649.67,4.26,False
2012-07-08T01:00:00,Wakanda,Pym Particles,674.12,3.91,False
2012-07-08T01:00:00,Wakanda,Clean Water (L),2359.29,4.26,False
2012-07-08T01:00:00,Wakanda,Medical Kits,676.5,3.2,False
2012-07-08T01:00:00,Sokovia,Vibranium (kg),2424.03,3.55,False
2012-07-08T01:00:00,Sokovia,Arc Reactor Cores,706.47,4.26,False
2012-07-08T01:00:00,Sokovia,Pym Particles,716.45,3.91,False
2012-07-08T01:00:00,Sokovia,Clean Water (L),2399.21,4.26,False
2012-07-08T01:00:00,Sokovia,Medical Kits,731.56,3.2,False
2012-07-08T01:00:00,Sanctum Sanctorum,Vibranium (kg),2354.11,3.55,False
2012-07-08T01:00:00,Sanctum Sanctorum,Arc Reactor Cores,651.03,4.26,False
2012-07-08T01:00:00,Sanctum Sanctorum,Pym Particles,674.52,3.91,False
2012-07-08T01:00:00,Sanctum Sanctorum,Clean Water (L),2356.51,4.26,False
2012-07-08T01:00:00,Sanctum Sanctorum,Medical Kits,679.34,3.2,False
2012-07-08T01:00:00,Avengers Compound,Vibranium (kg),2344.43,3.55,False
2012-07-08T01:00:00,Avengers Compound,Arc Reactor Cores,647.79,4.26,False
2012-07-08T01:00:00,Avengers Compound,Pym Particles,672.83,3.91,False
2012-07-08T01:00:00,Avengers Compound,Clean Water (L),2365.32,4.26,False
2012-07-08T01:00:00,Avengers Compound,Medical Kits,675.73,3.2,False
2012-07-08T02:00:00,New Asgard,Vibranium (kg),2359.03,3.7,False
2012-07-08T02:00:00,New Asgard,Arc Reactor Cores,656.29,4.44,False
2012-07-08T02:00:00,New Asgard,Pym Particles,682.14,4.07,False
2012-07-08T02:00:00,New Asgard,Clean Water (L),2364.92,4.44,False
2012-07-08T02:00:00,New Asgard,Medical Kits,682.97,3.33,False
2012-07-08T02:00:00,Wakanda,Vibranium (kg),2353.6,3.7,False
2012-07-08T02:00:00,Wakanda,Arc Reactor Cores,654.64,4.44,False
2012-07-08T02:00:00,Wakanda,Pym Particles,677.24,4.07,False
2012-07-08T02:00:00,Wakanda,Clean Water (L),2361.84,4.44,False
2012-07-08T02:00:00,Wakanda,Medical Kits,680.71,3.33,False
2012-07-08T02:00:00,Sokovia,Vibranium (kg),2424.02,3.7,False
2012-07-08T02:00:00,Sokovia,Arc Reactor Cores,708.26,4.44,False
2012-07-08T02:00:00,Sokovia,Pym Particles,718.59,4.07,False
2012-07-08T02:00:00,Sokovia,Clean Water (L),2402.42,4.44,False
2012-07-08T02:00:00,Sokovia,Medical Kits,732.47,3.33,False
2012-07-08T02:00:00,Sanctum Sanctorum,Vibranium (kg),2358.61,3.7,False
2012-07-08T02:00:00,Sanctum Sanctorum,Arc Reactor Cores,656.08,4.44,False
2012-07-08T02:00:00,Sanctum Sanctorum,Pym Particles,677.77,4.07,False
2012-07-08T02:00:00,Sanctum Sanctorum,Clean Water (L),2359.01,4.44,False
2012-07-08T02:00:00,Sanctum Sanctorum,Medical Kits,682.39,3.33,False
2012-07-08T02:00:00,Avengers Compound,Vibranium (kg),2350.17,3.7,False
2012-07-08T02:00:00,Avengers Compound,Arc Reactor Cores,650.86,4.44,False
2012-07-08T02:00:00,Avengers Compound,Pym Particles,675.03,4.07,False
2012-07-08T02:00:00,Avengers Compound,Clean Water (L),2369.86,4.44,False
2012-07-08T02:00:00,Avengers Compound,Medical Kits,679.45,3.33,False
2012-07-08T03:00:00,New Asgard,Vibranium (kg),2362.73,3.94,False
2012-07-08T03:00:00,New Asgard,Arc Reactor Cores,659.68,4.73,False
2012-07-08T03:00:00,New Asgard,Pym Particles,683.5,4.33,False
2012-07-08T03:00:00,New Asgard,Clean Water (L),2366.25,4.73,False
2012-07-08T03:00:00,New Asgard,Medical Kits,687.93,3.55,False
2012-07-08T03:00:00,Wakanda,Vibranium (kg),2358.83,3.94,False
2012-07-08T03:00:00,Wakanda,Arc Reactor Cores,658.23,4.73,False
2012-07-08T03:00:00,Wakanda,Pym Particles,679.82,4.33,False
2012-07-08T03:00:00,Wakanda,Clean Water (L),2363.99,4.73,False
2012-07-08T03:00:00,Wakanda,Medical Kits,684.31,3.55,False
2012-07-08T03:00:00,Sokovia,Vibranium (kg),2424.91,3.94,False
2012-07-08T03:00:00,Sokovia,Arc Reactor Cores,708.51,4.73,False
2012-07-08T03:00:00,Sokovia,Pym Particles,720.22,4.33,False
2012-07-08T03:00:00,Sokovia,Clean Water (L),2403.58,4.73,False
2012-07-08T03:00:00,Sokovia,Medical Kits,732.57,3.55,False
2012-07-08T03:00:00,Sanctum Sanctorum,Vibranium (kg),2362.25,3.94,False
2012-07-08T03:00:00,Sanctum Sanctorum,Arc Reactor Cores,660.1,4.73,False
2012-07-08T03:00:00,Sanctum Sanctorum,Pym Particles,681.68,4.33,False
2012-07-08T03:00:00,Sanctum Sanctorum,Clean Water (L),2361.37,4.73,False
2012-07-08T03:00:00,Sanctum Sanctorum,Medical Kits,685.76,3.55,False
2012-07-08T03:00:00,Avengers Compound,Vibranium (kg),2353.97,3.94,False
2012-07-08T03:00:00,Avengers Compound,Arc Reactor Cores,656.07,4.73,False
2012-07-08T03:00:00,Avengers Compound,Pym Particles,679.3,4.33,False
2012-07-08T03:00:00,Avengers Compound,Clean Water (L),2372.58,4.73,False
2012-07-08T03:00:00,Avengers Compound,Medical Kits,682.39,3.55,False
2012-07-08T04:00:00,New Asgard,Vibranium (kg),2366.31,4.25,False
2012-07-08T04:00:00,New Asgard,Arc Reactor Cores,662.38,5.1,False
2012-07-08T04:00:00,New Asgard,Pym Particles,684.97,4.68,False
2012-07-08T04:00:00,New Asgard,Clean Water (L),2368.79,5.1,False
2012-07-08T04:00:00,New Asgard,Medical Kits,690.11,3.83,False
2012-07-08T04:00:00,Wakanda,Vibranium (kg),2362.89,4.25,False
2012-07-08T04:00:00,Wakanda,Arc Reactor Cores,661.32,5.1,False
2012-07-08T04:00:00,Wakanda,Pym Particles,682.49,4.68,False
2012-07-08T04:00:00,Wakanda,Clean Water (L),2366.58,5.1,False
2012-07-08T04:00:00,Wakanda,Medical Kits,687.6,3.83,False
2012-07-08T04:00:00,Sokovia,Vibranium (kg),2425.15,4.25,False
2012-07-08T04:00:00,Sokovia,Arc Reactor Cores,708.64,5.1,False
2012-07-08T04:00:00,Sokovia,Pym Particles,719.73,4.68,False
2012-07-08T04:00:00,Sokovia,Clean Water (L),2405.2,5.1,False
2012-07-08T04:00:00,Sokovia,Medical Kits,734.48,3.83,False
2012-07-08T04:00:00,Sanctum Sanctorum,Vibranium (kg),2365.79,4.25,False
2012-07-08T04:00:00,Sanctum Sanctorum,Arc Reactor Cores,663.17,5.1,False
2012-07-08T04:00:00,Sanctum Sanctorum,Pym Particles,684.09,4.68,False
2012-07-08T04:00:00,Sanctum Sanctorum,Clean Water (L),2362.75,5.1,False
2012-07-08T04:00:00,Sanctum Sanctorum,Medical Kits,689.15,3.83,False
2012-07-08T04:00:00,Avengers Compound,Vibranium (kg),2356.89,4.25,False
2012-07-08T04:00:00,Avengers Compound,Arc Reactor Cores,658.11,5.1,False
2012-07-08T04:00:00,Avengers Compound,Pym Particles,680.14,4.68,False
2012-07-08T04:00:00,Avengers Compound,Clean Water (L),2375.24,5.1,False
2012-07-08T04:00:00,Avengers Compound,Medical Kits,686.18,3.83,False
2012-07-08T05:00:00,New Asgard,Vibranium (kg),2370.35,4.61,False
2012-07-08T05:00:00,New Asgard,Arc Reactor Cores,665.32,5.53,False
2012-07-08T05:00:00,New Asgard,Pym Particles,686.18,5.07,False
2012-07-08T05:00:00,New Asgard,Clean Water (L),2371.17,5.53,False
2012-07-08T05:00:00,New Asgard,Medical Kits,693.48,4.15,False
2012-07-08T05:00:00,Wakanda,Vibranium (kg),2366.99,4.61,False
2012-07-08T05:00:00,Wakanda,Arc Reactor Cores,664.91,5.53,False
2012-07-08T05:00:00,Wakanda,Pym Particles,682.94,5.07,False
2012-07-08T05:00:00,Wakanda,Clean Water (L),2370.02,5.53,False
2012-07-08T05:00:00,Wakanda,Medical Kits,688.87,4.15,False
2012-07-08T05:00:00,Sokovia,Vibranium (kg),2426.01,4.61,False
2012-07-08T05:00:00,Sokovia,Arc Reactor Cores,707.89,5.53,False
2012-07-08T05:00:00,Sokovia,Pym Particles,720.46,5.07,False
2012-07-08T05:00:00,Sokovia,Clean Water (L),2406.1,5.53,False
2012-07-08T05:00:00,Sokovia,Medical Kits,734.88,4.15,False
2012-07-08T05:00:00,Sanctum Sanctorum,Vibranium (kg),2368.74,4.61,False
2012-07-08T05:00:00,Sanctum Sanctorum,Arc Reactor Cores,666.21,5.53,False
2012-07-08T05:00:00,Sanctum Sanctorum,Pym Particles,687.53,5.07,False
2012-07-08T05:00:00,Sanctum Sanctorum,Clean Water (L),2364.1,5.53,False
2012-07-08T05:00:00,Sanctum Sanctorum,Medical Kits,690.42,4.15,False
2012-07-08T05:00:00,Avengers Compound,Vibranium (kg),2359.76,4.61,False
2012-07-08T05:00:00,Avengers Compound,Arc Reactor Cores,660.94,5.53,False
2012-07-08T05:00:00,Avengers Compound,Pym Particles,683.29,5.07,False
2012-07-08T05:00:00,Avengers Compound,Clean Water (L),2376.9,5.53,False
2012-07-08T05:00:00,Avengers Compound,Medical Kits,688.3,4.15,False
2012-07-08T06:00:00,New Asgard,Vibranium (kg),2372.93,5.0,False
2012-07-08T06:00:00,New Asgard,Arc Reactor Cores,668.25,6.0,False
2012-07-08T06:00:00,New Asgard,Pym Particles,686.16,5.5,False
2012-07-08T06:00:00,New Asgard,Clean Water (L),2372.26,6.0,False
2012-07-08T06:00:00,New Asgard,Medical Kits,694.85,4.5,False
2012-07-08T06:00:00,Wakanda,Vibranium (kg),2371.42,5.0,False
2012-07-08T06:00:00,Wakanda,Arc Reactor Cores,668.18,6.0,False
2012-07-08T06:00:00,Wakanda,Pym Particles,685.3,5.5,False
2012-07-08T06:00:00,Wakanda,Clean Water (L),2371.98,6.0,False
2012-07-08T06:00:00,Wakanda,Medical Kits,690.4,4.5,False
2012-07-08T06:00:00,Sokovia,Vibranium (kg),2425.43,5.0,False
2012-07-08T06:00:00,Sokovia,Arc Reactor Cores,707.27,6.0,False
2012-07-08T06:00:00,Sokovia,Pym Particles,720.49,5.5,False
2012-07-08T06:00:00,Sokovia,Clean Water (L),2406.08,6.0,False
2012-07-08T06:00:00,Sokovia,Medical Kits,735.54,4.5,False
2012-07-08T06:00:00,Sanctum Sanctorum,Vibranium (kg),2369.91,5.0,False
2012-07-08T06:00:00,Sanctum Sanctorum,Arc Reactor Cores,669.8,6.0,False
2012-07-08T06:00:00,Sanctum Sanctorum,Pym Particles,687.49,5.5,False
2012-07-08T06:00:00,Sanctum Sanctorum,Clean Water (L),2366.44,6.0,False
2012-07-08T06:00:00,Sanctum Sanctorum,Medical Kits,693.46,4.5,False
2012-07-08T06:00:00,Avengers Compound,Vibranium (kg),2363.66,5.0,False
2012-07-08T06:00:00,Avengers Compound,Arc Reactor Cores,662.64,6.0,False
2012-07-08T06:00:00,Avengers Compound,Pym Particles,683.35,5.5,False
2012-07-08T06:00:00,Avengers Compound,Clean Water (L),2378.02,6.0,False
2012-07-08T06:00:00,Avengers Compound,Medical Kits,691.47,4.5,False
2012-07-08T07:00:00,New Asgard,Vibranium (kg),2373.31,5.39,False
2012-07-08T07:00:00,New Asgard,Arc Reactor Cores,669.6,6.47,False
2012-07-08T07:00:00,New Asgard,Pym Particles,687.5,5.93,False
2012-07-08T07:00:00,New Asgard,Clean Water (L),2372.34,6.47,False
2012-07-08T07:00:00,New Asgard,Medical Kits,696.92,4.85,False
2012-07-08T07:00:00,Wakanda,Vibranium (kg),2372.02,5.39,False
2012-07-08T07:00:00,Wakanda,Arc Reactor Cores,669.79,6.47,False
2012-07-08T07:00:00,Wakanda,Pym Particles,686.42,5.93,False
2012-07-08T07:00:00,Wakanda,Clean Water (L),2373.22,6.47,False
2012-07-08T07:00:00,Wakanda,Medical Kits,690.84,4.85,False
2012-07-08T07:00:00,Sokovia,Vibranium (kg),2425.86,5.39,False
2012-07-08T07:00:00,Sokovia,Arc Reactor Cores,706.16,6.47,False
2012-07-08T07:00:00,Sokovia,Pym Particles,719.1,5.93,False
2012-07-08T07:00:00,Sokovia,Clean Water (L),2406.0,6.47,False
2012-07-08T07:00:00,Sokovia,Medical Kits,733.86,4.85,False
2012-07-08T07:00:00,Sanctum Sanctorum,Vibranium (kg),2371.37,5.39,False
2012-07-08T07:00:00,Sanctum Sanctorum,Arc Reactor Cores,670.11,6.47,False
2012-07-08T07:00:00,Sanctum Sanctorum,Pym Particles,688.46,5.93,False
2012-07-08T07:00:00,Sanctum Sanctorum,Clean Water (L),2369.15,6.47,False
2012-07-08T07:00:00,Sanctum Sanctorum,Medical Kits,694.86,4.85,False
2012-07-08T07:00:00,Avengers Compound,Vibranium (kg),2364.25,5.39,False
2012-07-08T07:00:00,Avengers Compound,Arc Reactor Cores,664.18,6.47,False
2012-07-08T07:00:00,Avengers Compound,Pym Particles,684.57,5.93,False
2012-07-08T07:00:00,Avengers Compound,Clean Water (L),2378.9,6.47,False
2012-07-08T07:00:00,Avengers Compound,Medical Kits,691.32,4.85,False
2012-07-08T08:00:00,New Asgard,Vibranium (kg),2374.84,5.75,False
2012-07-08T08:00:00,New Asgard,Arc Reactor Cores,671.15,6.9,False
2012-07-08T08:00:00,New Asgard,Pym Particles,686.67,6.32,False
2012-07-08T08:00:00,New Asgard,Clean Water (L),2372.64,6.9,False
2012-07-08T08:00:00,New Asgard,Medical Kits,697.82,5.17,False
2012-07-08T08:00:00,Wakanda,Vibranium (kg),2373.55,5.75,False
2012-07-08T08:00:00,Wakanda,Arc Reactor Cores,669.48,6.9,False
2012-07-08T08:00:00,Wakanda,Pym Particles,687.65,6.32,False
2012-07-08T08:00:00,Wakanda,Clean Water (L),2373.53,6.9,False
2012-07-08T08:00:00,Wakanda,Medical Kits,691.8,5.17,False
2012-07-08T08:00:00,Sokovia,Vibranium (kg),2424.18,5.75,False
2012-07-08T08:00:00,Sokovia,Arc Reactor Cores,704.4,6.9,False
2012-07-08T08:00:00,Sokovia,Pym Particles,717.91,6.32,False
2012-07-08T08:00:00,Sokovia,Clean Water (L),2404.78,6.9,False
2012-07-08T08:00:00,Sokovia,Medical Kits,732.61,5.17,False
2012-07-08T08:00:00,Sanctum Sanctorum,Vibranium (kg),2374.51,5.75,False
2012-07-08T08:00:00,Sanctum Sanctorum,Arc Reactor Cores,670.66,6.9,False
2012-07-08T08:00:00,Sanctum Sanctorum,Pym Particles,688.74,6.32,False
2012-07-08T08:00:00,Sanctum Sanctorum,Clean Water (L),2369.07,6.9,False
2012-07-08T08:00:00,Sanctum Sanctorum,Medical Kits,696.95,5.17,False
2012-07-08T08:00:00,Avengers Compound,Vibranium (kg),2366.26,5.75,False
2012-07-08T08:00:00,Avengers Compound,Arc Reactor Cores,665.64,6.9,False
2012-07-08T08:00:00,Avengers Compound,Pym Particles,685.97,6.32,False
2012-07-08T08:00:00,Avengers Compound,Clean Water (L),2380.26,6.9,False
2012-07-08T08:00:00,Avengers Compound,Medical Kits,692.23,5.17,False
2012-07-08T09:00:00,New Asgard,Vibranium (kg),2375.73,6.06,False
2012-07-08T09:00:00,New Asgard,Arc Reactor Cores,669.98,7.27,False
2012-07-08T09:00:00,New Asgard,Pym Particles,687.74,6.67,False
2012-07-08T09:00:00,New Asgard,Clean Water (L),2373.14,7.27,False
2012-07-08T09:00:00,New Asgard,Medical Kits,698.79,5.45,False
2012-07-08T09:00:00,Wakanda,Vibranium (kg),2373.93,6.06,False
2012-07-08T09:00:00,Wakanda,Arc Reactor Cores,669.48,7.27,False
2012-07-08T09:00:00,Wakanda,Pym Particles,687.19,6.67,False
2012-07-08T09:00:00,Wakanda,Clean Water (L),2374.0,7.27,False
2012-07-08T09:00:00,Wakanda,Medical Kits,692.84,5.45,False
2012-07-08T09:00:00,Sokovia,Vibranium (kg),2422.53,6.06,False
2012-07-08T09:00:00,Sokovia,Arc Reactor Cores,702.87,7.27,False
2012-07-08T09:00:00,Sokovia,Pym Particles,716.43,6.67,False
2012-07-08T09:00:00,Sokovia,Clean Water (L),2403.93,7.27,False
2012-07-08T09:00:00,Sokovia,Medical Kits,731.18,5.45,False
2012-07-08T09:00:00,Sanctum Sanctorum,Vibranium (kg),2375.68,6.06,False
2012-07-08T09:00:00,Sanctum Sanctorum,Arc Reactor Cores,671.12,7.27,False
2012-07-08T09:00:00,Sanctum Sanctorum,Pym Particles,689.83,6.67,False
2012-07-08T09:00:00,Sanctum Sanctorum,Clean Water (L),2368.55,7.27,False
2012-07-08T09:00:00,Sanctum Sanctorum,Medical Kits,698.2,5.45,False
2012-07-08T09:00:00,Avengers Compound,Vibranium (kg),2367.14,6.06,False
2012-07-08T09:00:00,Avengers Compound,Arc Reactor Cores,664.94,7.27,False
2012-07-08T09:00:00,Avengers Compound,Pym Particles,685.78,6.67,False
2012-07-08T09:00:00,Avengers Compound,Clean Water (L),2379.92,7.27,False
2012-07-08T09:00:00,Avengers Compound,Medical Kits,693.54,5.45,False
2012-07-08T10:00:00,New Asgard,Vibranium (kg),2375.12,6.3,False
2012-07-08T10:00:00,New Asgard,Arc Reactor Cores,670.24,7.56,False
2012-07-08T10:00:00,New Asgard,Pym Particles,686.94,6.93,False
2012-07-08T10:00:00,New Asgard,Clean Water (L),2371.74,7.56,False
2012-07-08T10:00:00,New Asgard,Medical Kits,698.67,5.67,False
2012-07-08T10:00:00,Wakanda,Vibranium (kg),2374.28,6.3,False
2012-07-08T10:00:00,Wakanda,Arc Reactor Cores,669.98,7.56,False
2012-07-08T10:00:00,Wakanda,Pym Particles,686.28,6.93,False
2012-07-08T10:00:00,Wakanda,Clean Water (L),2372.3,7.56,False
2012-07-08T10:00:00,Wakanda,Medical Kits,693.81,5.67,False
2012-07-08T10:00:00,Sokovia,Vibranium (kg),2421.17,6.3,False
2012-07-08T10:00:00,Sokovia,Arc Reactor Cores,701.93,7.56,False
2012-07-08T10:00:00,Sokovia,Pym Particles,716.05,6.93,False
2012-07-08T10:00:00,Sokovia,Clean Water (L),2402.36,7.56,False
2012-07-08T10:00:00,Sokovia,Medical Kits,730.0,5.67,False
2012-07-08T10:00:00,Sanctum Sanctorum,Vibranium (kg),2377.48,6.3,False
2012-07-08T10:00:00,Sanctum Sanctorum,Arc Reactor Cores,670.97,7.56,False
2012-07-08T10:00:00,Sanctum Sanctorum,Pym Particles,688.5,6.93,False
2012-07-08T10:00:00,Sanctum Sanctorum,Clean Water (L),2367.69,7.56,False
2012-07-08T10:00:00,Sanctum Sanctorum,Medical Kits,697.79,5.67,False
2012-07-08T10:00:00,Avengers Compound,Vibranium (kg),2369.11,6.3,False
2012-07-08T10:00:00,Avengers Compound,Arc Reactor Cores,665.97,7.56,False
2012-07-08T10:00:00,Avengers Compound,Pym Particles,684.64,6.93,False
2012-07-08T10:00:00,Avengers Compound,Clean Water (L),2379.22,7.56,False
2012-07-08T10:00:00,Avengers Compound,Medical Kits,693.46,5.67,False
2012-07-08T11:00:00,New Asgard,Vibranium (kg),2376.86,6.45,False
2012-07-08T11:00:00,New Asgard,Arc Reactor Cores,668.83,7.74,False
2012-07-08T11:00:00,New Asgard,Pym Particles,686.7,7.09,False
2012-07-08T11:00:00,New Asgard,Clean Water (L),2371.87,7.74,False
2012-07-08T11:00:00,New Asgard,Medical Kits,698.21,5.8,False
2012-07-08T11:00:00,Wakanda,Vibranium (kg),2373.73,6.45,False
2012-07-08T11:00:00,Wakanda,Arc Reactor Cores,670.45,7.74,False
2012-07-08T11:00:00,Wakanda,Pym Particles,685.3,7.09,False
2012-07-08T11:00:00,Wakanda,Clean Water (L),2373.34,7.74,False
2012-07-08T11:00:00,Wakanda,Medical Kits,694.2,5.8,False
2012-07-08T11:00:00,Sokovia,Vibranium (kg),2420.49,6.45,False
2012-07-08T11:00:00,Sokovia,Arc Reactor Cores,699.11,7.74,False
2012-07-08T11:00:00,Sokovia,Pym Particles,714.01,7.09,False
2012-07-08T11:00:00,Sokovia,Clean Water (L),2401.1,7.74,False
2012-07-08T11:00:00,Sokovia,Medical Kits,727.57,5.8,False
2012-07-08T11:00:00,Sanctum Sanctorum,Vibranium (kg),2378.05,6.45,False
2012-07-08T11:00:00,Sanctum Sanctorum,Arc Reactor Cores,670.95,7.74,False
2012-07-08T11:00:00,Sanctum Sanctorum,Pym Particles,688.19,7.09,False
2012-07-08T11:00:00,Sanctum Sanctorum,Clean Water (L),2367.47,7.74,False
2012-07-08T11:00:00,Sanctum Sanctorum,Medical Kits,699.48,5.8,False
2012-07-08T11:00:00,Avengers Compound,Vibranium (kg),2371.04,6.45,False
2012-07-08T11:00:00,Avengers Compound,Arc Reactor Cores,665.09,7.74,False
2012-07-08T11:00:00,Avengers Compound,Pym Particles,684.26,7.09,False
2012-07-08T11:00:00,Avengers Compound,Clean Water (L),2377.46,7.74,False
2012-07-08T11:00:00,Avengers Compound,Medical Kits,693.42,5.8,False
2012-07-08T12:00:00,New Asgard,Vibranium (kg),2377.79,6.5,False
2012-07-08T12:00:00,New Asgard,Arc Reactor Cores,669.13,7.8,False
2012-07-08T12:00:00,New Asgard,Pym Particles,687.52,7.15,False
2012-07-08T12:00:00,New Asgard,Clean Water (L),2371.33,7.8,False
2012-07-08T12:00:00,New Asgard,Medical Kits,697.5,5.85,False
2012-07-08T12:00:00,Wakanda,Vibranium (kg),2375.01,6.5,False
2012-07-08T12:00:00,Wakanda,Arc Reactor Cores,670.51,7.8,False
2012-07-08T12:00:00,Wakanda,Pym Particles,685.76,7.15,False
2012-07-08T12:00:00,Wakanda,Clean Water (L),2373.32,7.8,False
2012-07-08T12:00:00,Wakanda,Medical Kits,695.34,5.85,False
2012-07-08T12:00:00,Sokovia,Vibranium (kg),2420.27,6.5,False
2012-07-08T12:00:00,Sokovia,Arc Reactor Cores,697.51,7.8,False
2012-07-08T12:00:00,Sokovia,Pym Particles,712.32,7.15,False
2012-07-08T12:00:00,Sokovia,Clean Water (L),2400.36,7.8,False
2012-07-08T12:00:00,Sokovia,Medical Kits,726.36,5.85,False
2012-07-08T12:00:00,Sanctum Sanctorum,Vibranium (kg),2379.68,6.5,False
2012-07-08T12:00:00,Sanctum Sanctorum,Arc Reactor Cores,670.91,7.8,False
2012-07-08T12:00:00,Sanctum Sanctorum,Pym Particles,688.52,7.15,False
2012-07-08T12:00:00,Sanctum Sanctorum,Clean Water (L),2366.86,7.8,False
2012-07-08T12:00:00,Sanctum Sanctorum,Medical Kits,698.23,5.85,False
2012-07-08T12:00:00,Avengers Compound,Vibranium (kg),2371.7,6.5,False
2012-07-08T12:00:00,Avengers Compound,Arc Reactor Cores,664.62,7.8,False
2012-07-08T12:00:00,Avengers Compound,Pym Particles,684.19,7.15,False
2012-07-08T12:00:00,Avengers Compound,Clean Water (L),2375.45,7.8,False
2012-07-08T12:00:00,Avengers Compound,Medical Kits,693.85,5.85,False
2012-07-08T13:00:00,New Asgard,Vibranium (kg),2378.64,6.45,False
2012-07-08T13:00:00,New Asgard,Arc Reactor Cores,668.54,7.74,False
2012-07-08T13:00:00,New Asgard,Pym Particles,688.14,7.09,False
2012-07-08T13:00:00,New Asgard,Clean Water (L),2372.55,7.74,False
2012-07-08T13:00:00,New Asgard,Medical Kits,696.76,5.8,False
2012-07-08T13:00:00,Wakanda,Vibranium (kg),2375.49,6.45,False
2012-07-08T13:00:00,Wakanda,Arc Reactor Cores,670.05,7.74,False
2012-07-08T13:00:00,Wakanda,Pym Particles,685.67,7.09,False
2012-07-08T13:00:00,Wakanda,Clean Water (L),2373.45,7.74,False
2012-07-08T13:00:00,Wakanda,Medical Kits,697.68,5.8,False
2012-07-08T13:00:00,Sokovia,Vibranium (kg),2417.64,6.45,False
2012-07-08T13:00:00,Sokovia,Arc Reactor Cores,696.54,7.74,False
2012-07-08T13:00:00,Sokovia,Pym Particles,711.78,7.09,False
2012-07-08T13:00:00,Sokovia,Clean Water (L),2398.97,7.74,False
2012-07-08T13:00:00,Sokovia,Medical Kits,725.26,5.8,False
2012-07-08T13:00:00,Sanctum Sanctorum,Vibranium (kg),2379.58,6.45,False
2012-07-08T13:00:00,Sanctum Sanctorum,Arc Reactor Cores,670.5,7.74,False
2012-07-08T13:00:00,Sanctum Sanctorum,Pym Particles,689.22,7.09,False
2012-07-08T13:00:00,Sanctum Sanctorum,Clean Water (L),2367.85,7.74,False
2012-07-08T13:00:00,Sanctum Sanctorum,Medical Kits,699.4,5.8,False
2012-07-08T13:00:00,Avengers Compound,Vibranium (kg),2371.07,6.45,False
2012-07-08T13:00:00,Avengers Compound,Arc Reactor Cores,665.15,7.74,False
2012-07-08T13:00:00,Avengers Compound,Pym Particles,684.0,7.09,False
2012-07-08T13:00:00,Avengers Compound,Clean Water (L),2375.83,7.74,False
2012-07-08T13:00:00,Avengers Compound,Medical Kits,694.92,5.8,False
2012-07-08T14:00:00,New Asgard,Vibranium (kg),2380.6,6.3,False
2012-07-08T14:00:00,New Asgard,Arc Reactor Cores,667.48,7.56,False
2012-07-08T14:00:00,New Asgard,Pym Particles,688.13,6.93,False
2012-07-08T14:00:00,New Asgard,Clean Water (L),2373.19,7.56,False
2012-07-08T14:00:00,New Asgard,Medical Kits,697.44,5.67,False
2012-07-08T14:00:00,Wakanda,Vibranium (kg),2376.04,6.3,False
2012-07-08T14:00:00,Wakanda,Arc Reactor Cores,669.46,7.56,False
2012-07-08T14:00:00,Wakanda,Pym Particles,685.42,6.93,False
2012-07-08T14:00:00,Wakanda,Clean Water (L),2372.91,7.56,False
2012-07-08T14:00:00,Wakanda,Medical Kits,698.88,5.67,False
2012-07-08T14:00:00,Sokovia,Vibranium (kg),2416.91,6.3,False
2012-07-08T14:00:00,Sokovia,Arc Reactor Cores,695.24,7.56,False
2012-07-08T14:00:00,Sokovia,Pym Particles,709.95,6.93,False
2012-07-08T14:00:00,Sokovia,Clean Water (L),2398.3,7.56,False
2012-07-08T14:00:00,Sokovia,Medical Kits,723.4,5.67,False
2012-07-08T14:00:00,Sanctum Sanctorum,Vibranium (kg),2381.38,6.3,False
2012-07-08T14:00:00,Sanctum Sanctorum,Arc Reactor Cores,671.2,7.56,False
2012-07-08T14:00:00,Sanctum Sanctorum,Pym Particles,689.01,6.93,False
2012-07-08T14:00:00,Sanctum Sanctorum,Clean Water (L),2368.32,7.56,False
2012-07-08T14:00:00,Sanctum Sanctorum,Medical Kits,699.52,5.67,False
2012-07-08T14:00:00,Avengers Compound,Vibranium (kg),2372.3,6.3,False
2012-07-08T14:00:00,Avengers Compound,Arc Reactor Cores,666.24,7.56,False
2012-07-08T14:00:00,Avengers Compound,Pym Particles,683.98,6.93,False
2012-07-08T14:00:00,Avengers Compound,Clean Water (L),2374.72,7.56,False
2012-07-08T14:00:00,Avengers Compound,Medical Kits,694.3,5.67,False
2012-07-08T15:00:00,New Asgard,Vibranium (kg),2380.65,6.06,False
2012-07-08T15:00:00,New Asgard,Arc Reactor Cores,667.22,7.27,False
2012-07-08T15:00:00,New Asgard,Pym Particles,688.0,6.67,False
2012-07-08T15:00:00,New Asgard,Clean Water (L),2373.37,7.27,False
2012-07-08T15:00:00,New Asgard,Medical Kits,697.75,5.45,False
2012-07-08T15:00:00,Wakanda,Vibranium (kg),2377.09,6.06,False
2012-07-08T15:00:00,Wakanda,Arc Reactor Cores,669.23,7.27,False
2012-07-08T15:00:00,Wakanda,Pym Particles,686.4,6.67,False
2012-07-08T15:00:00,Wakanda,Clean Water (L),2372.58,7.27,False
2012-07-08T15:00:00,Wakanda,Medical Kits,697.75,5.45,False
2012-07-08T15:00:00,Sokovia,Vibranium (kg),2415.27,6.06,False
2012-07-08T15:00:00,Sokovia,Arc Reactor Cores,694.17,7.27,False
2012-07-08T15:00:00,Sokovia,Pym Particles,709.33,6.67,False
2012-07-08T15:00:00,Sokovia,Clean Water (L),2396.91,7.27,False
2012-07-08T15:00:00,Sokovia,Medical Kits,722.49,5.45,False
2012-07-08T15:00:00,Sanctum Sanctorum,Vibranium (kg),2381.29,6.06,False
2012-07-08T15:00:00,Sanctum Sanctorum,Arc Reactor Cores,671.28,7.27,False
2012-07-08T15:00:00,Sanctum Sanctorum,Pym Particles,689.11,6.67,False
2012-07-08T15:00:00,Sanctum Sanctorum,Clean Water (L),2368.47,7.27,False
2012-07-08T15:00:00,Sanctum Sanctorum,Medical Kits,700.01,5.45,False
2012-07-08T15:00:00,Avengers Compound,Vibranium (kg),2373.28,6.06,False
2012-07-08T15:00:00,Avengers Compound,Arc Reactor Cores,667.25,7.27,False
2012-07-08T15:00:00,Avengers Compound,Pym Particles,683.99,6.67,False
2012-07-08T15:00:00,Avengers Compound,Clean Water (L),2375.05,7.27,False
2012-07-08T15:00:00,Avengers Compound,Medical Kits,693.97,5.45,False
2012-07-08T16:00:00,New Asgard,Vibranium (kg),2381.6,5.75,False
2012-07-08T16:00:00,New Asgard,Arc Reactor Cores,668.41,6.9,False
2012-07-08T16:00:00,New Asgard,Pym Particles,687.61,6.32,False
2012-07-08T16:00:00,New Asgard,Clean Water (L),2374.3,6.9,False
2012-07-08T16:00:00,New Asgard,Medical Kits,698.72,5.17,False
2012-07-08T16:00:00,Wakanda,Vibranium (kg),2379.19,5.75,False
2012-07-08T16:00:00,Wakanda,Arc Reactor Cores,670.33,6.9,False
2012-07-08T16:00:00,Wakanda,Pym Particles,686.07,6.32,False
2012-07-08T16:00:00,Wakanda,Clean Water (L),2374.48,6.9,False
2012-07-08T16:00:00,Wakanda,Medical Kits,697.55,5.17,False
2012-07-08T16:00:00,Sokovia,Vibranium (kg),2415.27,5.75,False
2012-07-08T16:00:00,Sokovia,Arc Reactor Cores,694.84,6.9,False
2012-07-08T16:00:00,Sokovia,Pym Particles,708.63,6.32,False
2012-07-08T16:00:00,Sokovia,Clean Water (L),2396.22,6.9,False
2012-07-08T16:00:00,Sokovia,Medical Kits,722.0,5.17,False
2012-07-08T16:00:00,Sanctum Sanctorum,Vibranium (kg),2383.83,5.75,False
2012-07-08T16:00:00,Sanctum Sanctorum,Arc Reactor Cores,671.34,6.9,False
2012-07-08T16:00:00,Sanctum Sanctorum,Pym Particles,689.47,6.32,False
2012-07-08T16:00:00,Sanctum Sanctorum,Clean Water (L),2369.3,6.9,False
2012-07-08T16:00:00,Sanctum Sanctorum,Medical Kits,701.0,5.17,False
2012-07-08T16:00:00,Avengers Compound,Vibranium (kg),2375.45,5.75,False
2012-07-08T16:00:00,Avengers Compound,Arc Reactor Cores,668.01,6.9,False
2012-07-08T16:00:00,Avengers Compound,Pym Particles,684.52,6.32,False
2012-07-08T16:00:00,Avengers Compound,Clean Water (L),2375.43,6.9,False
2012-07-08T16:00:00,Avengers Compound,Medical Kits,693.82,5.17,False
2012-07-08T17:00:00,New Asgard,Vibranium (kg),2384.3,5.39,False
2012-07-08T17:00:00,New Asgard,Arc Reactor Cores,669.11,6.47,False
2012-07-08T17:00:00,New Asgard,Pym Particles,687.5,5.93,False
2012-07-08T17:00:00,New Asgard,Clean Water (L),2375.96,6.47,False
2012-07-08T17:00:00,New Asgard,Medical Kits,700.27,4.85,False
2012-07-08T17:00:00,Wakanda,Vibranium (kg),2381.57,5.39,False
2012-07-08T17:00:00,Wakanda,Arc Reactor Cores,672.24,6.47,False
2012-07-08T17:00:00,Wakanda,Pym Particles,686.91,5.93,False
2012-07-08T17:00:00,Wakanda,Clean Water (L),2375.58,6.47,False
2012-07-08T17:00:00,Wakanda,Medical Kits,698.06,4.85,False
2012-07-08T17:00:00,Sokovia,Vibranium (kg),2415.4,5.39,False
2012-07-08T17:00:00,Sokovia,Arc Reactor Cores,694.58,6.47,False
2012-07-08T17:00:00,Sokovia,Pym Particles,708.21,5.93,False
2012-07-08T17:00:00,Sokovia,Clean Water (L),2397.1,6.47,False
2012-07-08T17:00:00,Sokovia,Medical Kits,722.32,4.85,False
2012-07-08T17:00:00,Sanctum Sanctorum,Vibranium (kg),2386.15,5.39,False
2012-07-08T17:00:00,Sanctum Sanctorum,Arc Reactor Cores,674.01,6.47,False
2012-07-08T17:00:00,Sanctum Sanctorum,Pym Particles,690.03,5.93,False
2012-07-08T17:00:00,Sanctum Sanctorum,Clean Water (L),2370.76,6.47,False
2012-07-08T17:00:00,Sanctum Sanctorum,Medical Kits,701.33,4.85,False
2012-07-08T17:00:00,Avengers Compound,Vibranium (kg),2376.62,5.39,False
2012-07-08T17:00:00,Avengers Compound,Arc Reactor Cores,667.29,6.47,False
2012-07-08T17:00:00,Avengers Compound,Pym Particles,686.07,5.93,False
2012-07-08T17:00:00,Avengers Compound,Clean Water (L),2376.88,6.47,False
2012-07-08T17:00:00,Avengers Compound,Medical Kits,694.85,4.85,False
2012-07-08T18:00:00,New Asgard,Vibranium (kg),2386.05,5.0,False
2012-07-08T18:00:00,New Asgard,Arc Reactor Cores,670.82,6.0,False
2012-07-08T18:00:00,New Asgard,Pym Particles,689.09,5.5,False
2012-07-08T18:00:00,New Asgard,Clean Water (L),2377.09,6.0,False
2012-07-08T18:00:00,New Asgard,Medical Kits,701.94,4.5,False
2012-07-08T18:00:00,Wakanda,Vibranium (kg),2383.32,5.0,False
2012-07-08T18:00:00,Wakanda,Arc Reactor Cores,675.31,6.0,False
2012-07-08T18:00:00,Wakanda,Pym Particles,687.94,5.5,False
2012-07-08T18:00:00,Wakanda,Clean Water (L),2376.89,6.0,False
2012-07-08T18:00:00,Wakanda,Medical Kits,700.09,4.5,False
2012-07-08T18:00:00,Sokovia,Vibranium (kg),2416.0,5.0,False
2012-07-08T18:00:00,Sokovia,Arc Reactor Cores,695.58,6.0,False
2012-07-08T18:00:00,Sokovia,Pym Particles,709.83,5.5,False
2012-07-08T18:00:00,Sokovia,Clean Water (L),2396.87,6.0,False
2012-07-08T18:00:00,Sokovia,Medical Kits,722.73,4.5,False
2012-07-08T18:00:00,Sanctum Sanctorum,Vibranium (kg),2388.89,5.0,False
2012-07-08T18:00:00,Sanctum Sanctorum,Arc Reactor Cores,674.49,6.0,False
2012-07-08T18:00:00,Sanctum Sanctorum,Pym Particles,690.96,5.5,False
2012-07-08T18:00:00,Sanctum Sanctorum,Clean Water (L),2371.45,6.0,False
2012-07-08T18:00:00,Sanctum Sanctorum,Medical Kits,702.08,4.5,False
2012-07-08T18:00:00,Avengers Compound,Vibranium (kg),2378.21,5.0,False
2012-07-08T18:00:00,Avengers Compound,Arc Reactor Cores,669.34,6.0,False
2012-07-08T18:00:00,Avengers Compound,Pym Particles,686.75,5.5,False
2012-07-08T18:00:00,Avengers Compound,Clean Water (L),2378.96,6.0,False
2012-07-08T18:00:00,Avengers Compound,Medical Kits,696.23,4.5,False
2012-07-08T19:00:00,New Asgard,Vibranium (kg),2388.91,4.61,False
2012-07-08T19:00:00,New Asgard,Arc Reactor Cores,673.27,5.53,False
2012-07-08T19:00:00,New Asgard,Pym Particles,689.64,5.07,False
2012-07-08T19:00:00,New Asgard,Clean Water (L),2380.04,5.53,False
2012-07-08T19:00:00,New Asgard,Medical Kits,703.71,4.15,False
2012-07-08T19:00:00,Wakanda,Vibranium (kg),2385.67,4.61,False
2012-07-08T19:00:00,Wakanda,Arc Reactor Cores,676.48,5.53,False
2012-07-08T19:00:00,Wakanda,Pym Particles,689.77,5.07,False
2012-07-08T19:00:00,Wakanda,Clean Water (L),2378.04,5.53,False
2012-07-08T19:00:00,Wakanda,Medical Kits,703.34,4.15,False
2012-07-08T19:00:00,Sokovia,Vibranium (kg),2417.52,4.61,False
2012-07-08T19:00:00,Sokovia,Arc Reactor Cores,696.1,5.53,False
2012-07-08T19:00:00,Sokovia,Pym Particles,709.34,5.07,False
2012-07-08T19:00:00,Sokovia,Clean Water (L),2397.1,5.53,False
2012-07-08T19:00:00,Sokovia,Medical Kits,723.12,4.15,False
2012-07-08T19:00:00,Sanctum Sanctorum,Vibranium (kg),2390.02,4.61,False
2012-07-08T19:00:00,Sanctum Sanctorum,Arc Reactor Cores,677.12,5.53,False
2012-07-08T19:00:00,Sanctum Sanctorum,Pym Particles,693.0,5.07,False
2012-07-08T19:00:00,Sanctum Sanctorum,Clean Water (L),2372.81,5.53,False
2012-07-08T19:00:00,Sanctum Sanctorum,Medical Kits,704.35,4.15,False
2012-07-08T19:00:00,Avengers Compound,Vibranium (kg),2380.78,4.61,False
2012-07-08T19:00:00,Avengers Compound,Arc Reactor Cores,670.29,5.53,False
2012-07-08T19:00:00,Avengers Compound,Pym Particles,688.81,5.07,False
2012-07-08T19:00:00,Avengers Compound,Clean Water (L),2381.36,5.53,False
2012-07-08T19:00:00,Avengers Compound,Medical Kits,698.13,4.15,False
2012-07-08T20:00:00,New Asgard,Vibranium (kg),2391.77,4.25,False
2012-07-08T20:00:00,New Asgard,Arc Reactor Cores,674.76,5.1,False
2012-07-08T20:00:00,New Asgard,Pym Particles,692.36,4.68,False
2012-07-08T20:00:00,New Asgard,Clean Water (L),2382.6,5.1,False
2012-07-08T20:00:00,New Asgard,Medical Kits,704.87,3.83,False
2012-07-08T20:00:00,Wakanda,Vibranium (kg),2386.9,4.25,False
2012-07-08T20:00:00,Wakanda,Arc Reactor Cores,677.34,5.1,False
2012-07-08T20:00:00,Wakanda,Pym Particles,692.1,4.68,False
2012-07-08T20:00:00,Wakanda,Clean Water (L),2379.77,5.1,False
2012-07-08T20:00:00,Wakanda,Medical Kits,705.04,3.83,False
2012-07-08T20:00:00,Sokovia,Vibranium (kg),2419.07,4.25,False
2012-07-08T20:00:00,Sokovia,Arc Reactor Cores,695.59,5.1,False
2012-07-08T20:00:00,Sokovia,Pym Particles,708.71,4.68,False
2012-07-08T20:00:00,Sokovia,Clean Water (L),2397.55,5.1,False
2012-07-08T20:00:00,Sokovia,Medical Kits,723.42,3.83,False
2012-07-08T20:00:00,Sanctum Sanctorum,Vibranium (kg),2392.74,4.25,False
2012-07-08T20:00:00,Sanctum Sanctorum,Arc Reactor Cores,677.55,5.1,False
2012-07-08T20:00:00,Sanctum Sanctorum,Pym Particles,695.11,4.68,False
2012-07-08T20:00:00,Sanctum Sanctorum,Clean Water (L),2374.26,5.1,False
2012-07-08T20:00:00,Sanctum Sanctorum,Medical Kits,704.77,3.83,False
2012-07-08T20:00:00,Avengers Compound,Vibranium (kg),2381.72,4.25,False
2012-07-08T20:00:00,Avengers Compound,Arc Reactor Cores,671.96,5.1,False
2012-07-08T20:00:00,Avengers Compound,Pym Particles,690.45,4.68,False
2012-07-08T20:00:00,Avengers Compound,Clean Water (L),2384.35,5.1,False
2012-07-08T20:00:00,Avengers Compound,Medical Kits,700.14,3.83,False
2012-07-08T21:00:00,New Asgard,Vibranium (kg),2395.49,3.94,False
2012-07-08T21:00:00,New Asgard,Arc Reactor Cores,677.56,4.73,False
2012-07-08T21:00:00,New Asgard,Pym Particles,694.14,4.33,False
2012-07-08T21:00:00,New Asgard,Clean Water (L),2383.79,4.73,False
2012-07-08T21:00:00,New Asgard,Medical Kits,708.38,3.55,False
2012-07-08T21:00:00,Wakanda,Vibranium (kg),2388.92,3.94,False
2012-07-08T21:00:00,Wakanda,Arc Reactor Cores,678.83,4.73,False
2012-07-08T21:00:00,Wakanda,Pym Particles,695.43,4.33,False
2012-07-08T21:00:00,Wakanda,Clean Water (L),2382.1,4.73,False
2012-07-08T21:00:00,Wakanda,Medical Kits,706.81,3.55,False
2012-07-08T21:00:00,Sokovia,Vibranium (kg),2420.3,3.94,False
2012-07-08T21:00:00,Sokovia,Arc Reactor Cores,697.58,4.73,False
2012-07-08T21:00:00,Sokovia,Pym Particles,711.02,4.33,False
2012-07-08T21:00:00,Sokovia,Clean Water (L),2400.31,4.73,False
2012-07-08T21:00:00,Sokovia,Medical Kits,724.74,3.55,False
2012-07-08T21:00:00,Sanctum Sanctorum,Vibranium (kg),2396.23,3.94,False
2012-07-08T21:00:00,Sanctum Sanctorum,Arc Reactor Cores,681.79,4.73,False
2012-07-08T21:00:00,Sanctum Sanctorum,Pym Particles,695.96,4.33,False
2012-07-08T21:00:00,Sanctum Sanctorum,Clean Water (L),2377.06,4.73,False
2012-07-08T21:00:00,Sanctum Sanctorum,Medical Kits,706.8,3.55,False
2012-07-08T21:00:00,Avengers Compound,Vibranium (kg),2385.03,3.94,False
2012-07-08T21:00:00,Avengers Compound,Arc Reactor Cores,674.62,4.73,False
2012-07-08T21:00:00,Avengers Compound,Pym Particles,692.53,4.33,False
2012-07-08T21:00:00,Avengers Compound,Clean Water (L),2387.83,4.73,False
2012-07-08T21:00:00,Avengers Compound,Medical Kits,702.64,3.55,False
2012-07-08T22:00:00,New Asgard,Vibranium (kg),2398.61,3.7,False
2012-07-08T22:00:00,New Asgard,Arc Reactor Cores,680.54,4.44,False
2012-07-08T22:00:00,New Asgard,Pym Particles,696.06,4.07,False
2012-07-08T22:00:00,New Asgard,Clean Water (L),2386.96,4.44,False
2012-07-08T22:00:00,New Asgard,Medical Kits,710.61,3.33,False
2012-07-08T22:00:00,Wakanda,Vibranium (kg),2390.69,3.7,False
2012-07-08T22:00:00,Wakanda,Arc Reactor Cores,680.93,4.44,False
2012-07-08T22:00:00,Wakanda,Pym Particles,698.29,4.07,False
2012-07-08T22:00:00,Wakanda,Clean Water (L),2383.94,4.44,False
2012-07-08T22:00:00,Wakanda,Medical Kits,709.5,3.33,False
2012-07-08T22:00:00,Sokovia,Vibranium (kg),2421.81,3.7,False
2012-07-08T22:00:00,Sokovia,Arc Reactor Cores,699.41,4.44,False
2012-07-08T22:00:00,Sokovia,Pym Particles,712.24,4.07,False
2012-07-08T22:00:00,Sokovia,Clean Water (L),2401.17,4.44,False
2012-07-08T22:00:00,Sokovia,Medical Kits,726.04,3.33,False
2012-07-08T22:00:00,Sanctum Sanctorum,Vibranium (kg),2398.73,3.7,False
2012-07-08T22:00:00,Sanctum Sanctorum,Arc Reactor Cores,683.19,4.44,False
2012-07-08T22:00:00,Sanctum Sanctorum,Pym Particles,697.08,4.07,False
2012-07-08T22:00:00,Sanctum Sanctorum,Clean Water (L),2379.84,4.44,False
2012-07-08T22:00:00,Sanctum Sanctorum,Medical Kits,710.51,3.33,False
2012-07-08T22:00:00,Avengers Compound,Vibranium (kg),2388.53,3.7,False
2012-07-08T22:00:00,Avengers Compound,Arc Reactor Cores,676.33,4.44,False
2012-07-08T22:00:00,Avengers Compound,Pym Particles,694.29,4.07,False
2012-07-08T22:00:00,Avengers Compound,Clean Water (L),2390.57,4.44,False
2012-07-08T22:00:00,Avengers Compound,Medical Kits,706.48,3.33,False
2012-07-08T23:00:00,New Asgard,Vibranium (kg),2400.98,3.55,False
2012-07-08T23:00:00,New Asgard,Arc Reactor Cores,682.55,4.26,False
2012-07-08T23:00:00,New Asgard,Pym Particles,697.3,3.91,False
2012-07-08T23:00:00,New Asgard,Clean Water (L),2389.94,4.26,False
2012-07-08T23:00:00,New Asgard,Medical Kits,713.57,3.2,False
2012-07-08T23:00:00,Wakanda,Vibranium (kg),2393.94,3.55,False
2012-07-08T23:00:00,Wakanda,Arc Reactor Cores,683.09,4.26,False
2012-07-08T23:00:00,Wakanda,Pym Particles,700.02,3.91,False
2012-07-08T23:00:00,Wakanda,Clean Water (L),2384.89,4.26,False
2012-07-08T23:00:00,Wakanda,Medical Kits,711.99,3.2,False
2012-07-08T23:00:00,Sokovia,Vibranium (kg),2422.22,3.55,False
2012-07-08T23:00:00,Sokovia,Arc Reactor Cores,700.51,4.26,False
2012-07-08T23:00:00,Sokovia,Pym Particles,712.73,3.91,False
2012-07-08T23:00:00,Sokovia,Clean Water (L),2403.65,4.26,False
2012-07-08T23:00:00,Sokovia,Medical Kits,727.51,3.2,False
2012-07-08T23:00:00,Sanctum Sanctorum,Vibranium (kg),2402.84,3.55,False
2012-07-08T23:00:00,Sanctum Sanctorum,Arc Reactor Cores,685.07,4.26,False
2012-07-08T23:00:00,Sanctum Sanctorum,Pym Particles,699.33,3.91,False
2012-07-08T23:00:00,Sanctum Sanctorum,Clean Water (L),2382.2,4.26,False
2012-07-08T23:00:00,Sanctum Sanctorum,Medical Kits,712.92,3.2,False
2012-07-08T23:00:00,Avengers Compound,Vibranium (kg),2390.62,3.55,False
2012-07-08T23:00:00,Avengers Compound,Arc Reactor Cores,679.14,4.26,False
2012-07-08T23:00:00,Avengers Compound,Pym Particles,697.12,3.91,False
2012-07-08T23:00:00,Avengers Compound,Clean Water (L),2391.16,4.26,False
2012-07-08T23:00:00,Avengers Compound,Medical Kits,708.06,3.2,False
2012-07-09T00:00:00,New Asgard,Vibranium (kg),2404.01,3.5,False
2012-07-09T00:00:00,New Asgard,Arc Reactor Cores,684.45,4.2,False
2012-07-09T00:00:00,New Asgard,Pym Particles,698.53,3.85,False
2012-07-09T00:00:00,New Asgard,Clean Water (L),2392.25,4.2,False
2012-07-09T00:00:00,New Asgard,Medical Kits,716.43,3.15,False
2012-07-09T00:00:00,Wakanda,Vibranium (kg),2396.83,3.5,False
2012-07-09T00:00:00,Wakanda,Arc Reactor Cores,684.82,4.2,False
2012-07-09T00:00:00,Wakanda,Pym Particles,703.07,3.85,False
2012-07-09T00:00:00,Wakanda,Clean Water (L),2388.32,4.2,False
2012-07-09T00:00:00,Wakanda,Medical Kits,715.5,3.15,False
2012-07-09T00:00:00,Sokovia,Vibranium (kg),2422.36,3.5,False
2012-07-09T00:00:00,Sokovia,Arc Reactor Cores,702.02,4.2,False
2012-07-09T00:00:00,Sokovia,Pym Particles,714.24,3.85,False
2012-07-09T00:00:00,Sokovia,Clean Water (L),2405.98,4.2,False
2012-07-09T00:00:00,Sokovia,Medical Kits,728.85,3.15,False
2012-07-09T00:00:00,Sanctum Sanctorum,Vibranium (kg),2405.62,3.5,False
2012-07-09T00:00:00,Sanctum Sanctorum,Arc Reactor Cores,687.37,4.2,False
2012-07-09T00:00:00,Sanctum Sanctorum,Pym Particles,702.44,3.85,False
2012-07-09T00:00:00,Sanctum Sanctorum,Clean Water (L),2384.03,4.2,False
2012-07-09T00:00:00,Sanctum Sanctorum,Medical Kits,713.55,3.15,False
2012-07-09T00:00:00,Avengers Compound,Vibranium (kg),2392.95,3.5,False
2012-07-09T00:00:00,Avengers Compound,Arc Reactor Cores,682.25,4.2,False
2012-07-09T00:00:00,Avengers Compound,Pym Particles,699.53,3.85,False
2012-07-09T00:00:00,Avengers Compound,Clean Water (L),2393.62,4.2,False
2012-07-09T00:00:00,Avengers Compound,Medical Kits,710.78,3.15,False
2012-07-09T01:00:00,New Asgard,Vibranium (kg),2405.59,3.55,False
2012-07-09T01:00:00,New Asgard,Arc Reactor Cores,686.05,4.26,False
2012-07-09T01:00:00,New Asgard,Pym Particles,702.2,3.91,False
2012-07-09T01:00:00,New Asgard,Clean Water (L),2394.8,4.26,False
2012-07-09T01:00:00,New Asgard,Medical Kits,718.89,3.2,False
2012-07-09T01:00:00,Wakanda,Vibranium (kg),2400.71,3.55,False
2012-07-09T01:00:00,Wakanda,Arc Reactor Cores,687.66,4.26,False
2012-07-09T01:00:00,Wakanda,Pym Particles,704.4,3.91,False
2012-07-09T01:00:00,Wakanda,Clean Water (L),2390.47,4.26,False
2012-07-09T01:00:00,Wakanda,Medical Kits,716.4,3.2,False
2012-07-09T01:00:00,Sokovia,Vibranium (kg),2424.85,3.55,False
2012-07-09T01:00:00,Sokovia,Arc Reactor Cores,703.96,4.26,False
2012-07-09T01:00:00,Sokovia,Pym Particles,715.85,3.91,False
2012-07-09T01:00:00,Sokovia,Clean Water (L),2406.63,4.26,False
2012-07-09T01:00:00,Sokovia,Medical Kits,729.73,3.2,False
2012-07-09T01:00:00,Sanctum Sanctorum,Vibranium (kg),2406.86,3.55,False
2012-07-09T01:00:00,Sanctum Sanctorum,Arc Reactor Cores,689.37,4.26,False
2012-07-09T01:00:00,Sanctum Sanctorum,Pym Particles,705.18,3.91,False
2012-07-09T01:00:00,Sanctum Sanctorum,Clean Water (L),2385.11,4.26,False
2012-07-09T01:00:00,Sanctum Sanctorum,Medical Kits,715.74,3.2,False
2012-07-09T01:00:00,Avengers Compound,Vibranium (kg),2395.92,3.55,False
2012-07-09T01:00:00,Avengers Compound,Arc Reactor Cores,685.54,4.26,False
2012-07-09T01:00:00,Avengers Compound,Pym Particles,702.75,3.91,False
2012-07-09T01:00:00,Avengers Compound,Clean Water (L),2395.77,4.26,False
2012-07-09T01:00:00,Avengers Compound,Medical Kits,713.42,3.2,False
2012-07-09T02:00:00,New Asgard,Vibranium (kg),2406.05,3.7,False
2012-07-09T02:00:00,New Asgard,Arc Reactor Cores,688.29,4.44,False
2012-07-09T02:00:00,New Asgard,Pym Particles,704.67,4.07,False
2012-07-09T02:00:00,New Asgard,Clean Water (L),2395.29,4.44,False
2012-07-09T02:00:00,New Asgard,Medical Kits,720.69,3.33,False
2012-07-09T02:00:00,Wakanda,Vibranium (kg),2403.44,3.7,False
2012-07-09T02:00:00,Wakanda,Arc Reactor Cores,689.18,4.44,False
2012-07-09T02:00:00,Wakanda,Pym Particles,706.55,4.07,False
2012-07-09T02:00:00,Wakanda,Clean Water (L),2392.36,4.44,False
2012-07-09T02:00:00,Wakanda,Medical Kits,719.02,3.33,False
2012-07-09T02:00:00,Sokovia,Vibranium (kg),2426.66,3.7,False
2012-07-09T02:00:00,Sokovia,Arc Reactor Cores,704.21,4.44,False
2012-07-09T02:00:00,Sokovia,Pym Particles,716.11,4.07,False
2012-07-09T02:00:00,Sokovia,Clean Water (L),2408.36,4.44,False
2012-07-09T02:00:00,Sokovia,Medical Kits,730.98,3.33,False
2012-07-09T02:00:00,Sanctum Sanctorum,Vibranium (kg),2408.73,3.7,False
2012-07-09T02:00:00,Sanctum Sanctorum,Arc Reactor Cores,692.28,4.44,False
2012-07-09T02:00:00,Sanctum Sanctorum,Pym Particles,706.8,4.07,False
2012-07-09T02:00:00,Sanctum Sanctorum,Clean Water (L),2385.75,4.44,False
2012-07-09T02:00:00,Sanctum Sanctorum,Medical Kits,718.61,3.33,False
2012-07-09T02:00:00,Avengers Compound,Vibranium (kg),2397.59,3.7,False
2012-07-09T02:00:00,Avengers Compound,Arc Reactor Cores,686.43,4.44,False
2012-07-09T02:00:00,Avengers Compound,Pym Particles,703.11,4.07,False
2012-07-09T02:00:00,Avengers Compound,Clean Water (L),2396.89,4.44,False
2012-07-09T02:00:00,Avengers Compound,Medical Kits,716.31,3.33,False
2012-07-09T03:00:00,New Asgard,Vibranium (kg),2409.0,3.94,False
2012-07-09T03:00:00,New Asgard,Arc Reactor Cores,691.15,4.73,False
2012-07-09T03:00:00,New Asgard,Pym Particles,705.72,4.33,False
2012-07-09T03:00:00,New Asgard,Clean Water (L),2396.32,4.73,False
2012-07-09T03:00:00,New Asgard,Medical Kits,722.28,3.55,False
2012-07-09T03:00:00,Wakanda,Vibranium (kg),2404.81,3.94,False
2012-07-09T03:00:00,Wakanda,Arc Reactor Cores,690.61,4.73,False
2012-07-09T03:00:00,Wakanda,Pym Particles,707.8,4.33,False
2012-07-09T03:00:00,Wakanda,Clean Water (L),2393.24,4.73,False
2012-07-09T03:00:00,Wakanda,Medical Kits,720.82,3.55,False
2012-07-09T03:00:00,Sokovia,Vibranium (kg),2427.79,3.94,False
2012-07-09T03:00:00,Sokovia,Arc Reactor Cores,706.4,4.73,False
2012-07-09T03:00:00,Sokovia,Pym Particles,717.39,4.33,False
2012-07-09T03:00:00,Sokovia,Clean Water (L),2409.39,4.73,False
2012-07-09T03:00:00,Sokovia,Medical Kits,731.56,3.55,False
2012-07-09T03:00:00,Sanctum Sanctorum,Vibranium (kg),2411.06,3.94,False
2012-07-09T03:00:00,Sanctum Sanctorum,Arc Reactor Cores,694.06,4.73,False
2012-07-09T03:00:00,Sanctum Sanctorum,Pym Particles,707.05,4.33,False
2012-07-09T03:00:00,Sanctum Sanctorum,Clean Water (L),2388.82,4.73,False
2012-07-09T03:00:00,Sanctum Sanctorum,Medical Kits,719.92,3.55,False
2012-07-09T03:00:00,Avengers Compound,Vibranium (kg),2400.38,3.94,False
2012-07-09T03:00:00,Avengers Compound,Arc Reactor Cores,687.47,4.73,False
2012-07-09T03:00:00,Avengers Compound,Pym Particles,704.3,4.33,False
2012-07-09T03:00:00,Avengers Compound,Clean Water (L),2399.12,4.73,False
2012-07-09T03:00:00,Avengers Compound,Medical Kits,718.02,3.55,False
2012-07-09T04:00:00,New Asgard,Vibranium (kg),2410.11,4.25,False
2012-07-09T04:00:00,New Asgard,Arc Reactor Cores,691.73,5.1,False
2012-07-09T04:00:00,New Asgard,Pym Particles,706.36,4.68,False
2012-07-09T04:00:00,New Asgard,Clean Water (L),2398.31,5.1,False
2012-07-09T04:00:00,New Asgard,Medical Kits,722.33,3.83,False
2012-07-09T04:00:00,Wakanda,Vibranium (kg),2406.47,4.25,False
2012-07-09T04:00:00,Wakanda,Arc Reactor Cores,691.88,5.1,False
2012-07-09T04:00:00,Wakanda,Pym Particles,707.38,4.68,False
2012-07-09T04:00:00,Wakanda,Clean Water (L),2393.34,5.1,False
2012-07-09T04:00:00,Wakanda,Medical Kits,722.67,3.83,False
2012-07-09T04:00:00,Sokovia,Vibranium (kg),2429.91,4.25,False
2012-07-09T04:00:00,Sokovia,Arc Reactor Cores,706.65,5.1,False
2012-07-09T04:00:00,Sokovia,Pym Particles,718.93,4.68,False
2012-07-09T04:00:00,Sokovia,Clean Water (L),2410.65,5.1,False
2012-07-09T04:00:00,Sokovia,Medical Kits,733.42,3.83,False
2012-07-09T04:00:00,Sanctum Sanctorum,Vibranium (kg),2411.33,4.25,False
2012-07-09T04:00:00,Sanctum Sanctorum,Arc Reactor Cores,696.17,5.1,False
2012-07-09T04:00:00,Sanctum Sanctorum,Pym Particles,707.2,4.68,False
2012-07-09T04:00:00,Sanctum Sanctorum,Clean Water (L),2389.33,5.1,False
2012-07-09T04:00:00,Sanctum Sanctorum,Medical Kits,719.55,3.83,False
2012-07-09T04:00:00,Avengers Compound,Vibranium (kg),2400.65,4.25,False
2012-07-09T04:00:00,Avengers Compound,Arc Reactor Cores,687.9,5.1,False
2012-07-09T04:00:00,Avengers Compound,Pym Particles,704.94,4.68,False
2012-07-09T04:00:00,Avengers Compound,Clean Water (L),2401.8,5.1,False
2012-07-09T04:00:00,Avengers Compound,Medical Kits,717.72,3.83,False
2012-07-09T05:00:00,New Asgard,Vibranium (kg),2410.1,4.61,False
2012-07-09T05:00:00,New Asgard,Arc Reactor Cores,692.73,5.53,False
2012-07-09T05:00:00,New Asgard,Pym Particles,706.08,5.07,False
2012-07-09T05:00:00,New Asgard,Clean Water (L),2398.3,5.53,False
2012-07-09T05:00:00,New Asgard,Medical Kits,722.6,4.15,False
2012-07-09T05:00:00,Wakanda,Vibranium (kg),2407.18,4.61,False
2012-07-09T05:00:00,Wakanda,Arc Reactor Cores,693.06,5.53,False
2012-07-09T05:00:00,Wakanda,Pym Particles,708.06,5.07,False
2012-07-09T05:00:00,Wakanda,Clean Water (L),2395.86,5.53,False
2012-07-09T05:00:00,Wakanda,Medical Kits,723.19,4.15,False
2012-07-09T05:00:00,Sokovia,Vibranium (kg),2430.54,4.61,False
2012-07-09T05:00:00,Sokovia,Arc Reactor Cores,705.3,5.53,False
2012-07-09T05:00:00,Sokovia,Pym Particles,720.49,5.07,False
2012-07-09T05:00:00,Sokovia,Clean Water (L),2412.34,5.53,False
2012-07-09T05:00:00,Sokovia,Medical Kits,734.15,4.15,False
2012-07-09T05:00:00,Sanctum Sanctorum,Vibranium (kg),2412.92,4.61,False
2012-07-09T05:00:00,Sanctum Sanctorum,Arc Reactor Cores,696.0,5.53,False
2012-07-09T05:00:00,Sanctum Sanctorum,Pym Particles,707.02,5.07,False
2012-07-09T05:00:00,Sanctum Sanctorum,Clean Water (L),2390.32,5.53,False
2012-07-09T05:00:00,Sanctum Sanctorum,Medical Kits,720.38,4.15,False
2012-07-09T05:00:00,Avengers Compound,Vibranium (kg),2403.04,4.61,False
2012-07-09T05:00:00,Avengers Compound,Arc Reactor Cores,688.91,5.53,False
2012-07-09T05:00:00,Avengers Compound,Pym Particles,706.48,5.07,False
2012-07-09T05:00:00,Avengers Compound,Clean Water (L),2402.82,5.53,False
2012-07-09T05:00:00,Avengers Compound,Medical Kits,720.05,4.15,False
2012-07-09T06:00:00,New Asgard,Vibranium (kg),2409.2,5.0,False
2012-07-09T06:00:00,New Asgard,Arc Reactor Cores,694.28,6.0,False
2012-07-09T06:00:00,New Asgard,Pym Particles,704.81,5.5,False
2012-07-09T06:00:00,New Asgard,Clean Water (L),2398.27,6.0,False
2012-07-09T06:00:00,New Asgard,Medical Kits,723.78,4.5,False
2012-07-09T06:00:00,Wakanda,Vibranium (kg),2406.31,5.0,False
2012-07-09T06:00:00,Wakanda,Arc Reactor Cores,693.79,6.0,False
2012-07-09T06:00:00,Wakanda,Pym Particles,708.08,5.5,False
2012-07-09T06:00:00,Wakanda,Clean Water (L),2396.87,6.0,False
2012-07-09T06:00:00,Wakanda,Medical Kits,723.67,4.5,False
2012-07-09T06:00:00,Sokovia,Vibranium (kg),2428.6,5.0,False
2012-07-09T06:00:00,Sokovia,Arc Reactor Cores,706.5,6.0,False
2012-07-09T06:00:00,Sokovia,Pym Particles,719.99,5.5,False
2012-07-09T06:00:00,Sokovia,Clean Water (L),2411.0,6.0,False
2012-07-09T06:00:00,Sokovia,Medical Kits,734.37,4.5,False
2012-07-09T06:00:00,Sanctum Sanctorum,Vibranium (kg),2414.65,5.0,False
2012-07-09T06:00:00,Sanctum Sanctorum,Arc Reactor Cores,696.77,6.0,False
2012-07-09T06:00:00,Sanctum Sanctorum,Pym Particles,705.89,5.5,False
2012-07-09T06:00:00,Sanctum Sanctorum,Clean Water (L),2389.94,6.0,False
2012-07-09T06:00:00,Sanctum Sanctorum,Medical Kits,719.76,4.5,False
2012-07-09T06:00:00,Avengers Compound,Vibranium (kg),2404.56,5.0,False
2012-07-09T06:00:00,Avengers Compound,Arc Reactor Cores,687.92,6.0,False
2012-07-09T06:00:00,Avengers Compound,Pym Particles,705.86,5.5,False
2012-07-09T06:00:00,Avengers Compound,Clean Water (L),2402.7,6.0,False
2012-07-09T06:00:00,Avengers Compound,Medical Kits,719.74,4.5,False
2012-07-09T07:00:00,New Asgard,Vibranium (kg),2408.59,5.39,False
2012-07-09T07:00:00,New Asgard,Arc Reactor Cores,693.97,6.47,False
2012-07-09T07:00:00,New Asgard,Pym Particles,703.83,5.93,False
2012-07-09T07:00:00,New Asgard,Clean Water (L),2397.95,6.47,False
2012-07-09T07:00:00,New Asgard,Medical Kits,723.3,4.85,False
2012-07-09T07:00:00,Wakanda,Vibranium (kg),2406.26,5.39,False
2012-07-09T07:00:00,Wakanda,Arc Reactor Cores,694.44,6.47,False
2012-07-09T07:00:00,Wakanda,Pym Particles,707.69,5.93,False
2012-07-09T07:00:00,Wakanda,Clean Water (L),2396.98,6.47,False
2012-07-09T07:00:00,Wakanda,Medical Kits,723.75,4.85,False
2012-07-09T07:00:00,Sokovia,Vibranium (kg),2429.42,5.39,False
2012-07-09T07:00:00,Sokovia,Arc Reactor Cores,705.57,6.47,False
2012-07-09T07:00:00,Sokovia,Pym Particles,718.47,5.93,False
2012-07-09T07:00:00,Sokovia,Clean Water (L),2408.96,6.47,False
2012-07-09T07:00:00,Sokovia,Medical Kits,733.29,4.85,False
2012-07-09T07:00:00,Sanctum Sanctorum,Vibranium (kg),2415.55,5.39,False
2012-07-09T07:00:00,Sanctum Sanctorum,Arc Reactor Cores,695.79,6.47,False
2012-07-09T07:00:00,Sanctum Sanctorum,Pym Particles,707.05,5.93,False
2012-07-09T07:00:00,Sanctum Sanctorum,Clean Water (L),2390.82,6.47,False
2012-07-09T07:00:00,Sanctum Sanctorum,Medical Kits,720.86,4.85,False
2012-07-09T07:00:00,Avengers Compound,Vibranium (kg),2404.15,5.39,False
2012-07-09T07:00:00,Avengers Compound,Arc Reactor Cores,689.98,6.47,False
2012-07-09T07:00:00,Avengers Compound,Pym Particles,706.97,5.93,False
2012-07-09T07:00:00,Avengers Compound,Clean Water (L),2400.19,6.47,False
2012-07-09T07:00:00,Avengers Compound,Medical Kits,721.35,4.85,False
2012-07-09T08:00:00,New Asgard,Vibranium (kg),2407.73,5.75,False
2012-07-09T08:00:00,New Asgard,Arc Reactor Cores,692.27,6.9,False
2012-07-09T08:00:00,New Asgard,Pym Particles,703.75,6.32,False
2012-07-09T08:00:00,New Asgard,Clean Water (L),2397.02,6.9,False
2012-07-09T08:00:00,New Asgard,Medical Kits,721.2,5.17,False
2012-07-09T08:00:00,Wakanda,Vibranium (kg),2405.08,5.75,False
2012-07-09T08:00:00,Wakanda,Arc Reactor Cores,694.27,6.9,False
2012-07-09T08:00:00,Wakanda,Pym Particles,706.9,6.32,False
2012-07-09T08:00:00,Wakanda,Clean Water (L),2395.78,6.9,False
2012-07-09T08:00:00,Wakanda,Medical Kits,721.87,5.17,False
2012-07-09T08:00:00,Sokovia,Vibranium (kg),2428.62,5.75,False
2012-07-09T08:00:00,Sokovia,Arc Reactor Cores,703.93,6.9,False
2012-07-09T08:00:00,Sokovia,Pym Particles,715.93,6.32,False
2012-07-09T08:00:00,Sokovia,Clean Water (L),2407.11,6.9,False
2012-07-09T08:00:00,Sokovia,Medical Kits,732.6,5.17,False
2012-07-09T08:00:00,Sanctum Sanctorum,Vibranium (kg),2414.6,5.75,False
2012-07-09T08:00:00,Sanctum Sanctorum,Arc Reactor Cores,695.04,6.9,False
2012-07-09T08:00:00,Sanctum Sanctorum,Pym Particles,706.33,6.32,False
2012-07-09T08:00:00,Sanctum Sanctorum,Clean Water (L),2389.89,6.9,False
2012-07-09T08:00:00,Sanctum Sanctorum,Medical Kits,719.14,5.17,False
2012-07-09T08:00:00,Avengers Compound,Vibranium (kg),2403.81,5.75,False
2012-07-09T08:00:00,Avengers Compound,Arc Reactor Cores,688.92,6.9,False
2012-07-09T08:00:00,Avengers Compound,Pym Particles,707.17,6.32,False
2012-07-09T08:00:00,Avengers Compound,Clean Water (L),2399.73,6.9,False
2012-07-09T08:00:00,Avengers Compound,Medical Kits,722.72,5.17,False
2012-07-09T09:00:00,New Asgard,Vibranium (kg),2407.36,6.06,False
2012-07-09T09:00:00,New Asgard,Arc Reactor Cores,692.38,7.27,False
2012-07-09T09:00:00,New Asgard,Pym Particles,702.91,6.67,False
2012-07-09T09:00:00,New Asgard,Clean Water (L),2395.0,7.27,False
2012-07-09T09:00:00,New Asgard,Medical Kits,720.4,5.45,False
2012-07-09T09:00:00,Wakanda,Vibranium (kg),2404.27,6.06,False
2012-07-09T09:00:00,Wakanda,Arc Reactor Cores,694.18,7.27,False
2012-07-09T09:00:00,Wakanda,Pym Particles,704.91,6.67,False
2012-07-09T09:00:00,Wakanda,Clean Water (L),2393.21,7.27,False
2012-07-09T09:00:00,Wakanda,Medical Kits,721.71,5.45,False
2012-07-09T09:00:00,Sokovia,Vibranium (kg),2427.34,6.06,False
2012-07-09T09:00:00,Sokovia,Arc Reactor Cores,702.3,7.27,False
2012-07-09T09:00:00,Sokovia,Pym Particles,716.32,6.67,False
2012-07-09T09:00:00,Sokovia,Clean Water (L),2403.74,7.27,False
2012-07-09T09:00:00,Sokovia,Medical Kits,731.45,5.45,False
2012-07-09T09:00:00,Sanctum Sanctorum,Vibranium (kg),2414.34,6.06,False
2012-07-09T09:00:00,Sanctum Sanctorum,Arc Reactor Cores,693.09,7.27,False
2012-07-09T09:00:00,Sanctum Sanctorum,Pym Particles,705.39,6.67,False
2012-07-09T09:00:00,Sanctum Sanctorum,Clean Water (L),2390.92,7.27,False
2012-07-09T09:00:00,Sanctum Sanctorum,Medical Kits,717.72,5.45,False
2012-07-09T09:00:00,Avengers Compound,Vibranium (kg),2403.55,6.06,False
2012-07-09T09:00:00,Avengers Compound,Arc Reactor Cores,689.65,7.27,False
2012-07-09T09:00:00,Avengers Compound,Pym Particles,705.01,6.67,False
2012-07-09T09:00:00,Avengers Compound,Clean Water (L),2399.55,7.27,False
2012-07-09T09:00:00,Avengers Compound,Medical Kits,722.14,5.45,False
2012-07-09T10:00:00,New Asgard,Vibranium (kg),2406.73,6.3,False
2012-07-09T10:00:00,New Asgard,Arc Reactor Cores,692.91,7.56,False
2012-07-09T10:00:00,New Asgard,Pym Particles,701.78,6.93,False
2012-07-09T10:00:00,New Asgard,Clean Water (L),2393.96,7.56,False
2012-07-09T10:00:00,New Asgard,Medical Kits,719.29,5.67,False
2012-07-09T10:00:00,Wakanda,Vibranium (kg),2403.61,6.3,False
2012-07-09T10:00:00,Wakanda,Arc Reactor Cores,693.2,7.56,False
2012-07-09T10:00:00,Wakanda,Pym Particles,702.66,6.93,False
2012-07-09T10:00:00,Wakanda,Clean Water (L),2391.38,7.56,False
2012-07-09T10:00:00,Wakanda,Medical Kits,722.65,5.67,False
2012-07-09T10:00:00,Sokovia,Vibranium (kg),2425.8,6.3,False
2012-07-09T10:00:00,Sokovia,Arc Reactor Cores,701.16,7.56,False
2012-07-09T10:00:00,Sokovia,Pym Particles,713.65,6.93,False
2012-07-09T10:00:00,Sokovia,Clean Water (L),2401.99,7.56,False
2012-07-09T10:00:00,Sokovia,Medical Kits,731.46,5.67,False
2012-07-09T10:00:00,Sanctum Sanctorum,Vibranium (kg),2413.57,6.3,False
2012-07-09T10:00:00,Sanctum Sanctorum,Arc Reactor Cores,690.58,7.56,False
2012-07-09T10:00:00,Sanctum Sanctorum,Pym Particles,704.56,6.93,False
2012-07-09T10:00:00,Sanctum Sanctorum,Clean Water (L),2389.72,7.56,False
2012-07-09T10:00:00,Sanctum Sanctorum,Medical Kits,715.48,5.67,False
2012-07-09T10:00:00,Avengers Compound,Vibranium (kg),2403.03,6.3,False
2012-07-09T10:00:00,Avengers Compound,Arc Reactor Cores,688.33,7.56,False
2012-07-09T10:00:00,Avengers Compound,Pym Particles,703.41,6.93,False
2012-07-09T10:00:00,Avengers Compound,Clean Water (L),2397.88,7.56,False
2012-07-09T10:00:00,Avengers Compound,Medical Kits,721.93,5.67,False
2012-07-09T11:00:00,New Asgard,Vibranium (kg),2406.21,6.45,False
2012-07-09T11:00:00,New Asgard,Arc Reactor Cores,692.36,7.74,False
2012-07-09T11:00:00,New Asgard,Pym Particles,700.86,7.09,False
2012-07-09T11:00:00,New Asgard,Clean Water (L),2392.16,7.74,False
2012-07-09T11:00:00,New Asgard,Medical Kits,718.77,5.8,False
2012-07-09T11:00:00,Wakanda,Vibranium (kg),2402.23,6.45,False
2012-07-09T11:00:00,Wakanda,Arc Reactor Cores,692.29,7.74,False
2012-07-09T11:00:00,Wakanda,Pym Particles,701.12,7.09,False
2012-07-09T11:00:00,Wakanda,Clean Water (L),2388.76,7.74,False
2012-07-09T11:00:00,Wakanda,Medical Kits,721.74,5.8,False
2012-07-09T11:00:00,Sokovia,Vibranium (kg),2422.85,6.45,False
2012-07-09T11:00:00,Sokovia,Arc Reactor Cores,698.04,7.74,False
2012-07-09T11:00:00,Sokovia,Pym Particles,712.59,7.09,False
2012-07-09T11:00:00,Sokovia,Clean Water (L),2400.94,7.74,False
2012-07-09T11:00:00,Sokovia,Medical Kits,729.51,5.8,False
2012-07-09T11:00:00,Sanctum Sanctorum,Vibranium (kg),2413.05,6.45,False
2012-07-09T11:00:00,Sanctum Sanctorum,Arc Reactor Cores,689.22,7.74,False
2012-07-09T11:00:00,Sanctum Sanctorum,Pym Particles,703.97,7.09,False
2012-07-09T11:00:00,Sanctum Sanctorum,Clean Water (L),2387.88,7.74,False
2012-07-09T11:00:00,Sanctum Sanctorum,Medical Kits,714.51,5.8,False
2012-07-09T11:00:00,Avengers Compound,Vibranium (kg),2401.89,6.45,False
2012-07-09T11:00:00,Avengers Compound,Arc Reactor Cores,687.5,7.74,False
2012-07-09T11:00:00,Avengers Compound,Pym Particles,702.34,7.09,False
2012-07-09T11:00:00,Avengers Compound,Clean Water (L),2396.5,7.74,False
2012-07-09T11:00:00,Avengers Compound,Medical Kits,720.12,5.8,False
2012-07-09T12:00:00,New Asgard,Vibranium (kg),2406.19,6.5,False
2012-07-09T12:00:00,New Asgard,Arc Reactor Cores,691.04,7.8,False
2012-07-09T12:00:00,New Asgard,Pym Particles,700.68,7.15,False
2012-07-09T12:00:00,New Asgard,Clean Water (L),2392.56,7.8,False
2012-07-09T12:00:00,New Asgard,Medical Kits,716.85,5.85,False
2012-07-09T12:00:00,Wakanda,Vibranium (kg),2400.31,6.5,False
2012-07-09T12:00:00,Wakanda,Arc Reactor Cores,690.47,7.8,False
2012-07-09T12:00:00,Wakanda,Pym Particles,700.74,7.15,False
2012-07-09T12:00:00,Wakanda,Clean Water (L),2386.74,7.8,False
2012-07-09T12:00:00,Wakanda,Medical Kits,721.04,5.85,False
2012-07-09T12:00:00,Sokovia,Vibranium (kg),2421.03,6.5,False
2012-07-09T12:00:00,Sokovia,Arc Reactor Cores,696.46,7.8,False
2012-07-09T12:00:00,Sokovia,Pym Particles,710.82,7.15,False
2012-07-09T12:00:00,Sokovia,Clean Water (L),2398.72,7.8,False
2012-07-09T12:00:00,Sokovia,Medical Kits,727.64,5.85,False
2012-07-09T12:00:00,Sanctum Sanctorum,Vibranium (kg),2412.8,6.5,False
2012-07-09T12:00:00,Sanctum Sanctorum,Arc Reactor Cores,687.99,7.8,False
2012-07-09T12:00:00,Sanctum Sanctorum,Pym Particles,703.55,7.15,False
2012-07-09T12:00:00,Sanctum Sanctorum,Clean Water (L),2387.61,7.8,False
2012-07-09T12:00:00,Sanctum Sanctorum,Medical Kits,714.64,5.85,False
2012-07-09T12:00:00,Avengers Compound,Vibranium (kg),2401.38,6.5,False
2012-07-09T12:00:00,Avengers Compound,Arc Reactor Cores,684.76,7.8,False
2012-07-09T12:00:00,Avengers Compound,Pym Particles,700.7,7.15,False
2012-07-09T12:00:00,Avengers Compound,Clean Water (L),2394.33,7.8,False
2012-07-09T12:00:00,Avengers Compound,Medical Kits,718.9,5.85,False
2012-07-09T13:00:00,New Asgard,Vibranium (kg),2405.3,6.45,False
2012-07-09T13:00:00,New Asgard,Arc Reactor Cores,691.1,7.74,False
2012-07-09T13:00:00,New Asgard,Pym Particles,699.65,7.09,False
2012-07-09T13:00:00,New Asgard,Clean Water (L),2391.97,7.74,False
2012-07-09T13:00:00,New Asgard,Medical Kits,715.38,5.8,False
2012-07-09T13:00:00,Wakanda,Vibranium (kg),2400.78,6.45,False
2012-07-09T13:00:00,Wakanda,Arc Reactor Cores,689.01,7.74,False
2012-07-09T13:00:00,Wakanda,Pym Particles,699.23,7.09,False
2012-07-09T13:00:00,Wakanda,Clean Water (L),2386.22,7.74,False
2012-07-09T13:00:00,Wakanda,Medical Kits,720.34,5.8,False
2012-07-09T13:00:00,Sokovia,Vibranium (kg),2419.23,6.45,False
2012-07-09T13:00:00,Sokovia,Arc Reactor Cores,694.02,7.74,False
2012-07-09T13:00:00,Sokovia,Pym Particles,709.26,7.09,False
2012-07-09T13:00:00,Sokovia,Clean Water (L),2396.94,7.74,False
2012-07-09T13:00:00,Sokovia,Medical Kits,726.93,5.8,False
2012-07-09T13:00:00,Sanctum Sanctorum,Vibranium (kg),2412.4,6.45,False
2012-07-09T13:00:00,Sanctum Sanctorum,Arc Reactor Cores,685.4,7.74,False
2012-07-09T13:00:00,Sanctum Sanctorum,Pym Particles,702.43,7.09,False
2012-07-09T13:00:00,Sanctum Sanctorum,Clean Water (L),2386.99,7.74,False
2012-07-09T13:00:00,Sanctum Sanctorum,Medical Kits,712.91,5.8,False
2012-07-09T13:00:00,Avengers Compound,Vibranium (kg),2399.86,6.45,False
2012-07-09T13:00:00,Avengers Compound,Arc Reactor Cores,683.26,7.74,False
2012-07-09T13:00:00,Avengers Compound,Pym Particles,698.74,7.09,False
2012-07-09T13:00:00,Avengers Compound,Clean Water (L),2393.21,7.74,False
2012-07-09T13:00:00,Avengers Compound,Medical Kits,717.33,5.8,False
2012-07-09T14:00:00,New Asgard,Vibranium (kg),2405.46,6.3,False
2012-07-09T14:00:00,New Asgard,Arc Reactor Cores,691.09,7.56,False
2012-07-09T14:00:00,New Asgard,Pym Particles,697.73,6.93,False
2012-07-09T14:00:00,New Asgard,Clean Water (L),2390.51,7.56,False
2012-07-09T14:00:00,New Asgard,Medical Kits,714.71,5.67,False
2012-07-09T14:00:00,Wakanda,Vibranium (kg),2401.3,6.3,False
2012-07-09T14:00:00,Wakanda,Arc Reactor Cores,689.22,7.56,False
2012-07-09T14:00:00,Wakanda,Pym Particles,699.01,6.93,False
2012-07-09T14:00:00,Wakanda,Clean Water (L),2385.49,7.56,False
2012-07-09T14:00:00,Wakanda,Medical Kits,718.6,5.67,False
2012-07-09T14:00:00,Sokovia,Vibranium (kg),2418.3,6.3,False
2012-07-09T14:00:00,Sokovia,Arc Reactor Cores,691.79,7.56,False
2012-07-09T14:00:00,Sokovia,Pym Particles,707.39,6.93,False
2012-07-09T14:00:00,Sokovia,Clean Water (L),2394.8,7.56,False
2012-07-09T14:00:00,Sokovia,Medical Kits,724.52,5.67,False
2012-07-09T14:00:00,Sanctum Sanctorum,Vibranium (kg),2411.33,6.3,False
2012-07-09T14:00:00,Sanctum Sanctorum,Arc Reactor Cores,685.5,7.56,False
2012-07-09T14:00:00,Sanctum Sanctorum,Pym Particles,702.92,6.93,False
2012-07-09T14:00:00,Sanctum Sanctorum,Clean Water (L),2386.24,7.56,False
2012-07-09T14:00:00,Sanctum Sanctorum,Medical Kits,712.34,5.67,False
2012-07-09T14:00:00,Avengers Compound,Vibranium (kg),2399.83,6.3,False
2012-07-09T14:00:00,Avengers Compound,Arc Reactor Cores,681.74,7.56,False
2012-07-09T14:00:00,Avengers Compound,Pym Particles,698.56,6.93,False
2012-07-09T14:00:00,Avengers Compound,Clean Water (L),2392.12,7.56,False
2012-07-09T14:00:00,Avengers Compound,Medical Kits,716.7,5.67,False
2012-07-09T15:00:00,New Asgard,Vibranium (kg),2404.01,6.06,False
2012-07-09T15:00:00,New Asgard,Arc Reactor Cores,690.2,7.27,False
2012-07-09T15:00:00,New Asgard,Pym Particles,696.2,6.67,False
2012-07-09T15:00:00,New Asgard,Clean Water (L),2388.87,7.27,False
2012-07-09T15:00:00,New Asgard,Medical Kits,714.84,5.45,False
2012-07-09T15:00:00,Wakanda,Vibranium (kg),2399.95,6.06,False
2012-07-09T15:00:00,Wakanda,Arc Reactor Cores,689.21,7.27,False
2012-07-09T15:00:00,Wakanda,Pym Particles,698.28,6.67,False
2012-07-09T15:00:00,Wakanda,Clean Water (L),2386.48,7.27,False
2012-07-09T15:00:00,Wakanda,Medical Kits,718.93,5.45,False
2012-07-09T15:00:00,Sokovia,Vibranium (kg),2417.65,6.06,False
2012-07-09T15:00:00,Sokovia,Arc Reactor Cores,692.47,7.27,False
2012-07-09T15:00:00,Sokovia,Pym Particles,706.24,6.67,False
2012-07-09T15:00:00,Sokovia,Clean Water (L),2394.25,7.27,False
2012-07-09T15:00:00,Sokovia,Medical Kits,725.48,5.45,False
2012-07-09T15:00:00,Sanctum Sanctorum,Vibranium (kg),2409.5,6.06,False
2012-07-09T15:00:00,Sanctum Sanctorum,Arc Reactor Cores,684.35,7.27,False
2012-07-09T15:00:00,Sanctum Sanctorum,Pym Particles,702.64,6.67,False
2012-07-09T15:00:00,Sanctum Sanctorum,Clean Water (L),2386.87,7.27,False
2012-07-09T15:00:00,Sanctum Sanctorum,Medical Kits,712.47,5.45,False
2012-07-09T15:00:00,Avengers Compound,Vibranium (kg),2400.43,6.06,False
2012-07-09T15:00:00,Avengers Compound,Arc Reactor Cores,682.57,7.27,False
2012-07-09T15:00:00,Avengers Compound,Pym Particles,699.33,6.67,False
2012-07-09T15:00:00,Avengers Compound,Clean Water (L),2391.11,7.27,False
2012-07-09T15:00:00,Avengers Compound,Medical Kits,717.21,5.45,False
2012-07-09T16:00:00,New Asgard,Vibranium (kg),2404.64,5.75,False
2012-07-09T16:00:00,New Asgard,Arc Reactor Cores,688.96,6.9,False
2012-07-09T16:00:00,New Asgard,Pym Particles,695.34,6.32,False
2012-07-09T16:00:00,New Asgard,Clean Water (L),2387.35,6.9,False
2012-07-09T16:00:00,New Asgard,Medical Kits,715.86,5.17,False
2012-07-09T16:00:00,Wakanda,Vibranium (kg),2400.54,5.75,False
2012-07-09T16:00:00,Wakanda,Arc Reactor Cores,689.63,6.9,False
2012-07-09T16:00:00,Wakanda,Pym Particles,697.12,6.32,False
2012-07-09T16:00:00,Wakanda,Clean Water (L),2385.71,6.9,False
2012-07-09T16:00:00,Wakanda,Medical Kits,719.49,5.17,False
2012-07-09T16:00:00,Sokovia,Vibranium (kg),2416.99,5.75,False
2012-07-09T16:00:00,Sokovia,Arc Reactor Cores,692.27,6.9,False
2012-07-09T16:00:00,Sokovia,Pym Particles,705.61,6.32,False
2012-07-09T16:00:00,Sokovia,Clean Water (L),2393.78,6.9,False
2012-07-09T16:00:00,Sokovia,Medical Kits,723.71,5.17,False
2012-07-09T16:00:00,Sanctum Sanctorum,Vibranium (kg),2409.42,5.75,False
2012-07-09T16:00:00,Sanctum Sanctorum,Arc Reactor Cores,684.08,6.9,False
2012-07-09T16:00:00,Sanctum Sanctorum,Pym Particles,702.16,6.32,False
2012-07-09T16:00:00,Sanctum Sanctorum,Clean Water (L),2385.16,6.9,False
2012-07-09T16:00:00,Sanctum Sanctorum,Medical Kits,712.55,5.17,False
2012-07-09T16:00:00,Avengers Compound,Vibranium (kg),2401.68,5.75,False
2012-07-09T16:00:00,Avengers Compound,Arc Reactor Cores,682.79,6.9,False
2012-07-09T16:00:00,Avengers Compound,Pym Particles,699.34,6.32,False
2012-07-09T16:00:00,Avengers Compound,Clean Water (L),2390.26,6.9,False
2012-07-09T16:00:00,Avengers Compound,Medical Kits,716.17,5.17,False
2012-07-09T17:00:00,New Asgard,Vibranium (kg),2405.28,5.39,False
2012-07-09T17:00:00,New Asgard,Arc Reactor Cores,689.47,6.47,False
2012-07-09T17:00:00,New Asgard,Pym Particles,694.58,5.93,False
2012-07-09T17:00:00,New Asgard,Clean Water (L),2387.92,6.47,False
2012-07-09T17:00:00,New Asgard,Medical Kits,715.76,4.85,False
2012-07-09T17:00:00,Wakanda,Vibranium (kg),2400.94,5.39,False
2012-07-09T17:00:00,Wakanda,Arc Reactor Cores,689.85,6.47,False
2012-07-09T17:00:00,Wakanda,Pym Particles,697.65,5.93,False
2012-07-09T17:00:00,Wakanda,Clean Water (L),2386.24,6.47,False
2012-07-09T17:00:00,Wakanda,Medical Kits,718.7,4.85,False
2012-07-09T17:00:00,Sokovia,Vibranium (kg),2418.43,5.39,False
2012-07-09T17:00:00,Sokovia,Arc Reactor Cores,690.6,6.47,False
2012-07-09T17:00:00,Sokovia,Pym Particles,704.93,5.93,False
2012-07-09T17:00:00,Sokovia,Clean Water (L),2394.07,6.47,False
2012-07-09T17:00:00,Sokovia,Medical Kits,721.99,4.85,False
2012-07-09T17:00:00,Sanctum Sanctorum,Vibranium (kg),2409.11,5.39,False
2012-07-09T17:00:00,Sanctum Sanctorum,Arc Reactor Cores,683.58,6.47,False
2012-07-09T17:00:00,Sanctum Sanctorum,Pym Particles,701.4,5.93,False
2012-07-09T17:00:00,Sanctum Sanctorum,Clean Water (L),2384.53,6.47,False
2012-07-09T17:00:00,Sanctum Sanctorum,Medical Kits,713.23,4.85,False
2012-07-09T17:00:00,Avengers Compound,Vibranium (kg),2401.53,5.39,False
2012-07-09T17:00:00,Avengers Compound,Arc Reactor Cores,683.7,6.47,False
2012-07-09T17:00:00,Avengers Compound,Pym Particles,699.71,5.93,False
2012-07-09T17:00:00,Avengers Compound,Clean Water (L),2389.47,6.47,False
2012-07-09T17:00:00,Avengers Compound,Medical Kits,715.31,4.85,False
2012-07-09T18:00:00,New Asgard,Vibranium (kg),2406.92,5.0,False
2012-07-09T18:00:00,New Asgard,Arc Reactor Cores,689.01,6.0,False
2012-07-09T18:00:00,New Asgard,Pym Particles,694.68,5.5,False
2012-07-09T18:00:00,New Asgard,Clean Water (L),2387.56,6.0,False
2012-07-09T18:00:00,New Asgard,Medical Kits,717.34,4.5,False
2012-07-09T18:00:00,Wakanda,Vibranium (kg),2403.45,5.0,False
2012-07-09T18:00:00,Wakanda,Arc Reactor Cores,689.2,6.0,False
2012-07-09T18:00:00,Wakanda,Pym Particles,697.66,5.5,False
2012-07-09T18:00:00,Wakanda,Clean Water (L),2387.95,6.0,False
2012-07-09T18:00:00,Wakanda,Medical Kits,718.74,4.5,False
2012-07-09T18:00:00,Sokovia,Vibranium (kg),2417.97,5.0,False
2012-07-09T18:00:00,Sokovia,Arc Reactor Cores,690.23,6.0,False
2012-07-09T18:00:00,Sokovia,Pym Particles,706.54,5.5,False
2012-07-09T18:00:00,Sokovia,Clean Water (L),2392.92,6.0,False
2012-07-09T18:00:00,Sokovia,Medical Kits,721.39,4.5,False
2012-07-09T18:00:00,Sanctum Sanctorum,Vibranium (kg),2409.02,5.0,False
2012-07-09T18:00:00,Sanctum Sanctorum,Arc Reactor Cores,684.67,6.0,False
2012-07-09T18:00:00,Sanctum Sanctorum,Pym Particles,702.75,5.5,False
2012-07-09T18:00:00,Sanctum Sanctorum,Clean Water (L),2383.62,6.0,False
2012-07-09T18:00:00,Sanctum Sanctorum,Medical Kits,714.81,4.5,False
2012-07-09T18:00:00,Avengers Compound,Vibranium (kg),2402.66,5.0,False
2012-07-09T18:00:00,Avengers Compound,Arc Reactor Cores,684.18,6.0,False
2012-07-09T18:00:00,Avengers Compound,Pym Particles,700.16,5.5,False
2012-07-09T18:00:00,Avengers Compound,Clean Water (L),2391.49,6.0,False
2012-07-09T18:00:00,Avengers Compound,Medical Kits,716.86,4.5,False
2012-07-09T19:00:00,New Asgard,Vibranium (kg),2406.81,4.61,False
2012-07-09T19:00:00,New Asgard,Arc Reactor Cores,689.42,5.53,False
2012-07-09T19:00:00,New Asgard,Pym Particles,696.75,5.07,False
2012-07-09T19:00:00,New Asgard,Clean Water (L),2389.78,5.53,False
2012-07-09T19:00:00,New Asgard,Medical Kits,717.35,4.15,False
2012-07-09T19:00:00,Wakanda,Vibranium (kg),2406.31,4.61,False
2012-07-09T19:00:00,Wakanda,Arc Reactor Cores,690.09,5.53,False
2012-07-09T19:00:00,Wakanda,Pym Particles,697.3,5.07,False
2012-07-09T19:00:00,Wakanda,Clean Water (L),2390.06,5.53,False
2012-07-09T19:00:00,Wakanda,Medical Kits,718.92,4.15,False
2012-07-09T19:00:00,Sokovia,Vibranium (kg),2419.48,4.61,False
2012-07-09T19:00:00,Sokovia,Arc Reactor Cores,691.78,5.53,False
2012-07-09T19:00:00,Sokovia,Pym Particles,708.04,5.07,False
2012-07-09T19:00:00,Sokovia,Clean Water (L),2394.35,5.53,False
2012-07-09T19:00:00,Sokovia,Medical Kits,723.39,4.15,False
2012-07-09T19:00:00,Sanctum Sanctorum,Vibranium (kg),2408.74,4.61,False
2012-07-09T19:00:00,Sanctum Sanctorum,Arc Reactor Cores,687.09,5.53,False
2012-07-09T19:00:00,Sanctum Sanctorum,Pym Particles,703.43,5.07,False
2012-07-09T19:00:00,Sanctum Sanctorum,Clean Water (L),2386.34,5.53,False
2012-07-09T19:00:00,Sanctum Sanctorum,Medical Kits,716.85,4.15,False
2012-07-09T19:00:00,Avengers Compound,Vibranium (kg),2402.51,4.61,False
2012-07-09T19:00:00,Avengers Compound,Arc Reactor Cores,684.16,5.53,False
2012-07-09T19:00:00,Avengers Compound,Pym Particles,700.74,5.07,False
2012-07-09T19:00:00,Avengers Compound,Clean Water (L),2391.26,5.53,False
2012-07-09T19:00:00,Avengers Compound,Medical Kits,717.78,4.15,False
2012-07-09T20:00:00,New Asgard,Vibranium (kg),2408.77,4.25,False
2012-07-09T20:00:00,New Asgard,Arc Reactor Cores,690.72,5.1,False
2012-07-09T20:00:00,New Asgard,Pym Particles,699.44,4.68,False
2012-07-09T20:00:00,New Asgard,Clean Water (L),2391.05,5.1,False
2012-07-09T20:00:00,New Asgard,Medical Kits,719.16,3.83,False
2012-07-09T20:00:00,Wakanda,Vibranium (kg),2407.81,4.25,False
2012-07-09T20:00:00,Wakanda,Arc Reactor Cores,691.56,5.1,False
2012-07-09T20:00:00,Wakanda,Pym Particles,699.7,4.68,False
2012-07-09T20:00:00,Wakanda,Clean Water (L),2392.84,5.1,False
2012-07-09T20:00:00,Wakanda,Medical Kits,721.29,3.83,False
2012-07-09T20:00:00,Sokovia,Vibranium (kg),2420.13,4.25,False
2012-07-09T20:00:00,Sokovia,Arc Reactor Cores,691.59,5.1,False
2012-07-09T20:00:00,Sokovia,Pym Particles,709.31,4.68,False
2012-07-09T20:00:00,Sokovia,Clean Water (L),2395.03,5.1,False
2012-07-09T20:00:00,Sokovia,Medical Kits,723.3,3.83,False
2012-07-09T20:00:00,Sanctum Sanctorum,Vibranium (kg),2410.33,4.25,False
2012-07-09T20:00:00,Sanctum Sanctorum,Arc Reactor Cores,688.53,5.1,False
2012-07-09T20:00:00,Sanctum Sanctorum,Pym Particles,704.09,4.68,False
2012-07-09T20:00:00,Sanctum Sanctorum,Clean Water (L),2387.06,5.1,False
2012-07-09T20:00:00,Sanctum Sanctorum,Medical Kits,718.17,3.83,False
2012-07-09T20:00:00,Avengers Compound,Vibranium (kg),2402.93,4.25,False
2012-07-09T20:00:00,Avengers Compound,Arc Reactor Cores,686.14,5.1,False
2012-07-09T20:00:00,Avengers Compound,Pym Particles,702.41,4.68,False
2012-07-09T20:00:00,Avengers Compound,Clean Water (L),2392.42,5.1,False
2012-07-09T20:00:00,Avengers Compound,Medical Kits,719.56,3.83,False
2012-07-09T21:00:00,New Asgard,Vibranium (kg),2409.05,3.94,False
2012-07-09T21:00:00,New Asgard,Arc Reactor Cores,692.82,4.73,False
2012-07-09T21:00:00,New Asgard,Pym Particles,701.19,4.33,False
2012-07-09T21:00:00,New Asgard,Clean Water (L),2391.12,4.73,False
2012-07-09T21:00:00,New Asgard,Medical Kits,720.53,3.55,False
2012-07-09T21:00:00,Wakanda,Vibranium (kg),2410.28,3.94,False
2012-07-09T21:00:00,Wakanda,Arc Reactor Cores,693.71,4.73,False
2012-07-09T21:00:00,Wakanda,Pym Particles,701.22,4.33,False
2012-07-09T21:00:00,Wakanda,Clean Water (L),2393.47,4.73,False
2012-07-09T21:00:00,Wakanda,Medical Kits,721.73,3.55,False
2012-07-09T21:00:00,Sokovia,Vibranium (kg),2419.65,3.94,False
2012-07-09T21:00:00,Sokovia,Arc Reactor Cores,693.24,4.73,False
2012-07-09T21:00:00,Sokovia,Pym Particles,710.54,4.33,False
2012-07-09T21:00:00,Sokovia,Clean Water (L),2395.73,4.73,False
2012-07-09T21:00:00,Sokovia,Medical Kits,724.74,3.55,False
2012-07-09T21:00:00,Sanctum Sanctorum,Vibranium (kg),2410.91,3.94,False
2012-07-09T21:00:00,Sanctum Sanctorum,Arc Reactor Cores,690.89,4.73,False
2012-07-09T21:00:00,Sanctum Sanctorum,Pym Particles,705.17,4.33,False
2012-07-09T21:00:00,Sanctum Sanctorum,Clean Water (L),2387.91,4.73,False
2012-07-09T21:00:00,Sanctum Sanctorum,Medical Kits,719.63,3.55,False
2012-07-09T21:00:00,Avengers Compound,Vibranium (kg),2405.0,3.94,False
2012-07-09T21:00:00,Avengers Compound,Arc Reactor Cores,687.49,4.73,False
2012-07-09T21:00:00,Avengers Compound,Pym Particles,704.86,4.33,False
2012-07-09T21:00:00,Avengers Compound,Clean Water (L),2395.44,4.73,False
2012-07-09T21:00:00,Avengers Compound,Medical Kits,721.15,3.55,False
2012-07-09T22:00:00,New Asgard,Vibranium (kg),2411.54,3.7,False
2012-07-09T22:00:00,New Asgard,Arc Reactor Cores,694.13,4.44,False
2012-07-09T22:00:00,New Asgard,Pym Particles,703.16,4.07,False
2012-07-09T22:00:00,New Asgard,Clean Water (L),2393.78,4.44,False
2012-07-09T22:00:00,New Asgard,Medical Kits,722.49,3.33,False
2012-07-09T22:00:00,Wakanda,Vibranium (kg),2411.91,3.7,False
2012-07-09T22:00:00,Wakanda,Arc Reactor Cores,695.06,4.44,False
2012-07-09T22:00:00,Wakanda,Pym Particles,704.08,4.07,False
2012-07-09T22:00:00,Wakanda,Clean Water (L),2395.34,4.44,False
2012-07-09T22:00:00,Wakanda,Medical Kits,722.41,3.33,False
2012-07-09T22:00:00,Sokovia,Vibranium (kg),2421.85,3.7,False
2012-07-09T22:00:00,Sokovia,Arc Reactor Cores,695.27,4.44,False
2012-07-09T22:00:00,Sokovia,Pym Particles,711.82,4.07,False
2012-07-09T22:00:00,Sokovia,Clean Water (L),2397.94,4.44,False
2012-07-09T22:00:00,Sokovia,Medical Kits,726.91,3.33,False
2012-07-09T22:00:00,Sanctum Sanctorum,Vibranium (kg),2414.38,3.7,False
2012-07-09T22:00:00,Sanctum Sanctorum,Arc Reactor Cores,692.83,4.44,False
2012-07-09T22:00:00,Sanctum Sanctorum,Pym Particles,706.7,4.07,False
2012-07-09T22:00:00,Sanctum Sanctorum,Clean Water (L),2390.22,4.44,False
2012-07-09T22:00:00,Sanctum Sanctorum,Medical Kits,721.33,3.33,False
2012-07-09T22:00:00,Avengers Compound,Vibranium (kg),2406.83,3.7,False
2012-07-09T22:00:00,Avengers Compound,Arc Reactor Cores,691.5,4.44,False
2012-07-09T22:00:00,Avengers Compound,Pym Particles,704.77,4.07,False
2012-07-09T22:00:00,Avengers Compound,Clean Water (L),2397.45,4.44,False
2012-07-09T22:00:00,Avengers Compound,Medical Kits,722.56,3.33,False
2012-07-09T23:00:00,New Asgard,Vibranium (kg),2411.67,3.55,False
2012-07-09T23:00:00,New Asgard,Arc Reactor Cores,697.22,4.26,False
2012-07-09T23:00:00,New Asgard,Pym Particles,704.24,3.91,False
2012-07-09T23:00:00,New Asgard,Clean Water (L),2397.33,4.26,False
2012-07-09T23:00:00,New Asgard,Medical Kits,724.57,3.2,False
2012-07-09T23:00:00,Wakanda,Vibranium (kg),2413.7,3.55,False
2012-07-09T23:00:00,Wakanda,Arc Reactor Cores,697.15,4.26,False
2012-07-09T23:00:00,Wakanda,Pym Particles,705.55,3.91,False
2012-07-09T23:00:00,Wakanda,Clean Water (L),2396.79,4.26,False
2012-07-09T23:00:00,Wakanda,Medical Kits,724.61,3.2,False
2012-07-09T23:00:00,Sokovia,Vibranium (kg),2422.31,3.55,False
2012-07-09T23:00:00,Sokovia,Arc Reactor Cores,696.33,4.26,False
2012-07-09T23:00:00,Sokovia,Pym Particles,713.95,3.91,False
2012-07-09T23:00:00,Sokovia,Clean Water (L),2399.24,4.26,False
2012-07-09T23:00:00,Sokovia,Medical Kits,729.74,3.2,False
2012-07-09T23:00:00,Sanctum Sanctorum,Vibranium (kg),2416.99,3.55,False
2012-07-09T23:00:00,Sanctum Sanctorum,Arc Reactor Cores,694.78,4.26,False
2012-07-09T23:00:00,Sanctum Sanctorum,Pym Particles,708.65,3.91,False
2012-07-09T23:00:00,Sanctum Sanctorum,Clean Water (L),2392.14,4.26,False
2012-07-09T23:00:00,Sanctum Sanctorum,Medical Kits,722.02,3.2,False
2012-07-09T23:00:00,Avengers Compound,Vibranium (kg),2409.57,3.55,False
2012-07-09T23:00:00,Avengers Compound,Arc Reactor Cores,694.95,4.26,False
2012-07-09T23:00:00,Avengers Compound,Pym Particles,705.94,3.91,False
2012-07-09T23:00:00,Avengers Compound,Clean Water (L),2398.31,4.26,False
2012-07-09T23:00:00,Avengers Compound,Medical Kits,725.3,3.2,False
2012-07-10T00:00:00,New Asgard,Vibranium (kg),2412.25,3.5,False
2012-07-10T00:00:00,New Asgard,Arc Reactor Cores,699.2,4.2,False
2012-07-10T00:00:00,New Asgard,Pym Particles,706.89,3.85,False
2012-07-10T00:00:00,New Asgard,Clean Water (L),2398.38,4.2,False
2012-07-10T00:00:00,New Asgard,Medical Kits,725.51,3.15,False
2012-07-10T00:00:00,Wakanda,Vibranium (kg),2414.69,3.5,False
2012-07-10T00:00:00,Wakanda,Arc Reactor Cores,699.68,4.2,False
2012-07-10T00:00:00,Wakanda,Pym Particles,707.55,3.85,False
2012-07-10T00:00:00,Wakanda,Clean Water (L),2400.38,4.2,False
2012-07-10T00:00:00,Wakanda,Medical Kits,726.61,3.15,False
2012-07-10T00:00:00,Sokovia,Vibranium (kg),2423.6,3.5,False
2012-07-10T00:00:00,Sokovia,Arc Reactor Cores,698.62,4.2,False
2012-07-10T00:00:00,Sokovia,Pym Particles,713.62,3.85,False
2012-07-10T00:00:00,Sokovia,Clean Water (L),2400.93,4.2,False
2012-07-10T00:00:00,Sokovia,Medical Kits,731.7,3.15,False
2012-07-10T00:00:00,Sanctum Sanctorum,Vibranium (kg),2418.69,3.5,False
2012-07-10T00:00:00,Sanctum Sanctorum,Arc Reactor Cores,697.45,4.2,False
2012-07-10T00:00:00,Sanctum Sanctorum,Pym Particles,711.46,3.85,False
2012-07-10T00:00:00,Sanctum Sanctorum,Clean Water (L),2393.12,4.2,False
2012-07-10T00:00:00,Sanctum Sanctorum,Medical Kits,724.27,3.15,False
2012-07-10T00:00:00,Avengers Compound,Vibranium (kg),2410.93,3.5,False
2012-07-10T00:00:00,Avengers Compound,Arc Reactor Cores,696.53,4.2,False
2012-07-10T00:00:00,Avengers Compound,Pym Particles,707.76,3.85,False
2012-07-10T00:00:00,Avengers Compound,Clean Water (L),2400.67,4.2,False
2012-07-10T00:00:00,Avengers Compound,Medical Kits,727.2,3.15,False
2012-07-10T01:00:00,New Asgard,Vibranium (kg),2413.18,3.55,False
2012-07-10T01:00:00,New Asgard,Arc Reactor Cores,701.65,4.26,False
2012-07-10T01:00:00,New Asgard,Pym Particles,708.4,3.91,False
2012-07-10T01:00:00,New Asgard,Clean Water (L),2399.81,4.26,False
2012-07-10T01:00:00,New Asgard,Medical Kits,725.46,3.2,False
2012-07-10T01:00:00,Wakanda,Vibranium (kg),2417.16,3.55,False
2012-07-10T01:00:00,Wakanda,Arc Reactor Cores,702.72,4.26,False
2012-07-10T01:00:00,Wakanda,Pym Particles,709.2,3.91,False
2012-07-10T01:00:00,Wakanda,Clean Water (L),2401.81,4.26,False
2012-07-10T01:00:00,Wakanda,Medical Kits,728.27,3.2,False
2012-07-10T01:00:00,Sokovia,Vibranium (kg),2426.36,3.55,False
2012-07-10T01:00:00,Sokovia,Arc Reactor Cores,699.66,4.26,False
2012-07-10T01:00:00,Sokovia,Pym Particles,715.95,3.91,False
2012-07-10T01:00:00,Sokovia,Clean Water (L),2401.43,4.26,False
2012-07-10T01:00:00,Sokovia,Medical Kits,732.88,3.2,False
2012-07-10T01:00:00,Sanctum Sanctorum,Vibranium (kg),2419.73,3.55,False
2012-07-10T01:00:00,Sanctum Sanctorum,Arc Reactor Cores,700.78,4.26,False
2012-07-10T01:00:00,Sanctum Sanctorum,Pym Particles,712.85,3.91,False
2012-07-10T01:00:00,Sanctum Sanctorum,Clean Water (L),2395.41,4.26,False
2012-07-10T01:00:00,Sanctum Sanctorum,Medical Kits,725.88,3.2,False
2012-07-10T01:00:00,Avengers Compound,Vibranium (kg),2411.99,3.55,False
2012-07-10T01:00:00,Avengers Compound,Arc Reactor Cores,699.92,4.26,False
2012-07-10T01:00:00,Avengers Compound,Pym Particles,709.9,3.91,False
2012-07-10T01:00:00,Avengers Compound,Clean Water (L),2402.44,4.26,False
2012-07-10T01:00:00,Avengers Compound,Medical Kits,729.97,3.2,False
2012-07-10T02:00:00,New Asgard,Vibranium (kg),2416.08,3.7,False
2012-07-10T02:00:00,New Asgard,Arc Reactor Cores,703.97,4.44,False
2012-07-10T02:00:00,New Asgard,Pym Particles,709.93,4.07,False
2012-07-10T02:00:00,New Asgard,Clean Water (L),2401.69,4.44,False
2012-07-10T02:00:00,New Asgard,Medical Kits,727.4,3.33,False
2012-07-10T02:00:00,Wakanda,Vibranium (kg),2418.61,3.7,False
2012-07-10T02:00:00,Wakanda,Arc Reactor Cores,704.11,4.44,False
2012-07-10T02:00:00,Wakanda,Pym Particles,710.0,4.07,False
2012-07-10T02:00:00,Wakanda,Clean Water (L),2403.3,4.44,False
2012-07-10T02:00:00,Wakanda,Medical Kits,729.59,3.33,False
2012-07-10T02:00:00,Sokovia,Vibranium (kg),2428.68,3.7,False
2012-07-10T02:00:00,Sokovia,Arc Reactor Cores,702.3,4.44,False
2012-07-10T02:00:00,Sokovia,Pym Particles,716.63,4.07,False
2012-07-10T02:00:00,Sokovia,Clean Water (L),2404.43,4.44,False
2012-07-10T02:00:00,Sokovia,Medical Kits,734.05,3.33,False
2012-07-10T02:00:00,Sanctum Sanctorum,Vibranium (kg),2419.77,3.7,False
2012-07-10T02:00:00,Sanctum Sanctorum,Arc Reactor Cores,702.38,4.44,False
2012-07-10T02:00:00,Sanctum Sanctorum,Pym Particles,714.35,4.07,False
2012-07-10T02:00:00,Sanctum Sanctorum,Clean Water (L),2395.88,4.44,False
2012-07-10T02:00:00,Sanctum Sanctorum,Medical Kits,727.16,3.33,False
2012-07-10T02:00:00,Avengers Compound,Vibranium (kg),2412.34,3.7,False
2012-07-10T02:00:00,Avengers Compound,Arc Reactor Cores,701.96,4.44,False
2012-07-10T02:00:00,Avengers Compound,Pym Particles,712.75,4.07,False
2012-07-10T02:00:00,Avengers Compound,Clean Water (L),2403.5,4.44,False
2012-07-10T02:00:00,Avengers Compound,Medical Kits,732.3,3.33,False
2012-07-10T03:00:00,New Asgard,Vibranium (kg),2418.14,3.94,False
2012-07-10T03:00:00,New Asgard,Arc Reactor Cores,705.88,4.73,False
2012-07-10T03:00:00,New Asgard,Pym Particles,710.77,4.33,False
2012-07-10T03:00:00,New Asgard,Clean Water (L),2402.39,4.73,False
2012-07-10T03:00:00,New Asgard,Medical Kits,729.35,3.55,False
2012-07-10T03:00:00,Wakanda,Vibranium (kg),2419.42,3.94,False
2012-07-10T03:00:00,Wakanda,Arc Reactor Cores,705.35,4.73,False
2012-07-10T03:00:00,Wakanda,Pym Particles,710.3,4.33,False
2012-07-10T03:00:00,Wakanda,Clean Water (L),2405.93,4.73,False
2012-07-10T03:00:00,Wakanda,Medical Kits,730.82,3.55,False
2012-07-10T03:00:00,Sokovia,Vibranium (kg),2429.69,3.94,False
2012-07-10T03:00:00,Sokovia,Arc Reactor Cores,703.46,4.73,False
2012-07-10T03:00:00,Sokovia,Pym Particles,716.62,4.33,False
2012-07-10T03:00:00,Sokovia,Clean Water (L),2404.97,4.73,False
2012-07-10T03:00:00,Sokovia,Medical Kits,734.65,3.55,False
2012-07-10T03:00:00,Sanctum Sanctorum,Vibranium (kg),2419.59,3.94,False
2012-07-10T03:00:00,Sanctum Sanctorum,Arc Reactor Cores,704.02,4.73,False
2012-07-10T03:00:00,Sanctum Sanctorum,Pym Particles,714.28,4.33,False
2012-07-10T03:00:00,Sanctum Sanctorum,Clean Water (L),2396.62,4.73,False
2012-07-10T03:00:00,Sanctum Sanctorum,Medical Kits,728.36,3.55,False
2012-07-10T03:00:00,Avengers Compound,Vibranium (kg),2413.1,3.94,False
2012-07-10T03:00:00,Avengers Compound,Arc Reactor Cores,703.2,4.73,False
2012-07-10T03:00:00,Avengers Compound,Pym Particles,713.63,4.33,False
2012-07-10T03:00:00,Avengers Compound,Clean Water (L),2406.24,4.73,False
2012-07-10T03:00:00,Avengers Compound,Medical Kits,732.49,3.55,False
2012-07-10T04:00:00,New Asgard,Vibranium (kg),2418.76,4.25,False
2012-07-10T04:00:00,New Asgard,Arc Reactor Cores,706.17,5.1,False
2012-07-10T04:00:00,New Asgard,Pym Particles,712.87,4.68,False
2012-07-10T04:00:00,New Asgard,Clean Water (L),2403.83,5.1,False
2012-07-10T04:00:00,New Asgard,Medical Kits,728.95,3.83,False
2012-07-10T04:00:00,Wakanda,Vibranium (kg),2421.05,4.25,False
2012-07-10T04:00:00,Wakanda,Arc Reactor Cores,705.78,5.1,False
2012-07-10T04:00:00,Wakanda,Pym Particles,710.7,4.68,False
2012-07-10T04:00:00,Wakanda,Clean Water (L),2407.08,5.1,False
2012-07-10T04:00:00,Wakanda,Medical Kits,730.17,3.83,False
2012-07-10T04:00:00,Sokovia,Vibranium (kg),2429.09,4.25,False
2012-07-10T04:00:00,Sokovia,Arc Reactor Cores,703.89,5.1,False
2012-07-10T04:00:00,Sokovia,Pym Particles,716.23,4.68,False
2012-07-10T04:00:00,Sokovia,Clean Water (L),2404.28,5.1,False
2012-07-10T04:00:00,Sokovia,Medical Kits,735.0,3.83,False
2012-07-10T04:00:00,Sanctum Sanctorum,Vibranium (kg),2419.87,4.25,False
2012-07-10T04:00:00,Sanctum Sanctorum,Arc Reactor Cores,705.03,5.1,False
2012-07-10T04:00:00,Sanctum Sanctorum,Pym Particles,715.67,4.68,False
2012-07-10T04:00:00,Sanctum Sanctorum,Clean Water (L),2397.33,5.1,False
2012-07-10T04:00:00,Sanctum Sanctorum,Medical Kits,729.5,3.83,False
2012-07-10T04:00:00,Avengers Compound,Vibranium (kg),2413.91,4.25,False
2012-07-10T04:00:00,Avengers Compound,Arc Reactor Cores,703.1,5.1,False
2012-07-10T04:00:00,Avengers Compound,Pym Particles,715.26,4.68,False
2012-07-10T04:00:00,Avengers Compound,Clean Water (L),2405.86,5.1,False
2012-07-10T04:00:00,Avengers Compound,Medical Kits,733.1,3.83,False
2012-07-10T05:00:00,New Asgard,Vibranium (kg),2420.17,4.61,False
2012-07-10T05:00:00,New Asgard,Arc Reactor Cores,704.54,5.53,False
2012-07-10T05:00:00,New Asgard,Pym Particles,712.98,5.07,False
2012-07-10T05:00:00,New Asgard,Clean Water (L),2404.4,5.53,False
2012-07-10T05:00:00,New Asgard,Medical Kits,728.19,4.15,False
2012-07-10T05:00:00,Wakanda,Vibranium (kg),2420.09,4.61,False
2012-07-10T05:00:00,Wakanda,Arc Reactor Cores,706.28,5.53,False
2012-07-10T05:00:00,Wakanda,Pym Particles,710.13,5.07,False
2012-07-10T05:00:00,Wakanda,Clean Water (L),2406.7,5.53,False
2012-07-10T05:00:00,Wakanda,Medical Kits,730.11,4.15,False
2012-07-10T05:00:00,Sokovia,Vibranium (kg),2428.08,4.61,False
2012-07-10T05:00:00,Sokovia,Arc Reactor Cores,705.75,5.53,False
2012-07-10T05:00:00,Sokovia,Pym Particles,716.13,5.07,False
2012-07-10T05:00:00,Sokovia,Clean Water (L),2405.09,5.53,False
2012-07-10T05:00:00,Sokovia,Medical Kits,736.92,4.15,False
2012-07-10T05:00:00,Sanctum Sanctorum,Vibranium (kg),2419.93,4.61,False
2012-07-10T05:00:00,Sanctum Sanctorum,Arc Reactor Cores,706.5,5.53,False
2012-07-10T05:00:00,Sanctum Sanctorum,Pym Particles,716.34,5.07,False
2012-07-10T05:00:00,Sanctum Sanctorum,Clean Water (L),2399.17,5.53,False
2012-07-10T05:00:00,Sanctum Sanctorum,Medical Kits,729.86,4.15,False
2012-07-10T05:00:00,Avengers Compound,Vibranium (kg),2415.84,4.61,False
2012-07-10T05:00:00,Avengers Compound,Arc Reactor Cores,703.29,5.53,False
2012-07-10T05:00:00,Avengers Compound,Pym Particles,715.02,5.07,False
2012-07-10T05:00:00,Avengers Compound,Clean Water (L),2405.33,5.53,False
2012-07-10T05:00:00,Avengers Compound,Medical Kits,732.73,4.15,False
2012-07-10T06:00:00,New Asgard,Vibranium (kg),2420.82,5.0,False
2012-07-10T06:00:00,New Asgard,Arc Reactor Cores,703.44,6.0,False
2012-07-10T06:00:00,New Asgard,Pym Particles,713.02,5.5,False
2012-07-10T06:00:00,New Asgard,Clean Water (L),2405.04,6.0,False
2012-07-10T06:00:00,New Asgard,Medical Kits,727.15,4.5,False
2012-07-10T06:00:00,Wakanda,Vibranium (kg),2419.37,5.0,False
2012-07-10T06:00:00,Wakanda,Arc Reactor Cores,707.31,6.0,False
2012-07-10T06:00:00,Wakanda,Pym Particles,711.39,5.5,False
2012-07-10T06:00:00,Wakanda,Clean Water (L),2406.87,6.0,False
2012-07-10T06:00:00,Wakanda,Medical Kits,729.51,4.5,False
2012-07-10T06:00:00,Sokovia,Vibranium (kg),2427.22,5.0,False
2012-07-10T06:00:00,Sokovia,Arc Reactor Cores,706.64,6.0,False
2012-07-10T06:00:00,Sokovia,Pym Particles,716.07,5.5,False
2012-07-10T06:00:00,Sokovia,Clean Water (L),2404.62,6.0,False
2012-07-10T06:00:00,Sokovia,Medical Kits,736.66,4.5,False
2012-07-10T06:00:00,Sanctum Sanctorum,Vibranium (kg),2418.92,5.0,False
2012-07-10T06:00:00,Sanctum Sanctorum,Arc Reactor Cores,706.36,6.0,False
2012-07-10T06:00:00,Sanctum Sanctorum,Pym Particles,716.07,5.5,False
2012-07-10T06:00:00,Sanctum Sanctorum,Clean Water (L),2398.78,6.0,False
2012-07-10T06:00:00,Sanctum Sanctorum,Medical Kits,730.34,4.5,False
2012-07-10T06:00:00,Avengers Compound,Vibranium (kg),2415.61,5.0,False
2012-07-10T06:00:00,Avengers Compound,Arc Reactor Cores,702.09,6.0,False
2012-07-10T06:00:00,Avengers Compound,Pym Particles,715.12,5.5,False
2012-07-10T06:00:00,Avengers Compound,Clean Water (L),2405.72,6.0,False
2012-07-10T06:00:00,Avengers Compound,Medical Kits,731.06,4.5,False
2012-07-10T07:00:00,New Asgard,Vibranium (kg),2421.06,5.39,False
2012-07-10T07:00:00,New Asgard,Arc Reactor Cores,703.48,6.47,False
2012-07-10T07:00:00,New Asgard,Pym Particles,712.63,5.93,False
2012-07-10T07:00:00,New Asgard,Clean Water (L),2405.25,6.47,False
2012-07-10T07:00:00,New Asgard,Medical Kits,726.5,4.85,False
2012-07-10T07:00:00,Wakanda,Vibranium (kg),2420.26,5.39,False
2012-07-10T07:00:00,Wakanda,Arc Reactor Cores,707.11,6.47,False
2012-07-10T07:00:00,Wakanda,Pym Particles,711.59,5.93,False
2012-07-10T07:00:00,Wakanda,Clean Water (L),2405.66,6.47,False
2012-07-10T07:00:00,Wakanda,Medical Kits,728.6,4.85,False
2012-07-10T07:00:00,Sokovia,Vibranium (kg),2426.33,5.39,False
2012-07-10T07:00:00,Sokovia,Arc Reactor Cores,704.93,6.47,False
2012-07-10T07:00:00,Sokovia,Pym Particles,715.06,5.93,False
2012-07-10T07:00:00,Sokovia,Clean Water (L),2404.76,6.47,False
2012-07-10T07:00:00,Sokovia,Medical Kits,734.98,4.85,False
2012-07-10T07:00:00,Sanctum Sanctorum,Vibranium (kg),2418.67,5.39,False
2012-07-10T07:00:00,Sanctum Sanctorum,Arc Reactor Cores,704.88,6.47,False
2012-07-10T07:00:00,Sanctum Sanctorum,Pym Particles,715.0,5.93,False
2012-07-10T07:00:00,Sanctum Sanctorum,Clean Water (L),2397.61,6.47,False
2012-07-10T07:00:00,Sanctum Sanctorum,Medical Kits,729.13,4.85,False
2012-07-10T07:00:00,Avengers Compound,Vibranium (kg),2416.14,5.39,False
2012-07-10T07:00:00,Avengers Compound,Arc Reactor Cores,701.23,6.47,False
2012-07-10T07:00:00,Avengers Compound,Pym Particles,715.45,5.93,False
2012-07-10T07:00:00,Avengers Compound,Clean Water (L),2406.6,6.47,False
2012-07-10T07:00:00,Avengers Compound,Medical Kits,731.46,4.85,False
2012-07-10T08:00:00,New Asgard,Vibranium (kg),2420.37,5.75,False
2012-07-10T08:00:00,New Asgard,Arc Reactor Cores,701.39,6.9,False
2012-07-10T08:00:00,New Asgard,Pym Particles,710.96,6.32,False
2012-07-10T08:00:00,New Asgard,Clean Water (L),2402.32,6.9,False
2012-07-10T08:00:00,New Asgard,Medical Kits,725.74,5.17,False
2012-07-10T08:00:00,Wakanda,Vibranium (kg),2419.17,5.75,False
2012-07-10T08:00:00,Wakanda,Arc Reactor Cores,705.84,6.9,False
2012-07-10T08:00:00,Wakanda,Pym Particles,710.21,6.32,False
2012-07-10T08:00:00,Wakanda,Clean Water (L),2404.34,6.9,False
2012-07-10T08:00:00,Wakanda,Medical Kits,729.01,5.17,False
2012-07-10T08:00:00,Sokovia,Vibranium (kg),2425.45,5.75,False
2012-07-10T08:00:00,Sokovia,Arc Reactor Cores,704.73,6.9,False
2012-07-10T08:00:00,Sokovia,Pym Particles,714.49,6.32,False
2012-07-10T08:00:00,Sokovia,Clean Water (L),2403.77,6.9,False
2012-07-10T08:00:00,Sokovia,Medical Kits,734.43,5.17,False
2012-07-10T08:00:00,Sanctum Sanctorum,Vibranium (kg),2417.6,5.75,False
2012-07-10T08:00:00,Sanctum Sanctorum,Arc Reactor Cores,702.56,6.9,False
2012-07-10T08:00:00,Sanctum Sanctorum,Pym Particles,714.43,6.32,False
2012-07-10T08:00:00,Sanctum Sanctorum,Clean Water (L),2396.76,6.9,False
2012-07-10T08:00:00,Sanctum Sanctorum,Medical Kits,727.61,5.17,False
2012-07-10T08:00:00,Avengers Compound,Vibranium (kg),2415.74,5.75,False
2012-07-10T08:00:00,Avengers Compound,Arc Reactor Cores,699.82,6.9,False
2012-07-10T08:00:00,Avengers Compound,Pym Particles,713.73,6.32,False
2012-07-10T08:00:00,Avengers Compound,Clean Water (L),2404.63,6.9,False
2012-07-10T08:00:00,Avengers Compound,Medical Kits,731.82,5.17,False
2012-07-10T09:00:00,New Asgard,Vibranium (kg),2420.06,6.06,False
2012-07-10T09:00:00,New Asgard,Arc Reactor Cores,700.82,7.27,False
2012-07-10T09:00:00,New Asgard,Pym Particles,709.82,6.67,False
2012-07-10T09:00:00,New Asgard,Clean Water (L),2401.47,7.27,False
2012-07-10T09:00:00,New Asgard,Medical Kits,725.53,5.45,False
2012-07-10T09:00:00,Wakanda,Vibranium (kg),2418.15,6.06,False
2012-07-10T09:00:00,Wakanda,Arc Reactor Cores,703.46,7.27,False
2012-07-10T09:00:00,Wakanda,Pym Particles,710.57,6.67,False
2012-07-10T09:00:00,Wakanda,Clean Water (L),2403.73,7.27,False
2012-07-10T09:00:00,Wakanda,Medical Kits,727.38,5.45,False
2012-07-10T09:00:00,Sokovia,Vibranium (kg),2424.91,6.06,False
2012-07-10T09:00:00,Sokovia,Arc Reactor Cores,703.06,7.27,False
2012-07-10T09:00:00,Sokovia,Pym Particles,712.98,6.67,False
2012-07-10T09:00:00,Sokovia,Clean Water (L),2403.33,7.27,False
2012-07-10T09:00:00,Sokovia,Medical Kits,732.89,5.45,False
2012-07-10T09:00:00,Sanctum Sanctorum,Vibranium (kg),2416.64,6.06,False
2012-07-10T09:00:00,Sanctum Sanctorum,Arc Reactor Cores,701.01,7.27,False
2012-07-10T09:00:00,Sanctum Sanctorum,Pym Particles,711.96,6.67,False
2012-07-10T09:00:00,Sanctum Sanctorum,Clean Water (L),2395.65,7.27,False
2012-07-10T09:00:00,Sanctum Sanctorum,Medical Kits,726.86,5.45,False
2012-07-10T09:00:00,Avengers Compound,Vibranium (kg),2413.55,6.06,False
2012-07-10T09:00:00,Avengers Compound,Arc Reactor Cores,698.15,7.27,False
2012-07-10T09:00:00,Avengers Compound,Pym Particles,712.76,6.67,False
2012-07-10T09:00:00,Avengers Compound,Clean Water (L),2403.18,7.27,False
2012-07-10T09:00:00,Avengers Compound,Medical Kits,731.97,5.45,False
2012-07-10T10:00:00,New Asgard,Vibranium (kg),2418.93,6.3,False
2012-07-10T10:00:00,New Asgard,Arc Reactor Cores,697.38,7.56,False
2012-07-10T10:00:00,New Asgard,Pym Particles,708.7,6.93,False
2012-07-10T10:00:00,New Asgard,Clean Water (L),2398.46,7.56,False
2012-07-10T10:00:00,New Asgard,Medical Kits,725.27,5.67,False
2012-07-10T10:00:00,Wakanda,Vibranium (kg),2416.87,6.3,False
2012-07-10T10:00:00,Wakanda,Arc Reactor Cores,702.96,7.56,False
2012-07-10T10:00:00,Wakanda,Pym Particles,709.3,6.93,False
2012-07-10T10:00:00,Wakanda,Clean Water (L),2401.34,7.56,False
2012-07-10T10:00:00,Wakanda,Medical Kits,726.71,5.67,False
2012-07-10T10:00:00,Sokovia,Vibranium (kg),2424.21,6.3,False
2012-07-10T10:00:00,Sokovia,Arc Reactor Cores,701.28,7.56,False
2012-07-10T10:00:00,Sokovia,Pym Particles,711.31,6.93,False
2012-07-10T10:00:00,Sokovia,Clean Water (L),2402.39,7.56,False
2012-07-10T10:00:00,Sokovia,Medical Kits,731.41,5.67,False
2012-07-10T10:00:00,Sanctum Sanctorum,Vibranium (kg),2416.55,6.3,False
2012-07-10T10:00:00,Sanctum Sanctorum,Arc Reactor Cores,698.38,7.56,False
2012-07-10T10:00:00,Sanctum Sanctorum,Pym Particles,711.65,6.93,False
2012-07-10T10:00:00,Sanctum Sanctorum,Clean Water (L),2394.2,7.56,False
2012-07-10T10:00:00,Sanctum Sanctorum,Medical Kits,725.78,5.67,False
2012-07-10T10:00:00,Avengers Compound,Vibranium (kg),2411.38,6.3,False
2012-07-10T10:00:00,Avengers Compound,Arc Reactor Cores,696.76,7.56,False
2012-07-10T10:00:00,Avengers Compound,Pym Particles,710.82,6.93,False
2012-07-10T10:00:00,Avengers Compound,Clean Water (L),2399.97,7.56,False
2012-07-10T10:00:00,Avengers Compound,Medical Kits,731.23,5.67,False
2012-07-10T11:00:00,New Asgard,Vibranium (kg),2417.15,6.45,False
2012-07-10T11:00:00,New Asgard,Arc Reactor Cores,694.55,7.74,False
2012-07-10T11:00:00,New Asgard,Pym Particles,705.71,7.09,False
2012-07-10T11:00:00,New Asgard,Clean Water (L),2396.63,7.74,False
2012-07-10T11:00:00,New Asgard,Medical Kits,724.78,5.8,False
2012-07-10T11:00:00,Wakanda,Vibranium (kg),2415.8,6.45,False
2012-07-10T11:00:00,Wakanda,Arc Reactor Cores,700.8,7.74,False
2012-07-10T11:00:00,Wakanda,Pym Particles,707.49,7.09,False
2012-07-10T11:00:00,Wakanda,Clean Water (L),2398.34,7.74,False
2012-07-10T11:00:00,Wakanda,Medical Kits,724.92,5.8,False
2012-07-10T11:00:00,Sokovia,Vibranium (kg),2423.0,6.45,False
2012-07-10T11:00:00,Sokovia,Arc Reactor Cores,699.45,7.74,False
2012-07-10T11:00:00,Sokovia,Pym Particles,707.92,7.09,False
2012-07-10T11:00:00,Sokovia,Clean Water (L),2400.95,7.74,False
2012-07-10T11:00:00,Sokovia,Medical Kits,730.51,5.8,False
2012-07-10T11:00:00,Sanctum Sanctorum,Vibranium (kg),2414.36,6.45,False
2012-07-10T11:00:00,Sanctum Sanctorum,Arc Reactor Cores,696.03,7.74,False
2012-07-10T11:00:00,Sanctum Sanctorum,Pym Particles,710.59,7.09,False
2012-07-10T11:00:00,Sanctum Sanctorum,Clean Water (L),2392.47,7.74,False
2012-07-10T11:00:00,Sanctum Sanctorum,Medical Kits,723.87,5.8,False
2012-07-10T11:00:00,Avengers Compound,Vibranium (kg),2409.35,6.45,False
2012-07-10T11:00:00,Avengers Compound,Arc Reactor Cores,695.8,7.74,False
2012-07-10T11:00:00,Avengers Compound,Pym Particles,710.07,7.09,False
2012-07-10T11:00:00,Avengers Compound,Clean Water (L),2398.19,7.74,False
2012-07-10T11:00:00,Avengers Compound,Medical Kits,729.94,5.8,False
2012-07-10T12:00:00,New Asgard,Vibranium (kg),2415.71,6.5,False
2012-07-10T12:00:00,New Asgard,Arc Reactor Cores,692.43,7.8,False
2012-07-10T12:00:00,New Asgard,Pym Particles,705.04,7.15,False
2012-07-10T12:00:00,New Asgard,Clean Water (L),2395.72,7.8,False
2012-07-10T12:00:00,New Asgard,Medical Kits,723.25,5.85,False
2012-07-10T12:00:00,Wakanda,Vibranium (kg),2414.08,6.5,False
2012-07-10T12:00:00,Wakanda,Arc Reactor Cores,700.15,7.8,False
2012-07-10T12:00:00,Wakanda,Pym Particles,706.49,7.15,False
2012-07-10T12:00:00,Wakanda,Clean Water (L),2396.42,7.8,False
2012-07-10T12:00:00,Wakanda,Medical Kits,723.77,5.85,False
2012-07-10T12:00:00,Sokovia,Vibranium (kg),2420.73,6.5,False
2012-07-10T12:00:00,Sokovia,Arc Reactor Cores,699.24,7.8,False
2012-07-10T12:00:00,Sokovia,Pym Particles,707.76,7.15,False
2012-07-10T12:00:00,Sokovia,Clean Water (L),2399.64,7.8,False
2012-07-10T12:00:00,Sokovia,Medical Kits,728.28,5.85,False
2012-07-10T12:00:00,Sanctum Sanctorum,Vibranium (kg),2412.94,6.5,False
2012-07-10T12:00:00,Sanctum Sanctorum,Arc Reactor Cores,695.51,7.8,False
2012-07-10T12:00:00,Sanctum Sanctorum,Pym Particles,707.7,7.15,False
2012-07-10T12:00:00,Sanctum Sanctorum,Clean Water (L),2391.83,7.8,False
2012-07-10T12:00:00,Sanctum Sanctorum,Medical Kits,722.44,5.85,False
2012-07-10T12:00:00,Avengers Compound,Vibranium (kg),2408.67,6.5,False
2012-07-10T12:00:00,Avengers Compound,Arc Reactor Cores,693.96,7.8,False
2012-07-10T12:00:00,Avengers Compound,Pym Particles,709.59,7.15,False
2012-07-10T12:00:00,Avengers Compound,Clean Water (L),2397.72,7.8,False
2012-07-10T12:00:00,Avengers Compound,Medical Kits,729.18,5.85,False
2012-07-10T13:00:00,New Asgard,Vibranium (kg),2415.3,6.45,False
2012-07-10T13:00:00,New Asgard,Arc Reactor Cores,691.83,7.74,False
2012-07-10T13:00:00,New Asgard,Pym Particles,704.4,7.09,False
2012-07-10T13:00:00,New Asgard,Clean Water (L),2394.06,7.74,False
2012-07-10T13:00:00,New Asgard,Medical Kits,722.14,5.8,False
2012-07-10T13:00:00,Wakanda,Vibranium (kg),2412.67,6.45,False
2012-07-10T13:00:00,Wakanda,Arc Reactor Cores,698.26,7.74,False
2012-07-10T13:00:00,Wakanda,Pym Particles,706.54,7.09,False
2012-07-10T13:00:00,Wakanda,Clean Water (L),2394.54,7.74,False
2012-07-10T13:00:00,Wakanda,Medical Kits,723.07,5.8,False
2012-07-10T13:00:00,Sokovia,Vibranium (kg),2418.75,6.45,False
2012-07-10T13:00:00,Sokovia,Arc Reactor Cores,697.05,7.74,False
2012-07-10T13:00:00,Sokovia,Pym Particles,707.41,7.09,False
2012-07-10T13:00:00,Sokovia,Clean Water (L),2396.97,7.74,False
2012-07-10T13:00:00,Sokovia,Medical Kits,727.69,5.8,False
2012-07-10T13:00:00,Sanctum Sanctorum,Vibranium (kg),2412.22,6.45,False
2012-07-10T13:00:00,Sanctum Sanctorum,Arc Reactor Cores,695.04,7.74,False
2012-07-10T13:00:00,Sanctum Sanctorum,Pym Particles,704.68,7.09,False
2012-07-10T13:00:00,Sanctum Sanctorum,Clean Water (L),2392.43,7.74,False
2012-07-10T13:00:00,Sanctum Sanctorum,Medical Kits,721.19,5.8,False
2012-07-10T13:00:00,Avengers Compound,Vibranium (kg),2408.21,6.45,False
2012-07-10T13:00:00,Avengers Compound,Arc Reactor Cores,692.99,7.74,False
2012-07-10T13:00:00,Avengers Compound,Pym Particles,708.2,7.09,False
2012-07-10T13:00:00,Avengers Compound,Clean Water (L),2396.99,7.74,False
2012-07-10T13:00:00,Avengers Compound,Medical Kits,727.9,5.8,False
2012-07-10T14:00:00,New Asgard,Vibranium (kg),2415.77,6.3,False
2012-07-10T14:00:00,New Asgard,Arc Reactor Cores,690.72,7.56,False
2012-07-10T14:00:00,New Asgard,Pym Particles,702.58,6.93,False
2012-07-10T14:00:00,New Asgard,Clean Water (L),2391.95,7.56,False
2012-07-10T14:00:00,New Asgard,Medical Kits,720.88,5.67,False
2012-07-10T14:00:00,Wakanda,Vibranium (kg),2411.8,6.3,False
2012-07-10T14:00:00,Wakanda,Arc Reactor Cores,696.21,7.56,False
2012-07-10T14:00:00,Wakanda,Pym Particles,704.3,6.93,False
2012-07-10T14:00:00,Wakanda,Clean Water (L),2392.37,7.56,False
2012-07-10T14:00:00,Wakanda,Medical Kits,720.43,5.67,False
2012-07-10T14:00:00,Sokovia,Vibranium (kg),2417.72,6.3,False
2012-07-10T14:00:00,Sokovia,Arc Reactor Cores,697.13,7.56,False
2012-07-10T14:00:00,Sokovia,Pym Particles,706.16,6.93,False
2012-07-10T14:00:00,Sokovia,Clean Water (L),2395.3,7.56,False
2012-07-10T14:00:00,Sokovia,Medical Kits,726.17,5.67,False
2012-07-10T14:00:00,Sanctum Sanctorum,Vibranium (kg),2412.9,6.3,False
2012-07-10T14:00:00,Sanctum Sanctorum,Arc Reactor Cores,693.14,7.56,False
2012-07-10T14:00:00,Sanctum Sanctorum,Pym Particles,701.93,6.93,False
2012-07-10T14:00:00,Sanctum Sanctorum,Clean Water (L),2390.65,7.56,False
2012-07-10T14:00:00,Sanctum Sanctorum,Medical Kits,722.09,5.67,False
2012-07-10T14:00:00,Avengers Compound,Vibranium (kg),2406.03,6.3,False
2012-07-10T14:00:00,Avengers Compound,Arc Reactor Cores,691.52,7.56,False
2012-07-10T14:00:00,Avengers Compound,Pym Particles,706.42,6.93,False
2012-07-10T14:00:00,Avengers Compound,Clean Water (L),2397.1,7.56,False
2012-07-10T14:00:00,Avengers Compound,Medical Kits,726.25,5.67,False
2012-07-10T15:00:00,New Asgard,Vibranium (kg),2414.55,6.06,False
2012-07-10T15:00:00,New Asgard,Arc Reactor Cores,690.47,7.27,False
2012-07-10T15:00:00,New Asgard,Pym Particles,701.03,6.67,False
2012-07-10T15:00:00,New Asgard,Clean Water (L),2390.5,7.27,False
2012-07-10T15:00:00,New Asgard,Medical Kits,718.94,5.45,False
2012-07-10T15:00:00,Wakanda,Vibranium (kg),2411.82,6.06,False
2012-07-10T15:00:00,Wakanda,Arc Reactor Cores,694.22,7.27,False
2012-07-10T15:00:00,Wakanda,Pym Particles,704.81,6.67,False
2012-07-10T15:00:00,Wakanda,Clean Water (L),2392.61,7.27,False
2012-07-10T15:00:00,Wakanda,Medical Kits,719.32,5.45,False
2012-07-10T15:00:00,Sokovia,Vibranium (kg),2416.01,6.06,False
2012-07-10T15:00:00,Sokovia,Arc Reactor Cores,696.68,7.27,False
2012-07-10T15:00:00,Sokovia,Pym Particles,706.89,6.67,False
2012-07-10T15:00:00,Sokovia,Clean Water (L),2393.67,7.27,False
2012-07-10T15:00:00,Sokovia,Medical Kits,724.41,5.45,False
2012-07-10T15:00:00,Sanctum Sanctorum,Vibranium (kg),2412.2,6.06,False
2012-07-10T15:00:00,Sanctum Sanctorum,Arc Reactor Cores,692.04,7.27,False
2012-07-10T15:00:00,Sanctum Sanctorum,Pym Particles,700.37,6.67,False
2012-07-10T15:00:00,Sanctum Sanctorum,Clean Water (L),2390.96,7.27,False
2012-07-10T15:00:00,Sanctum Sanctorum,Medical Kits,721.84,5.45,False
2012-07-10T15:00:00,Avengers Compound,Vibranium (kg),2405.82,6.06,False
2012-07-10T15:00:00,Avengers Compound,Arc Reactor Cores,690.77,7.27,False
2012-07-10T15:00:00,Avengers Compound,Pym Particles,706.17,6.67,False
2012-07-10T15:00:00,Avengers Compound,Clean Water (L),2396.14,7.27,False
2012-07-10T15:00:00,Avengers Compound,Medical Kits,725.93,5.45,False
2012-07-10T16:00:00,New Asgard,Vibranium (kg),2414.72,5.75,False
2012-07-10T16:00:00,New Asgard,Arc Reactor Cores,689.43,6.9,False
2012-07-10T16:00:00,New Asgard,Pym Particles,699.15,6.32,False
2012-07-10T16:00:00,New Asgard,Clean Water (L),2391.13,6.9,False
2012-07-10T16:00:00,New Asgard,Medical Kits,719.16,5.17,False
2012-07-10T16:00:00,Wakanda,Vibranium (kg),2412.58,5.75,False
2012-07-10T16:00:00,Wakanda,Arc Reactor Cores,693.4,6.9,False
2012-07-10T16:00:00,Wakanda,Pym Particles,703.55,6.32,False
2012-07-10T16:00:00,Wakanda,Clean Water (L),2390.44,6.9,False
2012-07-10T16:00:00,Wakanda,Medical Kits,719.93,5.17,False
2012-07-10T16:00:00,Sokovia,Vibranium (kg),2416.53,5.75,False
2012-07-10T16:00:00,Sokovia,Arc Reactor Cores,696.74,6.9,False
2012-07-10T16:00:00,Sokovia,Pym Particles,706.28,6.32,False
2012-07-10T16:00:00,Sokovia,Clean Water (L),2392.68,6.9,False
2012-07-10T16:00:00,Sokovia,Medical Kits,725.58,5.17,False
2012-07-10T16:00:00,Sanctum Sanctorum,Vibranium (kg),2412.72,5.75,False
2012-07-10T16:00:00,Sanctum Sanctorum,Arc Reactor Cores,692.32,6.9,False
2012-07-10T16:00:00,Sanctum Sanctorum,Pym Particles,700.85,6.32,False
2012-07-10T16:00:00,Sanctum Sanctorum,Clean Water (L),2390.57,6.9,False
2012-07-10T16:00:00,Sanctum Sanctorum,Medical Kits,721.53,5.17,False
2012-07-10T16:00:00,Avengers Compound,Vibranium (kg),2405.71,5.75,False
2012-07-10T16:00:00,Avengers Compound,Arc Reactor Cores,692.01,6.9,False
2012-07-10T16:00:00,Avengers Compound,Pym Particles,706.08,6.32,False
2012-07-10T16:00:00,Avengers Compound,Clean Water (L),2396.06,6.9,False
2012-07-10T16:00:00,Avengers Compound,Medical Kits,725.23,5.17,False
2012-07-10T17:00:00,New Asgard,Vibranium (kg),2415.09,5.39,False
2012-07-10T17:00:00,New Asgard,Arc Reactor Cores,688.95,6.47,False
2012-07-10T17:00:00,New Asgard,Pym Particles,698.85,5.93,False
2012-07-10T17:00:00,New Asgard,Clean Water (L),2392.07,6.47,False
2012-07-10T17:00:00,New Asgard,Medical Kits,719.74,4.85,False
2012-07-10T17:00:00,Wakanda,Vibranium (kg),2412.25,5.39,False
2012-07-10T17:00:00,Wakanda,Arc Reactor Cores,694.79,6.47,False
2012-07-10T17:00:00,Wakanda,Pym Particles,702.52,5.93,False
2012-07-10T17:00:00,Wakanda,Clean Water (L),2389.9,6.47,False
2012-07-10T17:00:00,Wakanda,Medical Kits,719.95,4.85,False
2012-07-10T17:00:00,Sokovia,Vibranium (kg),2416.29,5.39,False
2012-07-10T17:00:00,Sokovia,Arc Reactor Cores,697.25,6.47,False
2012-07-10T17:00:00,Sokovia,Pym Particles,706.12,5.93,False
2012-07-10T17:00:00,Sokovia,Clean Water (L),2392.53,6.47,False
2012-07-10T17:00:00,Sokovia,Medical Kits,724.92,4.85,False
2012-07-10T17:00:00,Sanctum Sanctorum,Vibranium (kg),2412.83,5.39,False
2012-07-10T17:00:00,Sanctum Sanctorum,Arc Reactor Cores,693.04,6.47,False
2012-07-10T17:00:00,Sanctum Sanctorum,Pym Particles,700.55,5.93,False
2012-07-10T17:00:00,Sanctum Sanctorum,Clean Water (L),2389.63,6.47,False
2012-07-10T17:00:00,Sanctum Sanctorum,Medical Kits,720.71,4.85,False
2012-07-10T17:00:00,Avengers Compound,Vibranium (kg),2404.69,5.39,False
2012-07-10T17:00:00,Avengers Compound,Arc Reactor Cores,691.63,6.47,False
2012-07-10T17:00:00,Avengers Compound,Pym Particles,706.76,5.93,False
2012-07-10T17:00:00,Avengers Compound,Clean Water (L),2395.95,6.47,False
2012-07-10T17:00:00,Avengers Compound,Medical Kits,725.63,4.85,False
2012-07-10T18:00:00,New Asgard,Vibranium (kg),2415.15,5.0,False
2012-07-10T18:00:00,New Asgard,Arc Reactor Cores,689.97,6.0,False
2012-07-10T18:00:00,New Asgard,Pym Particles,698.95,5.5,False
2012-07-10T18:00:00,New Asgard,Clean Water (L),2390.76,6.0,False
2012-07-10T18:00:00,New Asgard,Medical Kits,721.31,4.5,False
2012-07-10T18:00:00,Wakanda,Vibranium (kg),2414.07,5.0,False
2012-07-10T18:00:00,Wakanda,Arc Reactor Cores,694.91,6.0,False
2012-07-10T18:00:00,Wakanda,Pym Particles,703.93,5.5,False
2012-07-10T18:00:00,Wakanda,Clean Water (L),2391.92,6.0,False
2012-07-10T18:00:00,Wakanda,Medical Kits,722.44,4.5,False
2012-07-10T18:00:00,Sokovia,Vibranium (kg),2417.54,5.0,False
2012-07-10T18:00:00,Sokovia,Arc Reactor Cores,697.85,6.0,False
2012-07-10T18:00:00,Sokovia,Pym Particles,705.44,5.5,False
2012-07-10T18:00:00,Sokovia,Clean Water (L),2394.08,6.0,False
2012-07-10T18:00:00,Sokovia,Medical Kits,724.64,4.5,False
2012-07-10T18:00:00,Sanctum Sanctorum,Vibranium (kg),2414.07,5.0,False
2012-07-10T18:00:00,Sanctum Sanctorum,Arc Reactor Cores,692.5,6.0,False
2012-07-10T18:00:00,Sanctum Sanctorum,Pym Particles,700.07,5.5,False
2012-07-10T18:00:00,Sanctum Sanctorum,Clean Water (L),2390.52,6.0,False
2012-07-10T18:00:00,Sanctum Sanctorum,Medical Kits,721.21,4.5,False
2012-07-10T18:00:00,Avengers Compound,Vibranium (kg),2404.24,5.0,False
2012-07-10T18:00:00,Avengers Compound,Arc Reactor Cores,692.52,6.0,False
2012-07-10T18:00:00,Avengers Compound,Pym Particles,707.09,5.5,False
2012-07-10T18:00:00,Avengers Compound,Clean Water (L),2395.15,6.0,False
2012-07-10T18:00:00,Avengers Compound,Medical Kits,726.38,4.5,False
2012-07-10T19:00:00,New Asgard,Vibranium (kg),2414.8,4.61,False
2012-07-10T19:00:00,New Asgard,Arc Reactor Cores,691.57,5.53,False
2012-07-10T19:00:00,New Asgard,Pym Particles,700.16,5.07,False
2012-07-10T19:00:00,New Asgard,Clean Water (L),2393.05,5.53,False
2012-07-10T19:00:00,New Asgard,Medical Kits,722.0,4.15,False
2012-07-10T19:00:00,Wakanda,Vibranium (kg),2414.7,4.61,False
2012-07-10T19:00:00,Wakanda,Arc Reactor Cores,695.05,5.53,False
2012-07-10T19:00:00,Wakanda,Pym Particles,705.38,5.07,False
2012-07-10T19:00:00,Wakanda,Clean Water (L),2393.3,5.53,False
2012-07-10T19:00:00,Wakanda,Medical Kits,722.77,4.15,False
2012-07-10T19:00:00,Sokovia,Vibranium (kg),2416.46,4.61,False
2012-07-10T19:00:00,Sokovia,Arc Reactor Cores,698.71,5.53,False
2012-07-10T19:00:00,Sokovia,Pym Particles,707.33,5.07,False
2012-07-10T19:00:00,Sokovia,Clean Water (L),2393.99,5.53,False
2012-07-10T19:00:00,Sokovia,Medical Kits,725.13,4.15,False
2012-07-10T19:00:00,Sanctum Sanctorum,Vibranium (kg),2415.13,4.61,False
2012-07-10T19:00:00,Sanctum Sanctorum,Arc Reactor Cores,694.89,5.53,False
2012-07-10T19:00:00,Sanctum Sanctorum,Pym Particles,700.0,5.07,False
2012-07-10T19:00:00,Sanctum Sanctorum,Clean Water (L),2391.47,5.53,False
2012-07-10T19:00:00,Sanctum Sanctorum,Medical Kits,720.29,4.15,False
2012-07-10T19:00:00,Avengers Compound,Vibranium (kg),2406.26,4.61,False
2012-07-10T19:00:00,Avengers Compound,Arc Reactor Cores,692.74,5.53,False
2012-07-10T19:00:00,Avengers Compound,Pym Particles,707.29,5.07,False
2012-07-10T19:00:00,Avengers Compound,Clean Water (L),2396.77,5.53,False
2012-07-10T19:00:00,Avengers Compound,Medical Kits,725.73,4.15,False
2012-07-10T20:00:00,New Asgard,Vibranium (kg),2415.97,4.25,False
2012-07-10T20:00:00,New Asgard,Arc Reactor Cores,694.02,5.1,False
2012-07-10T20:00:00,New Asgard,Pym Particles,700.36,4.68,False
2012-07-10T20:00:00,New Asgard,Clean Water (L),2395.25,5.1,False
2012-07-10T20:00:00,New Asgard,Medical Kits,723.29,3.83,False
2012-07-10T20:00:00,Wakanda,Vibranium (kg),2416.18,4.25,False
2012-07-10T20:00:00,Wakanda,Arc Reactor Cores,697.52,5.1,False
2012-07-10T20:00:00,Wakanda,Pym Particles,707.2,4.68,False
2012-07-10T20:00:00,Wakanda,Clean Water (L),2394.21,5.1,False
2012-07-10T20:00:00,Wakanda,Medical Kits,723.56,3.83,False
2012-07-10T20:00:00,Sokovia,Vibranium (kg),2417.14,4.25,False
2012-07-10T20:00:00,Sokovia,Arc Reactor Cores,699.93,5.1,False
2012-07-10T20:00:00,Sokovia,Pym Particles,707.91,4.68,False
2012-07-10T20:00:00,Sokovia,Clean Water (L),2395.84,5.1,False
2012-07-10T20:00:00,Sokovia,Medical Kits,726.1,3.83,False
2012-07-10T20:00:00,Sanctum Sanctorum,Vibranium (kg),2415.03,4.25,False
2012-07-10T20:00:00,Sanctum Sanctorum,Arc Reactor Cores,695.28,5.1,False
2012-07-10T20:00:00,Sanctum Sanctorum,Pym Particles,701.75,4.68,False
2012-07-10T20:00:00,Sanctum Sanctorum,Clean Water (L),2392.7,5.1,False
2012-07-10T20:00:00,Sanctum Sanctorum,Medical Kits,721.72,3.83,False
2012-07-10T20:00:00,Avengers Compound,Vibranium (kg),2407.97,4.25,False
2012-07-10T20:00:00,Avengers Compound,Arc Reactor Cores,694.71,5.1,False
2012-07-10T20:00:00,Avengers Compound,Pym Particles,706.7,4.68,False
2012-07-10T20:00:00,Avengers Compound,Clean Water (L),2397.89,5.1,False
2012-07-10T20:00:00,Avengers Compound,Medical Kits,726.15,3.83,False
2012-07-10T21:00:00,New Asgard,Vibranium (kg),2416.61,3.94,False
2012-07-10T21:00:00,New Asgard,Arc Reactor Cores,696.11,4.73,False
2012-07-10T21:00:00,New Asgard,Pym Particles,700.72,4.33,False
2012-07-10T21:00:00,New Asgard,Clean Water (L),2396.24,4.73,False
2012-07-10T21:00:00,New Asgard,Medical Kits,724.38,3.55,False
2012-07-10T21:00:00,Wakanda,Vibranium (kg),2415.77,3.94,False
2012-07-10T21:00:00,Wakanda,Arc Reactor Cores,697.83,4.73,False
2012-07-10T21:00:00,Wakanda,Pym Particles,708.68,4.33,False
2012-07-10T21:00:00,Wakanda,Clean Water (L),2394.74,4.73,False
2012-07-10T21:00:00,Wakanda,Medical Kits,724.78,3.55,False
2012-07-10T21:00:00,Sokovia,Vibranium (kg),2418.53,3.94,False
2012-07-10T21:00:00,Sokovia,Arc Reactor Cores,703.05,4.73,False
2012-07-10T21:00:00,Sokovia,Pym Particles,707.94,4.33,False
2012-07-10T21:00:00,Sokovia,Clean Water (L),2396.76,4.73,False
2012-07-10T21:00:00,Sokovia,Medical Kits,727.72,3.55,False
2012-07-10T21:00:00,Sanctum Sanctorum,Vibranium (kg),2416.73,3.94,False
2012-07-10T21:00:00,Sanctum Sanctorum,Arc Reactor Cores,694.94,4.73,False
2012-07-10T21:00:00,Sanctum Sanctorum,Pym Particles,703.93,4.33,False
2012-07-10T21:00:00,Sanctum Sanctorum,Clean Water (L),2393.19,4.73,False
2012-07-10T21:00:00,Sanctum Sanctorum,Medical Kits,723.42,3.55,False
2012-07-10T21:00:00,Avengers Compound,Vibranium (kg),2409.48,3.94,False
2012-07-10T21:00:00,Avengers Compound,Arc Reactor Cores,697.58,4.73,False
2012-07-10T21:00:00,Avengers Compound,Pym Particles,707.44,4.33,False
2012-07-10T21:00:00,Avengers Compound,Clean Water (L),2400.4,4.73,False
2012-07-10T21:00:00,Avengers Compound,Medical Kits,727.93,3.55,False
2012-07-10T22:00:00,New Asgard,Vibranium (kg),2418.55,3.7,False
2012-07-10T22:00:00,New Asgard,Arc Reactor Cores,696.38,4.44,False
2012-07-10T22:00:00,New Asgard,Pym Particles,702.87,4.07,False
2012-07-10T22:00:00,New Asgard,Clean Water (L),2399.75,4.44,False
2012-07-10T22:00:00,New Asgard,Medical Kits,724.3,3.33,False
2012-07-10T22:00:00,Wakanda,Vibranium (kg),2416.31,3.7,False
2012-07-10T22:00:00,Wakanda,Arc Reactor Cores,701.21,4.44,False
2012-07-10T22:00:00,Wakanda,Pym Particles,711.57,4.07,False
2012-07-10T22:00:00,Wakanda,Clean Water (L),2396.94,4.44,False
2012-07-10T22:00:00,Wakanda,Medical Kits,724.93,3.33,False
2012-07-10T22:00:00,Sokovia,Vibranium (kg),2419.68,3.7,False
2012-07-10T22:00:00,Sokovia,Arc Reactor Cores,703.28,4.44,False
2012-07-10T22:00:00,Sokovia,Pym Particles,710.9,4.07,False
2012-07-10T22:00:00,Sokovia,Clean Water (L),2399.56,4.44,False
2012-07-10T22:00:00,Sokovia,Medical Kits,729.61,3.33,False
2012-07-10T22:00:00,Sanctum Sanctorum,Vibranium (kg),2418.9,3.7,False
2012-07-10T22:00:00,Sanctum Sanctorum,Arc Reactor Cores,697.16,4.44,False
2012-07-10T22:00:00,Sanctum Sanctorum,Pym Particles,705.67,4.07,False
2012-07-10T22:00:00,Sanctum Sanctorum,Clean Water (L),2395.17,4.44,False
2012-07-10T22:00:00,Sanctum Sanctorum,Medical Kits,725.0,3.33,False
2012-07-10T22:00:00,Avengers Compound,Vibranium (kg),2411.69,3.7,False
2012-07-10T22:00:00,Avengers Compound,Arc Reactor Cores,699.38,4.44,False
2012-07-10T22:00:00,Avengers Compound,Pym Particles,708.73,4.07,False
2012-07-10T22:00:00,Avengers Compound,Clean Water (L),2401.27,4.44,False
2012-07-10T22:00:00,Avengers Compound,Medical Kits,727.93,3.33,False
2012-07-10T23:00:00,New Asgard,Vibranium (kg),2420.29,3.55,False
2012-07-10T23:00:00,New Asgard,Arc Reactor Cores,698.31,4.26,False
2012-07-10T23:00:00,New Asgard,Pym Particles,704.96,3.91,False
2012-07-10T23:00:00,New Asgard,Clean Water (L),2401.76,4.26,False
2012-07-10T23:00:00,New Asgard,Medical Kits,726.42,3.2,False
2012-07-10T23:00:00,Wakanda,Vibranium (kg),2418.62,3.55,False
2012-07-10T23:00:00,Wakanda,Arc Reactor Cores,703.08,4.26,False
2012-07-10T23:00:00,Wakanda,Pym Particles,713.37,3.91,False
2012-07-10T23:00:00,Wakanda,Clean Water (L),2399.14,4.26,False
2012-07-10T23:00:00,Wakanda,Medical Kits,727.82,3.2,False
2012-07-10T23:00:00,Sokovia,Vibranium (kg),2421.35,3.55,False
2012-07-10T23:00:00,Sokovia,Arc Reactor Cores,704.8,4.26,False
2012-07-10T23:00:00,Sokovia,Pym Particles,710.78,3.91,False
2012-07-10T23:00:00,Sokovia,Clean Water (L),2402.36,4.26,False
2012-07-10T23:00:00,Sokovia,Medical Kits,730.13,3.2,False
2012-07-10T23:00:00,Sanctum Sanctorum,Vibranium (kg),2421.87,3.55,False
2012-07-10T23:00:00,Sanctum Sanctorum,Arc Reactor Cores,698.44,4.26,False
2012-07-10T23:00:00,Sanctum Sanctorum,Pym Particles,706.74,3.91,False
2012-07-10T23:00:00,Sanctum Sanctorum,Clean Water (L),2397.64,4.26,False
2012-07-10T23:00:00,Sanctum Sanctorum,Medical Kits,726.91,3.2,False
2012-07-10T23:00:00,Avengers Compound,Vibranium (kg),2414.4,3.55,False
2012-07-10T23:00:00,Avengers Compound,Arc Reactor Cores,700.97,4.26,False
2012-07-10T23:00:00,Avengers Compound,Pym Particles,710.42,3.91,False
2012-07-10T23:00:00,Avengers Compound,Clean Water (L),2403.41,4.26,False
2012-07-10T23:00:00,Avengers Compound,Medical Kits,729.72,3.2,False
2012-07-11T00:00:00,New Asgard,Vibranium (kg),2421.07,3.5,False
2012-07-11T00:00:00,New Asgard,Arc Reactor Cores,701.19,4.2,False
2012-07-11T00:00:00,New Asgard,Pym Particles,707.05,3.85,False
2012-07-11T00:00:00,New Asgard,Clean Water (L),2404.51,4.2,False
2012-07-11T00:00:00,New Asgard,Medical Kits,728.57,3.15,False
2012-07-11T00:00:00,Wakanda,Vibranium (kg),2420.72,3.5,False
2012-07-11T00:00:00,Wakanda,Arc Reactor Cores,705.0,4.2,False
2012-07-11T00:00:00,Wakanda,Pym Particles,715.64,3.85,False
2012-07-11T00:00:00,Wakanda,Clean Water (L),2401.29,4.2,False
2012-07-11T00:00:00,Wakanda,Medical Kits,729.59,3.15,False
2012-07-11T00:00:00,Sokovia,Vibranium (kg),2421.1,3.5,False
2012-07-11T00:00:00,Sokovia,Arc Reactor Cores,705.78,4.2,False
2012-07-11T00:00:00,Sokovia,Pym Particles,713.07,3.85,False
2012-07-11T00:00:00,Sokovia,Clean Water (L),2404.98,4.2,False
2012-07-11T00:00:00,Sokovia,Medical Kits,731.59,3.15,False
2012-07-11T00:00:00,Sanctum Sanctorum,Vibranium (kg),2424.66,3.5,False
2012-07-11T00:00:00,Sanctum Sanctorum,Arc Reactor Cores,699.67,4.2,False
2012-07-11T00:00:00,Sanctum Sanctorum,Pym Particles,709.37,3.85,False
2012-07-11T00:00:00,Sanctum Sanctorum,Clean Water (L),2399.47,4.2,False
2012-07-11T00:00:00,Sanctum Sanctorum,Medical Kits,728.57,3.15,False
2012-07-11T00:00:00,Avengers Compound,Vibranium (kg),2415.93,3.5,False
2012-07-11T00:00:00,Avengers Compound,Arc Reactor Cores,703.12,4.2,False
2012-07-11T00:00:00,Avengers Compound,Pym Particles,712.77,3.85,False
2012-07-11T00:00:00,Avengers Compound,Clean Water (L),2404.27,4.2,False
2012-07-11T00:00:00,Avengers Compound,Medical Kits,731.38,3.15,False
2012-07-11T01:00:00,New Asgard,Vibranium (kg),2422.5,3.55,False
2012-07-11T01:00:00,New Asgard,Arc Reactor Cores,703.8,4.26,False
2012-07-11T01:00:00,New Asgard,Pym Particles,707.79,3.91,False
2012-07-11T01:00:00,New Asgard,Clean Water (L),2406.78,4.26,False
2012-07-11T01:00:00,New Asgard,Medical Kits,729.65,3.2,False
2012-07-11T01:00:00,Wakanda,Vibranium (kg),2422.17,3.55,False
2012-07-11T01:00:00,Wakanda,Arc Reactor Cores,706.47,4.26,False
2012-07-11T01:00:00,Wakanda,Pym Particles,717.85,3.91,False
2012-07-11T01:00:00,Wakanda,Clean Water (L),2403.45,4.26,False
2012-07-11T01:00:00,Wakanda,Medical Kits,729.87,3.2,False
2012-07-11T01:00:00,Sokovia,Vibranium (kg),2423.13,3.55,False
2012-07-11T01:00:00,Sokovia,Arc Reactor Cores,707.4,4.26,False
2012-07-11T01:00:00,Sokovia,Pym Particles,712.57,3.91,False
2012-07-11T01:00:00,Sokovia,Clean Water (L),2405.42,4.26,False
2012-07-11T01:00:00,Sokovia,Medical Kits,732.37,3.2,False
2012-07-11T01:00:00,Sanctum Sanctorum,Vibranium (kg),2426.76,3.55,False
2012-07-11T01:00:00,Sanctum Sanctorum,Arc Reactor Cores,702.76,4.26,False
2012-07-11T01:00:00,Sanctum Sanctorum,Pym Particles,710.19,3.91,False
2012-07-11T01:00:00,Sanctum Sanctorum,Clean Water (L),2400.14,4.26,False
2012-07-11T01:00:00,Sanctum Sanctorum,Medical Kits,728.61,3.2,False
2012-07-11T01:00:00,Avengers Compound,Vibranium (kg),2418.49,3.55,False
2012-07-11T01:00:00,Avengers Compound,Arc Reactor Cores,705.2,4.26,False
2012-07-11T01:00:00,Avengers Compound,Pym Particles,713.83,3.91,False
2012-07-11T01:00:00,Avengers Compound,Clean Water (L),2405.94,4.26,False
2012-07-11T01:00:00,Avengers Compound,Medical Kits,731.66,3.2,False
2012-07-11T02:00:00,New Asgard,Vibranium (kg),2423.67,3.7,False
2012-07-11T02:00:00,New Asgard,Arc Reactor Cores,705.61,4.44,False
2012-07-11T02:00:00,New Asgard,Pym Particles,709.14,4.07,False
2012-07-11T02:00:00,New Asgard,Clean Water (L),2407.44,4.44,False
2012-07-11T02:00:00,New Asgard,Medical Kits,732.3,3.33,False
2012-07-11T02:00:00,Wakanda,Vibranium (kg),2423.1,3.7,False
2012-07-11T02:00:00,Wakanda,Arc Reactor Cores,707.2,4.44,False
2012-07-11T02:00:00,Wakanda,Pym Particles,719.52,4.07,False
2012-07-11T02:00:00,Wakanda,Clean Water (L),2404.65,4.44,False
2012-07-11T02:00:00,Wakanda,Medical Kits,731.83,3.33,False
2012-07-11T02:00:00,Sokovia,Vibranium (kg),2425.56,3.7,False
2012-07-11T02:00:00,Sokovia,Arc Reactor Cores,708.45,4.44,False
2012-07-11T02:00:00,Sokovia,Pym Particles,715.05,4.07,False
2012-07-11T02:00:00,Sokovia,Clean Water (L),2408.27,4.44,False
2012-07-11T02:00:00,Sokovia,Medical Kits,734.55,3.33,False
2012-07-11T02:00:00,Sanctum Sanctorum,Vibranium (kg),2426.63,3.7,False
2012-07-11T02:00:00,Sanctum Sanctorum,Arc Reactor Cores,703.01,4.44,False
2012-07-11T02:00:00,Sanctum Sanctorum,Pym Particles,710.4,4.07,False
2012-07-11T02:00:00,Sanctum Sanctorum,Clean Water (L),2403.2,4.44,False
2012-07-11T02:00:00,Sanctum Sanctorum,Medical Kits,730.66,3.33,False
2012-07-11T02:00:00,Avengers Compound,Vibranium (kg),2419.06,3.7,False
2012-07-11T02:00:00,Avengers Compound,Arc Reactor Cores,705.63,4.44,False
2012-07-11T02:00:00,Avengers Compound,Pym Particles,714.75,4.07,False
2012-07-11T02:00:00,Avengers Compound,Clean Water (L),2406.35,4.44,False
2012-07-11T02:00:00,Avengers Compound,Medical Kits,732.35,3.33,False
2012-07-11T03:00:00,New Asgard,Vibranium (kg),2425.71,3.94,False
2012-07-11T03:00:00,New Asgard,Arc Reactor Cores,705.93,4.73,False
2012-07-11T03:00:00,New Asgard,Pym Particles,709.27,4.33,False
2012-07-11T03:00:00,New Asgard,Clean Water (L),2407.98,4.73,False
2012-07-11T03:00:00,New Asgard,Medical Kits,732.68,3.55,False
2012-07-11T03:00:00,Wakanda,Vibranium (kg),2422.99,3.94,False
2012-07-11T03:00:00,Wakanda,Arc Reactor Cores,707.31,4.73,False
2012-07-11T03:00:00,Wakanda,Pym Particles,719.3,4.33,False
2012-07-11T03:00:00,Wakanda,Clean Water (L),2406.49,4.73,False
2012-07-11T03:00:00,Wakanda,Medical Kits,731.26,3.55,False
2012-07-11T03:00:00,Sokovia,Vibranium (kg),2425.49,3.94,False
2012-07-11T03:00:00,Sokovia,Arc Reactor Cores,710.71,4.73,False
2012-07-11T03:00:00,Sokovia,Pym Particles,717.05,4.33,False
2012-07-11T03:00:00,Sokovia,Clean Water (L),2408.4,4.73,False
2012-07-11T03:00:00,Sokovia,Medical Kits,734.98,3.55,False
2012-07-11T03:00:00,Sanctum Sanctorum,Vibranium (kg),2426.89,3.94,False
2012-07-11T03:00:00,Sanctum Sanctorum,Arc Reactor Cores,704.18,4.73,False
2012-07-11T03:00:00,Sanctum Sanctorum,Pym Particles,713.02,4.33,False
2012-07-11T03:00:00,Sanctum Sanctorum,Clean Water (L),2405.26,4.73,False
2012-07-11T03:00:00,Sanctum Sanctorum,Medical Kits,730.45,3.55,False
2012-07-11T03:00:00,Avengers Compound,Vibranium (kg),2420.98,3.94,False
2012-07-11T03:00:00,Avengers Compound,Arc Reactor Cores,706.57,4.73,False
2012-07-11T03:00:00,Avengers Compound,Pym Particles,715.41,4.33,False
2012-07-11T03:00:00,Avengers Compound,Clean Water (L),2407.91,4.73,False
2012-07-11T03:00:00,Avengers Compound,Medical Kits,734.03,3.55,False
2012-07-11T04:00:00,New Asgard,Vibranium (kg),2426.61,4.25,False
2012-07-11T04:00:00,New Asgard,Arc Reactor Cores,706.89,5.1,False
2012-07-11T04:00:00,New Asgard,Pym Particles,710.74,4.68,False
2012-07-11T04:00:00,New Asgard,Clean Water (L),2407.56,5.1,False
2012-07-11T04:00:00,New Asgard,Medical Kits,733.74,3.83,False
2012-07-11T04:00:00,Wakanda,Vibranium (kg),2422.91,4.25,False
2012-07-11T04:00:00,Wakanda,Arc Reactor Cores,707.71,5.1,False
2012-07-11T04:00:00,Wakanda,Pym Particles,720.38,4.68,False
2012-07-11T04:00:00,Wakanda,Clean Water (L),2406.82,5.1,False
2012-07-11T04:00:00,Wakanda,Medical Kits,730.99,3.83,False
2012-07-11T04:00:00,Sokovia,Vibranium (kg),2426.12,4.25,False
2012-07-11T04:00:00,Sokovia,Arc Reactor Cores,710.64,5.1,False
2012-07-11T04:00:00,Sokovia,Pym Particles,715.9,4.68,False
2012-07-11T04:00:00,Sokovia,Clean Water (L),2408.24,5.1,False
2012-07-11T04:00:00,Sokovia,Medical Kits,734.55,3.83,False
2012-07-11T04:00:00,Sanctum Sanctorum,Vibranium (kg),2425.62,4.25,False
2012-07-11T04:00:00,Sanctum Sanctorum,Arc Reactor Cores,705.04,5.1,False
2012-07-11T04:00:00,Sanctum Sanctorum,Pym Particles,713.84,4.68,False
2012-07-11T04:00:00,Sanctum Sanctorum,Clean Water (L),2404.59,5.1,False
2012-07-11T04:00:00,Sanctum Sanctorum,Medical Kits,732.55,3.83,False
2012-07-11T04:00:00,Avengers Compound,Vibranium (kg),2422.48,4.25,False
2012-07-11T04:00:00,Avengers Compound,Arc Reactor Cores,705.34,5.1,False
2012-07-11T04:00:00,Avengers Compound,Pym Particles,716.65,4.68,False
2012-07-11T04:00:00,Avengers Compound,Clean Water (L),2409.55,5.1,False
2012-07-11T04:00:00,Avengers Compound,Medical Kits,734.09,3.83,False
2012-07-11T05:00:00,New Asgard,Vibranium (kg),2427.06,4.61,False
2012-07-11T05:00:00,New Asgard,Arc Reactor Cores,707.58,5.53,False
2012-07-11T05:00:00,New Asgard,Pym Particles,709.83,5.07,False
2012-07-11T05:00:00,New Asgard,Clean Water (L),2409.13,5.53,False
2012-07-11T05:00:00,New Asgard,Medical Kits,733.19,4.15,False
2012-07-11T05:00:00,Wakanda,Vibranium (kg),2423.5,4.61,False
2012-07-11T05:00:00,Wakanda,Arc Reactor Cores,708.86,5.53,False
2012-07-11T05:00:00,Wakanda,Pym Particles,719.82,5.07,False
2012-07-11T05:00:00,Wakanda,Clean Water (L),2406.86,5.53,False
2012-07-11T05:00:00,Wakanda,Medical Kits,730.54,4.15,False
2012-07-11T05:00:00,Sokovia,Vibranium (kg),2426.45,4.61,False
2012-07-11T05:00:00,Sokovia,Arc Reactor Cores,711.15,5.53,False
2012-07-11T05:00:00,Sokovia,Pym Particles,715.97,5.07,False
2012-07-11T05:00:00,Sokovia,Clean Water (L),2408.77,5.53,False
2012-07-11T05:00:00,Sokovia,Medical Kits,735.34,4.15,False
2012-07-11T05:00:00,Sanctum Sanctorum,Vibranium (kg),2425.68,4.61,False
2012-07-11T05:00:00,Sanctum Sanctorum,Arc Reactor Cores,705.86,5.53,False
2012-07-11T05:00:00,Sanctum Sanctorum,Pym Particles,715.2,5.07,False
2012-07-11T05:00:00,Sanctum Sanctorum,Clean Water (L),2403.06,5.53,False
2012-07-11T05:00:00,Sanctum Sanctorum,Medical Kits,732.62,4.15,False
2012-07-11T05:00:00,Avengers Compound,Vibranium (kg),2422.78,4.61,False
2012-07-11T05:00:00,Avengers Compound,Arc Reactor Cores,704.21,5.53,False
2012-07-11T05:00:00,Avengers Compound,Pym Particles,715.69,5.07,False
2012-07-11T05:00:00,Avengers Compound,Clean Water (L),2410.54,5.53,False
2012-07-11T05:00:00,Avengers Compound,Medical Kits,735.45,4.15,False
2012-07-11T06:00:00,New Asgard,Vibranium (kg),2427.86,5.0,False
2012-07-11T06:00:00,New Asgard,Arc Reactor Cores,706.08,6.0,False
2012-07-11T06:00:00,New Asgard,Pym Particles,709.83,5.5,False
2012-07-11T06:00:00,New Asgard,Clean Water (L),2408.76,6.0,False
2012-07-11T06:00:00,New Asgard,Medical Kits,732.22,4.5,False
2012-07-11T06:00:00,Wakanda,Vibranium (kg),2423.16,5.0,False
2012-07-11T06:00:00,Wakanda,Arc Reactor Cores,707.76,6.0,False
2012-07-11T06:00:00,Wakanda,Pym Particles,720.37,5.5,False
2012-07-11T06:00:00,Wakanda,Clean Water (L),2406.07,6.0,False
2012-07-11T06:00:00,Wakanda,Medical Kits,730.5,4.5,False
2012-07-11T06:00:00,Sokovia,Vibranium (kg),2426.52,5.0,False
2012-07-11T06:00:00,Sokovia,Arc Reactor Cores,710.76,6.0,False
2012-07-11T06:00:00,Sokovia,Pym Particles,717.31,5.5,False
2012-07-11T06:00:00,Sokovia,Clean Water (L),2408.88,6.0,False
2012-07-11T06:00:00,Sokovia,Medical Kits,735.96,4.5,False
2012-07-11T06:00:00,Sanctum Sanctorum,Vibranium (kg),2424.83,5.0,False
2012-07-11T06:00:00,Sanctum Sanctorum,Arc Reactor Cores,705.06,6.0,False
2012-07-11T06:00:00,Sanctum Sanctorum,Pym Particles,715.69,5.5,False
2012-07-11T06:00:00,Sanctum Sanctorum,Clean Water (L),2401.49,6.0,False
2012-07-11T06:00:00,Sanctum Sanctorum,Medical Kits,731.07,4.5,False
2012-07-11T06:00:00,Avengers Compound,Vibranium (kg),2423.41,5.0,False
2012-07-11T06:00:00,Avengers Compound,Arc Reactor Cores,702.91,6.0,False
2012-07-11T06:00:00,Avengers Compound,Pym Particles,715.36,5.5,False
2012-07-11T06:00:00,Avengers Compound,Clean Water (L),2411.74,6.0,False
2012-07-11T06:00:00,Avengers Compound,Medical Kits,736.22,4.5,False
2012-07-11T07:00:00,New Asgard,Vibranium (kg),2425.72,5.39,False
2012-07-11T07:00:00,New Asgard,Arc Reactor Cores,705.91,6.47,False
2012-07-11T07:00:00,New Asgard,Pym Particles,708.93,5.93,False
2012-07-11T07:00:00,New Asgard,Clean Water (L),2407.38,6.47,False
2012-07-11T07:00:00,New Asgard,Medical Kits,731.8,4.85,False
2012-07-11T07:00:00,Wakanda,Vibranium (kg),2424.15,5.39,False
2012-07-11T07:00:00,Wakanda,Arc Reactor Cores,708.17,6.47,False
2012-07-11T07:00:00,Wakanda,Pym Particles,718.71,5.93,False
2012-07-11T07:00:00,Wakanda,Clean Water (L),2405.6,6.47,False
2012-07-11T07:00:00,Wakanda,Medical Kits,730.99,4.85,False
2012-07-11T07:00:00,Sokovia,Vibranium (kg),2426.35,5.39,False
2012-07-11T07:00:00,Sokovia,Arc Reactor Cores,708.77,6.47,False
2012-07-11T07:00:00,Sokovia,Pym Particles,717.62,5.93,False
2012-07-11T07:00:00,Sokovia,Clean Water (L),2406.96,6.47,False
2012-07-11T07:00:00,Sokovia,Medical Kits,733.58,4.85,False
2012-07-11T07:00:00,Sanctum Sanctorum,Vibranium (kg),2424.57,5.39,False
2012-07-11T07:00:00,Sanctum Sanctorum,Arc Reactor Cores,704.52,6.47,False
2012-07-11T07:00:00,Sanctum Sanctorum,Pym Particles,715.5,5.93,False
2012-07-11T07:00:00,Sanctum Sanctorum,Clean Water (L),2399.93,6.47,False
2012-07-11T07:00:00,Sanctum Sanctorum,Medical Kits,729.73,4.85,False
2012-07-11T07:00:00,Avengers Compound,Vibranium (kg),2424.19,5.39,False
2012-07-11T07:00:00,Avengers Compound,Arc Reactor Cores,701.54,6.47,False
2012-07-11T07:00:00,Avengers Compound,Pym Particles,713.64,5.93,False
2012-07-11T07:00:00,Avengers Compound,Clean Water (L),2411.97,6.47,False
2012-07-11T07:00:00,Avengers Compound,Medical Kits,734.99,4.85,False
2012-07-11T08:00:00,New Asgard,Vibranium (kg),2426.34,5.75,False
2012-07-11T08:00:00,New Asgard,Arc Reactor Cores,703.65,6.9,False
2012-07-11T08:00:00,New Asgard,Pym Particles,706.61,6.32,False
2012-07-11T08:00:00,New Asgard,Clean Water (L),2405.98,6.9,False
2012-07-11T08:00:00,New Asgard,Medical Kits,730.83,5.17,False
2012-07-11T08:00:00,Wakanda,Vibranium (kg),2422.94,5.75,False
2012-07-11T08:00:00,Wakanda,Arc Reactor Cores,706.83,6.9,False
2012-07-11T08:00:00,Wakanda,Pym Particles,717.0,6.32,False
2012-07-11T08:00:00,Wakanda,Clean Water (L),2404.22,6.9,False
2012-07-11T08:00:00,Wakanda,Medical Kits,729.15,5.17,False
2012-07-11T08:00:00,Sokovia,Vibranium (kg),2425.56,5.75,False
2012-07-11T08:00:00,Sokovia,Arc Reactor Cores,707.32,6.9,False
2012-07-11T08:00:00,Sokovia,Pym Particles,717.49,6.32,False
2012-07-11T08:00:00,Sokovia,Clean Water (L),2405.57,6.9,False
2012-07-11T08:00:00,Sokovia,Medical Kits,733.78,5.17,False
2012-07-11T08:00:00,Sanctum Sanctorum,Vibranium (kg),2423.58,5.75,False
2012-07-11T08:00:00,Sanctum Sanctorum,Arc Reactor Cores,703.71,6.9,False
2012-07-11T08:00:00,Sanctum Sanctorum,Pym Particles,714.16,6.32,False
2012-07-11T08:00:00,Sanctum Sanctorum,Clean Water (L),2398.48,6.9,False
2012-07-11T08:00:00,Sanctum Sanctorum,Medical Kits,730.23,5.17,False
2012-07-11T08:00:00,Avengers Compound,Vibranium (kg),2422.19,5.75,False
2012-07-11T08:00:00,Avengers Compound,Arc Reactor Cores,700.24,6.9,False
2012-07-11T08:00:00,Avengers Compound,Pym Particles,712.03,6.32,False
2012-07-11T08:00:00,Avengers Compound,Clean Water (L),2409.45,6.9,False
2012-07-11T08:00:00,Avengers Compound,Medical Kits,734.07,5.17,False
2012-07-11T09:00:00,New Asgard,Vibranium (kg),2423.81,6.06,False
2012-07-11T09:00:00,New Asgard,Arc Reactor Cores,701.81,7.27,False
2012-07-11T09:00:00,New Asgard,Pym Particles,705.56,6.67,False
2012-07-11T09:00:00,New Asgard,Clean Water (L),2405.78,7.27,False
2012-07-11T09:00:00,New Asgard,Medical Kits,730.01,5.45,False
2012-07-11T09:00:00,Wakanda,Vibranium (kg),2421.15,6.06,False
2012-07-11T09:00:00,Wakanda,Arc Reactor Cores,706.94,7.27,False
2012-07-11T09:00:00,Wakanda,Pym Particles,714.88,6.67,False
2012-07-11T09:00:00,Wakanda,Clean Water (L),2403.83,7.27,False
2012-07-11T09:00:00,Wakanda,Medical Kits,729.45,5.45,False
2012-07-11T09:00:00,Sokovia,Vibranium (kg),2424.55,6.06,False
2012-07-11T09:00:00,Sokovia,Arc Reactor Cores,707.59,7.27,False
2012-07-11T09:00:00,Sokovia,Pym Particles,715.39,6.67,False
2012-07-11T09:00:00,Sokovia,Clean Water (L),2404.4,7.27,False
2012-07-11T09:00:00,Sokovia,Medical Kits,732.11,5.45,False
2012-07-11T09:00:00,Sanctum Sanctorum,Vibranium (kg),2421.01,6.06,False
2012-07-11T09:00:00,Sanctum Sanctorum,Arc Reactor Cores,701.09,7.27,False
2012-07-11T09:00:00,Sanctum Sanctorum,Pym Particles,711.96,6.67,False
2012-07-11T09:00:00,Sanctum Sanctorum,Clean Water (L),2397.93,7.27,False
2012-07-11T09:00:00,Sanctum Sanctorum,Medical Kits,729.65,5.45,False
2012-07-11T09:00:00,Avengers Compound,Vibranium (kg),2420.97,6.06,False
2012-07-11T09:00:00,Avengers Compound,Arc Reactor Cores,699.41,7.27,False
2012-07-11T09:00:00,Avengers Compound,Pym Particles,711.29,6.67,False
2012-07-11T09:00:00,Avengers Compound,Clean Water (L),2408.15,7.27,False
2012-07-11T09:00:00,Avengers Compound,Medical Kits,732.41,5.45,False
2012-07-11T10:00:00,New Asgard,Vibranium (kg),2421.29,6.3,False
2012-07-11T10:00:00,New Asgard,Arc Reactor Cores,700.16,7.56,False
2012-07-11T10:00:00,New Asgard,Pym Particles,704.02,6.93,False
2012-07-11T10:00:00,New Asgard,Clean Water (L),2403.49,7.56,False
2012-07-11T10:00:00,New Asgard,Medical Kits,727.89,5.67,False
2012-07-11T10:00:00,Wakanda,Vibranium (kg),2420.78,6.3,False
2012-07-11T10:00:00,Wakanda,Arc Reactor Cores,704.55,7.56,False
2012-07-11T10:00:00,Wakanda,Pym Particles,712.91,6.93,False
2012-07-11T10:00:00,Wakanda,Clean Water (L),2403.3,7.56,False
2012-07-11T10:00:00,Wakanda,Medical Kits,728.69,5.67,False
2012-07-11T10:00:00,Sokovia,Vibranium (kg),2422.85,6.3,False
2012-07-11T10:00:00,Sokovia,Arc Reactor Cores,704.34,7.56,False
2012-07-11T10:00:00,Sokovia,Pym Particles,713.23,6.93,False
2012-07-11T10:00:00,Sokovia,Clean Water (L),2402.01,7.56,False
2012-07-11T10:00:00,Sokovia,Medical Kits,730.69,5.67,False
2012-07-11T10:00:00,Sanctum Sanctorum,Vibranium (kg),2419.22,6.3,False
2012-07-11T10:00:00,Sanctum Sanctorum,Arc Reactor Cores,700.23,7.56,False
2012-07-11T10:00:00,Sanctum Sanctorum,Pym Particles,709.78,6.93,False
2012-07-11T10:00:00,Sanctum Sanctorum,Clean Water (L),2397.43,7.56,False
2012-07-11T10:00:00,Sanctum Sanctorum,Medical Kits,730.34,5.67,False
2012-07-11T10:00:00,Avengers Compound,Vibranium (kg),2421.04,6.3,False
2012-07-11T10:00:00,Avengers Compound,Arc Reactor Cores,698.69,7.56,False
2012-07-11T10:00:00,Avengers Compound,Pym Particles,709.17,6.93,False
2012-07-11T10:00:00,Avengers Compound,Clean Water (L),2406.18,7.56,False
2012-07-11T10:00:00,Avengers Compound,Medical Kits,730.73,5.67,False
2012-07-11T11:00:00,New Asgard,Vibranium (kg),2419.34,6.45,False
2012-07-11T11:00:00,New Asgard,Arc Reactor Cores,698.41,7.74,False
2012-07-11T11:00:00,New Asgard,Pym Particles,702.96,7.09,False
2012-07-11T11:00:00,New Asgard,Clean Water (L),2402.51,7.74,False
2012-07-11T11:00:00,New Asgard,Medical Kits,725.19,5.8,False
2012-07-11T11:00:00,Wakanda,Vibranium (kg),2419.23,6.45,False
2012-07-11T11:00:00,Wakanda,Arc Reactor Cores,703.03,7.74,False
2012-07-11T11:00:00,Wakanda,Pym Particles,712.83,7.09,False
2012-07-11T11:00:00,Wakanda,Clean Water (L),2400.98,7.74,False
2012-07-11T11:00:00,Wakanda,Medical Kits,727.1,5.8,False
2012-07-11T11:00:00,Sokovia,Vibranium (kg),2420.99,6.45,False
2012-07-11T11:00:00,Sokovia,Arc Reactor Cores,702.59,7.74,False
2012-07-11T11:00:00,Sokovia,Pym Particles,710.59,7.09,False
2012-07-11T11:00:00,Sokovia,Clean Water (L),2399.41,7.74,False
2012-07-11T11:00:00,Sokovia,Medical Kits,727.91,5.8,False
2012-07-11T11:00:00,Sanctum Sanctorum,Vibranium (kg),2417.28,6.45,False
2012-07-11T11:00:00,Sanctum Sanctorum,Arc Reactor Cores,697.82,7.74,False
2012-07-11T11:00:00,Sanctum Sanctorum,Pym Particles,709.3,7.09,False
2012-07-11T11:00:00,Sanctum Sanctorum,Clean Water (L),2397.06,7.74,False
2012-07-11T11:00:00,Sanctum Sanctorum,Medical Kits,729.87,5.8,False
2012-07-11T11:00:00,Avengers Compound,Vibranium (kg),2419.46,6.45,False
2012-07-11T11:00:00,Avengers Compound,Arc Reactor Cores,697.39,7.74,False
2012-07-11T11:00:00,Avengers Compound,Pym Particles,707.43,7.09,False
2012-07-11T11:00:00,Avengers Compound,Clean Water (L),2404.62,7.74,False
2012-07-11T11:00:00,Avengers Compound,Medical Kits,729.08,5.8,False
2012-07-11T12:00:00,New Asgard,Vibranium (kg),2417.54,6.5,False
2012-07-11T12:00:00,New Asgard,Arc Reactor Cores,696.42,7.8,False
2012-07-11T12:00:00,New Asgard,Pym Particles,701.74,7.15,False
2012-07-11T12:00:00,New Asgard,Clean Water (L),2400.86,7.8,False
2012-07-11T12:00:00,New Asgard,Medical Kits,724.52,5.85,False
2012-07-11T12:00:00,Wakanda,Vibranium (kg),2416.35,6.5,False
2012-07-11T12:00:00,Wakanda,Arc Reactor Cores,702.56,7.8,False
2012-07-11T12:00:00,Wakanda,Pym Particles,710.95,7.15,False
2012-07-11T12:00:00,Wakanda,Clean Water (L),2399.15,7.8,False
2012-07-11T12:00:00,Wakanda,Medical Kits,725.3,5.85,False
2012-07-11T12:00:00,Sokovia,Vibranium (kg),2418.08,6.5,False
2012-07-11T12:00:00,Sokovia,Arc Reactor Cores,701.67,7.8,False
2012-07-11T12:00:00,Sokovia,Pym Particles,710.12,7.15,False
2012-07-11T12:00:00,Sokovia,Clean Water (L),2397.19,7.8,False
2012-07-11T12:00:00,Sokovia,Medical Kits,727.38,5.85,False
2012-07-11T12:00:00,Sanctum Sanctorum,Vibranium (kg),2415.73,6.5,False
2012-07-11T12:00:00,Sanctum Sanctorum,Arc Reactor Cores,696.16,7.8,False
2012-07-11T12:00:00,Sanctum Sanctorum,Pym Particles,708.07,7.15,False
2012-07-11T12:00:00,Sanctum Sanctorum,Clean Water (L),2396.25,7.8,False
2012-07-11T12:00:00,Sanctum Sanctorum,Medical Kits,728.43,5.85,False
2012-07-11T12:00:00,Avengers Compound,Vibranium (kg),2417.81,6.5,False
2012-07-11T12:00:00,Avengers Compound,Arc Reactor Cores,695.61,7.8,False
2012-07-11T12:00:00,Avengers Compound,Pym Particles,704.27,7.15,False
2012-07-11T12:00:00,Avengers Compound,Clean Water (L),2403.29,7.8,False
2012-07-11T12:00:00,Avengers Compound,Medical Kits,728.15,5.85,False
2012-07-11T13:00:00,New Asgard,Vibranium (kg),2416.98,6.45,False
2012-07-11T13:00:00,New Asgard,Arc Reactor Cores,694.06,7.74,False
2012-07-11T13:00:00,New Asgard,Pym Particles,701.0,7.09,False
2012-07-11T13:00:00,New Asgard,Clean Water (L),2400.08,7.74,False
2012-07-11T13:00:00,New Asgard,Medical Kits,722.64,5.8,False
2012-07-11T13:00:00,Wakanda,Vibranium (kg),2416.1,6.45,False
2012-07-11T13:00:00,Wakanda,Arc Reactor Cores,700.33,7.74,False
2012-07-11T13:00:00,Wakanda,Pym Particles,708.94,7.09,False
2012-07-11T13:00:00,Wakanda,Clean Water (L),2398.47,7.74,False
2012-07-11T13:00:00,Wakanda,Medical Kits,724.67,5.8,False
2012-07-11T13:00:00,Sokovia,Vibranium (kg),2417.26,6.45,False
2012-07-11T13:00:00,Sokovia,Arc Reactor Cores,699.06,7.74,False
2012-07-11T13:00:00,Sokovia,Pym Particles,708.82,7.09,False
2012-07-11T13:00:00,Sokovia,Clean Water (L),2395.66,7.74,False
2012-07-11T13:00:00,Sokovia,Medical Kits,724.84,5.8,False
2012-07-11T13:00:00,Sanctum Sanctorum,Vibranium (kg),2414.72,6.45,False
2012-07-11T13:00:00,Sanctum Sanctorum,Arc Reactor Cores,695.22,7.74,False
2012-07-11T13:00:00,Sanctum Sanctorum,Pym Particles,707.4,7.09,False
2012-07-11T13:00:00,Sanctum Sanctorum,Clean Water (L),2394.95,7.74,False
2012-07-11T13:00:00,Sanctum Sanctorum,Medical Kits,727.21,5.8,False
2012-07-11T13:00:00,Avengers Compound,Vibranium (kg),2416.85,6.45,False
2012-07-11T13:00:00,Avengers Compound,Arc Reactor Cores,693.42,7.74,False
2012-07-11T13:00:00,Avengers Compound,Pym Particles,703.59,7.09,False
2012-07-11T13:00:00,Avengers Compound,Clean Water (L),2399.8,7.74,False
2012-07-11T13:00:00,Avengers Compound,Medical Kits,726.43,5.8,False
2012-07-11T14:00:00,New Asgard,Vibranium (kg),2416.39,6.3,False
2012-07-11T14:00:00,New Asgard,Arc Reactor Cores,692.64,7.56,False
2012-07-11T14:00:00,New Asgard,Pym Particles,700.11,6.93,False
2012-07-11T14:00:00,New Asgard,Clean Water (L),2398.35,7.56,False
2012-07-11T14:00:00,New Asgard,Medical Kits,720.43,5.67,False
2012-07-11T14:00:00,Wakanda,Vibranium (kg),2414.79,6.3,False
2012-07-11T14:00:00,Wakanda,Arc Reactor Cores,697.75,7.56,False
2012-07-11T14:00:00,Wakanda,Pym Particles,709.18,6.93,False
2012-07-11T14:00:00,Wakanda,Clean Water (L),2396.93,7.56,False
2012-07-11T14:00:00,Wakanda,Medical Kits,723.18,5.67,False
2012-07-11T14:00:00,Sokovia,Vibranium (kg),2415.15,6.3,False
2012-07-11T14:00:00,Sokovia,Arc Reactor Cores,697.48,7.56,False
2012-07-11T14:00:00,Sokovia,Pym Particles,707.03,6.93,False
2012-07-11T14:00:00,Sokovia,Clean Water (L),2395.2,7.56,False
2012-07-11T14:00:00,Sokovia,Medical Kits,722.63,5.67,False
2012-07-11T14:00:00,Sanctum Sanctorum,Vibranium (kg),2414.23,6.3,False
2012-07-11T14:00:00,Sanctum Sanctorum,Arc Reactor Cores,693.51,7.56,False
2012-07-11T14:00:00,Sanctum Sanctorum,Pym Particles,706.07,6.93,False
2012-07-11T14:00:00,Sanctum Sanctorum,Clean Water (L),2392.95,7.56,False
2012-07-11T14:00:00,Sanctum Sanctorum,Medical Kits,725.06,5.67,False
2012-07-11T14:00:00,Avengers Compound,Vibranium (kg),2416.3,6.3,False
2012-07-11T14:00:00,Avengers Compound,Arc Reactor Cores,691.99,7.56,False
2012-07-11T14:00:00,Avengers Compound,Pym Particles,702.19,6.93,False
2012-07-11T14:00:00,Avengers Compound,Clean Water (L),2398.08,7.56,False
2012-07-11T14:00:00,Avengers Compound,Medical Kits,725.54,5.67,False
2012-07-11T15:00:00,New Asgard,Vibranium (kg),2416.99,6.06,False
2012-07-11T15:00:00,New Asgard,Arc Reactor Cores,692.07,7.27,False
2012-07-11T15:00:00,New Asgard,Pym Particles,700.18,6.67,False
2012-07-11T15:00:00,New Asgard,Clean Water (L),2397.21,7.27,False
2012-07-11T15:00:00,New Asgard,Medical Kits,719.42,5.45,False
2012-07-11T15:00:00,Wakanda,Vibranium (kg),2413.34,6.06,False
2012-07-11T15:00:00,Wakanda,Arc Reactor Cores,696.53,7.27,False
2012-07-11T15:00:00,Wakanda,Pym Particles,706.45,6.67,False
2012-07-11T15:00:00,Wakanda,Clean Water (L),2395.31,7.27,False
2012-07-11T15:00:00,Wakanda,Medical Kits,723.06,5.45,False
2012-07-11T15:00:00,Sokovia,Vibranium (kg),2413.89,6.06,False
2012-07-11T15:00:00,Sokovia,Arc Reactor Cores,697.62,7.27,False
2012-07-11T15:00:00,Sokovia,Pym Particles,705.41,6.67,False
2012-07-11T15:00:00,Sokovia,Clean Water (L),2395.37,7.27,False
2012-07-11T15:00:00,Sokovia,Medical Kits,722.94,5.45,False
2012-07-11T15:00:00,Sanctum Sanctorum,Vibranium (kg),2413.68,6.06,False
2012-07-11T15:00:00,Sanctum Sanctorum,Arc Reactor Cores,692.5,7.27,False
2012-07-11T15:00:00,Sanctum Sanctorum,Pym Particles,706.04,6.67,False
2012-07-11T15:00:00,Sanctum Sanctorum,Clean Water (L),2391.88,7.27,False
2012-07-11T15:00:00,Sanctum Sanctorum,Medical Kits,723.71,5.45,False
2012-07-11T15:00:00,Avengers Compound,Vibranium (kg),2416.45,6.06,False
2012-07-11T15:00:00,Avengers Compound,Arc Reactor Cores,692.06,7.27,False
2012-07-11T15:00:00,Avengers Compound,Pym Particles,700.63,6.67,False
2012-07-11T15:00:00,Avengers Compound,Clean Water (L),2397.8,7.27,False
2012-07-11T15:00:00,Avengers Compound,Medical Kits,725.91,5.45,False
2012-07-11T16:00:00,New Asgard,Vibranium (kg),2415.77,5.75,False
2012-07-11T16:00:00,New Asgard,Arc Reactor Cores,690.28,6.9,False
2012-07-11T16:00:00,New Asgard,Pym Particles,700.62,6.32,False
2012-07-11T16:00:00,New Asgard,Clean Water (L),2397.84,6.9,False
2012-07-11T16:00:00,New Asgard,Medical Kits,719.6,5.17,False
2012-07-11T16:00:00,Wakanda,Vibranium (kg),2413.42,5.75,False
2012-07-11T16:00:00,Wakanda,Arc Reactor Cores,696.74,6.9,False
2012-07-11T16:00:00,Wakanda,Pym Particles,705.82,6.32,False
2012-07-11T16:00:00,Wakanda,Clean Water (L),2393.99,6.9,False
2012-07-11T16:00:00,Wakanda,Medical Kits,723.67,5.17,False
2012-07-11T16:00:00,Sokovia,Vibranium (kg),2414.09,5.75,False
2012-07-11T16:00:00,Sokovia,Arc Reactor Cores,697.51,6.9,False
2012-07-11T16:00:00,Sokovia,Pym Particles,704.07,6.32,False
2012-07-11T16:00:00,Sokovia,Clean Water (L),2395.24,6.9,False
2012-07-11T16:00:00,Sokovia,Medical Kits,722.18,5.17,False
2012-07-11T16:00:00,Sanctum Sanctorum,Vibranium (kg),2412.92,5.75,False
2012-07-11T16:00:00,Sanctum Sanctorum,Arc Reactor Cores,692.32,6.9,False
2012-07-11T16:00:00,Sanctum Sanctorum,Pym Particles,704.46,6.32,False
2012-07-11T16:00:00,Sanctum Sanctorum,Clean Water (L),2393.28,6.9,False
2012-07-11T16:00:00,Sanctum Sanctorum,Medical Kits,722.66,5.17,False
2012-07-11T16:00:00,Avengers Compound,Vibranium (kg),2416.13,5.75,False
2012-07-11T16:00:00,Avengers Compound,Arc Reactor Cores,691.12,6.9,False
2012-07-11T16:00:00,Avengers Compound,Pym Particles,701.37,6.32,False
2012-07-11T16:00:00,Avengers Compound,Clean Water (L),2396.0,6.9,False
2012-07-11T16:00:00,Avengers Compound,Medical Kits,725.11,5.17,False
2012-07-11T17:00:00,New Asgard,Vibranium (kg),2414.11,5.39,False
2012-07-11T17:00:00,New Asgard,Arc Reactor Cores,690.63,6.47,False
2012-07-11T17:00:00,New Asgard,Pym Particles,700.03,5.93,False
2012-07-11T17:00:00,New Asgard,Clean Water (L),2397.0,6.47,False
2012-07-11T17:00:00,New Asgard,Medical Kits,719.87,4.85,False
2012-07-11T17:00:00,Wakanda,Vibranium (kg),2412.31,5.39,False
2012-07-11T17:00:00,Wakanda,Arc Reactor Cores,695.88,6.47,False
2012-07-11T17:00:00,Wakanda,Pym Particles,705.46,5.93,False
2012-07-11T17:00:00,Wakanda,Clean Water (L),2394.17,6.47,False
2012-07-11T17:00:00,Wakanda,Medical Kits,724.07,4.85,False
2012-07-11T17:00:00,Sokovia,Vibranium (kg),2415.05,5.39,False
2012-07-11T17:00:00,Sokovia,Arc Reactor Cores,697.46,6.47,False
2012-07-11T17:00:00,Sokovia,Pym Particles,703.65,5.93,False
2012-07-11T17:00:00,Sokovia,Clean Water (L),2394.6,6.47,False
2012-07-11T17:00:00,Sokovia,Medical Kits,721.34,4.85,False
2012-07-11T17:00:00,Sanctum Sanctorum,Vibranium (kg),2411.46,5.39,False
2012-07-11T17:00:00,Sanctum Sanctorum,Arc Reactor Cores,691.23,6.47,False
2012-07-11T17:00:00,Sanctum Sanctorum,Pym Particles,704.04,5.93,False
2012-07-11T17:00:00,Sanctum Sanctorum,Clean Water (L),2393.48,6.47,False
2012-07-11T17:00:00,Sanctum Sanctorum,Medical Kits,723.0,4.85,False
2012-07-11T17:00:00,Avengers Compound,Vibranium (kg),2414.59,5.39,False
2012-07-11T17:00:00,Avengers Compound,Arc Reactor Cores,690.11,6.47,False
2012-07-11T17:00:00,Avengers Compound,Pym Particles,700.72,5.93,False
2012-07-11T17:00:00,Avengers Compound,Clean Water (L),2396.56,6.47,False
2012-07-11T17:00:00,Avengers Compound,Medical Kits,725.09,4.85,False
2012-07-11T18:00:00,New Asgard,Vibranium (kg),2415.03,5.0,False
2012-07-11T18:00:00,New Asgard,Arc Reactor Cores,691.21,6.0,False
2012-07-11T18:00:00,New Asgard,Pym Particles,700.99,5.5,False
2012-07-11T18:00:00,New Asgard,Clean Water (L),2397.5,6.0,False
2012-07-11T18:00:00,New Asgard,Medical Kits,720.17,4.5,False
2012-07-11T18:00:00,Wakanda,Vibranium (kg),2411.93,5.0,False
2012-07-11T18:00:00,Wakanda,Arc Reactor Cores,696.54,6.0,False
2012-07-11T18:00:00,Wakanda,Pym Particles,706.09,5.5,False
2012-07-11T18:00:00,Wakanda,Clean Water (L),2395.1,6.0,False
2012-07-11T18:00:00,Wakanda,Medical Kits,724.77,4.5,False
2012-07-11T18:00:00,Sokovia,Vibranium (kg),2416.38,5.0,False
2012-07-11T18:00:00,Sokovia,Arc Reactor Cores,697.08,6.0,False
2012-07-11T18:00:00,Sokovia,Pym Particles,703.57,5.5,False
2012-07-11T18:00:00,Sokovia,Clean Water (L),2394.74,6.0,False
2012-07-11T18:00:00,Sokovia,Medical Kits,721.23,4.5,False
2012-07-11T18:00:00,Sanctum Sanctorum,Vibranium (kg),2412.62,5.0,False
2012-07-11T18:00:00,Sanctum Sanctorum,Arc Reactor Cores,691.28,6.0,False
2012-07-11T18:00:00,Sanctum Sanctorum,Pym Particles,704.23,5.5,False
2012-07-11T18:00:00,Sanctum Sanctorum,Clean Water (L),2392.94,6.0,False
2012-07-11T18:00:00,Sanctum Sanctorum,Medical Kits,723.07,4.5,False
2012-07-11T18:00:00,Avengers Compound,Vibranium (kg),2414.8,5.0,False
2012-07-11T18:00:00,Avengers Compound,Arc Reactor Cores,691.31,6.0,False
2012-07-11T18:00:00,Avengers Compound,Pym Particles,699.72,5.5,False
2012-07-11T18:00:00,Avengers Compound,Clean Water (L),2395.85,6.0,False
2012-07-11T18:00:00,Avengers Compound,Medical Kits,725.4,4.5,False
2012-07-11T19:00:00,New Asgard,Vibranium (kg),2415.13,4.61,False
2012-07-11T19:00:00,New Asgard,Arc Reactor Cores,691.73,5.53,False
2012-07-11T19:00:00,New Asgard,Pym Particles,701.16,5.07,False
2012-07-11T19:00:00,New Asgard,Clean Water (L),2399.13,5.53,False
2012-07-11T19:00:00,New Asgard,Medical Kits,720.4,4.15,False
2012-07-11T19:00:00,Wakanda,Vibranium (kg),2412.57,4.61,False
2012-07-11T19:00:00,Wakanda,Arc Reactor Cores,697.09,5.53,False
2012-07-11T19:00:00,Wakanda,Pym Particles,706.9,5.07,False
2012-07-11T19:00:00,Wakanda,Clean Water (L),2395.19,5.53,False
2012-07-11T19:00:00,Wakanda,Medical Kits,725.22,4.15,False
2012-07-11T19:00:00,Sokovia,Vibranium (kg),2416.82,4.61,False
2012-07-11T19:00:00,Sokovia,Arc Reactor Cores,698.91,5.53,False
2012-07-11T19:00:00,Sokovia,Pym Particles,704.44,5.07,False
2012-07-11T19:00:00,Sokovia,Clean Water (L),2395.57,5.53,False
2012-07-11T19:00:00,Sokovia,Medical Kits,722.55,4.15,False
2012-07-11T19:00:00,Sanctum Sanctorum,Vibranium (kg),2413.34,4.61,False
2012-07-11T19:00:00,Sanctum Sanctorum,Arc Reactor Cores,692.67,5.53,False
2012-07-11T19:00:00,Sanctum Sanctorum,Pym Particles,704.5,5.07,False
2012-07-11T19:00:00,Sanctum Sanctorum,Clean Water (L),2393.84,5.53,False
2012-07-11T19:00:00,Sanctum Sanctorum,Medical Kits,723.95,4.15,False
2012-07-11T19:00:00,Avengers Compound,Vibranium (kg),2415.91,4.61,False
2012-07-11T19:00:00,Avengers Compound,Arc Reactor Cores,692.34,5.53,False
2012-07-11T19:00:00,Avengers Compound,Pym Particles,700.67,5.07,False
2012-07-11T19:00:00,Avengers Compound,Clean Water (L),2397.18,5.53,False
2012-07-11T19:00:00,Avengers Compound,Medical Kits,727.06,4.15,False
2012-07-11T20:00:00,New Asgard,Vibranium (kg),2417.19,4.25,False
2012-07-11T20:00:00,New Asgard,Arc Reactor Cores,694.4,5.1,False
2012-07-11T20:00:00,New Asgard,Pym Particles,703.7,4.68,False
2012-07-11T20:00:00,New Asgard,Clean Water (L),2400.41,5.1,False
2012-07-11T20:00:00,New Asgard,Medical Kits,721.1,3.83,False
2012-07-11T20:00:00,Wakanda,Vibranium (kg),2415.03,4.25,False
2012-07-11T20:00:00,Wakanda,Arc Reactor Cores,696.58,5.1,False
2012-07-11T20:00:00,Wakanda,Pym Particles,707.62,4.68,False
2012-07-11T20:00:00,Wakanda,Clean Water (L),2395.63,5.1,False
2012-07-11T20:00:00,Wakanda,Medical Kits,727.01,3.83,False
2012-07-11T20:00:00,Sokovia,Vibranium (kg),2418.75,4.25,False
2012-07-11T20:00:00,Sokovia,Arc Reactor Cores,699.37,5.1,False
2012-07-11T20:00:00,Sokovia,Pym Particles,706.28,4.68,False
2012-07-11T20:00:00,Sokovia,Clean Water (L),2395.72,5.1,False
2012-07-11T20:00:00,Sokovia,Medical Kits,722.74,3.83,False
2012-07-11T20:00:00,Sanctum Sanctorum,Vibranium (kg),2414.14,4.25,False
2012-07-11T20:00:00,Sanctum Sanctorum,Arc Reactor Cores,692.93,5.1,False
2012-07-11T20:00:00,Sanctum Sanctorum,Pym Particles,706.66,4.68,False
2012-07-11T20:00:00,Sanctum Sanctorum,Clean Water (L),2395.77,5.1,False
2012-07-11T20:00:00,Sanctum Sanctorum,Medical Kits,723.34,3.83,False
2012-07-11T20:00:00,Avengers Compound,Vibranium (kg),2416.3,4.25,False
2012-07-11T20:00:00,Avengers Compound,Arc Reactor Cores,693.18,5.1,False
2012-07-11T20:00:00,Avengers Compound,Pym Particles,702.12,4.68,False
2012-07-11T20:00:00,Avengers Compound,Clean Water (L),2398.81,5.1,False
2012-07-11T20:00:00,Avengers Compound,Medical Kits,727.29,3.83,False
2012-07-11T21:00:00,New Asgard,Vibranium (kg),2417.61,3.94,False
2012-07-11T21:00:00,New Asgard,Arc Reactor Cores,695.95,4.73,False
2012-07-11T21:00:00,New Asgard,Pym Particles,704.54,4.33,False
2012-07-11T21:00:00,New Asgard,Clean Water (L),2402.01,4.73,False
2012-07-11T21:00:00,New Asgard,Medical Kits,723.25,3.55,False
2012-07-11T21:00:00,Wakanda,Vibranium (kg),2416.65,3.94,False
2012-07-11T21:00:00,Wakanda,Arc Reactor Cores,697.94,4.73,False
2012-07-11T21:00:00,Wakanda,Pym Particles,708.93,4.33,False
2012-07-11T21:00:00,Wakanda,Clean Water (L),2396.86,4.73,False
2012-07-11T21:00:00,Wakanda,Medical Kits,729.43,3.55,False
2012-07-11T21:00:00,Sokovia,Vibranium (kg),2418.75,3.94,False
2012-07-11T21:00:00,Sokovia,Arc Reactor Cores,699.77,4.73,False
2012-07-11T21:00:00,Sokovia,Pym Particles,707.32,4.33,False
2012-07-11T21:00:00,Sokovia,Clean Water (L),2396.61,4.73,False
2012-07-11T21:00:00,Sokovia,Medical Kits,723.8,3.55,False
2012-07-11T21:00:00,Sanctum Sanctorum,Vibranium (kg),2416.51,3.94,False
2012-07-11T21:00:00,Sanctum Sanctorum,Arc Reactor Cores,695.1,4.73,False
2012-07-11T21:00:00,Sanctum Sanctorum,Pym Particles,709.18,4.33,False
2012-07-11T21:00:00,Sanctum Sanctorum,Clean Water (L),2396.76,4.73,False
2012-07-11T21:00:00,Sanctum Sanctorum,Medical Kits,725.47,3.55,False
2012-07-11T21:00:00,Avengers Compound,Vibranium (kg),2418.55,3.94,False
2012-07-11T21:00:00,Avengers Compound,Arc Reactor Cores,695.06,4.73,False
2012-07-11T21:00:00,Avengers Compound,Pym Particles,704.02,4.33,False
2012-07-11T21:00:00,Avengers Compound,Clean Water (L),2401.5,4.73,False
2012-07-11T21:00:00,Avengers Compound,Medical Kits,727.2,3.55,False
2012-07-11T22:00:00,New Asgard,Vibranium (kg),2419.97,3.7,False
2012-07-11T22:00:00,New Asgard,Arc Reactor Cores,698.79,4.44,False
2012-07-11T22:00:00,New Asgard,Pym Particles,706.29,4.07,False
2012-07-11T22:00:00,New Asgard,Clean Water (L),2402.76,4.44,False
2012-07-11T22:00:00,New Asgard,Medical Kits,725.47,3.33,False
2012-07-11T22:00:00,Wakanda,Vibranium (kg),2416.4,3.7,False
2012-07-11T22:00:00,Wakanda,Arc Reactor Cores,699.85,4.44,False
2012-07-11T22:00:00,Wakanda,Pym Particles,710.11,4.07,False
2012-07-11T22:00:00,Wakanda,Clean Water (L),2400.0,4.44,False
2012-07-11T22:00:00,Wakanda,Medical Kits,730.32,3.33,False
2012-07-11T22:00:00,Sokovia,Vibranium (kg),2419.42,3.7,False
2012-07-11T22:00:00,Sokovia,Arc Reactor Cores,702.28,4.44,False
2012-07-11T22:00:00,Sokovia,Pym Particles,707.53,4.07,False
2012-07-11T22:00:00,Sokovia,Clean Water (L),2398.37,4.44,False
2012-07-11T22:00:00,Sokovia,Medical Kits,723.81,3.33,False
2012-07-11T22:00:00,Sanctum Sanctorum,Vibranium (kg),2418.27,3.7,False
2012-07-11T22:00:00,Sanctum Sanctorum,Arc Reactor Cores,697.81,4.44,False
2012-07-11T22:00:00,Sanctum Sanctorum,Pym Particles,710.83,4.07,False
2012-07-11T22:00:00,Sanctum Sanctorum,Clean Water (L),2398.37,4.44,False
2012-07-11T22:00:00,Sanctum Sanctorum,Medical Kits,727.05,3.33,False
2012-07-11T22:00:00,Avengers Compound,Vibranium (kg),2419.52,3.7,False
2012-07-11T22:00:00,Avengers Compound,Arc Reactor Cores,695.65,4.44,False
2012-07-11T22:00:00,Avengers Compound,Pym Particles,705.12,4.07,False
2012-07-11T22:00:00,Avengers Compound,Clean Water (L),2402.41,4.44,False
2012-07-11T22:00:00,Avengers Compound,Medical Kits,729.23,3.33,False
2012-07-11T23:00:00,New Asgard,Vibranium (kg),2421.14,3.55,False
2012-07-11T23:00:00,New Asgard,Arc Reactor Cores,701.05,4.26,False
2012-07-11T23:00:00,New Asgard,Pym Particles,708.1,3.91,False
2012-07-11T23:00:00,New Asgard,Clean Water (L),2405.5,4.26,False
2012-07-11T23:00:00,New Asgard,Medical Kits,728.34,3.2,False
2012-07-11T23:00:00,Wakanda,Vibranium (kg),2417.85,3.55,False
2012-07-11T23:00:00,Wakanda,Arc Reactor Cores,701.8,4.26,False
2012-07-11T23:00:00,Wakanda,Pym Particles,710.41,3.91,False
2012-07-11T23:00:00,Wakanda,Clean Water (L),2402.05,4.26,False
2012-07-11T23:00:00,Wakanda,Medical Kits,731.54,3.2,False
2012-07-11T23:00:00,Sokovia,Vibranium (kg),2421.2,3.55,False
2012-07-11T23:00:00,Sokovia,Arc Reactor Cores,702.83,4.26,False
2012-07-11T23:00:00,Sokovia,Pym Particles,708.62,3.91,False
2012-07-11T23:00:00,Sokovia,Clean Water (L),2400.44,4.26,False
2012-07-11T23:00:00,Sokovia,Medical Kits,725.68,3.2,False
2012-07-11T23:00:00,Sanctum Sanctorum,Vibranium (kg),2419.64,3.55,False
2012-07-11T23:00:00,Sanctum Sanctorum,Arc Reactor Cores,698.53,4.26,False
2012-07-11T23:00:00,Sanctum Sanctorum,Pym Particles,711.53,3.91,False
2012-07-11T23:00:00,Sanctum Sanctorum,Clean Water (L),2400.04,4.26,False
2012-07-11T23:00:00,Sanctum Sanctorum,Medical Kits,728.26,3.2,False
2012-07-11T23:00:00,Avengers Compound,Vibranium (kg),2420.82,3.55,False
2012-07-11T23:00:00,Avengers Compound,Arc Reactor Cores,697.25,4.26,False
2012-07-11T23:00:00,Avengers Compound,Pym Particles,707.68,3.91,False
2012-07-11T23:00:00,Avengers Compound,Clean Water (L),2402.87,4.26,False
2012-07-11T23:00:00,Avengers Compound,Medical Kits,731.4,3.2,False
2012-07-12T00:00:00,New Asgard,Vibranium (kg),2423.33,3.5,False
2012-07-12T00:00:00,New Asgard,Arc Reactor Cores,703.88,4.2,False
2012-07-12T00:00:00,New Asgard,Pym Particles,710.86,3.85,False
2012-07-12T00:00:00,New Asgard,Clean Water (L),2408.57,4.2,False
2012-07-12T00:00:00,New Asgard,Medical Kits,728.58,3.15,False
2012-07-12T00:00:00,Wakanda,Vibranium (kg),2418.62,3.5,False
2012-07-12T00:00:00,Wakanda,Arc Reactor Cores,702.76,4.2,False
2012-07-12T00:00:00,Wakanda,Pym Particles,712.87,3.85,False
2012-07-12T00:00:00,Wakanda,Clean Water (L),2402.52,4.2,False
2012-07-12T00:00:00,Wakanda,Medical Kits,733.12,3.15,False
2012-07-12T00:00:00,Sokovia,Vibranium (kg),2422.66,3.5,False
2012-07-12T00:00:00,Sokovia,Arc Reactor Cores,705.15,4.2,False
2012-07-12T00:00:00,Sokovia,Pym Particles,710.57,3.85,False
2012-07-12T00:00:00,Sokovia,Clean Water (L),2402.07,4.2,False
2012-07-12T00:00:00,Sokovia,Medical Kits,727.04,3.15,False
2012-07-12T00:00:00,Sanctum Sanctorum,Vibranium (kg),2421.71,3.5,False
2012-07-12T00:00:00,Sanctum Sanctorum,Arc Reactor Cores,701.3,4.2,False
2012-07-12T00:00:00,Sanctum Sanctorum,Pym Particles,712.76,3.85,False
2012-07-12T00:00:00,Sanctum Sanctorum,Clean Water (L),2401.59,4.2,False
2012-07-12T00:00:00,Sanctum Sanctorum,Medical Kits,729.22,3.15,False
2012-07-12T00:00:00,Avengers Compound,Vibranium (kg),2423.29,3.5,False
2012-07-12T00:00:00,Avengers Compound,Arc Reactor Cores,698.96,4.2,False
2012-07-12T00:00:00,Avengers Compound,Pym Particles,708.56,3.85,False
2012-07-12T00:00:00,Avengers Compound,Clean Water (L),2404.66,4.2,False
2012-07-12T00:00:00,Avengers Compound,Medical Kits,733.03,3.15,False
2012-07-12T01:00:00,New Asgard,Vibranium (kg),2424.28,3.55,False
2012-07-12T01:00:00,New Asgard,Arc Reactor Cores,705.07,4.26,False
2012-07-12T01:00:00,New Asgard,Pym Particles,712.31,3.91,False
2012-07-12T01:00:00,New Asgard,Clean Water (L),2410.48,4.26,False
2012-07-12T01:00:00,New Asgard,Medical Kits,730.35,3.2,False
2012-07-12T01:00:00,Wakanda,Vibranium (kg),2419.8,3.55,False
2012-07-12T01:00:00,Wakanda,Arc Reactor Cores,703.66,4.26,False
2012-07-12T01:00:00,Wakanda,Pym Particles,714.32,3.91,False
2012-07-12T01:00:00,Wakanda,Clean Water (L),2404.32,4.26,False
2012-07-12T01:00:00,Wakanda,Medical Kits,733.84,3.2,False
2012-07-12T01:00:00,Sokovia,Vibranium (kg),2424.86,3.55,False
2012-07-12T01:00:00,Sokovia,Arc Reactor Cores,707.92,4.26,False
2012-07-12T01:00:00,Sokovia,Pym Particles,711.32,3.91,False
2012-07-12T01:00:00,Sokovia,Clean Water (L),2402.75,4.26,False
2012-07-12T01:00:00,Sokovia,Medical Kits,728.98,3.2,False
2012-07-12T01:00:00,Sanctum Sanctorum,Vibranium (kg),2422.92,3.55,False
2012-07-12T01:00:00,Sanctum Sanctorum,Arc Reactor Cores,702.69,4.26,False
2012-07-12T01:00:00,Sanctum Sanctorum,Pym Particles,714.78,3.91,False
2012-07-12T01:00:00,Sanctum Sanctorum,Clean Water (L),2403.0,4.26,False
2012-07-12T01:00:00,Sanctum Sanctorum,Medical Kits,731.75,3.2,False
2012-07-12T01:00:00,Avengers Compound,Vibranium (kg),2424.7,3.55,False
2012-07-12T01:00:00,Avengers Compound,Arc Reactor Cores,701.64,4.26,False
2012-07-12T01:00:00,Avengers Compound,Pym Particles,711.09,3.91,False
2012-07-12T01:00:00,Avengers Compound,Clean Water (L),2406.45,4.26,False
2012-07-12T01:00:00,Avengers Compound,Medical Kits,735.64,3.2,False
2012-07-12T02:00:00,New Asgard,Vibranium (kg),2424.89,3.7,False
2012-07-12T02:00:00,New Asgard,Arc Reactor Cores,706.76,4.44,False
2012-07-12T02:00:00,New Asgard,Pym Particles,714.27,4.07,False
2012-07-12T02:00:00,New Asgard,Clean Water (L),2411.31,4.44,False
2012-07-12T02:00:00,New Asgard,Medical Kits,731.08,3.33,False
2012-07-12T02:00:00,Wakanda,Vibranium (kg),2419.33,3.7,False
2012-07-12T02:00:00,Wakanda,Arc Reactor Cores,705.5,4.44,False
2012-07-12T02:00:00,Wakanda,Pym Particles,714.55,4.07,False
2012-07-12T02:00:00,Wakanda,Clean Water (L),2406.28,4.44,False
2012-07-12T02:00:00,Wakanda,Medical Kits,735.36,3.33,False
2012-07-12T02:00:00,Sokovia,Vibranium (kg),2425.35,3.7,False
2012-07-12T02:00:00,Sokovia,Arc Reactor Cores,709.52,4.44,False
2012-07-12T02:00:00,Sokovia,Pym Particles,712.43,4.07,False
2012-07-12T02:00:00,Sokovia,Clean Water (L),2403.77,4.44,False
2012-07-12T02:00:00,Sokovia,Medical Kits,729.64,3.33,False
2012-07-12T02:00:00,Sanctum Sanctorum,Vibranium (kg),2423.29,3.7,False
2012-07-12T02:00:00,Sanctum Sanctorum,Arc Reactor Cores,702.8,4.44,False
2012-07-12T02:00:00,Sanctum Sanctorum,Pym Particles,717.56,4.07,False
2012-07-12T02:00:00,Sanctum Sanctorum,Clean Water (L),2403.71,4.44,False
2012-07-12T02:00:00,Sanctum Sanctorum,Medical Kits,733.03,3.33,False
2012-07-12T02:00:00,Avengers Compound,Vibranium (kg),2425.9,3.7,False
2012-07-12T02:00:00,Avengers Compound,Arc Reactor Cores,702.7,4.44,False
2012-07-12T02:00:00,Avengers Compound,Pym Particles,712.47,4.07,False
2012-07-12T02:00:00,Avengers Compound,Clean Water (L),2408.91,4.44,False
2012-07-12T02:00:00,Avengers Compound,Medical Kits,736.26,3.33,False
2012-07-12T03:00:00,New Asgard,Vibranium (kg),2425.95,3.94,False
2012-07-12T03:00:00,New Asgard,Arc Reactor Cores,706.87,4.73,False
2012-07-12T03:00:00,New Asgard,Pym Particles,713.68,4.33,False
2012-07-12T03:00:00,New Asgard,Clean Water (L),2411.67,4.73,False
2012-07-12T03:00:00,New Asgard,Medical Kits,731.17,3.55,False
2012-07-12T03:00:00,Wakanda,Vibranium (kg),2421.44,3.94,False
2012-07-12T03:00:00,Wakanda,Arc Reactor Cores,706.84,4.73,False
2012-07-12T03:00:00,Wakanda,Pym Particles,715.23,4.33,False
2012-07-12T03:00:00,Wakanda,Clean Water (L),2406.93,4.73,False
2012-07-12T03:00:00,Wakanda,Medical Kits,735.84,3.55,False
2012-07-12T03:00:00,Sokovia,Vibranium (kg),2427.32,3.94,False
2012-07-12T03:00:00,Sokovia,Arc Reactor Cores,710.48,4.73,False
2012-07-12T03:00:00,Sokovia,Pym Particles,713.93,4.33,False
2012-07-12T03:00:00,Sokovia,Clean Water (L),2406.31,4.73,False
2012-07-12T03:00:00,Sokovia,Medical Kits,730.97,3.55,False
2012-07-12T03:00:00,Sanctum Sanctorum,Vibranium (kg),2424.77,3.94,False
2012-07-12T03:00:00,Sanctum Sanctorum,Arc Reactor Cores,704.06,4.73,False
2012-07-12T03:00:00,Sanctum Sanctorum,Pym Particles,718.62,4.33,False
2012-07-12T03:00:00,Sanctum Sanctorum,Clean Water (L),2404.83,4.73,False
2012-07-12T03:00:00,Sanctum Sanctorum,Medical Kits,735.18,3.55,False
2012-07-12T03:00:00,Avengers Compound,Vibranium (kg),2425.95,3.94,False
2012-07-12T03:00:00,Avengers Compound,Arc Reactor Cores,703.41,4.73,False
2012-07-12T03:00:00,Avengers Compound,Pym Particles,712.72,4.33,False
2012-07-12T03:00:00,Avengers Compound,Clean Water (L),2408.55,4.73,False
2012-07-12T03:00:00,Avengers Compound,Medical Kits,737.59,3.55,False
2012-07-12T04:00:00,New Asgard,Vibranium (kg),2427.64,4.25,False
2012-07-12T04:00:00,New Asgard,Arc Reactor Cores,707.24,5.1,False
2012-07-12T04:00:00,New Asgard,Pym Particles,714.35,4.68,False
2012-07-12T04:00:00,New Asgard,Clean Water (L),2412.03,5.1,False
2012-07-12T04:00:00,New Asgard,Medical Kits,732.02,3.83,False
2012-07-12T04:00:00,Wakanda,Vibranium (kg),2422.64,4.25,False
2012-07-12T04:00:00,Wakanda,Arc Reactor Cores,707.52,5.1,False
2012-07-12T04:00:00,Wakanda,Pym Particles,715.21,4.68,False
2012-07-12T04:00:00,Wakanda,Clean Water (L),2407.48,5.1,False
2012-07-12T04:00:00,Wakanda,Medical Kits,735.86,3.83,False
2012-07-12T04:00:00,Sokovia,Vibranium (kg),2427.9,4.25,False
2012-07-12T04:00:00,Sokovia,Arc Reactor Cores,711.45,5.1,False
2012-07-12T04:00:00,Sokovia,Pym Particles,713.92,4.68,False
2012-07-12T04:00:00,Sokovia,Clean Water (L),2405.54,5.1,False
2012-07-12T04:00:00,Sokovia,Medical Kits,731.12,3.83,False
2012-07-12T04:00:00,Sanctum Sanctorum,Vibranium (kg),2424.68,4.25,False
2012-07-12T04:00:00,Sanctum Sanctorum,Arc Reactor Cores,706.35,5.1,False
2012-07-12T04:00:00,Sanctum Sanctorum,Pym Particles,720.1,4.68,False
2012-07-12T04:00:00,Sanctum Sanctorum,Clean Water (L),2405.57,5.1,False
2012-07-12T04:00:00,Sanctum Sanctorum,Medical Kits,735.85,3.83,False
2012-07-12T04:00:00,Avengers Compound,Vibranium (kg),2425.67,4.25,False
2012-07-12T04:00:00,Avengers Compound,Arc Reactor Cores,703.17,5.1,False
2012-07-12T04:00:00,Avengers Compound,Pym Particles,714.55,4.68,False
2012-07-12T04:00:00,Avengers Compound,Clean Water (L),2408.83,5.1,False
2012-07-12T04:00:00,Avengers Compound,Medical Kits,736.87,3.83,False
2012-07-12T05:00:00,New Asgard,Vibranium (kg),2427.18,4.61,False
2012-07-12T05:00:00,New Asgard,Arc Reactor Cores,707.91,5.53,False
2012-07-12T05:00:00,New Asgard,Pym Particles,714.46,5.07,False
2012-07-12T05:00:00,New Asgard,Clean Water (L),2412.47,5.53,False
2012-07-12T05:00:00,New Asgard,Medical Kits,731.56,4.15,False
2012-07-12T05:00:00,Wakanda,Vibranium (kg),2423.4,4.61,False
2012-07-12T05:00:00,Wakanda,Arc Reactor Cores,707.9,5.53,False
2012-07-12T05:00:00,Wakanda,Pym Particles,715.78,5.07,False
2012-07-12T05:00:00,Wakanda,Clean Water (L),2407.18,5.53,False
2012-07-12T05:00:00,Wakanda,Medical Kits,737.06,4.15,False
2012-07-12T05:00:00,Sokovia,Vibranium (kg),2427.72,4.61,False
2012-07-12T05:00:00,Sokovia,Arc Reactor Cores,711.02,5.53,False
2012-07-12T05:00:00,Sokovia,Pym Particles,713.47,5.07,False
2012-07-12T05:00:00,Sokovia,Clean Water (L),2405.32,5.53,False
2012-07-12T05:00:00,Sokovia,Medical Kits,730.95,4.15,False
2012-07-12T05:00:00,Sanctum Sanctorum,Vibranium (kg),2424.79,4.61,False
2012-07-12T05:00:00,Sanctum Sanctorum,Arc Reactor Cores,707.27,5.53,False
2012-07-12T05:00:00,Sanctum Sanctorum,Pym Particles,720.42,5.07,False
2012-07-12T05:00:00,Sanctum Sanctorum,Clean Water (L),2407.22,5.53,False
2012-07-12T05:00:00,Sanctum Sanctorum,Medical Kits,736.6,4.15,False
2012-07-12T05:00:00,Avengers Compound,Vibranium (kg),2426.27,4.61,False
2012-07-12T05:00:00,Avengers Compound,Arc Reactor Cores,703.21,5.53,False
2012-07-12T05:00:00,Avengers Compound,Pym Particles,715.26,5.07,False
2012-07-12T05:00:00,Avengers Compound,Clean Water (L),2409.06,5.53,False
2012-07-12T05:00:00,Avengers Compound,Medical Kits,736.02,4.15,False
2012-07-12T06:00:00,New Asgard,Vibranium (kg),2427.62,5.0,False
2012-07-12T06:00:00,New Asgard,Arc Reactor Cores,707.58,6.0,False
2012-07-12T06:00:00,New Asgard,Pym Particles,713.48,5.5,False
2012-07-12T06:00:00,New Asgard,Clean Water (L),2413.04,6.0,False
2012-07-12T06:00:00,New Asgard,Medical Kits,731.21,4.5,False
2012-07-12T06:00:00,Wakanda,Vibranium (kg),2422.54,5.0,False
2012-07-12T06:00:00,Wakanda,Arc Reactor Cores,707.92,6.0,False
2012-07-12T06:00:00,Wakanda,Pym Particles,715.47,5.5,False
2012-07-12T06:00:00,Wakanda,Clean Water (L),2406.15,6.0,False
2012-07-12T06:00:00,Wakanda,Medical Kits,735.5,4.5,False
2012-07-12T06:00:00,Sokovia,Vibranium (kg),2427.49,5.0,False
2012-07-12T06:00:00,Sokovia,Arc Reactor Cores,709.31,6.0,False
2012-07-12T06:00:00,Sokovia,Pym Particles,714.0,5.5,False
2012-07-12T06:00:00,Sokovia,Clean Water (L),2405.34,6.0,False
2012-07-12T06:00:00,Sokovia,Medical Kits,730.32,4.5,False
2012-07-12T06:00:00,Sanctum Sanctorum,Vibranium (kg),2424.56,5.0,False
2012-07-12T06:00:00,Sanctum Sanctorum,Arc Reactor Cores,706.73,6.0,False
2012-07-12T06:00:00,Sanctum Sanctorum,Pym Particles,718.52,5.5,False
2012-07-12T06:00:00,Sanctum Sanctorum,Clean Water (L),2406.56,6.0,False
2012-07-12T06:00:00,Sanctum Sanctorum,Medical Kits,737.07,4.5,False
2012-07-12T06:00:00,Avengers Compound,Vibranium (kg),2424.31,5.0,False
2012-07-12T06:00:00,Avengers Compound,Arc Reactor Cores,703.77,6.0,False
2012-07-12T06:00:00,Avengers Compound,Pym Particles,714.42,5.5,False
2012-07-12T06:00:00,Avengers Compound,Clean Water (L),2407.74,6.0,False
2012-07-12T06:00:00,Avengers Compound,Medical Kits,734.14,4.5,False
2012-07-12T07:00:00,New Asgard,Vibranium (kg),2427.08,5.39,False
2012-07-12T07:00:00,New Asgard,Arc Reactor Cores,706.96,6.47,False
2012-07-12T07:00:00,New Asgard,Pym Particles,713.25,5.93,False
2012-07-12T07:00:00,New Asgard,Clean Water (L),2412.25,6.47,False
2012-07-12T07:00:00,New Asgard,Medical Kits,731.03,4.85,False
2012-07-12T07:00:00,Wakanda,Vibranium (kg),2421.81,5.39,False
2012-07-12T07:00:00,Wakanda,Arc Reactor Cores,706.92,6.47,False
2012-07-12T07:00:00,Wakanda,Pym Particles,715.56,5.93,False
2012-07-12T07:00:00,Wakanda,Clean Water (L),2406.53,6.47,False
2012-07-12T07:00:00,Wakanda,Medical Kits,734.82,4.85,False
2012-07-12T07:00:00,Sokovia,Vibranium (kg),2425.0,5.39,False
2012-07-12T07:00:00,Sokovia,Arc Reactor Cores,709.95,6.47,False
2012-07-12T07:00:00,Sokovia,Pym Particles,714.25,5.93,False
2012-07-12T07:00:00,Sokovia,Clean Water (L),2405.89,6.47,False
2012-07-12T07:00:00,Sokovia,Medical Kits,729.49,4.85,False
2012-07-12T07:00:00,Sanctum Sanctorum,Vibranium (kg),2422.83,5.39,False
2012-07-12T07:00:00,Sanctum Sanctorum,Arc Reactor Cores,705.14,6.47,False
2012-07-12T07:00:00,Sanctum Sanctorum,Pym Particles,717.78,5.93,False
2012-07-12T07:00:00,Sanctum Sanctorum,Clean Water (L),2405.61,6.47,False
2012-07-12T07:00:00,Sanctum Sanctorum,Medical Kits,736.42,4.85,False
2012-07-12T07:00:00,Avengers Compound,Vibranium (kg),2422.8,5.39,False
2012-07-12T07:00:00,Avengers Compound,Arc Reactor Cores,702.43,6.47,False
2012-07-12T07:00:00,Avengers Compound,Pym Particles,713.76,5.93,False
2012-07-12T07:00:00,Avengers Compound,Clean Water (L),2407.04,6.47,False
2012-07-12T07:00:00,Avengers Compound,Medical Kits,735.4,4.85,False
2012-07-12T08:00:00,New Asgard,Vibranium (kg),2426.43,5.75,False
2012-07-12T08:00:00,New Asgard,Arc Reactor Cores,707.28,6.9,False
2012-07-12T08:00:00,New Asgard,Pym Particles,710.92,6.32,False
2012-07-12T08:00:00,New Asgard,Clean Water (L),2409.86,6.9,False
2012-07-12T08:00:00,New Asgard,Medical Kits,731.64,5.17,False
2012-07-12T08:00:00,Wakanda,Vibranium (kg),2422.3,5.75,False
2012-07-12T08:00:00,Wakanda,Arc Reactor Cores,705.87,6.9,False
2012-07-12T08:00:00,Wakanda,Pym Particles,713.81,6.32,False
2012-07-12T08:00:00,Wakanda,Clean Water (L),2406.54,6.9,False
2012-07-12T08:00:00,Wakanda,Medical Kits,733.68,5.17,False
2012-07-12T08:00:00,Sokovia,Vibranium (kg),2424.62,5.75,False
2012-07-12T08:00:00,Sokovia,Arc Reactor Cores,709.79,6.9,False
2012-07-12T08:00:00,Sokovia,Pym Particles,714.7,6.32,False
2012-07-12T08:00:00,Sokovia,Clean Water (L),2404.51,6.9,False
2012-07-12T08:00:00,Sokovia,Medical Kits,727.62,5.17,False
2012-07-12T08:00:00,Sanctum Sanctorum,Vibranium (kg),2422.12,5.75,False
2012-07-12T08:00:00,Sanctum Sanctorum,Arc Reactor Cores,703.13,6.9,False
2012-07-12T08:00:00,Sanctum Sanctorum,Pym Particles,717.79,6.32,False
2012-07-12T08:00:00,Sanctum Sanctorum,Clean Water (L),2404.4,6.9,False
2012-07-12T08:00:00,Sanctum Sanctorum,Medical Kits,735.24,5.17,False
2012-07-12T08:00:00,Avengers Compound,Vibranium (kg),2421.54,5.75,False
2012-07-12T08:00:00,Avengers Compound,Arc Reactor Cores,701.02,6.9,False
2012-07-12T08:00:00,Avengers Compound,Pym Particles,712.04,6.32,False
2012-07-12T08:00:00,Avengers Compound,Clean Water (L),2403.94,6.9,False
2012-07-12T08:00:00,Avengers Compound,Medical Kits,732.81,5.17,False
2012-07-12T09:00:00,New Asgard,Vibranium (kg),2424.25,6.06,False
2012-07-12T09:00:00,New Asgard,Arc Reactor Cores,704.88,7.27,False
2012-07-12T09:00:00,New Asgard,Pym Particles,708.87,6.67,False
2012-07-12T09:00:00,New Asgard,Clean Water (L),2406.88,7.27,False
2012-07-12T09:00:00,New Asgard,Medical Kits,730.59,5.45,False
2012-07-12T09:00:00,Wakanda,Vibranium (kg),2420.92,6.06,False
2012-07-12T09:00:00,Wakanda,Arc Reactor Cores,703.65,7.27,False
2012-07-12T09:00:00,Wakanda,Pym Particles,712.54,6.67,False
2012-07-12T09:00:00,Wakanda,Clean Water (L),2404.24,7.27,False
2012-07-12T09:00:00,Wakanda,Medical Kits,730.91,5.45,False
2012-07-12T09:00:00,Sokovia,Vibranium (kg),2423.96,6.06,False
2012-07-12T09:00:00,Sokovia,Arc Reactor Cores,708.65,7.27,False
2012-07-12T09:00:00,Sokovia,Pym Particles,712.76,6.67,False
2012-07-12T09:00:00,Sokovia,Clean Water (L),2402.32,7.27,False
2012-07-12T09:00:00,Sokovia,Medical Kits,726.35,5.45,False
2012-07-12T09:00:00,Sanctum Sanctorum,Vibranium (kg),2419.54,6.06,False
2012-07-12T09:00:00,Sanctum Sanctorum,Arc Reactor Cores,702.06,7.27,False
2012-07-12T09:00:00,Sanctum Sanctorum,Pym Particles,716.2,6.67,False
2012-07-12T09:00:00,Sanctum Sanctorum,Clean Water (L),2402.27,7.27,False
2012-07-12T09:00:00,Sanctum Sanctorum,Medical Kits,734.04,5.45,False
2012-07-12T09:00:00,Avengers Compound,Vibranium (kg),2420.6,6.06,False
2012-07-12T09:00:00,Avengers Compound,Arc Reactor Cores,700.57,7.27,False
2012-07-12T09:00:00,Avengers Compound,Pym Particles,711.78,6.67,False
2012-07-12T09:00:00,Avengers Compound,Clean Water (L),2404.11,7.27,False
2012-07-12T09:00:00,Avengers Compound,Medical Kits,730.74,5.45,False
2012-07-12T10:00:00,New Asgard,Vibranium (kg),2422.62,6.3,False
2012-07-12T10:00:00,New Asgard,Arc Reactor Cores,703.92,7.56,False
2012-07-12T10:00:00,New Asgard,Pym Particles,708.66,6.93,False
2012-07-12T10:00:00,New Asgard,Clean Water (L),2405.75,7.56,False
2012-07-12T10:00:00,New Asgard,Medical Kits,729.35,5.67,False
2012-07-12T10:00:00,Wakanda,Vibranium (kg),2419.99,6.3,False
2012-07-12T10:00:00,Wakanda,Arc Reactor Cores,701.94,7.56,False
2012-07-12T10:00:00,Wakanda,Pym Particles,709.61,6.93,False
2012-07-12T10:00:00,Wakanda,Clean Water (L),2401.84,7.56,False
2012-07-12T10:00:00,Wakanda,Medical Kits,729.6,5.67,False
2012-07-12T10:00:00,Sokovia,Vibranium (kg),2422.66,6.3,False
2012-07-12T10:00:00,Sokovia,Arc Reactor Cores,705.8,7.56,False
2012-07-12T10:00:00,Sokovia,Pym Particles,710.67,6.93,False
2012-07-12T10:00:00,Sokovia,Clean Water (L),2399.84,7.56,False
2012-07-12T10:00:00,Sokovia,Medical Kits,726.54,5.67,False
2012-07-12T10:00:00,Sanctum Sanctorum,Vibranium (kg),2418.94,6.3,False
2012-07-12T10:00:00,Sanctum Sanctorum,Arc Reactor Cores,700.91,7.56,False
2012-07-12T10:00:00,Sanctum Sanctorum,Pym Particles,713.04,6.93,False
2012-07-12T10:00:00,Sanctum Sanctorum,Clean Water (L),2400.55,7.56,False
2012-07-12T10:00:00,Sanctum Sanctorum,Medical Kits,732.29,5.67,False
2012-07-12T10:00:00,Avengers Compound,Vibranium (kg),2418.15,6.3,False
2012-07-12T10:00:00,Avengers Compound,Arc Reactor Cores,699.29,7.56,False
2012-07-12T10:00:00,Avengers Compound,Pym Particles,709.85,6.93,False
2012-07-12T10:00:00,Avengers Compound,Clean Water (L),2402.8,7.56,False
2012-07-12T10:00:00,Avengers Compound,Medical Kits,729.56,5.67,False
2012-07-12T11:00:00,New Asgard,Vibranium (kg),2421.89,6.45,False
2012-07-12T11:00:00,New Asgard,Arc Reactor Cores,702.61,7.74,False
2012-07-12T11:00:00,New Asgard,Pym Particles,708.19,7.09,False
2012-07-12T11:00:00,New Asgard,Clean Water (L),2404.9,7.74,False
2012-07-12T11:00:00,New Asgard,Medical Kits,728.02,5.8,False
2012-07-12T11:00:00,Wakanda,Vibranium (kg),2417.98,6.45,False
2012-07-12T11:00:00,Wakanda,Arc Reactor Cores,699.18,7.74,False
2012-07-12T11:00:00,Wakanda,Pym Particles,706.8,7.09,False
2012-07-12T11:00:00,Wakanda,Clean Water (L),2399.77,7.74,False
2012-07-12T11:00:00,Wakanda,Medical Kits,729.24,5.8,False
2012-07-12T11:00:00,Sokovia,Vibranium (kg),2421.77,6.45,False
2012-07-12T11:00:00,Sokovia,Arc Reactor Cores,704.69,7.74,False
2012-07-12T11:00:00,Sokovia,Pym Particles,709.01,7.09,False
2012-07-12T11:00:00,Sokovia,Clean Water (L),2399.74,7.74,False
2012-07-12T11:00:00,Sokovia,Medical Kits,724.48,5.8,False
2012-07-12T11:00:00,Sanctum Sanctorum,Vibranium (kg),2418.81,6.45,False
2012-07-12T11:00:00,Sanctum Sanctorum,Arc Reactor Cores,699.01,7.74,False
2012-07-12T11:00:00,Sanctum Sanctorum,Pym Particles,712.19,7.09,False
2012-07-12T11:00:00,Sanctum Sanctorum,Clean Water (L),2399.16,7.74,False
2012-07-12T11:00:00,Sanctum Sanctorum,Medical Kits,731.19,5.8,False
2012-07-12T11:00:00,Avengers Compound,Vibranium (kg),2416.07,6.45,False
2012-07-12T11:00:00,Avengers Compound,Arc Reactor Cores,698.11,7.74,False
2012-07-12T11:00:00,Avengers Compound,Pym Particles,708.77,7.09,False
2012-07-12T11:00:00,Avengers Compound,Clean Water (L),2401.25,7.74,False
2012-07-12T11:00:00,Avengers Compound,Medical Kits,727.71,5.8,False
2012-07-12T12:00:00,New Asgard,Vibranium (kg),2421.43,6.5,False
2012-07-12T12:00:00,New Asgard,Arc Reactor Cores,701.24,7.8,False
2012-07-12T12:00:00,New Asgard,Pym Particles,705.36,7.15,False
2012-07-12T12:00:00,New Asgard,Clean Water (L),2402.21,7.8,False
2012-07-12T12:00:00,New Asgard,Medical Kits,727.95,5.85,False
2012-07-12T12:00:00,Wakanda,Vibranium (kg),2416.66,6.5,False
2012-07-12T12:00:00,Wakanda,Arc Reactor Cores,696.34,7.8,False
2012-07-12T12:00:00,Wakanda,Pym Particles,707.0,7.15,False
2012-07-12T12:00:00,Wakanda,Clean Water (L),2398.63,7.8,False
2012-07-12T12:00:00,Wakanda,Medical Kits,726.78,5.85,False
2012-07-12T12:00:00,Sokovia,Vibranium (kg),2419.24,6.5,False
2012-07-12T12:00:00,Sokovia,Arc Reactor Cores,701.41,7.8,False
2012-07-12T12:00:00,Sokovia,Pym Particles,707.17,7.15,False
2012-07-12T12:00:00,Sokovia,Clean Water (L),2398.04,7.8,False
2012-07-12T12:00:00,Sokovia,Medical Kits,724.53,5.85,False
2012-07-12T12:00:00,Sanctum Sanctorum,Vibranium (kg),2416.28,6.5,False
2012-07-12T12:00:00,Sanctum Sanctorum,Arc Reactor Cores,697.88,7.8,False
2012-07-12T12:00:00,Sanctum Sanctorum,Pym Particles,710.28,7.15,False
2012-07-12T12:00:00,Sanctum Sanctorum,Clean Water (L),2397.28,7.8,False
2012-07-12T12:00:00,Sanctum Sanctorum,Medical Kits,728.26,5.85,False
2012-07-12T12:00:00,Avengers Compound,Vibranium (kg),2414.1,6.5,False
2012-07-12T12:00:00,Avengers Compound,Arc Reactor Cores,697.17,7.8,False
2012-07-12T12:00:00,Avengers Compound,Pym Particles,706.52,7.15,False
2012-07-12T12:00:00,Avengers Compound,Clean Water (L),2400.11,7.8,False
2012-07-12T12:00:00,Avengers Compound,Medical Kits,727.6,5.85,False
2012-07-12T13:00:00,New Asgard,Vibranium (kg),2420.02,6.45,False
2012-07-12T13:00:00,New Asgard,Arc Reactor Cores,700.63,7.74,False
2012-07-12T13:00:00,New Asgard,Pym Particles,703.24,7.09,False
2012-07-12T13:00:00,New Asgard,Clean Water (L),2401.38,7.74,False
2012-07-12T13:00:00,New Asgard,Medical Kits,726.57,5.8,False
2012-07-12T13:00:00,Wakanda,Vibranium (kg),2415.04,6.45,False
2012-07-12T13:00:00,Wakanda,Arc Reactor Cores,694.09,7.74,False
2012-07-12T13:00:00,Wakanda,Pym Particles,705.15,7.09,False
2012-07-12T13:00:00,Wakanda,Clean Water (L),2396.49,7.74,False
2012-07-12T13:00:00,Wakanda,Medical Kits,724.54,5.8,False
2012-07-12T13:00:00,Sokovia,Vibranium (kg),2418.94,6.45,False
2012-07-12T13:00:00,Sokovia,Arc Reactor Cores,698.3,7.74,False
2012-07-12T13:00:00,Sokovia,Pym Particles,706.64,7.09,False
2012-07-12T13:00:00,Sokovia,Clean Water (L),2396.93,7.74,False
2012-07-12T13:00:00,Sokovia,Medical Kits,724.77,5.8,False
2012-07-12T13:00:00,Sanctum Sanctorum,Vibranium (kg),2414.96,6.45,False
2012-07-12T13:00:00,Sanctum Sanctorum,Arc Reactor Cores,696.74,7.74,False
2012-07-12T13:00:00,Sanctum Sanctorum,Pym Particles,708.28,7.09,False
2012-07-12T13:00:00,Sanctum Sanctorum,Clean Water (L),2394.74,7.74,False
2012-07-12T13:00:00,Sanctum Sanctorum,Medical Kits,726.26,5.8,False
2012-07-12T13:00:00,Avengers Compound,Vibranium (kg),2412.42,6.45,False
2012-07-12T13:00:00,Avengers Compound,Arc Reactor Cores,694.14,7.74,False
2012-07-12T13:00:00,Avengers Compound,Pym Particles,704.56,7.09,False
2012-07-12T13:00:00,Avengers Compound,Clean Water (L),2399.46,7.74,False
2012-07-12T13:00:00,Avengers Compound,Medical Kits,726.78,5.8,False
2012-07-12T14:00:00,New Asgard,Vibranium (kg),2419.62,6.3,False
2012-07-12T14:00:00,New Asgard,Arc Reactor Cores,698.49,7.56,False
2012-07-12T14:00:00,New Asgard,Pym Particles,702.2,6.93,False
2012-07-12T14:00:00,New Asgard,Clean Water (L),2401.32,7.56,False
2012-07-12T14:00:00,New Asgard,Medical Kits,725.24,5.67,False
2012-07-12T14:00:00,Wakanda,Vibranium (kg),2414.45,6.3,False
2012-07-12T14:00:00,Wakanda,Arc Reactor Cores,693.58,7.56,False
2012-07-12T14:00:00,Wakanda,Pym Particles,704.11,6.93,False
2012-07-12T14:00:00,Wakanda,Clean Water (L),2394.52,7.56,False
2012-07-12T14:00:00,Wakanda,Medical Kits,725.14,5.67,False
2012-07-12T14:00:00,Sokovia,Vibranium (kg),2416.25,6.3,False
2012-07-12T14:00:00,Sokovia,Arc Reactor Cores,698.03,7.56,False
2012-07-12T14:00:00,Sokovia,Pym Particles,705.38,6.93,False
2012-07-12T14:00:00,Sokovia,Clean Water (L),2396.04,7.56,False
2012-07-12T14:00:00,Sokovia,Medical Kits,724.22,5.67,False
2012-07-12T14:00:00,Sanctum Sanctorum,Vibranium (kg),2414.67,6.3,False
2012-07-12T14:00:00,Sanctum Sanctorum,Arc Reactor Cores,697.07,7.56,False
2012-07-12T14:00:00,Sanctum Sanctorum,Pym Particles,706.85,6.93,False
2012-07-12T14:00:00,Sanctum Sanctorum,Clean Water (L),2393.3,7.56,False
2012-07-12T14:00:00,Sanctum Sanctorum,Medical Kits,725.56,5.67,False
2012-07-12T14:00:00,Avengers Compound,Vibranium (kg),2410.75,6.3,False
2012-07-12T14:00:00,Avengers Compound,Arc Reactor Cores,694.05,7.56,False
2012-07-12T14:00:00,Avengers Compound,Pym Particles,702.03,6.93,False
2012-07-12T14:00:00,Avengers Compound,Clean Water (L),2396.7,7.56,False
2012-07-12T14:00:00,Avengers Compound,Medical Kits,726.91,5.67,False
2012-07-12T15:00:00,New Asgard,Vibranium (kg),2419.28,6.06,False
2012-07-12T15:00:00,New Asgard,Arc Reactor Cores,697.94,7.27,False
2012-07-12T15:00:00,New Asgard,Pym Particles,702.41,6.67,False
2012-07-12T15:00:00,New Asgard,Clean Water (L),2399.61,7.27,False
2012-07-12T15:00:00,New Asgard,Medical Kits,724.82,5.45,False
2012-07-12T15:00:00,Wakanda,Vibranium (kg),2413.48,6.06,False
2012-07-12T15:00:00,Wakanda,Arc Reactor Cores,692.13,7.27,False
2012-07-12T15:00:00,Wakanda,Pym Particles,702.48,6.67,False
2012-07-12T15:00:00,Wakanda,Clean Water (L),2394.7,7.27,False
2012-07-12T15:00:00,Wakanda,Medical Kits,725.51,5.45,False
2012-07-12T15:00:00,Sokovia,Vibranium (kg),2415.18,6.06,False
2012-07-12T15:00:00,Sokovia,Arc Reactor Cores,696.48,7.27,False
2012-07-12T15:00:00,Sokovia,Pym Particles,705.04,6.67,False
2012-07-12T15:00:00,Sokovia,Clean Water (L),2395.74,7.27,False
2012-07-12T15:00:00,Sokovia,Medical Kits,723.63,5.45,False
2012-07-12T15:00:00,Sanctum Sanctorum,Vibranium (kg),2414.2,6.06,False
2012-07-12T15:00:00,Sanctum Sanctorum,Arc Reactor Cores,695.62,7.27,False
2012-07-12T15:00:00,Sanctum Sanctorum,Pym Particles,705.63,6.67,False
2012-07-12T15:00:00,Sanctum Sanctorum,Clean Water (L),2391.75,7.27,False
2012-07-12T15:00:00,Sanctum Sanctorum,Medical Kits,725.78,5.45,False
2012-07-12T15:00:00,Avengers Compound,Vibranium (kg),2410.83,6.06,False
2012-07-12T15:00:00,Avengers Compound,Arc Reactor Cores,692.47,7.27,False
2012-07-12T15:00:00,Avengers Compound,Pym Particles,701.5,6.67,False
2012-07-12T15:00:00,Avengers Compound,Clean Water (L),2395.82,7.27,False
2012-07-12T15:00:00,Avengers Compound,Medical Kits,725.95,5.45,False
2012-07-12T16:00:00,New Asgard,Vibranium (kg),2417.8,5.75,False
2012-07-12T16:00:00,New Asgard,Arc Reactor Cores,696.05,6.9,False
2012-07-12T16:00:00,New Asgard,Pym Particles,701.55,6.32,False
2012-07-12T16:00:00,New Asgard,Clean Water (L),2399.05,6.9,False
2012-07-12T16:00:00,New Asgard,Medical Kits,725.56,5.17,False
2012-07-12T16:00:00,Wakanda,Vibranium (kg),2412.18,5.75,False
2012-07-12T16:00:00,Wakanda,Arc Reactor Cores,692.39,6.9,False
2012-07-12T16:00:00,Wakanda,Pym Particles,701.69,6.32,False
2012-07-12T16:00:00,Wakanda,Clean Water (L),2394.48,6.9,False
2012-07-12T16:00:00,Wakanda,Medical Kits,724.4,5.17,False
2012-07-12T16:00:00,Sokovia,Vibranium (kg),2415.44,5.75,False
2012-07-12T16:00:00,Sokovia,Arc Reactor Cores,695.72,6.9,False
2012-07-12T16:00:00,Sokovia,Pym Particles,705.26,6.32,False
2012-07-12T16:00:00,Sokovia,Clean Water (L),2395.53,6.9,False
2012-07-12T16:00:00,Sokovia,Medical Kits,721.55,5.17,False
2012-07-12T16:00:00,Sanctum Sanctorum,Vibranium (kg),2412.77,5.75,False
2012-07-12T16:00:00,Sanctum Sanctorum,Arc Reactor Cores,694.54,6.9,False
2012-07-12T16:00:00,Sanctum Sanctorum,Pym Particles,703.97,6.32,False
2012-07-12T16:00:00,Sanctum Sanctorum,Clean Water (L),2391.82,6.9,False
2012-07-12T16:00:00,Sanctum Sanctorum,Medical Kits,725.01,5.17,False
2012-07-12T16:00:00,Avengers Compound,Vibranium (kg),2412.35,5.75,False
2012-07-12T16:00:00,Avengers Compound,Arc Reactor Cores,690.72,6.9,False
2012-07-12T16:00:00,Avengers Compound,Pym Particles,701.37,6.32,False
2012-07-12T16:00:00,Avengers Compound,Clean Water (L),2395.32,6.9,False
2012-07-12T16:00:00,Avengers Compound,Medical Kits,726.15,5.17,False
2012-07-12T17:00:00,New Asgard,Vibranium (kg),2416.94,5.39,False
2012-07-12T17:00:00,New Asgard,Arc Reactor Cores,694.66,6.47,False
2012-07-12T17:00:00,New Asgard,Pym Particles,701.41,5.93,False
2012-07-12T17:00:00,New Asgard,Clean Water (L),2398.77,6.47,False
2012-07-12T17:00:00,New Asgard,Medical Kits,725.88,4.85,False
2012-07-12T17:00:00,Wakanda,Vibranium (kg),2411.68,5.39,False
2012-07-12T17:00:00,Wakanda,Arc Reactor Cores,692.11,6.47,False
2012-07-12T17:00:00,Wakanda,Pym Particles,700.07,5.93,False
2012-07-12T17:00:00,Wakanda,Clean Water (L),2393.65,6.47,False
2012-07-12T17:00:00,Wakanda,Medical Kits,723.17,4.85,False
2012-07-12T17:00:00,Sokovia,Vibranium (kg),2415.09,5.39,False
2012-07-12T17:00:00,Sokovia,Arc Reactor Cores,695.51,6.47,False
2012-07-12T17:00:00,Sokovia,Pym Particles,704.63,5.93,False
2012-07-12T17:00:00,Sokovia,Clean Water (L),2394.54,6.47,False
2012-07-12T17:00:00,Sokovia,Medical Kits,721.92,4.85,False
2012-07-12T17:00:00,Sanctum Sanctorum,Vibranium (kg),2412.56,5.39,False
2012-07-12T17:00:00,Sanctum Sanctorum,Arc Reactor Cores,694.57,6.47,False
2012-07-12T17:00:00,Sanctum Sanctorum,Pym Particles,703.38,5.93,False
2012-07-12T17:00:00,Sanctum Sanctorum,Clean Water (L),2391.94,6.47,False
2012-07-12T17:00:00,Sanctum Sanctorum,Medical Kits,724.77,4.85,False
2012-07-12T17:00:00,Avengers Compound,Vibranium (kg),2412.59,5.39,False
2012-07-12T17:00:00,Avengers Compound,Arc Reactor Cores,691.33,6.47,False
2012-07-12T17:00:00,Avengers Compound,Pym Particles,702.39,5.93,False
2012-07-12T17:00:00,Avengers Compound,Clean Water (L),2394.06,6.47,False
2012-07-12T17:00:00,Avengers Compound,Medical Kits,727.07,4.85,False
2012-07-12T18:00:00,New Asgard,Vibranium (kg),2415.33,5.0,False
2012-07-12T18:00:00,New Asgard,Arc Reactor Cores,696.74,6.0,False
2012-07-12T18:00:00,New Asgard,Pym Particles,702.05,5.5,False
2012-07-12T18:00:00,New Asgard,Clean Water (L),2398.11,6.0,False
2012-07-12T18:00:00,New Asgard,Medical Kits,724.67,4.5,False
2012-07-12T18:00:00,Wakanda,Vibranium (kg),2412.18,5.0,False
2012-07-12T18:00:00,Wakanda,Arc Reactor Cores,693.36,6.0,False
2012-07-12T18:00:00,Wakanda,Pym Particles,700.46,5.5,False
2012-07-12T18:00:00,Wakanda,Clean Water (L),2393.52,6.0,False
2012-07-12T18:00:00,Wakanda,Medical Kits,722.54,4.5,False
2012-07-12T18:00:00,Sokovia,Vibranium (kg),2414.66,5.0,False
2012-07-12T18:00:00,Sokovia,Arc Reactor Cores,695.9,6.0,False
2012-07-12T18:00:00,Sokovia,Pym Particles,704.89,5.5,False
2012-07-12T18:00:00,Sokovia,Clean Water (L),2394.72,6.0,False
2012-07-12T18:00:00,Sokovia,Medical Kits,723.07,4.5,False
2012-07-12T18:00:00,Sanctum Sanctorum,Vibranium (kg),2411.53,5.0,False
2012-07-12T18:00:00,Sanctum Sanctorum,Arc Reactor Cores,695.18,6.0,False
2012-07-12T18:00:00,Sanctum Sanctorum,Pym Particles,704.32,5.5,False
2012-07-12T18:00:00,Sanctum Sanctorum,Clean Water (L),2393.68,6.0,False
2012-07-12T18:00:00,Sanctum Sanctorum,Medical Kits,725.53,4.5,False
2012-07-12T18:00:00,Avengers Compound,Vibranium (kg),2413.82,5.0,False
2012-07-12T18:00:00,Avengers Compound,Arc Reactor Cores,692.17,6.0,False
2012-07-12T18:00:00,Avengers Compound,Pym Particles,703.97,5.5,False
2012-07-12T18:00:00,Avengers Compound,Clean Water (L),2392.69,6.0,False
2012-07-12T18:00:00,Avengers Compound,Medical Kits,726.98,4.5,False
2012-07-12T19:00:00,New Asgard,Vibranium (kg),2415.26,4.61,False
2012-07-12T19:00:00,New Asgard,Arc Reactor Cores,697.13,5.53,False
2012-07-12T19:00:00,New Asgard,Pym Particles,702.4,5.07,False
2012-07-12T19:00:00,New Asgard,Clean Water (L),2398.73,5.53,False
2012-07-12T19:00:00,New Asgard,Medical Kits,725.39,4.15,False
2012-07-12T19:00:00,Wakanda,Vibranium (kg),2413.93,4.61,False
2012-07-12T19:00:00,Wakanda,Arc Reactor Cores,695.51,5.53,False
2012-07-12T19:00:00,Wakanda,Pym Particles,701.02,5.07,False
2012-07-12T19:00:00,Wakanda,Clean Water (L),2394.38,5.53,False
2012-07-12T19:00:00,Wakanda,Medical Kits,723.59,4.15,False
2012-07-12T19:00:00,Sokovia,Vibranium (kg),2415.3,4.61,False
2012-07-12T19:00:00,Sokovia,Arc Reactor Cores,696.63,5.53,False
2012-07-12T19:00:00,Sokovia,Pym Particles,703.97,5.07,False
2012-07-12T19:00:00,Sokovia,Clean Water (L),2396.3,5.53,False
2012-07-12T19:00:00,Sokovia,Medical Kits,724.49,4.15,False
2012-07-12T19:00:00,Sanctum Sanctorum,Vibranium (kg),2411.06,4.61,False
2012-07-12T19:00:00,Sanctum Sanctorum,Arc Reactor Cores,697.18,5.53,False
2012-07-12T19:00:00,Sanctum Sanctorum,Pym Particles,703.37,5.07,False
2012-07-12T19:00:00,Sanctum Sanctorum,Clean Water (L),2394.37,5.53,False
2012-07-12T19:00:00,Sanctum Sanctorum,Medical Kits,726.32,4.15,False
2012-07-12T19:00:00,Avengers Compound,Vibranium (kg),2414.37,4.61,False
2012-07-12T19:00:00,Avengers Compound,Arc Reactor Cores,693.53,5.53,False
2012-07-12T19:00:00,Avengers Compound,Pym Particles,705.83,5.07,False
2012-07-12T19:00:00,Avengers Compound,Clean Water (L),2393.22,5.53,False
2012-07-12T19:00:00,Avengers Compound,Medical Kits,727.92,4.15,False
2012-07-12T20:00:00,New Asgard,Vibranium (kg),2415.62,4.25,False
2012-07-12T20:00:00,New Asgard,Arc Reactor Cores,697.73,5.1,False
2012-07-12T20:00:00,New Asgard,Pym Particles,703.06,4.68,False
2012-07-12T20:00:00,New Asgard,Clean Water (L),2401.3,5.1,False
2012-07-12T20:00:00,New Asgard,Medical Kits,726.52,3.83,False
2012-07-12T20:00:00,Wakanda,Vibranium (kg),2414.85,4.25,False
2012-07-12T20:00:00,Wakanda,Arc Reactor Cores,695.34,5.1,False
2012-07-12T20:00:00,Wakanda,Pym Particles,702.7,4.68,False
2012-07-12T20:00:00,Wakanda,Clean Water (L),2396.28,5.1,False
2012-07-12T20:00:00,Wakanda,Medical Kits,724.61,3.83,False
2012-07-12T20:00:00,Sokovia,Vibranium (kg),2415.43,4.25,False
2012-07-12T20:00:00,Sokovia,Arc Reactor Cores,697.18,5.1,False
2012-07-12T20:00:00,Sokovia,Pym Particles,705.41,4.68,False
2012-07-12T20:00:00,Sokovia,Clean Water (L),2397.24,5.1,False
2012-07-12T20:00:00,Sokovia,Medical Kits,727.25,3.83,False
2012-07-12T20:00:00,Sanctum Sanctorum,Vibranium (kg),2412.96,4.25,False
2012-07-12T20:00:00,Sanctum Sanctorum,Arc Reactor Cores,697.8,5.1,False
2012-07-12T20:00:00,Sanctum Sanctorum,Pym Particles,703.92,4.68,False
2012-07-12T20:00:00,Sanctum Sanctorum,Clean Water (L),2395.23,5.1,False
2012-07-12T20:00:00,Sanctum Sanctorum,Medical Kits,727.86,3.83,False
2012-07-12T20:00:00,Avengers Compound,Vibranium (kg),2416.67,4.25,False
2012-07-12T20:00:00,Avengers Compound,Arc Reactor Cores,695.06,5.1,False
2012-07-12T20:00:00,Avengers Compound,Pym Particles,707.12,4.68,False
2012-07-12T20:00:00,Avengers Compound,Clean Water (L),2394.26,5.1,False
2012-07-12T20:00:00,Avengers Compound,Medical Kits,728.35,3.83,False
2012-07-12T21:00:00,New Asgard,Vibranium (kg),2417.4,3.94,False
2012-07-12T21:00:00,New Asgard,Arc Reactor Cores,699.21,4.73,False
2012-07-12T21:00:00,New Asgard,Pym Particles,705.19,4.33,False
2012-07-12T21:00:00,New Asgard,Clean Water (L),2402.21,4.73,False
2012-07-12T21:00:00,New Asgard,Medical Kits,727.88,3.55,False
2012-07-12T21:00:00,Wakanda,Vibranium (kg),2415.45,3.94,False
2012-07-12T21:00:00,Wakanda,Arc Reactor Cores,697.71,4.73,False
2012-07-12T21:00:00,Wakanda,Pym Particles,705.2,4.33,False
2012-07-12T21:00:00,Wakanda,Clean Water (L),2398.05,4.73,False
2012-07-12T21:00:00,Wakanda,Medical Kits,724.93,3.55,False
2012-07-12T21:00:00,Sokovia,Vibranium (kg),2417.43,3.94,False
2012-07-12T21:00:00,Sokovia,Arc Reactor Cores,698.51,4.73,False
2012-07-12T21:00:00,Sokovia,Pym Particles,707.14,4.33,False
2012-07-12T21:00:00,Sokovia,Clean Water (L),2397.92,4.73,False
2012-07-12T21:00:00,Sokovia,Medical Kits,729.74,3.55,False
2012-07-12T21:00:00,Sanctum Sanctorum,Vibranium (kg),2413.0,3.94,False
2012-07-12T21:00:00,Sanctum Sanctorum,Arc Reactor Cores,699.12,4.73,False
2012-07-12T21:00:00,Sanctum Sanctorum,Pym Particles,705.24,4.33,False
2012-07-12T21:00:00,Sanctum Sanctorum,Clean Water (L),2397.64,4.73,False
2012-07-12T21:00:00,Sanctum Sanctorum,Medical Kits,729.89,3.55,False
2012-07-12T21:00:00,Avengers Compound,Vibranium (kg),2418.31,3.94,False
2012-07-12T21:00:00,Avengers Compound,Arc Reactor Cores,696.47,4.73,False
2012-07-12T21:00:00,Avengers Compound,Pym Particles,708.37,4.33,False
2012-07-12T21:00:00,Avengers Compound,Clean Water (L),2395.5,4.73,False
2012-07-12T21:00:00,Avengers Compound,Medical Kits,729.82,3.55,False
2012-07-12T22:00:00,New Asgard,Vibranium (kg),2420.49,3.7,False
2012-07-12T22:00:00,New Asgard,Arc Reactor Cores,700.57,4.44,False
2012-07-12T22:00:00,New Asgard,Pym Particles,706.5,4.07,False
2012-07-12T22:00:00,New Asgard,Clean Water (L),2403.42,4.44,False
2012-07-12T22:00:00,New Asgard,Medical Kits,729.3,3.33,False
2012-07-12T22:00:00,Wakanda,Vibranium (kg),2417.6,3.7,False
2012-07-12T22:00:00,Wakanda,Arc Reactor Cores,698.19,4.44,False
2012-07-12T22:00:00,Wakanda,Pym Particles,707.01,4.07,False
2012-07-12T22:00:00,Wakanda,Clean Water (L),2400.39,4.44,False
2012-07-12T22:00:00,Wakanda,Medical Kits,727.19,3.33,False
2012-07-12T22:00:00,Sokovia,Vibranium (kg),2419.25,3.7,False
2012-07-12T22:00:00,Sokovia,Arc Reactor Cores,699.53,4.44,False
2012-07-12T22:00:00,Sokovia,Pym Particles,708.7,4.07,False
2012-07-12T22:00:00,Sokovia,Clean Water (L),2398.71,4.44,False
2012-07-12T22:00:00,Sokovia,Medical Kits,730.47,3.33,False
2012-07-12T22:00:00,Sanctum Sanctorum,Vibranium (kg),2415.85,3.7,False
2012-07-12T22:00:00,Sanctum Sanctorum,Arc Reactor Cores,698.93,4.44,False
2012-07-12T22:00:00,Sanctum Sanctorum,Pym Particles,707.37,4.07,False
2012-07-12T22:00:00,Sanctum Sanctorum,Clean Water (L),2399.88,4.44,False
2012-07-12T22:00:00,Sanctum Sanctorum,Medical Kits,731.52,3.33,False
2012-07-12T22:00:00,Avengers Compound,Vibranium (kg),2418.09,3.7,False
2012-07-12T22:00:00,Avengers Compound,Arc Reactor Cores,697.83,4.44,False
2012-07-12T22:00:00,Avengers Compound,Pym Particles,710.64,4.07,False
2012-07-12T22:00:00,Avengers Compound,Clean Water (L),2396.36,4.44,False
2012-07-12T22:00:00,Avengers Compound,Medical Kits,731.44,3.33,False
2012-07-12T23:00:00,New Asgard,Vibranium (kg),2421.54,3.55,False
2012-07-12T23:00:00,New Asgard,Arc Reactor Cores,701.64,4.26,False
2012-07-12T23:00:00,New Asgard,Pym Particles,709.34,3.91,False
2012-07-12T23:00:00,New Asgard,Clean Water (L),2405.11,4.26,False
2012-07-12T23:00:00,New Asgard,Medical Kits,730.5,3.2,False
2012-07-12T23:00:00,Wakanda,Vibranium (kg),2419.54,3.55,False
2012-07-12T23:00:00,Wakanda,Arc Reactor Cores,700.86,4.26,False
2012-07-12T23:00:00,Wakanda,Pym Particles,708.34,3.91,False
2012-07-12T23:00:00,Wakanda,Clean Water (L),2403.17,4.26,False
2012-07-12T23:00:00,Wakanda,Medical Kits,728.62,3.2,False
2012-07-12T23:00:00,Sokovia,Vibranium (kg),2420.61,3.55,False
2012-07-12T23:00:00,Sokovia,Arc Reactor Cores,701.6,4.26,False
2012-07-12T23:00:00,Sokovia,Pym Particles,711.64,3.91,False
2012-07-12T23:00:00,Sokovia,Clean Water (L),2400.52,4.26,False
2012-07-12T23:00:00,Sokovia,Medical Kits,732.18,3.2,False
2012-07-12T23:00:00,Sanctum Sanctorum,Vibranium (kg),2418.07,3.55,False
2012-07-12T23:00:00,Sanctum Sanctorum,Arc Reactor Cores,702.01,4.26,False
2012-07-12T23:00:00,Sanctum Sanctorum,Pym Particles,709.98,3.91,False
2012-07-12T23:00:00,Sanctum Sanctorum,Clean Water (L),2401.49,4.26,False
2012-07-12T23:00:00,Sanctum Sanctorum,Medical Kits,731.71,3.2,False
2012-07-12T23:00:00,Avengers Compound,Vibranium (kg),2421.04,3.55,False
2012-07-12T23:00:00,Avengers Compound,Arc Reactor Cores,699.55,4.26,False
2012-07-12T23:00:00,Avengers Compound,Pym Particles,712.33,3.91,False
2012-07-12T23:00:00,Avengers Compound,Clean Water (L),2397.4,4.26,False
2012-07-12T23:00:00,Avengers Compound,Medical Kits,732.25,3.2,False
2012-07-13T00:00:00,New Asgard,Vibranium (kg),2422.94,3.5,False
2012-07-13T00:00:00,New Asgard,Arc Reactor Cores,703.08,4.2,False
2012-07-13T00:00:00,New Asgard,Pym Particles,711.34,3.85,False
2012-07-13T00:00:00,New Asgard,Clean Water (L),2405.21,4.2,False
2012-07-13T00:00:00,New Asgard,Medical Kits,732.41,3.15,False
2012-07-13T00:00:00,Wakanda,Vibranium (kg),2421.02,3.5,False
2012-07-13T00:00:00,Wakanda,Arc Reactor Cores,702.47,4.2,False
2012-07-13T00:00:00,Wakanda,Pym Particles,710.16,3.85,False
2012-07-13T00:00:00,Wakanda,Clean Water (L),2403.49,4.2,False
2012-07-13T00:00:00,Wakanda,Medical Kits,728.98,3.15,False
2012-07-13T00:00:00,Sokovia,Vibranium (kg),2422.27,3.5,False
2012-07-13T00:00:00,Sokovia,Arc Reactor Cores,704.02,4.2,False
2012-07-13T00:00:00,Sokovia,Pym Particles,712.87,3.85,False
2012-07-13T00:00:00,Sokovia,Clean Water (L),2402.13,4.2,False
2012-07-13T00:00:00,Sokovia,Medical Kits,732.99,3.15,False
2012-07-13T00:00:00,Sanctum Sanctorum,Vibranium (kg),2419.38,3.5,False
2012-07-13T00:00:00,Sanctum Sanctorum,Arc Reactor Cores,703.73,4.2,False
2012-07-13T00:00:00,Sanctum Sanctorum,Pym Particles,711.1,3.85,False
2012-07-13T00:00:00,Sanctum Sanctorum,Clean Water (L),2403.57,4.2,False
2012-07-13T00:00:00,Sanctum Sanctorum,Medical Kits,731.74,3.15,False
2012-07-13T00:00:00,Avengers Compound,Vibranium (kg),2423.3,3.5,False
2012-07-13T00:00:00,Avengers Compound,Arc Reactor Cores,700.71,4.2,False
2012-07-13T00:00:00,Avengers Compound,Pym Particles,714.45,3.85,False
2012-07-13T00:00:00,Avengers Compound,Clean Water (L),2399.98,4.2,False
2012-07-13T00:00:00,Avengers Compound,Medical Kits,732.79,3.15,False
2012-07-13T01:00:00,New Asgard,Vibranium (kg),2424.98,3.55,False
2012-07-13T01:00:00,New Asgard,Arc Reactor Cores,704.22,4.26,False
2012-07-13T01:00:00,New Asgard,Pym Particles,713.74,3.91,False
2012-07-13T01:00:00,New Asgard,Clean Water (L),2405.2,4.26,False
2012-07-13T01:00:00,New Asgard,Medical Kits,734.8,3.2,False
2012-07-13T01:00:00,Wakanda,Vibranium (kg),2423.19,3.55,False
2012-07-13T01:00:00,Wakanda,Arc Reactor Cores,704.85,4.26,False
2012-07-13T01:00:00,Wakanda,Pym Particles,711.08,3.91,False
2012-07-13T01:00:00,Wakanda,Clean Water (L),2406.1,4.26,False
2012-07-13T01:00:00,Wakanda,Medical Kits,729.17,3.2,False
2012-07-13T01:00:00,Sokovia,Vibranium (kg),2422.92,3.55,False
2012-07-13T01:00:00,Sokovia,Arc Reactor Cores,706.67,4.26,False
2012-07-13T01:00:00,Sokovia,Pym Particles,714.14,3.91,False
2012-07-13T01:00:00,Sokovia,Clean Water (L),2404.62,4.26,False
2012-07-13T01:00:00,Sokovia,Medical Kits,733.95,3.2,False
2012-07-13T01:00:00,Sanctum Sanctorum,Vibranium (kg),2421.55,3.55,False
2012-07-13T01:00:00,Sanctum Sanctorum,Arc Reactor Cores,705.68,4.26,False
2012-07-13T01:00:00,Sanctum Sanctorum,Pym Particles,713.07,3.91,False
2012-07-13T01:00:00,Sanctum Sanctorum,Clean Water (L),2405.38,4.26,False
2012-07-13T01:00:00,Sanctum Sanctorum,Medical Kits,734.26,3.2,False
2012-07-13T01:00:00,Avengers Compound,Vibranium (kg),2425.19,3.55,False
2012-07-13T01:00:00,Avengers Compound,Arc Reactor Cores,703.81,4.26,False
2012-07-13T01:00:00,Avengers Compound,Pym Particles,716.09,3.91,False
2012-07-13T01:00:00,Avengers Compound,Clean Water (L),2403.1,4.26,False
2012-07-13T01:00:00,Avengers Compound,Medical Kits,733.26,3.2,False
2012-07-13T02:00:00,New Asgard,Vibranium (kg),2425.82,3.7,False
2012-07-13T02:00:00,New Asgard,Arc Reactor Cores,704.84,4.44,False
2012-07-13T02:00:00,New Asgard,Pym Particles,714.72,4.07,False
2012-07-13T02:00:00,New Asgard,Clean Water (L),2404.85,4.44,False
2012-07-13T02:00:00,New Asgard,Medical Kits,735.95,3.33,False
2012-07-13T02:00:00,Wakanda,Vibranium (kg),2422.65,3.7,False
2012-07-13T02:00:00,Wakanda,Arc Reactor Cores,705.24,4.44,False
2012-07-13T02:00:00,Wakanda,Pym Particles,713.55,4.07,False
2012-07-13T02:00:00,Wakanda,Clean Water (L),2407.55,4.44,False
2012-07-13T02:00:00,Wakanda,Medical Kits,731.06,3.33,False
2012-07-13T02:00:00,Sokovia,Vibranium (kg),2424.41,3.7,False
2012-07-13T02:00:00,Sokovia,Arc Reactor Cores,708.89,4.44,False
2012-07-13T02:00:00,Sokovia,Pym Particles,715.37,4.07,False
2012-07-13T02:00:00,Sokovia,Clean Water (L),2407.04,4.44,False
2012-07-13T02:00:00,Sokovia,Medical Kits,736.35,3.33,False
2012-07-13T02:00:00,Sanctum Sanctorum,Vibranium (kg),2422.29,3.7,False
2012-07-13T02:00:00,Sanctum Sanctorum,Arc Reactor Cores,706.87,4.44,False
2012-07-13T02:00:00,Sanctum Sanctorum,Pym Particles,714.92,4.07,False
2012-07-13T02:00:00,Sanctum Sanctorum,Clean Water (L),2405.33,4.44,False
2012-07-13T02:00:00,Sanctum Sanctorum,Medical Kits,734.43,3.33,False
2012-07-13T02:00:00,Avengers Compound,Vibranium (kg),2426.72,3.7,False
2012-07-13T02:00:00,Avengers Compound,Arc Reactor Cores,704.02,4.44,False
2012-07-13T02:00:00,Avengers Compound,Pym Particles,718.09,4.07,False
2012-07-13T02:00:00,Avengers Compound,Clean Water (L),2405.56,4.44,False
2012-07-13T02:00:00,Avengers Compound,Medical Kits,733.95,3.33,False
2012-07-13T03:00:00,New Asgard,Vibranium (kg),2426.24,3.94,False
2012-07-13T03:00:00,New Asgard,Arc Reactor Cores,705.87,4.73,False
2012-07-13T03:00:00,New Asgard,Pym Particles,716.47,4.33,False
2012-07-13T03:00:00,New Asgard,Clean Water (L),2407.37,4.73,False
2012-07-13T03:00:00,New Asgard,Medical Kits,735.89,3.55,False
2012-07-13T03:00:00,Wakanda,Vibranium (kg),2423.38,3.94,False
2012-07-13T03:00:00,Wakanda,Arc Reactor Cores,706.29,4.73,False
2012-07-13T03:00:00,Wakanda,Pym Particles,714.41,4.33,False
2012-07-13T03:00:00,Wakanda,Clean Water (L),2408.97,4.73,False
2012-07-13T03:00:00,Wakanda,Medical Kits,733.13,3.55,False
2012-07-13T03:00:00,Sokovia,Vibranium (kg),2425.23,3.94,False
2012-07-13T03:00:00,Sokovia,Arc Reactor Cores,709.64,4.73,False
2012-07-13T03:00:00,Sokovia,Pym Particles,715.34,4.33,False
2012-07-13T03:00:00,Sokovia,Clean Water (L),2406.31,4.73,False
2012-07-13T03:00:00,Sokovia,Medical Kits,738.15,3.55,False
2012-07-13T03:00:00,Sanctum Sanctorum,Vibranium (kg),2422.92,3.94,False
2012-07-13T03:00:00,Sanctum Sanctorum,Arc Reactor Cores,708.58,4.73,False
2012-07-13T03:00:00,Sanctum Sanctorum,Pym Particles,716.52,4.33,False
2012-07-13T03:00:00,Sanctum Sanctorum,Clean Water (L),2404.68,4.73,False
2012-07-13T03:00:00,Sanctum Sanctorum,Medical Kits,735.48,3.55,False
2012-07-13T03:00:00,Avengers Compound,Vibranium (kg),2427.79,3.94,False
2012-07-13T03:00:00,Avengers Compound,Arc Reactor Cores,704.8,4.73,False
2012-07-13T03:00:00,Avengers Compound,Pym Particles,719.54,4.33,False
2012-07-13T03:00:00,Avengers Compound,Clean Water (L),2406.54,4.73,False
2012-07-13T03:00:00,Avengers Compound,Medical Kits,734.93,3.55,False
2012-07-13T04:00:00,New Asgard,Vibranium (kg),2426.99,4.25,False
2012-07-13T04:00:00,New Asgard,Arc Reactor Cores,704.94,5.1,False
2012-07-13T04:00:00,New Asgard,Pym Particles,716.45,4.68,False
2012-07-13T04:00:00,New Asgard,Clean Water (L),2407.7,5.1,False
2012-07-13T04:00:00,New Asgard,Medical Kits,735.55,3.83,False
2012-07-13T04:00:00,Wakanda,Vibranium (kg),2422.43,4.25,False
2012-07-13T04:00:00,Wakanda,Arc Reactor Cores,707.65,5.1,False
2012-07-13T04:00:00,Wakanda,Pym Particles,715.37,4.68,False
2012-07-13T04:00:00,Wakanda,Clean Water (L),2410.63,5.1,False
2012-07-13T04:00:00,Wakanda,Medical Kits,734.7,3.83,False
2012-07-13T04:00:00,Sokovia,Vibranium (kg),2427.31,4.25,False
2012-07-13T04:00:00,Sokovia,Arc Reactor Cores,710.02,5.1,False
2012-07-13T04:00:00,Sokovia,Pym Particles,715.3,4.68,False
2012-07-13T04:00:00,Sokovia,Clean Water (L),2408.16,5.1,False
2012-07-13T04:00:00,Sokovia,Medical Kits,737.04,3.83,False
2012-07-13T04:00:00,Sanctum Sanctorum,Vibranium (kg),2423.26,4.25,False
2012-07-13T04:00:00,Sanctum Sanctorum,Arc Reactor Cores,708.98,5.1,False
2012-07-13T04:00:00,Sanctum Sanctorum,Pym Particles,717.46,4.68,False
2012-07-13T04:00:00,Sanctum Sanctorum,Clean Water (L),2405.54,5.1,False
2012-07-13T04:00:00,Sanctum Sanctorum,Medical Kits,735.28,3.83,False
2012-07-13T04:00:00,Avengers Compound,Vibranium (kg),2427.09,4.25,False
2012-07-13T04:00:00,Avengers Compound,Arc Reactor Cores,705.59,5.1,False
2012-07-13T04:00:00,Avengers Compound,Pym Particles,720.02,4.68,False
2012-07-13T04:00:00,Avengers Compound,Clean Water (L),2407.67,5.1,False
2012-07-13T04:00:00,Avengers Compound,Medical Kits,736.52,3.83,False
2012-07-13T05:00:00,New Asgard,Vibranium (kg),2428.46,4.61,False
2012-07-13T05:00:00,New Asgard,Arc Reactor Cores,705.68,5.53,False
2012-07-13T05:00:00,New Asgard,Pym Particles,717.94,5.07,False
2012-07-13T05:00:00,New Asgard,Clean Water (L),2406.21,5.53,False
2012-07-13T05:00:00,New Asgard,Medical Kits,735.03,4.15,False
2012-07-13T05:00:00,Wakanda,Vibranium (kg),2422.12,4.61,False
2012-07-13T05:00:00,Wakanda,Arc Reactor Cores,708.98,5.53,False
2012-07-13T05:00:00,Wakanda,Pym Particles,715.2,5.07,False
2012-07-13T05:00:00,Wakanda,Clean Water (L),2408.72,5.53,False
2012-07-13T05:00:00,Wakanda,Medical Kits,733.33,4.15,False
2012-07-13T05:00:00,Sokovia,Vibranium (kg),2426.65,4.61,False
2012-07-13T05:00:00,Sokovia,Arc Reactor Cores,710.75,5.53,False
2012-07-13T05:00:00,Sokovia,Pym Particles,716.05,5.07,False
2012-07-13T05:00:00,Sokovia,Clean Water (L),2408.73,5.53,False
2012-07-13T05:00:00,Sokovia,Medical Kits,737.37,4.15,False
2012-07-13T05:00:00,Sanctum Sanctorum,Vibranium (kg),2425.04,4.61,False
2012-07-13T05:00:00,Sanctum Sanctorum,Arc Reactor Cores,709.41,5.53,False
2012-07-13T05:00:00,Sanctum Sanctorum,Pym Particles,716.2,5.07,False
2012-07-13T05:00:00,Sanctum Sanctorum,Clean Water (L),2406.62,5.53,False
2012-07-13T05:00:00,Sanctum Sanctorum,Medical Kits,736.54,4.15,False
2012-07-13T05:00:00,Avengers Compound,Vibranium (kg),2426.3,4.61,False
2012-07-13T05:00:00,Avengers Compound,Arc Reactor Cores,706.27,5.53,False
2012-07-13T05:00:00,Avengers Compound,Pym Particles,719.61,5.07,False
2012-07-13T05:00:00,Avengers Compound,Clean Water (L),2407.12,5.53,False
2012-07-13T05:00:00,Avengers Compound,Medical Kits,735.59,4.15,False
2012-07-13T06:00:00,New Asgard,Vibranium (kg),2427.9,5.0,False
2012-07-13T06:00:00,New Asgard,Arc Reactor Cores,705.97,6.0,False
2012-07-13T06:00:00,New Asgard,Pym Particles,718.03,5.5,False
2012-07-13T06:00:00,New Asgard,Clean Water (L),2406.08,6.0,False
2012-07-13T06:00:00,New Asgard,Medical Kits,733.26,4.5,False
2012-07-13T06:00:00,Wakanda,Vibranium (kg),2421.27,5.0,False
2012-07-13T06:00:00,Wakanda,Arc Reactor Cores,708.26,6.0,False
2012-07-13T06:00:00,Wakanda,Pym Particles,714.82,5.5,False
2012-07-13T06:00:00,Wakanda,Clean Water (L),2408.51,6.0,False
2012-07-13T06:00:00,Wakanda,Medical Kits,732.22,4.5,False
2012-07-13T06:00:00,Sokovia,Vibranium (kg),2425.59,5.0,False
2012-07-13T06:00:00,Sokovia,Arc Reactor Cores,711.09,6.0,False
2012-07-13T06:00:00,Sokovia,Pym Particles,715.14,5.5,False
2012-07-13T06:00:00,Sokovia,Clean Water (L),2408.85,6.0,False
2012-07-13T06:00:00,Sokovia,Medical Kits,737.88,4.5,False
2012-07-13T06:00:00,Sanctum Sanctorum,Vibranium (kg),2424.93,5.0,False
2012-07-13T06:00:00,Sanctum Sanctorum,Arc Reactor Cores,709.92,6.0,False
2012-07-13T06:00:00,Sanctum Sanctorum,Pym Particles,715.59,5.5,False
2012-07-13T06:00:00,Sanctum Sanctorum,Clean Water (L),2407.09,6.0,False
2012-07-13T06:00:00,Sanctum Sanctorum,Medical Kits,735.22,4.5,False
2012-07-13T06:00:00,Avengers Compound,Vibranium (kg),2427.75,5.0,False
2012-07-13T06:00:00,Avengers Compound,Arc Reactor Cores,705.44,6.0,False
2012-07-13T06:00:00,Avengers Compound,Pym Particles,718.85,5.5,False
2012-07-13T06:00:00,Avengers Compound,Clean Water (L),2406.25,6.0,False
2012-07-13T06:00:00,Avengers Compound,Medical Kits,733.88,4.5,False
2012-07-13T07:00:00,New Asgard,Vibranium (kg),2426.29,5.39,False
2012-07-13T07:00:00,New Asgard,Arc Reactor Cores,705.03,6.47,False
2012-07-13T07:00:00,New Asgard,Pym Particles,717.35,5.93,False
2012-07-13T07:00:00,New Asgard,Clean Water (L),2404.12,6.47,False
2012-07-13T07:00:00,New Asgard,Medical Kits,731.71,4.85,False
2012-07-13T07:00:00,Wakanda,Vibranium (kg),2421.05,5.39,False
2012-07-13T07:00:00,Wakanda,Arc Reactor Cores,707.55,6.47,False
2012-07-13T07:00:00,Wakanda,Pym Particles,715.72,5.93,False
2012-07-13T07:00:00,Wakanda,Clean Water (L),2407.73,6.47,False
2012-07-13T07:00:00,Wakanda,Medical Kits,731.43,4.85,False
2012-07-13T07:00:00,Sokovia,Vibranium (kg),2425.13,5.39,False
2012-07-13T07:00:00,Sokovia,Arc Reactor Cores,710.4,6.47,False
2012-07-13T07:00:00,Sokovia,Pym Particles,714.27,5.93,False
2012-07-13T07:00:00,Sokovia,Clean Water (L),2407.6,6.47,False
2012-07-13T07:00:00,Sokovia,Medical Kits,737.44,4.85,False
2012-07-13T07:00:00,Sanctum Sanctorum,Vibranium (kg),2423.01,5.39,False
2012-07-13T07:00:00,Sanctum Sanctorum,Arc Reactor Cores,708.82,6.47,False
2012-07-13T07:00:00,Sanctum Sanctorum,Pym Particles,716.57,5.93,False
2012-07-13T07:00:00,Sanctum Sanctorum,Clean Water (L),2405.36,6.47,False
2012-07-13T07:00:00,Sanctum Sanctorum,Medical Kits,735.16,4.85,False
2012-07-13T07:00:00,Avengers Compound,Vibranium (kg),2427.06,5.39,False
2012-07-13T07:00:00,Avengers Compound,Arc Reactor Cores,705.14,6.47,False
2012-07-13T07:00:00,Avengers Compound,Pym Particles,717.39,5.93,False
2012-07-13T07:00:00,Avengers Compound,Clean Water (L),2405.96,6.47,False
2012-07-13T07:00:00,Avengers Compound,Medical Kits,733.17,4.85,False
2012-07-13T08:00:00,New Asgard,Vibranium (kg),2424.74,5.75,False
2012-07-13T08:00:00,New Asgard,Arc Reactor Cores,703.98,6.9,False
2012-07-13T08:00:00,New Asgard,Pym Particles,715.69,6.32,False
2012-07-13T08:00:00,New Asgard,Clean Water (L),2402.54,6.9,False
2012-07-13T08:00:00,New Asgard,Medical Kits,732.03,5.17,False
2012-07-13T08:00:00,Wakanda,Vibranium (kg),2419.83,5.75,False
2012-07-13T08:00:00,Wakanda,Arc Reactor Cores,707.52,6.9,False
2012-07-13T08:00:00,Wakanda,Pym Particles,715.06,6.32,False
2012-07-13T08:00:00,Wakanda,Clean Water (L),2406.4,6.9,False
2012-07-13T08:00:00,Wakanda,Medical Kits,731.23,5.17,False
2012-07-13T08:00:00,Sokovia,Vibranium (kg),2423.69,5.75,False
2012-07-13T08:00:00,Sokovia,Arc Reactor Cores,709.11,6.9,False
2012-07-13T08:00:00,Sokovia,Pym Particles,711.98,6.32,False
2012-07-13T08:00:00,Sokovia,Clean Water (L),2405.07,6.9,False
2012-07-13T08:00:00,Sokovia,Medical Kits,735.77,5.17,False
2012-07-13T08:00:00,Sanctum Sanctorum,Vibranium (kg),2423.79,5.75,False
2012-07-13T08:00:00,Sanctum Sanctorum,Arc Reactor Cores,709.11,6.9,False
2012-07-13T08:00:00,Sanctum Sanctorum,Pym Particles,715.35,6.32,False
2012-07-13T08:00:00,Sanctum Sanctorum,Clean Water (L),2404.27,6.9,False
2012-07-13T08:00:00,Sanctum Sanctorum,Medical Kits,735.97,5.17,False
2012-07-13T08:00:00,Avengers Compound,Vibranium (kg),2425.35,5.75,False
2012-07-13T08:00:00,Avengers Compound,Arc Reactor Cores,703.67,6.9,False
2012-07-13T08:00:00,Avengers Compound,Pym Particles,715.9,6.32,False
2012-07-13T08:00:00,Avengers Compound,Clean Water (L),2403.17,6.9,False
2012-07-13T08:00:00,Avengers Compound,Medical Kits,731.33,5.17,False
2012-07-13T09:00:00,New Asgard,Vibranium (kg),2423.41,6.06,False
2012-07-13T09:00:00,New Asgard,Arc Reactor Cores,701.55,7.27,False
2012-07-13T09:00:00,New Asgard,Pym Particles,713.13,6.67,False
2012-07-13T09:00:00,New Asgard,Clean Water (L),2401.34,7.27,False
2012-07-13T09:00:00,New Asgard,Medical Kits,729.95,5.45,False
2012-07-13T09:00:00,Wakanda,Vibranium (kg),2418.46,6.06,False
2012-07-13T09:00:00,Wakanda,Arc Reactor Cores,705.46,7.27,False
2012-07-13T09:00:00,Wakanda,Pym Particles,713.59,6.67,False
2012-07-13T09:00:00,Wakanda,Clean Water (L),2403.21,7.27,False
2012-07-13T09:00:00,Wakanda,Medical Kits,730.02,5.45,False
2012-07-13T09:00:00,Sokovia,Vibranium (kg),2423.68,6.06,False
2012-07-13T09:00:00,Sokovia,Arc Reactor Cores,706.66,7.27,False
2012-07-13T09:00:00,Sokovia,Pym Particles,711.81,6.67,False
2012-07-13T09:00:00,Sokovia,Clean Water (L),2402.81,7.27,False
2012-07-13T09:00:00,Sokovia,Medical Kits,735.12,5.45,False
2012-07-13T09:00:00,Sanctum Sanctorum,Vibranium (kg),2423.5,6.06,False
2012-07-13T09:00:00,Sanctum Sanctorum,Arc Reactor Cores,707.52,7.27,False
2012-07-13T09:00:00,Sanctum Sanctorum,Pym Particles,713.83,6.67,False
2012-07-13T09:00:00,Sanctum Sanctorum,Clean Water (L),2403.9,7.27,False
2012-07-13T09:00:00,Sanctum Sanctorum,Medical Kits,734.01,5.45,False
2012-07-13T09:00:00,Avengers Compound,Vibranium (kg),2424.23,6.06,False
2012-07-13T09:00:00,Avengers Compound,Arc Reactor Cores,703.69,7.27,False
2012-07-13T09:00:00,Avengers Compound,Pym Particles,714.87,6.67,False
2012-07-13T09:00:00,Avengers Compound,Clean Water (L),2402.35,7.27,False
2012-07-13T09:00:00,Avengers Compound,Medical Kits,730.82,5.45,False
2012-07-13T10:00:00,New Asgard,Vibranium (kg),2421.06,6.3,False
2012-07-13T10:00:00,New Asgard,Arc Reactor Cores,699.7,7.56,False
2012-07-13T10:00:00,New Asgard,Pym Particles,711.24,6.93,False
2012-07-13T10:00:00,New Asgard,Clean Water (L),2400.0,7.56,False
2012-07-13T10:00:00,New Asgard,Medical Kits,729.35,5.67,False
2012-07-13T10:00:00,Wakanda,Vibranium (kg),2417.31,6.3,False
2012-07-13T10:00:00,Wakanda,Arc Reactor Cores,703.48,7.56,False
2012-07-13T10:00:00,Wakanda,Pym Particles,710.63,6.93,False
2012-07-13T10:00:00,Wakanda,Clean Water (L),2402.95,7.56,False
2012-07-13T10:00:00,Wakanda,Medical Kits,728.78,5.67,False
2012-07-13T10:00:00,Sokovia,Vibranium (kg),2423.76,6.3,False
2012-07-13T10:00:00,Sokovia,Arc Reactor Cores,706.29,7.56,False
2012-07-13T10:00:00,Sokovia,Pym Particles,709.16,6.93,False
2012-07-13T10:00:00,Sokovia,Clean Water (L),2402.41,7.56,False
2012-07-13T10:00:00,Sokovia,Medical Kits,734.33,5.67,False
2012-07-13T10:00:00,Sanctum Sanctorum,Vibranium (kg),2423.35,6.3,False
2012-07-13T10:00:00,Sanctum Sanctorum,Arc Reactor Cores,706.71,7.56,False
2012-07-13T10:00:00,Sanctum Sanctorum,Pym Particles,713.16,6.93,False
2012-07-13T10:00:00,Sanctum Sanctorum,Clean Water (L),2401.09,7.56,False
2012-07-13T10:00:00,Sanctum Sanctorum,Medical Kits,733.99,5.67,False
2012-07-13T10:00:00,Avengers Compound,Vibranium (kg),2422.93,6.3,False
2012-07-13T10:00:00,Avengers Compound,Arc Reactor Cores,701.8,7.56,False
2012-07-13T10:00:00,Avengers Compound,Pym Particles,713.53,6.93,False
2012-07-13T10:00:00,Avengers Compound,Clean Water (L),2401.99,7.56,False
2012-07-13T10:00:00,Avengers Compound,Medical Kits,728.28,5.67,False
2012-07-13T11:00:00,New Asgard,Vibranium (kg),2420.44,6.45,False
2012-07-13T11:00:00,New Asgard,Arc Reactor Cores,697.71,7.74,False
2012-07-13T11:00:00,New Asgard,Pym Particles,709.86,7.09,False
2012-07-13T11:00:00,New Asgard,Clean Water (L),2398.45,7.74,False
2012-07-13T11:00:00,New Asgard,Medical Kits,728.58,5.8,False
2012-07-13T11:00:00,Wakanda,Vibranium (kg),2416.78,6.45,False
2012-07-13T11:00:00,Wakanda,Arc Reactor Cores,702.59,7.74,False
2012-07-13T11:00:00,Wakanda,Pym Particles,710.38,7.09,False
2012-07-13T11:00:00,Wakanda,Clean Water (L),2401.4,7.74,False
2012-07-13T11:00:00,Wakanda,Medical Kits,726.69,5.8,False
2012-07-13T11:00:00,Sokovia,Vibranium (kg),2421.63,6.45,False
2012-07-13T11:00:00,Sokovia,Arc Reactor Cores,702.85,7.74,False
2012-07-13T11:00:00,Sokovia,Pym Particles,707.66,7.09,False
2012-07-13T11:00:00,Sokovia,Clean Water (L),2400.85,7.74,False
2012-07-13T11:00:00,Sokovia,Medical Kits,731.15,5.8,False
2012-07-13T11:00:00,Sanctum Sanctorum,Vibranium (kg),2421.48,6.45,False
2012-07-13T11:00:00,Sanctum Sanctorum,Arc Reactor Cores,706.34,7.74,False
2012-07-13T11:00:00,Sanctum Sanctorum,Pym Particles,709.94,7.09,False
2012-07-13T11:00:00,Sanctum Sanctorum,Clean Water (L),2400.89,7.74,False
2012-07-13T11:00:00,Sanctum Sanctorum,Medical Kits,732.24,5.8,False
2012-07-13T11:00:00,Avengers Compound,Vibranium (kg),2420.88,6.45,False
2012-07-13T11:00:00,Avengers Compound,Arc Reactor Cores,700.98,7.74,False
2012-07-13T11:00:00,Avengers Compound,Pym Particles,712.9,7.09,False
2012-07-13T11:00:00,Avengers Compound,Clean Water (L),2400.23,7.74,False
2012-07-13T11:00:00,Avengers Compound,Medical Kits,727.46,5.8,False
2012-07-13T12:00:00,New Asgard,Vibranium (kg),2419.17,6.5,False
2012-07-13T12:00:00,New Asgard,Arc Reactor Cores,696.95,7.8,False
2012-07-13T12:00:00,New Asgard,Pym Particles,709.23,7.15,False
2012-07-13T12:00:00,New Asgard,Clean Water (L),2395.83,7.8,False
2012-07-13T12:00:00,New Asgard,Medical Kits,727.23,5.85,False
2012-07-13T12:00:00,Wakanda,Vibranium (kg),2415.73,6.5,False
2012-07-13T12:00:00,Wakanda,Arc Reactor Cores,701.81,7.8,False
2012-07-13T12:00:00,Wakanda,Pym Particles,708.45,7.15,False
2012-07-13T12:00:00,Wakanda,Clean Water (L),2400.55,7.8,False
2012-07-13T12:00:00,Wakanda,Medical Kits,724.71,5.85,False
2012-07-13T12:00:00,Sokovia,Vibranium (kg),2420.12,6.5,False
2012-07-13T12:00:00,Sokovia,Arc Reactor Cores,699.88,7.8,False
2012-07-13T12:00:00,Sokovia,Pym Particles,706.67,7.15,False
2012-07-13T12:00:00,Sokovia,Clean Water (L),2398.13,7.8,False
2012-07-13T12:00:00,Sokovia,Medical Kits,729.21,5.85,False
2012-07-13T12:00:00,Sanctum Sanctorum,Vibranium (kg),2420.17,6.5,False
2012-07-13T12:00:00,Sanctum Sanctorum,Arc Reactor Cores,704.49,7.8,False
2012-07-13T12:00:00,Sanctum Sanctorum,Pym Particles,709.11,7.15,False
2012-07-13T12:00:00,Sanctum Sanctorum,Clean Water (L),2398.02,7.8,False
2012-07-13T12:00:00,Sanctum Sanctorum,Medical Kits,731.89,5.85,False
2012-07-13T12:00:00,Avengers Compound,Vibranium (kg),2417.96,6.5,False
2012-07-13T12:00:00,Avengers Compound,Arc Reactor Cores,697.65,7.8,False
2012-07-13T12:00:00,Avengers Compound,Pym Particles,712.36,7.15,False
2012-07-13T12:00:00,Avengers Compound,Clean Water (L),2398.27,7.8,False
2012-07-13T12:00:00,Avengers Compound,Medical Kits,726.84,5.85,False
2012-07-13T13:00:00,New Asgard,Vibranium (kg),2418.45,6.45,False
2012-07-13T13:00:00,New Asgard,Arc Reactor Cores,695.89,7.74,False
2012-07-13T13:00:00,New Asgard,Pym Particles,707.72,7.09,False
2012-07-13T13:00:00,New Asgard,Clean Water (L),2394.1,7.74,False
2012-07-13T13:00:00,New Asgard,Medical Kits,725.53,5.8,False
2012-07-13T13:00:00,Wakanda,Vibranium (kg),2415.59,6.45,False
2012-07-13T13:00:00,Wakanda,Arc Reactor Cores,700.33,7.74,False
2012-07-13T13:00:00,Wakanda,Pym Particles,706.26,7.09,False
2012-07-13T13:00:00,Wakanda,Clean Water (L),2397.79,7.74,False
2012-07-13T13:00:00,Wakanda,Medical Kits,723.24,5.8,False
2012-07-13T13:00:00,Sokovia,Vibranium (kg),2418.31,6.45,False
2012-07-13T13:00:00,Sokovia,Arc Reactor Cores,698.07,7.74,False
2012-07-13T13:00:00,Sokovia,Pym Particles,705.3,7.09,False
2012-07-13T13:00:00,Sokovia,Clean Water (L),2396.6,7.74,False
2012-07-13T13:00:00,Sokovia,Medical Kits,726.79,5.8,False
2012-07-13T13:00:00,Sanctum Sanctorum,Vibranium (kg),2418.68,6.45,False
2012-07-13T13:00:00,Sanctum Sanctorum,Arc Reactor Cores,701.61,7.74,False
2012-07-13T13:00:00,Sanctum Sanctorum,Pym Particles,708.15,7.09,False
2012-07-13T13:00:00,Sanctum Sanctorum,Clean Water (L),2396.99,7.74,False
2012-07-13T13:00:00,Sanctum Sanctorum,Medical Kits,731.19,5.8,False
2012-07-13T13:00:00,Avengers Compound,Vibranium (kg),2416.6,6.45,False
2012-07-13T13:00:00,Avengers Compound,Arc Reactor Cores,696.56,7.74,False
2012-07-13T13:00:00,Avengers Compound,Pym Particles,712.34,7.09,False
2012-07-13T13:00:00,Avengers Compound,Clean Water (L),2395.96,7.74,False
2012-07-13T13:00:00,Avengers Compound,Medical Kits,726.04,5.8,False
2012-07-13T14:00:00,New Asgard,Vibranium (kg),2417.42,6.3,False
2012-07-13T14:00:00,New Asgard,Arc Reactor Cores,693.99,7.56,False
2012-07-13T14:00:00,New Asgard,Pym Particles,706.65,6.93,False
2012-07-13T14:00:00,New Asgard,Clean Water (L),2392.37,7.56,False
2012-07-13T14:00:00,New Asgard,Medical Kits,723.08,5.67,False
2012-07-13T14:00:00,Wakanda,Vibranium (kg),2414.6,6.3,False
2012-07-13T14:00:00,Wakanda,Arc Reactor Cores,699.33,7.56,False
2012-07-13T14:00:00,Wakanda,Pym Particles,705.6,6.93,False
2012-07-13T14:00:00,Wakanda,Clean Water (L),2397.53,7.56,False
2012-07-13T14:00:00,Wakanda,Medical Kits,721.83,5.67,False
2012-07-13T14:00:00,Sokovia,Vibranium (kg),2416.11,6.3,False
2012-07-13T14:00:00,Sokovia,Arc Reactor Cores,696.59,7.56,False
2012-07-13T14:00:00,Sokovia,Pym Particles,703.78,6.93,False
2012-07-13T14:00:00,Sokovia,Clean Water (L),2394.72,7.56,False
2012-07-13T14:00:00,Sokovia,Medical Kits,724.99,5.67,False
2012-07-13T14:00:00,Sanctum Sanctorum,Vibranium (kg),2417.72,6.3,False
2012-07-13T14:00:00,Sanctum Sanctorum,Arc Reactor Cores,701.54,7.56,False
2012-07-13T14:00:00,Sanctum Sanctorum,Pym Particles,708.27,6.93,False
2012-07-13T14:00:00,Sanctum Sanctorum,Clean Water (L),2395.61,7.56,False
2012-07-13T14:00:00,Sanctum Sanctorum,Medical Kits,729.23,5.67,False
2012-07-13T14:00:00,Avengers Compound,Vibranium (kg),2415.46,6.3,False
2012-07-13T14:00:00,Avengers Compound,Arc Reactor Cores,695.37,7.56,False
2012-07-13T14:00:00,Avengers Compound,Pym Particles,711.08,6.93,False
2012-07-13T14:00:00,Avengers Compound,Clean Water (L),2394.79,7.56,False
2012-07-13T14:00:00,Avengers Compound,Medical Kits,725.9,5.67,False
2012-07-13T15:00:00,New Asgard,Vibranium (kg),2416.42,6.06,False
2012-07-13T15:00:00,New Asgard,Arc Reactor Cores,692.59,7.27,False
2012-07-13T15:00:00,New Asgard,Pym Particles,705.23,6.67,False
2012-07-13T15:00:00,New Asgard,Clean Water (L),2392.48,7.27,False
2012-07-13T15:00:00,New Asgard,Medical Kits,721.85,5.45,False
2012-07-13T15:00:00,Wakanda,Vibranium (kg),2413.34,6.06,False
2012-07-13T15:00:00,Wakanda,Arc Reactor Cores,698.34,7.27,False
2012-07-13T15:00:00,Wakanda,Pym Particles,705.23,6.67,False
2012-07-13T15:00:00,Wakanda,Clean Water (L),2397.12,7.27,False
2012-07-13T15:00:00,Wakanda,Medical Kits,721.46,5.45,False
2012-07-13T15:00:00,Sokovia,Vibranium (kg),2415.84,6.06,False
2012-07-13T15:00:00,Sokovia,Arc Reactor Cores,697.01,7.27,False
2012-07-13T15:00:00,Sokovia,Pym Particles,702.32,6.67,False
2012-07-13T15:00:00,Sokovia,Clean Water (L),2394.32,7.27,False
2012-07-13T15:00:00,Sokovia,Medical Kits,724.01,5.45,False
2012-07-13T15:00:00,Sanctum Sanctorum,Vibranium (kg),2416.7,6.06,False
2012-07-13T15:00:00,Sanctum Sanctorum,Arc Reactor Cores,700.14,7.27,False
2012-07-13T15:00:00,Sanctum Sanctorum,Pym Particles,706.38,6.67,False
2012-07-13T15:00:00,Sanctum Sanctorum,Clean Water (L),2394.05,7.27,False
2012-07-13T15:00:00,Sanctum Sanctorum,Medical Kits,728.33,5.45,False
2012-07-13T15:00:00,Avengers Compound,Vibranium (kg),2414.45,6.06,False
2012-07-13T15:00:00,Avengers Compound,Arc Reactor Cores,694.78,7.27,False
2012-07-13T15:00:00,Avengers Compound,Pym Particles,710.06,6.67,False
2012-07-13T15:00:00,Avengers Compound,Clean Water (L),2394.44,7.27,False
2012-07-13T15:00:00,Avengers Compound,Medical Kits,724.59,5.45,False
2012-07-13T16:00:00,New Asgard,Vibranium (kg),2415.5,5.75,False
2012-07-13T16:00:00,New Asgard,Arc Reactor Cores,692.07,6.9,False
2012-07-13T16:00:00,New Asgard,Pym Particles,705.04,6.32,False
2012-07-13T16:00:00,New Asgard,Clean Water (L),2391.15,6.9,False
2012-07-13T16:00:00,New Asgard,Medical Kits,721.71,5.17,False
2012-07-13T16:00:00,Wakanda,Vibranium (kg),2411.91,5.75,False
2012-07-13T16:00:00,Wakanda,Arc Reactor Cores,698.29,6.9,False
2012-07-13T16:00:00,Wakanda,Pym Particles,705.36,6.32,False
2012-07-13T16:00:00,Wakanda,Clean Water (L),2395.6,6.9,False
2012-07-13T16:00:00,Wakanda,Medical Kits,720.88,5.17,False
2012-07-13T16:00:00,Sokovia,Vibranium (kg),2414.28,5.75,False
2012-07-13T16:00:00,Sokovia,Arc Reactor Cores,696.07,6.9,False
2012-07-13T16:00:00,Sokovia,Pym Particles,703.32,6.32,False
2012-07-13T16:00:00,Sokovia,Clean Water (L),2392.36,6.9,False
2012-07-13T16:00:00,Sokovia,Medical Kits,722.28,5.17,False
2012-07-13T16:00:00,Sanctum Sanctorum,Vibranium (kg),2415.52,5.75,False
2012-07-13T16:00:00,Sanctum Sanctorum,Arc Reactor Cores,700.4,6.9,False
2012-07-13T16:00:00,Sanctum Sanctorum,Pym Particles,704.69,6.32,False
2012-07-13T16:00:00,Sanctum Sanctorum,Clean Water (L),2394.98,6.9,False
2012-07-13T16:00:00,Sanctum Sanctorum,Medical Kits,727.4,5.17,False
2012-07-13T16:00:00,Avengers Compound,Vibranium (kg),2413.2,5.75,False
2012-07-13T16:00:00,Avengers Compound,Arc Reactor Cores,692.45,6.9,False
2012-07-13T16:00:00,Avengers Compound,Pym Particles,710.15,6.32,False
2012-07-13T16:00:00,Avengers Compound,Clean Water (L),2393.53,6.9,False
2012-07-13T16:00:00,Avengers Compound,Medical Kits,725.08,5.17,False
2012-07-13T17:00:00,New Asgard,Vibranium (kg),2415.64,5.39,False
2012-07-13T17:00:00,New Asgard,Arc Reactor Cores,692.14,6.47,False
2012-07-13T17:00:00,New Asgard,Pym Particles,704.7,5.93,False
2012-07-13T17:00:00,New Asgard,Clean Water (L),2392.23,6.47,False
2012-07-13T17:00:00,New Asgard,Medical Kits,720.68,4.85,False
2012-07-13T17:00:00,Wakanda,Vibranium (kg),2411.28,5.39,False
2012-07-13T17:00:00,Wakanda,Arc Reactor Cores,698.52,6.47,False
2012-07-13T17:00:00,Wakanda,Pym Particles,705.84,5.93,False
2012-07-13T17:00:00,Wakanda,Clean Water (L),2396.91,6.47,False
2012-07-13T17:00:00,Wakanda,Medical Kits,721.27,4.85,False
2012-07-13T17:00:00,Sokovia,Vibranium (kg),2413.91,5.39,False
2012-07-13T17:00:00,Sokovia,Arc Reactor Cores,696.04,6.47,False
2012-07-13T17:00:00,Sokovia,Pym Particles,702.73,5.93,False
2012-07-13T17:00:00,Sokovia,Clean Water (L),2392.22,6.47,False
2012-07-13T17:00:00,Sokovia,Medical Kits,722.78,4.85,False
2012-07-13T17:00:00,Sanctum Sanctorum,Vibranium (kg),2417.27,5.39,False
2012-07-13T17:00:00,Sanctum Sanctorum,Arc Reactor Cores,699.23,6.47,False
2012-07-13T17:00:00,Sanctum Sanctorum,Pym Particles,706.13,5.93,False
2012-07-13T17:00:00,Sanctum Sanctorum,Clean Water (L),2394.23,6.47,False
2012-07-13T17:00:00,Sanctum Sanctorum,Medical Kits,727.54,4.85,False
2012-07-13T17:00:00,Avengers Compound,Vibranium (kg),2413.65,5.39,False
2012-07-13T17:00:00,Avengers Compound,Arc Reactor Cores,692.79,6.47,False
2012-07-13T17:00:00,Avengers Compound,Pym Particles,709.97,5.93,False
2012-07-13T17:00:00,Avengers Compound,Clean Water (L),2393.18,6.47,False
2012-07-13T17:00:00,Avengers Compound,Medical Kits,726.05,4.85,False
2012-07-13T18:00:00,New Asgard,Vibranium (kg),2415.9,5.0,False
2012-07-13T18:00:00,New Asgard,Arc Reactor Cores,691.01,6.0,False
2012-07-13T18:00:00,New Asgard,Pym Particles,704.18,5.5,False
2012-07-13T18:00:00,New Asgard,Clean Water (L),2393.79,6.0,False
2012-07-13T18:00:00,New Asgard,Medical Kits,721.62,4.5,False
2012-07-13T18:00:00,Wakanda,Vibranium (kg),2410.08,5.0,False
2012-07-13T18:00:00,Wakanda,Arc Reactor Cores,698.17,6.0,False
2012-07-13T18:00:00,Wakanda,Pym Particles,706.0,5.5,False
2012-07-13T18:00:00,Wakanda,Clean Water (L),2395.94,6.0,False
2012-07-13T18:00:00,Wakanda,Medical Kits,722.11,4.5,False
2012-07-13T18:00:00,Sokovia,Vibranium (kg),2413.28,5.0,False
2012-07-13T18:00:00,Sokovia,Arc Reactor Cores,696.74,6.0,False
2012-07-13T18:00:00,Sokovia,Pym Particles,702.38,5.5,False
2012-07-13T18:00:00,Sokovia,Clean Water (L),2392.02,6.0,False
2012-07-13T18:00:00,Sokovia,Medical Kits,724.31,4.5,False
2012-07-13T18:00:00,Sanctum Sanctorum,Vibranium (kg),2417.95,5.0,False
2012-07-13T18:00:00,Sanctum Sanctorum,Arc Reactor Cores,699.69,6.0,False
2012-07-13T18:00:00,Sanctum Sanctorum,Pym Particles,707.13,5.5,False
2012-07-13T18:00:00,Sanctum Sanctorum,Clean Water (L),2394.34,6.0,False
2012-07-13T18:00:00,Sanctum Sanctorum,Medical Kits,726.25,4.5,False
2012-07-13T18:00:00,Avengers Compound,Vibranium (kg),2413.32,5.0,False
2012-07-13T18:00:00,Avengers Compound,Arc Reactor Cores,694.02,6.0,False
2012-07-13T18:00:00,Avengers Compound,Pym Particles,708.6,5.5,False
2012-07-13T18:00:00,Avengers Compound,Clean Water (L),2391.99,6.0,False
2012-07-13T18:00:00,Avengers Compound,Medical Kits,726.22,4.5,False
2012-07-13T19:00:00,New Asgard,Vibranium (kg),2416.31,4.61,False
2012-07-13T19:00:00,New Asgard,Arc Reactor Cores,692.15,5.53,False
2012-07-13T19:00:00,New Asgard,Pym Particles,705.17,5.07,False
2012-07-13T19:00:00,New Asgard,Clean Water (L),2395.37,5.53,False
2012-07-13T19:00:00,New Asgard,Medical Kits,723.68,4.15,False
2012-07-13T19:00:00,Wakanda,Vibranium (kg),2411.71,4.61,False
2012-07-13T19:00:00,Wakanda,Arc Reactor Cores,698.36,5.53,False
2012-07-13T19:00:00,Wakanda,Pym Particles,705.38,5.07,False
2012-07-13T19:00:00,Wakanda,Clean Water (L),2396.7,5.53,False
2012-07-13T19:00:00,Wakanda,Medical Kits,721.64,4.15,False
2012-07-13T19:00:00,Sokovia,Vibranium (kg),2414.05,4.61,False
2012-07-13T19:00:00,Sokovia,Arc Reactor Cores,697.09,5.53,False
2012-07-13T19:00:00,Sokovia,Pym Particles,703.12,5.07,False
2012-07-13T19:00:00,Sokovia,Clean Water (L),2393.35,5.53,False
2012-07-13T19:00:00,Sokovia,Medical Kits,726.56,4.15,False
2012-07-13T19:00:00,Sanctum Sanctorum,Vibranium (kg),2419.89,4.61,False
2012-07-13T19:00:00,Sanctum Sanctorum,Arc Reactor Cores,698.7,5.53,False
2012-07-13T19:00:00,Sanctum Sanctorum,Pym Particles,708.68,5.07,False
2012-07-13T19:00:00,Sanctum Sanctorum,Clean Water (L),2394.04,5.53,False
2012-07-13T19:00:00,Sanctum Sanctorum,Medical Kits,728.44,4.15,False
2012-07-13T19:00:00,Avengers Compound,Vibranium (kg),2415.27,4.61,False
2012-07-13T19:00:00,Avengers Compound,Arc Reactor Cores,695.79,5.53,False
2012-07-13T19:00:00,Avengers Compound,Pym Particles,708.88,5.07,False
2012-07-13T19:00:00,Avengers Compound,Clean Water (L),2392.19,5.53,False
2012-07-13T19:00:00,Avengers Compound,Medical Kits,726.96,4.15,False
2012-07-13T20:00:00,New Asgard,Vibranium (kg),2417.2,4.25,False
2012-07-13T20:00:00,New Asgard,Arc Reactor Cores,694.17,5.1,False
2012-07-13T20:00:00,New Asgard,Pym Particles,707.59,4.68,False
2012-07-13T20:00:00,New Asgard,Clean Water (L),2397.34,5.1,False
2012-07-13T20:00:00,New Asgard,Medical Kits,726.44,3.83,False
2012-07-13T20:00:00,Wakanda,Vibranium (kg),2412.14,4.25,False
2012-07-13T20:00:00,Wakanda,Arc Reactor Cores,698.01,5.1,False
2012-07-13T20:00:00,Wakanda,Pym Particles,705.22,4.68,False
2012-07-13T20:00:00,Wakanda,Clean Water (L),2396.81,5.1,False
2012-07-13T20:00:00,Wakanda,Medical Kits,722.28,3.83,False
2012-07-13T20:00:00,Sokovia,Vibranium (kg),2415.09,4.25,False
2012-07-13T20:00:00,Sokovia,Arc Reactor Cores,696.65,5.1,False
2012-07-13T20:00:00,Sokovia,Pym Particles,705.16,4.68,False
2012-07-13T20:00:00,Sokovia,Clean Water (L),2395.21,5.1,False
2012-07-13T20:00:00,Sokovia,Medical Kits,727.0,3.83,False
2012-07-13T20:00:00,Sanctum Sanctorum,Vibranium (kg),2419.14,4.25,False
2012-07-13T20:00:00,Sanctum Sanctorum,Arc Reactor Cores,699.26,5.1,False
2012-07-13T20:00:00,Sanctum Sanctorum,Pym Particles,710.12,4.68,False
2012-07-13T20:00:00,Sanctum Sanctorum,Clean Water (L),2394.29,5.1,False
2012-07-13T20:00:00,Sanctum Sanctorum,Medical Kits,729.05,3.83,False
2012-07-13T20:00:00,Avengers Compound,Vibranium (kg),2416.38,4.25,False
2012-07-13T20:00:00,Avengers Compound,Arc Reactor Cores,698.18,5.1,False
2012-07-13T20:00:00,Avengers Compound,Pym Particles,710.73,4.68,False
2012-07-13T20:00:00,Avengers Compound,Clean Water (L),2393.59,5.1,False
2012-07-13T20:00:00,Avengers Compound,Medical Kits,728.24,3.83,False
2012-07-13T21:00:00,New Asgard,Vibranium (kg),2417.92,3.94,False
2012-07-13T21:00:00,New Asgard,Arc Reactor Cores,694.25,4.73,False
2012-07-13T21:00:00,New Asgard,Pym Particles,709.62,4.33,False
2012-07-13T21:00:00,New Asgard,Clean Water (L),2398.48,4.73,False
2012-07-13T21:00:00,New Asgard,Medical Kits,727.43,3.55,False
2012-07-13T21:00:00,Wakanda,Vibranium (kg),2414.21,3.94,False
2012-07-13T21:00:00,Wakanda,Arc Reactor Cores,698.54,4.73,False
2012-07-13T21:00:00,Wakanda,Pym Particles,706.24,4.33,False
2012-07-13T21:00:00,Wakanda,Clean Water (L),2398.01,4.73,False
2012-07-13T21:00:00,Wakanda,Medical Kits,722.53,3.55,False
2012-07-13T21:00:00,Sokovia,Vibranium (kg),2416.41,3.94,False
2012-07-13T21:00:00,Sokovia,Arc Reactor Cores,698.03,4.73,False
2012-07-13T21:00:00,Sokovia,Pym Particles,706.55,4.33,False
2012-07-13T21:00:00,Sokovia,Clean Water (L),2396.94,4.73,False
2012-07-13T21:00:00,Sokovia,Medical Kits,728.12,3.55,False
2012-07-13T21:00:00,Sanctum Sanctorum,Vibranium (kg),2420.52,3.94,False
2012-07-13T21:00:00,Sanctum Sanctorum,Arc Reactor Cores,700.46,4.73,False
2012-07-13T21:00:00,Sanctum Sanctorum,Pym Particles,711.72,4.33,False
2012-07-13T21:00:00,Sanctum Sanctorum,Clean Water (L),2396.6,4.73,False
2012-07-13T21:00:00,Sanctum Sanctorum,Medical Kits,731.24,3.55,False
2012-07-13T21:00:00,Avengers Compound,Vibranium (kg),2417.43,3.94,False
2012-07-13T21:00:00,Avengers Compound,Arc Reactor Cores,698.19,4.73,False
2012-07-13T21:00:00,Avengers Compound,Pym Particles,710.95,4.33,False
2012-07-13T21:00:00,Avengers Compound,Clean Water (L),2396.72,4.73,False
2012-07-13T21:00:00,Avengers Compound,Medical Kits,728.41,3.55,False
2012-07-13T22:00:00,New Asgard,Vibranium (kg),2418.94,3.7,False
2012-07-13T22:00:00,New Asgard,Arc Reactor Cores,694.98,4.44,False
2012-07-13T22:00:00,New Asgard,Pym Particles,711.1,4.07,False
2012-07-13T22:00:00,New Asgard,Clean Water (L),2400.62,4.44,False
2012-07-13T22:00:00,New Asgard,Medical Kits,729.65,3.33,False
2012-07-13T22:00:00,Wakanda,Vibranium (kg),2416.3,3.7,False
2012-07-13T22:00:00,Wakanda,Arc Reactor Cores,698.94,4.44,False
2012-07-13T22:00:00,Wakanda,Pym Particles,707.07,4.07,False
2012-07-13T22:00:00,Wakanda,Clean Water (L),2399.24,4.44,False
2012-07-13T22:00:00,Wakanda,Medical Kits,725.7,3.33,False
2012-07-13T22:00:00,Sokovia,Vibranium (kg),2417.84,3.7,False
2012-07-13T22:00:00,Sokovia,Arc Reactor Cores,700.2,4.44,False
2012-07-13T22:00:00,Sokovia,Pym Particles,707.28,4.07,False
2012-07-13T22:00:00,Sokovia,Clean Water (L),2397.85,4.44,False
2012-07-13T22:00:00,Sokovia,Medical Kits,729.5,3.33,False
2012-07-13T22:00:00,Sanctum Sanctorum,Vibranium (kg),2421.71,3.7,False
2012-07-13T22:00:00,Sanctum Sanctorum,Arc Reactor Cores,701.52,4.44,False
2012-07-13T22:00:00,Sanctum Sanctorum,Pym Particles,713.3,4.07,False
2012-07-13T22:00:00,Sanctum Sanctorum,Clean Water (L),2397.24,4.44,False
2012-07-13T22:00:00,Sanctum Sanctorum,Medical Kits,732.93,3.33,False
2012-07-13T22:00:00,Avengers Compound,Vibranium (kg),2418.98,3.7,False
2012-07-13T22:00:00,Avengers Compound,Arc Reactor Cores,698.51,4.44,False
2012-07-13T22:00:00,Avengers Compound,Pym Particles,710.61,4.07,False
2012-07-13T22:00:00,Avengers Compound,Clean Water (L),2397.24,4.44,False
2012-07-13T22:00:00,Avengers Compound,Medical Kits,731.01,3.33,False
2012-07-13T23:00:00,New Asgard,Vibranium (kg),2420.55,3.55,False
2012-07-13T23:00:00,New Asgard,Arc Reactor Cores,695.95,4.26,False
2012-07-13T23:00:00,New Asgard,Pym Particles,711.21,3.91,False
2012-07-13T23:00:00,New Asgard,Clean Water (L),2402.14,4.26,False
2012-07-13T23:00:00,New Asgard,Medical Kits,729.83,3.2,False
2012-07-13T23:00:00,Wakanda,Vibranium (kg),2419.42,3.55,False
2012-07-13T23:00:00,Wakanda,Arc Reactor Cores,700.61,4.26,False
2012-07-13T23:00:00,Wakanda,Pym Particles,707.91,3.91,False
2012-07-13T23:00:00,Wakanda,Clean Water (L),2400.63,4.26,False
2012-07-13T23:00:00,Wakanda,Medical Kits,726.45,3.2,False
2012-07-13T23:00:00,Sokovia,Vibranium (kg),2418.07,3.55,False
2012-07-13T23:00:00,Sokovia,Arc Reactor Cores,701.41,4.26,False
2012-07-13T23:00:00,Sokovia,Pym Particles,707.55,3.91,False
2012-07-13T23:00:00,Sokovia,Clean Water (L),2399.72,4.26,False
2012-07-13T23:00:00,Sokovia,Medical Kits,729.92,3.2,False
2012-07-13T23:00:00,Sanctum Sanctorum,Vibranium (kg),2422.27,3.55,False
2012-07-13T23:00:00,Sanctum Sanctorum,Arc Reactor Cores,703.85,4.26,False
2012-07-13T23:00:00,Sanctum Sanctorum,Pym Particles,714.79,3.91,False
2012-07-13T23:00:00,Sanctum Sanctorum,Clean Water (L),2398.51,4.26,False
2012-07-13T23:00:00,Sanctum Sanctorum,Medical Kits,733.96,3.2,False
2012-07-13T23:00:00,Avengers Compound,Vibranium (kg),2422.22,3.55,False
2012-07-13T23:00:00,Avengers Compound,Arc Reactor Cores,699.4,4.26,False
2012-07-13T23:00:00,Avengers Compound,Pym Particles,713.66,3.91,False
2012-07-13T23:00:00,Avengers Compound,Clean Water (L),2397.54,4.26,False
2012-07-13T23:00:00,Avengers Compound,Medical Kits,732.16,3.2,False
2012-07-14T00:00:00,New Asgard,Vibranium (kg),2422.55,3.5,False
2012-07-14T00:00:00,New Asgard,Arc Reactor Cores,697.24,4.2,False
2012-07-14T00:00:00,New Asgard,Pym Particles,712.32,3.85,False
2012-07-14T00:00:00,New Asgard,Clean Water (L),2404.95,4.2,False
2012-07-14T00:00:00,New Asgard,Medical Kits,731.49,3.15,False
2012-07-14T00:00:00,Wakanda,Vibranium (kg),2420.45,3.5,False
2012-07-14T00:00:00,Wakanda,Arc Reactor Cores,702.81,4.2,False
2012-07-14T00:00:00,Wakanda,Pym Particles,709.26,3.85,False
2012-07-14T00:00:00,Wakanda,Clean Water (L),2401.61,4.2,False
2012-07-14T00:00:00,Wakanda,Medical Kits,727.2,3.15,False
2012-07-14T00:00:00,Sokovia,Vibranium (kg),2419.67,3.5,False
2012-07-14T00:00:00,Sokovia,Arc Reactor Cores,703.34,4.2,False
2012-07-14T00:00:00,Sokovia,Pym Particles,709.18,3.85,False
2012-07-14T00:00:00,Sokovia,Clean Water (L),2401.1,4.2,False
2012-07-14T00:00:00,Sokovia,Medical Kits,730.01,3.15,False
2012-07-14T00:00:00,Sanctum Sanctorum,Vibranium (kg),2424.09,3.5,False
2012-07-14T00:00:00,Sanctum Sanctorum,Arc Reactor Cores,704.74,4.2,False
2012-07-14T00:00:00,Sanctum Sanctorum,Pym Particles,715.44,3.85,False
2012-07-14T00:00:00,Sanctum Sanctorum,Clean Water (L),2399.58,4.2,False
2012-07-14T00:00:00,Sanctum Sanctorum,Medical Kits,734.44,3.15,False
2012-07-14T00:00:00,Avengers Compound,Vibranium (kg),2424.38,3.5,False
2012-07-14T00:00:00,Avengers Compound,Arc Reactor Cores,700.8,4.2,False
2012-07-14T00:00:00,Avengers Compound,Pym Particles,714.27,3.85,False
2012-07-14T00:00:00,Avengers Compound,Clean Water (L),2399.21,4.2,False
2012-07-14T00:00:00,Avengers Compound,Medical Kits,733.89,3.15,False
2012-07-14T01:00:00,New Asgard,Vibranium (kg),2424.37,3.55,False
2012-07-14T01:00:00,New Asgard,Arc Reactor Cores,700.86,4.26,False
2012-07-14T01:00:00,New Asgard,Pym Particles,712.71,3.91,False
2012-07-14T01:00:00,New Asgard,Clean Water (L),2407.28,4.26,False
2012-07-14T01:00:00,New Asgard,Medical Kits,731.63,3.2,False
2012-07-14T01:00:00,Wakanda,Vibranium (kg),2421.37,3.55,False
2012-07-14T01:00:00,Wakanda,Arc Reactor Cores,704.63,4.26,False
2012-07-14T01:00:00,Wakanda,Pym Particles,710.89,3.91,False
2012-07-14T01:00:00,Wakanda,Clean Water (L),2403.06,4.26,False
2012-07-14T01:00:00,Wakanda,Medical Kits,726.96,3.2,False
2012-07-14T01:00:00,Sokovia,Vibranium (kg),2419.86,3.55,False
2012-07-14T01:00:00,Sokovia,Arc Reactor Cores,703.51,4.26,False
2012-07-14T01:00:00,Sokovia,Pym Particles,710.26,3.91,False
2012-07-14T01:00:00,Sokovia,Clean Water (L),2402.57,4.26,False
2012-07-14T01:00:00,Sokovia,Medical Kits,732.0,3.2,False
2012-07-14T01:00:00,Sanctum Sanctorum,Vibranium (kg),2426.24,3.55,False
2012-07-14T01:00:00,Sanctum Sanctorum,Arc Reactor Cores,707.2,4.26,False
2012-07-14T01:00:00,Sanctum Sanctorum,Pym Particles,717.33,3.91,False
2012-07-14T01:00:00,Sanctum Sanctorum,Clean Water (L),2402.11,4.26,False
2012-07-14T01:00:00,Sanctum Sanctorum,Medical Kits,735.63,3.2,False
2012-07-14T01:00:00,Avengers Compound,Vibranium (kg),2425.53,3.55,False
2012-07-14T01:00:00,Avengers Compound,Arc Reactor Cores,702.36,4.26,False
2012-07-14T01:00:00,Avengers Compound,Pym Particles,717.02,3.91,False
2012-07-14T01:00:00,Avengers Compound,Clean Water (L),2401.62,4.26,False
2012-07-14T01:00:00,Avengers Compound,Medical Kits,734.38,3.2,False
2012-07-14T02:00:00,New Asgard,Vibranium (kg),2424.75,3.7,False
2012-07-14T02:00:00,New Asgard,Arc Reactor Cores,702.78,4.44,False
2012-07-14T02:00:00,New Asgard,Pym Particles,714.02,4.07,False
2012-07-14T02:00:00,New Asgard,Clean Water (L),2409.58,4.44,False
2012-07-14T02:00:00,New Asgard,Medical Kits,733.59,3.33,False
2012-07-14T02:00:00,Wakanda,Vibranium (kg),2422.61,3.7,False
2012-07-14T02:00:00,Wakanda,Arc Reactor Cores,705.53,4.44,False
2012-07-14T02:00:00,Wakanda,Pym Particles,711.21,4.07,False
2012-07-14T02:00:00,Wakanda,Clean Water (L),2403.37,4.44,False
2012-07-14T02:00:00,Wakanda,Medical Kits,729.16,3.33,False
2012-07-14T02:00:00,Sokovia,Vibranium (kg),2421.97,3.7,False
2012-07-14T02:00:00,Sokovia,Arc Reactor Cores,704.77,4.44,False
2012-07-14T02:00:00,Sokovia,Pym Particles,711.22,4.07,False
2012-07-14T02:00:00,Sokovia,Clean Water (L),2404.56,4.44,False
2012-07-14T02:00:00,Sokovia,Medical Kits,733.79,3.33,False
2012-07-14T02:00:00,Sanctum Sanctorum,Vibranium (kg),2428.29,3.7,False
2012-07-14T02:00:00,Sanctum Sanctorum,Arc Reactor Cores,707.33,4.44,False
2012-07-14T02:00:00,Sanctum Sanctorum,Pym Particles,718.28,4.07,False
2012-07-14T02:00:00,Sanctum Sanctorum,Clean Water (L),2402.74,4.44,False
2012-07-14T02:00:00,Sanctum Sanctorum,Medical Kits,736.34,3.33,False
2012-07-14T02:00:00,Avengers Compound,Vibranium (kg),2425.5,3.7,False
2012-07-14T02:00:00,Avengers Compound,Arc Reactor Cores,704.61,4.44,False
2012-07-14T02:00:00,Avengers Compound,Pym Particles,717.64,4.07,False
2012-07-14T02:00:00,Avengers Compound,Clean Water (L),2403.12,4.44,False
2012-07-14T02:00:00,Avengers Compound,Medical Kits,734.84,3.33,False
2012-07-14T03:00:00,New Asgard,Vibranium (kg),2425.31,3.94,False
2012-07-14T03:00:00,New Asgard,Arc Reactor Cores,702.29,4.73,False
2012-07-14T03:00:00,New Asgard,Pym Particles,716.44,4.33,False
2012-07-14T03:00:00,New Asgard,Clean Water (L),2409.45,4.73,False
2012-07-14T03:00:00,New Asgard,Medical Kits,734.79,3.55,False
2012-07-14T03:00:00,Wakanda,Vibranium (kg),2424.8,3.94,False
2012-07-14T03:00:00,Wakanda,Arc Reactor Cores,706.9,4.73,False
2012-07-14T03:00:00,Wakanda,Pym Particles,711.74,4.33,False
2012-07-14T03:00:00,Wakanda,Clean Water (L),2402.73,4.73,False
2012-07-14T03:00:00,Wakanda,Medical Kits,731.91,3.55,False
2012-07-14T03:00:00,Sokovia,Vibranium (kg),2423.01,3.94,False
2012-07-14T03:00:00,Sokovia,Arc Reactor Cores,706.75,4.73,False
2012-07-14T03:00:00,Sokovia,Pym Particles,712.14,4.33,False
2012-07-14T03:00:00,Sokovia,Clean Water (L),2404.19,4.73,False
2012-07-14T03:00:00,Sokovia,Medical Kits,735.36,3.55,False
2012-07-14T03:00:00,Sanctum Sanctorum,Vibranium (kg),2430.25,3.94,False
2012-07-14T03:00:00,Sanctum Sanctorum,Arc Reactor Cores,708.6,4.73,False
2012-07-14T03:00:00,Sanctum Sanctorum,Pym Particles,718.53,4.33,False
2012-07-14T03:00:00,Sanctum Sanctorum,Clean Water (L),2402.89,4.73,False
2012-07-14T03:00:00,Sanctum Sanctorum,Medical Kits,737.3,3.55,False
2012-07-14T03:00:00,Avengers Compound,Vibranium (kg),2427.26,3.94,False
2012-07-14T03:00:00,Avengers Compound,Arc Reactor Cores,705.46,4.73,False
2012-07-14T03:00:00,Avengers Compound,Pym Particles,717.71,4.33,False
2012-07-14T03:00:00,Avengers Compound,Clean Water (L),2403.65,4.73,False
2012-07-14T03:00:00,Avengers Compound,Medical Kits,735.64,3.55,False
2012-07-14T04:00:00,New Asgard,Vibranium (kg),2425.64,4.25,False
2012-07-14T04:00:00,New Asgard,Arc Reactor Cores,704.33,5.1,False
2012-07-14T04:00:00,New Asgard,Pym Particles,717.22,4.68,False
2012-07-14T04:00:00,New Asgard,Clean Water (L),2409.13,5.1,False
2012-07-14T04:00:00,New Asgard,Medical Kits,735.53,3.83,False
2012-07-14T04:00:00,Wakanda,Vibranium (kg),2425.11,4.25,False
2012-07-14T04:00:00,Wakanda,Arc Reactor Cores,707.21,5.1,False
2012-07-14T04:00:00,Wakanda,Pym Particles,712.04,4.68,False
2012-07-14T04:00:00,Wakanda,Clean Water (L),2403.48,5.1,False
2012-07-14T04:00:00,Wakanda,Medical Kits,732.75,3.83,False
2012-07-14T04:00:00,Sokovia,Vibranium (kg),2422.69,4.25,False
2012-07-14T04:00:00,Sokovia,Arc Reactor Cores,708.86,5.1,False
2012-07-14T04:00:00,Sokovia,Pym Particles,714.37,4.68,False
2012-07-14T04:00:00,Sokovia,Clean Water (L),2403.88,5.1,False
2012-07-14T04:00:00,Sokovia,Medical Kits,736.67,3.83,False
2012-07-14T04:00:00,Sanctum Sanctorum,Vibranium (kg),2430.63,4.25,False
2012-07-14T04:00:00,Sanctum Sanctorum,Arc Reactor Cores,708.87,5.1,False
2012-07-14T04:00:00,Sanctum Sanctorum,Pym Particles,720.43,4.68,False
2012-07-14T04:00:00,Sanctum Sanctorum,Clean Water (L),2403.74,5.1,False
2012-07-14T04:00:00,Sanctum Sanctorum,Medical Kits,739.45,3.83,False
2012-07-14T04:00:00,Avengers Compound,Vibranium (kg),2427.34,4.25,False
2012-07-14T04:00:00,Avengers Compound,Arc Reactor Cores,706.77,5.1,False
2012-07-14T04:00:00,Avengers Compound,Pym Particles,717.32,4.68,False
2012-07-14T04:00:00,Avengers Compound,Clean Water (L),2403.98,5.1,False
2012-07-14T04:00:00,Avengers Compound,Medical Kits,734.49,3.83,False
2012-07-14T05:00:00,New Asgard,Vibranium (kg),2427.44,4.61,False
2012-07-14T05:00:00,New Asgard,Arc Reactor Cores,704.65,5.53,False
2012-07-14T05:00:00,New Asgard,Pym Particles,717.42,5.07,False
2012-07-14T05:00:00,New Asgard,Clean Water (L),2409.34,5.53,False
2012-07-14T05:00:00,New Asgard,Medical Kits,736.27,4.15,False
2012-07-14T05:00:00,Wakanda,Vibranium (kg),2424.03,4.61,False
2012-07-14T05:00:00,Wakanda,Arc Reactor Cores,706.8,5.53,False
2012-07-14T05:00:00,Wakanda,Pym Particles,712.79,5.07,False
2012-07-14T05:00:00,Wakanda,Clean Water (L),2402.93,5.53,False
2012-07-14T05:00:00,Wakanda,Medical Kits,734.66,4.15,False
2012-07-14T05:00:00,Sokovia,Vibranium (kg),2423.67,4.61,False
2012-07-14T05:00:00,Sokovia,Arc Reactor Cores,709.33,5.53,False
2012-07-14T05:00:00,Sokovia,Pym Particles,714.97,5.07,False
2012-07-14T05:00:00,Sokovia,Clean Water (L),2405.01,5.53,False
2012-07-14T05:00:00,Sokovia,Medical Kits,736.62,4.15,False
2012-07-14T05:00:00,Sanctum Sanctorum,Vibranium (kg),2429.35,4.61,False
2012-07-14T05:00:00,Sanctum Sanctorum,Arc Reactor Cores,709.13,5.53,False
2012-07-14T05:00:00,Sanctum Sanctorum,Pym Particles,720.99,5.07,False
2012-07-14T05:00:00,Sanctum Sanctorum,Clean Water (L),2404.24,5.53,False
2012-07-14T05:00:00,Sanctum Sanctorum,Medical Kits,739.45,4.15,False
2012-07-14T05:00:00,Avengers Compound,Vibranium (kg),2427.38,4.61,False
2012-07-14T05:00:00,Avengers Compound,Arc Reactor Cores,705.54,5.53,False
2012-07-14T05:00:00,Avengers Compound,Pym Particles,719.07,5.07,False
2012-07-14T05:00:00,Avengers Compound,Clean Water (L),2403.82,5.53,False
2012-07-14T05:00:00,Avengers Compound,Medical Kits,733.35,4.15,False
2012-07-14T06:00:00,New Asgard,Vibranium (kg),2427.75,5.0,False
2012-07-14T06:00:00,New Asgard,Arc Reactor Cores,703.84,6.0,False
2012-07-14T06:00:00,New Asgard,Pym Particles,717.05,5.5,False
2012-07-14T06:00:00,New Asgard,Clean Water (L),2407.73,6.0,False
2012-07-14T06:00:00,New Asgard,Medical Kits,735.38,4.5,False
2012-07-14T06:00:00,Wakanda,Vibranium (kg),2423.6,5.0,False
2012-07-14T06:00:00,Wakanda,Arc Reactor Cores,705.44,6.0,False
2012-07-14T06:00:00,Wakanda,Pym Particles,713.69,5.5,False
2012-07-14T06:00:00,Wakanda,Clean Water (L),2403.01,6.0,False
2012-07-14T06:00:00,Wakanda,Medical Kits,733.85,4.5,False
2012-07-14T06:00:00,Sokovia,Vibranium (kg),2422.92,5.0,False
2012-07-14T06:00:00,Sokovia,Arc Reactor Cores,708.67,6.0,False
2012-07-14T06:00:00,Sokovia,Pym Particles,714.44,5.5,False
2012-07-14T06:00:00,Sokovia,Clean Water (L),2405.94,6.0,False
2012-07-14T06:00:00,Sokovia,Medical Kits,734.8,4.5,False
2012-07-14T06:00:00,Sanctum Sanctorum,Vibranium (kg),2427.56,5.0,False
2012-07-14T06:00:00,Sanctum Sanctorum,Arc Reactor Cores,708.2,6.0,False
2012-07-14T06:00:00,Sanctum Sanctorum,Pym Particles,721.37,5.5,False
2012-07-14T06:00:00,Sanctum Sanctorum,Clean Water (L),2403.77,6.0,False
2012-07-14T06:00:00,Sanctum Sanctorum,Medical Kits,738.34,4.5,False
2012-07-14T06:00:00,Avengers Compound,Vibranium (kg),2427.42,5.0,False
2012-07-14T06:00:00,Avengers Compound,Arc Reactor Cores,705.39,6.0,False
2012-07-14T06:00:00,Avengers Compound,Pym Particles,719.53,5.5,False
2012-07-14T06:00:00,Avengers Compound,Clean Water (L),2403.54,6.0,False
2012-07-14T06:00:00,Avengers Compound,Medical Kits,733.67,4.5,False
2012-07-14T07:00:00,New Asgard,Vibranium (kg),2426.95,5.39,False
2012-07-14T07:00:00,New Asgard,Arc Reactor Cores,704.42,6.47,False
2012-07-14T07:00:00,New Asgard,Pym Particles,715.88,5.93,False
2012-07-14T07:00:00,New Asgard,Clean Water (L),2406.91,6.47,False
2012-07-14T07:00:00,New Asgard,Medical Kits,736.12,4.85,False
2012-07-14T07:00:00,Wakanda,Vibranium (kg),2423.86,5.39,False
2012-07-14T07:00:00,Wakanda,Arc Reactor Cores,705.81,6.47,False
2012-07-14T07:00:00,Wakanda,Pym Particles,713.72,5.93,False
2012-07-14T07:00:00,Wakanda,Clean Water (L),2403.32,6.47,False
2012-07-14T07:00:00,Wakanda,Medical Kits,732.02,4.85,False
2012-07-14T07:00:00,Sokovia,Vibranium (kg),2423.57,5.39,False
2012-07-14T07:00:00,Sokovia,Arc Reactor Cores,708.77,6.47,False
2012-07-14T07:00:00,Sokovia,Pym Particles,713.67,5.93,False
2012-07-14T07:00:00,Sokovia,Clean Water (L),2404.74,6.47,False
2012-07-14T07:00:00,Sokovia,Medical Kits,733.34,4.85,False
2012-07-14T07:00:00,Sanctum Sanctorum,Vibranium (kg),2425.66,5.39,False
2012-07-14T07:00:00,Sanctum Sanctorum,Arc Reactor Cores,706.32,6.47,False
2012-07-14T07:00:00,Sanctum Sanctorum,Pym Particles,720.88,5.93,False
2012-07-14T07:00:00,Sanctum Sanctorum,Clean Water (L),2403.96,6.47,False
2012-07-14T07:00:00,Sanctum Sanctorum,Medical Kits,738.17,4.85,False
2012-07-14T07:00:00,Avengers Compound,Vibranium (kg),2426.32,5.39,False
2012-07-14T07:00:00,Avengers Compound,Arc Reactor Cores,704.92,6.47,False
2012-07-14T07:00:00,Avengers Compound,Pym Particles,718.06,5.93,False
2012-07-14T07:00:00,Avengers Compound,Clean Water (L),2402.16,6.47,False
2012-07-14T07:00:00,Avengers Compound,Medical Kits,733.2,4.85,False
2012-07-14T08:00:00,New Asgard,Vibranium (kg),2424.7,5.75,False
2012-07-14T08:00:00,New Asgard,Arc Reactor Cores,703.85,6.9,False
2012-07-14T08:00:00,New Asgard,Pym Particles,714.59,6.32,False
2012-07-14T08:00:00,New Asgard,Clean Water (L),2406.1,6.9,False
2012-07-14T08:00:00,New Asgard,Medical Kits,736.54,5.17,False
2012-07-14T08:00:00,Wakanda,Vibranium (kg),2424.51,5.75,False
2012-07-14T08:00:00,Wakanda,Arc Reactor Cores,704.23,6.9,False
2012-07-14T08:00:00,Wakanda,Pym Particles,712.61,6.32,False
2012-07-14T08:00:00,Wakanda,Clean Water (L),2403.3,6.9,False
2012-07-14T08:00:00,Wakanda,Medical Kits,731.75,5.17,False
2012-07-14T08:00:00,Sokovia,Vibranium (kg),2422.15,5.75,False
2012-07-14T08:00:00,Sokovia,Arc Reactor Cores,707.38,6.9,False
2012-07-14T08:00:00,Sokovia,Pym Particles,712.66,6.32,False
2012-07-14T08:00:00,Sokovia,Clean Water (L),2403.03,6.9,False
2012-07-14T08:00:00,Sokovia,Medical Kits,731.54,5.17,False
2012-07-14T08:00:00,Sanctum Sanctorum,Vibranium (kg),2426.0,5.75,False
2012-07-14T08:00:00,Sanctum Sanctorum,Arc Reactor Cores,704.11,6.9,False
2012-07-14T08:00:00,Sanctum Sanctorum,Pym Particles,721.36,6.32,False
2012-07-14T08:00:00,Sanctum Sanctorum,Clean Water (L),2402.28,6.9,False
2012-07-14T08:00:00,Sanctum Sanctorum,Medical Kits,736.79,5.17,False
2012-07-14T08:00:00,Avengers Compound,Vibranium (kg),2424.68,5.75,False
2012-07-14T08:00:00,Avengers Compound,Arc Reactor Cores,704.62,6.9,False
2012-07-14T08:00:00,Avengers Compound,Pym Particles,716.94,6.32,False
2012-07-14T08:00:00,Avengers Compound,Clean Water (L),2401.04,6.9,False
2012-07-14T08:00:00,Avengers Compound,Medical Kits,732.65,5.17,False
2012-07-14T09:00:00,New Asgard,Vibranium (kg),2422.56,6.06,False
2012-07-14T09:00:00,New Asgard,Arc Reactor Cores,702.28,7.27,False
2012-07-14T09:00:00,New Asgard,Pym Particles,713.35,6.67,False
2012-07-14T09:00:00,New Asgard,Clean Water (L),2404.32,7.27,False
2012-07-14T09:00:00,New Asgard,Medical Kits,736.61,5.45,False
2012-07-14T09:00:00,Wakanda,Vibranium (kg),2422.5,6.06,False
2012-07-14T09:00:00,Wakanda,Arc Reactor Cores,702.92,7.27,False
2012-07-14T09:00:00,Wakanda,Pym Particles,710.36,6.67,False
2012-07-14T09:00:00,Wakanda,Clean Water (L),2401.52,7.27,False
2012-07-14T09:00:00,Wakanda,Medical Kits,730.74,5.45,False
2012-07-14T09:00:00,Sokovia,Vibranium (kg),2421.58,6.06,False
2012-07-14T09:00:00,Sokovia,Arc Reactor Cores,707.38,7.27,False
2012-07-14T09:00:00,Sokovia,Pym Particles,711.43,6.67,False
2012-07-14T09:00:00,Sokovia,Clean Water (L),2402.26,7.27,False
2012-07-14T09:00:00,Sokovia,Medical Kits,729.07,5.45,False
2012-07-14T09:00:00,Sanctum Sanctorum,Vibranium (kg),2425.34,6.06,False
2012-07-14T09:00:00,Sanctum Sanctorum,Arc Reactor Cores,702.23,7.27,False
2012-07-14T09:00:00,Sanctum Sanctorum,Pym Particles,720.3,6.67,False
2012-07-14T09:00:00,Sanctum Sanctorum,Clean Water (L),2400.28,7.27,False
2012-07-14T09:00:00,Sanctum Sanctorum,Medical Kits,736.6,5.45,False
2012-07-14T09:00:00,Avengers Compound,Vibranium (kg),2423.16,6.06,False
2012-07-14T09:00:00,Avengers Compound,Arc Reactor Cores,702.83,7.27,False
2012-07-14T09:00:00,Avengers Compound,Pym Particles,716.67,6.67,False
2012-07-14T09:00:00,Avengers Compound,Clean Water (L),2398.81,7.27,False
2012-07-14T09:00:00,Avengers Compound,Medical Kits,731.95,5.45,False
2012-07-14T10:00:00,New Asgard,Vibranium (kg),2422.31,6.3,False
2012-07-14T10:00:00,New Asgard,Arc Reactor Cores,700.01,7.56,False
2012-07-14T10:00:00,New Asgard,Pym Particles,709.9,6.93,False
2012-07-14T10:00:00,New Asgard,Clean Water (L),2401.96,7.56,False
2012-07-14T10:00:00,New Asgard,Medical Kits,735.18,5.67,False
2012-07-14T10:00:00,Wakanda,Vibranium (kg),2421.13,6.3,False
2012-07-14T10:00:00,Wakanda,Arc Reactor Cores,701.17,7.56,False
2012-07-14T10:00:00,Wakanda,Pym Particles,709.09,6.93,False
2012-07-14T10:00:00,Wakanda,Clean Water (L),2399.69,7.56,False
2012-07-14T10:00:00,Wakanda,Medical Kits,729.03,5.67,False
2012-07-14T10:00:00,Sokovia,Vibranium (kg),2421.74,6.3,False
2012-07-14T10:00:00,Sokovia,Arc Reactor Cores,704.89,7.56,False
2012-07-14T10:00:00,Sokovia,Pym Particles,710.53,6.93,False
2012-07-14T10:00:00,Sokovia,Clean Water (L),2400.98,7.56,False
2012-07-14T10:00:00,Sokovia,Medical Kits,728.13,5.67,False
2012-07-14T10:00:00,Sanctum Sanctorum,Vibranium (kg),2424.09,6.3,False
2012-07-14T10:00:00,Sanctum Sanctorum,Arc Reactor Cores,699.08,7.56,False
2012-07-14T10:00:00,Sanctum Sanctorum,Pym Particles,718.68,6.93,False
2012-07-14T10:00:00,Sanctum Sanctorum,Clean Water (L),2400.38,7.56,False
2012-07-14T10:00:00,Sanctum Sanctorum,Medical Kits,734.06,5.67,False
2012-07-14T10:00:00,Avengers Compound,Vibranium (kg),2421.77,6.3,False
2012-07-14T10:00:00,Avengers Compound,Arc Reactor Cores,700.47,7.56,False
2012-07-14T10:00:00,Avengers Compound,Pym Particles,714.45,6.93,False
2012-07-14T10:00:00,Avengers Compound,Clean Water (L),2396.9,7.56,False
2012-07-14T10:00:00,Avengers Compound,Medical Kits,730.03,5.67,False
2012-07-14T11:00:00,New Asgard,Vibranium (kg),2420.97,6.45,False
2012-07-14T11:00:00,New Asgard,Arc Reactor Cores,697.98,7.74,False
2012-07-14T11:00:00,New Asgard,Pym Particles,707.58,7.09,False
2012-07-14T11:00:00,New Asgard,Clean Water (L),2398.65,7.74,False
2012-07-14T11:00:00,New Asgard,Medical Kits,734.16,5.8,False
2012-07-14T11:00:00,Wakanda,Vibranium (kg),2419.74,6.45,False
2012-07-14T11:00:00,Wakanda,Arc Reactor Cores,699.89,7.74,False
2012-07-14T11:00:00,Wakanda,Pym Particles,706.51,7.09,False
2012-07-14T11:00:00,Wakanda,Clean Water (L),2397.16,7.74,False
2012-07-14T11:00:00,Wakanda,Medical Kits,728.0,5.8,False
2012-07-14T11:00:00,Sokovia,Vibranium (kg),2421.02,6.45,False
2012-07-14T11:00:00,Sokovia,Arc Reactor Cores,701.66,7.74,False
2012-07-14T11:00:00,Sokovia,Pym Particles,708.18,7.09,False
2012-07-14T11:00:00,Sokovia,Clean Water (L),2398.19,7.74,False
2012-07-14T11:00:00,Sokovia,Medical Kits,726.22,5.8,False
2012-07-14T11:00:00,Sanctum Sanctorum,Vibranium (kg),2422.69,6.45,False
2012-07-14T11:00:00,Sanctum Sanctorum,Arc Reactor Cores,698.14,7.74,False
2012-07-14T11:00:00,Sanctum Sanctorum,Pym Particles,715.34,7.09,False
2012-07-14T11:00:00,Sanctum Sanctorum,Clean Water (L),2398.68,7.74,False
2012-07-14T11:00:00,Sanctum Sanctorum,Medical Kits,731.83,5.8,False
2012-07-14T11:00:00,Avengers Compound,Vibranium (kg),2420.74,6.45,False
2012-07-14T11:00:00,Avengers Compound,Arc Reactor Cores,699.4,7.74,False
2012-07-14T11:00:00,Avengers Compound,Pym Particles,713.57,7.09,False
2012-07-14T11:00:00,Avengers Compound,Clean Water (L),2395.88,7.74,False
2012-07-14T11:00:00,Avengers Compound,Medical Kits,727.75,5.8,False
2012-07-14T12:00:00,New Asgard,Vibranium (kg),2419.48,6.5,False
2012-07-14T12:00:00,New Asgard,Arc Reactor Cores,696.07,7.8,False
2012-07-14T12:00:00,New Asgard,Pym Particles,706.64,7.15,False
2012-07-14T12:00:00,New Asgard,Clean Water (L),2397.21,7.8,False
2012-07-14T12:00:00,New Asgard,Medical Kits,732.49,5.85,False
2012-07-14T12:00:00,Wakanda,Vibranium (kg),2417.98,6.5,False
2012-07-14T12:00:00,Wakanda,Arc Reactor Cores,698.41,7.8,False
2012-07-14T12:00:00,Wakanda,Pym Particles,704.54,7.15,False
2012-07-14T12:00:00,Wakanda,Clean Water (L),2394.99,7.8,False
2012-07-14T12:00:00,Wakanda,Medical Kits,726.09,5.85,False
2012-07-14T12:00:00,Sokovia,Vibranium (kg),2418.39,6.5,False
2012-07-14T12:00:00,Sokovia,Arc Reactor Cores,699.11,7.8,False
2012-07-14T12:00:00,Sokovia,Pym Particles,705.61,7.15,False
2012-07-14T12:00:00,Sokovia,Clean Water (L),2395.61,7.8,False
2012-07-14T12:00:00,Sokovia,Medical Kits,726.06,5.85,False
2012-07-14T12:00:00,Sanctum Sanctorum,Vibranium (kg),2419.46,6.5,False
2012-07-14T12:00:00,Sanctum Sanctorum,Arc Reactor Cores,697.55,7.8,False
2012-07-14T12:00:00,Sanctum Sanctorum,Pym Particles,711.84,7.15,False
2012-07-14T12:00:00,Sanctum Sanctorum,Clean Water (L),2396.07,7.8,False
2012-07-14T12:00:00,Sanctum Sanctorum,Medical Kits,730.59,5.85,False
2012-07-14T12:00:00,Avengers Compound,Vibranium (kg),2419.06,6.5,False
2012-07-14T12:00:00,Avengers Compound,Arc Reactor Cores,697.76,7.8,False
2012-07-14T12:00:00,Avengers Compound,Pym Particles,711.42,7.15,False
2012-07-14T12:00:00,Avengers Compound,Clean Water (L),2395.98,7.8,False
2012-07-14T12:00:00,Avengers Compound,Medical Kits,726.64,5.85,False
2012-07-14T13:00:00,New Asgard,Vibranium (kg),2417.95,6.45,False
2012-07-14T13:00:00,New Asgard,Arc Reactor Cores,694.3,7.74,False
2012-07-14T13:00:00,New Asgard,Pym Particles,706.74,7.09,False
2012-07-14T13:00:00,New Asgard,Clean Water (L),2394.59,7.74,False
2012-07-14T13:00:00,New Asgard,Medical Kits,731.53,5.8,False
2012-07-14T13:00:00,Wakanda,Vibranium (kg),2416.55,6.45,False
2012-07-14T13:00:00,Wakanda,Arc Reactor Cores,697.66,7.74,False
2012-07-14T13:00:00,Wakanda,Pym Particles,702.45,7.09,False
2012-07-14T13:00:00,Wakanda,Clean Water (L),2393.14,7.74,False
2012-07-14T13:00:00,Wakanda,Medical Kits,723.74,5.8,False
2012-07-14T13:00:00,Sokovia,Vibranium (kg),2416.39,6.45,False
2012-07-14T13:00:00,Sokovia,Arc Reactor Cores,695.7,7.74,False
2012-07-14T13:00:00,Sokovia,Pym Particles,704.06,7.09,False
2012-07-14T13:00:00,Sokovia,Clean Water (L),2394.74,7.74,False
2012-07-14T13:00:00,Sokovia,Medical Kits,725.55,5.8,False
2012-07-14T13:00:00,Sanctum Sanctorum,Vibranium (kg),2417.42,6.45,False
2012-07-14T13:00:00,Sanctum Sanctorum,Arc Reactor Cores,697.23,7.74,False
2012-07-14T13:00:00,Sanctum Sanctorum,Pym Particles,710.12,7.09,False
2012-07-14T13:00:00,Sanctum Sanctorum,Clean Water (L),2394.59,7.74,False
2012-07-14T13:00:00,Sanctum Sanctorum,Medical Kits,730.61,5.8,False
2012-07-14T13:00:00,Avengers Compound,Vibranium (kg),2417.64,6.45,False
2012-07-14T13:00:00,Avengers Compound,Arc Reactor Cores,696.17,7.74,False
2012-07-14T13:00:00,Avengers Compound,Pym Particles,708.85,7.09,False
2012-07-14T13:00:00,Avengers Compound,Clean Water (L),2395.28,7.74,False
2012-07-14T13:00:00,Avengers Compound,Medical Kits,726.16,5.8,False
2012-07-14T14:00:00,New Asgard,Vibranium (kg),2417.16,6.3,False
2012-07-14T14:00:00,New Asgard,Arc Reactor Cores,692.28,7.56,False
2012-07-14T14:00:00,New Asgard,Pym Particles,705.64,6.93,False
2012-07-14T14:00:00,New Asgard,Clean Water (L),2394.75,7.56,False
2012-07-14T14:00:00,New Asgard,Medical Kits,730.8,5.67,False
2012-07-14T14:00:00,Wakanda,Vibranium (kg),2415.36,6.3,False
2012-07-14T14:00:00,Wakanda,Arc Reactor Cores,696.59,7.56,False
2012-07-14T14:00:00,Wakanda,Pym Particles,701.18,6.93,False
2012-07-14T14:00:00,Wakanda,Clean Water (L),2392.5,7.56,False
2012-07-14T14:00:00,Wakanda,Medical Kits,722.63,5.67,False
2012-07-14T14:00:00,Sokovia,Vibranium (kg),2415.24,6.3,False
2012-07-14T14:00:00,Sokovia,Arc Reactor Cores,693.97,7.56,False
2012-07-14T14:00:00,Sokovia,Pym Particles,702.18,6.93,False
2012-07-14T14:00:00,Sokovia,Clean Water (L),2394.34,7.56,False
2012-07-14T14:00:00,Sokovia,Medical Kits,725.0,5.67,False
2012-07-14T14:00:00,Sanctum Sanctorum,Vibranium (kg),2414.82,6.3,False
2012-07-14T14:00:00,Sanctum Sanctorum,Arc Reactor Cores,694.9,7.56,False
2012-07-14T14:00:00,Sanctum Sanctorum,Pym Particles,707.43,6.93,False
2012-07-14T14:00:00,Sanctum Sanctorum,Clean Water (L),2394.22,7.56,False
2012-07-14T14:00:00,Sanctum Sanctorum,Medical Kits,730.89,5.67,False
2012-07-14T14:00:00,Avengers Compound,Vibranium (kg),2417.55,6.3,False
2012-07-14T14:00:00,Avengers Compound,Arc Reactor Cores,694.73,7.56,False
2012-07-14T14:00:00,Avengers Compound,Pym Particles,708.0,6.93,False
2012-07-14T14:00:00,Avengers Compound,Clean Water (L),2393.76,7.56,False
2012-07-14T14:00:00,Avengers Compound,Medical Kits,724.44,5.67,False
2012-07-14T15:00:00,New Asgard,Vibranium (kg),2416.42,6.06,False
2012-07-14T15:00:00,New Asgard,Arc Reactor Cores,691.28,7.27,False
2012-07-14T15:00:00,New Asgard,Pym Particles,704.33,6.67,False
2012-07-14T15:00:00,New Asgard,Clean Water (L),2392.38,7.27,False
2012-07-14T15:00:00,New Asgard,Medical Kits,730.19,5.45,False
2012-07-14T15:00:00,Wakanda,Vibranium (kg),2413.16,6.06,False
2012-07-14T15:00:00,Wakanda,Arc Reactor Cores,697.12,7.27,False
2012-07-14T15:00:00,Wakanda,Pym Particles,701.19,6.67,False
2012-07-14T15:00:00,Wakanda,Clean Water (L),2389.96,7.27,False
2012-07-14T15:00:00,Wakanda,Medical Kits,720.59,5.45,False
2012-07-14T15:00:00,Sokovia,Vibranium (kg),2414.98,6.06,False
2012-07-14T15:00:00,Sokovia,Arc Reactor Cores,693.74,7.27,False
2012-07-14T15:00:00,Sokovia,Pym Particles,700.54,6.67,False
2012-07-14T15:00:00,Sokovia,Clean Water (L),2391.96,7.27,False
2012-07-14T15:00:00,Sokovia,Medical Kits,723.62,5.45,False
2012-07-14T15:00:00,Sanctum Sanctorum,Vibranium (kg),2414.11,6.06,False
2012-07-14T15:00:00,Sanctum Sanctorum,Arc Reactor Cores,692.29,7.27,False
2012-07-14T15:00:00,Sanctum Sanctorum,Pym Particles,706.0,6.67,False
2012-07-14T15:00:00,Sanctum Sanctorum,Clean Water (L),2394.52,7.27,False
2012-07-14T15:00:00,Sanctum Sanctorum,Medical Kits,731.69,5.45,False
2012-07-14T15:00:00,Avengers Compound,Vibranium (kg),2417.1,6.06,False
2012-07-14T15:00:00,Avengers Compound,Arc Reactor Cores,695.24,7.27,False
2012-07-14T15:00:00,Avengers Compound,Pym Particles,705.59,6.67,False
2012-07-14T15:00:00,Avengers Compound,Clean Water (L),2392.94,7.27,False
2012-07-14T15:00:00,Avengers Compound,Medical Kits,725.31,5.45,False
2012-07-14T16:00:00,New Asgard,Vibranium (kg),2415.97,5.75,False
2012-07-14T16:00:00,New Asgard,Arc Reactor Cores,692.01,6.9,False
2012-07-14T16:00:00,New Asgard,Pym Particles,703.93,6.32,False
2012-07-14T16:00:00,New Asgard,Clean Water (L),2391.55,6.9,False
2012-07-14T16:00:00,New Asgard,Medical Kits,730.51,5.17,False
2012-07-14T16:00:00,Wakanda,Vibranium (kg),2411.49,5.75,False
2012-07-14T16:00:00,Wakanda,Arc Reactor Cores,697.33,6.9,False
2012-07-14T16:00:00,Wakanda,Pym Particles,701.69,6.32,False
2012-07-14T16:00:00,Wakanda,Clean Water (L),2389.84,6.9,False
2012-07-14T16:00:00,Wakanda,Medical Kits,719.83,5.17,False
2012-07-14T16:00:00,Sokovia,Vibranium (kg),2413.14,5.75,False
2012-07-14T16:00:00,Sokovia,Arc Reactor Cores,693.36,6.9,False
2012-07-14T16:00:00,Sokovia,Pym Particles,700.61,6.32,False
2012-07-14T16:00:00,Sokovia,Clean Water (L),2391.44,6.9,False
2012-07-14T16:00:00,Sokovia,Medical Kits,724.23,5.17,False
2012-07-14T16:00:00,Sanctum Sanctorum,Vibranium (kg),2414.2,5.75,False
2012-07-14T16:00:00,Sanctum Sanctorum,Arc Reactor Cores,693.53,6.9,False
2012-07-14T16:00:00,Sanctum Sanctorum,Pym Particles,705.81,6.32,False
2012-07-14T16:00:00,Sanctum Sanctorum,Clean Water (L),2394.85,6.9,False
2012-07-14T16:00:00,Sanctum Sanctorum,Medical Kits,731.57,5.17,False
2012-07-14T16:00:00,Avengers Compound,Vibranium (kg),2416.54,5.75,False
2012-07-14T16:00:00,Avengers Compound,Arc Reactor Cores,693.23,6.9,False
2012-07-14T16:00:00,Avengers Compound,Pym Particles,704.17,6.32,False
2012-07-14T16:00:00,Avengers Compound,Clean Water (L),2392.57,6.9,False
2012-07-14T16:00:00,Avengers Compound,Medical Kits,725.12,5.17,False
2012-07-14T17:00:00,New Asgard,Vibranium (kg),2416.2,5.39,False
2012-07-14T17:00:00,New Asgard,Arc Reactor Cores,692.79,6.47,False
2012-07-14T17:00:00,New Asgard,Pym Particles,704.05,5.93,False
2012-07-14T17:00:00,New Asgard,Clean Water (L),2391.49,6.47,False
2012-07-14T17:00:00,New Asgard,Medical Kits,729.84,4.85,False
2012-07-14T17:00:00,Wakanda,Vibranium (kg),2411.53,5.39,False
2012-07-14T17:00:00,Wakanda,Arc Reactor Cores,697.91,6.47,False
2012-07-14T17:00:00,Wakanda,Pym Particles,701.73,5.93,False
2012-07-14T17:00:00,Wakanda,Clean Water (L),2390.33,6.47,False
2012-07-14T17:00:00,Wakanda,Medical Kits,719.39,4.85,False
2012-07-14T17:00:00,Sokovia,Vibranium (kg),2412.29,5.39,False
2012-07-14T17:00:00,Sokovia,Arc Reactor Cores,693.5,6.47,False
2012-07-14T17:00:00,Sokovia,Pym Particles,699.92,5.93,False
2012-07-14T17:00:00,Sokovia,Clean Water (L),2390.81,6.47,False
2012-07-14T17:00:00,Sokovia,Medical Kits,723.3,4.85,False
2012-07-14T17:00:00,Sanctum Sanctorum,Vibranium (kg),2412.75,5.39,False
2012-07-14T17:00:00,Sanctum Sanctorum,Arc Reactor Cores,694.25,6.47,False
2012-07-14T17:00:00,Sanctum Sanctorum,Pym Particles,703.71,5.93,False
2012-07-14T17:00:00,Sanctum Sanctorum,Clean Water (L),2394.98,6.47,False
2012-07-14T17:00:00,Sanctum Sanctorum,Medical Kits,730.57,4.85,False
2012-07-14T17:00:00,Avengers Compound,Vibranium (kg),2416.56,5.39,False
2012-07-14T17:00:00,Avengers Compound,Arc Reactor Cores,692.57,6.47,False
2012-07-14T17:00:00,Avengers Compound,Pym Particles,702.8,5.93,False
2012-07-14T17:00:00,Avengers Compound,Clean Water (L),2391.09,6.47,False
2012-07-14T17:00:00,Avengers Compound,Medical Kits,723.57,4.85,False
2012-07-14T18:00:00,New Asgard,Vibranium (kg),2417.37,5.0,False
2012-07-14T18:00:00,New Asgard,Arc Reactor Cores,694.8,6.0,False
2012-07-14T18:00:00,New Asgard,Pym Particles,704.84,5.5,False
2012-07-14T18:00:00,New Asgard,Clean Water (L),2391.95,6.0,False
2012-07-14T18:00:00,New Asgard,Medical Kits,731.37,4.5,False
2012-07-14T18:00:00,Wakanda,Vibranium (kg),2412.32,5.0,False
2012-07-14T18:00:00,Wakanda,Arc Reactor Cores,699.14,6.0,False
2012-07-14T18:00:00,Wakanda,Pym Particles,702.1,5.5,False
2012-07-14T18:00:00,Wakanda,Clean Water (L),2390.89,6.0,False
2012-07-14T18:00:00,Wakanda,Medical Kits,719.75,4.5,False
2012-07-14T18:00:00,Sokovia,Vibranium (kg),2411.65,5.0,False
2012-07-14T18:00:00,Sokovia,Arc Reactor Cores,694.61,6.0,False
2012-07-14T18:00:00,Sokovia,Pym Particles,700.65,5.5,False
2012-07-14T18:00:00,Sokovia,Clean Water (L),2390.82,6.0,False
2012-07-14T18:00:00,Sokovia,Medical Kits,724.37,4.5,False
2012-07-14T18:00:00,Sanctum Sanctorum,Vibranium (kg),2414.1,5.0,False
2012-07-14T18:00:00,Sanctum Sanctorum,Arc Reactor Cores,695.55,6.0,False
2012-07-14T18:00:00,Sanctum Sanctorum,Pym Particles,703.01,5.5,False
2012-07-14T18:00:00,Sanctum Sanctorum,Clean Water (L),2395.95,6.0,False
2012-07-14T18:00:00,Sanctum Sanctorum,Medical Kits,729.13,4.5,False
2012-07-14T18:00:00,Avengers Compound,Vibranium (kg),2417.36,5.0,False
2012-07-14T18:00:00,Avengers Compound,Arc Reactor Cores,693.58,6.0,False
2012-07-14T18:00:00,Avengers Compound,Pym Particles,703.26,5.5,False
2012-07-14T18:00:00,Avengers Compound,Clean Water (L),2390.94,6.0,False
2012-07-14T18:00:00,Avengers Compound,Medical Kits,723.55,4.5,False
2012-07-14T19:00:00,New Asgard,Vibranium (kg),2419.77,4.61,False
2012-07-14T19:00:00,New Asgard,Arc Reactor Cores,696.21,5.53,False
2012-07-14T19:00:00,New Asgard,Pym Particles,705.7,5.07,False
2012-07-14T19:00:00,New Asgard,Clean Water (L),2393.63,5.53,False
2012-07-14T19:00:00,New Asgard,Medical Kits,732.44,4.15,False
2012-07-14T19:00:00,Wakanda,Vibranium (kg),2412.7,4.61,False
2012-07-14T19:00:00,Wakanda,Arc Reactor Cores,699.33,5.53,False
2012-07-14T19:00:00,Wakanda,Pym Particles,703.29,5.07,False
2012-07-14T19:00:00,Wakanda,Clean Water (L),2391.35,5.53,False
2012-07-14T19:00:00,Wakanda,Medical Kits,719.54,4.15,False
2012-07-14T19:00:00,Sokovia,Vibranium (kg),2413.11,4.61,False
2012-07-14T19:00:00,Sokovia,Arc Reactor Cores,694.22,5.53,False
2012-07-14T19:00:00,Sokovia,Pym Particles,700.66,5.07,False
2012-07-14T19:00:00,Sokovia,Clean Water (L),2391.26,5.53,False
2012-07-14T19:00:00,Sokovia,Medical Kits,724.53,4.15,False
2012-07-14T19:00:00,Sanctum Sanctorum,Vibranium (kg),2414.56,4.61,False
2012-07-14T19:00:00,Sanctum Sanctorum,Arc Reactor Cores,695.51,5.53,False
2012-07-14T19:00:00,Sanctum Sanctorum,Pym Particles,704.47,5.07,False
2012-07-14T19:00:00,Sanctum Sanctorum,Clean Water (L),2396.31,5.53,False
2012-07-14T19:00:00,Sanctum Sanctorum,Medical Kits,730.42,4.15,False
2012-07-14T19:00:00,Avengers Compound,Vibranium (kg),2418.32,4.61,False
2012-07-14T19:00:00,Avengers Compound,Arc Reactor Cores,693.06,5.53,False
2012-07-14T19:00:00,Avengers Compound,Pym Particles,702.97,5.07,False
2012-07-14T19:00:00,Avengers Compound,Clean Water (L),2392.62,5.53,False
2012-07-14T19:00:00,Avengers Compound,Medical Kits,725.3,4.15,False
2012-07-14T20:00:00,New Asgard,Vibranium (kg),2420.64,4.25,False
2012-07-14T20:00:00,New Asgard,Arc Reactor Cores,697.95,5.1,False
2012-07-14T20:00:00,New Asgard,Pym Particles,705.25,4.68,False
2012-07-14T20:00:00,New Asgard,Clean Water (L),2393.01,5.1,False
2012-07-14T20:00:00,New Asgard,Medical Kits,732.99,3.83,False
2012-07-14T20:00:00,Wakanda,Vibranium (kg),2413.23,4.25,False
2012-07-14T20:00:00,Wakanda,Arc Reactor Cores,700.17,5.1,False
2012-07-14T20:00:00,Wakanda,Pym Particles,704.77,4.68,False
2012-07-14T20:00:00,Wakanda,Clean Water (L),2393.13,5.1,False
2012-07-14T20:00:00,Wakanda,Medical Kits,720.8,3.83,False
2012-07-14T20:00:00,Sokovia,Vibranium (kg),2414.2,4.25,False
2012-07-14T20:00:00,Sokovia,Arc Reactor Cores,693.67,5.1,False
2012-07-14T20:00:00,Sokovia,Pym Particles,701.56,4.68,False
2012-07-14T20:00:00,Sokovia,Clean Water (L),2393.05,5.1,False
2012-07-14T20:00:00,Sokovia,Medical Kits,724.68,3.83,False
2012-07-14T20:00:00,Sanctum Sanctorum,Vibranium (kg),2414.42,4.25,False
2012-07-14T20:00:00,Sanctum Sanctorum,Arc Reactor Cores,697.34,5.1,False
2012-07-14T20:00:00,Sanctum Sanctorum,Pym Particles,704.74,4.68,False
2012-07-14T20:00:00,Sanctum Sanctorum,Clean Water (L),2396.28,5.1,False
2012-07-14T20:00:00,Sanctum Sanctorum,Medical Kits,731.44,3.83,False
2012-07-14T20:00:00,Avengers Compound,Vibranium (kg),2418.2,4.25,False
2012-07-14T20:00:00,Avengers Compound,Arc Reactor Cores,693.75,5.1,False
2012-07-14T20:00:00,Avengers Compound,Pym Particles,705.14,4.68,False
2012-07-14T20:00:00,Avengers Compound,Clean Water (L),2393.55,5.1,False
2012-07-14T20:00:00,Avengers Compound,Medical Kits,726.01,3.83,False
2012-07-14T21:00:00,New Asgard,Vibranium (kg),2421.7,3.94,False
2012-07-14T21:00:00,New Asgard,Arc Reactor Cores,698.6,4.73,False
2012-07-14T21:00:00,New Asgard,Pym Particles,706.17,4.33,False
2012-07-14T21:00:00,New Asgard,Clean Water (L),2394.23,4.73,False
2012-07-14T21:00:00,New Asgard,Medical Kits,733.96,3.55,False
2012-07-14T21:00:00,Wakanda,Vibranium (kg),2414.24,3.94,False
2012-07-14T21:00:00,Wakanda,Arc Reactor Cores,700.93,4.73,False
2012-07-14T21:00:00,Wakanda,Pym Particles,705.52,4.33,False
2012-07-14T21:00:00,Wakanda,Clean Water (L),2394.46,4.73,False
2012-07-14T21:00:00,Wakanda,Medical Kits,721.93,3.55,False
2012-07-14T21:00:00,Sokovia,Vibranium (kg),2415.82,3.94,False
2012-07-14T21:00:00,Sokovia,Arc Reactor Cores,695.87,4.73,False
2012-07-14T21:00:00,Sokovia,Pym Particles,703.0,4.33,False
2012-07-14T21:00:00,Sokovia,Clean Water (L),2395.0,4.73,False
2012-07-14T21:00:00,Sokovia,Medical Kits,726.8,3.55,False
2012-07-14T21:00:00,Sanctum Sanctorum,Vibranium (kg),2415.38,3.94,False
2012-07-14T21:00:00,Sanctum Sanctorum,Arc Reactor Cores,699.07,4.73,False
2012-07-14T21:00:00,Sanctum Sanctorum,Pym Particles,706.96,4.33,False
2012-07-14T21:00:00,Sanctum Sanctorum,Clean Water (L),2398.27,4.73,False
2012-07-14T21:00:00,Sanctum Sanctorum,Medical Kits,732.22,3.55,False
2012-07-14T21:00:00,Avengers Compound,Vibranium (kg),2418.7,3.94,False
2012-07-14T21:00:00,Avengers Compound,Arc Reactor Cores,696.02,4.73,False
2012-07-14T21:00:00,Avengers Compound,Pym Particles,705.68,4.33,False
2012-07-14T21:00:00,Avengers Compound,Clean Water (L),2394.7,4.73,False
2012-07-14T21:00:00,Avengers Compound,Medical Kits,727.65,3.55,False
2012-07-14T22:00:00,New Asgard,Vibranium (kg),2423.11,3.7,False
2012-07-14T22:00:00,New Asgard,Arc Reactor Cores,699.36,4.44,False
2012-07-14T22:00:00,New Asgard,Pym Particles,706.55,4.07,False
2012-07-14T22:00:00,New Asgard,Clean Water (L),2395.91,4.44,False
2012-07-14T22:00:00,New Asgard,Medical Kits,735.3,3.33,False
2012-07-14T22:00:00,Wakanda,Vibranium (kg),2417.38,3.7,False
2012-07-14T22:00:00,Wakanda,Arc Reactor Cores,702.7,4.44,False
2012-07-14T22:00:00,Wakanda,Pym Particles,707.48,4.07,False
2012-07-14T22:00:00,Wakanda,Clean Water (L),2396.86,4.44,False
2012-07-14T22:00:00,Wakanda,Medical Kits,722.97,3.33,False
2012-07-14T22:00:00,Sokovia,Vibranium (kg),2416.54,3.7,False
2012-07-14T22:00:00,Sokovia,Arc Reactor Cores,696.81,4.44,False
2012-07-14T22:00:00,Sokovia,Pym Particles,704.81,4.07,False
2012-07-14T22:00:00,Sokovia,Clean Water (L),2397.62,4.44,False
2012-07-14T22:00:00,Sokovia,Medical Kits,729.58,3.33,False
2012-07-14T22:00:00,Sanctum Sanctorum,Vibranium (kg),2417.13,3.7,False
2012-07-14T22:00:00,Sanctum Sanctorum,Arc Reactor Cores,699.78,4.44,False
2012-07-14T22:00:00,Sanctum Sanctorum,Pym Particles,706.91,4.07,False
2012-07-14T22:00:00,Sanctum Sanctorum,Clean Water (L),2400.32,4.44,False
2012-07-14T22:00:00,Sanctum Sanctorum,Medical Kits,733.85,3.33,False
2012-07-14T22:00:00,Avengers Compound,Vibranium (kg),2420.17,3.7,False
2012-07-14T22:00:00,Avengers Compound,Arc Reactor Cores,697.73,4.44,False
2012-07-14T22:00:00,Avengers Compound,Pym Particles,708.21,4.07,False
2012-07-14T22:00:00,Avengers Compound,Clean Water (L),2397.09,4.44,False
2012-07-14T22:00:00,Avengers Compound,Medical Kits,728.03,3.33,False
2012-07-14T23:00:00,New Asgard,Vibranium (kg),2423.93,3.55,False
2012-07-14T23:00:00,New Asgard,Arc Reactor Cores,701.28,4.26,False
2012-07-14T23:00:00,New Asgard,Pym Particles,707.37,3.91,False
2012-07-14T23:00:00,New Asgard,Clean Water (L),2398.54,4.26,False
2012-07-14T23:00:00,New Asgard,Medical Kits,736.19,3.2,False
2012-07-14T23:00:00,Wakanda,Vibranium (kg),2418.0,3.55,False
2012-07-14T23:00:00,Wakanda,Arc Reactor Cores,704.18,4.26,False
2012-07-14T23:00:00,Wakanda,Pym Particles,708.14,3.91,False
2012-07-14T23:00:00,Wakanda,Clean Water (L),2398.8,4.26,False
2012-07-14T23:00:00,Wakanda,Medical Kits,724.2,3.2,False
2012-07-14T23:00:00,Sokovia,Vibranium (kg),2418.51,3.55,False
2012-07-14T23:00:00,Sokovia,Arc Reactor Cores,699.15,4.26,False
2012-07-14T23:00:00,Sokovia,Pym Particles,706.66,3.91,False
2012-07-14T23:00:00,Sokovia,Clean Water (L),2400.58,4.26,False
2012-07-14T23:00:00,Sokovia,Medical Kits,729.2,3.2,False
2012-07-14T23:00:00,Sanctum Sanctorum,Vibranium (kg),2418.85,3.55,False
2012-07-14T23:00:00,Sanctum Sanctorum,Arc Reactor Cores,701.54,4.26,False
2012-07-14T23:00:00,Sanctum Sanctorum,Pym Particles,708.5,3.91,False
2012-07-14T23:00:00,Sanctum Sanctorum,Clean Water (L),2401.31,4.26,False
2012-07-14T23:00:00,Sanctum Sanctorum,Medical Kits,733.66,3.2,False
2012-07-14T23:00:00,Avengers Compound,Vibranium (kg),2420.01,3.55,False
2012-07-14T23:00:00,Avengers Compound,Arc Reactor Cores,698.79,4.26,False
2012-07-14T23:00:00,Avengers Compound,Pym Particles,709.38,3.91,False
2012-07-14T23:00:00,Avengers Compound,Clean Water (L),2399.83,4.26,False
2012-07-14T23:00:00,Avengers Compound,Medical Kits,729.2,3.2,False
2012-07-15T00:00:00,New Asgard,Vibranium (kg),2426.0,3.5,False
2012-07-15T00:00:00,New Asgard,Arc Reactor Cores,702.69,4.2,False
2012-07-15T00:00:00,New Asgard,Pym Particles,707.59,3.85,False
2012-07-15T00:00:00,New Asgard,Clean Water (L),2400.56,4.2,False
2012-07-15T00:00:00,New Asgard,Medical Kits,737.09,3.15,False
2012-07-15T00:00:00,Wakanda,Vibranium (kg),2420.1,3.5,False
2012-07-15T00:00:00,Wakanda,Arc Reactor Cores,705.01,4.2,False
2012-07-15T00:00:00,Wakanda,Pym Particles,710.53,3.85,False
2012-07-15T00:00:00,Wakanda,Clean Water (L),2399.44,4.2,False
2012-07-15T00:00:00,Wakanda,Medical Kits,726.19,3.15,False
2012-07-15T00:00:00,Sokovia,Vibranium (kg),2419.43,3.5,False
2012-07-15T00:00:00,Sokovia,Arc Reactor Cores,700.22,4.2,False
2012-07-15T00:00:00,Sokovia,Pym Particles,709.72,3.85,False
2012-07-15T00:00:00,Sokovia,Clean Water (L),2403.48,4.2,False
2012-07-15T00:00:00,Sokovia,Medical Kits,729.54,3.15,False
2012-07-15T00:00:00,Sanctum Sanctorum,Vibranium (kg),2421.85,3.5,False
2012-07-15T00:00:00,Sanctum Sanctorum,Arc Reactor Cores,702.68,4.2,False
2012-07-15T00:00:00,Sanctum Sanctorum,Pym Particles,710.74,3.85,False
2012-07-15T00:00:00,Sanctum Sanctorum,Clean Water (L),2401.99,4.2,False
2012-07-15T00:00:00,Sanctum Sanctorum,Medical Kits,734.93,3.15,False
2012-07-15T00:00:00,Avengers Compound,Vibranium (kg),2420.55,3.5,False
2012-07-15T00:00:00,Avengers Compound,Arc Reactor Cores,699.87,4.2,False
2012-07-15T00:00:00,Avengers Compound,Pym Particles,712.06,3.85,False
2012-07-15T00:00:00,Avengers Compound,Clean Water (L),2401.94,4.2,False
2012-07-15T00:00:00,Avengers Compound,Medical Kits,729.73,3.15,False
2012-07-15T01:00:00,New Asgard,Vibranium (kg),2428.74,3.55,False
2012-07-15T01:00:00,New Asgard,Arc Reactor Cores,704.4,4.26,False
2012-07-15T01:00:00,New Asgard,Pym Particles,708.37,3.91,False
2012-07-15T01:00:00,New Asgard,Clean Water (L),2403.2,4.26,False
2012-07-15T01:00:00,New Asgard,Medical Kits,739.65,3.2,False
2012-07-15T01:00:00,Wakanda,Vibranium (kg),2421.28,3.55,False
2012-07-15T01:00:00,Wakanda,Arc Reactor Cores,706.28,4.26,False
2012-07-15T01:00:00,Wakanda,Pym Particles,711.79,3.91,False
2012-07-15T01:00:00,Wakanda,Clean Water (L),2402.08,4.26,False
2012-07-15T01:00:00,Wakanda,Medical Kits,727.78,3.2,False
2012-07-15T01:00:00,Sokovia,Vibranium (kg),2420.94,3.55,False
2012-07-15T01:00:00,Sokovia,Arc Reactor Cores,702.56,4.26,False
2012-07-15T01:00:00,Sokovia,Pym Particles,711.77,3.91,False
2012-07-15T01:00:00,Sokovia,Clean Water (L),2405.6,4.26,False
2012-07-15T01:00:00,Sokovia,Medical Kits,730.97,3.2,False
2012-07-15T01:00:00,Sanctum Sanctorum,Vibranium (kg),2423.46,3.55,False
2012-07-15T01:00:00,Sanctum Sanctorum,Arc Reactor Cores,702.87,4.26,False
2012-07-15T01:00:00,Sanctum Sanctorum,Pym Particles,711.54,3.91,False
2012-07-15T01:00:00,Sanctum Sanctorum,Clean Water (L),2403.8,4.26,False
2012-07-15T01:00:00,Sanctum Sanctorum,Medical Kits,735.43,3.2,False
2012-07-15T01:00:00,Avengers Compound,Vibranium (kg),2421.95,3.55,False
2012-07-15T01:00:00,Avengers Compound,Arc Reactor Cores,702.21,4.26,False
2012-07-15T01:00:00,Avengers Compound,Pym Particles,712.39,3.91,False
2012-07-15T01:00:00,Avengers Compound,Clean Water (L),2402.03,4.26,False
2012-07-15T01:00:00,Avengers Compound,Medical Kits,732.28,3.2,False
2012-07-15T02:00:00,New Asgard,Vibranium (kg),2429.54,3.7,False
2012-07-15T02:00:00,New Asgard,Arc Reactor Cores,705.1,4.44,False
2012-07-15T02:00:00,New Asgard,Pym Particles,708.15,4.07,False
2012-07-15T02:00:00,New Asgard,Clean Water (L),2405.27,4.44,False
2012-07-15T02:00:00,New Asgard,Medical Kits,738.91,3.33,False
2012-07-15T02:00:00,Wakanda,Vibranium (kg),2422.1,3.7,False
2012-07-15T02:00:00,Wakanda,Arc Reactor Cores,707.25,4.44,False
2012-07-15T02:00:00,Wakanda,Pym Particles,712.3,4.07,False
2012-07-15T02:00:00,Wakanda,Clean Water (L),2403.61,4.44,False
2012-07-15T02:00:00,Wakanda,Medical Kits,728.95,3.33,False
2012-07-15T02:00:00,Sokovia,Vibranium (kg),2422.91,3.7,False
2012-07-15T02:00:00,Sokovia,Arc Reactor Cores,705.5,4.44,False
2012-07-15T02:00:00,Sokovia,Pym Particles,712.94,4.07,False
2012-07-15T02:00:00,Sokovia,Clean Water (L),2407.11,4.44,False
2012-07-15T02:00:00,Sokovia,Medical Kits,733.69,3.33,False
2012-07-15T02:00:00,Sanctum Sanctorum,Vibranium (kg),2425.22,3.7,False
2012-07-15T02:00:00,Sanctum Sanctorum,Arc Reactor Cores,705.17,4.44,False
2012-07-15T02:00:00,Sanctum Sanctorum,Pym Particles,713.56,4.07,False
2012-07-15T02:00:00,Sanctum Sanctorum,Clean Water (L),2406.14,4.44,False
2012-07-15T02:00:00,Sanctum Sanctorum,Medical Kits,737.71,3.33,False
2012-07-15T02:00:00,Avengers Compound,Vibranium (kg),2423.35,3.7,False
2012-07-15T02:00:00,Avengers Compound,Arc Reactor Cores,702.21,4.44,False
2012-07-15T02:00:00,Avengers Compound,Pym Particles,713.96,4.07,False
2012-07-15T02:00:00,Avengers Compound,Clean Water (L),2404.24,4.44,False
2012-07-15T02:00:00,Avengers Compound,Medical Kits,734.85,3.33,False
2012-07-15T03:00:00,New Asgard,Vibranium (kg),2431.15,3.94,False
2012-07-15T03:00:00,New Asgard,Arc Reactor Cores,707.5,4.73,False
2012-07-15T03:00:00,New Asgard,Pym Particles,710.75,4.33,False
2012-07-15T03:00:00,New Asgard,Clean Water (L),2405.91,4.73,False
2012-07-15T03:00:00,New Asgard,Medical Kits,738.01,3.55,False
2012-07-15T03:00:00,Wakanda,Vibranium (kg),2422.04,3.94,False
2012-07-15T03:00:00,Wakanda,Arc Reactor Cores,707.89,4.73,False
2012-07-15T03:00:00,Wakanda,Pym Particles,712.14,4.33,False
2012-07-15T03:00:00,Wakanda,Clean Water (L),2405.25,4.73,False
2012-07-15T03:00:00,Wakanda,Medical Kits,730.2,3.55,False
2012-07-15T03:00:00,Sokovia,Vibranium (kg),2423.9,3.94,False
2012-07-15T03:00:00,Sokovia,Arc Reactor Cores,706.17,4.73,False
2012-07-15T03:00:00,Sokovia,Pym Particles,714.38,4.33,False
2012-07-15T03:00:00,Sokovia,Clean Water (L),2407.42,4.73,False
2012-07-15T03:00:00,Sokovia,Medical Kits,733.31,3.55,False
2012-07-15T03:00:00,Sanctum Sanctorum,Vibranium (kg),2426.24,3.94,False
2012-07-15T03:00:00,Sanctum Sanctorum,Arc Reactor Cores,706.53,4.73,False
2012-07-15T03:00:00,Sanctum Sanctorum,Pym Particles,714.67,4.33,False
2012-07-15T03:00:00,Sanctum Sanctorum,Clean Water (L),2406.92,4.73,False
2012-07-15T03:00:00,Sanctum Sanctorum,Medical Kits,739.31,3.55,False
2012-07-15T03:00:00,Avengers Compound,Vibranium (kg),2424.82,3.94,False
2012-07-15T03:00:00,Avengers Compound,Arc Reactor Cores,703.95,4.73,False
2012-07-15T03:00:00,Avengers Compound,Pym Particles,715.75,4.33,False
2012-07-15T03:00:00,Avengers Compound,Clean Water (L),2404.43,4.73,False
2012-07-15T03:00:00,Avengers Compound,Medical Kits,735.98,3.55,False
2012-07-15T04:00:00,New Asgard,Vibranium (kg),2432.69,4.25,False
2012-07-15T04:00:00,New Asgard,Arc Reactor Cores,708.97,5.1,False
2012-07-15T04:00:00,New Asgard,Pym Particles,710.37,4.68,False
2012-07-15T04:00:00,New Asgard,Clean Water (L),2405.58,5.1,False
2012-07-15T04:00:00,New Asgard,Medical Kits,737.64,3.83,False
2012-07-15T04:00:00,Wakanda,Vibranium (kg),2422.22,4.25,False
2012-07-15T04:00:00,Wakanda,Arc Reactor Cores,709.31,5.1,False
2012-07-15T04:00:00,Wakanda,Pym Particles,712.45,4.68,False
2012-07-15T04:00:00,Wakanda,Clean Water (L),2405.96,5.1,False
2012-07-15T04:00:00,Wakanda,Medical Kits,731.5,3.83,False
2012-07-15T04:00:00,Sokovia,Vibranium (kg),2424.36,4.25,False
2012-07-15T04:00:00,Sokovia,Arc Reactor Cores,706.73,5.1,False
2012-07-15T04:00:00,Sokovia,Pym Particles,715.11,4.68,False
2012-07-15T04:00:00,Sokovia,Clean Water (L),2407.96,5.1,False
2012-07-15T04:00:00,Sokovia,Medical Kits,734.62,3.83,False
2012-07-15T04:00:00,Sanctum Sanctorum,Vibranium (kg),2425.66,4.25,False
2012-07-15T04:00:00,Sanctum Sanctorum,Arc Reactor Cores,707.34,5.1,False
2012-07-15T04:00:00,Sanctum Sanctorum,Pym Particles,714.54,4.68,False
2012-07-15T04:00:00,Sanctum Sanctorum,Clean Water (L),2407.63,5.1,False
2012-07-15T04:00:00,Sanctum Sanctorum,Medical Kits,739.48,3.83,False
2012-07-15T04:00:00,Avengers Compound,Vibranium (kg),2425.47,4.25,False
2012-07-15T04:00:00,Avengers Compound,Arc Reactor Cores,704.38,5.1,False
2012-07-15T04:00:00,Avengers Compound,Pym Particles,716.25,4.68,False
2012-07-15T04:00:00,Avengers Compound,Clean Water (L),2404.52,5.1,False
2012-07-15T04:00:00,Avengers Compound,Medical Kits,736.83,3.83,False
2012-07-15T05:00:00,New Asgard,Vibranium (kg),2431.4,4.61,False
2012-07-15T05:00:00,New Asgard,Arc Reactor Cores,707.98,5.53,False
2012-07-15T05:00:00,New Asgard,Pym Particles,710.28,5.07,False
2012-07-15T05:00:00,New Asgard,Clean Water (L),2406.04,5.53,False
2012-07-15T05:00:00,New Asgard,Medical Kits,737.13,4.15,False
2012-07-15T05:00:00,Wakanda,Vibranium (kg),2422.73,4.61,False
2012-07-15T05:00:00,Wakanda,Arc Reactor Cores,710.07,5.53,False
2012-07-15T05:00:00,Wakanda,Pym Particles,713.13,5.07,False
2012-07-15T05:00:00,Wakanda,Clean Water (L),2407.65,5.53,False
2012-07-15T05:00:00,Wakanda,Medical Kits,732.64,4.15,False
2012-07-15T05:00:00,Sokovia,Vibranium (kg),2423.6,4.61,False
2012-07-15T05:00:00,Sokovia,Arc Reactor Cores,706.2,5.53,False
2012-07-15T05:00:00,Sokovia,Pym Particles,715.71,5.07,False
2012-07-15T05:00:00,Sokovia,Clean Water (L),2408.91,5.53,False
2012-07-15T05:00:00,Sokovia,Medical Kits,734.97,4.15,False
2012-07-15T05:00:00,Sanctum Sanctorum,Vibranium (kg),2425.75,4.61,False
2012-07-15T05:00:00,Sanctum Sanctorum,Arc Reactor Cores,707.89,5.53,False
2012-07-15T05:00:00,Sanctum Sanctorum,Pym Particles,714.54,5.07,False
2012-07-15T05:00:00,Sanctum Sanctorum,Clean Water (L),2408.1,5.53,False
2012-07-15T05:00:00,Sanctum Sanctorum,Medical Kits,739.05,4.15,False
2012-07-15T05:00:00,Avengers Compound,Vibranium (kg),2426.19,4.61,False
2012-07-15T05:00:00,Avengers Compound,Arc Reactor Cores,703.39,5.53,False
2012-07-15T05:00:00,Avengers Compound,Pym Particles,716.23,5.07,False
2012-07-15T05:00:00,Avengers Compound,Clean Water (L),2405.58,5.53,False
2012-07-15T05:00:00,Avengers Compound,Medical Kits,736.91,4.15,False
2012-07-15T06:00:00,New Asgard,Vibranium (kg),2432.05,5.0,False
2012-07-15T06:00:00,New Asgard,Arc Reactor Cores,707.81,6.0,False
2012-07-15T06:00:00,New Asgard,Pym Particles,708.89,5.5,False
2012-07-15T06:00:00,New Asgard,Clean Water (L),2406.3,6.0,False
2012-07-15T06:00:00,New Asgard,Medical Kits,736.48,4.5,False
2012-07-15T06:00:00,Wakanda,Vibranium (kg),2423.05,5.0,False
2012-07-15T06:00:00,Wakanda,Arc Reactor Cores,710.57,6.0,False
2012-07-15T06:00:00,Wakanda,Pym Particles,713.43,5.5,False
2012-07-15T06:00:00,Wakanda,Clean Water (L),2408.12,6.0,False
2012-07-15T06:00:00,Wakanda,Medical Kits,732.85,4.5,False
2012-07-15T06:00:00,Sokovia,Vibranium (kg),2422.13,5.0,False
2012-07-15T06:00:00,Sokovia,Arc Reactor Cores,705.78,6.0,False
2012-07-15T06:00:00,Sokovia,Pym Particles,714.28,5.5,False
2012-07-15T06:00:00,Sokovia,Clean Water (L),2408.5,6.0,False
2012-07-15T06:00:00,Sokovia,Medical Kits,734.5,4.5,False
2012-07-15T06:00:00,Sanctum Sanctorum,Vibranium (kg),2424.98,5.0,False
2012-07-15T06:00:00,Sanctum Sanctorum,Arc Reactor Cores,707.1,6.0,False
2012-07-15T06:00:00,Sanctum Sanctorum,Pym Particles,716.13,5.5,False
2012-07-15T06:00:00,Sanctum Sanctorum,Clean Water (L),2408.91,6.0,False
2012-07-15T06:00:00,Sanctum Sanctorum,Medical Kits,739.52,4.5,False
2012-07-15T06:00:00,Avengers Compound,Vibranium (kg),2425.43,5.0,False
2012-07-15T06:00:00,Avengers Compound,Arc Reactor Cores,701.93,6.0,False
2012-07-15T06:00:00,Avengers Compound,Pym Particles,715.47,5.5,False
2012-07-15T06:00:00,Avengers Compound,Clean Water (L),2405.72,6.0,False
2012-07-15T06:00:00,Avengers Compound,Medical Kits,736.22,4.5,False
2012-07-15T07:00:00,New Asgard,Vibranium (kg),2431.14,5.39,False
2012-07-15T07:00:00,New Asgard,Arc Reactor Cores,706.58,6.47,False
2012-07-15T07:00:00,New Asgard,Pym Particles,707.81,5.93,False
2012-07-15T07:00:00,New Asgard,Clean Water (L),2406.68,6.47,False
2012-07-15T07:00:00,New Asgard,Medical Kits,734.98,4.85,False
2012-07-15T07:00:00,Wakanda,Vibranium (kg),2423.24,5.39,False
2012-07-15T07:00:00,Wakanda,Arc Reactor Cores,710.94,6.47,False
2012-07-15T07:00:00,Wakanda,Pym Particles,712.52,5.93,False
2012-07-15T07:00:00,Wakanda,Clean Water (L),2407.76,6.47,False
2012-07-15T07:00:00,Wakanda,Medical Kits,732.59,4.85,False
2012-07-15T07:00:00,Sokovia,Vibranium (kg),2422.63,5.39,False
2012-07-15T07:00:00,Sokovia,Arc Reactor Cores,704.76,6.47,False
2012-07-15T07:00:00,Sokovia,Pym Particles,714.23,5.93,False
2012-07-15T07:00:00,Sokovia,Clean Water (L),2406.9,6.47,False
2012-07-15T07:00:00,Sokovia,Medical Kits,733.66,4.85,False
2012-07-15T07:00:00,Sanctum Sanctorum,Vibranium (kg),2424.31,5.39,False
2012-07-15T07:00:00,Sanctum Sanctorum,Arc Reactor Cores,706.68,6.47,False
2012-07-15T07:00:00,Sanctum Sanctorum,Pym Particles,715.8,5.93,False
2012-07-15T07:00:00,Sanctum Sanctorum,Clean Water (L),2408.26,6.47,False
2012-07-15T07:00:00,Sanctum Sanctorum,Medical Kits,738.93,4.85,False
2012-07-15T07:00:00,Avengers Compound,Vibranium (kg),2424.6,5.39,False
2012-07-15T07:00:00,Avengers Compound,Arc Reactor Cores,702.01,6.47,False
2012-07-15T07:00:00,Avengers Compound,Pym Particles,715.23,5.93,False
2012-07-15T07:00:00,Avengers Compound,Clean Water (L),2404.74,6.47,False
2012-07-15T07:00:00,Avengers Compound,Medical Kits,736.39,4.85,False
2012-07-15T08:00:00,New Asgard,Vibranium (kg),2428.84,5.75,False
2012-07-15T08:00:00,New Asgard,Arc Reactor Cores,705.53,6.9,False
2012-07-15T08:00:00,New Asgard,Pym Particles,708.89,6.32,False
2012-07-15T08:00:00,New Asgard,Clean Water (L),2405.15,6.9,False
2012-07-15T08:00:00,New Asgard,Medical Kits,732.64,5.17,False
2012-07-15T08:00:00,Wakanda,Vibranium (kg),2421.0,5.75,False
2012-07-15T08:00:00,Wakanda,Arc Reactor Cores,709.93,6.9,False
2012-07-15T08:00:00,Wakanda,Pym Particles,712.08,6.32,False
2012-07-15T08:00:00,Wakanda,Clean Water (L),2407.25,6.9,False
2012-07-15T08:00:00,Wakanda,Medical Kits,730.72,5.17,False
2012-07-15T08:00:00,Sokovia,Vibranium (kg),2421.96,5.75,False
2012-07-15T08:00:00,Sokovia,Arc Reactor Cores,703.94,6.9,False
2012-07-15T08:00:00,Sokovia,Pym Particles,713.07,6.32,False
2012-07-15T08:00:00,Sokovia,Clean Water (L),2405.48,6.9,False
2012-07-15T08:00:00,Sokovia,Medical Kits,732.28,5.17,False
2012-07-15T08:00:00,Sanctum Sanctorum,Vibranium (kg),2421.86,5.75,False
2012-07-15T08:00:00,Sanctum Sanctorum,Arc Reactor Cores,706.43,6.9,False
2012-07-15T08:00:00,Sanctum Sanctorum,Pym Particles,714.05,6.32,False
2012-07-15T08:00:00,Sanctum Sanctorum,Clean Water (L),2407.48,6.9,False
2012-07-15T08:00:00,Sanctum Sanctorum,Medical Kits,736.57,5.17,False
2012-07-15T08:00:00,Avengers Compound,Vibranium (kg),2424.27,5.75,False
2012-07-15T08:00:00,Avengers Compound,Arc Reactor Cores,701.29,6.9,False
2012-07-15T08:00:00,Avengers Compound,Pym Particles,713.94,6.32,False
2012-07-15T08:00:00,Avengers Compound,Clean Water (L),2404.02,6.9,False
2012-07-15T08:00:00,Avengers Compound,Medical Kits,733.83,5.17,False
2012-07-15T09:00:00,New Asgard,Vibranium (kg),2428.52,6.06,False
2012-07-15T09:00:00,New Asgard,Arc Reactor Cores,705.17,7.27,False
2012-07-15T09:00:00,New Asgard,Pym Particles,706.33,6.67,False
2012-07-15T09:00:00,New Asgard,Clean Water (L),2404.08,7.27,False
2012-07-15T09:00:00,New Asgard,Medical Kits,732.13,5.45,False
2012-07-15T09:00:00,Wakanda,Vibranium (kg),2418.86,6.06,False
2012-07-15T09:00:00,Wakanda,Arc Reactor Cores,707.78,7.27,False
2012-07-15T09:00:00,Wakanda,Pym Particles,710.21,6.67,False
2012-07-15T09:00:00,Wakanda,Clean Water (L),2405.45,7.27,False
2012-07-15T09:00:00,Wakanda,Medical Kits,729.26,5.45,False
2012-07-15T09:00:00,Sokovia,Vibranium (kg),2420.36,6.06,False
2012-07-15T09:00:00,Sokovia,Arc Reactor Cores,702.81,7.27,False
2012-07-15T09:00:00,Sokovia,Pym Particles,712.66,6.67,False
2012-07-15T09:00:00,Sokovia,Clean Water (L),2404.35,7.27,False
2012-07-15T09:00:00,Sokovia,Medical Kits,731.78,5.45,False
2012-07-15T09:00:00,Sanctum Sanctorum,Vibranium (kg),2420.72,6.06,False
2012-07-15T09:00:00,Sanctum Sanctorum,Arc Reactor Cores,703.76,7.27,False
2012-07-15T09:00:00,Sanctum Sanctorum,Pym Particles,712.28,6.67,False
2012-07-15T09:00:00,Sanctum Sanctorum,Clean Water (L),2406.74,7.27,False
2012-07-15T09:00:00,Sanctum Sanctorum,Medical Kits,735.3,5.45,False
2012-07-15T09:00:00,Avengers Compound,Vibranium (kg),2422.3,6.06,False
2012-07-15T09:00:00,Avengers Compound,Arc Reactor Cores,701.26,7.27,False
2012-07-15T09:00:00,Avengers Compound,Pym Particles,712.86,6.67,False
2012-07-15T09:00:00,Avengers Compound,Clean Water (L),2402.22,7.27,False
2012-07-15T09:00:00,Avengers Compound,Medical Kits,733.19,5.45,False
2012-07-15T10:00:00,New Asgard,Vibranium (kg),2427.07,6.3,False
2012-07-15T10:00:00,New Asgard,Arc Reactor Cores,704.03,7.56,False
2012-07-15T10:00:00,New Asgard,Pym Particles,705.86,6.93,False
2012-07-15T10:00:00,New Asgard,Clean Water (L),2402.01,7.56,False
2012-07-15T10:00:00,New Asgard,Medical Kits,731.38,5.67,False
2012-07-15T10:00:00,Wakanda,Vibranium (kg),2417.3,6.3,False
2012-07-15T10:00:00,Wakanda,Arc Reactor Cores,705.77,7.56,False
2012-07-15T10:00:00,Wakanda,Pym Particles,708.43,6.93,False
2012-07-15T10:00:00,Wakanda,Clean Water (L),2403.87,7.56,False
2012-07-15T10:00:00,Wakanda,Medical Kits,726.36,5.67,False
2012-07-15T10:00:00,Sokovia,Vibranium (kg),2419.39,6.3,False
2012-07-15T10:00:00,Sokovia,Arc Reactor Cores,701.77,7.56,False
2012-07-15T10:00:00,Sokovia,Pym Particles,710.9,6.93,False
2012-07-15T10:00:00,Sokovia,Clean Water (L),2404.39,7.56,False
2012-07-15T10:00:00,Sokovia,Medical Kits,728.94,5.67,False
2012-07-15T10:00:00,Sanctum Sanctorum,Vibranium (kg),2419.14,6.3,False
2012-07-15T10:00:00,Sanctum Sanctorum,Arc Reactor Cores,703.42,7.56,False
2012-07-15T10:00:00,Sanctum Sanctorum,Pym Particles,711.57,6.93,False
2012-07-15T10:00:00,Sanctum Sanctorum,Clean Water (L),2405.22,7.56,False
2012-07-15T10:00:00,Sanctum Sanctorum,Medical Kits,733.29,5.67,False
2012-07-15T10:00:00,Avengers Compound,Vibranium (kg),2421.44,6.3,False
2012-07-15T10:00:00,Avengers Compound,Arc Reactor Cores,698.08,7.56,False
2012-07-15T10:00:00,Avengers Compound,Pym Particles,710.01,6.93,False
2012-07-15T10:00:00,Avengers Compound,Clean Water (L),2400.25,7.56,False
2012-07-15T10:00:00,Avengers Compound,Medical Kits,732.6,5.67,False
2012-07-15T11:00:00,New Asgard,Vibranium (kg),2424.33,6.45,False
2012-07-15T11:00:00,New Asgard,Arc Reactor Cores,702.34,7.74,False
2012-07-15T11:00:00,New Asgard,Pym Particles,702.71,7.09,False
2012-07-15T11:00:00,New Asgard,Clean Water (L),2401.5,7.74,False
2012-07-15T11:00:00,New Asgard,Medical Kits,728.8,5.8,False
2012-07-15T11:00:00,Wakanda,Vibranium (kg),2415.35,6.45,False
2012-07-15T11:00:00,Wakanda,Arc Reactor Cores,703.39,7.74,False
2012-07-15T11:00:00,Wakanda,Pym Particles,708.13,7.09,False
2012-07-15T11:00:00,Wakanda,Clean Water (L),2401.33,7.74,False
2012-07-15T11:00:00,Wakanda,Medical Kits,726.35,5.8,False
2012-07-15T11:00:00,Sokovia,Vibranium (kg),2417.11,6.45,False
2012-07-15T11:00:00,Sokovia,Arc Reactor Cores,699.69,7.74,False
2012-07-15T11:00:00,Sokovia,Pym Particles,709.26,7.09,False
2012-07-15T11:00:00,Sokovia,Clean Water (L),2402.81,7.74,False
2012-07-15T11:00:00,Sokovia,Medical Kits,726.6,5.8,False
2012-07-15T11:00:00,Sanctum Sanctorum,Vibranium (kg),2417.48,6.45,False
2012-07-15T11:00:00,Sanctum Sanctorum,Arc Reactor Cores,702.26,7.74,False
2012-07-15T11:00:00,Sanctum Sanctorum,Pym Particles,708.7,7.09,False
2012-07-15T11:00:00,Sanctum Sanctorum,Clean Water (L),2404.08,7.74,False
2012-07-15T11:00:00,Sanctum Sanctorum,Medical Kits,731.59,5.8,False
2012-07-15T11:00:00,Avengers Compound,Vibranium (kg),2419.8,6.45,False
2012-07-15T11:00:00,Avengers Compound,Arc Reactor Cores,696.98,7.74,False
2012-07-15T11:00:00,Avengers Compound,Pym Particles,710.08,7.09,False
2012-07-15T11:00:00,Avengers Compound,Clean Water (L),2399.44,7.74,False
2012-07-15T11:00:00,Avengers Compound,Medical Kits,731.22,5.8,False
2012-07-15T12:00:00,New Asgard,Vibranium (kg),2422.53,6.5,False
2012-07-15T12:00:00,New Asgard,Arc Reactor Cores,700.12,7.8,False
2012-07-15T12:00:00,New Asgard,Pym Particles,700.63,7.15,False
2012-07-15T12:00:00,New Asgard,Clean Water (L),2399.83,7.8,False
2012-07-15T12:00:00,New Asgard,Medical Kits,728.38,5.85,False
2012-07-15T12:00:00,Wakanda,Vibranium (kg),2415.46,6.5,False
2012-07-15T12:00:00,Wakanda,Arc Reactor Cores,702.47,7.8,False
2012-07-15T12:00:00,Wakanda,Pym Particles,706.17,7.15,False
2012-07-15T12:00:00,Wakanda,Clean Water (L),2399.91,7.8,False
2012-07-15T12:00:00,Wakanda,Medical Kits,724.42,5.85,False
2012-07-15T12:00:00,Sokovia,Vibranium (kg),2416.49,6.5,False
2012-07-15T12:00:00,Sokovia,Arc Reactor Cores,698.47,7.8,False
2012-07-15T12:00:00,Sokovia,Pym Particles,708.6,7.15,False
2012-07-15T12:00:00,Sokovia,Clean Water (L),2402.58,7.8,False
2012-07-15T12:00:00,Sokovia,Medical Kits,726.84,5.85,False
2012-07-15T12:00:00,Sanctum Sanctorum,Vibranium (kg),2415.57,6.5,False
2012-07-15T12:00:00,Sanctum Sanctorum,Arc Reactor Cores,700.12,7.8,False
2012-07-15T12:00:00,Sanctum Sanctorum,Pym Particles,705.66,7.15,False
2012-07-15T12:00:00,Sanctum Sanctorum,Clean Water (L),2400.89,7.8,False
2012-07-15T12:00:00,Sanctum Sanctorum,Medical Kits,730.23,5.85,False
2012-07-15T12:00:00,Avengers Compound,Vibranium (kg),2417.78,6.5,False
2012-07-15T12:00:00,Avengers Compound,Arc Reactor Cores,694.58,7.8,False
2012-07-15T12:00:00,Avengers Compound,Pym Particles,710.03,7.15,False
2012-07-15T12:00:00,Avengers Compound,Clean Water (L),2398.55,7.8,False
2012-07-15T12:00:00,Avengers Compound,Medical Kits,730.07,5.85,False
2012-07-15T13:00:00,New Asgard,Vibranium (kg),2421.15,6.45,False
2012-07-15T13:00:00,New Asgard,Arc Reactor Cores,698.43,7.74,False
2012-07-15T13:00:00,New Asgard,Pym Particles,699.2,7.09,False
2012-07-15T13:00:00,New Asgard,Clean Water (L),2398.15,7.74,False
2012-07-15T13:00:00,New Asgard,Medical Kits,726.32,5.8,False
2012-07-15T13:00:00,Wakanda,Vibranium (kg),2414.46,6.45,False
2012-07-15T13:00:00,Wakanda,Arc Reactor Cores,699.75,7.74,False
2012-07-15T13:00:00,Wakanda,Pym Particles,704.52,7.09,False
2012-07-15T13:00:00,Wakanda,Clean Water (L),2398.48,7.74,False
2012-07-15T13:00:00,Wakanda,Medical Kits,721.85,5.8,False
2012-07-15T13:00:00,Sokovia,Vibranium (kg),2415.22,6.45,False
2012-07-15T13:00:00,Sokovia,Arc Reactor Cores,698.17,7.74,False
2012-07-15T13:00:00,Sokovia,Pym Particles,707.88,7.09,False
2012-07-15T13:00:00,Sokovia,Clean Water (L),2399.88,7.74,False
2012-07-15T13:00:00,Sokovia,Medical Kits,726.28,5.8,False
2012-07-15T13:00:00,Sanctum Sanctorum,Vibranium (kg),2413.69,6.45,False
2012-07-15T13:00:00,Sanctum Sanctorum,Arc Reactor Cores,698.81,7.74,False
2012-07-15T13:00:00,Sanctum Sanctorum,Pym Particles,703.7,7.09,False
2012-07-15T13:00:00,Sanctum Sanctorum,Clean Water (L),2398.85,7.74,False
2012-07-15T13:00:00,Sanctum Sanctorum,Medical Kits,728.75,5.8,False
2012-07-15T13:00:00,Avengers Compound,Vibranium (kg),2416.34,6.45,False
2012-07-15T13:00:00,Avengers Compound,Arc Reactor Cores,692.86,7.74,False
2012-07-15T13:00:00,Avengers Compound,Pym Particles,707.6,7.09,False
2012-07-15T13:00:00,Avengers Compound,Clean Water (L),2395.99,7.74,False
2012-07-15T13:00:00,Avengers Compound,Medical Kits,728.32,5.8,False
2012-07-15T14:00:00,New Asgard,Vibranium (kg),2419.94,6.3,False
2012-07-15T14:00:00,New Asgard,Arc Reactor Cores,696.36,7.56,False
2012-07-15T14:00:00,New Asgard,Pym Particles,699.06,6.93,False
2012-07-15T14:00:00,New Asgard,Clean Water (L),2396.23,7.56,False
2012-07-15T14:00:00,New Asgard,Medical Kits,726.66,5.67,False
2012-07-15T14:00:00,Wakanda,Vibranium (kg),2414.0,6.3,False
2012-07-15T14:00:00,Wakanda,Arc Reactor Cores,696.8,7.56,False
2012-07-15T14:00:00,Wakanda,Pym Particles,703.48,6.93,False
2012-07-15T14:00:00,Wakanda,Clean Water (L),2397.05,7.56,False
2012-07-15T14:00:00,Wakanda,Medical Kits,721.5,5.67,False
2012-07-15T14:00:00,Sokovia,Vibranium (kg),2413.41,6.3,False
2012-07-15T14:00:00,Sokovia,Arc Reactor Cores,696.81,7.56,False
2012-07-15T14:00:00,Sokovia,Pym Particles,707.67,6.93,False
2012-07-15T14:00:00,Sokovia,Clean Water (L),2398.66,7.56,False
2012-07-15T14:00:00,Sokovia,Medical Kits,724.17,5.67,False
2012-07-15T14:00:00,Sanctum Sanctorum,Vibranium (kg),2411.41,6.3,False
2012-07-15T14:00:00,Sanctum Sanctorum,Arc Reactor Cores,698.8,7.56,False
2012-07-15T14:00:00,Sanctum Sanctorum,Pym Particles,704.08,6.93,False
2012-07-15T14:00:00,Sanctum Sanctorum,Clean Water (L),2397.41,7.56,False
2012-07-15T14:00:00,Sanctum Sanctorum,Medical Kits,728.32,5.67,False
2012-07-15T14:00:00,Avengers Compound,Vibranium (kg),2414.92,6.3,False
2012-07-15T14:00:00,Avengers Compound,Arc Reactor Cores,692.92,7.56,False
2012-07-15T14:00:00,Avengers Compound,Pym Particles,706.03,6.93,False
2012-07-15T14:00:00,Avengers Compound,Clean Water (L),2395.53,7.56,False
2012-07-15T14:00:00,Avengers Compound,Medical Kits,728.25,5.67,False
2012-07-15T15:00:00,New Asgard,Vibranium (kg),2419.9,6.06,False
2012-07-15T15:00:00,New Asgard,Arc Reactor Cores,694.98,7.27,False
2012-07-15T15:00:00,New Asgard,Pym Particles,699.08,6.67,False
2012-07-15T15:00:00,New Asgard,Clean Water (L),2395.54,7.27,False
2012-07-15T15:00:00,New Asgard,Medical Kits,726.02,5.45,False
2012-07-15T15:00:00,Wakanda,Vibranium (kg),2413.0,6.06,False
2012-07-15T15:00:00,Wakanda,Arc Reactor Cores,695.33,7.27,False
2012-07-15T15:00:00,Wakanda,Pym Particles,702.7,6.67,False
2012-07-15T15:00:00,Wakanda,Clean Water (L),2395.46,7.27,False
2012-07-15T15:00:00,Wakanda,Medical Kits,719.9,5.45,False
2012-07-15T15:00:00,Sokovia,Vibranium (kg),2413.18,6.06,False
2012-07-15T15:00:00,Sokovia,Arc Reactor Cores,695.64,7.27,False
2012-07-15T15:00:00,Sokovia,Pym Particles,705.99,6.67,False
2012-07-15T15:00:00,Sokovia,Clean Water (L),2396.58,7.27,False
2012-07-15T15:00:00,Sokovia,Medical Kits,722.75,5.45,False
2012-07-15T15:00:00,Sanctum Sanctorum,Vibranium (kg),2409.63,6.06,False
2012-07-15T15:00:00,Sanctum Sanctorum,Arc Reactor Cores,698.17,7.27,False
2012-07-15T15:00:00,Sanctum Sanctorum,Pym Particles,702.33,6.67,False
2012-07-15T15:00:00,Sanctum Sanctorum,Clean Water (L),2394.88,7.27,False
2012-07-15T15:00:00,Sanctum Sanctorum,Medical Kits,726.74,5.45,False
2012-07-15T15:00:00,Avengers Compound,Vibranium (kg),2413.93,6.06,False
2012-07-15T15:00:00,Avengers Compound,Arc Reactor Cores,691.03,7.27,False
2012-07-15T15:00:00,Avengers Compound,Pym Particles,706.6,6.67,False
2012-07-15T15:00:00,Avengers Compound,Clean Water (L),2396.06,7.27,False
2012-07-15T15:00:00,Avengers Compound,Medical Kits,727.09,5.45,False
2012-07-15T16:00:00,New Asgard,Vibranium (kg),2420.05,5.75,False
2012-07-15T16:00:00,New Asgard,Arc Reactor Cores,694.9,6.9,False
2012-07-15T16:00:00,New Asgard,Pym Particles,698.48,6.32,False
2012-07-15T16:00:00,New Asgard,Clean Water (L),2394.49,6.9,False
2012-07-15T16:00:00,New Asgard,Medical Kits,725.22,5.17,False
2012-07-15T16:00:00,Wakanda,Vibranium (kg),2412.4,5.75,False
2012-07-15T16:00:00,Wakanda,Arc Reactor Cores,694.86,6.9,False
2012-07-15T16:00:00,Wakanda,Pym Particles,701.39,6.32,False
2012-07-15T16:00:00,Wakanda,Clean Water (L),2395.94,6.9,False
2012-07-15T16:00:00,Wakanda,Medical Kits,719.48,5.17,False
2012-07-15T16:00:00,Sokovia,Vibranium (kg),2412.63,5.75,False
2012-07-15T16:00:00,Sokovia,Arc Reactor Cores,695.41,6.9,False
2012-07-15T16:00:00,Sokovia,Pym Particles,704.88,6.32,False
2012-07-15T16:00:00,Sokovia,Clean Water (L),2395.89,6.9,False
2012-07-15T16:00:00,Sokovia,Medical Kits,723.04,5.17,False
2012-07-15T16:00:00,Sanctum Sanctorum,Vibranium (kg),2408.22,5.75,False
2012-07-15T16:00:00,Sanctum Sanctorum,Arc Reactor Cores,697.83,6.9,False
2012-07-15T16:00:00,Sanctum Sanctorum,Pym Particles,701.87,6.32,False
2012-07-15T16:00:00,Sanctum Sanctorum,Clean Water (L),2394.1,6.9,False
2012-07-15T16:00:00,Sanctum Sanctorum,Medical Kits,727.61,5.17,False
2012-07-15T16:00:00,Avengers Compound,Vibranium (kg),2412.73,5.75,False
2012-07-15T16:00:00,Avengers Compound,Arc Reactor Cores,690.18,6.9,False
2012-07-15T16:00:00,Avengers Compound,Pym Particles,705.35,6.32,False
2012-07-15T16:00:00,Avengers Compound,Clean Water (L),2395.38,6.9,False
2012-07-15T16:00:00,Avengers Compound,Medical Kits,725.72,5.17,False
2012-07-15T17:00:00,New Asgard,Vibranium (kg),2419.74,5.39,False
2012-07-15T17:00:00,New Asgard,Arc Reactor Cores,693.86,6.47,False
2012-07-15T17:00:00,New Asgard,Pym Particles,699.84,5.93,False
2012-07-15T17:00:00,New Asgard,Clean Water (L),2394.32,6.47,False
2012-07-15T17:00:00,New Asgard,Medical Kits,726.66,4.85,False
2012-07-15T17:00:00,Wakanda,Vibranium (kg),2413.35,5.39,False
2012-07-15T17:00:00,Wakanda,Arc Reactor Cores,695.94,6.47,False
2012-07-15T17:00:00,Wakanda,Pym Particles,701.68,5.93,False
2012-07-15T17:00:00,Wakanda,Clean Water (L),2395.4,6.47,False
2012-07-15T17:00:00,Wakanda,Medical Kits,720.65,4.85,False
2012-07-15T17:00:00,Sokovia,Vibranium (kg),2412.59,5.39,False
2012-07-15T17:00:00,Sokovia,Arc Reactor Cores,694.1,6.47,False
2012-07-15T17:00:00,Sokovia,Pym Particles,703.19,5.93,False
2012-07-15T17:00:00,Sokovia,Clean Water (L),2395.54,6.47,False
2012-07-15T17:00:00,Sokovia,Medical Kits,722.86,4.85,False
2012-07-15T17:00:00,Sanctum Sanctorum,Vibranium (kg),2408.39,5.39,False
2012-07-15T17:00:00,Sanctum Sanctorum,Arc Reactor Cores,697.45,6.47,False
2012-07-15T17:00:00,Sanctum Sanctorum,Pym Particles,702.69,5.93,False
2012-07-15T17:00:00,Sanctum Sanctorum,Clean Water (L),2393.5,6.47,False
2012-07-15T17:00:00,Sanctum Sanctorum,Medical Kits,727.16,4.85,False
2012-07-15T17:00:00,Avengers Compound,Vibranium (kg),2413.19,5.39,False
2012-07-15T17:00:00,Avengers Compound,Arc Reactor Cores,689.87,6.47,False
2012-07-15T17:00:00,Avengers Compound,Pym Particles,705.22,5.93,False
2012-07-15T17:00:00,Avengers Compound,Clean Water (L),2394.77,6.47,False
2012-07-15T17:00:00,Avengers Compound,Medical Kits,726.04,4.85,False
2012-07-15T18:00:00,New Asgard,Vibranium (kg),2418.99,5.0,False
2012-07-15T18:00:00,New Asgard,Arc Reactor Cores,693.32,6.0,False
2012-07-15T18:00:00,New Asgard,Pym Particles,699.19,5.5,False
2012-07-15T18:00:00,New Asgard,Clean Water (L),2395.03,6.0,False
2012-07-15T18:00:00,New Asgard,Medical Kits,725.66,4.5,False
2012-07-15T18:00:00,Wakanda,Vibranium (kg),2412.91,5.0,False
2012-07-15T18:00:00,Wakanda,Arc Reactor Cores,694.34,6.0,False
2012-07-15T18:00:00,Wakanda,Pym Particles,701.62,5.5,False
2012-07-15T18:00:00,Wakanda,Clean Water (L),2395.66,6.0,False
2012-07-15T18:00:00,Wakanda,Medical Kits,720.29,4.5,False
2012-07-15T18:00:00,Sokovia,Vibranium (kg),2414.36,5.0,False
2012-07-15T18:00:00,Sokovia,Arc Reactor Cores,693.9,6.0,False
2012-07-15T18:00:00,Sokovia,Pym Particles,703.63,5.5,False
2012-07-15T18:00:00,Sokovia,Clean Water (L),2397.02,6.0,False
2012-07-15T18:00:00,Sokovia,Medical Kits,722.47,4.5,False
2012-07-15T18:00:00,Sanctum Sanctorum,Vibranium (kg),2410.68,5.0,False
2012-07-15T18:00:00,Sanctum Sanctorum,Arc Reactor Cores,698.05,6.0,False
2012-07-15T18:00:00,Sanctum Sanctorum,Pym Particles,702.3,5.5,False
2012-07-15T18:00:00,Sanctum Sanctorum,Clean Water (L),2395.43,6.0,False
2012-07-15T18:00:00,Sanctum Sanctorum,Medical Kits,727.49,4.5,False
2012-07-15T18:00:00,Avengers Compound,Vibranium (kg),2414.31,5.0,False
2012-07-15T18:00:00,Avengers Compound,Arc Reactor Cores,689.54,6.0,False
2012-07-15T18:00:00,Avengers Compound,Pym Particles,706.11,5.5,False
2012-07-15T18:00:00,Avengers Compound,Clean Water (L),2395.57,6.0,False
2012-07-15T18:00:00,Avengers Compound,Medical Kits,725.66,4.5,False
2012-07-15T19:00:00,New Asgard,Vibranium (kg),2420.53,4.61,False
2012-07-15T19:00:00,New Asgard,Arc Reactor Cores,693.66,5.53,False
2012-07-15T19:00:00,New Asgard,Pym Particles,701.4,5.07,False
2012-07-15T19:00:00,New Asgard,Clean Water (L),2396.72,5.53,False
2012-07-15T19:00:00,New Asgard,Medical Kits,727.0,4.15,False
2012-07-15T19:00:00,Wakanda,Vibranium (kg),2412.01,4.61,False
2012-07-15T19:00:00,Wakanda,Arc Reactor Cores,695.54,5.53,False
2012-07-15T19:00:00,Wakanda,Pym Particles,702.79,5.07,False
2012-07-15T19:00:00,Wakanda,Clean Water (L),2396.27,5.53,False
2012-07-15T19:00:00,Wakanda,Medical Kits,721.41,4.15,False
2012-07-15T19:00:00,Sokovia,Vibranium (kg),2414.86,4.61,False
2012-07-15T19:00:00,Sokovia,Arc Reactor Cores,694.92,5.53,False
2012-07-15T19:00:00,Sokovia,Pym Particles,704.94,5.07,False
2012-07-15T19:00:00,Sokovia,Clean Water (L),2397.68,5.53,False
2012-07-15T19:00:00,Sokovia,Medical Kits,724.25,4.15,False
2012-07-15T19:00:00,Sanctum Sanctorum,Vibranium (kg),2410.32,4.61,False
2012-07-15T19:00:00,Sanctum Sanctorum,Arc Reactor Cores,697.27,5.53,False
2012-07-15T19:00:00,Sanctum Sanctorum,Pym Particles,704.15,5.07,False
2012-07-15T19:00:00,Sanctum Sanctorum,Clean Water (L),2395.39,5.53,False
2012-07-15T19:00:00,Sanctum Sanctorum,Medical Kits,727.74,4.15,False
2012-07-15T19:00:00,Avengers Compound,Vibranium (kg),2415.23,4.61,False
2012-07-15T19:00:00,Avengers Compound,Arc Reactor Cores,690.54,5.53,False
2012-07-15T19:00:00,Avengers Compound,Pym Particles,707.13,5.07,False
2012-07-15T19:00:00,Avengers Compound,Clean Water (L),2396.3,5.53,False
2012-07-15T19:00:00,Avengers Compound,Medical Kits,726.33,4.15,False
2012-07-15T20:00:00,New Asgard,Vibranium (kg),2421.84,4.25,False
2012-07-15T20:00:00,New Asgard,Arc Reactor Cores,695.02,5.1,False
2012-07-15T20:00:00,New Asgard,Pym Particles,702.71,4.68,False
2012-07-15T20:00:00,New Asgard,Clean Water (L),2395.98,5.1,False
2012-07-15T20:00:00,New Asgard,Medical Kits,728.29,3.83,False
2012-07-15T20:00:00,Wakanda,Vibranium (kg),2411.81,4.25,False
2012-07-15T20:00:00,Wakanda,Arc Reactor Cores,698.0,5.1,False
2012-07-15T20:00:00,Wakanda,Pym Particles,704.49,4.68,False
2012-07-15T20:00:00,Wakanda,Clean Water (L),2397.27,5.1,False
2012-07-15T20:00:00,Wakanda,Medical Kits,722.51,3.83,False
2012-07-15T20:00:00,Sokovia,Vibranium (kg),2415.48,4.25,False
2012-07-15T20:00:00,Sokovia,Arc Reactor Cores,696.28,5.1,False
2012-07-15T20:00:00,Sokovia,Pym Particles,706.78,4.68,False
2012-07-15T20:00:00,Sokovia,Clean Water (L),2398.49,5.1,False
2012-07-15T20:00:00,Sokovia,Medical Kits,724.61,3.83,False
2012-07-15T20:00:00,Sanctum Sanctorum,Vibranium (kg),2411.13,4.25,False
2012-07-15T20:00:00,Sanctum Sanctorum,Arc Reactor Cores,698.35,5.1,False
2012-07-15T20:00:00,Sanctum Sanctorum,Pym Particles,705.22,4.68,False
2012-07-15T20:00:00,Sanctum Sanctorum,Clean Water (L),2395.81,5.1,False
2012-07-15T20:00:00,Sanctum Sanctorum,Medical Kits,727.85,3.83,False
2012-07-15T20:00:00,Avengers Compound,Vibranium (kg),2415.72,4.25,False
2012-07-15T20:00:00,Avengers Compound,Arc Reactor Cores,690.64,5.1,False
2012-07-15T20:00:00,Avengers Compound,Pym Particles,706.99,4.68,False
2012-07-15T20:00:00,Avengers Compound,Clean Water (L),2396.38,5.1,False
2012-07-15T20:00:00,Avengers Compound,Medical Kits,727.75,3.83,False
2012-07-15T21:00:00,New Asgard,Vibranium (kg),2421.2,3.94,False
2012-07-15T21:00:00,New Asgard,Arc Reactor Cores,697.78,4.73,False
2012-07-15T21:00:00,New Asgard,Pym Particles,704.55,4.33,False
2012-07-15T21:00:00,New Asgard,Clean Water (L),2396.24,4.73,False
2012-07-15T21:00:00,New Asgard,Medical Kits,729.44,3.55,False
2012-07-15T21:00:00,Wakanda,Vibranium (kg),2414.41,3.94,False
2012-07-15T21:00:00,Wakanda,Arc Reactor Cores,699.33,4.73,False
2012-07-15T21:00:00,Wakanda,Pym Particles,705.76,4.33,False
2012-07-15T21:00:00,Wakanda,Clean Water (L),2397.16,4.73,False
2012-07-15T21:00:00,Wakanda,Medical Kits,725.04,3.55,False
2012-07-15T21:00:00,Sokovia,Vibranium (kg),2416.57,3.94,False
2012-07-15T21:00:00,Sokovia,Arc Reactor Cores,697.13,4.73,False
2012-07-15T21:00:00,Sokovia,Pym Particles,707.57,4.33,False
2012-07-15T21:00:00,Sokovia,Clean Water (L),2400.71,4.73,False
2012-07-15T21:00:00,Sokovia,Medical Kits,724.36,3.55,False
2012-07-15T21:00:00,Sanctum Sanctorum,Vibranium (kg),2412.68,3.94,False
2012-07-15T21:00:00,Sanctum Sanctorum,Arc Reactor Cores,698.24,4.73,False
2012-07-15T21:00:00,Sanctum Sanctorum,Pym Particles,706.67,4.33,False
2012-07-15T21:00:00,Sanctum Sanctorum,Clean Water (L),2396.75,4.73,False
2012-07-15T21:00:00,Sanctum Sanctorum,Medical Kits,728.23,3.55,False
2012-07-15T21:00:00,Avengers Compound,Vibranium (kg),2415.72,3.94,False
2012-07-15T21:00:00,Avengers Compound,Arc Reactor Cores,694.12,4.73,False
2012-07-15T21:00:00,Avengers Compound,Pym Particles,707.19,4.33,False
2012-07-15T21:00:00,Avengers Compound,Clean Water (L),2399.05,4.73,False
2012-07-15T21:00:00,Avengers Compound,Medical Kits,728.27,3.55,False
2012-07-15T22:00:00,New Asgard,Vibranium (kg),2422.54,3.7,False
2012-07-15T22:00:00,New Asgard,Arc Reactor Cores,697.97,4.44,False
2012-07-15T22:00:00,New Asgard,Pym Particles,705.62,4.07,False
2012-07-15T22:00:00,New Asgard,Clean Water (L),2398.06,4.44,False
2012-07-15T22:00:00,New Asgard,Medical Kits,729.28,3.33,False
2012-07-15T22:00:00,Wakanda,Vibranium (kg),2416.87,3.7,False
2012-07-15T22:00:00,Wakanda,Arc Reactor Cores,702.1,4.44,False
2012-07-15T22:00:00,Wakanda,Pym Particles,707.7,4.07,False
2012-07-15T22:00:00,Wakanda,Clean Water (L),2398.36,4.44,False
2012-07-15T22:00:00,Wakanda,Medical Kits,726.75,3.33,False
2012-07-15T22:00:00,Sokovia,Vibranium (kg),2417.8,3.7,False
2012-07-15T22:00:00,Sokovia,Arc Reactor Cores,697.87,4.44,False
2012-07-15T22:00:00,Sokovia,Pym Particles,708.86,4.07,False
2012-07-15T22:00:00,Sokovia,Clean Water (L),2403.59,4.44,False
2012-07-15T22:00:00,Sokovia,Medical Kits,725.59,3.33,False
2012-07-15T22:00:00,Sanctum Sanctorum,Vibranium (kg),2415.55,3.7,False
2012-07-15T22:00:00,Sanctum Sanctorum,Arc Reactor Cores,701.49,4.44,False
2012-07-15T22:00:00,Sanctum Sanctorum,Pym Particles,708.38,4.07,False
2012-07-15T22:00:00,Sanctum Sanctorum,Clean Water (L),2398.3,4.44,False
2012-07-15T22:00:00,Sanctum Sanctorum,Medical Kits,729.0,3.33,False
2012-07-15T22:00:00,Avengers Compound,Vibranium (kg),2417.86,3.7,False
2012-07-15T22:00:00,Avengers Compound,Arc Reactor Cores,697.32,4.44,False
2012-07-15T22:00:00,Avengers Compound,Pym Particles,708.76,4.07,False
2012-07-15T22:00:00,Avengers Compound,Clean Water (L),2399.17,4.44,False
2012-07-15T22:00:00,Avengers Compound,Medical Kits,730.57,3.33,False
2012-07-15T23:00:00,New Asgard,Vibranium (kg),2423.23,3.55,False
2012-07-15T23:00:00,New Asgard,Arc Reactor Cores,699.1,4.26,False
2012-07-15T23:00:00,New Asgard,Pym Particles,707.61,3.91,False
2012-07-15T23:00:00,New Asgard,Clean Water (L),2398.99,4.26,False
2012-07-15T23:00:00,New Asgard,Medical Kits,730.6,3.2,False
2012-07-15T23:00:00,Wakanda,Vibranium (kg),2417.95,3.55,False
2012-07-15T23:00:00,Wakanda,Arc Reactor Cores,703.75,4.26,False
2012-07-15T23:00:00,Wakanda,Pym Particles,709.41,3.91,False
2012-07-15T23:00:00,Wakanda,Clean Water (L),2399.43,4.26,False
2012-07-15T23:00:00,Wakanda,Medical Kits,728.22,3.2,False
2012-07-15T23:00:00,Sokovia,Vibranium (kg),2420.94,3.55,False
2012-07-15T23:00:00,Sokovia,Arc Reactor Cores,700.88,4.26,False
2012-07-15T23:00:00,Sokovia,Pym Particles,710.29,3.91,False
2012-07-15T23:00:00,Sokovia,Clean Water (L),2403.89,4.26,False
2012-07-15T23:00:00,Sokovia,Medical Kits,726.06,3.2,False
2012-07-15T23:00:00,Sanctum Sanctorum,Vibranium (kg),2417.29,3.55,False
2012-07-15T23:00:00,Sanctum Sanctorum,Arc Reactor Cores,703.51,4.26,False
2012-07-15T23:00:00,Sanctum Sanctorum,Pym Particles,710.41,3.91,False
2012-07-15T23:00:00,Sanctum Sanctorum,Clean Water (L),2399.67,4.26,False
2012-07-15T23:00:00,Sanctum Sanctorum,Medical Kits,729.78,3.2,False
2012-07-15T23:00:00,Avengers Compound,Vibranium (kg),2419.65,3.55,False
2012-07-15T23:00:00,Avengers Compound,Arc Reactor Cores,699.73,4.26,False
2012-07-15T23:00:00,Avengers Compound,Pym Particles,709.1,3.91,False
2012-07-15T23:00:00,Avengers Compound,Clean Water (L),2402.11,4.26,False
2012-07-15T23:00:00,Avengers Compound,Medical Kits,730.99,3.2,False
2012-07-16T00:00:00,New Asgard,Vibranium (kg),2424.58,3.5,False
2012-07-16T00:00:00,New Asgard,Arc Reactor Cores,701.51,4.2,False
2012-07-16T00:00:00,New Asgard,Pym Particles,708.58,3.85,False
2012-07-16T00:00:00,New Asgard,Clean Water (L),2400.4,4.2,False
2012-07-16T00:00:00,New Asgard,Medical Kits,731.88,3.15,False
2012-07-16T00:00:00,Wakanda,Vibranium (kg),2419.3,3.5,False
2012-07-16T00:00:00,Wakanda,Arc Reactor Cores,704.81,4.2,False
2012-07-16T00:00:00,Wakanda,Pym Particles,710.92,3.85,False
2012-07-16T00:00:00,Wakanda,Clean Water (L),2401.92,4.2,False
2012-07-16T00:00:00,Wakanda,Medical Kits,730.05,3.15,False
2012-07-16T00:00:00,Sokovia,Vibranium (kg),2422.97,3.5,False
2012-07-16T00:00:00,Sokovia,Arc Reactor Cores,703.43,4.2,False
2012-07-16T00:00:00,Sokovia,Pym Particles,712.34,3.85,False
2012-07-16T00:00:00,Sokovia,Clean Water (L),2405.02,4.2,False
2012-07-16T00:00:00,Sokovia,Medical Kits,728.09,3.15,False
2012-07-16T00:00:00,Sanctum Sanctorum,Vibranium (kg),2418.72,3.5,False
2012-07-16T00:00:00,Sanctum Sanctorum,Arc Reactor Cores,706.11,4.2,False
2012-07-16T00:00:00,Sanctum Sanctorum,Pym Particles,713.58,3.85,False
2012-07-16T00:00:00,Sanctum Sanctorum,Clean Water (L),2399.9,4.2,False
2012-07-16T00:00:00,Sanctum Sanctorum,Medical Kits,729.91,3.15,False
2012-07-16T00:00:00,Avengers Compound,Vibranium (kg),2421.46,3.5,False
2012-07-16T00:00:00,Avengers Compound,Arc Reactor Cores,702.54,4.2,False
2012-07-16T00:00:00,Avengers Compound,Pym Particles,709.82,3.85,False
2012-07-16T00:00:00,Avengers Compound,Clean Water (L),2403.82,4.2,False
2012-07-16T00:00:00,Avengers Compound,Medical Kits,733.66,3.15,False
2012-07-16T01:00:00,New Asgard,Vibranium (kg),2424.54,3.55,False
2012-07-16T01:00:00,New Asgard,Arc Reactor Cores,702.8,4.26,False
2012-07-16T01:00:00,New Asgard,Pym Particles,709.82,3.91,False
2012-07-16T01:00:00,New Asgard,Clean Water (L),2401.28,4.26,False
2012-07-16T01:00:00,New Asgard,Medical Kits,733.14,3.2,False
2012-07-16T01:00:00,Wakanda,Vibranium (kg),2420.2,3.55,False
2012-07-16T01:00:00,Wakanda,Arc Reactor Cores,705.41,4.26,False
2012-07-16T01:00:00,Wakanda,Pym Particles,712.23,3.91,False
2012-07-16T01:00:00,Wakanda,Clean Water (L),2403.55,4.26,False
2012-07-16T01:00:00,Wakanda,Medical Kits,730.07,3.2,False
2012-07-16T01:00:00,Sokovia,Vibranium (kg),2422.73,3.55,False
2012-07-16T01:00:00,Sokovia,Arc Reactor Cores,704.38,4.26,False
2012-07-16T01:00:00,Sokovia,Pym Particles,713.28,3.91,False
2012-07-16T01:00:00,Sokovia,Clean Water (L),2405.81,4.26,False
2012-07-16T01:00:00,Sokovia,Medical Kits,730.08,3.2,False
2012-07-16T01:00:00,Sanctum Sanctorum,Vibranium (kg),2418.83,3.55,False
2012-07-16T01:00:00,Sanctum Sanctorum,Arc Reactor Cores,706.97,4.26,False
2012-07-16T01:00:00,Sanctum Sanctorum,Pym Particles,714.8,3.91,False
2012-07-16T01:00:00,Sanctum Sanctorum,Clean Water (L),2402.22,4.26,False
2012-07-16T01:00:00,Sanctum Sanctorum,Medical Kits,729.52,3.2,False
2012-07-16T01:00:00,Avengers Compound,Vibranium (kg),2423.67,3.55,False
2012-07-16T01:00:00,Avengers Compound,Arc Reactor Cores,704.28,4.26,False
2012-07-16T01:00:00,Avengers Compound,Pym Particles,711.99,3.91,False
2012-07-16T01:00:00,Avengers Compound,Clean Water (L),2407.16,4.26,False
2012-07-16T01:00:00,Avengers Compound,Medical Kits,734.43,3.2,False
2012-07-16T02:00:00,New Asgard,Vibranium (kg),2426.18,3.7,False
2012-07-16T02:00:00,New Asgard,Arc Reactor Cores,702.94,4.44,False
2012-07-16T02:00:00,New Asgard,Pym Particles,712.39,4.07,False
2012-07-16T02:00:00,New Asgard,Clean Water (L),2402.87,4.44,False
2012-07-16T02:00:00,New Asgard,Medical Kits,733.18,3.33,False
2012-07-16T02:00:00,Wakanda,Vibranium (kg),2422.34,3.7,False
2012-07-16T02:00:00,Wakanda,Arc Reactor Cores,706.81,4.44,False
2012-07-16T02:00:00,Wakanda,Pym Particles,712.75,4.07,False
2012-07-16T02:00:00,Wakanda,Clean Water (L),2404.48,4.44,False
2012-07-16T02:00:00,Wakanda,Medical Kits,732.55,3.33,False
2012-07-16T02:00:00,Sokovia,Vibranium (kg),2423.58,3.7,False
2012-07-16T02:00:00,Sokovia,Arc Reactor Cores,706.42,4.44,False
2012-07-16T02:00:00,Sokovia,Pym Particles,714.67,4.07,False
2012-07-16T02:00:00,Sokovia,Clean Water (L),2408.08,4.44,False
2012-07-16T02:00:00,Sokovia,Medical Kits,730.21,3.33,False
2012-07-16T02:00:00,Sanctum Sanctorum,Vibranium (kg),2419.42,3.7,False
2012-07-16T02:00:00,Sanctum Sanctorum,Arc Reactor Cores,707.78,4.44,False
2012-07-16T02:00:00,Sanctum Sanctorum,Pym Particles,715.93,4.07,False
2012-07-16T02:00:00,Sanctum Sanctorum,Clean Water (L),2403.59,4.44,False
2012-07-16T02:00:00,Sanctum Sanctorum,Medical Kits,729.6,3.33,False
2012-07-16T02:00:00,Avengers Compound,Vibranium (kg),2423.73,3.7,False
2012-07-16T02:00:00,Avengers Compound,Arc Reactor Cores,706.23,4.44,False
2012-07-16T02:00:00,Avengers Compound,Pym Particles,713.23,4.07,False
2012-07-16T02:00:00,Avengers Compound,Clean Water (L),2409.6,4.44,False
2012-07-16T02:00:00,Avengers Compound,Medical Kits,735.17,3.33,False
2012-07-16T03:00:00,New Asgard,Vibranium (kg),2427.8,3.94,False
2012-07-16T03:00:00,New Asgard,Arc Reactor Cores,703.28,4.73,False
2012-07-16T03:00:00,New Asgard,Pym Particles,712.88,4.33,False
2012-07-16T03:00:00,New Asgard,Clean Water (L),2403.49,4.73,False
2012-07-16T03:00:00,New Asgard,Medical Kits,734.52,3.55,False
2012-07-16T03:00:00,Wakanda,Vibranium (kg),2422.86,3.94,False
2012-07-16T03:00:00,Wakanda,Arc Reactor Cores,707.15,4.73,False
2012-07-16T03:00:00,Wakanda,Pym Particles,713.68,4.33,False
2012-07-16T03:00:00,Wakanda,Clean Water (L),2405.59,4.73,False
2012-07-16T03:00:00,Wakanda,Medical Kits,735.06,3.55,False
2012-07-16T03:00:00,Sokovia,Vibranium (kg),2422.7,3.94,False
2012-07-16T03:00:00,Sokovia,Arc Reactor Cores,706.29,4.73,False
2012-07-16T03:00:00,Sokovia,Pym Particles,716.28,4.33,False
2012-07-16T03:00:00,Sokovia,Clean Water (L),2410.34,4.73,False
2012-07-16T03:00:00,Sokovia,Medical Kits,730.82,3.55,False
2012-07-16T03:00:00,Sanctum Sanctorum,Vibranium (kg),2421.74,3.94,False
2012-07-16T03:00:00,Sanctum Sanctorum,Arc Reactor Cores,707.85,4.73,False
2012-07-16T03:00:00,Sanctum Sanctorum,Pym Particles,716.11,4.33,False
2012-07-16T03:00:00,Sanctum Sanctorum,Clean Water (L),2403.44,4.73,False
2012-07-16T03:00:00,Sanctum Sanctorum,Medical Kits,729.99,3.55,False
2012-07-16T03:00:00,Avengers Compound,Vibranium (kg),2425.01,3.94,False
2012-07-16T03:00:00,Avengers Compound,Arc Reactor Cores,707.08,4.73,False
2012-07-16T03:00:00,Avengers Compound,Pym Particles,713.76,4.33,False
2012-07-16T03:00:00,Avengers Compound,Clean Water (L),2409.46,4.73,False
2012-07-16T03:00:00,Avengers Compound,Medical Kits,736.29,3.55,False
2012-07-16T04:00:00,New Asgard,Vibranium (kg),2427.24,4.25,False
2012-07-16T04:00:00,New Asgard,Arc Reactor Cores,702.57,5.1,False
2012-07-16T04:00:00,New Asgard,Pym Particles,713.29,4.68,False
2012-07-16T04:00:00,New Asgard,Clean Water (L),2402.87,5.1,False
2012-07-16T04:00:00,New Asgard,Medical Kits,735.37,3.83,False
2012-07-16T04:00:00,Wakanda,Vibranium (kg),2421.98,4.25,False
2012-07-16T04:00:00,Wakanda,Arc Reactor Cores,705.95,5.1,False
2012-07-16T04:00:00,Wakanda,Pym Particles,715.71,4.68,False
2012-07-16T04:00:00,Wakanda,Clean Water (L),2406.65,5.1,False
2012-07-16T04:00:00,Wakanda,Medical Kits,735.21,3.83,False
2012-07-16T04:00:00,Sokovia,Vibranium (kg),2423.38,4.25,False
2012-07-16T04:00:00,Sokovia,Arc Reactor Cores,706.23,5.1,False
2012-07-16T04:00:00,Sokovia,Pym Particles,717.78,4.68,False
2012-07-16T04:00:00,Sokovia,Clean Water (L),2410.14,5.1,False
2012-07-16T04:00:00,Sokovia,Medical Kits,732.14,3.83,False
2012-07-16T04:00:00,Sanctum Sanctorum,Vibranium (kg),2422.06,4.25,False
2012-07-16T04:00:00,Sanctum Sanctorum,Arc Reactor Cores,707.76,5.1,False
2012-07-16T04:00:00,Sanctum Sanctorum,Pym Particles,717.15,4.68,False
2012-07-16T04:00:00,Sanctum Sanctorum,Clean Water (L),2402.98,5.1,False
2012-07-16T04:00:00,Sanctum Sanctorum,Medical Kits,730.14,3.83,False
2012-07-16T04:00:00,Avengers Compound,Vibranium (kg),2425.16,4.25,False
2012-07-16T04:00:00,Avengers Compound,Arc Reactor Cores,707.54,5.1,False
2012-07-16T04:00:00,Avengers Compound,Pym Particles,712.75,4.68,False
2012-07-16T04:00:00,Avengers Compound,Clean Water (L),2409.56,5.1,False
2012-07-16T04:00:00,Avengers Compound,Medical Kits,737.0,3.83,False
2012-07-16T05:00:00,New Asgard,Vibranium (kg),2426.87,4.61,False
2012-07-16T05:00:00,New Asgard,Arc Reactor Cores,702.72,5.53,False
2012-07-16T05:00:00,New Asgard,Pym Particles,713.2,5.07,False
2012-07-16T05:00:00,New Asgard,Clean Water (L),2403.89,5.53,False
2012-07-16T05:00:00,New Asgard,Medical Kits,736.24,4.15,False
2012-07-16T05:00:00,Wakanda,Vibranium (kg),2422.11,4.61,False
2012-07-16T05:00:00,Wakanda,Arc Reactor Cores,706.33,5.53,False
2012-07-16T05:00:00,Wakanda,Pym Particles,715.22,5.07,False
2012-07-16T05:00:00,Wakanda,Clean Water (L),2406.26,5.53,False
2012-07-16T05:00:00,Wakanda,Medical Kits,735.61,4.15,False
2012-07-16T05:00:00,Sokovia,Vibranium (kg),2423.32,4.61,False
2012-07-16T05:00:00,Sokovia,Arc Reactor Cores,705.76,5.53,False
2012-07-16T05:00:00,Sokovia,Pym Particles,718.11,5.07,False
2012-07-16T05:00:00,Sokovia,Clean Water (L),2411.74,5.53,False
2012-07-16T05:00:00,Sokovia,Medical Kits,733.05,4.15,False
2012-07-16T05:00:00,Sanctum Sanctorum,Vibranium (kg),2421.98,4.61,False
2012-07-16T05:00:00,Sanctum Sanctorum,Arc Reactor Cores,707.83,5.53,False
2012-07-16T05:00:00,Sanctum Sanctorum,Pym Particles,716.55,5.07,False
2012-07-16T05:00:00,Sanctum Sanctorum,Clean Water (L),2403.77,5.53,False
2012-07-16T05:00:00,Sanctum Sanctorum,Medical Kits,730.27,4.15,False
2012-07-16T05:00:00,Avengers Compound,Vibranium (kg),2426.39,4.61,False
2012-07-16T05:00:00,Avengers Compound,Arc Reactor Cores,707.58,5.53,False
2012-07-16T05:00:00,Avengers Compound,Pym Particles,712.71,5.07,False
2012-07-16T05:00:00,Avengers Compound,Clean Water (L),2409.73,5.53,False
2012-07-16T05:00:00,Avengers Compound,Medical Kits,736.49,4.15,False
2012-07-16T06:00:00,New Asgard,Vibranium (kg),2426.38,5.0,False
2012-07-16T06:00:00,New Asgard,Arc Reactor Cores,703.12,6.0,False
2012-07-16T06:00:00,New Asgard,Pym Particles,712.57,5.5,False
2012-07-16T06:00:00,New Asgard,Clean Water (L),2404.09,6.0,False
2012-07-16T06:00:00,New Asgard,Medical Kits,736.0,4.5,False
2012-07-16T06:00:00,Wakanda,Vibranium (kg),2422.91,5.0,False
2012-07-16T06:00:00,Wakanda,Arc Reactor Cores,706.1,6.0,False
2012-07-16T06:00:00,Wakanda,Pym Particles,715.37,5.5,False
2012-07-16T06:00:00,Wakanda,Clean Water (L),2405.83,6.0,False
2012-07-16T06:00:00,Wakanda,Medical Kits,735.74,4.5,False
2012-07-16T06:00:00,Sokovia,Vibranium (kg),2424.15,5.0,False
2012-07-16T06:00:00,Sokovia,Arc Reactor Cores,705.12,6.0,False
2012-07-16T06:00:00,Sokovia,Pym Particles,717.93,5.5,False
2012-07-16T06:00:00,Sokovia,Clean Water (L),2411.98,6.0,False
2012-07-16T06:00:00,Sokovia,Medical Kits,733.68,4.5,False
2012-07-16T06:00:00,Sanctum Sanctorum,Vibranium (kg),2421.97,5.0,False
2012-07-16T06:00:00,Sanctum Sanctorum,Arc Reactor Cores,707.31,6.0,False
2012-07-16T06:00:00,Sanctum Sanctorum,Pym Particles,715.18,5.5,False
2012-07-16T06:00:00,Sanctum Sanctorum,Clean Water (L),2402.23,6.0,False
2012-07-16T06:00:00,Sanctum Sanctorum,Medical Kits,730.3,4.5,False
2012-07-16T06:00:00,Avengers Compound,Vibranium (kg),2426.15,5.0,False
2012-07-16T06:00:00,Avengers Compound,Arc Reactor Cores,705.48,6.0,False
2012-07-16T06:00:00,Avengers Compound,Pym Particles,712.42,5.5,False
2012-07-16T06:00:00,Avengers Compound,Clean Water (L),2409.29,6.0,False
2012-07-16T06:00:00,Avengers Compound,Medical Kits,735.65,4.5,False
2012-07-16T07:00:00,New Asgard,Vibranium (kg),2425.51,5.39,False
2012-07-16T07:00:00,New Asgard,Arc Reactor Cores,703.75,6.47,False
2012-07-16T07:00:00,New Asgard,Pym Particles,712.68,5.93,False
2012-07-16T07:00:00,New Asgard,Clean Water (L),2403.67,6.47,False
2012-07-16T07:00:00,New Asgard,Medical Kits,735.26,4.85,False
2012-07-16T07:00:00,Wakanda,Vibranium (kg),2422.27,5.39,False
2012-07-16T07:00:00,Wakanda,Arc Reactor Cores,707.16,6.47,False
2012-07-16T07:00:00,Wakanda,Pym Particles,715.21,5.93,False
2012-07-16T07:00:00,Wakanda,Clean Water (L),2404.75,6.47,False
2012-07-16T07:00:00,Wakanda,Medical Kits,734.79,4.85,False
2012-07-16T07:00:00,Sokovia,Vibranium (kg),2424.29,5.39,False
2012-07-16T07:00:00,Sokovia,Arc Reactor Cores,704.55,6.47,False
2012-07-16T07:00:00,Sokovia,Pym Particles,717.54,5.93,False
2012-07-16T07:00:00,Sokovia,Clean Water (L),2410.03,6.47,False
2012-07-16T07:00:00,Sokovia,Medical Kits,732.68,4.85,False
2012-07-16T07:00:00,Sanctum Sanctorum,Vibranium (kg),2421.97,5.39,False
2012-07-16T07:00:00,Sanctum Sanctorum,Arc Reactor Cores,707.45,6.47,False
2012-07-16T07:00:00,Sanctum Sanctorum,Pym Particles,715.65,5.93,False
2012-07-16T07:00:00,Sanctum Sanctorum,Clean Water (L),2401.52,6.47,False
2012-07-16T07:00:00,Sanctum Sanctorum,Medical Kits,730.04,4.85,False
2012-07-16T07:00:00,Avengers Compound,Vibranium (kg),2423.6,5.39,False
2012-07-16T07:00:00,Avengers Compound,Arc Reactor Cores,705.12,6.47,False
2012-07-16T07:00:00,Avengers Compound,Pym Particles,712.42,5.93,False
2012-07-16T07:00:00,Avengers Compound,Clean Water (L),2408.09,6.47,False
2012-07-16T07:00:00,Avengers Compound,Medical Kits,736.17,4.85,False
2012-07-16T08:00:00,New Asgard,Vibranium (kg),2424.08,5.75,False
2012-07-16T08:00:00,New Asgard,Arc Reactor Cores,702.35,6.9,False
2012-07-16T08:00:00,New Asgard,Pym Particles,710.99,6.32,False
2012-07-16T08:00:00,New Asgard,Clean Water (L),2403.01,6.9,False
2012-07-16T08:00:00,New Asgard,Medical Kits,735.66,5.17,False
2012-07-16T08:00:00,Wakanda,Vibranium (kg),2421.15,5.75,False
2012-07-16T08:00:00,Wakanda,Arc Reactor Cores,706.23,6.9,False
2012-07-16T08:00:00,Wakanda,Pym Particles,715.82,6.32,False
2012-07-16T08:00:00,Wakanda,Clean Water (L),2403.93,6.9,False
2012-07-16T08:00:00,Wakanda,Medical Kits,735.18,5.17,False
2012-07-16T08:00:00,Sokovia,Vibranium (kg),2424.0,5.75,False
2012-07-16T08:00:00,Sokovia,Arc Reactor Cores,702.9,6.9,False
2012-07-16T08:00:00,Sokovia,Pym Particles,716.05,6.32,False
2012-07-16T08:00:00,Sokovia,Clean Water (L),2408.22,6.9,False
2012-07-16T08:00:00,Sokovia,Medical Kits,732.64,5.17,False
2012-07-16T08:00:00,Sanctum Sanctorum,Vibranium (kg),2422.19,5.75,False
2012-07-16T08:00:00,Sanctum Sanctorum,Arc Reactor Cores,706.11,6.9,False
2012-07-16T08:00:00,Sanctum Sanctorum,Pym Particles,715.28,6.32,False
2012-07-16T08:00:00,Sanctum Sanctorum,Clean Water (L),2401.13,6.9,False
2012-07-16T08:00:00,Sanctum Sanctorum,Medical Kits,730.82,5.17,False
2012-07-16T08:00:00,Avengers Compound,Vibranium (kg),2422.72,5.75,False
2012-07-16T08:00:00,Avengers Compound,Arc Reactor Cores,702.91,6.9,False
2012-07-16T08:00:00,Avengers Compound,Pym Particles,710.72,6.32,False
2012-07-16T08:00:00,Avengers Compound,Clean Water (L),2407.46,6.9,False
2012-07-16T08:00:00,Avengers Compound,Medical Kits,734.88,5.17,False
2012-07-16T09:00:00,New Asgard,Vibranium (kg),2421.83,6.06,False
2012-07-16T09:00:00,New Asgard,Arc Reactor Cores,701.4,7.27,False
2012-07-16T09:00:00,New Asgard,Pym Particles,709.85,6.67,False
2012-07-16T09:00:00,New Asgard,Clean Water (L),2401.56,7.27,False
2012-07-16T09:00:00,New Asgard,Medical Kits,736.1,5.45,False
2012-07-16T09:00:00,Wakanda,Vibranium (kg),2418.6,6.06,False
2012-07-16T09:00:00,Wakanda,Arc Reactor Cores,705.21,7.27,False
2012-07-16T09:00:00,Wakanda,Pym Particles,715.81,6.67,False
2012-07-16T09:00:00,Wakanda,Clean Water (L),2402.02,7.27,False
2012-07-16T09:00:00,Wakanda,Medical Kits,734.48,5.45,False
2012-07-16T09:00:00,Sokovia,Vibranium (kg),2423.15,6.06,False
2012-07-16T09:00:00,Sokovia,Arc Reactor Cores,700.77,7.27,False
2012-07-16T09:00:00,Sokovia,Pym Particles,714.22,6.67,False
2012-07-16T09:00:00,Sokovia,Clean Water (L),2406.4,7.27,False
2012-07-16T09:00:00,Sokovia,Medical Kits,731.82,5.45,False
2012-07-16T09:00:00,Sanctum Sanctorum,Vibranium (kg),2420.82,6.06,False
2012-07-16T09:00:00,Sanctum Sanctorum,Arc Reactor Cores,704.97,7.27,False
2012-07-16T09:00:00,Sanctum Sanctorum,Pym Particles,712.35,6.67,False
2012-07-16T09:00:00,Sanctum Sanctorum,Clean Water (L),2399.56,7.27,False
2012-07-16T09:00:00,Sanctum Sanctorum,Medical Kits,729.07,5.45,False
2012-07-16T09:00:00,Avengers Compound,Vibranium (kg),2420.69,6.06,False
2012-07-16T09:00:00,Avengers Compound,Arc Reactor Cores,702.07,7.27,False
2012-07-16T09:00:00,Avengers Compound,Pym Particles,707.93,6.67,False
2012-07-16T09:00:00,Avengers Compound,Clean Water (L),2406.62,7.27,False
2012-07-16T09:00:00,Avengers Compound,Medical Kits,732.16,5.45,False
2012-07-16T10:00:00,New Asgard,Vibranium (kg),2421.12,6.3,False
2012-07-16T10:00:00,New Asgard,Arc Reactor Cores,699.79,7.56,False
2012-07-16T10:00:00,New Asgard,Pym Particles,709.13,6.93,False
2012-07-16T10:00:00,New Asgard,Clean Water (L),2400.31,7.56,False
2012-07-16T10:00:00,New Asgard,Medical Kits,734.51,5.67,False
2012-07-16T10:00:00,Wakanda,Vibranium (kg),2417.34,6.3,False
2012-07-16T10:00:00,Wakanda,Arc Reactor Cores,704.3,7.56,False
2012-07-16T10:00:00,Wakanda,Pym Particles,714.78,6.93,False
2012-07-16T10:00:00,Wakanda,Clean Water (L),2400.02,7.56,False
2012-07-16T10:00:00,Wakanda,Medical Kits,731.92,5.67,False
2012-07-16T10:00:00,Sokovia,Vibranium (kg),2422.82,6.3,False
2012-07-16T10:00:00,Sokovia,Arc Reactor Cores,698.24,7.56,False
2012-07-16T10:00:00,Sokovia,Pym Particles,712.84,6.93,False
2012-07-16T10:00:00,Sokovia,Clean Water (L),2404.78,7.56,False
2012-07-16T10:00:00,Sokovia,Medical Kits,731.78,5.67,False
2012-07-16T10:00:00,Sanctum Sanctorum,Vibranium (kg),2418.86,6.3,False
2012-07-16T10:00:00,Sanctum Sanctorum,Arc Reactor Cores,703.64,7.56,False
2012-07-16T10:00:00,Sanctum Sanctorum,Pym Particles,711.41,6.93,False
2012-07-16T10:00:00,Sanctum Sanctorum,Clean Water (L),2396.53,7.56,False
2012-07-16T10:00:00,Sanctum Sanctorum,Medical Kits,727.95,5.67,False
2012-07-16T10:00:00,Avengers Compound,Vibranium (kg),2420.89,6.3,False
2012-07-16T10:00:00,Avengers Compound,Arc Reactor Cores,700.52,7.56,False
2012-07-16T10:00:00,Avengers Compound,Pym Particles,704.88,6.93,False
2012-07-16T10:00:00,Avengers Compound,Clean Water (L),2404.68,7.56,False
2012-07-16T10:00:00,Avengers Compound,Medical Kits,730.04,5.67,False
2012-07-16T11:00:00,New Asgard,Vibranium (kg),2419.59,6.45,False
2012-07-16T11:00:00,New Asgard,Arc Reactor Cores,699.41,7.74,False
2012-07-16T11:00:00,New Asgard,Pym Particles,708.53,7.09,False
2012-07-16T11:00:00,New Asgard,Clean Water (L),2398.25,7.74,False
2012-07-16T11:00:00,New Asgard,Medical Kits,731.42,5.8,False
2012-07-16T11:00:00,Wakanda,Vibranium (kg),2416.11,6.45,False
2012-07-16T11:00:00,Wakanda,Arc Reactor Cores,701.4,7.74,False
2012-07-16T11:00:00,Wakanda,Pym Particles,714.31,7.09,False
2012-07-16T11:00:00,Wakanda,Clean Water (L),2399.92,7.74,False
2012-07-16T11:00:00,Wakanda,Medical Kits,730.11,5.8,False
2012-07-16T11:00:00,Sokovia,Vibranium (kg),2420.61,6.45,False
2012-07-16T11:00:00,Sokovia,Arc Reactor Cores,696.68,7.74,False
2012-07-16T11:00:00,Sokovia,Pym Particles,711.51,7.09,False
2012-07-16T11:00:00,Sokovia,Clean Water (L),2402.24,7.74,False
2012-07-16T11:00:00,Sokovia,Medical Kits,731.58,5.8,False
2012-07-16T11:00:00,Sanctum Sanctorum,Vibranium (kg),2418.05,6.45,False
2012-07-16T11:00:00,Sanctum Sanctorum,Arc Reactor Cores,700.97,7.74,False
2012-07-16T11:00:00,Sanctum Sanctorum,Pym Particles,709.65,7.09,False
2012-07-16T11:00:00,Sanctum Sanctorum,Clean Water (L),2395.48,7.74,False
2012-07-16T11:00:00,Sanctum Sanctorum,Medical Kits,727.73,5.8,False
2012-07-16T11:00:00,Avengers Compound,Vibranium (kg),2420.3,6.45,False
2012-07-16T11:00:00,Avengers Compound,Arc Reactor Cores,699.59,7.74,False
2012-07-16T11:00:00,Avengers Compound,Pym Particles,704.92,7.09,False
2012-07-16T11:00:00,Avengers Compound,Clean Water (L),2403.11,7.74,False
2012-07-16T11:00:00,Avengers Compound,Medical Kits,729.17,5.8,False
2012-07-16T12:00:00,New Asgard,Vibranium (kg),2418.27,6.5,False
2012-07-16T12:00:00,New Asgard,Arc Reactor Cores,697.52,7.8,False
2012-07-16T12:00:00,New Asgard,Pym Particles,706.79,7.15,False
2012-07-16T12:00:00,New Asgard,Clean Water (L),2395.75,7.8,False
2012-07-16T12:00:00,New Asgard,Medical Kits,729.81,5.85,False
2012-07-16T12:00:00,Wakanda,Vibranium (kg),2416.14,6.5,False
2012-07-16T12:00:00,Wakanda,Arc Reactor Cores,700.84,7.8,False
2012-07-16T12:00:00,Wakanda,Pym Particles,713.43,7.15,False
2012-07-16T12:00:00,Wakanda,Clean Water (L),2397.75,7.8,False
2012-07-16T12:00:00,Wakanda,Medical Kits,729.63,5.85,False
2012-07-16T12:00:00,Sokovia,Vibranium (kg),2418.93,6.5,False
2012-07-16T12:00:00,Sokovia,Arc Reactor Cores,696.42,7.8,False
2012-07-16T12:00:00,Sokovia,Pym Particles,710.73,7.15,False
2012-07-16T12:00:00,Sokovia,Clean Water (L),2399.39,7.8,False
2012-07-16T12:00:00,Sokovia,Medical Kits,730.11,5.85,False
2012-07-16T12:00:00,Sanctum Sanctorum,Vibranium (kg),2416.42,6.5,False
2012-07-16T12:00:00,Sanctum Sanctorum,Arc Reactor Cores,699.51,7.8,False
2012-07-16T12:00:00,Sanctum Sanctorum,Pym Particles,707.27,7.15,False
2012-07-16T12:00:00,Sanctum Sanctorum,Clean Water (L),2394.22,7.8,False
2012-07-16T12:00:00,Sanctum Sanctorum,Medical Kits,727.12,5.85,False
2012-07-16T12:00:00,Avengers Compound,Vibranium (kg),2419.71,6.5,False
2012-07-16T12:00:00,Avengers Compound,Arc Reactor Cores,698.17,7.8,False
2012-07-16T12:00:00,Avengers Compound,Pym Particles,705.23,7.15,False
2012-07-16T12:00:00,Avengers Compound,Clean Water (L),2400.88,7.8,False
2012-07-16T12:00:00,Avengers Compound,Medical Kits,729.34,5.85,False
2012-07-16T13:00:00,New Asgard,Vibranium (kg),2416.6,6.45,False
2012-07-16T13:00:00,New Asgard,Arc Reactor Cores,696.71,7.74,False
2012-07-16T13:00:00,New Asgard,Pym Particles,705.19,7.09,False
2012-07-16T13:00:00,New Asgard,Clean Water (L),2394.56,7.74,False
2012-07-16T13:00:00,New Asgard,Medical Kits,728.58,5.8,False
2012-07-16T13:00:00,Wakanda,Vibranium (kg),2415.61,6.45,False
2012-07-16T13:00:00,Wakanda,Arc Reactor Cores,699.85,7.74,False
2012-07-16T13:00:00,Wakanda,Pym Particles,712.69,7.09,False
2012-07-16T13:00:00,Wakanda,Clean Water (L),2396.14,7.74,False
2012-07-16T13:00:00,Wakanda,Medical Kits,727.79,5.8,False
2012-07-16T13:00:00,Sokovia,Vibranium (kg),2415.91,6.45,False
2012-07-16T13:00:00,Sokovia,Arc Reactor Cores,695.97,7.74,False
2012-07-16T13:00:00,Sokovia,Pym Particles,709.83,7.09,False
2012-07-16T13:00:00,Sokovia,Clean Water (L),2397.96,7.74,False
2012-07-16T13:00:00,Sokovia,Medical Kits,728.44,5.8,False
2012-07-16T13:00:00,Sanctum Sanctorum,Vibranium (kg),2413.27,6.45,False
2012-07-16T13:00:00,Sanctum Sanctorum,Arc Reactor Cores,697.42,7.74,False
2012-07-16T13:00:00,Sanctum Sanctorum,Pym Particles,705.88,7.09,False
2012-07-16T13:00:00,Sanctum Sanctorum,Clean Water (L),2393.86,7.74,False
2012-07-16T13:00:00,Sanctum Sanctorum,Medical Kits,726.17,5.8,False
2012-07-16T13:00:00,Avengers Compound,Vibranium (kg),2418.06,6.45,False
2012-07-16T13:00:00,Avengers Compound,Arc Reactor Cores,698.17,7.74,False
2012-07-16T13:00:00,Avengers Compound,Pym Particles,703.86,7.09,False
2012-07-16T13:00:00,Avengers Compound,Clean Water (L),2400.69,7.74,False
2012-07-16T13:00:00,Avengers Compound,Medical Kits,727.66,5.8,False
2012-07-16T14:00:00,New Asgard,Vibranium (kg),2415.86,6.3,False
2012-07-16T14:00:00,New Asgard,Arc Reactor Cores,694.95,7.56,False
2012-07-16T14:00:00,New Asgard,Pym Particles,703.78,6.93,False
2012-07-16T14:00:00,New Asgard,Clean Water (L),2392.97,7.56,False
2012-07-16T14:00:00,New Asgard,Medical Kits,727.54,5.67,False
2012-07-16T14:00:00,Wakanda,Vibranium (kg),2415.62,6.3,False
2012-07-16T14:00:00,Wakanda,Arc Reactor Cores,697.7,7.56,False
2012-07-16T14:00:00,Wakanda,Pym Particles,710.5,6.93,False
2012-07-16T14:00:00,Wakanda,Clean Water (L),2394.69,7.56,False
2012-07-16T14:00:00,Wakanda,Medical Kits,724.97,5.67,False
2012-07-16T14:00:00,Sokovia,Vibranium (kg),2412.86,6.3,False
2012-07-16T14:00:00,Sokovia,Arc Reactor Cores,695.54,7.56,False
2012-07-16T14:00:00,Sokovia,Pym Particles,707.33,6.93,False
2012-07-16T14:00:00,Sokovia,Clean Water (L),2397.6,7.56,False
2012-07-16T14:00:00,Sokovia,Medical Kits,727.84,5.67,False
2012-07-16T14:00:00,Sanctum Sanctorum,Vibranium (kg),2412.63,6.3,False
2012-07-16T14:00:00,Sanctum Sanctorum,Arc Reactor Cores,694.46,7.56,False
2012-07-16T14:00:00,Sanctum Sanctorum,Pym Particles,704.26,6.93,False
2012-07-16T14:00:00,Sanctum Sanctorum,Clean Water (L),2392.04,7.56,False
2012-07-16T14:00:00,Sanctum Sanctorum,Medical Kits,725.22,5.67,False
2012-07-16T14:00:00,Avengers Compound,Vibranium (kg),2417.13,6.3,False
2012-07-16T14:00:00,Avengers Compound,Arc Reactor Cores,698.25,7.56,False
2012-07-16T14:00:00,Avengers Compound,Pym Particles,702.88,6.93,False
2012-07-16T14:00:00,Avengers Compound,Clean Water (L),2398.84,7.56,False
2012-07-16T14:00:00,Avengers Compound,Medical Kits,726.73,5.67,False
2012-07-16T15:00:00,New Asgard,Vibranium (kg),2414.74,6.06,False
2012-07-16T15:00:00,New Asgard,Arc Reactor Cores,692.12,7.27,False
2012-07-16T15:00:00,New Asgard,Pym Particles,704.4,6.67,False
2012-07-16T15:00:00,New Asgard,Clean Water (L),2392.14,7.27,False
2012-07-16T15:00:00,New Asgard,Medical Kits,725.09,5.45,False
2012-07-16T15:00:00,Wakanda,Vibranium (kg),2414.26,6.06,False
2012-07-16T15:00:00,Wakanda,Arc Reactor Cores,696.81,7.27,False
2012-07-16T15:00:00,Wakanda,Pym Particles,710.51,6.67,False
2012-07-16T15:00:00,Wakanda,Clean Water (L),2393.0,7.27,False
2012-07-16T15:00:00,Wakanda,Medical Kits,725.34,5.45,False
2012-07-16T15:00:00,Sokovia,Vibranium (kg),2411.88,6.06,False
2012-07-16T15:00:00,Sokovia,Arc Reactor Cores,694.9,7.27,False
2012-07-16T15:00:00,Sokovia,Pym Particles,705.05,6.67,False
2012-07-16T15:00:00,Sokovia,Clean Water (L),2396.21,7.27,False
2012-07-16T15:00:00,Sokovia,Medical Kits,727.15,5.45,False
2012-07-16T15:00:00,Sanctum Sanctorum,Vibranium (kg),2411.59,6.06,False
2012-07-16T15:00:00,Sanctum Sanctorum,Arc Reactor Cores,694.3,7.27,False
2012-07-16T15:00:00,Sanctum Sanctorum,Pym Particles,703.43,6.67,False
2012-07-16T15:00:00,Sanctum Sanctorum,Clean Water (L),2390.06,7.27,False
2012-07-16T15:00:00,Sanctum Sanctorum,Medical Kits,726.17,5.45,False
2012-07-16T15:00:00,Avengers Compound,Vibranium (kg),2415.0,6.06,False
2012-07-16T15:00:00,Avengers Compound,Arc Reactor Cores,696.94,7.27,False
2012-07-16T15:00:00,Avengers Compound,Pym Particles,702.38,6.67,False
2012-07-16T15:00:00,Avengers Compound,Clean Water (L),2398.1,7.27,False
2012-07-16T15:00:00,Avengers Compound,Medical Kits,724.37,5.45,False
2012-07-16T16:00:00,New Asgard,Vibranium (kg),2414.03,5.75,False
2012-07-16T16:00:00,New Asgard,Arc Reactor Cores,691.71,6.9,False
2012-07-16T16:00:00,New Asgard,Pym Particles,703.69,6.32,False
2012-07-16T16:00:00,New Asgard,Clean Water (L),2393.57,6.9,False
2012-07-16T16:00:00,New Asgard,Medical Kits,724.57,5.17,False
2012-07-16T16:00:00,Wakanda,Vibranium (kg),2413.72,5.75,False
2012-07-16T16:00:00,Wakanda,Arc Reactor Cores,695.63,6.9,False
2012-07-16T16:00:00,Wakanda,Pym Particles,710.62,6.32,False
2012-07-16T16:00:00,Wakanda,Clean Water (L),2391.87,6.9,False
2012-07-16T16:00:00,Wakanda,Medical Kits,724.3,5.17,False
2012-07-16T16:00:00,Sokovia,Vibranium (kg),2411.76,5.75,False
2012-07-16T16:00:00,Sokovia,Arc Reactor Cores,694.43,6.9,False
2012-07-16T16:00:00,Sokovia,Pym Particles,704.74,6.32,False
2012-07-16T16:00:00,Sokovia,Clean Water (L),2394.47,6.9,False
2012-07-16T16:00:00,Sokovia,Medical Kits,726.79,5.17,False
2012-07-16T16:00:00,Sanctum Sanctorum,Vibranium (kg),2409.89,5.75,False
2012-07-16T16:00:00,Sanctum Sanctorum,Arc Reactor Cores,694.35,6.9,False
2012-07-16T16:00:00,Sanctum Sanctorum,Pym Particles,703.17,6.32,False
2012-07-16T16:00:00,Sanctum Sanctorum,Clean Water (L),2389.33,6.9,False
2012-07-16T16:00:00,Sanctum Sanctorum,Medical Kits,725.23,5.17,False
2012-07-16T16:00:00,Avengers Compound,Vibranium (kg),2415.56,5.75,False
2012-07-16T16:00:00,Avengers Compound,Arc Reactor Cores,696.41,6.9,False
2012-07-16T16:00:00,Avengers Compound,Pym Particles,701.4,6.32,False
2012-07-16T16:00:00,Avengers Compound,Clean Water (L),2397.98,6.9,False
2012-07-16T16:00:00,Avengers Compound,Medical Kits,722.21,5.17,False
2012-07-16T17:00:00,New Asgard,Vibranium (kg),2414.82,5.39,False
2012-07-16T17:00:00,New Asgard,Arc Reactor Cores,690.89,6.47,False
2012-07-16T17:00:00,New Asgard,Pym Particles,702.07,5.93,False
2012-07-16T17:00:00,New Asgard,Clean Water (L),2395.29,6.47,False
2012-07-16T17:00:00,New Asgard,Medical Kits,724.45,4.85,False
2012-07-16T17:00:00,Wakanda,Vibranium (kg),2414.1,5.39,False
2012-07-16T17:00:00,Wakanda,Arc Reactor Cores,696.87,6.47,False
2012-07-16T17:00:00,Wakanda,Pym Particles,711.03,5.93,False
2012-07-16T17:00:00,Wakanda,Clean Water (L),2392.15,6.47,False
2012-07-16T17:00:00,Wakanda,Medical Kits,725.29,4.85,False
2012-07-16T17:00:00,Sokovia,Vibranium (kg),2411.6,5.39,False
2012-07-16T17:00:00,Sokovia,Arc Reactor Cores,694.6,6.47,False
2012-07-16T17:00:00,Sokovia,Pym Particles,704.73,5.93,False
2012-07-16T17:00:00,Sokovia,Clean Water (L),2394.36,6.47,False
2012-07-16T17:00:00,Sokovia,Medical Kits,727.67,4.85,False
2012-07-16T17:00:00,Sanctum Sanctorum,Vibranium (kg),2408.68,5.39,False
2012-07-16T17:00:00,Sanctum Sanctorum,Arc Reactor Cores,692.66,6.47,False
2012-07-16T17:00:00,Sanctum Sanctorum,Pym Particles,702.21,5.93,False
2012-07-16T17:00:00,Sanctum Sanctorum,Clean Water (L),2388.08,6.47,False
2012-07-16T17:00:00,Sanctum Sanctorum,Medical Kits,725.82,4.85,False
2012-07-16T17:00:00,Avengers Compound,Vibranium (kg),2415.7,5.39,False
2012-07-16T17:00:00,Avengers Compound,Arc Reactor Cores,694.59,6.47,False
2012-07-16T17:00:00,Avengers Compound,Pym Particles,701.11,5.93,False
2012-07-16T17:00:00,Avengers Compound,Clean Water (L),2396.3,6.47,False
2012-07-16T17:00:00,Avengers Compound,Medical Kits,722.65,4.85,False
2012-07-16T18:00:00,New Asgard,Vibranium (kg),2414.99,5.0,False
2012-07-16T18:00:00,New Asgard,Arc Reactor Cores,691.41,6.0,False
2012-07-16T18:00:00,New Asgard,Pym Particles,703.98,5.5,False
2012-07-16T18:00:00,New Asgard,Clean Water (L),2395.05,6.0,False
2012-07-16T18:00:00,New Asgard,Medical Kits,724.71,4.5,False
2012-07-16T18:00:00,Wakanda,Vibranium (kg),2413.0,5.0,False
2012-07-16T18:00:00,Wakanda,Arc Reactor Cores,695.87,6.0,False
2012-07-16T18:00:00,Wakanda,Pym Particles,709.55,5.5,False
2012-07-16T18:00:00,Wakanda,Clean Water (L),2392.91,6.0,False
2012-07-16T18:00:00,Wakanda,Medical Kits,726.53,4.5,False
2012-07-16T18:00:00,Sokovia,Vibranium (kg),2413.03,5.0,False
2012-07-16T18:00:00,Sokovia,Arc Reactor Cores,695.98,6.0,False
2012-07-16T18:00:00,Sokovia,Pym Particles,704.03,5.5,False
2012-07-16T18:00:00,Sokovia,Clean Water (L),2394.99,6.0,False
2012-07-16T18:00:00,Sokovia,Medical Kits,726.79,4.5,False
2012-07-16T18:00:00,Sanctum Sanctorum,Vibranium (kg),2409.65,5.0,False
2012-07-16T18:00:00,Sanctum Sanctorum,Arc Reactor Cores,692.6,6.0,False
2012-07-16T18:00:00,Sanctum Sanctorum,Pym Particles,701.95,5.5,False
2012-07-16T18:00:00,Sanctum Sanctorum,Clean Water (L),2389.16,6.0,False
2012-07-16T18:00:00,Sanctum Sanctorum,Medical Kits,725.69,4.5,False
2012-07-16T18:00:00,Avengers Compound,Vibranium (kg),2415.29,5.0,False
2012-07-16T18:00:00,Avengers Compound,Arc Reactor Cores,693.94,6.0,False
2012-07-16T18:00:00,Avengers Compound,Pym Particles,702.52,5.5,False
2012-07-16T18:00:00,Avengers Compound,Clean Water (L),2395.86,6.0,False
2012-07-16T18:00:00,Avengers Compound,Medical Kits,723.04,4.5,False
2012-07-16T19:00:00,New Asgard,Vibranium (kg),2414.6,4.61,False
2012-07-16T19:00:00,New Asgard,Arc Reactor Cores,693.65,5.53,False
2012-07-16T19:00:00,New Asgard,Pym Particles,705.22,5.07,False
2012-07-16T19:00:00,New Asgard,Clean Water (L),2394.71,5.53,False
2012-07-16T19:00:00,New Asgard,Medical Kits,725.63,4.15,False
2012-07-16T19:00:00,Wakanda,Vibranium (kg),2413.02,4.61,False
2012-07-16T19:00:00,Wakanda,Arc Reactor Cores,696.74,5.53,False
2012-07-16T19:00:00,Wakanda,Pym Particles,710.09,5.07,False
2012-07-16T19:00:00,Wakanda,Clean Water (L),2394.05,5.53,False
2012-07-16T19:00:00,Wakanda,Medical Kits,725.63,4.15,False
2012-07-16T19:00:00,Sokovia,Vibranium (kg),2413.61,4.61,False
2012-07-16T19:00:00,Sokovia,Arc Reactor Cores,695.55,5.53,False
2012-07-16T19:00:00,Sokovia,Pym Particles,703.59,5.07,False
2012-07-16T19:00:00,Sokovia,Clean Water (L),2395.41,5.53,False
2012-07-16T19:00:00,Sokovia,Medical Kits,726.58,4.15,False
2012-07-16T19:00:00,Sanctum Sanctorum,Vibranium (kg),2409.63,4.61,False
2012-07-16T19:00:00,Sanctum Sanctorum,Arc Reactor Cores,693.03,5.53,False
2012-07-16T19:00:00,Sanctum Sanctorum,Pym Particles,702.52,5.07,False
2012-07-16T19:00:00,Sanctum Sanctorum,Clean Water (L),2389.06,5.53,False
2012-07-16T19:00:00,Sanctum Sanctorum,Medical Kits,726.17,4.15,False
2012-07-16T19:00:00,Avengers Compound,Vibranium (kg),2414.83,4.61,False
2012-07-16T19:00:00,Avengers Compound,Arc Reactor Cores,694.4,5.53,False
2012-07-16T19:00:00,Avengers Compound,Pym Particles,702.56,5.07,False
2012-07-16T19:00:00,Avengers Compound,Clean Water (L),2397.55,5.53,False
2012-07-16T19:00:00,Avengers Compound,Medical Kits,724.76,4.15,False
2012-07-16T20:00:00,New Asgard,Vibranium (kg),2416.7,4.25,False
2012-07-16T20:00:00,New Asgard,Arc Reactor Cores,694.64,5.1,False
2012-07-16T20:00:00,New Asgard,Pym Particles,705.86,4.68,False
2012-07-16T20:00:00,New Asgard,Clean Water (L),2395.24,5.1,False
2012-07-16T20:00:00,New Asgard,Medical Kits,725.94,3.83,False
2012-07-16T20:00:00,Wakanda,Vibranium (kg),2413.52,4.25,False
2012-07-16T20:00:00,Wakanda,Arc Reactor Cores,698.43,5.1,False
2012-07-16T20:00:00,Wakanda,Pym Particles,711.76,4.68,False
2012-07-16T20:00:00,Wakanda,Clean Water (L),2395.86,5.1,False
2012-07-16T20:00:00,Wakanda,Medical Kits,727.25,3.83,False
2012-07-16T20:00:00,Sokovia,Vibranium (kg),2414.67,4.25,False
2012-07-16T20:00:00,Sokovia,Arc Reactor Cores,696.88,5.1,False
2012-07-16T20:00:00,Sokovia,Pym Particles,705.06,4.68,False
2012-07-16T20:00:00,Sokovia,Clean Water (L),2396.7,5.1,False
2012-07-16T20:00:00,Sokovia,Medical Kits,727.41,3.83,False
2012-07-16T20:00:00,Sanctum Sanctorum,Vibranium (kg),2411.39,4.25,False
2012-07-16T20:00:00,Sanctum Sanctorum,Arc Reactor Cores,693.94,5.1,False
2012-07-16T20:00:00,Sanctum Sanctorum,Pym Particles,703.63,4.68,False
2012-07-16T20:00:00,Sanctum Sanctorum,Clean Water (L),2391.07,5.1,False
2012-07-16T20:00:00,Sanctum Sanctorum,Medical Kits,726.65,3.83,False
2012-07-16T20:00:00,Avengers Compound,Vibranium (kg),2414.74,4.25,False
2012-07-16T20:00:00,Avengers Compound,Arc Reactor Cores,696.94,5.1,False
2012-07-16T20:00:00,Avengers Compound,Pym Particles,704.76,4.68,False
2012-07-16T20:00:00,Avengers Compound,Clean Water (L),2399.55,5.1,False
2012-07-16T20:00:00,Avengers Compound,Medical Kits,725.2,3.83,False
2012-07-16T21:00:00,New Asgard,Vibranium (kg),2416.38,3.94,False
2012-07-16T21:00:00,New Asgard,Arc Reactor Cores,696.53,4.73,False
2012-07-16T21:00:00,New Asgard,Pym Particles,707.37,4.33,False
2012-07-16T21:00:00,New Asgard,Clean Water (L),2396.8,4.73,False
2012-07-16T21:00:00,New Asgard,Medical Kits,727.38,3.55,False
2012-07-16T21:00:00,Wakanda,Vibranium (kg),2415.58,3.94,False
2012-07-16T21:00:00,Wakanda,Arc Reactor Cores,700.16,4.73,False
2012-07-16T21:00:00,Wakanda,Pym Particles,711.69,4.33,False
2012-07-16T21:00:00,Wakanda,Clean Water (L),2397.45,4.73,False
2012-07-16T21:00:00,Wakanda,Medical Kits,728.66,3.55,False
2012-07-16T21:00:00,Sokovia,Vibranium (kg),2416.49,3.94,False
2012-07-16T21:00:00,Sokovia,Arc Reactor Cores,698.97,4.73,False
2012-07-16T21:00:00,Sokovia,Pym Particles,705.36,4.33,False
2012-07-16T21:00:00,Sokovia,Clean Water (L),2397.28,4.73,False
2012-07-16T21:00:00,Sokovia,Medical Kits,729.1,3.55,False
2012-07-16T21:00:00,Sanctum Sanctorum,Vibranium (kg),2412.94,3.94,False
2012-07-16T21:00:00,Sanctum Sanctorum,Arc Reactor Cores,695.25,4.73,False
2012-07-16T21:00:00,Sanctum Sanctorum,Pym Particles,704.41,4.33,False
2012-07-16T21:00:00,Sanctum Sanctorum,Clean Water (L),2392.48,4.73,False
2012-07-16T21:00:00,Sanctum Sanctorum,Medical Kits,726.71,3.55,False
2012-07-16T21:00:00,Avengers Compound,Vibranium (kg),2416.04,3.94,False
2012-07-16T21:00:00,Avengers Compound,Arc Reactor Cores,699.46,4.73,False
2012-07-16T21:00:00,Avengers Compound,Pym Particles,704.63,4.33,False
2012-07-16T21:00:00,Avengers Compound,Clean Water (L),2401.24,4.73,False
2012-07-16T21:00:00,Avengers Compound,Medical Kits,726.64,3.55,False
2012-07-16T22:00:00,New Asgard,Vibranium (kg),2417.99,3.7,False
2012-07-16T22:00:00,New Asgard,Arc Reactor Cores,698.96,4.44,False
2012-07-16T22:00:00,New Asgard,Pym Particles,708.14,4.07,False
2012-07-16T22:00:00,New Asgard,Clean Water (L),2399.38,4.44,False
2012-07-16T22:00:00,New Asgard,Medical Kits,728.05,3.33,False
2012-07-16T22:00:00,Wakanda,Vibranium (kg),2416.66,3.7,False
2012-07-16T22:00:00,Wakanda,Arc Reactor Cores,700.95,4.44,False
2012-07-16T22:00:00,Wakanda,Pym Particles,713.06,4.07,False
2012-07-16T22:00:00,Wakanda,Clean Water (L),2399.9,4.44,False
2012-07-16T22:00:00,Wakanda,Medical Kits,728.65,3.33,False
2012-07-16T22:00:00,Sokovia,Vibranium (kg),2418.99,3.7,False
2012-07-16T22:00:00,Sokovia,Arc Reactor Cores,701.76,4.44,False
2012-07-16T22:00:00,Sokovia,Pym Particles,705.44,4.07,False
2012-07-16T22:00:00,Sokovia,Clean Water (L),2398.15,4.44,False
2012-07-16T22:00:00,Sokovia,Medical Kits,730.04,3.33,False
2012-07-16T22:00:00,Sanctum Sanctorum,Vibranium (kg),2412.94,3.7,False
2012-07-16T22:00:00,Sanctum Sanctorum,Arc Reactor Cores,695.61,4.44,False
2012-07-16T22:00:00,Sanctum Sanctorum,Pym Particles,706.41,4.07,False
2012-07-16T22:00:00,Sanctum Sanctorum,Clean Water (L),2395.47,4.44,False
2012-07-16T22:00:00,Sanctum Sanctorum,Medical Kits,727.52,3.33,False
2012-07-16T22:00:00,Avengers Compound,Vibranium (kg),2419.05,3.7,False
2012-07-16T22:00:00,Avengers Compound,Arc Reactor Cores,699.9,4.44,False
2012-07-16T22:00:00,Avengers Compound,Pym Particles,704.7,4.07,False
2012-07-16T22:00:00,Avengers Compound,Clean Water (L),2402.1,4.44,False
2012-07-16T22:00:00,Avengers Compound,Medical Kits,727.88,3.33,False
2012-07-16T23:00:00,New Asgard,Vibranium (kg),2419.95,3.55,False
2012-07-16T23:00:00,New Asgard,Arc Reactor Cores,701.09,4.26,False
2012-07-16T23:00:00,New Asgard,Pym Particles,708.78,3.91,False
2012-07-16T23:00:00,New Asgard,Clean Water (L),2401.82,4.26,False
2012-07-16T23:00:00,New Asgard,Medical Kits,728.69,3.2,False
2012-07-16T23:00:00,Wakanda,Vibranium (kg),2417.21,3.55,False
2012-07-16T23:00:00,Wakanda,Arc Reactor Cores,701.35,4.26,False
2012-07-16T23:00:00,Wakanda,Pym Particles,715.73,3.91,False
2012-07-16T23:00:00,Wakanda,Clean Water (L),2400.73,4.26,False
2012-07-16T23:00:00,Wakanda,Medical Kits,728.96,3.2,False
2012-07-16T23:00:00,Sokovia,Vibranium (kg),2420.66,3.55,False
2012-07-16T23:00:00,Sokovia,Arc Reactor Cores,702.71,4.26,False
2012-07-16T23:00:00,Sokovia,Pym Particles,707.48,3.91,False
2012-07-16T23:00:00,Sokovia,Clean Water (L),2399.39,4.26,False
2012-07-16T23:00:00,Sokovia,Medical Kits,730.56,3.2,False
2012-07-16T23:00:00,Sanctum Sanctorum,Vibranium (kg),2414.08,3.55,False
2012-07-16T23:00:00,Sanctum Sanctorum,Arc Reactor Cores,698.86,4.26,False
2012-07-16T23:00:00,Sanctum Sanctorum,Pym Particles,708.07,3.91,False
2012-07-16T23:00:00,Sanctum Sanctorum,Clean Water (L),2396.24,4.26,False
2012-07-16T23:00:00,Sanctum Sanctorum,Medical Kits,729.37,3.2,False
2012-07-16T23:00:00,Avengers Compound,Vibranium (kg),2421.74,3.55,False
2012-07-16T23:00:00,Avengers Compound,Arc Reactor Cores,702.58,4.26,False
2012-07-16T23:00:00,Avengers Compound,Pym Particles,705.51,3.91,False
2012-07-16T23:00:00,Avengers Compound,Clean Water (L),2404.19,4.26,False
2012-07-16T23:00:00,Avengers Compound,Medical Kits,729.47,3.2,False
2012-07-17T00:00:00,New Asgard,Vibranium (kg),2421.75,3.5,False
2012-07-17T00:00:00,New Asgard,Arc Reactor Cores,702.62,4.2,False
2012-07-17T00:00:00,New Asgard,Pym Particles,710.0,3.85,False
2012-07-17T00:00:00,New Asgard,Clean Water (L),2404.31,4.2,False
2012-07-17T00:00:00,New Asgard,Medical Kits,730.35,3.15,False
2012-07-17T00:00:00,Wakanda,Vibranium (kg),2419.06,3.5,False
2012-07-17T00:00:00,Wakanda,Arc Reactor Cores,701.95,4.2,False
2012-07-17T00:00:00,Wakanda,Pym Particles,716.72,3.85,False
2012-07-17T00:00:00,Wakanda,Clean Water (L),2402.21,4.2,False
2012-07-17T00:00:00,Wakanda,Medical Kits,731.32,3.15,False
2012-07-17T00:00:00,Sokovia,Vibranium (kg),2422.53,3.5,False
2012-07-17T00:00:00,Sokovia,Arc Reactor Cores,704.56,4.2,False
2012-07-17T00:00:00,Sokovia,Pym Particles,708.65,3.85,False
2012-07-17T00:00:00,Sokovia,Clean Water (L),2400.99,4.2,False
2012-07-17T00:00:00,Sokovia,Medical Kits,731.96,3.15,False
2012-07-17T00:00:00,Sanctum Sanctorum,Vibranium (kg),2417.66,3.5,False
2012-07-17T00:00:00,Sanctum Sanctorum,Arc Reactor Cores,701.14,4.2,False
2012-07-17T00:00:00,Sanctum Sanctorum,Pym Particles,710.52,3.85,False
2012-07-17T00:00:00,Sanctum Sanctorum,Clean Water (L),2399.0,4.2,False
2012-07-17T00:00:00,Sanctum Sanctorum,Medical Kits,731.99,3.15,False
2012-07-17T00:00:00,Avengers Compound,Vibranium (kg),2422.87,3.5,False
2012-07-17T00:00:00,Avengers Compound,Arc Reactor Cores,705.66,4.2,False
2012-07-17T00:00:00,Avengers Compound,Pym Particles,706.94,3.85,False
2012-07-17T00:00:00,Avengers Compound,Clean Water (L),2406.19,4.2,False
2012-07-17T00:00:00,Avengers Compound,Medical Kits,731.9,3.15,False
2012-07-17T01:00:00,New Asgard,Vibranium (kg),2423.07,3.55,False
2012-07-17T01:00:00,New Asgard,Arc Reactor Cores,704.05,4.26,False
2012-07-17T01:00:00,New Asgard,Pym Particles,711.98,3.91,False
2012-07-17T01:00:00,New Asgard,Clean Water (L),2406.7,4.26,False
2012-07-17T01:00:00,New Asgard,Medical Kits,730.63,3.2,False
2012-07-17T01:00:00,Wakanda,Vibranium (kg),2421.34,3.55,False
2012-07-17T01:00:00,Wakanda,Arc Reactor Cores,703.55,4.26,False
2012-07-17T01:00:00,Wakanda,Pym Particles,716.32,3.91,False
2012-07-17T01:00:00,Wakanda,Clean Water (L),2402.87,4.26,False
2012-07-17T01:00:00,Wakanda,Medical Kits,732.51,3.2,False
2012-07-17T01:00:00,Sokovia,Vibranium (kg),2424.19,3.55,False
2012-07-17T01:00:00,Sokovia,Arc Reactor Cores,705.98,4.26,False
2012-07-17T01:00:00,Sokovia,Pym Particles,709.86,3.91,False
2012-07-17T01:00:00,Sokovia,Clean Water (L),2402.26,4.26,False
2012-07-17T01:00:00,Sokovia,Medical Kits,732.71,3.2,False
2012-07-17T01:00:00,Sanctum Sanctorum,Vibranium (kg),2419.77,3.55,False
2012-07-17T01:00:00,Sanctum Sanctorum,Arc Reactor Cores,703.28,4.26,False
2012-07-17T01:00:00,Sanctum Sanctorum,Pym Particles,713.49,3.91,False
2012-07-17T01:00:00,Sanctum Sanctorum,Clean Water (L),2399.88,4.26,False
2012-07-17T01:00:00,Sanctum Sanctorum,Medical Kits,733.36,3.2,False
2012-07-17T01:00:00,Avengers Compound,Vibranium (kg),2423.8,3.55,False
2012-07-17T01:00:00,Avengers Compound,Arc Reactor Cores,707.03,4.26,False
2012-07-17T01:00:00,Avengers Compound,Pym Particles,708.84,3.91,False
2012-07-17T01:00:00,Avengers Compound,Clean Water (L),2408.65,4.26,False
2012-07-17T01:00:00,Avengers Compound,Medical Kits,731.7,3.2,False
2012-07-17T02:00:00,New Asgard,Vibranium (kg),2424.72,3.7,False
2012-07-17T02:00:00,New Asgard,Arc Reactor Cores,706.2,4.44,False
2012-07-17T02:00:00,New Asgard,Pym Particles,714.48,4.07,False
2012-07-17T02:00:00,New Asgard,Clean Water (L),2408.49,4.44,False
2012-07-17T02:00:00,New Asgard,Medical Kits,731.87,3.33,False
2012-07-17T02:00:00,Wakanda,Vibranium (kg),2423.53,3.7,False
2012-07-17T02:00:00,Wakanda,Arc Reactor Cores,704.4,4.44,False
2012-07-17T02:00:00,Wakanda,Pym Particles,718.88,4.07,False
2012-07-17T02:00:00,Wakanda,Clean Water (L),2404.15,4.44,False
2012-07-17T02:00:00,Wakanda,Medical Kits,735.5,3.33,False
2012-07-17T02:00:00,Sokovia,Vibranium (kg),2425.53,3.7,False
2012-07-17T02:00:00,Sokovia,Arc Reactor Cores,708.28,4.44,False
2012-07-17T02:00:00,Sokovia,Pym Particles,710.32,4.07,False
2012-07-17T02:00:00,Sokovia,Clean Water (L),2404.56,4.44,False
2012-07-17T02:00:00,Sokovia,Medical Kits,734.96,3.33,False
2012-07-17T02:00:00,Sanctum Sanctorum,Vibranium (kg),2421.37,3.7,False
2012-07-17T02:00:00,Sanctum Sanctorum,Arc Reactor Cores,704.14,4.44,False
2012-07-17T02:00:00,Sanctum Sanctorum,Pym Particles,716.71,4.07,False
2012-07-17T02:00:00,Sanctum Sanctorum,Clean Water (L),2402.36,4.44,False
2012-07-17T02:00:00,Sanctum Sanctorum,Medical Kits,735.1,3.33,False
2012-07-17T02:00:00,Avengers Compound,Vibranium (kg),2425.13,3.7,False
2012-07-17T02:00:00,Avengers Compound,Arc Reactor Cores,709.07,4.44,False
2012-07-17T02:00:00,Avengers Compound,Pym Particles,709.87,4.07,False
2012-07-17T02:00:00,Avengers Compound,Clean Water (L),2410.01,4.44,False
2012-07-17T02:00:00,Avengers Compound,Medical Kits,732.13,3.33,False
2012-07-17T03:00:00,New Asgard,Vibranium (kg),2425.55,3.94,False
2012-07-17T03:00:00,New Asgard,Arc Reactor Cores,706.73,4.73,False
2012-07-17T03:00:00,New Asgard,Pym Particles,715.58,4.33,False
2012-07-17T03:00:00,New Asgard,Clean Water (L),2408.9,4.73,False
2012-07-17T03:00:00,New Asgard,Medical Kits,732.63,3.55,False
2012-07-17T03:00:00,Wakanda,Vibranium (kg),2425.31,3.94,False
2012-07-17T03:00:00,Wakanda,Arc Reactor Cores,705.46,4.73,False
2012-07-17T03:00:00,Wakanda,Pym Particles,720.1,4.33,False
2012-07-17T03:00:00,Wakanda,Clean Water (L),2403.67,4.73,False
2012-07-17T03:00:00,Wakanda,Medical Kits,737.02,3.55,False
2012-07-17T03:00:00,Sokovia,Vibranium (kg),2425.89,3.94,False
2012-07-17T03:00:00,Sokovia,Arc Reactor Cores,710.78,4.73,False
2012-07-17T03:00:00,Sokovia,Pym Particles,710.6,4.33,False
2012-07-17T03:00:00,Sokovia,Clean Water (L),2405.26,4.73,False
2012-07-17T03:00:00,Sokovia,Medical Kits,737.28,3.55,False
2012-07-17T03:00:00,Sanctum Sanctorum,Vibranium (kg),2422.55,3.94,False
2012-07-17T03:00:00,Sanctum Sanctorum,Arc Reactor Cores,705.98,4.73,False
2012-07-17T03:00:00,Sanctum Sanctorum,Pym Particles,717.91,4.33,False
2012-07-17T03:00:00,Sanctum Sanctorum,Clean Water (L),2402.21,4.73,False
2012-07-17T03:00:00,Sanctum Sanctorum,Medical Kits,737.61,3.55,False
2012-07-17T03:00:00,Avengers Compound,Vibranium (kg),2426.89,3.94,False
2012-07-17T03:00:00,Avengers Compound,Arc Reactor Cores,709.82,4.73,False
2012-07-17T03:00:00,Avengers Compound,Pym Particles,712.26,4.33,False
2012-07-17T03:00:00,Avengers Compound,Clean Water (L),2411.08,4.73,False
2012-07-17T03:00:00,Avengers Compound,Medical Kits,732.9,3.55,False
2012-07-17T04:00:00,New Asgard,Vibranium (kg),2426.72,4.25,False
2012-07-17T04:00:00,New Asgard,Arc Reactor Cores,707.83,5.1,False
2012-07-17T04:00:00,New Asgard,Pym Particles,716.92,4.68,False
2012-07-17T04:00:00,New Asgard,Clean Water (L),2409.18,5.1,False
2012-07-17T04:00:00,New Asgard,Medical Kits,734.0,3.83,False
2012-07-17T04:00:00,Wakanda,Vibranium (kg),2425.9,4.25,False
2012-07-17T04:00:00,Wakanda,Arc Reactor Cores,707.3,5.1,False
2012-07-17T04:00:00,Wakanda,Pym Particles,721.23,4.68,False
2012-07-17T04:00:00,Wakanda,Clean Water (L),2404.42,5.1,False
2012-07-17T04:00:00,Wakanda,Medical Kits,737.99,3.83,False
2012-07-17T04:00:00,Sokovia,Vibranium (kg),2425.7,4.25,False
2012-07-17T04:00:00,Sokovia,Arc Reactor Cores,710.18,5.1,False
2012-07-17T04:00:00,Sokovia,Pym Particles,711.02,4.68,False
2012-07-17T04:00:00,Sokovia,Clean Water (L),2406.05,5.1,False
2012-07-17T04:00:00,Sokovia,Medical Kits,739.13,3.83,False
2012-07-17T04:00:00,Sanctum Sanctorum,Vibranium (kg),2424.0,4.25,False
2012-07-17T04:00:00,Sanctum Sanctorum,Arc Reactor Cores,707.74,5.1,False
2012-07-17T04:00:00,Sanctum Sanctorum,Pym Particles,719.1,4.68,False
2012-07-17T04:00:00,Sanctum Sanctorum,Clean Water (L),2402.31,5.1,False
2012-07-17T04:00:00,Sanctum Sanctorum,Medical Kits,737.36,3.83,False
2012-07-17T04:00:00,Avengers Compound,Vibranium (kg),2428.04,4.25,False
2012-07-17T04:00:00,Avengers Compound,Arc Reactor Cores,709.83,5.1,False
2012-07-17T04:00:00,Avengers Compound,Pym Particles,714.09,4.68,False
2012-07-17T04:00:00,Avengers Compound,Clean Water (L),2410.63,5.1,False
2012-07-17T04:00:00,Avengers Compound,Medical Kits,733.13,3.83,False
2012-07-17T05:00:00,New Asgard,Vibranium (kg),2427.64,4.61,False
2012-07-17T05:00:00,New Asgard,Arc Reactor Cores,706.91,5.53,False
2012-07-17T05:00:00,New Asgard,Pym Particles,718.1,5.07,False
2012-07-17T05:00:00,New Asgard,Clean Water (L),2409.02,5.53,False
2012-07-17T05:00:00,New Asgard,Medical Kits,734.35,4.15,False
2012-07-17T05:00:00,Wakanda,Vibranium (kg),2426.14,4.61,False
2012-07-17T05:00:00,Wakanda,Arc Reactor Cores,707.94,5.53,False
2012-07-17T05:00:00,Wakanda,Pym Particles,720.25,5.07,False
2012-07-17T05:00:00,Wakanda,Clean Water (L),2404.37,5.53,False
2012-07-17T05:00:00,Wakanda,Medical Kits,737.18,4.15,False
2012-07-17T05:00:00,Sokovia,Vibranium (kg),2424.25,4.61,False
2012-07-17T05:00:00,Sokovia,Arc Reactor Cores,709.62,5.53,False
2012-07-17T05:00:00,Sokovia,Pym Particles,712.45,5.07,False
2012-07-17T05:00:00,Sokovia,Clean Water (L),2405.81,5.53,False
2012-07-17T05:00:00,Sokovia,Medical Kits,738.74,4.15,False
2012-07-17T05:00:00,Sanctum Sanctorum,Vibranium (kg),2423.57,4.61,False
2012-07-17T05:00:00,Sanctum Sanctorum,Arc Reactor Cores,707.8,5.53,False
2012-07-17T05:00:00,Sanctum Sanctorum,Pym Particles,719.84,5.07,False
2012-07-17T05:00:00,Sanctum Sanctorum,Clean Water (L),2404.19,5.53,False
2012-07-17T05:00:00,Sanctum Sanctorum,Medical Kits,739.2,4.15,False
2012-07-17T05:00:00,Avengers Compound,Vibranium (kg),2429.56,4.61,False
2012-07-17T05:00:00,Avengers Compound,Arc Reactor Cores,710.53,5.53,False
2012-07-17T05:00:00,Avengers Compound,Pym Particles,714.54,5.07,False
2012-07-17T05:00:00,Avengers Compound,Clean Water (L),2411.17,5.53,False
2012-07-17T05:00:00,Avengers Compound,Medical Kits,733.97,4.15,False
2012-07-17T06:00:00,New Asgard,Vibranium (kg),2427.44,5.0,False
2012-07-17T06:00:00,New Asgard,Arc Reactor Cores,706.22,6.0,False
2012-07-17T06:00:00,New Asgard,Pym Particles,718.34,5.5,False
2012-07-17T06:00:00,New Asgard,Clean Water (L),2408.2,6.0,False
2012-07-17T06:00:00,New Asgard,Medical Kits,735.45,4.5,False
2012-07-17T06:00:00,Wakanda,Vibranium (kg),2427.2,5.0,False
2012-07-17T06:00:00,Wakanda,Arc Reactor Cores,706.98,6.0,False
2012-07-17T06:00:00,Wakanda,Pym Particles,718.41,5.5,False
2012-07-17T06:00:00,Wakanda,Clean Water (L),2404.26,6.0,False
2012-07-17T06:00:00,Wakanda,Medical Kits,736.31,4.5,False
2012-07-17T06:00:00,Sokovia,Vibranium (kg),2424.98,5.0,False
2012-07-17T06:00:00,Sokovia,Arc Reactor Cores,709.5,6.0,False
2012-07-17T06:00:00,Sokovia,Pym Particles,713.25,5.5,False
2012-07-17T06:00:00,Sokovia,Clean Water (L),2406.1,6.0,False
2012-07-17T06:00:00,Sokovia,Medical Kits,737.4,4.5,False
2012-07-17T06:00:00,Sanctum Sanctorum,Vibranium (kg),2423.98,5.0,False
2012-07-17T06:00:00,Sanctum Sanctorum,Arc Reactor Cores,708.4,6.0,False
2012-07-17T06:00:00,Sanctum Sanctorum,Pym Particles,720.05,5.5,False
2012-07-17T06:00:00,Sanctum Sanctorum,Clean Water (L),2403.66,6.0,False
2012-07-17T06:00:00,Sanctum Sanctorum,Medical Kits,739.69,4.5,False
2012-07-17T06:00:00,Avengers Compound,Vibranium (kg),2428.58,5.0,False
2012-07-17T06:00:00,Avengers Compound,Arc Reactor Cores,708.68,6.0,False
2012-07-17T06:00:00,Avengers Compound,Pym Particles,714.7,5.5,False
2012-07-17T06:00:00,Avengers Compound,Clean Water (L),2410.65,6.0,False
2012-07-17T06:00:00,Avengers Compound,Medical Kits,734.64,4.5,False
2012-07-17T07:00:00,New Asgard,Vibranium (kg),2425.3,5.39,False
2012-07-17T07:00:00,New Asgard,Arc Reactor Cores,704.42,6.47,False
2012-07-17T07:00:00,New Asgard,Pym Particles,717.22,5.93,False
2012-07-17T07:00:00,New Asgard,Clean Water (L),2406.92,6.47,False
2012-07-17T07:00:00,New Asgard,Medical Kits,734.05,4.85,False
2012-07-17T07:00:00,Wakanda,Vibranium (kg),2425.91,5.39,False
2012-07-17T07:00:00,Wakanda,Arc Reactor Cores,706.89,6.47,False
2012-07-17T07:00:00,Wakanda,Pym Particles,718.28,5.93,False
2012-07-17T07:00:00,Wakanda,Clean Water (L),2402.85,6.47,False
2012-07-17T07:00:00,Wakanda,Medical Kits,735.92,4.85,False
2012-07-17T07:00:00,Sokovia,Vibranium (kg),2424.16,5.39,False
2012-07-17T07:00:00,Sokovia,Arc Reactor Cores,708.27,6.47,False
2012-07-17T07:00:00,Sokovia,Pym Particles,711.09,5.93,False
2012-07-17T07:00:00,Sokovia,Clean Water (L),2405.45,6.47,False
2012-07-17T07:00:00,Sokovia,Medical Kits,736.31,4.85,False
2012-07-17T07:00:00,Sanctum Sanctorum,Vibranium (kg),2423.05,5.39,False
2012-07-17T07:00:00,Sanctum Sanctorum,Arc Reactor Cores,707.75,6.47,False
2012-07-17T07:00:00,Sanctum Sanctorum,Pym Particles,719.22,5.93,False
2012-07-17T07:00:00,Sanctum Sanctorum,Clean Water (L),2402.61,6.47,False
2012-07-17T07:00:00,Sanctum Sanctorum,Medical Kits,737.04,4.85,False
2012-07-17T07:00:00,Avengers Compound,Vibranium (kg),2429.3,5.39,False
2012-07-17T07:00:00,Avengers Compound,Arc Reactor Cores,707.74,6.47,False
2012-07-17T07:00:00,Avengers Compound,Pym Particles,714.42,5.93,False
2012-07-17T07:00:00,Avengers Compound,Clean Water (L),2410.14,6.47,False
2012-07-17T07:00:00,Avengers Compound,Medical Kits,733.32,4.85,False
2012-07-17T08:00:00,New Asgard,Vibranium (kg),2425.04,5.75,False
2012-07-17T08:00:00,New Asgard,Arc Reactor Cores,703.86,6.9,False
2012-07-17T08:00:00,New Asgard,Pym Particles,715.19,6.32,False
2012-07-17T08:00:00,New Asgard,Clean Water (L),2404.65,6.9,False
2012-07-17T08:00:00,New Asgard,Medical Kits,732.55,5.17,False
2012-07-17T08:00:00,Wakanda,Vibranium (kg),2423.75,5.75,False
2012-07-17T08:00:00,Wakanda,Arc Reactor Cores,705.24,6.9,False
2012-07-17T08:00:00,Wakanda,Pym Particles,717.84,6.32,False
2012-07-17T08:00:00,Wakanda,Clean Water (L),2401.85,6.9,False
2012-07-17T08:00:00,Wakanda,Medical Kits,734.81,5.17,False
2012-07-17T08:00:00,Sokovia,Vibranium (kg),2423.84,5.75,False
2012-07-17T08:00:00,Sokovia,Arc Reactor Cores,706.9,6.9,False
2012-07-17T08:00:00,Sokovia,Pym Particles,711.22,6.32,False
2012-07-17T08:00:00,Sokovia,Clean Water (L),2402.54,6.9,False
2012-07-17T08:00:00,Sokovia,Medical Kits,735.15,5.17,False
2012-07-17T08:00:00,Sanctum Sanctorum,Vibranium (kg),2420.87,5.75,False
2012-07-17T08:00:00,Sanctum Sanctorum,Arc Reactor Cores,707.78,6.9,False
2012-07-17T08:00:00,Sanctum Sanctorum,Pym Particles,718.82,6.32,False
2012-07-17T08:00:00,Sanctum Sanctorum,Clean Water (L),2402.65,6.9,False
2012-07-17T08:00:00,Sanctum Sanctorum,Medical Kits,735.59,5.17,False
2012-07-17T08:00:00,Avengers Compound,Vibranium (kg),2426.93,5.75,False
2012-07-17T08:00:00,Avengers Compound,Arc Reactor Cores,706.22,6.9,False
2012-07-17T08:00:00,Avengers Compound,Pym Particles,713.71,6.32,False
2012-07-17T08:00:00,Avengers Compound,Clean Water (L),2409.39,6.9,False
2012-07-17T08:00:00,Avengers Compound,Medical Kits,732.24,5.17,False
2012-07-17T09:00:00,New Asgard,Vibranium (kg),2424.55,6.06,False
2012-07-17T09:00:00,New Asgard,Arc Reactor Cores,701.96,7.27,False
2012-07-17T09:00:00,New Asgard,Pym Particles,713.88,6.67,False
2012-07-17T09:00:00,New Asgard,Clean Water (L),2402.31,7.27,False
2012-07-17T09:00:00,New Asgard,Medical Kits,732.39,5.45,False
2012-07-17T09:00:00,Wakanda,Vibranium (kg),2422.8,6.06,False
2012-07-17T09:00:00,Wakanda,Arc Reactor Cores,702.9,7.27,False
2012-07-17T09:00:00,Wakanda,Pym Particles,717.1,6.67,False
2012-07-17T09:00:00,Wakanda,Clean Water (L),2401.66,7.27,False
2012-07-17T09:00:00,Wakanda,Medical Kits,734.34,5.45,False
2012-07-17T09:00:00,Sokovia,Vibranium (kg),2421.26,6.06,False
2012-07-17T09:00:00,Sokovia,Arc Reactor Cores,705.0,7.27,False
2012-07-17T09:00:00,Sokovia,Pym Particles,710.98,6.67,False
2012-07-17T09:00:00,Sokovia,Clean Water (L),2400.65,7.27,False
2012-07-17T09:00:00,Sokovia,Medical Kits,733.25,5.45,False
2012-07-17T09:00:00,Sanctum Sanctorum,Vibranium (kg),2419.13,6.06,False
2012-07-17T09:00:00,Sanctum Sanctorum,Arc Reactor Cores,706.54,7.27,False
2012-07-17T09:00:00,Sanctum Sanctorum,Pym Particles,717.05,6.67,False
2012-07-17T09:00:00,Sanctum Sanctorum,Clean Water (L),2401.68,7.27,False
2012-07-17T09:00:00,Sanctum Sanctorum,Medical Kits,733.71,5.45,False
2012-07-17T09:00:00,Avengers Compound,Vibranium (kg),2425.3,6.06,False
2012-07-17T09:00:00,Avengers Compound,Arc Reactor Cores,706.1,7.27,False
2012-07-17T09:00:00,Avengers Compound,Pym Particles,713.32,6.67,False
2012-07-17T09:00:00,Avengers Compound,Clean Water (L),2408.2,7.27,False
2012-07-17T09:00:00,Avengers Compound,Medical Kits,730.86,5.45,False
2012-07-17T10:00:00,New Asgard,Vibranium (kg),2422.38,6.3,False
2012-07-17T10:00:00,New Asgard,Arc Reactor Cores,700.75,7.56,False
2012-07-17T10:00:00,New Asgard,Pym Particles,712.1,6.93,False
2012-07-17T10:00:00,New Asgard,Clean Water (L),2400.22,7.56,False
2012-07-17T10:00:00,New Asgard,Medical Kits,732.14,5.67,False
2012-07-17T10:00:00,Wakanda,Vibranium (kg),2420.67,6.3,False
2012-07-17T10:00:00,Wakanda,Arc Reactor Cores,702.74,7.56,False
2012-07-17T10:00:00,Wakanda,Pym Particles,714.15,6.93,False
2012-07-17T10:00:00,Wakanda,Clean Water (L),2399.72,7.56,False
2012-07-17T10:00:00,Wakanda,Medical Kits,732.48,5.67,False
2012-07-17T10:00:00,Sokovia,Vibranium (kg),2418.91,6.3,False
2012-07-17T10:00:00,Sokovia,Arc Reactor Cores,703.29,7.56,False
2012-07-17T10:00:00,Sokovia,Pym Particles,709.43,6.93,False
2012-07-17T10:00:00,Sokovia,Clean Water (L),2398.19,7.56,False
2012-07-17T10:00:00,Sokovia,Medical Kits,732.43,5.67,False
2012-07-17T10:00:00,Sanctum Sanctorum,Vibranium (kg),2416.92,6.3,False
2012-07-17T10:00:00,Sanctum Sanctorum,Arc Reactor Cores,703.27,7.56,False
2012-07-17T10:00:00,Sanctum Sanctorum,Pym Particles,715.89,6.93,False
2012-07-17T10:00:00,Sanctum Sanctorum,Clean Water (L),2399.55,7.56,False
2012-07-17T10:00:00,Sanctum Sanctorum,Medical Kits,732.26,5.67,False
2012-07-17T10:00:00,Avengers Compound,Vibranium (kg),2423.46,6.3,False
2012-07-17T10:00:00,Avengers Compound,Arc Reactor Cores,705.02,7.56,False
2012-07-17T10:00:00,Avengers Compound,Pym Particles,710.07,6.93,False
2012-07-17T10:00:00,Avengers Compound,Clean Water (L),2406.45,7.56,False
2012-07-17T10:00:00,Avengers Compound,Medical Kits,729.78,5.67,False
2012-07-17T11:00:00,New Asgard,Vibranium (kg),2421.59,6.45,False
2012-07-17T11:00:00,New Asgard,Arc Reactor Cores,699.05,7.74,False
2012-07-17T11:00:00,New Asgard,Pym Particles,711.7,7.09,False
2012-07-17T11:00:00,New Asgard,Clean Water (L),2397.36,7.74,False
2012-07-17T11:00:00,New Asgard,Medical Kits,729.94,5.8,False
2012-07-17T11:00:00,Wakanda,Vibranium (kg),2419.95,6.45,False
2012-07-17T11:00:00,Wakanda,Arc Reactor Cores,700.35,7.74,False
2012-07-17T11:00:00,Wakanda,Pym Particles,712.94,7.09,False
2012-07-17T11:00:00,Wakanda,Clean Water (L),2396.94,7.74,False
2012-07-17T11:00:00,Wakanda,Medical Kits,731.76,5.8,False
2012-07-17T11:00:00,Sokovia,Vibranium (kg),2417.97,6.45,False
2012-07-17T11:00:00,Sokovia,Arc Reactor Cores,701.5,7.74,False
2012-07-17T11:00:00,Sokovia,Pym Particles,706.23,7.09,False
2012-07-17T11:00:00,Sokovia,Clean Water (L),2396.91,7.74,False
2012-07-17T11:00:00,Sokovia,Medical Kits,731.32,5.8,False
2012-07-17T11:00:00,Sanctum Sanctorum,Vibranium (kg),2415.07,6.45,False
2012-07-17T11:00:00,Sanctum Sanctorum,Arc Reactor Cores,701.98,7.74,False
2012-07-17T11:00:00,Sanctum Sanctorum,Pym Particles,714.57,7.09,False
2012-07-17T11:00:00,Sanctum Sanctorum,Clean Water (L),2398.99,7.74,False
2012-07-17T11:00:00,Sanctum Sanctorum,Medical Kits,730.85,5.8,False
2012-07-17T11:00:00,Avengers Compound,Vibranium (kg),2423.42,6.45,False
2012-07-17T11:00:00,Avengers Compound,Arc Reactor Cores,702.09,7.74,False
2012-07-17T11:00:00,Avengers Compound,Pym Particles,709.99,7.09,False
2012-07-17T11:00:00,Avengers Compound,Clean Water (L),2403.93,7.74,False
2012-07-17T11:00:00,Avengers Compound,Medical Kits,729.73,5.8,False
2012-07-17T12:00:00,New Asgard,Vibranium (kg),2419.25,6.5,False
2012-07-17T12:00:00,New Asgard,Arc Reactor Cores,697.8,7.8,False
2012-07-17T12:00:00,New Asgard,Pym Particles,710.49,7.15,False
2012-07-17T12:00:00,New Asgard,Clean Water (L),2394.05,7.8,False
2012-07-17T12:00:00,New Asgard,Medical Kits,728.62,5.85,False
2012-07-17T12:00:00,Wakanda,Vibranium (kg),2417.84,6.5,False
2012-07-17T12:00:00,Wakanda,Arc Reactor Cores,697.06,7.8,False
2012-07-17T12:00:00,Wakanda,Pym Particles,710.8,7.15,False
2012-07-17T12:00:00,Wakanda,Clean Water (L),2394.63,7.8,False
2012-07-17T12:00:00,Wakanda,Medical Kits,731.3,5.85,False
2012-07-17T12:00:00,Sokovia,Vibranium (kg),2416.32,6.5,False
2012-07-17T12:00:00,Sokovia,Arc Reactor Cores,699.17,7.8,False
2012-07-17T12:00:00,Sokovia,Pym Particles,704.73,7.15,False
2012-07-17T12:00:00,Sokovia,Clean Water (L),2396.85,7.8,False
2012-07-17T12:00:00,Sokovia,Medical Kits,730.2,5.85,False
2012-07-17T12:00:00,Sanctum Sanctorum,Vibranium (kg),2413.23,6.5,False
2012-07-17T12:00:00,Sanctum Sanctorum,Arc Reactor Cores,700.1,7.8,False
2012-07-17T12:00:00,Sanctum Sanctorum,Pym Particles,712.44,7.15,False
2012-07-17T12:00:00,Sanctum Sanctorum,Clean Water (L),2397.45,7.8,False
2012-07-17T12:00:00,Sanctum Sanctorum,Medical Kits,728.88,5.85,False
2012-07-17T12:00:00,Avengers Compound,Vibranium (kg),2421.4,6.5,False
2012-07-17T12:00:00,Avengers Compound,Arc Reactor Cores,700.64,7.8,False
2012-07-17T12:00:00,Avengers Compound,Pym Particles,707.75,7.15,False
2012-07-17T12:00:00,Avengers Compound,Clean Water (L),2402.01,7.8,False
2012-07-17T12:00:00,Avengers Compound,Medical Kits,727.05,5.85,False
2012-07-17T13:00:00,New Asgard,Vibranium (kg),2418.11,6.45,False
2012-07-17T13:00:00,New Asgard,Arc Reactor Cores,697.08,7.74,False
2012-07-17T13:00:00,New Asgard,Pym Particles,709.56,7.09,False
2012-07-17T13:00:00,New Asgard,Clean Water (L),2391.37,7.74,False
2012-07-17T13:00:00,New Asgard,Medical Kits,728.97,5.8,False
2012-07-17T13:00:00,Wakanda,Vibranium (kg),2415.71,6.45,False
2012-07-17T13:00:00,Wakanda,Arc Reactor Cores,695.08,7.74,False
2012-07-17T13:00:00,Wakanda,Pym Particles,709.57,7.09,False
2012-07-17T13:00:00,Wakanda,Clean Water (L),2393.43,7.74,False
2012-07-17T13:00:00,Wakanda,Medical Kits,728.51,5.8,False
2012-07-17T13:00:00,Sokovia,Vibranium (kg),2416.91,6.45,False
2012-07-17T13:00:00,Sokovia,Arc Reactor Cores,697.79,7.74,False
2012-07-17T13:00:00,Sokovia,Pym Particles,703.42,7.09,False
2012-07-17T13:00:00,Sokovia,Clean Water (L),2394.89,7.74,False
2012-07-17T13:00:00,Sokovia,Medical Kits,728.82,5.8,False
2012-07-17T13:00:00,Sanctum Sanctorum,Vibranium (kg),2411.91,6.45,False
2012-07-17T13:00:00,Sanctum Sanctorum,Arc Reactor Cores,698.17,7.74,False
2012-07-17T13:00:00,Sanctum Sanctorum,Pym Particles,712.08,7.09,False
2012-07-17T13:00:00,Sanctum Sanctorum,Clean Water (L),2396.84,7.74,False
2012-07-17T13:00:00,Sanctum Sanctorum,Medical Kits,727.38,5.8,False
2012-07-17T13:00:00,Avengers Compound,Vibranium (kg),2419.97,6.45,False
2012-07-17T13:00:00,Avengers Compound,Arc Reactor Cores,699.44,7.74,False
2012-07-17T13:00:00,Avengers Compound,Pym Particles,706.28,7.09,False
2012-07-17T13:00:00,Avengers Compound,Clean Water (L),2399.58,7.74,False
2012-07-17T13:00:00,Avengers Compound,Medical Kits,727.31,5.8,False
2012-07-17T14:00:00,New Asgard,Vibranium (kg),2417.06,6.3,False
2012-07-17T14:00:00,New Asgard,Arc Reactor Cores,695.91,7.56,False
2012-07-17T14:00:00,New Asgard,Pym Particles,707.91,6.93,False
2012-07-17T14:00:00,New Asgard,Clean Water (L),2390.17,7.56,False
2012-07-17T14:00:00,New Asgard,Medical Kits,728.22,5.67,False
2012-07-17T14:00:00,Wakanda,Vibranium (kg),2415.35,6.3,False
2012-07-17T14:00:00,Wakanda,Arc Reactor Cores,693.25,7.56,False
2012-07-17T14:00:00,Wakanda,Pym Particles,708.07,6.93,False
2012-07-17T14:00:00,Wakanda,Clean Water (L),2393.29,7.56,False
2012-07-17T14:00:00,Wakanda,Medical Kits,727.53,5.67,False
2012-07-17T14:00:00,Sokovia,Vibranium (kg),2415.73,6.3,False
2012-07-17T14:00:00,Sokovia,Arc Reactor Cores,695.41,7.56,False
2012-07-17T14:00:00,Sokovia,Pym Particles,702.83,6.93,False
2012-07-17T14:00:00,Sokovia,Clean Water (L),2393.76,7.56,False
2012-07-17T14:00:00,Sokovia,Medical Kits,728.61,5.67,False
2012-07-17T14:00:00,Sanctum Sanctorum,Vibranium (kg),2409.88,6.3,False
2012-07-17T14:00:00,Sanctum Sanctorum,Arc Reactor Cores,695.39,7.56,False
2012-07-17T14:00:00,Sanctum Sanctorum,Pym Particles,710.84,6.93,False
2012-07-17T14:00:00,Sanctum Sanctorum,Clean Water (L),2395.39,7.56,False
2012-07-17T14:00:00,Sanctum Sanctorum,Medical Kits,727.5,5.67,False
2012-07-17T14:00:00,Avengers Compound,Vibranium (kg),2418.47,6.3,False
2012-07-17T14:00:00,Avengers Compound,Arc Reactor Cores,699.09,7.56,False
2012-07-17T14:00:00,Avengers Compound,Pym Particles,704.97,6.93,False
2012-07-17T14:00:00,Avengers Compound,Clean Water (L),2397.04,7.56,False
2012-07-17T14:00:00,Avengers Compound,Medical Kits,726.1,5.67,False
2012-07-17T15:00:00,New Asgard,Vibranium (kg),2415.79,6.06,False
2012-07-17T15:00:00,New Asgard,Arc Reactor Cores,694.31,7.27,False
2012-07-17T15:00:00,New Asgard,Pym Particles,707.91,6.67,False
2012-07-17T15:00:00,New Asgard,Clean Water (L),2389.9,7.27,False
2012-07-17T15:00:00,New Asgard,Medical Kits,726.33,5.45,False
2012-07-17T15:00:00,Wakanda,Vibranium (kg),2414.27,6.06,False
2012-07-17T15:00:00,Wakanda,Arc Reactor Cores,692.55,7.27,False
2012-07-17T15:00:00,Wakanda,Pym Particles,706.02,6.67,False
2012-07-17T15:00:00,Wakanda,Clean Water (L),2392.41,7.27,False
2012-07-17T15:00:00,Wakanda,Medical Kits,728.08,5.45,False
2012-07-17T15:00:00,Sokovia,Vibranium (kg),2413.68,6.06,False
2012-07-17T15:00:00,Sokovia,Arc Reactor Cores,694.57,7.27,False
2012-07-17T15:00:00,Sokovia,Pym Particles,701.89,6.67,False
2012-07-17T15:00:00,Sokovia,Clean Water (L),2393.3,7.27,False
2012-07-17T15:00:00,Sokovia,Medical Kits,727.21,5.45,False
2012-07-17T15:00:00,Sanctum Sanctorum,Vibranium (kg),2409.24,6.06,False
2012-07-17T15:00:00,Sanctum Sanctorum,Arc Reactor Cores,693.06,7.27,False
2012-07-17T15:00:00,Sanctum Sanctorum,Pym Particles,711.1,6.67,False
2012-07-17T15:00:00,Sanctum Sanctorum,Clean Water (L),2394.6,7.27,False
2012-07-17T15:00:00,Sanctum Sanctorum,Medical Kits,726.73,5.45,False
2012-07-17T15:00:00,Avengers Compound,Vibranium (kg),2418.01,6.06,False
2012-07-17T15:00:00,Avengers Compound,Arc Reactor Cores,697.87,7.27,False
2012-07-17T15:00:00,Avengers Compound,Pym Particles,704.15,6.67,False
2012-07-17T15:00:00,Avengers Compound,Clean Water (L),2396.44,7.27,False
2012-07-17T15:00:00,Avengers Compound,Medical Kits,724.85,5.45,False
2012-07-17T16:00:00,New Asgard,Vibranium (kg),2415.72,5.75,False
2012-07-17T16:00:00,New Asgard,Arc Reactor Cores,694.29,6.9,False
2012-07-17T16:00:00,New Asgard,Pym Particles,707.9,6.32,False
2012-07-17T16:00:00,New Asgard,Clean Water (L),2389.31,6.9,False
2012-07-17T16:00:00,New Asgard,Medical Kits,725.73,5.17,False
2012-07-17T16:00:00,Wakanda,Vibranium (kg),2414.48,5.75,False
2012-07-17T16:00:00,Wakanda,Arc Reactor Cores,692.26,6.9,False
2012-07-17T16:00:00,Wakanda,Pym Particles,704.14,6.32,False
2012-07-17T16:00:00,Wakanda,Clean Water (L),2392.19,6.9,False
2012-07-17T16:00:00,Wakanda,Medical Kits,726.57,5.17,False
2012-07-17T16:00:00,Sokovia,Vibranium (kg),2414.57,5.75,False
2012-07-17T16:00:00,Sokovia,Arc Reactor Cores,693.67,6.9,False
2012-07-17T16:00:00,Sokovia,Pym Particles,700.43,6.32,False
2012-07-17T16:00:00,Sokovia,Clean Water (L),2393.83,6.9,False
2012-07-17T16:00:00,Sokovia,Medical Kits,726.82,5.17,False
2012-07-17T16:00:00,Sanctum Sanctorum,Vibranium (kg),2409.38,5.75,False
2012-07-17T16:00:00,Sanctum Sanctorum,Arc Reactor Cores,692.44,6.9,False
2012-07-17T16:00:00,Sanctum Sanctorum,Pym Particles,710.47,6.32,False
2012-07-17T16:00:00,Sanctum Sanctorum,Clean Water (L),2392.45,6.9,False
2012-07-17T16:00:00,Sanctum Sanctorum,Medical Kits,726.36,5.17,False
2012-07-17T16:00:00,Avengers Compound,Vibranium (kg),2417.4,5.75,False
2012-07-17T16:00:00,Avengers Compound,Arc Reactor Cores,697.02,6.9,False
2012-07-17T16:00:00,Avengers Compound,Pym Particles,703.46,6.32,False
2012-07-17T16:00:00,Avengers Compound,Clean Water (L),2395.68,6.9,False
2012-07-17T16:00:00,Avengers Compound,Medical Kits,725.0,5.17,False
2012-07-17T17:00:00,New Asgard,Vibranium (kg),2415.24,5.39,False
2012-07-17T17:00:00,New Asgard,Arc Reactor Cores,694.24,6.47,False
2012-07-17T17:00:00,New Asgard,Pym Particles,707.9,5.93,False
2012-07-17T17:00:00,New Asgard,Clean Water (L),2389.5,6.47,False
2012-07-17T17:00:00,New Asgard,Medical Kits,726.51,4.85,False
2012-07-17T17:00:00,Wakanda,Vibranium (kg),2415.59,5.39,False
2012-07-17T17:00:00,Wakanda,Arc Reactor Cores,692.31,6.47,False
2012-07-17T17:00:00,Wakanda,Pym Particles,703.18,5.93,False
2012-07-17T17:00:00,Wakanda,Clean Water (L),2392.77,6.47,False
2012-07-17T17:00:00,Wakanda,Medical Kits,726.1,4.85,False
2012-07-17T17:00:00,Sokovia,Vibranium (kg),2415.3,5.39,False
2012-07-17T17:00:00,Sokovia,Arc Reactor Cores,692.95,6.47,False
2012-07-17T17:00:00,Sokovia,Pym Particles,700.36,5.93,False
2012-07-17T17:00:00,Sokovia,Clean Water (L),2394.09,6.47,False
2012-07-17T17:00:00,Sokovia,Medical Kits,725.37,4.85,False
2012-07-17T17:00:00,Sanctum Sanctorum,Vibranium (kg),2409.63,5.39,False
2012-07-17T17:00:00,Sanctum Sanctorum,Arc Reactor Cores,692.75,6.47,False
2012-07-17T17:00:00,Sanctum Sanctorum,Pym Particles,709.61,5.93,False
2012-07-17T17:00:00,Sanctum Sanctorum,Clean Water (L),2392.25,6.47,False
2012-07-17T17:00:00,Sanctum Sanctorum,Medical Kits,725.7,4.85,False
2012-07-17T17:00:00,Avengers Compound,Vibranium (kg),2417.67,5.39,False
2012-07-17T17:00:00,Avengers Compound,Arc Reactor Cores,697.13,6.47,False
2012-07-17T17:00:00,Avengers Compound,Pym Particles,704.26,5.93,False
2012-07-17T17:00:00,Avengers Compound,Clean Water (L),2394.44,6.47,False
2012-07-17T17:00:00,Avengers Compound,Medical Kits,724.01,4.85,False
2012-07-17T18:00:00,New Asgard,Vibranium (kg),2414.65,5.0,False
2012-07-17T18:00:00,New Asgard,Arc Reactor Cores,695.08,6.0,False
2012-07-17T18:00:00,New Asgard,Pym Particles,708.63,5.5,False
2012-07-17T18:00:00,New Asgard,Clean Water (L),2390.86,6.0,False
2012-07-17T18:00:00,New Asgard,Medical Kits,726.19,4.5,False
2012-07-17T18:00:00,Wakanda,Vibranium (kg),2415.71,5.0,False
2012-07-17T18:00:00,Wakanda,Arc Reactor Cores,692.97,6.0,False
2012-07-17T18:00:00,Wakanda,Pym Particles,704.16,5.5,False
2012-07-17T18:00:00,Wakanda,Clean Water (L),2392.24,6.0,False
2012-07-17T18:00:00,Wakanda,Medical Kits,726.21,4.5,False
2012-07-17T18:00:00,Sokovia,Vibranium (kg),2414.72,5.0,False
2012-07-17T18:00:00,Sokovia,Arc Reactor Cores,694.21,6.0,False
2012-07-17T18:00:00,Sokovia,Pym Particles,700.87,5.5,False
2012-07-17T18:00:00,Sokovia,Clean Water (L),2395.21,6.0,False
2012-07-17T18:00:00,Sokovia,Medical Kits,726.92,4.5,False
2012-07-17T18:00:00,Sanctum Sanctorum,Vibranium (kg),2410.11,5.0,False
2012-07-17T18:00:00,Sanctum Sanctorum,Arc Reactor Cores,692.23,6.0,False
2012-07-17T18:00:00,Sanctum Sanctorum,Pym Particles,708.5,5.5,False
2012-07-17T18:00:00,Sanctum Sanctorum,Clean Water (L),2392.86,6.0,False
2012-07-17T18:00:00,Sanctum Sanctorum,Medical Kits,725.4,4.5,False
2012-07-17T18:00:00,Avengers Compound,Vibranium (kg),2419.06,5.0,False
2012-07-17T18:00:00,Avengers Compound,Arc Reactor Cores,696.79,6.0,False
2012-07-17T18:00:00,Avengers Compound,Pym Particles,705.09,5.5,False
2012-07-17T18:00:00,Avengers Compound,Clean Water (L),2393.18,6.0,False
2012-07-17T18:00:00,Avengers Compound,Medical Kits,724.03,4.5,False
2012-07-17T19:00:00,New Asgard,Vibranium (kg),2416.11,4.61,False
2012-07-17T19:00:00,New Asgard,Arc Reactor Cores,694.16,5.53,False
2012-07-17T19:00:00,New Asgard,Pym Particles,708.38,5.07,False
2012-07-17T19:00:00,New Asgard,Clean Water (L),2390.81,5.53,False
2012-07-17T19:00:00,New Asgard,Medical Kits,727.66,4.15,False
2012-07-17T19:00:00,Wakanda,Vibranium (kg),2417.27,4.61,False
2012-07-17T19:00:00,Wakanda,Arc Reactor Cores,693.84,5.53,False
2012-07-17T19:00:00,Wakanda,Pym Particles,705.44,5.07,False
2012-07-17T19:00:00,Wakanda,Clean Water (L),2393.98,5.53,False
2012-07-17T19:00:00,Wakanda,Medical Kits,727.18,4.15,False
2012-07-17T19:00:00,Sokovia,Vibranium (kg),2415.81,4.61,False
2012-07-17T19:00:00,Sokovia,Arc Reactor Cores,694.46,5.53,False
2012-07-17T19:00:00,Sokovia,Pym Particles,701.07,5.07,False
2012-07-17T19:00:00,Sokovia,Clean Water (L),2396.24,5.53,False
2012-07-17T19:00:00,Sokovia,Medical Kits,728.46,4.15,False
2012-07-17T19:00:00,Sanctum Sanctorum,Vibranium (kg),2410.93,4.61,False
2012-07-17T19:00:00,Sanctum Sanctorum,Arc Reactor Cores,693.35,5.53,False
2012-07-17T19:00:00,Sanctum Sanctorum,Pym Particles,708.84,5.07,False
2012-07-17T19:00:00,Sanctum Sanctorum,Clean Water (L),2393.18,5.53,False
2012-07-17T19:00:00,Sanctum Sanctorum,Medical Kits,725.89,4.15,False
2012-07-17T19:00:00,Avengers Compound,Vibranium (kg),2418.74,4.61,False
2012-07-17T19:00:00,Avengers Compound,Arc Reactor Cores,698.24,5.53,False
2012-07-17T19:00:00,Avengers Compound,Pym Particles,706.14,5.07,False
2012-07-17T19:00:00,Avengers Compound,Clean Water (L),2394.58,5.53,False
2012-07-17T19:00:00,Avengers Compound,Medical Kits,724.41,4.15,False
2012-07-17T20:00:00,New Asgard,Vibranium (kg),2416.13,4.25,False
2012-07-17T20:00:00,New Asgard,Arc Reactor Cores,694.47,5.1,False
2012-07-17T20:00:00,New Asgard,Pym Particles,709.34,4.68,False
2012-07-17T20:00:00,New Asgard,Clean Water (L),2392.18,5.1,False
2012-07-17T20:00:00,New Asgard,Medical Kits,728.55,3.83,False
2012-07-17T20:00:00,Wakanda,Vibranium (kg),2418.15,4.25,False
2012-07-17T20:00:00,Wakanda,Arc Reactor Cores,694.88,5.1,False
2012-07-17T20:00:00,Wakanda,Pym Particles,705.82,4.68,False
2012-07-17T20:00:00,Wakanda,Clean Water (L),2396.46,5.1,False
2012-07-17T20:00:00,Wakanda,Medical Kits,728.51,3.83,False
2012-07-17T20:00:00,Sokovia,Vibranium (kg),2418.37,4.25,False
2012-07-17T20:00:00,Sokovia,Arc Reactor Cores,696.21,5.1,False
2012-07-17T20:00:00,Sokovia,Pym Particles,703.66,4.68,False
2012-07-17T20:00:00,Sokovia,Clean Water (L),2396.82,5.1,False
2012-07-17T20:00:00,Sokovia,Medical Kits,728.2,3.83,False
2012-07-17T20:00:00,Sanctum Sanctorum,Vibranium (kg),2413.21,4.25,False
2012-07-17T20:00:00,Sanctum Sanctorum,Arc Reactor Cores,695.19,5.1,False
2012-07-17T20:00:00,Sanctum Sanctorum,Pym Particles,710.29,4.68,False
2012-07-17T20:00:00,Sanctum Sanctorum,Clean Water (L),2394.91,5.1,False
2012-07-17T20:00:00,Sanctum Sanctorum,Medical Kits,727.77,3.83,False
2012-07-17T20:00:00,Avengers Compound,Vibranium (kg),2418.57,4.25,False
2012-07-17T20:00:00,Avengers Compound,Arc Reactor Cores,699.55,5.1,False
2012-07-17T20:00:00,Avengers Compound,Pym Particles,706.52,4.68,False
2012-07-17T20:00:00,Avengers Compound,Clean Water (L),2395.78,5.1,False
2012-07-17T20:00:00,Avengers Compound,Medical Kits,724.81,3.83,False
2012-07-17T21:00:00,New Asgard,Vibranium (kg),2416.68,3.94,False
2012-07-17T21:00:00,New Asgard,Arc Reactor Cores,696.5,4.73,False
2012-07-17T21:00:00,New Asgard,Pym Particles,711.58,4.33,False
2012-07-17T21:00:00,New Asgard,Clean Water (L),2394.48,4.73,False
2012-07-17T21:00:00,New Asgard,Medical Kits,729.53,3.55,False
2012-07-17T21:00:00,Wakanda,Vibranium (kg),2419.34,3.94,False
2012-07-17T21:00:00,Wakanda,Arc Reactor Cores,695.78,4.73,False
2012-07-17T21:00:00,Wakanda,Pym Particles,706.72,4.33,False
2012-07-17T21:00:00,Wakanda,Clean Water (L),2397.74,4.73,False
2012-07-17T21:00:00,Wakanda,Medical Kits,729.53,3.55,False
2012-07-17T21:00:00,Sokovia,Vibranium (kg),2419.83,3.94,False
2012-07-17T21:00:00,Sokovia,Arc Reactor Cores,697.5,4.73,False
2012-07-17T21:00:00,Sokovia,Pym Particles,705.1,4.33,False
2012-07-17T21:00:00,Sokovia,Clean Water (L),2397.75,4.73,False
2012-07-17T21:00:00,Sokovia,Medical Kits,728.98,3.55,False
2012-07-17T21:00:00,Sanctum Sanctorum,Vibranium (kg),2414.36,3.94,False
2012-07-17T21:00:00,Sanctum Sanctorum,Arc Reactor Cores,697.18,4.73,False
2012-07-17T21:00:00,Sanctum Sanctorum,Pym Particles,712.0,4.33,False
2012-07-17T21:00:00,Sanctum Sanctorum,Clean Water (L),2397.66,4.73,False
2012-07-17T21:00:00,Sanctum Sanctorum,Medical Kits,729.06,3.55,False
2012-07-17T21:00:00,Avengers Compound,Vibranium (kg),2418.73,3.94,False
2012-07-17T21:00:00,Avengers Compound,Arc Reactor Cores,699.45,4.73,False
2012-07-17T21:00:00,Avengers Compound,Pym Particles,707.54,4.33,False
2012-07-17T21:00:00,Avengers Compound,Clean Water (L),2396.77,4.73,False
2012-07-17T21:00:00,Avengers Compound,Medical Kits,724.42,3.55,False
2012-07-17T22:00:00,New Asgard,Vibranium (kg),2418.84,3.7,False
2012-07-17T22:00:00,New Asgard,Arc Reactor Cores,698.7,4.44,False
2012-07-17T22:00:00,New Asgard,Pym Particles,714.22,4.07,False
2012-07-17T22:00:00,New Asgard,Clean Water (L),2395.11,4.44,False
2012-07-17T22:00:00,New Asgard,Medical Kits,730.05,3.33,False
2012-07-17T22:00:00,Wakanda,Vibranium (kg),2421.22,3.7,False
2012-07-17T22:00:00,Wakanda,Arc Reactor Cores,698.51,4.44,False
2012-07-17T22:00:00,Wakanda,Pym Particles,709.08,4.07,False
2012-07-17T22:00:00,Wakanda,Clean Water (L),2400.33,4.44,False
2012-07-17T22:00:00,Wakanda,Medical Kits,730.64,3.33,False
2012-07-17T22:00:00,Sokovia,Vibranium (kg),2421.25,3.7,False
2012-07-17T22:00:00,Sokovia,Arc Reactor Cores,700.62,4.44,False
2012-07-17T22:00:00,Sokovia,Pym Particles,706.72,4.07,False
2012-07-17T22:00:00,Sokovia,Clean Water (L),2399.31,4.44,False
2012-07-17T22:00:00,Sokovia,Medical Kits,729.52,3.33,False
2012-07-17T22:00:00,Sanctum Sanctorum,Vibranium (kg),2415.87,3.7,False
2012-07-17T22:00:00,Sanctum Sanctorum,Arc Reactor Cores,699.36,4.44,False
2012-07-17T22:00:00,Sanctum Sanctorum,Pym Particles,714.51,4.07,False
2012-07-17T22:00:00,Sanctum Sanctorum,Clean Water (L),2398.45,4.44,False
2012-07-17T22:00:00,Sanctum Sanctorum,Medical Kits,730.78,3.33,False
2012-07-17T22:00:00,Avengers Compound,Vibranium (kg),2420.21,3.7,False
2012-07-17T22:00:00,Avengers Compound,Arc Reactor Cores,702.09,4.44,False
2012-07-17T22:00:00,Avengers Compound,Pym Particles,709.46,4.07,False
2012-07-17T22:00:00,Avengers Compound,Clean Water (L),2399.73,4.44,False
2012-07-17T22:00:00,Avengers Compound,Medical Kits,726.82,3.33,False
2012-07-17T23:00:00,New Asgard,Vibranium (kg),2418.83,3.55,False
2012-07-17T23:00:00,New Asgard,Arc Reactor Cores,698.67,4.26,False
2012-07-17T23:00:00,New Asgard,Pym Particles,716.34,3.91,False
2012-07-17T23:00:00,New Asgard,Clean Water (L),2396.3,4.26,False
2012-07-17T23:00:00,New Asgard,Medical Kits,730.75,3.2,False
2012-07-17T23:00:00,Wakanda,Vibranium (kg),2422.66,3.55,False
2012-07-17T23:00:00,Wakanda,Arc Reactor Cores,699.73,4.26,False
2012-07-17T23:00:00,Wakanda,Pym Particles,711.7,3.91,False
2012-07-17T23:00:00,Wakanda,Clean Water (L),2400.59,4.26,False
2012-07-17T23:00:00,Wakanda,Medical Kits,731.14,3.2,False
2012-07-17T23:00:00,Sokovia,Vibranium (kg),2423.27,3.55,False
2012-07-17T23:00:00,Sokovia,Arc Reactor Cores,701.44,4.26,False
2012-07-17T23:00:00,Sokovia,Pym Particles,707.88,3.91,False
2012-07-17T23:00:00,Sokovia,Clean Water (L),2401.63,4.26,False
2012-07-17T23:00:00,Sokovia,Medical Kits,732.4,3.2,False
2012-07-17T23:00:00,Sanctum Sanctorum,Vibranium (kg),2417.39,3.55,False
2012-07-17T23:00:00,Sanctum Sanctorum,Arc Reactor Cores,700.14,4.26,False
2012-07-17T23:00:00,Sanctum Sanctorum,Pym Particles,715.71,3.91,False
2012-07-17T23:00:00,Sanctum Sanctorum,Clean Water (L),2400.2,4.26,False
2012-07-17T23:00:00,Sanctum Sanctorum,Medical Kits,731.8,3.2,False
2012-07-17T23:00:00,Avengers Compound,Vibranium (kg),2421.7,3.55,False
2012-07-17T23:00:00,Avengers Compound,Arc Reactor Cores,703.85,4.26,False
2012-07-17T23:00:00,Avengers Compound,Pym Particles,711.89,3.91,False
2012-07-17T23:00:00,Avengers Compound,Clean Water (L),2403.06,4.26,False
2012-07-17T23:00:00,Avengers Compound,Medical Kits,729.42,3.2,False
2012-07-18T00:00:00,New Asgard,Vibranium (kg),2419.68,3.5,False
2012-07-18T00:00:00,New Asgard,Arc Reactor Cores,700.62,4.2,False
2012-07-18T00:00:00,New Asgard,Pym Particles,719.13,3.85,False
2012-07-18T00:00:00,New Asgard,Clean Water (L),2397.34,4.2,False
2012-07-18T00:00:00,New Asgard,Medical Kits,732.37,3.15,False
2012-07-18T00:00:00,Wakanda,Vibranium (kg),2422.76,3.5,False
2012-07-18T00:00:00,Wakanda,Arc Reactor Cores,701.2,4.2,False
2012-07-18T00:00:00,Wakanda,Pym Particles,713.29,3.85,False
2012-07-18T00:00:00,Wakanda,Clean Water (L),2402.38,4.2,False
2012-07-18T00:00:00,Wakanda,Medical Kits,732.75,3.15,False
2012-07-18T00:00:00,Sokovia,Vibranium (kg),2425.07,3.5,False
2012-07-18T00:00:00,Sokovia,Arc Reactor Cores,702.43,4.2,False
2012-07-18T00:00:00,Sokovia,Pym Particles,710.75,3.85,False
2012-07-18T00:00:00,Sokovia,Clean Water (L),2404.46,4.2,False
2012-07-18T00:00:00,Sokovia,Medical Kits,732.09,3.15,False
2012-07-18T00:00:00,Sanctum Sanctorum,Vibranium (kg),2417.85,3.5,False
2012-07-18T00:00:00,Sanctum Sanctorum,Arc Reactor Cores,703.58,4.2,False
2012-07-18T00:00:00,Sanctum Sanctorum,Pym Particles,716.89,3.85,False
2012-07-18T00:00:00,Sanctum Sanctorum,Clean Water (L),2401.97,4.2,False
2012-07-18T00:00:00,Sanctum Sanctorum,Medical Kits,732.12,3.15,False
2012-07-18T00:00:00,Avengers Compound,Vibranium (kg),2423.06,3.5,False
2012-07-18T00:00:00,Avengers Compound,Arc Reactor Cores,705.04,4.2,False
2012-07-18T00:00:00,Avengers Compound,Pym Particles,712.58,3.85,False
2012-07-18T00:00:00,Avengers Compound,Clean Water (L),2404.04,4.2,False
2012-07-18T00:00:00,Avengers Compound,Medical Kits,730.24,3.15,False
2012-07-18T01:00:00,New Asgard,Vibranium (kg),2421.56,3.55,False
2012-07-18T01:00:00,New Asgard,Arc Reactor Cores,703.18,4.26,False
2012-07-18T01:00:00,New Asgard,Pym Particles,718.92,3.91,False
2012-07-18T01:00:00,New Asgard,Clean Water (L),2399.85,4.26,False
2012-07-18T01:00:00,New Asgard,Medical Kits,734.21,3.2,False
2012-07-18T01:00:00,Wakanda,Vibranium (kg),2423.08,3.55,False
2012-07-18T01:00:00,Wakanda,Arc Reactor Cores,701.92,4.26,False
2012-07-18T01:00:00,Wakanda,Pym Particles,713.58,3.91,False
2012-07-18T01:00:00,Wakanda,Clean Water (L),2404.3,4.26,False
2012-07-18T01:00:00,Wakanda,Medical Kits,732.62,3.2,False
2012-07-18T01:00:00,Sokovia,Vibranium (kg),2427.85,3.55,False
2012-07-18T01:00:00,Sokovia,Arc Reactor Cores,704.91,4.26,False
2012-07-18T01:00:00,Sokovia,Pym Particles,711.81,3.91,False
2012-07-18T01:00:00,Sokovia,Clean Water (L),2406.88,4.26,False
2012-07-18T01:00:00,Sokovia,Medical Kits,733.31,3.2,False
2012-07-18T01:00:00,Sanctum Sanctorum,Vibranium (kg),2420.05,3.55,False
2012-07-18T01:00:00,Sanctum Sanctorum,Arc Reactor Cores,706.27,4.26,False
2012-07-18T01:00:00,Sanctum Sanctorum,Pym Particles,717.18,3.91,False
2012-07-18T01:00:00,Sanctum Sanctorum,Clean Water (L),2403.45,4.26,False
2012-07-18T01:00:00,Sanctum Sanctorum,Medical Kits,733.54,3.2,False
2012-07-18T01:00:00,Avengers Compound,Vibranium (kg),2424.85,3.55,False
2012-07-18T01:00:00,Avengers Compound,Arc Reactor Cores,707.02,4.26,False
2012-07-18T01:00:00,Avengers Compound,Pym Particles,713.95,3.91,False
2012-07-18T01:00:00,Avengers Compound,Clean Water (L),2405.19,4.26,False
2012-07-18T01:00:00,Avengers Compound,Medical Kits,732.44,3.2,False
2012-07-18T02:00:00,New Asgard,Vibranium (kg),2421.49,3.7,False
2012-07-18T02:00:00,New Asgard,Arc Reactor Cores,704.4,4.44,False
2012-07-18T02:00:00,New Asgard,Pym Particles,719.91,4.07,False
2012-07-18T02:00:00,New Asgard,Clean Water (L),2401.09,4.44,False
2012-07-18T02:00:00,New Asgard,Medical Kits,735.12,3.33,False
2012-07-18T02:00:00,Wakanda,Vibranium (kg),2423.31,3.7,False
2012-07-18T02:00:00,Wakanda,Arc Reactor Cores,704.2,4.44,False
2012-07-18T02:00:00,Wakanda,Pym Particles,716.15,4.07,False
2012-07-18T02:00:00,Wakanda,Clean Water (L),2405.51,4.44,False
2012-07-18T02:00:00,Wakanda,Medical Kits,733.07,3.33,False
2012-07-18T02:00:00,Sokovia,Vibranium (kg),2427.95,3.7,False
2012-07-18T02:00:00,Sokovia,Arc Reactor Cores,706.48,4.44,False
2012-07-18T02:00:00,Sokovia,Pym Particles,714.06,4.07,False
2012-07-18T02:00:00,Sokovia,Clean Water (L),2408.7,4.44,False
2012-07-18T02:00:00,Sokovia,Medical Kits,733.8,3.33,False
2012-07-18T02:00:00,Sanctum Sanctorum,Vibranium (kg),2421.45,3.7,False
2012-07-18T02:00:00,Sanctum Sanctorum,Arc Reactor Cores,708.83,4.44,False
2012-07-18T02:00:00,Sanctum Sanctorum,Pym Particles,718.35,4.07,False
2012-07-18T02:00:00,Sanctum Sanctorum,Clean Water (L),2405.24,4.44,False
2012-07-18T02:00:00,Sanctum Sanctorum,Medical Kits,733.87,3.33,False
2012-07-18T02:00:00,Avengers Compound,Vibranium (kg),2425.09,3.7,False
2012-07-18T02:00:00,Avengers Compound,Arc Reactor Cores,706.97,4.44,False
2012-07-18T02:00:00,Avengers Compound,Pym Particles,714.69,4.07,False
2012-07-18T02:00:00,Avengers Compound,Clean Water (L),2407.62,4.44,False
2012-07-18T02:00:00,Avengers Compound,Medical Kits,733.3,3.33,False
2012-07-18T03:00:00,New Asgard,Vibranium (kg),2422.96,3.94,False
2012-07-18T03:00:00,New Asgard,Arc Reactor Cores,703.85,4.73,False
2012-07-18T03:00:00,New Asgard,Pym Particles,720.68,4.33,False
2012-07-18T03:00:00,New Asgard,Clean Water (L),2403.28,4.73,False
2012-07-18T03:00:00,New Asgard,Medical Kits,736.53,3.55,False
2012-07-18T03:00:00,Wakanda,Vibranium (kg),2425.7,3.94,False
2012-07-18T03:00:00,Wakanda,Arc Reactor Cores,705.4,4.73,False
2012-07-18T03:00:00,Wakanda,Pym Particles,717.01,4.33,False
2012-07-18T03:00:00,Wakanda,Clean Water (L),2406.82,4.73,False
2012-07-18T03:00:00,Wakanda,Medical Kits,733.49,3.55,False
2012-07-18T03:00:00,Sokovia,Vibranium (kg),2428.29,3.94,False
2012-07-18T03:00:00,Sokovia,Arc Reactor Cores,708.28,4.73,False
2012-07-18T03:00:00,Sokovia,Pym Particles,713.32,4.33,False
2012-07-18T03:00:00,Sokovia,Clean Water (L),2410.78,4.73,False
2012-07-18T03:00:00,Sokovia,Medical Kits,734.47,3.55,False
2012-07-18T03:00:00,Sanctum Sanctorum,Vibranium (kg),2422.31,3.94,False
2012-07-18T03:00:00,Sanctum Sanctorum,Arc Reactor Cores,709.7,4.73,False
2012-07-18T03:00:00,Sanctum Sanctorum,Pym Particles,719.44,4.33,False
2012-07-18T03:00:00,Sanctum Sanctorum,Clean Water (L),2405.0,4.73,False
2012-07-18T03:00:00,Sanctum Sanctorum,Medical Kits,735.2,3.55,False
2012-07-18T03:00:00,Avengers Compound,Vibranium (kg),2426.53,3.94,False
2012-07-18T03:00:00,Avengers Compound,Arc Reactor Cores,707.96,4.73,False
2012-07-18T03:00:00,Avengers Compound,Pym Particles,714.34,4.33,False
2012-07-18T03:00:00,Avengers Compound,Clean Water (L),2408.27,4.73,False
2012-07-18T03:00:00,Avengers Compound,Medical Kits,734.66,3.55,False
2012-07-18T04:00:00,New Asgard,Vibranium (kg),2422.46,4.25,False
2012-07-18T04:00:00,New Asgard,Arc Reactor Cores,703.62,5.1,False
2012-07-18T04:00:00,New Asgard,Pym Particles,722.51,4.68,False
2012-07-18T04:00:00,New Asgard,Clean Water (L),2403.31,5.1,False
2012-07-18T04:00:00,New Asgard,Medical Kits,736.35,3.83,False
2012-07-18T04:00:00,Wakanda,Vibranium (kg),2426.56,4.25,False
2012-07-18T04:00:00,Wakanda,Arc Reactor Cores,706.81,5.1,False
2012-07-18T04:00:00,Wakanda,Pym Particles,717.19,4.68,False
2012-07-18T04:00:00,Wakanda,Clean Water (L),2407.26,5.1,False
2012-07-18T04:00:00,Wakanda,Medical Kits,733.46,3.83,False
2012-07-18T04:00:00,Sokovia,Vibranium (kg),2427.31,4.25,False
2012-07-18T04:00:00,Sokovia,Arc Reactor Cores,707.71,5.1,False
2012-07-18T04:00:00,Sokovia,Pym Particles,714.7,4.68,False
2012-07-18T04:00:00,Sokovia,Clean Water (L),2411.25,5.1,False
2012-07-18T04:00:00,Sokovia,Medical Kits,736.0,3.83,False
2012-07-18T04:00:00,Sanctum Sanctorum,Vibranium (kg),2422.4,4.25,False
2012-07-18T04:00:00,Sanctum Sanctorum,Arc Reactor Cores,710.9,5.1,False
2012-07-18T04:00:00,Sanctum Sanctorum,Pym Particles,720.14,4.68,False
2012-07-18T04:00:00,Sanctum Sanctorum,Clean Water (L),2404.83,5.1,False
2012-07-18T04:00:00,Sanctum Sanctorum,Medical Kits,733.85,3.83,False
2012-07-18T04:00:00,Avengers Compound,Vibranium (kg),2426.98,4.25,False
2012-07-18T04:00:00,Avengers Compound,Arc Reactor Cores,709.66,5.1,False
2012-07-18T04:00:00,Avengers Compound,Pym Particles,713.8,4.68,False
2012-07-18T04:00:00,Avengers Compound,Clean Water (L),2408.71,5.1,False
2012-07-18T04:00:00,Avengers Compound,Medical Kits,735.7,3.83,False
2012-07-18T05:00:00,New Asgard,Vibranium (kg),2423.23,4.61,False
2012-07-18T05:00:00,New Asgard,Arc Reactor Cores,704.27,5.53,False
2012-07-18T05:00:00,New Asgard,Pym Particles,722.79,5.07,False
2012-07-18T05:00:00,New Asgard,Clean Water (L),2403.33,5.53,False
2012-07-18T05:00:00,New Asgard,Medical Kits,735.06,4.15,False
2012-07-18T05:00:00,Wakanda,Vibranium (kg),2426.64,4.61,False
2012-07-18T05:00:00,Wakanda,Arc Reactor Cores,708.86,5.53,False
2012-07-18T05:00:00,Wakanda,Pym Particles,716.62,5.07,False
2012-07-18T05:00:00,Wakanda,Clean Water (L),2408.72,5.53,False
2012-07-18T05:00:00,Wakanda,Medical Kits,732.91,4.15,False
2012-07-18T05:00:00,Sokovia,Vibranium (kg),2427.29,4.61,False
2012-07-18T05:00:00,Sokovia,Arc Reactor Cores,708.17,5.53,False
2012-07-18T05:00:00,Sokovia,Pym Particles,713.47,5.07,False
2012-07-18T05:00:00,Sokovia,Clean Water (L),2410.63,5.53,False
2012-07-18T05:00:00,Sokovia,Medical Kits,735.84,4.15,False
2012-07-18T05:00:00,Sanctum Sanctorum,Vibranium (kg),2422.13,4.61,False
2012-07-18T05:00:00,Sanctum Sanctorum,Arc Reactor Cores,709.85,5.53,False
2012-07-18T05:00:00,Sanctum Sanctorum,Pym Particles,720.58,5.07,False
2012-07-18T05:00:00,Sanctum Sanctorum,Clean Water (L),2403.32,5.53,False
2012-07-18T05:00:00,Sanctum Sanctorum,Medical Kits,733.39,4.15,False
2012-07-18T05:00:00,Avengers Compound,Vibranium (kg),2426.19,4.61,False
2012-07-18T05:00:00,Avengers Compound,Arc Reactor Cores,709.96,5.53,False
2012-07-18T05:00:00,Avengers Compound,Pym Particles,713.36,5.07,False
2012-07-18T05:00:00,Avengers Compound,Clean Water (L),2408.59,5.53,False
2012-07-18T05:00:00,Avengers Compound,Medical Kits,735.81,4.15,False
2012-07-18T06:00:00,New Asgard,Vibranium (kg),2423.8,5.0,False
2012-07-18T06:00:00,New Asgard,Arc Reactor Cores,703.82,6.0,False
2012-07-18T06:00:00,New Asgard,Pym Particles,723.38,5.5,False
2012-07-18T06:00:00,New Asgard,Clean Water (L),2402.75,6.0,False
2012-07-18T06:00:00,New Asgard,Medical Kits,735.98,4.5,False
2012-07-18T06:00:00,Wakanda,Vibranium (kg),2427.05,5.0,False
2012-07-18T06:00:00,Wakanda,Arc Reactor Cores,708.57,6.0,False
2012-07-18T06:00:00,Wakanda,Pym Particles,716.12,5.5,False
2012-07-18T06:00:00,Wakanda,Clean Water (L),2406.5,6.0,False
2012-07-18T06:00:00,Wakanda,Medical Kits,733.97,4.5,False
2012-07-18T06:00:00,Sokovia,Vibranium (kg),2425.62,5.0,False
2012-07-18T06:00:00,Sokovia,Arc Reactor Cores,708.23,6.0,False
2012-07-18T06:00:00,Sokovia,Pym Particles,712.89,5.5,False
2012-07-18T06:00:00,Sokovia,Clean Water (L),2409.23,6.0,False
2012-07-18T06:00:00,Sokovia,Medical Kits,735.96,4.5,False
2012-07-18T06:00:00,Sanctum Sanctorum,Vibranium (kg),2421.13,5.0,False
2012-07-18T06:00:00,Sanctum Sanctorum,Arc Reactor Cores,709.37,6.0,False
2012-07-18T06:00:00,Sanctum Sanctorum,Pym Particles,720.06,5.5,False
2012-07-18T06:00:00,Sanctum Sanctorum,Clean Water (L),2402.37,6.0,False
2012-07-18T06:00:00,Sanctum Sanctorum,Medical Kits,733.21,4.5,False
2012-07-18T06:00:00,Avengers Compound,Vibranium (kg),2424.32,5.0,False
2012-07-18T06:00:00,Avengers Compound,Arc Reactor Cores,708.29,6.0,False
2012-07-18T06:00:00,Avengers Compound,Pym Particles,711.86,5.5,False
2012-07-18T06:00:00,Avengers Compound,Clean Water (L),2407.96,6.0,False
2012-07-18T06:00:00,Avengers Compound,Medical Kits,735.97,4.5,False
2012-07-18T07:00:00,New Asgard,Vibranium (kg),2423.53,5.39,False
2012-07-18T07:00:00,New Asgard,Arc Reactor Cores,701.5,6.47,False
2012-07-18T07:00:00,New Asgard,Pym Particles,721.99,5.93,False
2012-07-18T07:00:00,New Asgard,Clean Water (L),2401.15,6.47,False
2012-07-18T07:00:00,New Asgard,Medical Kits,735.46,4.85,False
2012-07-18T07:00:00,Wakanda,Vibranium (kg),2426.08,5.39,False
2012-07-18T07:00:00,Wakanda,Arc Reactor Cores,707.07,6.47,False
2012-07-18T07:00:00,Wakanda,Pym Particles,714.34,5.93,False
2012-07-18T07:00:00,Wakanda,Clean Water (L),2405.56,6.47,False
2012-07-18T07:00:00,Wakanda,Medical Kits,733.48,4.85,False
2012-07-18T07:00:00,Sokovia,Vibranium (kg),2425.28,5.39,False
2012-07-18T07:00:00,Sokovia,Arc Reactor Cores,707.31,6.47,False
2012-07-18T07:00:00,Sokovia,Pym Particles,713.36,5.93,False
2012-07-18T07:00:00,Sokovia,Clean Water (L),2409.4,6.47,False
2012-07-18T07:00:00,Sokovia,Medical Kits,735.75,4.85,False
2012-07-18T07:00:00,Sanctum Sanctorum,Vibranium (kg),2420.41,5.39,False
2012-07-18T07:00:00,Sanctum Sanctorum,Arc Reactor Cores,709.66,6.47,False
2012-07-18T07:00:00,Sanctum Sanctorum,Pym Particles,718.55,5.93,False
2012-07-18T07:00:00,Sanctum Sanctorum,Clean Water (L),2401.62,6.47,False
2012-07-18T07:00:00,Sanctum Sanctorum,Medical Kits,733.18,4.85,False
2012-07-18T07:00:00,Avengers Compound,Vibranium (kg),2423.64,5.39,False
2012-07-18T07:00:00,Avengers Compound,Arc Reactor Cores,707.48,6.47,False
2012-07-18T07:00:00,Avengers Compound,Pym Particles,710.91,5.93,False
2012-07-18T07:00:00,Avengers Compound,Clean Water (L),2407.37,6.47,False
2012-07-18T07:00:00,Avengers Compound,Medical Kits,735.74,4.85,False
2012-07-18T08:00:00,New Asgard,Vibranium (kg),2422.44,5.75,False
2012-07-18T08:00:00,New Asgard,Arc Reactor Cores,702.31,6.9,False
2012-07-18T08:00:00,New Asgard,Pym Particles,720.83,6.32,False
2012-07-18T08:00:00,New Asgard,Clean Water (L),2398.96,6.9,False
2012-07-18T08:00:00,New Asgard,Medical Kits,736.15,5.17,False
2012-07-18T08:00:00,Wakanda,Vibranium (kg),2424.67,5.75,False
2012-07-18T08:00:00,Wakanda,Arc Reactor Cores,706.67,6.9,False
2012-07-18T08:00:00,Wakanda,Pym Particles,712.55,6.32,False
2012-07-18T08:00:00,Wakanda,Clean Water (L),2403.77,6.9,False
2012-07-18T08:00:00,Wakanda,Medical Kits,732.52,5.17,False
2012-07-18T08:00:00,Sokovia,Vibranium (kg),2424.93,5.75,False
2012-07-18T08:00:00,Sokovia,Arc Reactor Cores,707.21,6.9,False
2012-07-18T08:00:00,Sokovia,Pym Particles,712.59,6.32,False
2012-07-18T08:00:00,Sokovia,Clean Water (L),2407.02,6.9,False
2012-07-18T08:00:00,Sokovia,Medical Kits,735.39,5.17,False
2012-07-18T08:00:00,Sanctum Sanctorum,Vibranium (kg),2418.57,5.75,False
2012-07-18T08:00:00,Sanctum Sanctorum,Arc Reactor Cores,708.91,6.9,False
2012-07-18T08:00:00,Sanctum Sanctorum,Pym Particles,717.47,6.32,False
2012-07-18T08:00:00,Sanctum Sanctorum,Clean Water (L),2399.99,6.9,False
2012-07-18T08:00:00,Sanctum Sanctorum,Medical Kits,731.99,5.17,False
2012-07-18T08:00:00,Avengers Compound,Vibranium (kg),2421.9,5.75,False
2012-07-18T08:00:00,Avengers Compound,Arc Reactor Cores,707.83,6.9,False
2012-07-18T08:00:00,Avengers Compound,Pym Particles,709.38,6.32,False
2012-07-18T08:00:00,Avengers Compound,Clean Water (L),2405.0,6.9,False
2012-07-18T08:00:00,Avengers Compound,Medical Kits,735.11,5.17,False
