timestamp,sector_id,resource_type,stock_level,usage_rate_hourly,event_detected
2025-12-01T00:00:00,New Asgard,Vibranium (kg),2497.66,3.5,False
2025-12-01T00:00:00,New Asgard,Arc Reactor Cores,795.8,4.2,False
2025-12-01T00:00:00,New Asgard,Pym Particles,796.12,3.85,False
2025-12-01T00:00:00,New Asgard,Clean Water (L),2495.19,4.2,False
2025-12-01T00:00:00,New Asgard,Medical Kits,798.74,3.15,False
2025-12-01T00:00:00,Wakanda,Vibranium (kg),2498.35,3.5,False
2025-12-01T00:00:00,Wakanda,Arc Reactor Cores,795.52,4.2,False
2025-12-01T00:00:00,Wakanda,Pym Particles,798.45,3.85,False
2025-12-01T00:00:00,Wakanda,Clean Water (L),2496.5,4.2,False
2025-12-01T00:00:00,Wakanda,Medical Kits,798.84,3.15,False
2025-12-01T00:00:00,Sokovia,Vibranium (kg),2497.77,3.5,False
2025-12-01T00:00:00,Sokovia,Arc Reactor Cores,797.1,4.2,False
2025-12-01T00:00:00,Sokovia,Pym Particles,796.36,3.85,False
2025-12-01T00:00:00,Sokovia,Clean Water (L),2496.61,4.2,False
2025-12-01T00:00:00,Sokovia,Medical Kits,797.51,3.15,False
2025-12-01T00:00:00,Sanctum Sanctorum,Vibranium (kg),2497.73,3.5,False
2025-12-01T00:00:00,Sanctum Sanctorum,Arc Reactor Cores,796.37,4.2,False
2025-12-01T00:00:00,Sanctum Sanctorum,Pym Particles,796.76,3.85,False
2025-12-01T00:00:00,Sanctum Sanctorum,Clean Water (L),2497.77,4.2,False
2025-12-01T00:00:00,Sanctum Sanctorum,Medical Kits,797.38,3.15,False
2025-12-01T00:00:00,Avengers Compound,Vibranium (kg),2497.2,3.5,False
2025-12-01T00:00:00,Avengers Compound,Arc Reactor Cores,796.01,4.2,False
2025-12-01T00:00:00,Avengers Compound,Pym Particles,797.85,3.85,False
2025-12-01T00:00:00,Avengers Compound,Clean Water (L),2496.69,4.2,False
2025-12-01T00:00:00,Avengers Compound,Medical Kits,797.26,3.15,False
2025-12-01T01:00:00,New Asgard,Vibranium (kg),2495.0,3.55,False
2025-12-01T01:00:00,New Asgard,Arc Reactor Cores,792.07,4.26,False
2025-12-01T01:00:00,New Asgard,Pym Particles,793.67,3.91,False
2025-12-01T01:00:00,New Asgard,Clean Water (L),2492.52,4.26,False
2025-12-01T01:00:00,New Asgard,Medical Kits,796.66,3.2,False
2025-12-01T01:00:00,Wakanda,Vibranium (kg),2495.58,3.55,False
2025-12-01T01:00:00,Wakanda,Arc Reactor Cores,791.56,4.26,False
2025-12-01T01:00:00,Wakanda,Pym Particles,795.38,3.91,False
2025-12-01T01:00:00,Wakanda,Clean Water (L),2493.23,4.26,False
2025-12-01T01:00:00,Wakanda,Medical Kits,797.85,3.2,False
2025-12-01T01:00:00,Sokovia,Vibranium (kg),2494.47,3.55,False
2025-12-01T01:00:00,Sokovia,Arc Reactor Cores,795.35,4.26,False
2025-12-01T01:00:00,Sokovia,Pym Particles,794.81,3.91,False
2025-12-01T01:00:00,Sokovia,Clean Water (L),2493.32,4.26,False
2025-12-01T01:00:00,Sokovia,Medical Kits,795.63,3.2,False
2025-12-01T01:00:00,Sanctum Sanctorum,Vibranium (kg),2494.82,3.55,False
2025-12-01T01:00:00,Sanctum Sanctorum,Arc Reactor Cores,792.41,4.26,False
2025-12-01T01:00:00,Sanctum Sanctorum,Pym Particles,792.82,3.91,False
2025-12-01T01:00:00,Sanctum Sanctorum,Clean Water (L),2493.74,4.26,False
2025-12-01T01:00:00,Sanctum Sanctorum,Medical Kits,796.46,3.2,False
2025-12-01T01:00:00,Avengers Compound,Vibranium (kg),2494.63,3.55,False
2025-12-01T01:00:00,Avengers Compound,Arc Reactor Cores,791.18,4.26,False
2025-12-01T01:00:00,Avengers Compound,Pym Particles,796.05,3.91,False
2025-12-01T01:00:00,Avengers Compound,Clean Water (L),2493.3,4.26,False
2025-12-01T01:00:00,Avengers Compound,Medical Kits,796.78,3.2,False
2025-12-01T02:00:00,New Asgard,Vibranium (kg),2492.33,3.7,False
2025-12-01T02:00:00,New Asgard,Arc Reactor Cores,789.08,4.44,False
2025-12-01T02:00:00,New Asgard,Pym Particles,791.32,4.07,False
2025-12-01T02:00:00,New Asgard,Clean Water (L),2489.52,4.44,False
2025-12-01T02:00:00,New Asgard,Medical Kits,794.31,3.33,False
2025-12-01T02:00:00,Wakanda,Vibranium (kg),2494.41,3.7,False
2025-12-01T02:00:00,Wakanda,Arc Reactor Cores,788.34,4.44,False
2025-12-01T02:00:00,Wakanda,Pym Particles,793.55,4.07,False
2025-12-01T02:00:00,Wakanda,Clean Water (L),2490.15,4.44,False
2025-12-01T02:00:00,Wakanda,Medical Kits,795.6,3.33,False
2025-12-01T02:00:00,Sokovia,Vibranium (kg),2491.52,3.7,False
2025-12-01T02:00:00,Sokovia,Arc Reactor Cores,793.21,4.44,False
2025-12-01T02:00:00,Sokovia,Pym Particles,792.35,4.07,False
2025-12-01T02:00:00,Sokovia,Clean Water (L),2491.0,4.44,False
2025-12-01T02:00:00,Sokovia,Medical Kits,792.95,3.33,False
2025-12-01T02:00:00,Sanctum Sanctorum,Vibranium (kg),2491.22,3.7,False
2025-12-01T02:00:00,Sanctum Sanctorum,Arc Reactor Cores,789.5,4.44,False
2025-12-01T02:00:00,Sanctum Sanctorum,Pym Particles,791.33,4.07,False
2025-12-01T02:00:00,Sanctum Sanctorum,Clean Water (L),2489.66,4.44,False
2025-12-01T02:00:00,Sanctum Sanctorum,Medical Kits,793.57,3.33,False
2025-12-01T02:00:00,Avengers Compound,Vibranium (kg),2490.37,3.7,False
2025-12-01T02:00:00,Avengers Compound,Arc Reactor Cores,786.56,4.44,False
2025-12-01T02:00:00,Avengers Compound,Pym Particles,792.02,4.07,False
2025-12-01T02:00:00,Avengers Compound,Clean Water (L),2490.83,4.44,False
2025-12-01T02:00:00,Avengers Compound,Medical Kits,794.99,3.33,False
2025-12-01T03:00:00,New Asgard,Vibranium (kg),2489.28,3.94,False
2025-12-01T03:00:00,New Asgard,Arc Reactor Cores,787.26,4.73,False
2025-12-01T03:00:00,New Asgard,Pym Particles,787.4,4.33,False
2025-12-01T03:00:00,New Asgard,Clean Water (L),2485.49,4.73,False
2025-12-01T03:00:00,New Asgard,Medical Kits,792.53,3.55,False
2025-12-01T03:00:00,Wakanda,Vibranium (kg),2492.85,3.94,False
2025-12-01T03:00:00,Wakanda,Arc Reactor Cores,784.74,4.73,False
2025-12-01T03:00:00,Wakanda,Pym Particles,790.28,4.33,False
2025-12-01T03:00:00,Wakanda,Clean Water (L),2486.8,4.73,False
2025-12-01T03:00:00,Wakanda,Medical Kits,793.3,3.55,False
2025-12-01T03:00:00,Sokovia,Vibranium (kg),2488.82,3.94,False
2025-12-01T03:00:00,Sokovia,Arc Reactor Cores,789.18,4.73,False
2025-12-01T03:00:00,Sokovia,Pym Particles,790.3,4.33,False
2025-12-01T03:00:00,Sokovia,Clean Water (L),2486.55,4.73,False
2025-12-01T03:00:00,Sokovia,Medical Kits,791.89,3.55,False
2025-12-01T03:00:00,Sanctum Sanctorum,Vibranium (kg),2488.21,3.94,False
2025-12-01T03:00:00,Sanctum Sanctorum,Arc Reactor Cores,786.74,4.73,False
2025-12-01T03:00:00,Sanctum Sanctorum,Pym Particles,789.85,4.33,False
2025-12-01T03:00:00,Sanctum Sanctorum,Clean Water (L),2485.32,4.73,False
2025-12-01T03:00:00,Sanctum Sanctorum,Medical Kits,791.32,3.55,False
2025-12-01T03:00:00,Avengers Compound,Vibranium (kg),2486.82,3.94,False
2025-12-01T03:00:00,Avengers Compound,Arc Reactor Cores,782.98,4.73,False
2025-12-01T03:00:00,Avengers Compound,Pym Particles,789.8,4.33,False
2025-12-01T03:00:00,Avengers Compound,Clean Water (L),2487.96,4.73,False
2025-12-01T03:00:00,Avengers Compound,Medical Kits,792.5,3.55,False
2025-12-01T04:00:00,New Asgard,Vibranium (kg),2487.19,4.25,False
2025-12-01T04:00:00,New Asgard,Arc Reactor Cores,783.38,5.1,False
2025-12-01T04:00:00,New Asgard,Pym Particles,785.84,4.68,False
2025-12-01T04:00:00,New Asgard,Clean Water (L),2483.48,5.1,False
2025-12-01T04:00:00,New Asgard,Medical Kits,790.3,3.83,False
2025-12-01T04:00:00,Wakanda,Vibranium (kg),2490.01,4.25,False
2025-12-01T04:00:00,Wakanda,Arc Reactor Cores,782.32,5.1,False
2025-12-01T04:00:00,Wakanda,Pym Particles,786.53,4.68,False
2025-12-01T04:00:00,Wakanda,Clean Water (L),2483.0,5.1,False
2025-12-01T04:00:00,Wakanda,Medical Kits,790.69,3.83,False
2025-12-01T04:00:00,Sokovia,Vibranium (kg),2485.63,4.25,False
2025-12-01T04:00:00,Sokovia,Arc Reactor Cores,785.82,5.1,False
2025-12-01T04:00:00,Sokovia,Pym Particles,787.33,4.68,False
2025-12-01T04:00:00,Sokovia,Clean Water (L),2483.25,5.1,False
2025-12-01T04:00:00,Sokovia,Medical Kits,788.42,3.83,False
2025-12-01T04:00:00,Sanctum Sanctorum,Vibranium (kg),2485.2,4.25,False
2025-12-01T04:00:00,Sanctum Sanctorum,Arc Reactor Cores,782.7,5.1,False
2025-12-01T04:00:00,Sanctum Sanctorum,Pym Particles,786.78,4.68,False
2025-12-01T04:00:00,Sanctum Sanctorum,Clean Water (L),2481.04,5.1,False
2025-12-01T04:00:00,Sanctum Sanctorum,Medical Kits,788.0,3.83,False
2025-12-01T04:00:00,Avengers Compound,Vibranium (kg),2482.85,4.25,False
2025-12-01T04:00:00,Avengers Compound,Arc Reactor Cores,779.66,5.1,False
2025-12-01T04:00:00,Avengers Compound,Pym Particles,785.89,4.68,False
2025-12-01T04:00:00,Avengers Compound,Clean Water (L),2485.23,5.1,False
2025-12-01T04:00:00,Avengers Compound,Medical Kits,790.2,3.83,False
2025-12-01T05:00:00,New Asgard,Vibranium (kg),2484.09,4.61,False
2025-12-01T05:00:00,New Asgard,Arc Reactor Cores,779.74,5.53,False
2025-12-01T05:00:00,New Asgard,Pym Particles,782.41,5.07,False
2025-12-01T05:00:00,New Asgard,Clean Water (L),2479.21,5.53,False
2025-12-01T05:00:00,New Asgard,Medical Kits,788.02,4.15,False
2025-12-01T05:00:00,Wakanda,Vibranium (kg),2486.09,4.61,False
2025-12-01T05:00:00,Wakanda,Arc Reactor Cores,778.05,5.53,False
2025-12-01T05:00:00,Wakanda,Pym Particles,784.42,5.07,False
2025-12-01T05:00:00,Wakanda,Clean Water (L),2479.43,5.53,False
2025-12-01T05:00:00,Wakanda,Medical Kits,789.79,4.15,False
2025-12-01T05:00:00,Sokovia,Vibranium (kg),2483.11,4.61,False
2025-12-01T05:00:00,Sokovia,Arc Reactor Cores,782.4,5.53,False
2025-12-01T05:00:00,Sokovia,Pym Particles,784.49,5.07,False
2025-12-01T05:00:00,Sokovia,Clean Water (L),2480.64,5.53,False
2025-12-01T05:00:00,Sokovia,Medical Kits,787.32,4.15,False
2025-12-01T05:00:00,Sanctum Sanctorum,Vibranium (kg),2481.05,4.61,False
2025-12-01T05:00:00,Sanctum Sanctorum,Arc Reactor Cores,778.95,5.53,False
2025-12-01T05:00:00,Sanctum Sanctorum,Pym Particles,784.06,5.07,False
2025-12-01T05:00:00,Sanctum Sanctorum,Clean Water (L),2476.3,5.53,False
2025-12-01T05:00:00,Sanctum Sanctorum,Medical Kits,785.07,4.15,False
2025-12-01T05:00:00,Avengers Compound,Vibranium (kg),2479.31,4.61,False
2025-12-01T05:00:00,Avengers Compound,Arc Reactor Cores,775.98,5.53,False
2025-12-01T05:00:00,Avengers Compound,Pym Particles,782.14,5.07,False
2025-12-01T05:00:00,Avengers Compound,Clean Water (L),2480.93,5.53,False
2025-12-01T05:00:00,Avengers Compound,Medical Kits,788.75,4.15,False
2025-12-01T06:00:00,New Asgard,Vibranium (kg),2482.41,5.0,False
2025-12-01T06:00:00,New Asgard,Arc Reactor Cores,774.63,6.0,False
2025-12-01T06:00:00,New Asgard,Pym Particles,778.78,5.5,False
2025-12-01T06:00:00,New Asgard,Clean Water (L),2475.33,6.0,False
2025-12-01T06:00:00,New Asgard,Medical Kits,785.51,4.5,False
2025-12-01T06:00:00,Wakanda,Vibranium (kg),2483.13,5.0,False
2025-12-01T06:00:00,Wakanda,Arc Reactor Cores,773.79,6.0,False
2025-12-01T06:00:00,Wakanda,Pym Particles,780.25,5.5,False
2025-12-01T06:00:00,Wakanda,Clean Water (L),2475.04,6.0,False
2025-12-01T06:00:00,Wakanda,Medical Kits,787.73,4.5,False
2025-12-01T06:00:00,Sokovia,Vibranium (kg),2479.4,5.0,False
2025-12-01T06:00:00,Sokovia,Arc Reactor Cores,777.75,6.0,False
2025-12-01T06:00:00,Sokovia,Pym Particles,779.9,5.5,False
2025-12-01T06:00:00,Sokovia,Clean Water (L),2475.67,6.0,False
2025-12-01T06:00:00,Sokovia,Medical Kits,783.45,4.5,False
2025-12-01T06:00:00,Sanctum Sanctorum,Vibranium (kg),2477.65,5.0,False
2025-12-01T06:00:00,Sanctum Sanctorum,Arc Reactor Cores,775.68,6.0,False
2025-12-01T06:00:00,Sanctum Sanctorum,Pym Particles,780.22,5.5,False
2025-12-01T06:00:00,Sanctum Sanctorum,Clean Water (L),2471.11,6.0,False
2025-12-01T06:00:00,Sanctum Sanctorum,Medical Kits,781.46,4.5,False
2025-12-01T06:00:00,Avengers Compound,Vibranium (kg),2475.88,5.0,False
2025-12-01T06:00:00,Avengers Compound,Arc Reactor Cores,772.8,6.0,False
2025-12-01T06:00:00,Avengers Compound,Pym Particles,777.69,5.5,False
2025-12-01T06:00:00,Avengers Compound,Clean Water (L),2477.34,6.0,False
2025-12-01T06:00:00,Avengers Compound,Medical Kits,784.9,4.5,False
2025-12-01T07:00:00,New Asgard,Vibranium (kg),2479.26,5.39,False
2025-12-01T07:00:00,New Asgard,Arc Reactor Cores,770.69,6.47,False
2025-12-01T07:00:00,New Asgard,Pym Particles,773.44,5.93,False
2025-12-01T07:00:00,New Asgard,Clean Water (L),2471.54,6.47,False
2025-12-01T07:00:00,New Asgard,Medical Kits,782.45,4.85,False
2025-12-01T07:00:00,Wakanda,Vibranium (kg),2479.85,5.39,False
2025-12-01T07:00:00,Wakanda,Arc Reactor Cores,769.91,6.47,False
2025-12-01T07:00:00,Wakanda,Pym Particles,776.69,5.93,False
2025-12-01T07:00:00,Wakanda,Clean Water (L),2471.28,6.47,False
2025-12-01T07:00:00,Wakanda,Medical Kits,784.15,4.85,False
2025-12-01T07:00:00,Sokovia,Vibranium (kg),2477.3,5.39,False
2025-12-01T07:00:00,Sokovia,Arc Reactor Cores,773.72,6.47,False
2025-12-01T07:00:00,Sokovia,Pym Particles,777.12,5.93,False
2025-12-01T07:00:00,Sokovia,Clean Water (L),2470.31,6.47,False
2025-12-01T07:00:00,Sokovia,Medical Kits,780.74,4.85,False
2025-12-01T07:00:00,Sanctum Sanctorum,Vibranium (kg),2475.55,5.39,False
2025-12-01T07:00:00,Sanctum Sanctorum,Arc Reactor Cores,770.12,6.47,False
2025-12-01T07:00:00,Sanctum Sanctorum,Pym Particles,774.95,5.93,False
2025-12-01T07:00:00,Sanctum Sanctorum,Clean Water (L),2467.79,6.47,False
2025-12-01T07:00:00,Sanctum Sanctorum,Medical Kits,779.95,4.85,False
2025-12-01T07:00:00,Avengers Compound,Vibranium (kg),2472.53,5.39,False
2025-12-01T07:00:00,Avengers Compound,Arc Reactor Cores,768.68,6.47,False
2025-12-01T07:00:00,Avengers Compound,Pym Particles,772.92,5.93,False
2025-12-01T07:00:00,Avengers Compound,Clean Water (L),2474.19,6.47,False
2025-12-01T07:00:00,Avengers Compound,Medical Kits,781.17,4.85,False
2025-12-01T08:00:00,New Asgard,Vibranium (kg),2475.89,5.75,False
2025-12-01T08:00:00,New Asgard,Arc Reactor Cores,765.05,6.9,False
2025-12-01T08:00:00,New Asgard,Pym Particles,768.92,6.32,False
2025-12-01T08:00:00,New Asgard,Clean Water (L),2468.02,6.9,False
2025-12-01T08:00:00,New Asgard,Medical Kits,778.55,5.17,False
2025-12-01T08:00:00,Wakanda,Vibranium (kg),2477.63,5.75,False
2025-12-01T08:00:00,Wakanda,Arc Reactor Cores,765.57,6.9,False
2025-12-01T08:00:00,Wakanda,Pym Particles,771.91,6.32,False
2025-12-01T08:00:00,Wakanda,Clean Water (L),2466.64,6.9,False
2025-12-01T08:00:00,Wakanda,Medical Kits,779.91,5.17,False
2025-12-01T08:00:00,Sokovia,Vibranium (kg),2473.54,5.75,False
2025-12-01T08:00:00,Sokovia,Arc Reactor Cores,768.34,6.9,False
2025-12-01T08:00:00,Sokovia,Pym Particles,772.29,6.32,False
2025-12-01T08:00:00,Sokovia,Clean Water (L),2466.05,6.9,False
2025-12-01T08:00:00,Sokovia,Medical Kits,777.04,5.17,False
2025-12-01T08:00:00,Sanctum Sanctorum,Vibranium (kg),2471.44,5.75,False
2025-12-01T08:00:00,Sanctum Sanctorum,Arc Reactor Cores,765.25,6.9,False
2025-12-01T08:00:00,Sanctum Sanctorum,Pym Particles,769.42,6.32,False
2025-12-01T08:00:00,Sanctum Sanctorum,Clean Water (L),2463.69,6.9,False
2025-12-01T08:00:00,Sanctum Sanctorum,Medical Kits,778.24,5.17,False
2025-12-01T08:00:00,Avengers Compound,Vibranium (kg),2469.24,5.75,False
2025-12-01T08:00:00,Avengers Compound,Arc Reactor Cores,764.47,6.9,False
2025-12-01T08:00:00,Avengers Compound,Pym Particles,770.54,6.32,False
2025-12-01T08:00:00,Avengers Compound,Clean Water (L),2469.88,6.9,False
2025-12-01T08:00:00,Avengers Compound,Medical Kits,778.47,5.17,False
2025-12-01T09:00:00,New Asgard,Vibranium (kg),2471.56,6.06,False
2025-12-01T09:00:00,New Asgard,Arc Reactor Cores,760.37,7.27,False
2025-12-01T09:00:00,New Asgard,Pym Particles,763.71,6.67,False
2025-12-01T09:00:00,New Asgard,Clean Water (L),2462.28,7.27,False
2025-12-01T09:00:00,New Asgard,Medical Kits,776.03,5.45,False
2025-12-01T09:00:00,Wakanda,Vibranium (kg),2474.81,6.06,False
2025-12-01T09:00:00,Wakanda,Arc Reactor Cores,760.17,7.27,False
2025-12-01T09:00:00,Wakanda,Pym Particles,767.98,6.67,False
2025-12-01T09:00:00,Wakanda,Clean Water (L),2460.47,7.27,False
2025-12-01T09:00:00,Wakanda,Medical Kits,776.41,5.45,False
2025-12-01T09:00:00,Sokovia,Vibranium (kg),2469.87,6.06,False
2025-12-01T09:00:00,Sokovia,Arc Reactor Cores,763.25,7.27,False
2025-12-01T09:00:00,Sokovia,Pym Particles,768.14,6.67,False
2025-12-01T09:00:00,Sokovia,Clean Water (L),2460.53,7.27,False
2025-12-01T09:00:00,Sokovia,Medical Kits,773.42,5.45,False
2025-12-01T09:00:00,Sanctum Sanctorum,Vibranium (kg),2467.17,6.06,False
2025-12-01T09:00:00,Sanctum Sanctorum,Arc Reactor Cores,760.25,7.27,False
2025-12-01T09:00:00,Sanctum Sanctorum,Pym Particles,765.56,6.67,False
2025-12-01T09:00:00,Sanctum Sanctorum,Clean Water (L),2460.21,7.27,False
2025-12-01T09:00:00,Sanctum Sanctorum,Medical Kits,774.75,5.45,False
2025-12-01T09:00:00,Avengers Compound,Vibranium (kg),2466.46,6.06,False
2025-12-01T09:00:00,Avengers Compound,Arc Reactor Cores,760.34,7.27,False
2025-12-01T09:00:00,Avengers Compound,Pym Particles,765.68,6.67,False
2025-12-01T09:00:00,Avengers Compound,Clean Water (L),2466.02,7.27,False
2025-12-01T09:00:00,Avengers Compound,Medical Kits,776.21,5.45,False
2025-12-01T10:00:00,New Asgard,Vibranium (kg),2468.66,6.3,False
2025-12-01T10:00:00,New Asgard,Arc Reactor Cores,756.61,7.56,False
2025-12-01T10:00:00,New Asgard,Pym Particles,760.69,6.93,False
2025-12-01T10:00:00,New Asgard,Clean Water (L),2457.16,7.56,False
2025-12-01T10:00:00,New Asgard,Medical Kits,771.52,5.67,False
2025-12-01T10:00:00,Wakanda,Vibranium (kg),2470.77,6.3,False
2025-12-01T10:00:00,Wakanda,Arc Reactor Cores,755.42,7.56,False
2025-12-01T10:00:00,Wakanda,Pym Particles,764.14,6.93,False
2025-12-01T10:00:00,Wakanda,Clean Water (L),2455.7,7.56,False
2025-12-01T10:00:00,Wakanda,Medical Kits,773.09,5.67,False
2025-12-01T10:00:00,Sokovia,Vibranium (kg),2465.13,6.3,False
2025-12-01T10:00:00,Sokovia,Arc Reactor Cores,759.07,7.56,False
2025-12-01T10:00:00,Sokovia,Pym Particles,763.91,6.93,False
2025-12-01T10:00:00,Sokovia,Clean Water (L),2454.96,7.56,False
2025-12-01T10:00:00,Sokovia,Medical Kits,768.83,5.67,False
2025-12-01T10:00:00,Sanctum Sanctorum,Vibranium (kg),2462.77,6.3,False
2025-12-01T10:00:00,Sanctum Sanctorum,Arc Reactor Cores,756.9,7.56,False
2025-12-01T10:00:00,Sanctum Sanctorum,Pym Particles,761.14,6.93,False
2025-12-01T10:00:00,Sanctum Sanctorum,Clean Water (L),2456.59,7.56,False
2025-12-01T10:00:00,Sanctum Sanctorum,Medical Kits,771.88,5.67,False
2025-12-01T10:00:00,Avengers Compound,Vibranium (kg),2463.34,6.3,False
2025-12-01T10:00:00,Avengers Compound,Arc Reactor Cores,755.78,7.56,False
2025-12-01T10:00:00,Avengers Compound,Pym Particles,761.82,6.93,False
2025-12-01T10:00:00,Avengers Compound,Clean Water (L),2460.39,7.56,False
2025-12-01T10:00:00,Avengers Compound,Medical Kits,773.86,5.67,False
2025-12-01T11:00:00,New Asgard,Vibranium (kg),2464.52,6.45,False
2025-12-01T11:00:00,New Asgard,Arc Reactor Cores,752.1,7.74,False
2025-12-01T11:00:00,New Asgard,Pym Particles,757.93,7.09,False
2025-12-01T11:00:00,New Asgard,Clean Water (L),2453.34,7.74,False
2025-12-01T11:00:00,New Asgard,Medical Kits,767.27,5.8,False
2025-12-01T11:00:00,Wakanda,Vibranium (kg),2466.56,6.45,False
2025-12-01T11:00:00,Wakanda,Arc Reactor Cores,750.89,7.74,False
2025-12-01T11:00:00,Wakanda,Pym Particles,759.7,7.09,False
2025-12-01T11:00:00,Wakanda,Clean Water (L),2450.79,7.74,False
2025-12-01T11:00:00,Wakanda,Medical Kits,769.87,5.8,False
2025-12-01T11:00:00,Sokovia,Vibranium (kg),2462.02,6.45,False
2025-12-01T11:00:00,Sokovia,Arc Reactor Cores,754.2,7.74,False
2025-12-01T11:00:00,Sokovia,Pym Particles,760.26,7.09,False
2025-12-01T11:00:00,Sokovia,Clean Water (L),2449.29,7.74,False
2025-12-01T11:00:00,Sokovia,Medical Kits,766.37,5.8,False
2025-12-01T11:00:00,Sanctum Sanctorum,Vibranium (kg),2459.37,6.45,False
2025-12-01T11:00:00,Sanctum Sanctorum,Arc Reactor Cores,751.49,7.74,False
2025-12-01T11:00:00,Sanctum Sanctorum,Pym Particles,757.48,7.09,False
2025-12-01T11:00:00,Sanctum Sanctorum,Clean Water (L),2450.5,7.74,False
2025-12-01T11:00:00,Sanctum Sanctorum,Medical Kits,768.52,5.8,False
2025-12-01T11:00:00,Avengers Compound,Vibranium (kg),2458.12,6.45,False
2025-12-01T11:00:00,Avengers Compound,Arc Reactor Cores,750.23,7.74,False
2025-12-01T11:00:00,Avengers Compound,Pym Particles,757.81,7.09,False
2025-12-01T11:00:00,Avengers Compound,Clean Water (L),2455.39,7.74,False
2025-12-01T11:00:00,Avengers Compound,Medical Kits,770.0,5.8,False
2025-12-01T12:00:00,New Asgard,Vibranium (kg),2462.41,6.5,False
2025-12-01T12:00:00,New Asgard,Arc Reactor Cores,748.8,7.8,False
2025-12-01T12:00:00,New Asgard,Pym Particles,753.36,7.15,False
2025-12-01T12:00:00,New Asgard,Clean Water (L),2449.25,7.8,False
2025-12-01T12:00:00,New Asgard,Medical Kits,764.41,5.85,False
2025-12-01T12:00:00,Wakanda,Vibranium (kg),2462.67,6.5,False
2025-12-01T12:00:00,Wakanda,Arc Reactor Cores,745.64,7.8,False
2025-12-01T12:00:00,Wakanda,Pym Particles,756.04,7.15,False
2025-12-01T12:00:00,Wakanda,Clean Water (L),2447.95,7.8,False
2025-12-01T12:00:00,Wakanda,Medical Kits,766.38,5.85,False
2025-12-01T12:00:00,Sokovia,Vibranium (kg),2458.13,6.5,False
2025-12-01T12:00:00,Sokovia,Arc Reactor Cores,751.01,7.8,False
2025-12-01T12:00:00,Sokovia,Pym Particles,756.27,7.15,False
2025-12-01T12:00:00,Sokovia,Clean Water (L),2446.46,7.8,False
2025-12-01T12:00:00,Sokovia,Medical Kits,763.59,5.85,False
2025-12-01T12:00:00,Sanctum Sanctorum,Vibranium (kg),2457.11,6.5,False
2025-12-01T12:00:00,Sanctum Sanctorum,Arc Reactor Cores,747.76,7.8,False
2025-12-01T12:00:00,Sanctum Sanctorum,Pym Particles,751.78,7.15,False
2025-12-01T12:00:00,Sanctum Sanctorum,Clean Water (L),2447.13,7.8,False
2025-12-01T12:00:00,Sanctum Sanctorum,Medical Kits,765.28,5.85,False
2025-12-01T12:00:00,Avengers Compound,Vibranium (kg),2454.18,6.5,False
2025-12-01T12:00:00,Avengers Compound,Arc Reactor Cores,746.12,7.8,False
2025-12-01T12:00:00,Avengers Compound,Pym Particles,754.26,7.15,False
2025-12-01T12:00:00,Avengers Compound,Clean Water (L),2450.41,7.8,False
2025-12-01T12:00:00,Avengers Compound,Medical Kits,765.47,5.85,False
2025-12-01T13:00:00,New Asgard,Vibranium (kg),2457.82,6.45,False
2025-12-01T13:00:00,New Asgard,Arc Reactor Cores,745.13,7.74,False
2025-12-01T13:00:00,New Asgard,Pym Particles,748.51,7.09,False
2025-12-01T13:00:00,New Asgard,Clean Water (L),2444.82,7.74,False
2025-12-01T13:00:00,New Asgard,Medical Kits,761.33,5.8,False
2025-12-01T13:00:00,Wakanda,Vibranium (kg),2459.25,6.45,False
2025-12-01T13:00:00,Wakanda,Arc Reactor Cores,742.49,7.74,False
2025-12-01T13:00:00,Wakanda,Pym Particles,751.82,7.09,False
2025-12-01T13:00:00,Wakanda,Clean Water (L),2442.24,7.74,False
2025-12-01T13:00:00,Wakanda,Medical Kits,762.78,5.8,False
2025-12-01T13:00:00,Sokovia,Vibranium (kg),2456.09,6.45,False
2025-12-01T13:00:00,Sokovia,Arc Reactor Cores,745.22,7.74,False
2025-12-01T13:00:00,Sokovia,Pym Particles,752.22,7.09,False
2025-12-01T13:00:00,Sokovia,Clean Water (L),2443.32,7.74,False
2025-12-01T13:00:00,Sokovia,Medical Kits,759.08,5.8,False
2025-12-01T13:00:00,Sanctum Sanctorum,Vibranium (kg),2454.93,6.45,False
2025-12-01T13:00:00,Sanctum Sanctorum,Arc Reactor Cores,743.32,7.74,False
2025-12-01T13:00:00,Sanctum Sanctorum,Pym Particles,748.72,7.09,False
2025-12-01T13:00:00,Sanctum Sanctorum,Clean Water (L),2442.69,7.74,False
2025-12-01T13:00:00,Sanctum Sanctorum,Medical Kits,763.31,5.8,False
2025-12-01T13:00:00,Avengers Compound,Vibranium (kg),2451.0,6.45,False
2025-12-01T13:00:00,Avengers Compound,Arc Reactor Cores,743.12,7.74,False
2025-12-01T13:00:00,Avengers Compound,Pym Particles,749.53,7.09,False
2025-12-01T13:00:00,Avengers Compound,Clean Water (L),2446.96,7.74,False
2025-12-01T13:00:00,Avengers Compound,Medical Kits,761.65,5.8,False
2025-12-01T14:00:00,New Asgard,Vibranium (kg),2454.06,6.3,False
2025-12-01T14:00:00,New Asgard,Arc Reactor Cores,740.98,7.56,False
2025-12-01T14:00:00,New Asgard,Pym Particles,746.12,6.93,False
2025-12-01T14:00:00,New Asgard,Clean Water (L),2442.62,7.56,False
2025-12-01T14:00:00,New Asgard,Medical Kits,760.42,5.67,False
2025-12-01T14:00:00,Wakanda,Vibranium (kg),2457.8,6.3,False
2025-12-01T14:00:00,Wakanda,Arc Reactor Cores,738.83,7.56,False
2025-12-01T14:00:00,Wakanda,Pym Particles,748.17,6.93,False
2025-12-01T14:00:00,Wakanda,Clean Water (L),2438.54,7.56,False
2025-12-01T14:00:00,Wakanda,Medical Kits,759.27,5.67,False
2025-12-01T14:00:00,Sokovia,Vibranium (kg),2452.83,6.3,False
2025-12-01T14:00:00,Sokovia,Arc Reactor Cores,742.89,7.56,False
2025-12-01T14:00:00,Sokovia,Pym Particles,748.43,6.93,False
2025-12-01T14:00:00,Sokovia,Clean Water (L),2440.61,7.56,False
2025-12-01T14:00:00,Sokovia,Medical Kits,757.42,5.67,False
2025-12-01T14:00:00,Sanctum Sanctorum,Vibranium (kg),2451.2,6.3,False
2025-12-01T14:00:00,Sanctum Sanctorum,Arc Reactor Cores,740.07,7.56,False
2025-12-01T14:00:00,Sanctum Sanctorum,Pym Particles,744.66,6.93,False
2025-12-01T14:00:00,Sanctum Sanctorum,Clean Water (L),2437.56,7.56,False
2025-12-01T14:00:00,Sanctum Sanctorum,Medical Kits,759.73,5.67,False
2025-12-01T14:00:00,Avengers Compound,Vibranium (kg),2448.22,6.3,False
2025-12-01T14:00:00,Avengers Compound,Arc Reactor Cores,740.29,7.56,False
2025-12-01T14:00:00,Avengers Compound,Pym Particles,747.07,6.93,False
2025-12-01T14:00:00,Avengers Compound,Clean Water (L),2443.46,7.56,False
2025-12-01T14:00:00,Avengers Compound,Medical Kits,758.61,5.67,False
2025-12-01T15:00:00,New Asgard,Vibranium (kg),2452.95,6.06,False
2025-12-01T15:00:00,New Asgard,Arc Reactor Cores,738.49,7.27,False
2025-12-01T15:00:00,New Asgard,Pym Particles,743.77,6.67,False
2025-12-01T15:00:00,New Asgard,Clean Water (L),2439.0,7.27,False
2025-12-01T15:00:00,New Asgard,Medical Kits,757.98,5.45,False
2025-12-01T15:00:00,Wakanda,Vibranium (kg),2455.95,6.06,False
2025-12-01T15:00:00,Wakanda,Arc Reactor Cores,736.54,7.27,False
2025-12-01T15:00:00,Wakanda,Pym Particles,745.02,6.67,False
2025-12-01T15:00:00,Wakanda,Clean Water (L),2436.23,7.27,False
2025-12-01T15:00:00,Wakanda,Medical Kits,757.12,5.45,False
2025-12-01T15:00:00,Sokovia,Vibranium (kg),2449.5,6.06,False
2025-12-01T15:00:00,Sokovia,Arc Reactor Cores,738.03,7.27,False
2025-12-01T15:00:00,Sokovia,Pym Particles,744.19,6.67,False
2025-12-01T15:00:00,Sokovia,Clean Water (L),2436.04,7.27,False
2025-12-01T15:00:00,Sokovia,Medical Kits,756.11,5.45,False
2025-12-01T15:00:00,Sanctum Sanctorum,Vibranium (kg),2447.89,6.06,False
2025-12-01T15:00:00,Sanctum Sanctorum,Arc Reactor Cores,735.84,7.27,False
2025-12-01T15:00:00,Sanctum Sanctorum,Pym Particles,741.4,6.67,False
2025-12-01T15:00:00,Sanctum Sanctorum,Clean Water (L),2434.57,7.27,False
2025-12-01T15:00:00,Sanctum Sanctorum,Medical Kits,757.19,5.45,False
2025-12-01T15:00:00,Avengers Compound,Vibranium (kg),2446.4,6.06,False
2025-12-01T15:00:00,Avengers Compound,Arc Reactor Cores,737.14,7.27,False
2025-12-01T15:00:00,Avengers Compound,Pym Particles,742.27,6.67,False
2025-12-01T15:00:00,Avengers Compound,Clean Water (L),2439.89,7.27,False
2025-12-01T15:00:00,Avengers Compound,Medical Kits,756.15,5.45,False
2025-12-01T16:00:00,New Asgard,Vibranium (kg),2451.28,5.75,False
2025-12-01T16:00:00,New Asgard,Arc Reactor Cores,734.03,6.9,False
2025-12-01T16:00:00,New Asgard,Pym Particles,741.74,6.32,False
2025-12-01T16:00:00,New Asgard,Clean Water (L),2435.68,6.9,False
2025-12-01T16:00:00,New Asgard,Medical Kits,754.71,5.17,False
2025-12-01T16:00:00,Wakanda,Vibranium (kg),2453.81,5.75,False
2025-12-01T16:00:00,Wakanda,Arc Reactor Cores,732.19,6.9,False
2025-12-01T16:00:00,Wakanda,Pym Particles,742.83,6.32,False
2025-12-01T16:00:00,Wakanda,Clean Water (L),2432.99,6.9,False
2025-12-01T16:00:00,Wakanda,Medical Kits,754.78,5.17,False
2025-12-01T16:00:00,Sokovia,Vibranium (kg),2447.47,5.75,False
2025-12-01T16:00:00,Sokovia,Arc Reactor Cores,736.5,6.9,False
2025-12-01T16:00:00,Sokovia,Pym Particles,741.73,6.32,False
2025-12-01T16:00:00,Sokovia,Clean Water (L),2432.95,6.9,False
2025-12-01T16:00:00,Sokovia,Medical Kits,754.62,5.17,False
2025-12-01T16:00:00,Sanctum Sanctorum,Vibranium (kg),2445.64,5.75,False
2025-12-01T16:00:00,Sanctum Sanctorum,Arc Reactor Cores,732.94,6.9,False
2025-12-01T16:00:00,Sanctum Sanctorum,Pym Particles,740.05,6.32,False
2025-12-01T16:00:00,Sanctum Sanctorum,Clean Water (L),2431.86,6.9,False
2025-12-01T16:00:00,Sanctum Sanctorum,Medical Kits,753.74,5.17,False
2025-12-01T16:00:00,Avengers Compound,Vibranium (kg),2443.15,5.75,False
2025-12-01T16:00:00,Avengers Compound,Arc Reactor Cores,734.23,6.9,False
2025-12-01T16:00:00,Avengers Compound,Pym Particles,740.63,6.32,False
2025-12-01T16:00:00,Avengers Compound,Clean Water (L),2437.27,6.9,False
2025-12-01T16:00:00,Avengers Compound,Medical Kits,753.62,5.17,False
2025-12-01T17:00:00,New Asgard,Vibranium (kg),2449.68,5.39,False
2025-12-01T17:00:00,New Asgard,Arc Reactor Cores,732.47,6.47,False
2025-12-01T17:00:00,New Asgard,Pym Particles,741.01,5.93,False
2025-12-01T17:00:00,New Asgard,Clean Water (L),2432.84,6.47,False
2025-12-01T17:00:00,New Asgard,Medical Kits,754.15,4.85,False
2025-12-01T17:00:00,Wakanda,Vibranium (kg),2451.43,5.39,False
2025-12-01T17:00:00,Wakanda,Arc Reactor Cores,730.15,6.47,False
2025-12-01T17:00:00,Wakanda,Pym Particles,742.2,5.93,False
2025-12-01T17:00:00,Wakanda,Clean Water (L),2429.91,6.47,False
2025-12-01T17:00:00,Wakanda,Medical Kits,754.75,4.85,False
2025-12-01T17:00:00,Sokovia,Vibranium (kg),2445.17,5.39,False
2025-12-01T17:00:00,Sokovia,Arc Reactor Cores,733.88,6.47,False
2025-12-01T17:00:00,Sokovia,Pym Particles,738.91,5.93,False
2025-12-01T17:00:00,Sokovia,Clean Water (L),2431.43,6.47,False
2025-12-01T17:00:00,Sokovia,Medical Kits,752.05,4.85,False
2025-12-01T17:00:00,Sanctum Sanctorum,Vibranium (kg),2443.4,5.39,False
2025-12-01T17:00:00,Sanctum Sanctorum,Arc Reactor Cores,731.2,6.47,False
2025-12-01T17:00:00,Sanctum Sanctorum,Pym Particles,739.71,5.93,False
2025-12-01T17:00:00,Sanctum Sanctorum,Clean Water (L),2429.63,6.47,False
2025-12-01T17:00:00,Sanctum Sanctorum,Medical Kits,752.37,4.85,False
2025-12-01T17:00:00,Avengers Compound,Vibranium (kg),2441.93,5.39,False
2025-12-01T17:00:00,Avengers Compound,Arc Reactor Cores,732.06,6.47,False
2025-12-01T17:00:00,Avengers Compound,Pym Particles,739.66,5.93,False
2025-12-01T17:00:00,Avengers Compound,Clean Water (L),2433.51,6.47,False
2025-12-01T17:00:00,Avengers Compound,Medical Kits,752.32,4.85,False
2025-12-01T18:00:00,New Asgard,Vibranium (kg),2449.97,5.0,False
2025-12-01T18:00:00,New Asgard,Arc Reactor Cores,731.85,6.0,False
2025-12-01T18:00:00,New Asgard,Pym Particles,739.75,5.5,False
2025-12-01T18:00:00,New Asgard,Clean Water (L),2430.91,6.0,False
2025-12-01T18:00:00,New Asgard,Medical Kits,753.03,4.5,False
2025-12-01T18:00:00,Wakanda,Vibranium (kg),2450.77,5.0,False
2025-12-01T18:00:00,Wakanda,Arc Reactor Cores,728.21,6.0,False
2025-12-01T18:00:00,Wakanda,Pym Particles,740.48,5.5,False
2025-12-01T18:00:00,Wakanda,Clean Water (L),2429.4,6.0,False
2025-12-01T18:00:00,Wakanda,Medical Kits,753.3,4.5,False
2025-12-01T18:00:00,Sokovia,Vibranium (kg),2445.26,5.0,False
2025-12-01T18:00:00,Sokovia,Arc Reactor Cores,731.98,6.0,False
2025-12-01T18:00:00,Sokovia,Pym Particles,738.04,5.5,False
2025-12-01T18:00:00,Sokovia,Clean Water (L),2430.24,6.0,False
2025-12-01T18:00:00,Sokovia,Medical Kits,751.96,4.5,False
2025-12-01T18:00:00,Sanctum Sanctorum,Vibranium (kg),2441.22,5.0,False
2025-12-01T18:00:00,Sanctum Sanctorum,Arc Reactor Cores,730.29,6.0,False
2025-12-01T18:00:00,Sanctum Sanctorum,Pym Particles,738.96,5.5,False
2025-12-01T18:00:00,Sanctum Sanctorum,Clean Water (L),2429.09,6.0,False
2025-12-01T18:00:00,Sanctum Sanctorum,Medical Kits,751.62,4.5,False
2025-12-01T18:00:00,Avengers Compound,Vibranium (kg),2440.84,5.0,False
2025-12-01T18:00:00,Avengers Compound,Arc Reactor Cores,731.19,6.0,False
2025-12-01T18:00:00,Avengers Compound,Pym Particles,738.17,5.5,False
2025-12-01T18:00:00,Avengers Compound,Clean Water (L),2432.86,6.0,False
2025-12-01T18:00:00,Avengers Compound,Medical Kits,751.12,4.5,False
2025-12-01T19:00:00,New Asgard,Vibranium (kg),2447.62,4.61,False
2025-12-01T19:00:00,New Asgard,Arc Reactor Cores,731.97,5.53,False
2025-12-01T19:00:00,New Asgard,Pym Particles,737.74,5.07,False
2025-12-01T19:00:00,New Asgard,Clean Water (L),2431.25,5.53,False
2025-12-01T19:00:00,New Asgard,Medical Kits,754.11,4.15,False
2025-12-01T19:00:00,Wakanda,Vibranium (kg),2449.77,4.61,False
2025-12-01T19:00:00,Wakanda,Arc Reactor Cores,727.39,5.53,False
2025-12-01T19:00:00,Wakanda,Pym Particles,740.23,5.07,False
2025-12-01T19:00:00,Wakanda,Clean Water (L),2428.5,5.53,False
2025-12-01T19:00:00,Wakanda,Medical Kits,752.85,4.15,False
2025-12-01T19:00:00,Sokovia,Vibranium (kg),2443.55,4.61,False
2025-12-01T19:00:00,Sokovia,Arc Reactor Cores,731.04,5.53,False
2025-12-01T19:00:00,Sokovia,Pym Particles,736.71,5.07,False
2025-12-01T19:00:00,Sokovia,Clean Water (L),2429.21,5.53,False
2025-12-01T19:00:00,Sokovia,Medical Kits,750.49,4.15,False
2025-12-01T19:00:00,Sanctum Sanctorum,Vibranium (kg),2440.51,4.61,False
2025-12-01T19:00:00,Sanctum Sanctorum,Arc Reactor Cores,728.78,5.53,False
2025-12-01T19:00:00,Sanctum Sanctorum,Pym Particles,738.51,5.07,False
2025-12-01T19:00:00,Sanctum Sanctorum,Clean Water (L),2427.25,5.53,False
2025-12-01T19:00:00,Sanctum Sanctorum,Medical Kits,750.27,4.15,False
2025-12-01T19:00:00,Avengers Compound,Vibranium (kg),2440.13,4.61,False
2025-12-01T19:00:00,Avengers Compound,Arc Reactor Cores,730.14,5.53,False
2025-12-01T19:00:00,Avengers Compound,Pym Particles,738.24,5.07,False
2025-12-01T19:00:00,Avengers Compound,Clean Water (L),2431.74,5.53,False
2025-12-01T19:00:00,Avengers Compound,Medical Kits,749.73,4.15,False
2025-12-01T20:00:00,New Asgard,Vibranium (kg),2446.75,4.25,False
2025-12-01T20:00:00,New Asgard,Arc Reactor Cores,732.6,5.1,False
2025-12-01T20:00:00,New Asgard,Pym Particles,735.44,4.68,False
2025-12-01T20:00:00,New Asgard,Clean Water (L),2430.58,5.1,False
2025-12-01T20:00:00,New Asgard,Medical Kits,752.75,3.83,False
2025-12-01T20:00:00,Wakanda,Vibranium (kg),2447.8,4.25,False
2025-12-01T20:00:00,Wakanda,Arc Reactor Cores,727.27,5.1,False
2025-12-01T20:00:00,Wakanda,Pym Particles,740.23,4.68,False
2025-12-01T20:00:00,Wakanda,Clean Water (L),2427.63,5.1,False
2025-12-01T20:00:00,Wakanda,Medical Kits,752.5,3.83,False
2025-12-01T20:00:00,Sokovia,Vibranium (kg),2442.45,4.25,False
2025-12-01T20:00:00,Sokovia,Arc Reactor Cores,730.6,5.1,False
2025-12-01T20:00:00,Sokovia,Pym Particles,736.11,4.68,False
2025-12-01T20:00:00,Sokovia,Clean Water (L),2428.61,5.1,False
2025-12-01T20:00:00,Sokovia,Medical Kits,749.65,3.83,False
2025-12-01T20:00:00,Sanctum Sanctorum,Vibranium (kg),2439.57,4.25,False
2025-12-01T20:00:00,Sanctum Sanctorum,Arc Reactor Cores,727.97,5.1,False
2025-12-01T20:00:00,Sanctum Sanctorum,Pym Particles,737.13,4.68,False
2025-12-01T20:00:00,Sanctum Sanctorum,Clean Water (L),2427.38,5.1,False
2025-12-01T20:00:00,Sanctum Sanctorum,Medical Kits,750.91,3.83,False
2025-12-01T20:00:00,Avengers Compound,Vibranium (kg),2440.21,4.25,False
2025-12-01T20:00:00,Avengers Compound,Arc Reactor Cores,729.52,5.1,False
2025-12-01T20:00:00,Avengers Compound,Pym Particles,737.44,4.68,False
2025-12-01T20:00:00,Avengers Compound,Clean Water (L),2432.3,5.1,False
2025-12-01T20:00:00,Avengers Compound,Medical Kits,748.55,3.83,False
2025-12-01T21:00:00,New Asgard,Vibranium (kg),2445.03,3.94,False
2025-12-01T21:00:00,New Asgard,Arc Reactor Cores,732.25,4.73,False
2025-12-01T21:00:00,New Asgard,Pym Particles,735.39,4.33,False
2025-12-01T21:00:00,New Asgard,Clean Water (L),2431.16,4.73,False
2025-12-01T21:00:00,New Asgard,Medical Kits,750.89,3.55,False
2025-12-01T21:00:00,Wakanda,Vibranium (kg),2446.77,3.94,False
2025-12-01T21:00:00,Wakanda,Arc Reactor Cores,725.75,4.73,False
2025-12-01T21:00:00,Wakanda,Pym Particles,740.42,4.33,False
2025-12-01T21:00:00,Wakanda,Clean Water (L),2427.45,4.73,False
2025-12-01T21:00:00,Wakanda,Medical Kits,753.27,3.55,False
2025-12-01T21:00:00,Sokovia,Vibranium (kg),2442.67,3.94,False
2025-12-01T21:00:00,Sokovia,Arc Reactor Cores,729.88,4.73,False
2025-12-01T21:00:00,Sokovia,Pym Particles,736.64,4.33,False
2025-12-01T21:00:00,Sokovia,Clean Water (L),2428.54,4.73,False
2025-12-01T21:00:00,Sokovia,Medical Kits,749.25,3.55,False
2025-12-01T21:00:00,Sanctum Sanctorum,Vibranium (kg),2438.86,3.94,False
2025-12-01T21:00:00,Sanctum Sanctorum,Arc Reactor Cores,726.48,4.73,False
2025-12-01T21:00:00,Sanctum Sanctorum,Pym Particles,738.36,4.33,False
2025-12-01T21:00:00,Sanctum Sanctorum,Clean Water (L),2426.6,4.73,False
2025-12-01T21:00:00,Sanctum Sanctorum,Medical Kits,751.01,3.55,False
2025-12-01T21:00:00,Avengers Compound,Vibranium (kg),2440.37,3.94,False
2025-12-01T21:00:00,Avengers Compound,Arc Reactor Cores,728.89,4.73,False
2025-12-01T21:00:00,Avengers Compound,Pym Particles,735.81,4.33,False
2025-12-01T21:00:00,Avengers Compound,Clean Water (L),2431.27,4.73,False
2025-12-01T21:00:00,Avengers Compound,Medical Kits,748.49,3.55,False
2025-12-01T22:00:00,New Asgard,Vibranium (kg),2445.34,3.7,False
2025-12-01T22:00:00,New Asgard,Arc Reactor Cores,731.31,4.44,False
2025-12-01T22:00:00,New Asgard,Pym Particles,735.74,4.07,False
2025-12-01T22:00:00,New Asgard,Clean Water (L),2431.67,4.44,False
2025-12-01T22:00:00,New Asgard,Medical Kits,752.5,3.33,False
2025-12-01T22:00:00,Wakanda,Vibranium (kg),2446.07,3.7,False
2025-12-01T22:00:00,Wakanda,Arc Reactor Cores,725.27,4.44,False
2025-12-01T22:00:00,Wakanda,Pym Particles,741.35,4.07,False
2025-12-01T22:00:00,Wakanda,Clean Water (L),2427.44,4.44,False
2025-12-01T22:00:00,Wakanda,Medical Kits,752.24,3.33,False
2025-12-01T22:00:00,Sokovia,Vibranium (kg),2443.43,3.7,False
2025-12-01T22:00:00,Sokovia,Arc Reactor Cores,730.78,4.44,False
2025-12-01T22:00:00,Sokovia,Pym Particles,737.41,4.07,False
2025-12-01T22:00:00,Sokovia,Clean Water (L),2428.4,4.44,False
2025-12-01T22:00:00,Sokovia,Medical Kits,749.36,3.33,False
2025-12-01T22:00:00,Sanctum Sanctorum,Vibranium (kg),2439.37,3.7,False
2025-12-01T22:00:00,Sanctum Sanctorum,Arc Reactor Cores,727.93,4.44,False
2025-12-01T22:00:00,Sanctum Sanctorum,Pym Particles,738.2,4.07,False
2025-12-01T22:00:00,Sanctum Sanctorum,Clean Water (L),2426.25,4.44,False
2025-12-01T22:00:00,Sanctum Sanctorum,Medical Kits,752.78,3.33,False
2025-12-01T22:00:00,Avengers Compound,Vibranium (kg),2440.7,3.7,False
2025-12-01T22:00:00,Avengers Compound,Arc Reactor Cores,727.07,4.44,False
2025-12-01T22:00:00,Avengers Compound,Pym Particles,737.47,4.07,False
2025-12-01T22:00:00,Avengers Compound,Clean Water (L),2430.04,4.44,False
2025-12-01T22:00:00,Avengers Compound,Medical Kits,747.92,3.33,False
2025-12-01T23:00:00,New Asgard,Vibranium (kg),2446.01,3.55,False
2025-12-01T23:00:00,New Asgard,Arc Reactor Cores,732.45,4.26,False
2025-12-01T23:00:00,New Asgard,Pym Particles,735.85,3.91,False
2025-12-01T23:00:00,New Asgard,Clean Water (L),2431.06,4.26,False
2025-12-01T23:00:00,New Asgard,Medical Kits,752.31,3.2,False
2025-12-01T23:00:00,Wakanda,Vibranium (kg),2446.46,3.55,False
2025-12-01T23:00:00,Wakanda,Arc Reactor Cores,724.02,4.26,False
2025-12-01T23:00:00,Wakanda,Pym Particles,741.74,3.91,False
2025-12-01T23:00:00,Wakanda,Clean Water (L),2428.04,4.26,False
2025-12-01T23:00:00,Wakanda,Medical Kits,752.41,3.2,False
2025-12-01T23:00:00,Sokovia,Vibranium (kg),2444.61,3.55,False
2025-12-01T23:00:00,Sokovia,Arc Reactor Cores,731.18,4.26,False
2025-12-01T23:00:00,Sokovia,Pym Particles,739.04,3.91,False
2025-12-01T23:00:00,Sokovia,Clean Water (L),2428.11,4.26,False
2025-12-01T23:00:00,Sokovia,Medical Kits,750.37,3.2,False
2025-12-01T23:00:00,Sanctum Sanctorum,Vibranium (kg),2441.13,3.55,False
2025-12-01T23:00:00,Sanctum Sanctorum,Arc Reactor Cores,728.31,4.26,False
2025-12-01T23:00:00,Sanctum Sanctorum,Pym Particles,739.28,3.91,False
2025-12-01T23:00:00,Sanctum Sanctorum,Clean Water (L),2426.44,4.26,False
2025-12-01T23:00:00,Sanctum Sanctorum,Medical Kits,753.35,3.2,False
2025-12-01T23:00:00,Avengers Compound,Vibranium (kg),2441.6,3.55,False
2025-12-01T23:00:00,Avengers Compound,Arc Reactor Cores,727.33,4.26,False
2025-12-01T23:00:00,Avengers Compound,Pym Particles,736.97,3.91,False
2025-12-01T23:00:00,Avengers Compound,Clean Water (L),2429.85,4.26,False
2025-12-01T23:00:00,Avengers Compound,Medical Kits,748.64,3.2,False
2025-12-02T00:00:00,New Asgard,Vibranium (kg),2447.78,3.5,False
2025-12-02T00:00:00,New Asgard,Arc Reactor Cores,732.65,4.2,False
2025-12-02T00:00:00,New Asgard,Pym Particles,737.56,3.85,False
2025-12-02T00:00:00,New Asgard,Clean Water (L),2431.02,4.2,False
2025-12-02T00:00:00,New Asgard,Medical Kits,751.62,3.15,False
2025-12-02T00:00:00,Wakanda,Vibranium (kg),2447.91,3.5,False
2025-12-02T00:00:00,Wakanda,Arc Reactor Cores,724.05,4.2,False
2025-12-02T00:00:00,Wakanda,Pym Particles,742.41,3.85,False
2025-12-02T00:00:00,Wakanda,Clean Water (L),2429.97,4.2,False
2025-12-02T00:00:00,Wakanda,Medical Kits,752.9,3.15,False
2025-12-02T00:00:00,Sokovia,Vibranium (kg),2444.8,3.5,False
2025-12-02T00:00:00,Sokovia,Arc Reactor Cores,731.69,4.2,False
2025-12-02T00:00:00,Sokovia,Pym Particles,740.0,3.85,False
2025-12-02T00:00:00,Sokovia,Clean Water (L),2428.73,4.2,False
2025-12-02T00:00:00,Sokovia,Medical Kits,750.98,3.15,False
2025-12-02T00:00:00,Sanctum Sanctorum,Vibranium (kg),2441.41,3.5,False
2025-12-02T00:00:00,Sanctum Sanctorum,Arc Reactor Cores,727.94,4.2,False
2025-12-02T00:00:00,Sanctum Sanctorum,Pym Particles,737.91,3.85,False
2025-12-02T00:00:00,Sanctum Sanctorum,Clean Water (L),2427.0,4.2,False
2025-12-02T00:00:00,Sanctum Sanctorum,Medical Kits,753.31,3.15,False
2025-12-02T00:00:00,Avengers Compound,Vibranium (kg),2442.17,3.5,False
2025-12-02T00:00:00,Avengers Compound,Arc Reactor Cores,728.87,4.2,False
2025-12-02T00:00:00,Avengers Compound,Pym Particles,735.97,3.85,False
2025-12-02T00:00:00,Avengers Compound,Clean Water (L),2430.02,4.2,False
2025-12-02T00:00:00,Avengers Compound,Medical Kits,749.28,3.15,False
2025-12-02T01:00:00,New Asgard,Vibranium (kg),2449.02,3.55,False
2025-12-02T01:00:00,New Asgard,Arc Reactor Cores,731.8,4.26,False
2025-12-02T01:00:00,New Asgard,Pym Particles,737.83,3.91,False
2025-12-02T01:00:00,New Asgard,Clean Water (L),2431.22,4.26,False
2025-12-02T01:00:00,New Asgard,Medical Kits,753.44,3.2,False
2025-12-02T01:00:00,Wakanda,Vibranium (kg),2449.34,3.55,False
2025-12-02T01:00:00,Wakanda,Arc Reactor Cores,724.75,4.26,False
2025-12-02T01:00:00,Wakanda,Pym Particles,741.53,3.91,False
2025-12-02T01:00:00,Wakanda,Clean Water (L),2430.47,4.26,False
2025-12-02T01:00:00,Wakanda,Medical Kits,753.36,3.2,False
2025-12-02T01:00:00,Sokovia,Vibranium (kg),2445.23,3.55,False
2025-12-02T01:00:00,Sokovia,Arc Reactor Cores,731.73,4.26,False
2025-12-02T01:00:00,Sokovia,Pym Particles,739.72,3.91,False
2025-12-02T01:00:00,Sokovia,Clean Water (L),2430.12,4.26,False
2025-12-02T01:00:00,Sokovia,Medical Kits,750.15,3.2,False
2025-12-02T01:00:00,Sanctum Sanctorum,Vibranium (kg),2442.0,3.55,False
2025-12-02T01:00:00,Sanctum Sanctorum,Arc Reactor Cores,728.72,4.26,False
2025-12-02T01:00:00,Sanctum Sanctorum,Pym Particles,737.06,3.91,False
2025-12-02T01:00:00,Sanctum Sanctorum,Clean Water (L),2426.32,4.26,False
2025-12-02T01:00:00,Sanctum Sanctorum,Medical Kits,753.07,3.2,False
2025-12-02T01:00:00,Avengers Compound,Vibranium (kg),2442.63,3.55,False
2025-12-02T01:00:00,Avengers Compound,Arc Reactor Cores,730.26,4.26,False
2025-12-02T01:00:00,Avengers Compound,Pym Particles,737.01,3.91,False
2025-12-02T01:00:00,Avengers Compound,Clean Water (L),2430.13,4.26,False
2025-12-02T01:00:00,Avengers Compound,Medical Kits,748.7,3.2,False
2025-12-02T02:00:00,New Asgard,Vibranium (kg),2449.01,3.7,False
2025-12-02T02:00:00,New Asgard,Arc Reactor Cores,731.98,4.44,False
2025-12-02T02:00:00,New Asgard,Pym Particles,736.76,4.07,False
2025-12-02T02:00:00,New Asgard,Clean Water (L),2431.1,4.44,False
2025-12-02T02:00:00,New Asgard,Medical Kits,753.37,3.33,False
2025-12-02T02:00:00,Wakanda,Vibranium (kg),2449.22,3.7,False
2025-12-02T02:00:00,Wakanda,Arc Reactor Cores,725.07,4.44,False
2025-12-02T02:00:00,Wakanda,Pym Particles,741.31,4.07,False
2025-12-02T02:00:00,Wakanda,Clean Water (L),2428.65,4.44,False
2025-12-02T02:00:00,Wakanda,Medical Kits,753.16,3.33,False
2025-12-02T02:00:00,Sokovia,Vibranium (kg),2445.64,3.7,False
2025-12-02T02:00:00,Sokovia,Arc Reactor Cores,731.76,4.44,False
2025-12-02T02:00:00,Sokovia,Pym Particles,739.33,4.07,False
2025-12-02T02:00:00,Sokovia,Clean Water (L),2430.46,4.44,False
2025-12-02T02:00:00,Sokovia,Medical Kits,750.18,3.33,False
2025-12-02T02:00:00,Sanctum Sanctorum,Vibranium (kg),2442.52,3.7,False
2025-12-02T02:00:00,Sanctum Sanctorum,Arc Reactor Cores,729.8,4.44,False
2025-12-02T02:00:00,Sanctum Sanctorum,Pym Particles,737.79,4.07,False
2025-12-02T02:00:00,Sanctum Sanctorum,Clean Water (L),2428.46,4.44,False
2025-12-02T02:00:00,Sanctum Sanctorum,Medical Kits,752.12,3.33,False
2025-12-02T02:00:00,Avengers Compound,Vibranium (kg),2441.97,3.7,False
2025-12-02T02:00:00,Avengers Compound,Arc Reactor Cores,731.22,4.44,False
2025-12-02T02:00:00,Avengers Compound,Pym Particles,737.51,4.07,False
2025-12-02T02:00:00,Avengers Compound,Clean Water (L),2430.76,4.44,False
2025-12-02T02:00:00,Avengers Compound,Medical Kits,749.46,3.33,False
2025-12-02T03:00:00,New Asgard,Vibranium (kg),2447.92,3.94,False
2025-12-02T03:00:00,New Asgard,Arc Reactor Cores,732.88,4.73,False
2025-12-02T03:00:00,New Asgard,Pym Particles,736.37,4.33,False
2025-12-02T03:00:00,New Asgard,Clean Water (L),2430.69,4.73,False
2025-12-02T03:00:00,New Asgard,Medical Kits,754.12,3.55,False
2025-12-02T03:00:00,Wakanda,Vibranium (kg),2448.44,3.94,False
2025-12-02T03:00:00,Wakanda,Arc Reactor Cores,724.91,4.73,False
2025-12-02T03:00:00,Wakanda,Pym Particles,741.78,4.33,False
2025-12-02T03:00:00,Wakanda,Clean Water (L),2428.53,4.73,False
2025-12-02T03:00:00,Wakanda,Medical Kits,753.32,3.55,False
2025-12-02T03:00:00,Sokovia,Vibranium (kg),2446.68,3.94,False
2025-12-02T03:00:00,Sokovia,Arc Reactor Cores,733.24,4.73,False
2025-12-02T03:00:00,Sokovia,Pym Particles,737.61,4.33,False
2025-12-02T03:00:00,Sokovia,Clean Water (L),2431.17,4.73,False
2025-12-02T03:00:00,Sokovia,Medical Kits,752.04,3.55,False
2025-12-02T03:00:00,Sanctum Sanctorum,Vibranium (kg),2443.06,3.94,False
2025-12-02T03:00:00,Sanctum Sanctorum,Arc Reactor Cores,730.43,4.73,False
2025-12-02T03:00:00,Sanctum Sanctorum,Pym Particles,737.74,4.33,False
2025-12-02T03:00:00,Sanctum Sanctorum,Clean Water (L),2429.16,4.73,False
2025-12-02T03:00:00,Sanctum Sanctorum,Medical Kits,753.26,3.55,False
2025-12-02T03:00:00,Avengers Compound,Vibranium (kg),2441.85,3.94,False
2025-12-02T03:00:00,Avengers Compound,Arc Reactor Cores,731.25,4.73,False
2025-12-02T03:00:00,Avengers Compound,Pym Particles,736.1,4.33,False
2025-12-02T03:00:00,Avengers Compound,Clean Water (L),2431.04,4.73,False
2025-12-02T03:00:00,Avengers Compound,Medical Kits,749.39,3.55,False
2025-12-02T04:00:00,New Asgard,Vibranium (kg),2448.86,4.25,False
2025-12-02T04:00:00,New Asgard,Arc Reactor Cores,731.95,5.1,False
2025-12-02T04:00:00,New Asgard,Pym Particles,737.24,4.68,False
2025-12-02T04:00:00,New Asgard,Clean Water (L),2431.05,5.1,False
2025-12-02T04:00:00,New Asgard,Medical Kits,753.99,3.83,False
2025-12-02T04:00:00,Wakanda,Vibranium (kg),2447.72,4.25,False
2025-12-02T04:00:00,Wakanda,Arc Reactor Cores,724.25,5.1,False
2025-12-02T04:00:00,Wakanda,Pym Particles,740.94,4.68,False
2025-12-02T04:00:00,Wakanda,Clean Water (L),2426.79,5.1,False
2025-12-02T04:00:00,Wakanda,Medical Kits,752.19,3.83,False
2025-12-02T04:00:00,Sokovia,Vibranium (kg),2446.59,4.25,False
2025-12-02T04:00:00,Sokovia,Arc Reactor Cores,732.3,5.1,False
2025-12-02T04:00:00,Sokovia,Pym Particles,737.65,4.68,False
2025-12-02T04:00:00,Sokovia,Clean Water (L),2430.18,5.1,False
2025-12-02T04:00:00,Sokovia,Medical Kits,752.84,3.83,False
2025-12-02T04:00:00,Sanctum Sanctorum,Vibranium (kg),2444.29,4.25,False
2025-12-02T04:00:00,Sanctum Sanctorum,Arc Reactor Cores,731.12,5.1,False
2025-12-02T04:00:00,Sanctum Sanctorum,Pym Particles,737.42,4.68,False
2025-12-02T04:00:00,Sanctum Sanctorum,Clean Water (L),2428.32,5.1,False
2025-12-02T04:00:00,Sanctum Sanctorum,Medical Kits,751.88,3.83,False
2025-12-02T04:00:00,Avengers Compound,Vibranium (kg),2442.29,4.25,False
2025-12-02T04:00:00,Avengers Compound,Arc Reactor Cores,730.79,5.1,False
2025-12-02T04:00:00,Avengers Compound,Pym Particles,735.56,4.68,False
2025-12-02T04:00:00,Avengers Compound,Clean Water (L),2429.5,5.1,False
2025-12-02T04:00:00,Avengers Compound,Medical Kits,747.75,3.83,False
2025-12-02T05:00:00,New Asgard,Vibranium (kg),2447.5,4.61,False
2025-12-02T05:00:00,New Asgard,Arc Reactor Cores,730.29,5.53,False
2025-12-02T05:00:00,New Asgard,Pym Particles,736.38,5.07,False
2025-12-02T05:00:00,New Asgard,Clean Water (L),2430.35,5.53,False
2025-12-02T05:00:00,New Asgard,Medical Kits,752.97,4.15,False
2025-12-02T05:00:00,Wakanda,Vibranium (kg),2446.22,4.61,False
2025-12-02T05:00:00,Wakanda,Arc Reactor Cores,723.29,5.53,False
2025-12-02T05:00:00,Wakanda,Pym Particles,740.02,5.07,False
2025-12-02T05:00:00,Wakanda,Clean Water (L),2426.06,5.53,False
2025-12-02T05:00:00,Wakanda,Medical Kits,751.88,4.15,False
2025-12-02T05:00:00,Sokovia,Vibranium (kg),2446.33,4.61,False
2025-12-02T05:00:00,Sokovia,Arc Reactor Cores,731.95,5.53,False
2025-12-02T05:00:00,Sokovia,Pym Particles,736.81,5.07,False
2025-12-02T05:00:00,Sokovia,Clean Water (L),2430.46,5.53,False
2025-12-02T05:00:00,Sokovia,Medical Kits,751.16,4.15,False
2025-12-02T05:00:00,Sanctum Sanctorum,Vibranium (kg),2444.92,4.61,False
2025-12-02T05:00:00,Sanctum Sanctorum,Arc Reactor Cores,729.15,5.53,False
2025-12-02T05:00:00,Sanctum Sanctorum,Pym Particles,736.8,5.07,False
2025-12-02T05:00:00,Sanctum Sanctorum,Clean Water (L),2425.78,5.53,False
2025-12-02T05:00:00,Sanctum Sanctorum,Medical Kits,751.44,4.15,False
2025-12-02T05:00:00,Avengers Compound,Vibranium (kg),2441.79,4.61,False
2025-12-02T05:00:00,Avengers Compound,Arc Reactor Cores,731.62,5.53,False
2025-12-02T05:00:00,Avengers Compound,Pym Particles,734.62,5.07,False
2025-12-02T05:00:00,Avengers Compound,Clean Water (L),2430.19,5.53,False
2025-12-02T05:00:00,Avengers Compound,Medical Kits,747.25,4.15,False
2025-12-02T06:00:00,New Asgard,Vibranium (kg),2445.86,5.0,False
2025-12-02T06:00:00,New Asgard,Arc Reactor Cores,728.43,6.0,False
2025-12-02T06:00:00,New Asgard,Pym Particles,733.45,5.5,False
2025-12-02T06:00:00,New Asgard,Clean Water (L),2429.38,6.0,False
2025-12-02T06:00:00,New Asgard,Medical Kits,752.94,4.5,False
2025-12-02T06:00:00,Wakanda,Vibranium (kg),2444.06,5.0,False
2025-12-02T06:00:00,Wakanda,Arc Reactor Cores,720.52,6.0,False
2025-12-02T06:00:00,Wakanda,Pym Particles,739.41,5.5,False
2025-12-02T06:00:00,Wakanda,Clean Water (L),2425.51,6.0,False
2025-12-02T06:00:00,Wakanda,Medical Kits,752.02,4.5,False
2025-12-02T06:00:00,Sokovia,Vibranium (kg),2446.43,5.0,False
2025-12-02T06:00:00,Sokovia,Arc Reactor Cores,731.64,6.0,False
2025-12-02T06:00:00,Sokovia,Pym Particles,735.96,5.5,False
2025-12-02T06:00:00,Sokovia,Clean Water (L),2427.59,6.0,False
2025-12-02T06:00:00,Sokovia,Medical Kits,749.73,4.5,False
2025-12-02T06:00:00,Sanctum Sanctorum,Vibranium (kg),2442.25,5.0,False
2025-12-02T06:00:00,Sanctum Sanctorum,Arc Reactor Cores,727.36,6.0,False
2025-12-02T06:00:00,Sanctum Sanctorum,Pym Particles,734.38,5.5,False
2025-12-02T06:00:00,Sanctum Sanctorum,Clean Water (L),2424.68,6.0,False
2025-12-02T06:00:00,Sanctum Sanctorum,Medical Kits,750.14,4.5,False
2025-12-02T06:00:00,Avengers Compound,Vibranium (kg),2441.09,5.0,False
2025-12-02T06:00:00,Avengers Compound,Arc Reactor Cores,729.18,6.0,False
2025-12-02T06:00:00,Avengers Compound,Pym Particles,733.08,5.5,False
2025-12-02T06:00:00,Avengers Compound,Clean Water (L),2428.84,6.0,False
2025-12-02T06:00:00,Avengers Compound,Medical Kits,747.02,4.5,False
2025-12-02T07:00:00,New Asgard,Vibranium (kg),2444.47,5.39,False
2025-12-02T07:00:00,New Asgard,Arc Reactor Cores,726.43,6.47,False
2025-12-02T07:00:00,New Asgard,Pym Particles,731.94,5.93,False
2025-12-02T07:00:00,New Asgard,Clean Water (L),2426.63,6.47,False
2025-12-02T07:00:00,New Asgard,Medical Kits,752.34,4.85,False
2025-12-02T07:00:00,Wakanda,Vibranium (kg),2441.21,5.39,False
2025-12-02T07:00:00,Wakanda,Arc Reactor Cores,719.14,6.47,False
2025-12-02T07:00:00,Wakanda,Pym Particles,735.97,5.93,False
2025-12-02T07:00:00,Wakanda,Clean Water (L),2424.84,6.47,False
2025-12-02T07:00:00,Wakanda,Medical Kits,750.28,4.85,False
2025-12-02T07:00:00,Sokovia,Vibranium (kg),2444.99,5.39,False
2025-12-02T07:00:00,Sokovia,Arc Reactor Cores,730.17,6.47,False
2025-12-02T07:00:00,Sokovia,Pym Particles,734.97,5.93,False
2025-12-02T07:00:00,Sokovia,Clean Water (L),2425.34,6.47,False
2025-12-02T07:00:00,Sokovia,Medical Kits,747.94,4.85,False
2025-12-02T07:00:00,Sanctum Sanctorum,Vibranium (kg),2442.32,5.39,False
2025-12-02T07:00:00,Sanctum Sanctorum,Arc Reactor Cores,725.27,6.47,False
2025-12-02T07:00:00,Sanctum Sanctorum,Pym Particles,731.61,5.93,False
2025-12-02T07:00:00,Sanctum Sanctorum,Clean Water (L),2423.98,6.47,False
2025-12-02T07:00:00,Sanctum Sanctorum,Medical Kits,749.71,4.85,False
2025-12-02T07:00:00,Avengers Compound,Vibranium (kg),2439.38,5.39,False
2025-12-02T07:00:00,Avengers Compound,Arc Reactor Cores,727.27,6.47,False
2025-12-02T07:00:00,Avengers Compound,Pym Particles,731.64,5.93,False
2025-12-02T07:00:00,Avengers Compound,Clean Water (L),2427.25,6.47,False
2025-12-02T07:00:00,Avengers Compound,Medical Kits,745.04,4.85,False
2025-12-02T08:00:00,New Asgard,Vibranium (kg),2440.95,5.75,False
2025-12-02T08:00:00,New Asgard,Arc Reactor Cores,725.6,6.9,False
2025-12-02T08:00:00,New Asgard,Pym Particles,730.99,6.32,False
2025-12-02T08:00:00,New Asgard,Clean Water (L),2425.59,6.9,False
2025-12-02T08:00:00,New Asgard,Medical Kits,750.94,5.17,False
2025-12-02T08:00:00,Wakanda,Vibranium (kg),2439.59,5.75,False
2025-12-02T08:00:00,Wakanda,Arc Reactor Cores,716.48,6.9,False
2025-12-02T08:00:00,Wakanda,Pym Particles,733.4,6.32,False
2025-12-02T08:00:00,Wakanda,Clean Water (L),2423.19,6.9,False
2025-12-02T08:00:00,Wakanda,Medical Kits,747.26,5.17,False
2025-12-02T08:00:00,Sokovia,Vibranium (kg),2442.61,5.75,False
2025-12-02T08:00:00,Sokovia,Arc Reactor Cores,728.61,6.9,False
2025-12-02T08:00:00,Sokovia,Pym Particles,732.23,6.32,False
2025-12-02T08:00:00,Sokovia,Clean Water (L),2423.24,6.9,False
2025-12-02T08:00:00,Sokovia,Medical Kits,746.66,5.17,False
2025-12-02T08:00:00,Sanctum Sanctorum,Vibranium (kg),2440.37,5.75,False
2025-12-02T08:00:00,Sanctum Sanctorum,Arc Reactor Cores,722.51,6.9,False
2025-12-02T08:00:00,Sanctum Sanctorum,Pym Particles,730.17,6.32,False
2025-12-02T08:00:00,Sanctum Sanctorum,Clean Water (L),2421.15,6.9,False
2025-12-02T08:00:00,Sanctum Sanctorum,Medical Kits,746.65,5.17,False
2025-12-02T08:00:00,Avengers Compound,Vibranium (kg),2438.54,5.75,False
2025-12-02T08:00:00,Avengers Compound,Arc Reactor Cores,724.91,6.9,False
2025-12-02T08:00:00,Avengers Compound,Pym Particles,728.64,6.32,False
2025-12-02T08:00:00,Avengers Compound,Clean Water (L),2425.59,6.9,False
2025-12-02T08:00:00,Avengers Compound,Medical Kits,743.51,5.17,False
2025-12-02T09:00:00,New Asgard,Vibranium (kg),2439.26,6.06,False
2025-12-02T09:00:00,New Asgard,Arc Reactor Cores,724.03,7.27,False
2025-12-02T09:00:00,New Asgard,Pym Particles,729.23,6.67,False
2025-12-02T09:00:00,New Asgard,Clean Water (L),2423.2,7.27,False
2025-12-02T09:00:00,New Asgard,Medical Kits,748.84,5.45,False
2025-12-02T09:00:00,Wakanda,Vibranium (kg),2438.24,6.06,False
2025-12-02T09:00:00,Wakanda,Arc Reactor Cores,715.27,7.27,False
2025-12-02T09:00:00,Wakanda,Pym Particles,730.86,6.67,False
2025-12-02T09:00:00,Wakanda,Clean Water (L),2421.42,7.27,False
2025-12-02T09:00:00,Wakanda,Medical Kits,745.49,5.45,False
2025-12-02T09:00:00,Sokovia,Vibranium (kg),2441.3,6.06,False
2025-12-02T09:00:00,Sokovia,Arc Reactor Cores,724.76,7.27,False
2025-12-02T09:00:00,Sokovia,Pym Particles,729.9,6.67,False
2025-12-02T09:00:00,Sokovia,Clean Water (L),2420.35,7.27,False
2025-12-02T09:00:00,Sokovia,Medical Kits,745.05,5.45,False
2025-12-02T09:00:00,Sanctum Sanctorum,Vibranium (kg),2439.61,6.06,False
2025-12-02T09:00:00,Sanctum Sanctorum,Arc Reactor Cores,720.41,7.27,False
2025-12-02T09:00:00,Sanctum Sanctorum,Pym Particles,727.33,6.67,False
2025-12-02T09:00:00,Sanctum Sanctorum,Clean Water (L),2419.4,7.27,False
2025-12-02T09:00:00,Sanctum Sanctorum,Medical Kits,745.49,5.45,False
2025-12-02T09:00:00,Avengers Compound,Vibranium (kg),2438.02,6.06,False
2025-12-02T09:00:00,Avengers Compound,Arc Reactor Cores,721.55,7.27,False
2025-12-02T09:00:00,Avengers Compound,Pym Particles,728.41,6.67,False
2025-12-02T09:00:00,Avengers Compound,Clean Water (L),2423.39,7.27,False
2025-12-02T09:00:00,Avengers Compound,Medical Kits,741.66,5.45,False
2025-12-02T10:00:00,New Asgard,Vibranium (kg),2436.49,6.3,False
2025-12-02T10:00:00,New Asgard,Arc Reactor Cores,720.97,7.56,False
2025-12-02T10:00:00,New Asgard,Pym Particles,726.33,6.93,False
2025-12-02T10:00:00,New Asgard,Clean Water (L),2421.19,7.56,False
2025-12-02T10:00:00,New Asgard,Medical Kits,746.53,5.67,False
2025-12-02T10:00:00,Wakanda,Vibranium (kg),2436.34,6.3,False
2025-12-02T10:00:00,Wakanda,Arc Reactor Cores,713.29,7.56,False
2025-12-02T10:00:00,Wakanda,Pym Particles,730.1,6.93,False
2025-12-02T10:00:00,Wakanda,Clean Water (L),2419.32,7.56,False
2025-12-02T10:00:00,Wakanda,Medical Kits,743.84,5.67,False
2025-12-02T10:00:00,Sokovia,Vibranium (kg),2438.99,6.3,False
2025-12-02T10:00:00,Sokovia,Arc Reactor Cores,721.25,7.56,False
2025-12-02T10:00:00,Sokovia,Pym Particles,729.23,6.93,False
2025-12-02T10:00:00,Sokovia,Clean Water (L),2418.96,7.56,False
2025-12-02T10:00:00,Sokovia,Medical Kits,744.14,5.67,False
2025-12-02T10:00:00,Sanctum Sanctorum,Vibranium (kg),2437.98,6.3,False
2025-12-02T10:00:00,Sanctum Sanctorum,Arc Reactor Cores,718.28,7.56,False
2025-12-02T10:00:00,Sanctum Sanctorum,Pym Particles,725.42,6.93,False
2025-12-02T10:00:00,Sanctum Sanctorum,Clean Water (L),2417.11,7.56,False
2025-12-02T10:00:00,Sanctum Sanctorum,Medical Kits,744.16,5.67,False
2025-12-02T10:00:00,Avengers Compound,Vibranium (kg),2435.28,6.3,False
2025-12-02T10:00:00,Avengers Compound,Arc Reactor Cores,719.21,7.56,False
2025-12-02T10:00:00,Avengers Compound,Pym Particles,726.02,6.93,False
2025-12-02T10:00:00,Avengers Compound,Clean Water (L),2421.07,7.56,False
2025-12-02T10:00:00,Avengers Compound,Medical Kits,740.86,5.67,False
2025-12-02T11:00:00,New Asgard,Vibranium (kg),2434.23,6.45,False
2025-12-02T11:00:00,New Asgard,Arc Reactor Cores,718.58,7.74,False
2025-12-02T11:00:00,New Asgard,Pym Particles,724.2,7.09,False
2025-12-02T11:00:00,New Asgard,Clean Water (L),2418.52,7.74,False
2025-12-02T11:00:00,New Asgard,Medical Kits,744.77,5.8,False
2025-12-02T11:00:00,Wakanda,Vibranium (kg),2434.74,6.45,False
2025-12-02T11:00:00,Wakanda,Arc Reactor Cores,710.67,7.74,False
2025-12-02T11:00:00,Wakanda,Pym Particles,727.73,7.09,False
2025-12-02T11:00:00,Wakanda,Clean Water (L),2416.66,7.74,False
2025-12-02T11:00:00,Wakanda,Medical Kits,741.9,5.8,False
2025-12-02T11:00:00,Sokovia,Vibranium (kg),2437.53,6.45,False
2025-12-02T11:00:00,Sokovia,Arc Reactor Cores,718.98,7.74,False
2025-12-02T11:00:00,Sokovia,Pym Particles,727.15,7.09,False
2025-12-02T11:00:00,Sokovia,Clean Water (L),2414.44,7.74,False
2025-12-02T11:00:00,Sokovia,Medical Kits,740.83,5.8,False
2025-12-02T11:00:00,Sanctum Sanctorum,Vibranium (kg),2436.21,6.45,False
2025-12-02T11:00:00,Sanctum Sanctorum,Arc Reactor Cores,715.23,7.74,False
2025-12-02T11:00:00,Sanctum Sanctorum,Pym Particles,723.82,7.09,False
2025-12-02T11:00:00,Sanctum Sanctorum,Clean Water (L),2413.32,7.74,False
2025-12-02T11:00:00,Sanctum Sanctorum,Medical Kits,741.58,5.8,False
2025-12-02T11:00:00,Avengers Compound,Vibranium (kg),2431.66,6.45,False
2025-12-02T11:00:00,Avengers Compound,Arc Reactor Cores,715.71,7.74,False
2025-12-02T11:00:00,Avengers Compound,Pym Particles,724.52,7.09,False
2025-12-02T11:00:00,Avengers Compound,Clean Water (L),2418.43,7.74,False
2025-12-02T11:00:00,Avengers Compound,Medical Kits,740.35,5.8,False
2025-12-02T12:00:00,New Asgard,Vibranium (kg),2432.21,6.5,False
2025-12-02T12:00:00,New Asgard,Arc Reactor Cores,716.13,7.8,False
2025-12-02T12:00:00,New Asgard,Pym Particles,722.69,7.15,False
2025-12-02T12:00:00,New Asgard,Clean Water (L),2415.27,7.8,False
2025-12-02T12:00:00,New Asgard,Medical Kits,743.18,5.85,False
2025-12-02T12:00:00,Wakanda,Vibranium (kg),2432.16,6.5,False
2025-12-02T12:00:00,Wakanda,Arc Reactor Cores,709.11,7.8,False
2025-12-02T12:00:00,Wakanda,Pym Particles,726.35,7.15,False
2025-12-02T12:00:00,Wakanda,Clean Water (L),2412.71,7.8,False
2025-12-02T12:00:00,Wakanda,Medical Kits,741.38,5.85,False
2025-12-02T12:00:00,Sokovia,Vibranium (kg),2435.77,6.5,False
2025-12-02T12:00:00,Sokovia,Arc Reactor Cores,715.74,7.8,False
2025-12-02T12:00:00,Sokovia,Pym Particles,723.57,7.15,False
2025-12-02T12:00:00,Sokovia,Clean Water (L),2411.23,7.8,False
2025-12-02T12:00:00,Sokovia,Medical Kits,738.87,5.85,False
2025-12-02T12:00:00,Sanctum Sanctorum,Vibranium (kg),2433.26,6.5,False
2025-12-02T12:00:00,Sanctum Sanctorum,Arc Reactor Cores,714.04,7.8,False
2025-12-02T12:00:00,Sanctum Sanctorum,Pym Particles,720.69,7.15,False
2025-12-02T12:00:00,Sanctum Sanctorum,Clean Water (L),2411.03,7.8,False
2025-12-02T12:00:00,Sanctum Sanctorum,Medical Kits,739.95,5.85,False
2025-12-02T12:00:00,Avengers Compound,Vibranium (kg),2429.49,6.5,False
2025-12-02T12:00:00,Avengers Compound,Arc Reactor Cores,711.52,7.8,False
2025-12-02T12:00:00,Avengers Compound,Pym Particles,722.59,7.15,False
2025-12-02T12:00:00,Avengers Compound,Clean Water (L),2414.91,7.8,False
2025-12-02T12:00:00,Avengers Compound,Medical Kits,738.41,5.85,False
2025-12-02T13:00:00,New Asgard,Vibranium (kg),2429.14,6.45,False
2025-12-02T13:00:00,New Asgard,Arc Reactor Cores,713.8,7.74,False
2025-12-02T13:00:00,New Asgard,Pym Particles,721.46,7.09,False
2025-12-02T13:00:00,New Asgard,Clean Water (L),2411.7,7.74,False
2025-12-02T13:00:00,New Asgard,Medical Kits,739.55,5.8,False
2025-12-02T13:00:00,Wakanda,Vibranium (kg),2430.78,6.45,False
2025-12-02T13:00:00,Wakanda,Arc Reactor Cores,706.38,7.74,False
2025-12-02T13:00:00,Wakanda,Pym Particles,723.78,7.09,False
2025-12-02T13:00:00,Wakanda,Clean Water (L),2410.42,7.74,False
2025-12-02T13:00:00,Wakanda,Medical Kits,740.41,5.8,False
2025-12-02T13:00:00,Sokovia,Vibranium (kg),2434.08,6.45,False
2025-12-02T13:00:00,Sokovia,Arc Reactor Cores,712.13,7.74,False
2025-12-02T13:00:00,Sokovia,Pym Particles,720.12,7.09,False
2025-12-02T13:00:00,Sokovia,Clean Water (L),2408.46,7.74,False
2025-12-02T13:00:00,Sokovia,Medical Kits,738.2,5.8,False
2025-12-02T13:00:00,Sanctum Sanctorum,Vibranium (kg),2429.42,6.45,False
2025-12-02T13:00:00,Sanctum Sanctorum,Arc Reactor Cores,710.33,7.74,False
2025-12-02T13:00:00,Sanctum Sanctorum,Pym Particles,719.11,7.09,False
2025-12-02T13:00:00,Sanctum Sanctorum,Clean Water (L),2407.79,7.74,False
2025-12-02T13:00:00,Sanctum Sanctorum,Medical Kits,738.17,5.8,False
2025-12-02T13:00:00,Avengers Compound,Vibranium (kg),2428.66,6.45,False
2025-12-02T13:00:00,Avengers Compound,Arc Reactor Cores,710.91,7.74,False
2025-12-02T13:00:00,Avengers Compound,Pym Particles,721.28,7.09,False
2025-12-02T13:00:00,Avengers Compound,Clean Water (L),2411.82,7.74,False
2025-12-02T13:00:00,Avengers Compound,Medical Kits,736.26,5.8,False
2025-12-02T14:00:00,New Asgard,Vibranium (kg),2426.54,6.3,False
2025-12-02T14:00:00,New Asgard,Arc Reactor Cores,711.06,7.56,False
2025-12-02T14:00:00,New Asgard,Pym Particles,719.58,6.93,False
2025-12-02T14:00:00,New Asgard,Clean Water (L),2409.16,7.56,False
2025-12-02T14:00:00,New Asgard,Medical Kits,736.64,5.67,False
2025-12-02T14:00:00,Wakanda,Vibranium (kg),2428.29,6.3,False
2025-12-02T14:00:00,Wakanda,Arc Reactor Cores,704.04,7.56,False
2025-12-02T14:00:00,Wakanda,Pym Particles,721.96,6.93,False
2025-12-02T14:00:00,Wakanda,Clean Water (L),2409.3,7.56,False
2025-12-02T14:00:00,Wakanda,Medical Kits,738.27,5.67,False
2025-12-02T14:00:00,Sokovia,Vibranium (kg),2430.65,6.3,False
2025-12-02T14:00:00,Sokovia,Arc Reactor Cores,710.98,7.56,False
2025-12-02T14:00:00,Sokovia,Pym Particles,718.09,6.93,False
2025-12-02T14:00:00,Sokovia,Clean Water (L),2406.59,7.56,False
2025-12-02T14:00:00,Sokovia,Medical Kits,735.5,5.67,False
2025-12-02T14:00:00,Sanctum Sanctorum,Vibranium (kg),2426.2,6.3,False
2025-12-02T14:00:00,Sanctum Sanctorum,Arc Reactor Cores,708.6,7.56,False
2025-12-02T14:00:00,Sanctum Sanctorum,Pym Particles,716.01,6.93,False
2025-12-02T14:00:00,Sanctum Sanctorum,Clean Water (L),2405.74,7.56,False
2025-12-02T14:00:00,Sanctum Sanctorum,Medical Kits,736.36,5.67,False
2025-12-02T14:00:00,Avengers Compound,Vibranium (kg),2428.14,6.3,False
2025-12-02T14:00:00,Avengers Compound,Arc Reactor Cores,707.98,7.56,False
2025-12-02T14:00:00,Avengers Compound,Pym Particles,720.75,6.93,False
2025-12-02T14:00:00,Avengers Compound,Clean Water (L),2409.03,7.56,False
2025-12-02T14:00:00,Avengers Compound,Medical Kits,734.34,5.67,False
2025-12-02T15:00:00,New Asgard,Vibranium (kg),2423.97,6.06,False
2025-12-02T15:00:00,New Asgard,Arc Reactor Cores,708.24,7.27,False
2025-12-02T15:00:00,New Asgard,Pym Particles,719.43,6.67,False
2025-12-02T15:00:00,New Asgard,Clean Water (L),2406.37,7.27,False
2025-12-02T15:00:00,New Asgard,Medical Kits,736.56,5.45,False
2025-12-02T15:00:00,Wakanda,Vibranium (kg),2425.27,6.06,False
2025-12-02T15:00:00,Wakanda,Arc Reactor Cores,701.49,7.27,False
2025-12-02T15:00:00,Wakanda,Pym Particles,719.5,6.67,False
2025-12-02T15:00:00,Wakanda,Clean Water (L),2407.21,7.27,False
2025-12-02T15:00:00,Wakanda,Medical Kits,736.96,5.45,False
2025-12-02T15:00:00,Sokovia,Vibranium (kg),2428.1,6.06,False
2025-12-02T15:00:00,Sokovia,Arc Reactor Cores,709.29,7.27,False
2025-12-02T15:00:00,Sokovia,Pym Particles,716.11,6.67,False
2025-12-02T15:00:00,Sokovia,Clean Water (L),2404.52,7.27,False
2025-12-02T15:00:00,Sokovia,Medical Kits,734.39,5.45,False
2025-12-02T15:00:00,Sanctum Sanctorum,Vibranium (kg),2423.99,6.06,False
2025-12-02T15:00:00,Sanctum Sanctorum,Arc Reactor Cores,706.12,7.27,False
2025-12-02T15:00:00,Sanctum Sanctorum,Pym Particles,714.03,6.67,False
2025-12-02T15:00:00,Sanctum Sanctorum,Clean Water (L),2405.02,7.27,False
2025-12-02T15:00:00,Sanctum Sanctorum,Medical Kits,735.9,5.45,False
2025-12-02T15:00:00,Avengers Compound,Vibranium (kg),2425.37,6.06,False
2025-12-02T15:00:00,Avengers Compound,Arc Reactor Cores,706.26,7.27,False
2025-12-02T15:00:00,Avengers Compound,Pym Particles,719.77,6.67,False
2025-12-02T15:00:00,Avengers Compound,Clean Water (L),2408.8,7.27,False
2025-12-02T15:00:00,Avengers Compound,Medical Kits,733.88,5.45,False
2025-12-02T16:00:00,New Asgard,Vibranium (kg),2422.81,5.75,False
2025-12-02T16:00:00,New Asgard,Arc Reactor Cores,706.76,6.9,False
2025-12-02T16:00:00,New Asgard,Pym Particles,717.31,6.32,False
2025-12-02T16:00:00,New Asgard,Clean Water (L),2405.23,6.9,False
2025-12-02T16:00:00,New Asgard,Medical Kits,735.87,5.17,False
2025-12-02T16:00:00,Wakanda,Vibranium (kg),2423.74,5.75,False
2025-12-02T16:00:00,Wakanda,Arc Reactor Cores,701.01,6.9,False
2025-12-02T16:00:00,Wakanda,Pym Particles,718.45,6.32,False
2025-12-02T16:00:00,Wakanda,Clean Water (L),2404.41,6.9,False
2025-12-02T16:00:00,Wakanda,Medical Kits,736.86,5.17,False
2025-12-02T16:00:00,Sokovia,Vibranium (kg),2426.55,5.75,False
2025-12-02T16:00:00,Sokovia,Arc Reactor Cores,708.54,6.9,False
2025-12-02T16:00:00,Sokovia,Pym Particles,714.02,6.32,False
2025-12-02T16:00:00,Sokovia,Clean Water (L),2402.84,6.9,False
2025-12-02T16:00:00,Sokovia,Medical Kits,733.46,5.17,False
2025-12-02T16:00:00,Sanctum Sanctorum,Vibranium (kg),2424.13,5.75,False
2025-12-02T16:00:00,Sanctum Sanctorum,Arc Reactor Cores,705.41,6.9,False
2025-12-02T16:00:00,Sanctum Sanctorum,Pym Particles,712.21,6.32,False
2025-12-02T16:00:00,Sanctum Sanctorum,Clean Water (L),2402.21,6.9,False
2025-12-02T16:00:00,Sanctum Sanctorum,Medical Kits,734.85,5.17,False
2025-12-02T16:00:00,Avengers Compound,Vibranium (kg),2424.12,5.75,False
2025-12-02T16:00:00,Avengers Compound,Arc Reactor Cores,704.98,6.9,False
2025-12-02T16:00:00,Avengers Compound,Pym Particles,718.66,6.32,False
2025-12-02T16:00:00,Avengers Compound,Clean Water (L),2407.86,6.9,False
2025-12-02T16:00:00,Avengers Compound,Medical Kits,732.87,5.17,False
2025-12-02T17:00:00,New Asgard,Vibranium (kg),2422.84,5.39,False
2025-12-02T17:00:00,New Asgard,Arc Reactor Cores,707.62,6.47,False
2025-12-02T17:00:00,New Asgard,Pym Particles,715.28,5.93,False
2025-12-02T17:00:00,New Asgard,Clean Water (L),2404.16,6.47,False
2025-12-02T17:00:00,New Asgard,Medical Kits,735.33,4.85,False
2025-12-02T17:00:00,Wakanda,Vibranium (kg),2423.97,5.39,False
2025-12-02T17:00:00,Wakanda,Arc Reactor Cores,699.72,6.47,False
2025-12-02T17:00:00,Wakanda,Pym Particles,717.7,5.93,False
2025-12-02T17:00:00,Wakanda,Clean Water (L),2402.82,6.47,False
2025-12-02T17:00:00,Wakanda,Medical Kits,737.36,4.85,False
2025-12-02T17:00:00,Sokovia,Vibranium (kg),2426.91,5.39,False
2025-12-02T17:00:00,Sokovia,Arc Reactor Cores,707.02,6.47,False
2025-12-02T17:00:00,Sokovia,Pym Particles,712.66,5.93,False
2025-12-02T17:00:00,Sokovia,Clean Water (L),2402.93,6.47,False
2025-12-02T17:00:00,Sokovia,Medical Kits,733.13,4.85,False
2025-12-02T17:00:00,Sanctum Sanctorum,Vibranium (kg),2424.82,5.39,False
2025-12-02T17:00:00,Sanctum Sanctorum,Arc Reactor Cores,706.4,6.47,False
2025-12-02T17:00:00,Sanctum Sanctorum,Pym Particles,711.12,5.93,False
2025-12-02T17:00:00,Sanctum Sanctorum,Clean Water (L),2402.67,6.47,False
2025-12-02T17:00:00,Sanctum Sanctorum,Medical Kits,735.29,4.85,False
2025-12-02T17:00:00,Avengers Compound,Vibranium (kg),2424.15,5.39,False
2025-12-02T17:00:00,Avengers Compound,Arc Reactor Cores,703.37,6.47,False
2025-12-02T17:00:00,Avengers Compound,Pym Particles,716.28,5.93,False
2025-12-02T17:00:00,Avengers Compound,Clean Water (L),2406.22,6.47,False
2025-12-02T17:00:00,Avengers Compound,Medical Kits,732.34,4.85,False
2025-12-02T18:00:00,New Asgard,Vibranium (kg),2423.79,5.0,False
2025-12-02T18:00:00,New Asgard,Arc Reactor Cores,706.75,6.0,False
2025-12-02T18:00:00,New Asgard,Pym Particles,713.97,5.5,False
2025-12-02T18:00:00,New Asgard,Clean Water (L),2403.83,6.0,False
2025-12-02T18:00:00,New Asgard,Medical Kits,736.22,4.5,False
2025-12-02T18:00:00,Wakanda,Vibranium (kg),2422.66,5.0,False
2025-12-02T18:00:00,Wakanda,Arc Reactor Cores,699.14,6.0,False
2025-12-02T18:00:00,Wakanda,Pym Particles,718.19,5.5,False
2025-12-02T18:00:00,Wakanda,Clean Water (L),2402.79,6.0,False
2025-12-02T18:00:00,Wakanda,Medical Kits,738.19,4.5,False
2025-12-02T18:00:00,Sokovia,Vibranium (kg),2425.77,5.0,False
2025-12-02T18:00:00,Sokovia,Arc Reactor Cores,706.48,6.0,False
2025-12-02T18:00:00,Sokovia,Pym Particles,713.13,5.5,False
2025-12-02T18:00:00,Sokovia,Clean Water (L),2402.95,6.0,False
2025-12-02T18:00:00,Sokovia,Medical Kits,732.97,4.5,False
2025-12-02T18:00:00,Sanctum Sanctorum,Vibranium (kg),2425.49,5.0,False
2025-12-02T18:00:00,Sanctum Sanctorum,Arc Reactor Cores,704.94,6.0,False
2025-12-02T18:00:00,Sanctum Sanctorum,Pym Particles,710.27,5.5,False
2025-12-02T18:00:00,Sanctum Sanctorum,Clean Water (L),2400.95,6.0,False
2025-12-02T18:00:00,Sanctum Sanctorum,Medical Kits,736.33,4.5,False
2025-12-02T18:00:00,Avengers Compound,Vibranium (kg),2424.42,5.0,False
2025-12-02T18:00:00,Avengers Compound,Arc Reactor Cores,702.82,6.0,False
2025-12-02T18:00:00,Avengers Compound,Pym Particles,716.2,5.5,False
2025-12-02T18:00:00,Avengers Compound,Clean Water (L),2405.95,6.0,False
2025-12-02T18:00:00,Avengers Compound,Medical Kits,732.44,4.5,False
2025-12-02T19:00:00,New Asgard,Vibranium (kg),2422.58,4.61,False
2025-12-02T19:00:00,New Asgard,Arc Reactor Cores,707.37,5.53,False
2025-12-02T19:00:00,New Asgard,Pym Particles,712.71,5.07,False
2025-12-02T19:00:00,New Asgard,Clean Water (L),2403.32,5.53,False
2025-12-02T19:00:00,New Asgard,Medical Kits,737.3,4.15,False
2025-12-02T19:00:00,Wakanda,Vibranium (kg),2423.29,4.61,False
2025-12-02T19:00:00,Wakanda,Arc Reactor Cores,700.06,5.53,False
2025-12-02T19:00:00,Wakanda,Pym Particles,718.19,5.07,False
2025-12-02T19:00:00,Wakanda,Clean Water (L),2403.32,5.53,False
2025-12-02T19:00:00,Wakanda,Medical Kits,736.91,4.15,False
2025-12-02T19:00:00,Sokovia,Vibranium (kg),2425.94,4.61,False
2025-12-02T19:00:00,Sokovia,Arc Reactor Cores,706.83,5.53,False
2025-12-02T19:00:00,Sokovia,Pym Particles,714.58,5.07,False
2025-12-02T19:00:00,Sokovia,Clean Water (L),2403.32,5.53,False
2025-12-02T19:00:00,Sokovia,Medical Kits,732.83,4.15,False
2025-12-02T19:00:00,Sanctum Sanctorum,Vibranium (kg),2426.24,4.61,False
2025-12-02T19:00:00,Sanctum Sanctorum,Arc Reactor Cores,703.78,5.53,False
2025-12-02T19:00:00,Sanctum Sanctorum,Pym Particles,710.88,5.07,False
2025-12-02T19:00:00,Sanctum Sanctorum,Clean Water (L),2402.19,5.53,False
2025-12-02T19:00:00,Sanctum Sanctorum,Medical Kits,736.11,4.15,False
2025-12-02T19:00:00,Avengers Compound,Vibranium (kg),2424.98,4.61,False
2025-12-02T19:00:00,Avengers Compound,Arc Reactor Cores,704.11,5.53,False
2025-12-02T19:00:00,Avengers Compound,Pym Particles,714.88,5.07,False
2025-12-02T19:00:00,Avengers Compound,Clean Water (L),2406.56,5.53,False
2025-12-02T19:00:00,Avengers Compound,Medical Kits,732.28,4.15,False
2025-12-02T20:00:00,New Asgard,Vibranium (kg),2422.61,4.25,False
2025-12-02T20:00:00,New Asgard,Arc Reactor Cores,706.4,5.1,False
2025-12-02T20:00:00,New Asgard,Pym Particles,713.5,4.68,False
2025-12-02T20:00:00,New Asgard,Clean Water (L),2404.49,5.1,False
2025-12-02T20:00:00,New Asgard,Medical Kits,736.65,3.83,False
2025-12-02T20:00:00,Wakanda,Vibranium (kg),2423.57,4.25,False
2025-12-02T20:00:00,Wakanda,Arc Reactor Cores,700.24,5.1,False
2025-12-02T20:00:00,Wakanda,Pym Particles,719.39,4.68,False
2025-12-02T20:00:00,Wakanda,Clean Water (L),2403.84,5.1,False
2025-12-02T20:00:00,Wakanda,Medical Kits,738.9,3.83,False
2025-12-02T20:00:00,Sokovia,Vibranium (kg),2426.86,4.25,False
2025-12-02T20:00:00,Sokovia,Arc Reactor Cores,709.35,5.1,False
2025-12-02T20:00:00,Sokovia,Pym Particles,715.18,4.68,False
2025-12-02T20:00:00,Sokovia,Clean Water (L),2405.35,5.1,False
2025-12-02T20:00:00,Sokovia,Medical Kits,733.65,3.83,False
2025-12-02T20:00:00,Sanctum Sanctorum,Vibranium (kg),2425.11,4.25,False
2025-12-02T20:00:00,Sanctum Sanctorum,Arc Reactor Cores,705.65,5.1,False
2025-12-02T20:00:00,Sanctum Sanctorum,Pym Particles,711.35,4.68,False
2025-12-02T20:00:00,Sanctum Sanctorum,Clean Water (L),2403.1,5.1,False
2025-12-02T20:00:00,Sanctum Sanctorum,Medical Kits,736.75,3.83,False
2025-12-02T20:00:00,Avengers Compound,Vibranium (kg),2426.36,4.25,False
2025-12-02T20:00:00,Avengers Compound,Arc Reactor Cores,705.1,5.1,False
2025-12-02T20:00:00,Avengers Compound,Pym Particles,715.46,4.68,False
2025-12-02T20:00:00,Avengers Compound,Clean Water (L),2407.68,5.1,False
2025-12-02T20:00:00,Avengers Compound,Medical Kits,733.9,3.83,False
2025-12-02T21:00:00,New Asgard,Vibranium (kg),2424.91,3.94,False
2025-12-02T21:00:00,New Asgard,Arc Reactor Cores,707.92,4.73,False
2025-12-02T21:00:00,New Asgard,Pym Particles,715.36,4.33,False
2025-12-02T21:00:00,New Asgard,Clean Water (L),2406.63,4.73,False
2025-12-02T21:00:00,New Asgard,Medical Kits,737.64,3.55,False
2025-12-02T21:00:00,Wakanda,Vibranium (kg),2424.1,3.94,False
2025-12-02T21:00:00,Wakanda,Arc Reactor Cores,701.2,4.73,False
2025-12-02T21:00:00,Wakanda,Pym Particles,719.72,4.33,False
2025-12-02T21:00:00,Wakanda,Clean Water (L),2403.97,4.73,False
2025-12-02T21:00:00,Wakanda,Medical Kits,740.14,3.55,False
2025-12-02T21:00:00,Sokovia,Vibranium (kg),2428.67,3.94,False
2025-12-02T21:00:00,Sokovia,Arc Reactor Cores,710.54,4.73,False
2025-12-02T21:00:00,Sokovia,Pym Particles,715.1,4.33,False
2025-12-02T21:00:00,Sokovia,Clean Water (L),2406.52,4.73,False
2025-12-02T21:00:00,Sokovia,Medical Kits,733.89,3.55,False
2025-12-02T21:00:00,Sanctum Sanctorum,Vibranium (kg),2426.07,3.94,False
2025-12-02T21:00:00,Sanctum Sanctorum,Arc Reactor Cores,707.03,4.73,False
2025-12-02T21:00:00,Sanctum Sanctorum,Pym Particles,711.95,4.33,False
2025-12-02T21:00:00,Sanctum Sanctorum,Clean Water (L),2404.6,4.73,False
2025-12-02T21:00:00,Sanctum Sanctorum,Medical Kits,736.3,3.55,False
2025-12-02T21:00:00,Avengers Compound,Vibranium (kg),2425.96,3.94,False
2025-12-02T21:00:00,Avengers Compound,Arc Reactor Cores,706.8,4.73,False
2025-12-02T21:00:00,Avengers Compound,Pym Particles,716.21,4.33,False
2025-12-02T21:00:00,Avengers Compound,Clean Water (L),2409.48,4.73,False
2025-12-02T21:00:00,Avengers Compound,Medical Kits,735.0,3.55,False
2025-12-02T22:00:00,New Asgard,Vibranium (kg),2426.48,3.7,False
2025-12-02T22:00:00,New Asgard,Arc Reactor Cores,709.94,4.44,False
2025-12-02T22:00:00,New Asgard,Pym Particles,714.78,4.07,False
2025-12-02T22:00:00,New Asgard,Clean Water (L),2409.04,4.44,False
2025-12-02T22:00:00,New Asgard,Medical Kits,737.24,3.33,False
2025-12-02T22:00:00,Wakanda,Vibranium (kg),2425.86,3.7,False
2025-12-02T22:00:00,Wakanda,Arc Reactor Cores,701.25,4.44,False
2025-12-02T22:00:00,Wakanda,Pym Particles,721.58,4.07,False
2025-12-02T22:00:00,Wakanda,Clean Water (L),2405.61,4.44,False
2025-12-02T22:00:00,Wakanda,Medical Kits,740.78,3.33,False
2025-12-02T22:00:00,Sokovia,Vibranium (kg),2428.23,3.7,False
2025-12-02T22:00:00,Sokovia,Arc Reactor Cores,711.52,4.44,False
2025-12-02T22:00:00,Sokovia,Pym Particles,714.46,4.07,False
2025-12-02T22:00:00,Sokovia,Clean Water (L),2408.69,4.44,False
2025-12-02T22:00:00,Sokovia,Medical Kits,734.66,3.33,False
2025-12-02T22:00:00,Sanctum Sanctorum,Vibranium (kg),2427.67,3.7,False
2025-12-02T22:00:00,Sanctum Sanctorum,Arc Reactor Cores,708.03,4.44,False
2025-12-02T22:00:00,Sanctum Sanctorum,Pym Particles,712.5,4.07,False
2025-12-02T22:00:00,Sanctum Sanctorum,Clean Water (L),2406.0,4.44,False
2025-12-02T22:00:00,Sanctum Sanctorum,Medical Kits,737.1,3.33,False
2025-12-02T22:00:00,Avengers Compound,Vibranium (kg),2426.08,3.7,False
2025-12-02T22:00:00,Avengers Compound,Arc Reactor Cores,708.98,4.44,False
2025-12-02T22:00:00,Avengers Compound,Pym Particles,717.51,4.07,False
2025-12-02T22:00:00,Avengers Compound,Clean Water (L),2410.57,4.44,False
2025-12-02T22:00:00,Avengers Compound,Medical Kits,735.08,3.33,False
2025-12-02T23:00:00,New Asgard,Vibranium (kg),2427.47,3.55,False
2025-12-02T23:00:00,New Asgard,Arc Reactor Cores,710.44,4.26,False
2025-12-02T23:00:00,New Asgard,Pym Particles,716.31,3.91,False
2025-12-02T23:00:00,New Asgard,Clean Water (L),2410.24,4.26,False
2025-12-02T23:00:00,New Asgard,Medical Kits,739.18,3.2,False
2025-12-02T23:00:00,Wakanda,Vibranium (kg),2428.0,3.55,False
2025-12-02T23:00:00,Wakanda,Arc Reactor Cores,704.27,4.26,False
2025-12-02T23:00:00,Wakanda,Pym Particles,722.18,3.91,False
2025-12-02T23:00:00,Wakanda,Clean Water (L),2407.92,4.26,False
2025-12-02T23:00:00,Wakanda,Medical Kits,741.87,3.2,False
2025-12-02T23:00:00,Sokovia,Vibranium (kg),2429.0,3.55,False
2025-12-02T23:00:00,Sokovia,Arc Reactor Cores,712.16,4.26,False
2025-12-02T23:00:00,Sokovia,Pym Particles,714.34,3.91,False
2025-12-02T23:00:00,Sokovia,Clean Water (L),2410.45,4.26,False
2025-12-02T23:00:00,Sokovia,Medical Kits,736.07,3.2,False
2025-12-02T23:00:00,Sanctum Sanctorum,Vibranium (kg),2428.14,3.55,False
2025-12-02T23:00:00,Sanctum Sanctorum,Arc Reactor Cores,709.6,4.26,False
2025-12-02T23:00:00,Sanctum Sanctorum,Pym Particles,714.23,3.91,False
2025-12-02T23:00:00,Sanctum Sanctorum,Clean Water (L),2408.22,4.26,False
2025-12-02T23:00:00,Sanctum Sanctorum,Medical Kits,738.92,3.2,False
2025-12-02T23:00:00,Avengers Compound,Vibranium (kg),2427.48,3.55,False
2025-12-02T23:00:00,Avengers Compound,Arc Reactor Cores,710.57,4.26,False
2025-12-02T23:00:00,Avengers Compound,Pym Particles,717.13,3.91,False
2025-12-02T23:00:00,Avengers Compound,Clean Water (L),2411.09,4.26,False
2025-12-02T23:00:00,Avengers Compound,Medical Kits,736.24,3.2,False
2025-12-03T00:00:00,New Asgard,Vibranium (kg),2429.35,3.5,False
2025-12-03T00:00:00,New Asgard,Arc Reactor Cores,710.91,4.2,False
2025-12-03T00:00:00,New Asgard,Pym Particles,716.54,3.85,False
2025-12-03T00:00:00,New Asgard,Clean Water (L),2411.0,4.2,False
2025-12-03T00:00:00,New Asgard,Medical Kits,740.55,3.15,False
2025-12-03T00:00:00,Wakanda,Vibranium (kg),2428.56,3.5,False
2025-12-03T00:00:00,Wakanda,Arc Reactor Cores,706.94,4.2,False
2025-12-03T00:00:00,Wakanda,Pym Particles,725.12,3.85,False
2025-12-03T00:00:00,Wakanda,Clean Water (L),2407.52,4.2,False
2025-12-03T00:00:00,Wakanda,Medical Kits,743.19,3.15,False
2025-12-03T00:00:00,Sokovia,Vibranium (kg),2428.75,3.5,False
2025-12-03T00:00:00,Sokovia,Arc Reactor Cores,713.28,4.2,False
2025-12-03T00:00:00,Sokovia,Pym Particles,714.94,3.85,False
2025-12-03T00:00:00,Sokovia,Clean Water (L),2411.84,4.2,False
2025-12-03T00:00:00,Sokovia,Medical Kits,735.63,3.15,False
2025-12-03T00:00:00,Sanctum Sanctorum,Vibranium (kg),2429.93,3.5,False
2025-12-03T00:00:00,Sanctum Sanctorum,Arc Reactor Cores,711.98,4.2,False
2025-12-03T00:00:00,Sanctum Sanctorum,Pym Particles,717.07,3.85,False
2025-12-03T00:00:00,Sanctum Sanctorum,Clean Water (L),2408.55,4.2,False
2025-12-03T00:00:00,Sanctum Sanctorum,Medical Kits,739.18,3.15,False
2025-12-03T00:00:00,Avengers Compound,Vibranium (kg),2429.47,3.5,False
2025-12-03T00:00:00,Avengers Compound,Arc Reactor Cores,710.64,4.2,False
2025-12-03T00:00:00,Avengers Compound,Pym Particles,717.78,3.85,False
2025-12-03T00:00:00,Avengers Compound,Clean Water (L),2412.94,4.2,False
2025-12-03T00:00:00,Avengers Compound,Medical Kits,736.96,3.15,False
2025-12-03T01:00:00,New Asgard,Vibranium (kg),2431.01,3.55,False
2025-12-03T01:00:00,New Asgard,Arc Reactor Cores,712.61,4.26,False
2025-12-03T01:00:00,New Asgard,Pym Particles,718.02,3.91,False
2025-12-03T01:00:00,New Asgard,Clean Water (L),2411.55,4.26,False
2025-12-03T01:00:00,New Asgard,Medical Kits,740.62,3.2,False
2025-12-03T01:00:00,Wakanda,Vibranium (kg),2429.5,3.55,False
2025-12-03T01:00:00,Wakanda,Arc Reactor Cores,708.76,4.26,False
2025-12-03T01:00:00,Wakanda,Pym Particles,727.15,3.91,False
2025-12-03T01:00:00,Wakanda,Clean Water (L),2408.3,4.26,False
2025-12-03T01:00:00,Wakanda,Medical Kits,745.79,3.2,False
2025-12-03T01:00:00,Sokovia,Vibranium (kg),2430.38,3.55,False
2025-12-03T01:00:00,Sokovia,Arc Reactor Cores,712.95,4.26,False
2025-12-03T01:00:00,Sokovia,Pym Particles,716.13,3.91,False
2025-12-03T01:00:00,Sokovia,Clean Water (L),2413.95,4.26,False
2025-12-03T01:00:00,Sokovia,Medical Kits,735.73,3.2,False
2025-12-03T01:00:00,Sanctum Sanctorum,Vibranium (kg),2430.77,3.55,False
2025-12-03T01:00:00,Sanctum Sanctorum,Arc Reactor Cores,713.25,4.26,False
2025-12-03T01:00:00,Sanctum Sanctorum,Pym Particles,717.19,3.91,False
2025-12-03T01:00:00,Sanctum Sanctorum,Clean Water (L),2410.15,4.26,False
2025-12-03T01:00:00,Sanctum Sanctorum,Medical Kits,739.33,3.2,False
2025-12-03T01:00:00,Avengers Compound,Vibranium (kg),2430.73,3.55,False
2025-12-03T01:00:00,Avengers Compound,Arc Reactor Cores,712.24,4.26,False
2025-12-03T01:00:00,Avengers Compound,Pym Particles,717.89,3.91,False
2025-12-03T01:00:00,Avengers Compound,Clean Water (L),2415.17,4.26,False
2025-12-03T01:00:00,Avengers Compound,Medical Kits,737.4,3.2,False
2025-12-03T02:00:00,New Asgard,Vibranium (kg),2431.87,3.7,False
2025-12-03T02:00:00,New Asgard,Arc Reactor Cores,713.71,4.44,False
2025-12-03T02:00:00,New Asgard,Pym Particles,720.64,4.07,False
2025-12-03T02:00:00,New Asgard,Clean Water (L),2413.31,4.44,False
2025-12-03T02:00:00,New Asgard,Medical Kits,741.67,3.33,False
2025-12-03T02:00:00,Wakanda,Vibranium (kg),2430.69,3.7,False
2025-12-03T02:00:00,Wakanda,Arc Reactor Cores,710.48,4.44,False
2025-12-03T02:00:00,Wakanda,Pym Particles,727.3,4.07,False
2025-12-03T02:00:00,Wakanda,Clean Water (L),2409.51,4.44,False
2025-12-03T02:00:00,Wakanda,Medical Kits,747.55,3.33,False
2025-12-03T02:00:00,Sokovia,Vibranium (kg),2430.89,3.7,False
2025-12-03T02:00:00,Sokovia,Arc Reactor Cores,713.53,4.44,False
2025-12-03T02:00:00,Sokovia,Pym Particles,716.9,4.07,False
2025-12-03T02:00:00,Sokovia,Clean Water (L),2413.24,4.44,False
2025-12-03T02:00:00,Sokovia,Medical Kits,737.12,3.33,False
2025-12-03T02:00:00,Sanctum Sanctorum,Vibranium (kg),2430.51,3.7,False
2025-12-03T02:00:00,Sanctum Sanctorum,Arc Reactor Cores,712.7,4.44,False
2025-12-03T02:00:00,Sanctum Sanctorum,Pym Particles,716.51,4.07,False
2025-12-03T02:00:00,Sanctum Sanctorum,Clean Water (L),2411.51,4.44,False
2025-12-03T02:00:00,Sanctum Sanctorum,Medical Kits,740.47,3.33,False
2025-12-03T02:00:00,Avengers Compound,Vibranium (kg),2432.06,3.7,False
2025-12-03T02:00:00,Avengers Compound,Arc Reactor Cores,713.27,4.44,False
2025-12-03T02:00:00,Avengers Compound,Pym Particles,719.15,4.07,False
2025-12-03T02:00:00,Avengers Compound,Clean Water (L),2416.3,4.44,False
2025-12-03T02:00:00,Avengers Compound,Medical Kits,737.91,3.33,False
2025-12-03T03:00:00,New Asgard,Vibranium (kg),2431.93,3.94,False
2025-12-03T03:00:00,New Asgard,Arc Reactor Cores,713.41,4.73,False
2025-12-03T03:00:00,New Asgard,Pym Particles,720.77,4.33,False
2025-12-03T03:00:00,New Asgard,Clean Water (L),2413.41,4.73,False
2025-12-03T03:00:00,New Asgard,Medical Kits,740.71,3.55,False
2025-12-03T03:00:00,Wakanda,Vibranium (kg),2430.79,3.94,False
2025-12-03T03:00:00,Wakanda,Arc Reactor Cores,711.73,4.73,False
2025-12-03T03:00:00,Wakanda,Pym Particles,726.95,4.33,False
2025-12-03T03:00:00,Wakanda,Clean Water (L),2410.82,4.73,False
2025-12-03T03:00:00,Wakanda,Medical Kits,747.77,3.55,False
2025-12-03T03:00:00,Sokovia,Vibranium (kg),2431.73,3.94,False
2025-12-03T03:00:00,Sokovia,Arc Reactor Cores,714.24,4.73,False
2025-12-03T03:00:00,Sokovia,Pym Particles,719.29,4.33,False
2025-12-03T03:00:00,Sokovia,Clean Water (L),2413.11,4.73,False
2025-12-03T03:00:00,Sokovia,Medical Kits,737.62,3.55,False
2025-12-03T03:00:00,Sanctum Sanctorum,Vibranium (kg),2431.7,3.94,False
2025-12-03T03:00:00,Sanctum Sanctorum,Arc Reactor Cores,713.7,4.73,False
2025-12-03T03:00:00,Sanctum Sanctorum,Pym Particles,716.37,4.33,False
2025-12-03T03:00:00,Sanctum Sanctorum,Clean Water (L),2411.46,4.73,False
2025-12-03T03:00:00,Sanctum Sanctorum,Medical Kits,741.0,3.55,False
2025-12-03T03:00:00,Avengers Compound,Vibranium (kg),2431.75,3.94,False
2025-12-03T03:00:00,Avengers Compound,Arc Reactor Cores,714.81,4.73,False
2025-12-03T03:00:00,Avengers Compound,Pym Particles,719.56,4.33,False
2025-12-03T03:00:00,Avengers Compound,Clean Water (L),2418.18,4.73,False
2025-12-03T03:00:00,Avengers Compound,Medical Kits,740.05,3.55,False
2025-12-03T04:00:00,New Asgard,Vibranium (kg),2433.34,4.25,False
2025-12-03T04:00:00,New Asgard,Arc Reactor Cores,715.0,5.1,False
2025-12-03T04:00:00,New Asgard,Pym Particles,720.63,4.68,False
2025-12-03T04:00:00,New Asgard,Clean Water (L),2412.94,5.1,False
2025-12-03T04:00:00,New Asgard,Medical Kits,741.87,3.83,False
2025-12-03T04:00:00,Wakanda,Vibranium (kg),2430.09,4.25,False
2025-12-03T04:00:00,Wakanda,Arc Reactor Cores,713.0,5.1,False
2025-12-03T04:00:00,Wakanda,Pym Particles,728.31,4.68,False
2025-12-03T04:00:00,Wakanda,Clean Water (L),2409.62,5.1,False
2025-12-03T04:00:00,Wakanda,Medical Kits,748.22,3.83,False
2025-12-03T04:00:00,Sokovia,Vibranium (kg),2431.37,4.25,False
2025-12-03T04:00:00,Sokovia,Arc Reactor Cores,712.68,5.1,False
2025-12-03T04:00:00,Sokovia,Pym Particles,718.58,4.68,False
2025-12-03T04:00:00,Sokovia,Clean Water (L),2414.47,5.1,False
2025-12-03T04:00:00,Sokovia,Medical Kits,737.47,3.83,False
2025-12-03T04:00:00,Sanctum Sanctorum,Vibranium (kg),2431.23,4.25,False
2025-12-03T04:00:00,Sanctum Sanctorum,Arc Reactor Cores,715.33,5.1,False
2025-12-03T04:00:00,Sanctum Sanctorum,Pym Particles,715.94,4.68,False
2025-12-03T04:00:00,Sanctum Sanctorum,Clean Water (L),2411.21,5.1,False
2025-12-03T04:00:00,Sanctum Sanctorum,Medical Kits,741.01,3.83,False
2025-12-03T04:00:00,Avengers Compound,Vibranium (kg),2431.33,4.25,False
2025-12-03T04:00:00,Avengers Compound,Arc Reactor Cores,714.94,5.1,False
2025-12-03T04:00:00,Avengers Compound,Pym Particles,719.88,4.68,False
2025-12-03T04:00:00,Avengers Compound,Clean Water (L),2418.47,5.1,False
2025-12-03T04:00:00,Avengers Compound,Medical Kits,740.07,3.83,False
2025-12-03T05:00:00,New Asgard,Vibranium (kg),2433.01,4.61,False
2025-12-03T05:00:00,New Asgard,Arc Reactor Cores,714.42,5.53,False
2025-12-03T05:00:00,New Asgard,Pym Particles,721.04,5.07,False
2025-12-03T05:00:00,New Asgard,Clean Water (L),2413.33,5.53,False
2025-12-03T05:00:00,New Asgard,Medical Kits,742.04,4.15,False
2025-12-03T05:00:00,Wakanda,Vibranium (kg),2430.46,4.61,False
2025-12-03T05:00:00,Wakanda,Arc Reactor Cores,712.69,5.53,False
2025-12-03T05:00:00,Wakanda,Pym Particles,729.17,5.07,False
2025-12-03T05:00:00,Wakanda,Clean Water (L),2409.39,5.53,False
2025-12-03T05:00:00,Wakanda,Medical Kits,746.9,4.15,False
2025-12-03T05:00:00,Sokovia,Vibranium (kg),2432.64,4.61,False
2025-12-03T05:00:00,Sokovia,Arc Reactor Cores,713.13,5.53,False
2025-12-03T05:00:00,Sokovia,Pym Particles,719.12,5.07,False
2025-12-03T05:00:00,Sokovia,Clean Water (L),2413.72,5.53,False
2025-12-03T05:00:00,Sokovia,Medical Kits,736.77,4.15,False
2025-12-03T05:00:00,Sanctum Sanctorum,Vibranium (kg),2431.92,4.61,False
2025-12-03T05:00:00,Sanctum Sanctorum,Arc Reactor Cores,715.7,5.53,False
2025-12-03T05:00:00,Sanctum Sanctorum,Pym Particles,717.04,5.07,False
2025-12-03T05:00:00,Sanctum Sanctorum,Clean Water (L),2411.6,5.53,False
2025-12-03T05:00:00,Sanctum Sanctorum,Medical Kits,740.58,4.15,False
2025-12-03T05:00:00,Avengers Compound,Vibranium (kg),2431.86,4.61,False
2025-12-03T05:00:00,Avengers Compound,Arc Reactor Cores,716.07,5.53,False
2025-12-03T05:00:00,Avengers Compound,Pym Particles,720.44,5.07,False
2025-12-03T05:00:00,Avengers Compound,Clean Water (L),2418.58,5.53,False
2025-12-03T05:00:00,Avengers Compound,Medical Kits,739.4,4.15,False
2025-12-03T06:00:00,New Asgard,Vibranium (kg),2431.43,5.0,False
2025-12-03T06:00:00,New Asgard,Arc Reactor Cores,714.12,6.0,False
2025-12-03T06:00:00,New Asgard,Pym Particles,720.54,5.5,False
2025-12-03T06:00:00,New Asgard,Clean Water (L),2412.66,6.0,False
2025-12-03T06:00:00,New Asgard,Medical Kits,741.02,4.5,False
2025-12-03T06:00:00,Wakanda,Vibranium (kg),2430.38,5.0,False
2025-12-03T06:00:00,Wakanda,Arc Reactor Cores,713.21,6.0,False
2025-12-03T06:00:00,Wakanda,Pym Particles,728.75,5.5,False
2025-12-03T06:00:00,Wakanda,Clean Water (L),2409.9,6.0,False
2025-12-03T06:00:00,Wakanda,Medical Kits,747.46,4.5,False
2025-12-03T06:00:00,Sokovia,Vibranium (kg),2432.85,5.0,False
2025-12-03T06:00:00,Sokovia,Arc Reactor Cores,711.1,6.0,False
2025-12-03T06:00:00,Sokovia,Pym Particles,718.84,5.5,False
2025-12-03T06:00:00,Sokovia,Clean Water (L),2413.25,6.0,False
2025-12-03T06:00:00,Sokovia,Medical Kits,736.99,4.5,False
2025-12-03T06:00:00,Sanctum Sanctorum,Vibranium (kg),2431.81,5.0,False
2025-12-03T06:00:00,Sanctum Sanctorum,Arc Reactor Cores,714.72,6.0,False
2025-12-03T06:00:00,Sanctum Sanctorum,Pym Particles,716.69,5.5,False
2025-12-03T06:00:00,Sanctum Sanctorum,Clean Water (L),2410.09,6.0,False
2025-12-03T06:00:00,Sanctum Sanctorum,Medical Kits,740.2,4.5,False
2025-12-03T06:00:00,Avengers Compound,Vibranium (kg),2430.65,5.0,False
2025-12-03T06:00:00,Avengers Compound,Arc Reactor Cores,714.88,6.0,False
2025-12-03T06:00:00,Avengers Compound,Pym Particles,720.34,5.5,False
2025-12-03T06:00:00,Avengers Compound,Clean Water (L),2417.34,6.0,False
2025-12-03T06:00:00,Avengers Compound,Medical Kits,739.29,4.5,False
2025-12-03T07:00:00,New Asgard,Vibranium (kg),2430.34,5.39,False
2025-12-03T07:00:00,New Asgard,Arc Reactor Cores,713.0,6.47,False
2025-12-03T07:00:00,New Asgard,Pym Particles,718.92,5.93,False
2025-12-03T07:00:00,New Asgard,Clean Water (L),2412.19,6.47,False
2025-12-03T07:00:00,New Asgard,Medical Kits,738.45,4.85,False
2025-12-03T07:00:00,Wakanda,Vibranium (kg),2428.73,5.39,False
2025-12-03T07:00:00,Wakanda,Arc Reactor Cores,712.38,6.47,False
2025-12-03T07:00:00,Wakanda,Pym Particles,727.87,5.93,False
2025-12-03T07:00:00,Wakanda,Clean Water (L),2409.41,6.47,False
2025-12-03T07:00:00,Wakanda,Medical Kits,746.67,4.85,False
2025-12-03T07:00:00,Sokovia,Vibranium (kg),2430.57,5.39,False
2025-12-03T07:00:00,Sokovia,Arc Reactor Cores,711.78,6.47,False
2025-12-03T07:00:00,Sokovia,Pym Particles,718.66,5.93,False
2025-12-03T07:00:00,Sokovia,Clean Water (L),2411.51,6.47,False
2025-12-03T07:00:00,Sokovia,Medical Kits,737.07,4.85,False
2025-12-03T07:00:00,Sanctum Sanctorum,Vibranium (kg),2431.64,5.39,False
2025-12-03T07:00:00,Sanctum Sanctorum,Arc Reactor Cores,713.58,6.47,False
2025-12-03T07:00:00,Sanctum Sanctorum,Pym Particles,716.04,5.93,False
2025-12-03T07:00:00,Sanctum Sanctorum,Clean Water (L),2408.42,6.47,False
2025-12-03T07:00:00,Sanctum Sanctorum,Medical Kits,739.25,4.85,False
2025-12-03T07:00:00,Avengers Compound,Vibranium (kg),2428.41,5.39,False
2025-12-03T07:00:00,Avengers Compound,Arc Reactor Cores,713.68,6.47,False
2025-12-03T07:00:00,Avengers Compound,Pym Particles,719.95,5.93,False
2025-12-03T07:00:00,Avengers Compound,Clean Water (L),2414.94,6.47,False
2025-12-03T07:00:00,Avengers Compound,Medical Kits,736.77,4.85,False
2025-12-03T08:00:00,New Asgard,Vibranium (kg),2428.56,5.75,False
2025-12-03T08:00:00,New Asgard,Arc Reactor Cores,712.05,6.9,False
2025-12-03T08:00:00,New Asgard,Pym Particles,718.15,6.32,False
2025-12-03T08:00:00,New Asgard,Clean Water (L),2410.75,6.9,False
2025-12-03T08:00:00,New Asgard,Medical Kits,736.37,5.17,False
2025-12-03T08:00:00,Wakanda,Vibranium (kg),2429.19,5.75,False
2025-12-03T08:00:00,Wakanda,Arc Reactor Cores,711.28,6.9,False
2025-12-03T08:00:00,Wakanda,Pym Particles,724.6,6.32,False
2025-12-03T08:00:00,Wakanda,Clean Water (L),2407.11,6.9,False
2025-12-03T08:00:00,Wakanda,Medical Kits,745.04,5.17,False
2025-12-03T08:00:00,Sokovia,Vibranium (kg),2429.84,5.75,False
2025-12-03T08:00:00,Sokovia,Arc Reactor Cores,709.96,6.9,False
2025-12-03T08:00:00,Sokovia,Pym Particles,717.08,6.32,False
2025-12-03T08:00:00,Sokovia,Clean Water (L),2408.93,6.9,False
2025-12-03T08:00:00,Sokovia,Medical Kits,735.37,5.17,False
2025-12-03T08:00:00,Sanctum Sanctorum,Vibranium (kg),2431.06,5.75,False
2025-12-03T08:00:00,Sanctum Sanctorum,Arc Reactor Cores,713.09,6.9,False
2025-12-03T08:00:00,Sanctum Sanctorum,Pym Particles,714.65,6.32,False
2025-12-03T08:00:00,Sanctum Sanctorum,Clean Water (L),2406.78,6.9,False
2025-12-03T08:00:00,Sanctum Sanctorum,Medical Kits,738.79,5.17,False
2025-12-03T08:00:00,Avengers Compound,Vibranium (kg),2428.51,5.75,False
2025-12-03T08:00:00,Avengers Compound,Arc Reactor Cores,711.72,6.9,False
2025-12-03T08:00:00,Avengers Compound,Pym Particles,719.5,6.32,False
2025-12-03T08:00:00,Avengers Compound,Clean Water (L),2413.14,6.9,False
2025-12-03T08:00:00,Avengers Compound,Medical Kits,735.22,5.17,False
2025-12-03T09:00:00,New Asgard,Vibranium (kg),2427.0,6.06,False
2025-12-03T09:00:00,New Asgard,Arc Reactor Cores,709.3,7.27,False
2025-12-03T09:00:00,New Asgard,Pym Particles,716.25,6.67,False
2025-12-03T09:00:00,New Asgard,Clean Water (L),2409.64,7.27,False
2025-12-03T09:00:00,New Asgard,Medical Kits,735.91,5.45,False
2025-12-03T09:00:00,Wakanda,Vibranium (kg),2428.94,6.06,False
2025-12-03T09:00:00,Wakanda,Arc Reactor Cores,709.13,7.27,False
2025-12-03T09:00:00,Wakanda,Pym Particles,722.99,6.67,False
2025-12-03T09:00:00,Wakanda,Clean Water (L),2406.38,7.27,False
2025-12-03T09:00:00,Wakanda,Medical Kits,742.73,5.45,False
2025-12-03T09:00:00,Sokovia,Vibranium (kg),2426.66,6.06,False
2025-12-03T09:00:00,Sokovia,Arc Reactor Cores,707.91,7.27,False
2025-12-03T09:00:00,Sokovia,Pym Particles,714.56,6.67,False
2025-12-03T09:00:00,Sokovia,Clean Water (L),2408.24,7.27,False
2025-12-03T09:00:00,Sokovia,Medical Kits,733.51,5.45,False
2025-12-03T09:00:00,Sanctum Sanctorum,Vibranium (kg),2429.71,6.06,False
2025-12-03T09:00:00,Sanctum Sanctorum,Arc Reactor Cores,711.56,7.27,False
2025-12-03T09:00:00,Sanctum Sanctorum,Pym Particles,713.07,6.67,False
2025-12-03T09:00:00,Sanctum Sanctorum,Clean Water (L),2405.8,7.27,False
2025-12-03T09:00:00,Sanctum Sanctorum,Medical Kits,738.66,5.45,False
2025-12-03T09:00:00,Avengers Compound,Vibranium (kg),2427.48,6.06,False
2025-12-03T09:00:00,Avengers Compound,Arc Reactor Cores,711.07,7.27,False
2025-12-03T09:00:00,Avengers Compound,Pym Particles,716.69,6.67,False
2025-12-03T09:00:00,Avengers Compound,Clean Water (L),2411.96,7.27,False
2025-12-03T09:00:00,Avengers Compound,Medical Kits,735.21,5.45,False
2025-12-03T10:00:00,New Asgard,Vibranium (kg),2424.65,6.3,False
2025-12-03T10:00:00,New Asgard,Arc Reactor Cores,706.9,7.56,False
2025-12-03T10:00:00,New Asgard,Pym Particles,714.81,6.93,False
2025-12-03T10:00:00,New Asgard,Clean Water (L),2406.59,7.56,False
2025-12-03T10:00:00,New Asgard,Medical Kits,735.76,5.67,False
2025-12-03T10:00:00,Wakanda,Vibranium (kg),2427.7,6.3,False
2025-12-03T10:00:00,Wakanda,Arc Reactor Cores,706.5,7.56,False
2025-12-03T10:00:00,Wakanda,Pym Particles,721.29,6.93,False
2025-12-03T10:00:00,Wakanda,Clean Water (L),2403.13,7.56,False
2025-12-03T10:00:00,Wakanda,Medical Kits,742.53,5.67,False
2025-12-03T10:00:00,Sokovia,Vibranium (kg),2425.54,6.3,False
2025-12-03T10:00:00,Sokovia,Arc Reactor Cores,705.58,7.56,False
2025-12-03T10:00:00,Sokovia,Pym Particles,712.62,6.93,False
2025-12-03T10:00:00,Sokovia,Clean Water (L),2407.99,7.56,False
2025-12-03T10:00:00,Sokovia,Medical Kits,731.26,5.67,False
2025-12-03T10:00:00,Sanctum Sanctorum,Vibranium (kg),2427.8,6.3,False
2025-12-03T10:00:00,Sanctum Sanctorum,Arc Reactor Cores,709.46,7.56,False
2025-12-03T10:00:00,Sanctum Sanctorum,Pym Particles,712.23,6.93,False
2025-12-03T10:00:00,Sanctum Sanctorum,Clean Water (L),2403.63,7.56,False
2025-12-03T10:00:00,Sanctum Sanctorum,Medical Kits,735.9,5.67,False
2025-12-03T10:00:00,Avengers Compound,Vibranium (kg),2424.8,6.3,False
2025-12-03T10:00:00,Avengers Compound,Arc Reactor Cores,710.03,7.56,False
2025-12-03T10:00:00,Avengers Compound,Pym Particles,716.24,6.93,False
2025-12-03T10:00:00,Avengers Compound,Clean Water (L),2409.78,7.56,False
2025-12-03T10:00:00,Avengers Compound,Medical Kits,732.36,5.67,False
2025-12-03T11:00:00,New Asgard,Vibranium (kg),2422.02,6.45,False
2025-12-03T11:00:00,New Asgard,Arc Reactor Cores,705.21,7.74,False
2025-12-03T11:00:00,New Asgard,Pym Particles,712.7,7.09,False
2025-12-03T11:00:00,New Asgard,Clean Water (L),2405.83,7.74,False
2025-12-03T11:00:00,New Asgard,Medical Kits,733.62,5.8,False
2025-12-03T11:00:00,Wakanda,Vibranium (kg),2427.24,6.45,False
2025-12-03T11:00:00,Wakanda,Arc Reactor Cores,704.04,7.74,False
2025-12-03T11:00:00,Wakanda,Pym Particles,718.17,7.09,False
2025-12-03T11:00:00,Wakanda,Clean Water (L),2400.26,7.74,False
2025-12-03T11:00:00,Wakanda,Medical Kits,739.93,5.8,False
2025-12-03T11:00:00,Sokovia,Vibranium (kg),2423.76,6.45,False
2025-12-03T11:00:00,Sokovia,Arc Reactor Cores,703.4,7.74,False
2025-12-03T11:00:00,Sokovia,Pym Particles,712.27,7.09,False
2025-12-03T11:00:00,Sokovia,Clean Water (L),2406.12,7.74,False
2025-12-03T11:00:00,Sokovia,Medical Kits,729.73,5.8,False
2025-12-03T11:00:00,Sanctum Sanctorum,Vibranium (kg),2426.33,6.45,False
2025-12-03T11:00:00,Sanctum Sanctorum,Arc Reactor Cores,708.02,7.74,False
2025-12-03T11:00:00,Sanctum Sanctorum,Pym Particles,710.9,7.09,False
2025-12-03T11:00:00,Sanctum Sanctorum,Clean Water (L),2401.89,7.74,False
2025-12-03T11:00:00,Sanctum Sanctorum,Medical Kits,734.4,5.8,False
2025-12-03T11:00:00,Avengers Compound,Vibranium (kg),2421.84,6.45,False
2025-12-03T11:00:00,Avengers Compound,Arc Reactor Cores,709.4,7.74,False
2025-12-03T11:00:00,Avengers Compound,Pym Particles,713.03,7.09,False
2025-12-03T11:00:00,Avengers Compound,Clean Water (L),2407.02,7.74,False
2025-12-03T11:00:00,Avengers Compound,Medical Kits,730.45,5.8,False
2025-12-03T12:00:00,New Asgard,Vibranium (kg),2420.83,6.5,False
2025-12-03T12:00:00,New Asgard,Arc Reactor Cores,703.66,7.8,False
2025-12-03T12:00:00,New Asgard,Pym Particles,712.35,7.15,False
2025-12-03T12:00:00,New Asgard,Clean Water (L),2405.67,7.8,False
2025-12-03T12:00:00,New Asgard,Medical Kits,732.68,5.85,False
2025-12-03T12:00:00,Wakanda,Vibranium (kg),2424.6,6.5,False
2025-12-03T12:00:00,Wakanda,Arc Reactor Cores,702.69,7.8,False
2025-12-03T12:00:00,Wakanda,Pym Particles,716.86,7.15,False
2025-12-03T12:00:00,Wakanda,Clean Water (L),2396.97,7.8,False
2025-12-03T12:00:00,Wakanda,Medical Kits,737.18,5.85,False
2025-12-03T12:00:00,Sokovia,Vibranium (kg),2422.6,6.5,False
2025-12-03T12:00:00,Sokovia,Arc Reactor Cores,701.61,7.8,False
2025-12-03T12:00:00,Sokovia,Pym Particles,710.18,7.15,False
2025-12-03T12:00:00,Sokovia,Clean Water (L),2403.26,7.8,False
2025-12-03T12:00:00,Sokovia,Medical Kits,727.86,5.85,False
2025-12-03T12:00:00,Sanctum Sanctorum,Vibranium (kg),2423.13,6.5,False
2025-12-03T12:00:00,Sanctum Sanctorum,Arc Reactor Cores,706.79,7.8,False
2025-12-03T12:00:00,Sanctum Sanctorum,Pym Particles,708.06,7.15,False
2025-12-03T12:00:00,Sanctum Sanctorum,Clean Water (L),2399.6,7.8,False
2025-12-03T12:00:00,Sanctum Sanctorum,Medical Kits,733.32,5.85,False
2025-12-03T12:00:00,Avengers Compound,Vibranium (kg),2421.27,6.5,False
2025-12-03T12:00:00,Avengers Compound,Arc Reactor Cores,707.61,7.8,False
2025-12-03T12:00:00,Avengers Compound,Pym Particles,711.21,7.15,False
2025-12-03T12:00:00,Avengers Compound,Clean Water (L),2403.39,7.8,False
2025-12-03T12:00:00,Avengers Compound,Medical Kits,728.84,5.85,False
2025-12-03T13:00:00,New Asgard,Vibranium (kg),2419.26,6.45,False
2025-12-03T13:00:00,New Asgard,Arc Reactor Cores,702.88,7.74,False
2025-12-03T13:00:00,New Asgard,Pym Particles,709.79,7.09,False
2025-12-03T13:00:00,New Asgard,Clean Water (L),2403.53,7.74,False
2025-12-03T13:00:00,New Asgard,Medical Kits,731.34,5.8,False
2025-12-03T13:00:00,Wakanda,Vibranium (kg),2422.56,6.45,False
2025-12-03T13:00:00,Wakanda,Arc Reactor Cores,700.29,7.74,False
2025-12-03T13:00:00,Wakanda,Pym Particles,714.55,7.09,False
2025-12-03T13:00:00,Wakanda,Clean Water (L),2395.91,7.74,False
2025-12-03T13:00:00,Wakanda,Medical Kits,735.28,5.8,False
2025-12-03T13:00:00,Sokovia,Vibranium (kg),2421.44,6.45,False
2025-12-03T13:00:00,Sokovia,Arc Reactor Cores,700.24,7.74,False
2025-12-03T13:00:00,Sokovia,Pym Particles,708.72,7.09,False
2025-12-03T13:00:00,Sokovia,Clean Water (L),2401.87,7.74,False
2025-12-03T13:00:00,Sokovia,Medical Kits,725.9,5.8,False
2025-12-03T13:00:00,Sanctum Sanctorum,Vibranium (kg),2420.4,6.45,False
2025-12-03T13:00:00,Sanctum Sanctorum,Arc Reactor Cores,703.02,7.74,False
2025-12-03T13:00:00,Sanctum Sanctorum,Pym Particles,706.7,7.09,False
2025-12-03T13:00:00,Sanctum Sanctorum,Clean Water (L),2397.6,7.74,False
2025-12-03T13:00:00,Sanctum Sanctorum,Medical Kits,731.27,5.8,False
2025-12-03T13:00:00,Avengers Compound,Vibranium (kg),2420.5,6.45,False
2025-12-03T13:00:00,Avengers Compound,Arc Reactor Cores,705.39,7.74,False
2025-12-03T13:00:00,Avengers Compound,Pym Particles,709.81,7.09,False
2025-12-03T13:00:00,Avengers Compound,Clean Water (L),2402.15,7.74,False
2025-12-03T13:00:00,Avengers Compound,Medical Kits,727.41,5.8,False
2025-12-03T14:00:00,New Asgard,Vibranium (kg),2417.12,6.3,False
2025-12-03T14:00:00,New Asgard,Arc Reactor Cores,701.87,7.56,False
2025-12-03T14:00:00,New Asgard,Pym Particles,708.47,6.93,False
2025-12-03T14:00:00,New Asgard,Clean Water (L),2400.43,7.56,False
2025-12-03T14:00:00,New Asgard,Medical Kits,730.06,5.67,False
2025-12-03T14:00:00,Wakanda,Vibranium (kg),2421.64,6.3,False
2025-12-03T14:00:00,Wakanda,Arc Reactor Cores,700.51,7.56,False
2025-12-03T14:00:00,Wakanda,Pym Particles,712.76,6.93,False
2025-12-03T14:00:00,Wakanda,Clean Water (L),2394.02,7.56,False
2025-12-03T14:00:00,Wakanda,Medical Kits,734.24,5.67,False
2025-12-03T14:00:00,Sokovia,Vibranium (kg),2419.93,6.3,False
2025-12-03T14:00:00,Sokovia,Arc Reactor Cores,697.67,7.56,False
2025-12-03T14:00:00,Sokovia,Pym Particles,708.18,6.93,False
2025-12-03T14:00:00,Sokovia,Clean Water (L),2400.93,7.56,False
2025-12-03T14:00:00,Sokovia,Medical Kits,725.38,5.67,False
2025-12-03T14:00:00,Sanctum Sanctorum,Vibranium (kg),2418.59,6.3,False
2025-12-03T14:00:00,Sanctum Sanctorum,Arc Reactor Cores,701.35,7.56,False
2025-12-03T14:00:00,Sanctum Sanctorum,Pym Particles,704.54,6.93,False
2025-12-03T14:00:00,Sanctum Sanctorum,Clean Water (L),2395.89,7.56,False
2025-12-03T14:00:00,Sanctum Sanctorum,Medical Kits,729.02,5.67,False
2025-12-03T14:00:00,Avengers Compound,Vibranium (kg),2418.85,6.3,False
2025-12-03T14:00:00,Avengers Compound,Arc Reactor Cores,703.08,7.56,False
2025-12-03T14:00:00,Avengers Compound,Pym Particles,708.67,6.93,False
2025-12-03T14:00:00,Avengers Compound,Clean Water (L),2400.4,7.56,False
2025-12-03T14:00:00,Avengers Compound,Medical Kits,725.58,5.67,False
2025-12-03T15:00:00,New Asgard,Vibranium (kg),2415.67,6.06,False
2025-12-03T15:00:00,New Asgard,Arc Reactor Cores,700.06,7.27,False
2025-12-03T15:00:00,New Asgard,Pym Particles,706.83,6.67,False
2025-12-03T15:00:00,New Asgard,Clean Water (L),2398.24,7.27,False
2025-12-03T15:00:00,New Asgard,Medical Kits,730.57,5.45,False
2025-12-03T15:00:00,Wakanda,Vibranium (kg),2420.27,6.06,False
2025-12-03T15:00:00,Wakanda,Arc Reactor Cores,699.51,7.27,False
2025-12-03T15:00:00,Wakanda,Pym Particles,710.62,6.67,False
2025-12-03T15:00:00,Wakanda,Clean Water (L),2393.91,7.27,False
2025-12-03T15:00:00,Wakanda,Medical Kits,733.7,5.45,False
2025-12-03T15:00:00,Sokovia,Vibranium (kg),2420.34,6.06,False
2025-12-03T15:00:00,Sokovia,Arc Reactor Cores,695.14,7.27,False
2025-12-03T15:00:00,Sokovia,Pym Particles,707.97,6.67,False
2025-12-03T15:00:00,Sokovia,Clean Water (L),2399.82,7.27,False
2025-12-03T15:00:00,Sokovia,Medical Kits,724.83,5.45,False
2025-12-03T15:00:00,Sanctum Sanctorum,Vibranium (kg),2416.48,6.06,False
2025-12-03T15:00:00,Sanctum Sanctorum,Arc Reactor Cores,700.01,7.27,False
2025-12-03T15:00:00,Sanctum Sanctorum,Pym Particles,704.52,6.67,False
2025-12-03T15:00:00,Sanctum Sanctorum,Clean Water (L),2393.39,7.27,False
2025-12-03T15:00:00,Sanctum Sanctorum,Medical Kits,726.86,5.45,False
2025-12-03T15:00:00,Avengers Compound,Vibranium (kg),2417.7,6.06,False
2025-12-03T15:00:00,Avengers Compound,Arc Reactor Cores,702.75,7.27,False
2025-12-03T15:00:00,Avengers Compound,Pym Particles,707.67,6.67,False
2025-12-03T15:00:00,Avengers Compound,Clean Water (L),2400.57,7.27,False
2025-12-03T15:00:00,Avengers Compound,Medical Kits,723.34,5.45,False
2025-12-03T16:00:00,New Asgard,Vibranium (kg),2415.95,5.75,False
2025-12-03T16:00:00,New Asgard,Arc Reactor Cores,698.11,6.9,False
2025-12-03T16:00:00,New Asgard,Pym Particles,705.67,6.32,False
2025-12-03T16:00:00,New Asgard,Clean Water (L),2397.37,6.9,False
2025-12-03T16:00:00,New Asgard,Medical Kits,729.83,5.17,False
2025-12-03T16:00:00,Wakanda,Vibranium (kg),2419.7,5.75,False
2025-12-03T16:00:00,Wakanda,Arc Reactor Cores,697.71,6.9,False
2025-12-03T16:00:00,Wakanda,Pym Particles,709.64,6.32,False
2025-12-03T16:00:00,Wakanda,Clean Water (L),2393.37,6.9,False
2025-12-03T16:00:00,Wakanda,Medical Kits,732.32,5.17,False
2025-12-03T16:00:00,Sokovia,Vibranium (kg),2419.64,5.75,False
2025-12-03T16:00:00,Sokovia,Arc Reactor Cores,695.68,6.9,False
2025-12-03T16:00:00,Sokovia,Pym Particles,708.25,6.32,False
2025-12-03T16:00:00,Sokovia,Clean Water (L),2399.31,6.9,False
2025-12-03T16:00:00,Sokovia,Medical Kits,723.71,5.17,False
2025-12-03T16:00:00,Sanctum Sanctorum,Vibranium (kg),2414.45,5.75,False
2025-12-03T16:00:00,Sanctum Sanctorum,Arc Reactor Cores,699.8,6.9,False
2025-12-03T16:00:00,Sanctum Sanctorum,Pym Particles,704.77,6.32,False
2025-12-03T16:00:00,Sanctum Sanctorum,Clean Water (L),2393.65,6.9,False
2025-12-03T16:00:00,Sanctum Sanctorum,Medical Kits,725.56,5.17,False
2025-12-03T16:00:00,Avengers Compound,Vibranium (kg),2416.18,5.75,False
2025-12-03T16:00:00,Avengers Compound,Arc Reactor Cores,703.35,6.9,False
2025-12-03T16:00:00,Avengers Compound,Pym Particles,705.59,6.32,False
2025-12-03T16:00:00,Avengers Compound,Clean Water (L),2399.66,6.9,False
2025-12-03T16:00:00,Avengers Compound,Medical Kits,722.98,5.17,False
2025-12-03T17:00:00,New Asgard,Vibranium (kg),2415.5,5.39,False
2025-12-03T17:00:00,New Asgard,Arc Reactor Cores,699.49,6.47,False
2025-12-03T17:00:00,New Asgard,Pym Particles,704.08,5.93,False
2025-12-03T17:00:00,New Asgard,Clean Water (L),2396.83,6.47,False
2025-12-03T17:00:00,New Asgard,Medical Kits,729.58,4.85,False
2025-12-03T17:00:00,Wakanda,Vibranium (kg),2417.75,5.39,False
2025-12-03T17:00:00,Wakanda,Arc Reactor Cores,696.35,6.47,False
2025-12-03T17:00:00,Wakanda,Pym Particles,709.17,5.93,False
2025-12-03T17:00:00,Wakanda,Clean Water (L),2393.09,6.47,False
2025-12-03T17:00:00,Wakanda,Medical Kits,732.13,4.85,False
2025-12-03T17:00:00,Sokovia,Vibranium (kg),2419.04,5.39,False
2025-12-03T17:00:00,Sokovia,Arc Reactor Cores,696.3,6.47,False
2025-12-03T17:00:00,Sokovia,Pym Particles,709.6,5.93,False
2025-12-03T17:00:00,Sokovia,Clean Water (L),2399.23,6.47,False
2025-12-03T17:00:00,Sokovia,Medical Kits,725.62,4.85,False
2025-12-03T17:00:00,Sanctum Sanctorum,Vibranium (kg),2413.47,5.39,False
2025-12-03T17:00:00,Sanctum Sanctorum,Arc Reactor Cores,698.97,6.47,False
2025-12-03T17:00:00,Sanctum Sanctorum,Pym Particles,705.58,5.93,False
2025-12-03T17:00:00,Sanctum Sanctorum,Clean Water (L),2392.58,6.47,False
2025-12-03T17:00:00,Sanctum Sanctorum,Medical Kits,724.49,4.85,False
2025-12-03T17:00:00,Avengers Compound,Vibranium (kg),2415.58,5.39,False
2025-12-03T17:00:00,Avengers Compound,Arc Reactor Cores,701.82,6.47,False
2025-12-03T17:00:00,Avengers Compound,Pym Particles,705.46,5.93,False
2025-12-03T17:00:00,Avengers Compound,Clean Water (L),2398.06,6.47,False
2025-12-03T17:00:00,Avengers Compound,Medical Kits,723.25,4.85,False
2025-12-03T18:00:00,New Asgard,Vibranium (kg),2417.38,5.0,False
2025-12-03T18:00:00,New Asgard,Arc Reactor Cores,700.24,6.0,False
2025-12-03T18:00:00,New Asgard,Pym Particles,704.1,5.5,False
2025-12-03T18:00:00,New Asgard,Clean Water (L),2396.44,6.0,False
2025-12-03T18:00:00,New Asgard,Medical Kits,730.18,4.5,False
2025-12-03T18:00:00,Wakanda,Vibranium (kg),2416.45,5.0,False
2025-12-03T18:00:00,Wakanda,Arc Reactor Cores,695.49,6.0,False
2025-12-03T18:00:00,Wakanda,Pym Particles,708.99,5.5,False
2025-12-03T18:00:00,Wakanda,Clean Water (L),2393.73,6.0,False
2025-12-03T18:00:00,Wakanda,Medical Kits,730.84,4.5,False
2025-12-03T18:00:00,Sokovia,Vibranium (kg),2418.46,5.0,False
2025-12-03T18:00:00,Sokovia,Arc Reactor Cores,695.39,6.0,False
2025-12-03T18:00:00,Sokovia,Pym Particles,710.21,5.5,False
2025-12-03T18:00:00,Sokovia,Clean Water (L),2397.42,6.0,False
2025-12-03T18:00:00,Sokovia,Medical Kits,725.73,4.5,False
2025-12-03T18:00:00,Sanctum Sanctorum,Vibranium (kg),2414.89,5.0,False
2025-12-03T18:00:00,Sanctum Sanctorum,Arc Reactor Cores,699.49,6.0,False
2025-12-03T18:00:00,Sanctum Sanctorum,Pym Particles,707.08,5.5,False
2025-12-03T18:00:00,Sanctum Sanctorum,Clean Water (L),2392.42,6.0,False
2025-12-03T18:00:00,Sanctum Sanctorum,Medical Kits,724.46,4.5,False
2025-12-03T18:00:00,Avengers Compound,Vibranium (kg),2416.53,5.0,False
2025-12-03T18:00:00,Avengers Compound,Arc Reactor Cores,701.23,6.0,False
2025-12-03T18:00:00,Avengers Compound,Pym Particles,705.67,5.5,False
2025-12-03T18:00:00,Avengers Compound,Clean Water (L),2398.28,6.0,False
2025-12-03T18:00:00,Avengers Compound,Medical Kits,723.74,4.5,False
2025-12-03T19:00:00,New Asgard,Vibranium (kg),2417.05,4.61,False
2025-12-03T19:00:00,New Asgard,Arc Reactor Cores,701.45,5.53,False
2025-12-03T19:00:00,New Asgard,Pym Particles,703.71,5.07,False
2025-12-03T19:00:00,New Asgard,Clean Water (L),2398.46,5.53,False
2025-12-03T19:00:00,New Asgard,Medical Kits,730.05,4.15,False
2025-12-03T19:00:00,Wakanda,Vibranium (kg),2415.5,4.61,False
2025-12-03T19:00:00,Wakanda,Arc Reactor Cores,695.59,5.53,False
2025-12-03T19:00:00,Wakanda,Pym Particles,710.17,5.07,False
2025-12-03T19:00:00,Wakanda,Clean Water (L),2393.3,5.53,False
2025-12-03T19:00:00,Wakanda,Medical Kits,731.02,4.15,False
2025-12-03T19:00:00,Sokovia,Vibranium (kg),2419.03,4.61,False
2025-12-03T19:00:00,Sokovia,Arc Reactor Cores,696.82,5.53,False
2025-12-03T19:00:00,Sokovia,Pym Particles,709.3,5.07,False
2025-12-03T19:00:00,Sokovia,Clean Water (L),2398.67,5.53,False
2025-12-03T19:00:00,Sokovia,Medical Kits,726.07,4.15,False
2025-12-03T19:00:00,Sanctum Sanctorum,Vibranium (kg),2415.81,4.61,False
2025-12-03T19:00:00,Sanctum Sanctorum,Arc Reactor Cores,699.3,5.53,False
2025-12-03T19:00:00,Sanctum Sanctorum,Pym Particles,706.11,5.07,False
2025-12-03T19:00:00,Sanctum Sanctorum,Clean Water (L),2391.8,5.53,False
2025-12-03T19:00:00,Sanctum Sanctorum,Medical Kits,724.25,4.15,False
2025-12-03T19:00:00,Avengers Compound,Vibranium (kg),2417.84,4.61,False
2025-12-03T19:00:00,Avengers Compound,Arc Reactor Cores,700.86,5.53,False
2025-12-03T19:00:00,Avengers Compound,Pym Particles,705.85,5.07,False
2025-12-03T19:00:00,Avengers Compound,Clean Water (L),2398.57,5.53,False
2025-12-03T19:00:00,Avengers Compound,Medical Kits,725.6,4.15,False
2025-12-03T20:00:00,New Asgard,Vibranium (kg),2418.18,4.25,False
2025-12-03T20:00:00,New Asgard,Arc Reactor Cores,703.04,5.1,False
2025-12-03T20:00:00,New Asgard,Pym Particles,705.24,4.68,False
2025-12-03T20:00:00,New Asgard,Clean Water (L),2399.08,5.1,False
2025-12-03T20:00:00,New Asgard,Medical Kits,730.69,3.83,False
2025-12-03T20:00:00,Wakanda,Vibranium (kg),2415.34,4.25,False
2025-12-03T20:00:00,Wakanda,Arc Reactor Cores,696.92,5.1,False
2025-12-03T20:00:00,Wakanda,Pym Particles,710.51,4.68,False
2025-12-03T20:00:00,Wakanda,Clean Water (L),2395.06,5.1,False
2025-12-03T20:00:00,Wakanda,Medical Kits,731.85,3.83,False
2025-12-03T20:00:00,Sokovia,Vibranium (kg),2421.43,4.25,False
2025-12-03T20:00:00,Sokovia,Arc Reactor Cores,697.64,5.1,False
2025-12-03T20:00:00,Sokovia,Pym Particles,710.34,4.68,False
2025-12-03T20:00:00,Sokovia,Clean Water (L),2399.97,5.1,False
2025-12-03T20:00:00,Sokovia,Medical Kits,727.37,3.83,False
2025-12-03T20:00:00,Sanctum Sanctorum,Vibranium (kg),2417.37,4.25,False
2025-12-03T20:00:00,Sanctum Sanctorum,Arc Reactor Cores,701.08,5.1,False
2025-12-03T20:00:00,Sanctum Sanctorum,Pym Particles,708.53,4.68,False
2025-12-03T20:00:00,Sanctum Sanctorum,Clean Water (L),2393.09,5.1,False
2025-12-03T20:00:00,Sanctum Sanctorum,Medical Kits,726.16,3.83,False
2025-12-03T20:00:00,Avengers Compound,Vibranium (kg),2420.42,4.25,False
2025-12-03T20:00:00,Avengers Compound,Arc Reactor Cores,702.09,5.1,False
2025-12-03T20:00:00,Avengers Compound,Pym Particles,706.7,4.68,False
2025-12-03T20:00:00,Avengers Compound,Clean Water (L),2399.14,5.1,False
2025-12-03T20:00:00,Avengers Compound,Medical Kits,727.24,3.83,False
2025-12-03T21:00:00,New Asgard,Vibranium (kg),2418.51,3.94,False
2025-12-03T21:00:00,New Asgard,Arc Reactor Cores,704.33,4.73,False
2025-12-03T21:00:00,New Asgard,Pym Particles,706.47,4.33,False
2025-12-03T21:00:00,New Asgard,Clean Water (L),2399.29,4.73,False
2025-12-03T21:00:00,New Asgard,Medical Kits,731.98,3.55,False
2025-12-03T21:00:00,Wakanda,Vibranium (kg),2417.93,3.94,False
2025-12-03T21:00:00,Wakanda,Arc Reactor Cores,698.25,4.73,False
2025-12-03T21:00:00,Wakanda,Pym Particles,710.98,4.33,False
2025-12-03T21:00:00,Wakanda,Clean Water (L),2396.77,4.73,False
2025-12-03T21:00:00,Wakanda,Medical Kits,732.05,3.55,False
2025-12-03T21:00:00,Sokovia,Vibranium (kg),2422.16,3.94,False
2025-12-03T21:00:00,Sokovia,Arc Reactor Cores,698.53,4.73,False
2025-12-03T21:00:00,Sokovia,Pym Particles,710.96,4.33,False
2025-12-03T21:00:00,Sokovia,Clean Water (L),2401.38,4.73,False
2025-12-03T21:00:00,Sokovia,Medical Kits,728.75,3.55,False
2025-12-03T21:00:00,Sanctum Sanctorum,Vibranium (kg),2419.36,3.94,False
2025-12-03T21:00:00,Sanctum Sanctorum,Arc Reactor Cores,703.48,4.73,False
2025-12-03T21:00:00,Sanctum Sanctorum,Pym Particles,709.21,4.33,False
2025-12-03T21:00:00,Sanctum Sanctorum,Clean Water (L),2394.38,4.73,False
2025-12-03T21:00:00,Sanctum Sanctorum,Medical Kits,726.36,3.55,False
2025-12-03T21:00:00,Avengers Compound,Vibranium (kg),2421.48,3.94,False
2025-12-03T21:00:00,Avengers Compound,Arc Reactor Cores,703.99,4.73,False
2025-12-03T21:00:00,Avengers Compound,Pym Particles,707.96,4.33,False
2025-12-03T21:00:00,Avengers Compound,Clean Water (L),2400.48,4.73,False
2025-12-03T21:00:00,Avengers Compound,Medical Kits,727.99,3.55,False
2025-12-03T22:00:00,New Asgard,Vibranium (kg),2419.87,3.7,False
2025-12-03T22:00:00,New Asgard,Arc Reactor Cores,704.55,4.44,False
2025-12-03T22:00:00,New Asgard,Pym Particles,708.69,4.07,False
2025-12-03T22:00:00,New Asgard,Clean Water (L),2401.33,4.44,False
2025-12-03T22:00:00,New Asgard,Medical Kits,732.55,3.33,False
2025-12-03T22:00:00,Wakanda,Vibranium (kg),2419.02,3.7,False
2025-12-03T22:00:00,Wakanda,Arc Reactor Cores,698.47,4.44,False
2025-12-03T22:00:00,Wakanda,Pym Particles,712.6,4.07,False
2025-12-03T22:00:00,Wakanda,Clean Water (L),2398.16,4.44,False
2025-12-03T22:00:00,Wakanda,Medical Kits,733.58,3.33,False
2025-12-03T22:00:00,Sokovia,Vibranium (kg),2422.95,3.7,False
2025-12-03T22:00:00,Sokovia,Arc Reactor Cores,699.89,4.44,False
2025-12-03T22:00:00,Sokovia,Pym Particles,712.1,4.07,False
2025-12-03T22:00:00,Sokovia,Clean Water (L),2403.46,4.44,False
2025-12-03T22:00:00,Sokovia,Medical Kits,730.74,3.33,False
2025-12-03T22:00:00,Sanctum Sanctorum,Vibranium (kg),2420.84,3.7,False
2025-12-03T22:00:00,Sanctum Sanctorum,Arc Reactor Cores,705.14,4.44,False
2025-12-03T22:00:00,Sanctum Sanctorum,Pym Particles,711.26,4.07,False
2025-12-03T22:00:00,Sanctum Sanctorum,Clean Water (L),2395.48,4.44,False
2025-12-03T22:00:00,Sanctum Sanctorum,Medical Kits,727.5,3.33,False
2025-12-03T22:00:00,Avengers Compound,Vibranium (kg),2422.15,3.7,False
2025-12-03T22:00:00,Avengers Compound,Arc Reactor Cores,706.01,4.44,False
2025-12-03T22:00:00,Avengers Compound,Pym Particles,710.4,4.07,False
2025-12-03T22:00:00,Avengers Compound,Clean Water (L),2400.33,4.44,False
2025-12-03T22:00:00,Avengers Compound,Medical Kits,729.25,3.33,False
2025-12-03T23:00:00,New Asgard,Vibranium (kg),2421.71,3.55,False
2025-12-03T23:00:00,New Asgard,Arc Reactor Cores,707.29,4.26,False
2025-12-03T23:00:00,New Asgard,Pym Particles,710.17,3.91,False
2025-12-03T23:00:00,New Asgard,Clean Water (L),2404.1,4.26,False
2025-12-03T23:00:00,New Asgard,Medical Kits,733.55,3.2,False
2025-12-03T23:00:00,Wakanda,Vibranium (kg),2419.94,3.55,False
2025-12-03T23:00:00,Wakanda,Arc Reactor Cores,700.0,4.26,False
2025-12-03T23:00:00,Wakanda,Pym Particles,712.62,3.91,False
2025-12-03T23:00:00,Wakanda,Clean Water (L),2399.47,4.26,False
2025-12-03T23:00:00,Wakanda,Medical Kits,736.48,3.2,False
2025-12-03T23:00:00,Sokovia,Vibranium (kg),2424.41,3.55,False
2025-12-03T23:00:00,Sokovia,Arc Reactor Cores,702.64,4.26,False
2025-12-03T23:00:00,Sokovia,Pym Particles,713.99,3.91,False
2025-12-03T23:00:00,Sokovia,Clean Water (L),2404.7,4.26,False
2025-12-03T23:00:00,Sokovia,Medical Kits,731.77,3.2,False
2025-12-03T23:00:00,Sanctum Sanctorum,Vibranium (kg),2421.98,3.55,False
2025-12-03T23:00:00,Sanctum Sanctorum,Arc Reactor Cores,706.16,4.26,False
2025-12-03T23:00:00,Sanctum Sanctorum,Pym Particles,712.4,3.91,False
2025-12-03T23:00:00,Sanctum Sanctorum,Clean Water (L),2397.32,4.26,False
2025-12-03T23:00:00,Sanctum Sanctorum,Medical Kits,728.95,3.2,False
2025-12-03T23:00:00,Avengers Compound,Vibranium (kg),2423.74,3.55,False
2025-12-03T23:00:00,Avengers Compound,Arc Reactor Cores,707.4,4.26,False
2025-12-03T23:00:00,Avengers Compound,Pym Particles,711.07,3.91,False
2025-12-03T23:00:00,Avengers Compound,Clean Water (L),2400.72,4.26,False
2025-12-03T23:00:00,Avengers Compound,Medical Kits,730.39,3.2,False
2025-12-04T00:00:00,New Asgard,Vibranium (kg),2423.41,3.5,False
2025-12-04T00:00:00,New Asgard,Arc Reactor Cores,708.5,4.2,False
2025-12-04T00:00:00,New Asgard,Pym Particles,712.2,3.85,False
2025-12-04T00:00:00,New Asgard,Clean Water (L),2405.86,4.2,False
2025-12-04T00:00:00,New Asgard,Medical Kits,735.11,3.15,False
2025-12-04T00:00:00,Wakanda,Vibranium (kg),2422.81,3.5,False
2025-12-04T00:00:00,Wakanda,Arc Reactor Cores,701.78,4.2,False
2025-12-04T00:00:00,Wakanda,Pym Particles,715.0,3.85,False
2025-12-04T00:00:00,Wakanda,Clean Water (L),2402.92,4.2,False
2025-12-04T00:00:00,Wakanda,Medical Kits,738.24,3.15,False
2025-12-04T00:00:00,Sokovia,Vibranium (kg),2424.3,3.5,False
2025-12-04T00:00:00,Sokovia,Arc Reactor Cores,703.91,4.2,False
2025-12-04T00:00:00,Sokovia,Pym Particles,715.39,3.85,False
2025-12-04T00:00:00,Sokovia,Clean Water (L),2406.85,4.2,False
2025-12-04T00:00:00,Sokovia,Medical Kits,732.91,3.15,False
2025-12-04T00:00:00,Sanctum Sanctorum,Vibranium (kg),2423.69,3.5,False
2025-12-04T00:00:00,Sanctum Sanctorum,Arc Reactor Cores,708.88,4.2,False
2025-12-04T00:00:00,Sanctum Sanctorum,Pym Particles,714.29,3.85,False
2025-12-04T00:00:00,Sanctum Sanctorum,Clean Water (L),2398.53,4.2,False
2025-12-04T00:00:00,Sanctum Sanctorum,Medical Kits,730.66,3.15,False
2025-12-04T00:00:00,Avengers Compound,Vibranium (kg),2424.96,3.5,False
2025-12-04T00:00:00,Avengers Compound,Arc Reactor Cores,707.66,4.2,False
2025-12-04T00:00:00,Avengers Compound,Pym Particles,711.93,3.85,False
2025-12-04T00:00:00,Avengers Compound,Clean Water (L),2401.6,4.2,False
2025-12-04T00:00:00,Avengers Compound,Medical Kits,731.03,3.15,False
2025-12-04T01:00:00,New Asgard,Vibranium (kg),2424.01,3.55,False
2025-12-04T01:00:00,New Asgard,Arc Reactor Cores,709.92,4.26,False
2025-12-04T01:00:00,New Asgard,Pym Particles,714.54,3.91,False
2025-12-04T01:00:00,New Asgard,Clean Water (L),2406.58,4.26,False
2025-12-04T01:00:00,New Asgard,Medical Kits,735.75,3.2,False
2025-12-04T01:00:00,Wakanda,Vibranium (kg),2424.19,3.55,False
2025-12-04T01:00:00,Wakanda,Arc Reactor Cores,704.14,4.26,False
2025-12-04T01:00:00,Wakanda,Pym Particles,716.78,3.91,False
2025-12-04T01:00:00,Wakanda,Clean Water (L),2404.54,4.26,False
2025-12-04T01:00:00,Wakanda,Medical Kits,738.03,3.2,False
2025-12-04T01:00:00,Sokovia,Vibranium (kg),2424.85,3.55,False
2025-12-04T01:00:00,Sokovia,Arc Reactor Cores,704.94,4.26,False
2025-12-04T01:00:00,Sokovia,Pym Particles,716.84,3.91,False
2025-12-04T01:00:00,Sokovia,Clean Water (L),2407.91,4.26,False
2025-12-04T01:00:00,Sokovia,Medical Kits,735.04,3.2,False
2025-12-04T01:00:00,Sanctum Sanctorum,Vibranium (kg),2426.0,3.55,False
2025-12-04T01:00:00,Sanctum Sanctorum,Arc Reactor Cores,709.22,4.26,False
2025-12-04T01:00:00,Sanctum Sanctorum,Pym Particles,715.36,3.91,False
2025-12-04T01:00:00,Sanctum Sanctorum,Clean Water (L),2400.81,4.26,False
2025-12-04T01:00:00,Sanctum Sanctorum,Medical Kits,731.75,3.2,False
2025-12-04T01:00:00,Avengers Compound,Vibranium (kg),2426.54,3.55,False
2025-12-04T01:00:00,Avengers Compound,Arc Reactor Cores,708.08,4.26,False
2025-12-04T01:00:00,Avengers Compound,Pym Particles,713.37,3.91,False
2025-12-04T01:00:00,Avengers Compound,Clean Water (L),2402.76,4.26,False
2025-12-04T01:00:00,Avengers Compound,Medical Kits,732.65,3.2,False
2025-12-04T02:00:00,New Asgard,Vibranium (kg),2425.78,3.7,False
2025-12-04T02:00:00,New Asgard,Arc Reactor Cores,710.63,4.44,False
2025-12-04T02:00:00,New Asgard,Pym Particles,716.17,4.07,False
2025-12-04T02:00:00,New Asgard,Clean Water (L),2406.72,4.44,False
2025-12-04T02:00:00,New Asgard,Medical Kits,735.24,3.33,False
2025-12-04T02:00:00,Wakanda,Vibranium (kg),2424.98,3.7,False
2025-12-04T02:00:00,Wakanda,Arc Reactor Cores,705.44,4.44,False
2025-12-04T02:00:00,Wakanda,Pym Particles,717.81,4.07,False
2025-12-04T02:00:00,Wakanda,Clean Water (L),2406.23,4.44,False
2025-12-04T02:00:00,Wakanda,Medical Kits,738.93,3.33,False
2025-12-04T02:00:00,Sokovia,Vibranium (kg),2427.02,3.7,False
2025-12-04T02:00:00,Sokovia,Arc Reactor Cores,705.85,4.44,False
2025-12-04T02:00:00,Sokovia,Pym Particles,719.2,4.07,False
2025-12-04T02:00:00,Sokovia,Clean Water (L),2408.54,4.44,False
2025-12-04T02:00:00,Sokovia,Medical Kits,736.2,3.33,False
2025-12-04T02:00:00,Sanctum Sanctorum,Vibranium (kg),2426.34,3.7,False
2025-12-04T02:00:00,Sanctum Sanctorum,Arc Reactor Cores,710.68,4.44,False
2025-12-04T02:00:00,Sanctum Sanctorum,Pym Particles,716.52,4.07,False
2025-12-04T02:00:00,Sanctum Sanctorum,Clean Water (L),2402.3,4.44,False
2025-12-04T02:00:00,Sanctum Sanctorum,Medical Kits,733.37,3.33,False
2025-12-04T02:00:00,Avengers Compound,Vibranium (kg),2427.21,3.7,False
2025-12-04T02:00:00,Avengers Compound,Arc Reactor Cores,708.29,4.44,False
2025-12-04T02:00:00,Avengers Compound,Pym Particles,714.27,4.07,False
2025-12-04T02:00:00,Avengers Compound,Clean Water (L),2404.95,4.44,False
2025-12-04T02:00:00,Avengers Compound,Medical Kits,735.14,3.33,False
2025-12-04T03:00:00,New Asgard,Vibranium (kg),2426.36,3.94,False
2025-12-04T03:00:00,New Asgard,Arc Reactor Cores,711.56,4.73,False
2025-12-04T03:00:00,New Asgard,Pym Particles,718.2,4.33,False
2025-12-04T03:00:00,New Asgard,Clean Water (L),2408.92,4.73,False
2025-12-04T03:00:00,New Asgard,Medical Kits,735.77,3.55,False
2025-12-04T03:00:00,Wakanda,Vibranium (kg),2426.69,3.94,False
2025-12-04T03:00:00,Wakanda,Arc Reactor Cores,707.74,4.73,False
2025-12-04T03:00:00,Wakanda,Pym Particles,718.91,4.33,False
2025-12-04T03:00:00,Wakanda,Clean Water (L),2407.51,4.73,False
2025-12-04T03:00:00,Wakanda,Medical Kits,739.67,3.55,False
2025-12-04T03:00:00,Sokovia,Vibranium (kg),2427.06,3.94,False
2025-12-04T03:00:00,Sokovia,Arc Reactor Cores,707.34,4.73,False
2025-12-04T03:00:00,Sokovia,Pym Particles,720.13,4.33,False
2025-12-04T03:00:00,Sokovia,Clean Water (L),2410.79,4.73,False
2025-12-04T03:00:00,Sokovia,Medical Kits,737.51,3.55,False
2025-12-04T03:00:00,Sanctum Sanctorum,Vibranium (kg),2428.23,3.94,False
2025-12-04T03:00:00,Sanctum Sanctorum,Arc Reactor Cores,712.06,4.73,False
2025-12-04T03:00:00,Sanctum Sanctorum,Pym Particles,718.44,4.33,False
2025-12-04T03:00:00,Sanctum Sanctorum,Clean Water (L),2402.51,4.73,False
2025-12-04T03:00:00,Sanctum Sanctorum,Medical Kits,734.0,3.55,False
2025-12-04T03:00:00,Avengers Compound,Vibranium (kg),2426.38,3.94,False
2025-12-04T03:00:00,Avengers Compound,Arc Reactor Cores,708.14,4.73,False
2025-12-04T03:00:00,Avengers Compound,Pym Particles,715.85,4.33,False
2025-12-04T03:00:00,Avengers Compound,Clean Water (L),2405.06,4.73,False
2025-12-04T03:00:00,Avengers Compound,Medical Kits,735.77,3.55,False
2025-12-04T04:00:00,New Asgard,Vibranium (kg),2428.01,4.25,False
2025-12-04T04:00:00,New Asgard,Arc Reactor Cores,712.1,5.1,False
2025-12-04T04:00:00,New Asgard,Pym Particles,718.42,4.68,False
2025-12-04T04:00:00,New Asgard,Clean Water (L),2409.61,5.1,False
2025-12-04T04:00:00,New Asgard,Medical Kits,735.75,3.83,False
2025-12-04T04:00:00,Wakanda,Vibranium (kg),2427.41,4.25,False
2025-12-04T04:00:00,Wakanda,Arc Reactor Cores,708.34,5.1,False
2025-12-04T04:00:00,Wakanda,Pym Particles,718.14,4.68,False
2025-12-04T04:00:00,Wakanda,Clean Water (L),2406.79,5.1,False
2025-12-04T04:00:00,Wakanda,Medical Kits,739.39,3.83,False
2025-12-04T04:00:00,Sokovia,Vibranium (kg),2428.08,4.25,False
2025-12-04T04:00:00,Sokovia,Arc Reactor Cores,707.6,5.1,False
2025-12-04T04:00:00,Sokovia,Pym Particles,720.46,4.68,False
2025-12-04T04:00:00,Sokovia,Clean Water (L),2411.08,5.1,False
2025-12-04T04:00:00,Sokovia,Medical Kits,737.79,3.83,False
2025-12-04T04:00:00,Sanctum Sanctorum,Vibranium (kg),2430.13,4.25,False
2025-12-04T04:00:00,Sanctum Sanctorum,Arc Reactor Cores,712.47,5.1,False
2025-12-04T04:00:00,Sanctum Sanctorum,Pym Particles,719.18,4.68,False
2025-12-04T04:00:00,Sanctum Sanctorum,Clean Water (L),2403.48,5.1,False
2025-12-04T04:00:00,Sanctum Sanctorum,Medical Kits,734.32,3.83,False
2025-12-04T04:00:00,Avengers Compound,Vibranium (kg),2427.15,4.25,False
2025-12-04T04:00:00,Avengers Compound,Arc Reactor Cores,708.1,5.1,False
2025-12-04T04:00:00,Avengers Compound,Pym Particles,716.49,4.68,False
2025-12-04T04:00:00,Avengers Compound,Clean Water (L),2407.28,5.1,False
2025-12-04T04:00:00,Avengers Compound,Medical Kits,735.1,3.83,False
2025-12-04T05:00:00,New Asgard,Vibranium (kg),2428.89,4.61,False
2025-12-04T05:00:00,New Asgard,Arc Reactor Cores,712.27,5.53,False
2025-12-04T05:00:00,New Asgard,Pym Particles,718.43,5.07,False
2025-12-04T05:00:00,New Asgard,Clean Water (L),2407.87,5.53,False
2025-12-04T05:00:00,New Asgard,Medical Kits,734.48,4.15,False
2025-12-04T05:00:00,Wakanda,Vibranium (kg),2426.19,4.61,False
2025-12-04T05:00:00,Wakanda,Arc Reactor Cores,709.8,5.53,False
2025-12-04T05:00:00,Wakanda,Pym Particles,717.63,5.07,False
2025-12-04T05:00:00,Wakanda,Clean Water (L),2405.38,5.53,False
2025-12-04T05:00:00,Wakanda,Medical Kits,740.11,4.15,False
2025-12-04T05:00:00,Sokovia,Vibranium (kg),2429.79,4.61,False
2025-12-04T05:00:00,Sokovia,Arc Reactor Cores,706.51,5.53,False
2025-12-04T05:00:00,Sokovia,Pym Particles,721.29,5.07,False
2025-12-04T05:00:00,Sokovia,Clean Water (L),2411.46,5.53,False
2025-12-04T05:00:00,Sokovia,Medical Kits,737.5,4.15,False
2025-12-04T05:00:00,Sanctum Sanctorum,Vibranium (kg),2429.74,4.61,False
2025-12-04T05:00:00,Sanctum Sanctorum,Arc Reactor Cores,712.83,5.53,False
2025-12-04T05:00:00,Sanctum Sanctorum,Pym Particles,720.03,5.07,False
2025-12-04T05:00:00,Sanctum Sanctorum,Clean Water (L),2403.92,5.53,False
2025-12-04T05:00:00,Sanctum Sanctorum,Medical Kits,734.22,4.15,False
2025-12-04T05:00:00,Avengers Compound,Vibranium (kg),2427.74,4.61,False
2025-12-04T05:00:00,Avengers Compound,Arc Reactor Cores,708.52,5.53,False
2025-12-04T05:00:00,Avengers Compound,Pym Particles,715.61,5.07,False
2025-12-04T05:00:00,Avengers Compound,Clean Water (L),2407.52,5.53,False
2025-12-04T05:00:00,Avengers Compound,Medical Kits,736.01,4.15,False
2025-12-04T06:00:00,New Asgard,Vibranium (kg),2429.95,5.0,False
2025-12-04T06:00:00,New Asgard,Arc Reactor Cores,711.78,6.0,False
2025-12-04T06:00:00,New Asgard,Pym Particles,717.42,5.5,False
2025-12-04T06:00:00,New Asgard,Clean Water (L),2408.19,6.0,False
2025-12-04T06:00:00,New Asgard,Medical Kits,733.96,4.5,False
2025-12-04T06:00:00,Wakanda,Vibranium (kg),2426.48,5.0,False
2025-12-04T06:00:00,Wakanda,Arc Reactor Cores,710.08,6.0,False
2025-12-04T06:00:00,Wakanda,Pym Particles,717.09,5.5,False
2025-12-04T06:00:00,Wakanda,Clean Water (L),2405.0,6.0,False
2025-12-04T06:00:00,Wakanda,Medical Kits,740.22,4.5,False
2025-12-04T06:00:00,Sokovia,Vibranium (kg),2429.62,5.0,False
2025-12-04T06:00:00,Sokovia,Arc Reactor Cores,705.27,6.0,False
2025-12-04T06:00:00,Sokovia,Pym Particles,721.27,5.5,False
2025-12-04T06:00:00,Sokovia,Clean Water (L),2412.23,6.0,False
2025-12-04T06:00:00,Sokovia,Medical Kits,737.16,4.5,False
2025-12-04T06:00:00,Sanctum Sanctorum,Vibranium (kg),2429.08,5.0,False
2025-12-04T06:00:00,Sanctum Sanctorum,Arc Reactor Cores,712.53,6.0,False
2025-12-04T06:00:00,Sanctum Sanctorum,Pym Particles,720.01,5.5,False
2025-12-04T06:00:00,Sanctum Sanctorum,Clean Water (L),2404.7,6.0,False
2025-12-04T06:00:00,Sanctum Sanctorum,Medical Kits,735.69,4.5,False
2025-12-04T06:00:00,Avengers Compound,Vibranium (kg),2428.19,5.0,False
2025-12-04T06:00:00,Avengers Compound,Arc Reactor Cores,708.28,6.0,False
2025-12-04T06:00:00,Avengers Compound,Pym Particles,716.24,5.5,False
2025-12-04T06:00:00,Avengers Compound,Clean Water (L),2406.91,6.0,False
2025-12-04T06:00:00,Avengers Compound,Medical Kits,736.84,4.5,False
2025-12-04T07:00:00,New Asgard,Vibranium (kg),2427.78,5.39,False
2025-12-04T07:00:00,New Asgard,Arc Reactor Cores,709.73,6.47,False
2025-12-04T07:00:00,New Asgard,Pym Particles,716.3,5.93,False
2025-12-04T07:00:00,New Asgard,Clean Water (L),2407.15,6.47,False
2025-12-04T07:00:00,New Asgard,Medical Kits,732.93,4.85,False
2025-12-04T07:00:00,Wakanda,Vibranium (kg),2426.2,5.39,False
2025-12-04T07:00:00,Wakanda,Arc Reactor Cores,709.04,6.47,False
2025-12-04T07:00:00,Wakanda,Pym Particles,715.57,5.93,False
2025-12-04T07:00:00,Wakanda,Clean Water (L),2404.42,6.47,False
2025-12-04T07:00:00,Wakanda,Medical Kits,739.26,4.85,False
2025-12-04T07:00:00,Sokovia,Vibranium (kg),2429.83,5.39,False
2025-12-04T07:00:00,Sokovia,Arc Reactor Cores,704.12,6.47,False
2025-12-04T07:00:00,Sokovia,Pym Particles,720.27,5.93,False
2025-12-04T07:00:00,Sokovia,Clean Water (L),2411.62,6.47,False
2025-12-04T07:00:00,Sokovia,Medical Kits,735.68,4.85,False
2025-12-04T07:00:00,Sanctum Sanctorum,Vibranium (kg),2429.08,5.39,False
2025-12-04T07:00:00,Sanctum Sanctorum,Arc Reactor Cores,710.29,6.47,False
2025-12-04T07:00:00,Sanctum Sanctorum,Pym Particles,718.58,5.93,False
2025-12-04T07:00:00,Sanctum Sanctorum,Clean Water (L),2405.27,6.47,False
2025-12-04T07:00:00,Sanctum Sanctorum,Medical Kits,735.79,4.85,False
2025-12-04T07:00:00,Avengers Compound,Vibranium (kg),2427.64,5.39,False
2025-12-04T07:00:00,Avengers Compound,Arc Reactor Cores,707.29,6.47,False
2025-12-04T07:00:00,Avengers Compound,Pym Particles,715.32,5.93,False
2025-12-04T07:00:00,Avengers Compound,Clean Water (L),2405.14,6.47,False
2025-12-04T07:00:00,Avengers Compound,Medical Kits,735.93,4.85,False
2025-12-04T08:00:00,New Asgard,Vibranium (kg),2425.48,5.75,False
2025-12-04T08:00:00,New Asgard,Arc Reactor Cores,707.14,6.9,False
2025-12-04T08:00:00,New Asgard,Pym Particles,715.16,6.32,False
2025-12-04T08:00:00,New Asgard,Clean Water (L),2405.62,6.9,False
2025-12-04T08:00:00,New Asgard,Medical Kits,731.11,5.17,False
2025-12-04T08:00:00,Wakanda,Vibranium (kg),2425.28,5.75,False
2025-12-04T08:00:00,Wakanda,Arc Reactor Cores,706.82,6.9,False
2025-12-04T08:00:00,Wakanda,Pym Particles,715.9,6.32,False
2025-12-04T08:00:00,Wakanda,Clean Water (L),2402.76,6.9,False
2025-12-04T08:00:00,Wakanda,Medical Kits,737.24,5.17,False
2025-12-04T08:00:00,Sokovia,Vibranium (kg),2428.8,5.75,False
2025-12-04T08:00:00,Sokovia,Arc Reactor Cores,703.26,6.9,False
2025-12-04T08:00:00,Sokovia,Pym Particles,718.93,6.32,False
2025-12-04T08:00:00,Sokovia,Clean Water (L),2410.2,6.9,False
2025-12-04T08:00:00,Sokovia,Medical Kits,735.88,5.17,False
2025-12-04T08:00:00,Sanctum Sanctorum,Vibranium (kg),2428.47,5.75,False
2025-12-04T08:00:00,Sanctum Sanctorum,Arc Reactor Cores,708.36,6.9,False
2025-12-04T08:00:00,Sanctum Sanctorum,Pym Particles,717.31,6.32,False
2025-12-04T08:00:00,Sanctum Sanctorum,Clean Water (L),2403.7,6.9,False
2025-12-04T08:00:00,Sanctum Sanctorum,Medical Kits,736.2,5.17,False
2025-12-04T08:00:00,Avengers Compound,Vibranium (kg),2426.82,5.75,False
2025-12-04T08:00:00,Avengers Compound,Arc Reactor Cores,706.47,6.9,False
2025-12-04T08:00:00,Avengers Compound,Pym Particles,715.3,6.32,False
2025-12-04T08:00:00,Avengers Compound,Clean Water (L),2403.83,6.9,False
2025-12-04T08:00:00,Avengers Compound,Medical Kits,735.14,5.17,False
2025-12-04T09:00:00,New Asgard,Vibranium (kg),2424.55,6.06,False
2025-12-04T09:00:00,New Asgard,Arc Reactor Cores,705.23,7.27,False
2025-12-04T09:00:00,New Asgard,Pym Particles,713.71,6.67,False
2025-12-04T09:00:00,New Asgard,Clean Water (L),2404.87,7.27,False
2025-12-04T09:00:00,New Asgard,Medical Kits,729.61,5.45,False
2025-12-04T09:00:00,Wakanda,Vibranium (kg),2423.14,6.06,False
2025-12-04T09:00:00,Wakanda,Arc Reactor Cores,705.79,7.27,False
2025-12-04T09:00:00,Wakanda,Pym Particles,715.39,6.67,False
2025-12-04T09:00:00,Wakanda,Clean Water (L),2401.2,7.27,False
2025-12-04T09:00:00,Wakanda,Medical Kits,735.67,5.45,False
2025-12-04T09:00:00,Sokovia,Vibranium (kg),2427.49,6.06,False
2025-12-04T09:00:00,Sokovia,Arc Reactor Cores,703.35,7.27,False
2025-12-04T09:00:00,Sokovia,Pym Particles,717.58,6.67,False
2025-12-04T09:00:00,Sokovia,Clean Water (L),2409.17,7.27,False
2025-12-04T09:00:00,Sokovia,Medical Kits,736.11,5.45,False
2025-12-04T09:00:00,Sanctum Sanctorum,Vibranium (kg),2426.87,6.06,False
2025-12-04T09:00:00,Sanctum Sanctorum,Arc Reactor Cores,706.14,7.27,False
2025-12-04T09:00:00,Sanctum Sanctorum,Pym Particles,715.87,6.67,False
2025-12-04T09:00:00,Sanctum Sanctorum,Clean Water (L),2402.24,7.27,False
2025-12-04T09:00:00,Sanctum Sanctorum,Medical Kits,734.8,5.45,False
2025-12-04T09:00:00,Avengers Compound,Vibranium (kg),2424.59,6.06,False
2025-12-04T09:00:00,Avengers Compound,Arc Reactor Cores,706.26,7.27,False
2025-12-04T09:00:00,Avengers Compound,Pym Particles,714.78,6.67,False
2025-12-04T09:00:00,Avengers Compound,Clean Water (L),2403.63,7.27,False
2025-12-04T09:00:00,Avengers Compound,Medical Kits,735.57,5.45,False
2025-12-04T10:00:00,New Asgard,Vibranium (kg),2423.2,6.3,False
2025-12-04T10:00:00,New Asgard,Arc Reactor Cores,703.04,7.56,False
2025-12-04T10:00:00,New Asgard,Pym Particles,712.46,6.93,False
2025-12-04T10:00:00,New Asgard,Clean Water (L),2402.87,7.56,False
2025-12-04T10:00:00,New Asgard,Medical Kits,728.26,5.67,False
2025-12-04T10:00:00,Wakanda,Vibranium (kg),2420.15,6.3,False
2025-12-04T10:00:00,Wakanda,Arc Reactor Cores,704.1,7.56,False
2025-12-04T10:00:00,Wakanda,Pym Particles,712.81,6.93,False
2025-12-04T10:00:00,Wakanda,Clean Water (L),2398.87,7.56,False
2025-12-04T10:00:00,Wakanda,Medical Kits,734.02,5.67,False
2025-12-04T10:00:00,Sokovia,Vibranium (kg),2423.91,6.3,False
2025-12-04T10:00:00,Sokovia,Arc Reactor Cores,700.83,7.56,False
2025-12-04T10:00:00,Sokovia,Pym Particles,715.91,6.93,False
2025-12-04T10:00:00,Sokovia,Clean Water (L),2406.64,7.56,False
2025-12-04T10:00:00,Sokovia,Medical Kits,736.1,5.67,False
2025-12-04T10:00:00,Sanctum Sanctorum,Vibranium (kg),2423.95,6.3,False
2025-12-04T10:00:00,Sanctum Sanctorum,Arc Reactor Cores,705.75,7.56,False
2025-12-04T10:00:00,Sanctum Sanctorum,Pym Particles,713.6,6.93,False
2025-12-04T10:00:00,Sanctum Sanctorum,Clean Water (L),2401.62,7.56,False
2025-12-04T10:00:00,Sanctum Sanctorum,Medical Kits,733.54,5.67,False
2025-12-04T10:00:00,Avengers Compound,Vibranium (kg),2423.2,6.3,False
2025-12-04T10:00:00,Avengers Compound,Arc Reactor Cores,705.23,7.56,False
2025-12-04T10:00:00,Avengers Compound,Pym Particles,713.68,6.93,False
2025-12-04T10:00:00,Avengers Compound,Clean Water (L),2401.54,7.56,False
2025-12-04T10:00:00,Avengers Compound,Medical Kits,733.89,5.67,False
2025-12-04T11:00:00,New Asgard,Vibranium (kg),2421.81,6.45,False
2025-12-04T11:00:00,New Asgard,Arc Reactor Cores,700.78,7.74,False
2025-12-04T11:00:00,New Asgard,Pym Particles,710.93,7.09,False
2025-12-04T11:00:00,New Asgard,Clean Water (L),2401.39,7.74,False
2025-12-04T11:00:00,New Asgard,Medical Kits,727.97,5.8,False
2025-12-04T11:00:00,Wakanda,Vibranium (kg),2419.47,6.45,False
2025-12-04T11:00:00,Wakanda,Arc Reactor Cores,702.32,7.74,False
2025-12-04T11:00:00,Wakanda,Pym Particles,710.37,7.09,False
2025-12-04T11:00:00,Wakanda,Clean Water (L),2397.21,7.74,False
2025-12-04T11:00:00,Wakanda,Medical Kits,734.05,5.8,False
2025-12-04T11:00:00,Sokovia,Vibranium (kg),2422.42,6.45,False
2025-12-04T11:00:00,Sokovia,Arc Reactor Cores,697.18,7.74,False
2025-12-04T11:00:00,Sokovia,Pym Particles,714.14,7.09,False
2025-12-04T11:00:00,Sokovia,Clean Water (L),2405.52,7.74,False
2025-12-04T11:00:00,Sokovia,Medical Kits,735.72,5.8,False
2025-12-04T11:00:00,Sanctum Sanctorum,Vibranium (kg),2421.82,6.45,False
2025-12-04T11:00:00,Sanctum Sanctorum,Arc Reactor Cores,703.78,7.74,False
2025-12-04T11:00:00,Sanctum Sanctorum,Pym Particles,712.67,7.09,False
2025-12-04T11:00:00,Sanctum Sanctorum,Clean Water (L),2400.83,7.74,False
2025-12-04T11:00:00,Sanctum Sanctorum,Medical Kits,732.82,5.8,False
2025-12-04T11:00:00,Avengers Compound,Vibranium (kg),2420.99,6.45,False
2025-12-04T11:00:00,Avengers Compound,Arc Reactor Cores,702.96,7.74,False
2025-12-04T11:00:00,Avengers Compound,Pym Particles,712.77,7.09,False
2025-12-04T11:00:00,Avengers Compound,Clean Water (L),2400.62,7.74,False
2025-12-04T11:00:00,Avengers Compound,Medical Kits,731.89,5.8,False
2025-12-04T12:00:00,New Asgard,Vibranium (kg),2419.25,6.5,False
2025-12-04T12:00:00,New Asgard,Arc Reactor Cores,699.98,7.8,False
2025-12-04T12:00:00,New Asgard,Pym Particles,708.66,7.15,False
2025-12-04T12:00:00,New Asgard,Clean Water (L),2398.76,7.8,False
2025-12-04T12:00:00,New Asgard,Medical Kits,725.08,5.85,False
2025-12-04T12:00:00,Wakanda,Vibranium (kg),2417.81,6.5,False
2025-12-04T12:00:00,Wakanda,Arc Reactor Cores,701.08,7.8,False
2025-12-04T12:00:00,Wakanda,Pym Particles,709.02,7.15,False
2025-12-04T12:00:00,Wakanda,Clean Water (L),2395.62,7.8,False
2025-12-04T12:00:00,Wakanda,Medical Kits,733.09,5.85,False
2025-12-04T12:00:00,Sokovia,Vibranium (kg),2419.32,6.5,False
2025-12-04T12:00:00,Sokovia,Arc Reactor Cores,694.07,7.8,False
2025-12-04T12:00:00,Sokovia,Pym Particles,711.27,7.15,False
2025-12-04T12:00:00,Sokovia,Clean Water (L),2401.78,7.8,False
2025-12-04T12:00:00,Sokovia,Medical Kits,734.71,5.85,False
2025-12-04T12:00:00,Sanctum Sanctorum,Vibranium (kg),2420.42,6.5,False
2025-12-04T12:00:00,Sanctum Sanctorum,Arc Reactor Cores,700.73,7.8,False
2025-12-04T12:00:00,Sanctum Sanctorum,Pym Particles,710.78,7.15,False
2025-12-04T12:00:00,Sanctum Sanctorum,Clean Water (L),2398.82,7.8,False
2025-12-04T12:00:00,Sanctum Sanctorum,Medical Kits,730.53,5.85,False
2025-12-04T12:00:00,Avengers Compound,Vibranium (kg),2418.79,6.5,False
2025-12-04T12:00:00,Avengers Compound,Arc Reactor Cores,700.53,7.8,False
2025-12-04T12:00:00,Avengers Compound,Pym Particles,710.38,7.15,False
2025-12-04T12:00:00,Avengers Compound,Clean Water (L),2398.6,7.8,False
2025-12-04T12:00:00,Avengers Compound,Medical Kits,730.36,5.85,False
2025-12-04T13:00:00,New Asgard,Vibranium (kg),2416.39,6.45,False
2025-12-04T13:00:00,New Asgard,Arc Reactor Cores,698.38,7.74,False
2025-12-04T13:00:00,New Asgard,Pym Particles,707.45,7.09,False
2025-12-04T13:00:00,New Asgard,Clean Water (L),2395.6,7.74,False
2025-12-04T13:00:00,New Asgard,Medical Kits,724.93,5.8,False
2025-12-04T13:00:00,Wakanda,Vibranium (kg),2415.87,6.45,False
2025-12-04T13:00:00,Wakanda,Arc Reactor Cores,700.8,7.74,False
2025-12-04T13:00:00,Wakanda,Pym Particles,707.75,7.09,False
2025-12-04T13:00:00,Wakanda,Clean Water (L),2393.02,7.74,False
2025-12-04T13:00:00,Wakanda,Medical Kits,730.73,5.8,False
2025-12-04T13:00:00,Sokovia,Vibranium (kg),2418.25,6.45,False
2025-12-04T13:00:00,Sokovia,Arc Reactor Cores,693.08,7.74,False
2025-12-04T13:00:00,Sokovia,Pym Particles,708.55,7.09,False
2025-12-04T13:00:00,Sokovia,Clean Water (L),2400.63,7.74,False
2025-12-04T13:00:00,Sokovia,Medical Kits,733.56,5.8,False
2025-12-04T13:00:00,Sanctum Sanctorum,Vibranium (kg),2418.91,6.45,False
2025-12-04T13:00:00,Sanctum Sanctorum,Arc Reactor Cores,698.39,7.74,False
2025-12-04T13:00:00,Sanctum Sanctorum,Pym Particles,709.37,7.09,False
2025-12-04T13:00:00,Sanctum Sanctorum,Clean Water (L),2396.47,7.74,False
2025-12-04T13:00:00,Sanctum Sanctorum,Medical Kits,730.13,5.8,False
2025-12-04T13:00:00,Avengers Compound,Vibranium (kg),2416.26,6.45,False
2025-12-04T13:00:00,Avengers Compound,Arc Reactor Cores,697.4,7.74,False
2025-12-04T13:00:00,Avengers Compound,Pym Particles,710.41,7.09,False
2025-12-04T13:00:00,Avengers Compound,Clean Water (L),2397.42,7.74,False
2025-12-04T13:00:00,Avengers Compound,Medical Kits,729.58,5.8,False
2025-12-04T14:00:00,New Asgard,Vibranium (kg),2413.92,6.3,False
2025-12-04T14:00:00,New Asgard,Arc Reactor Cores,696.66,7.56,False
2025-12-04T14:00:00,New Asgard,Pym Particles,706.69,6.93,False
2025-12-04T14:00:00,New Asgard,Clean Water (L),2392.39,7.56,False
2025-12-04T14:00:00,New Asgard,Medical Kits,724.01,5.67,False
2025-12-04T14:00:00,Wakanda,Vibranium (kg),2414.12,6.3,False
2025-12-04T14:00:00,Wakanda,Arc Reactor Cores,699.5,7.56,False
2025-12-04T14:00:00,Wakanda,Pym Particles,706.96,6.93,False
2025-12-04T14:00:00,Wakanda,Clean Water (L),2392.24,7.56,False
2025-12-04T14:00:00,Wakanda,Medical Kits,728.87,5.67,False
2025-12-04T14:00:00,Sokovia,Vibranium (kg),2417.68,6.3,False
2025-12-04T14:00:00,Sokovia,Arc Reactor Cores,691.25,7.56,False
2025-12-04T14:00:00,Sokovia,Pym Particles,708.58,6.93,False
2025-12-04T14:00:00,Sokovia,Clean Water (L),2399.42,7.56,False
2025-12-04T14:00:00,Sokovia,Medical Kits,732.02,5.67,False
2025-12-04T14:00:00,Sanctum Sanctorum,Vibranium (kg),2416.9,6.3,False
2025-12-04T14:00:00,Sanctum Sanctorum,Arc Reactor Cores,695.86,7.56,False
2025-12-04T14:00:00,Sanctum Sanctorum,Pym Particles,707.45,6.93,False
2025-12-04T14:00:00,Sanctum Sanctorum,Clean Water (L),2394.07,7.56,False
2025-12-04T14:00:00,Sanctum Sanctorum,Medical Kits,727.7,5.67,False
2025-12-04T14:00:00,Avengers Compound,Vibranium (kg),2413.76,6.3,False
2025-12-04T14:00:00,Avengers Compound,Arc Reactor Cores,696.27,7.56,False
2025-12-04T14:00:00,Avengers Compound,Pym Particles,709.61,6.93,False
2025-12-04T14:00:00,Avengers Compound,Clean Water (L),2395.79,7.56,False
2025-12-04T14:00:00,Avengers Compound,Medical Kits,728.16,5.67,False
2025-12-04T15:00:00,New Asgard,Vibranium (kg),2413.85,6.06,False
2025-12-04T15:00:00,New Asgard,Arc Reactor Cores,694.82,7.27,False
2025-12-04T15:00:00,New Asgard,Pym Particles,705.35,6.67,False
2025-12-04T15:00:00,New Asgard,Clean Water (L),2392.63,7.27,False
2025-12-04T15:00:00,New Asgard,Medical Kits,724.01,5.45,False
2025-12-04T15:00:00,Wakanda,Vibranium (kg),2413.5,6.06,False
2025-12-04T15:00:00,Wakanda,Arc Reactor Cores,697.58,7.27,False
2025-12-04T15:00:00,Wakanda,Pym Particles,706.12,6.67,False
2025-12-04T15:00:00,Wakanda,Clean Water (L),2391.66,7.27,False
2025-12-04T15:00:00,Wakanda,Medical Kits,726.75,5.45,False
2025-12-04T15:00:00,Sokovia,Vibranium (kg),2417.03,6.06,False
2025-12-04T15:00:00,Sokovia,Arc Reactor Cores,689.61,7.27,False
2025-12-04T15:00:00,Sokovia,Pym Particles,708.58,6.67,False
2025-12-04T15:00:00,Sokovia,Clean Water (L),2398.6,7.27,False
2025-12-04T15:00:00,Sokovia,Medical Kits,731.55,5.45,False
2025-12-04T15:00:00,Sanctum Sanctorum,Vibranium (kg),2415.8,6.06,False
2025-12-04T15:00:00,Sanctum Sanctorum,Arc Reactor Cores,695.56,7.27,False
2025-12-04T15:00:00,Sanctum Sanctorum,Pym Particles,707.91,6.67,False
2025-12-04T15:00:00,Sanctum Sanctorum,Clean Water (L),2393.78,7.27,False
2025-12-04T15:00:00,Sanctum Sanctorum,Medical Kits,726.48,5.45,False
2025-12-04T15:00:00,Avengers Compound,Vibranium (kg),2412.62,6.06,False
2025-12-04T15:00:00,Avengers Compound,Arc Reactor Cores,695.94,7.27,False
2025-12-04T15:00:00,Avengers Compound,Pym Particles,709.06,6.67,False
2025-12-04T15:00:00,Avengers Compound,Clean Water (L),2394.62,7.27,False
2025-12-04T15:00:00,Avengers Compound,Medical Kits,727.77,5.45,False
2025-12-04T16:00:00,New Asgard,Vibranium (kg),2413.81,5.75,False
2025-12-04T16:00:00,New Asgard,Arc Reactor Cores,693.47,6.9,False
2025-12-04T16:00:00,New Asgard,Pym Particles,704.08,6.32,False
2025-12-04T16:00:00,New Asgard,Clean Water (L),2392.59,6.9,False
2025-12-04T16:00:00,New Asgard,Medical Kits,725.17,5.17,False
2025-12-04T16:00:00,Wakanda,Vibranium (kg),2414.72,5.75,False
2025-12-04T16:00:00,Wakanda,Arc Reactor Cores,696.63,6.9,False
2025-12-04T16:00:00,Wakanda,Pym Particles,703.82,6.32,False
2025-12-04T16:00:00,Wakanda,Clean Water (L),2391.22,6.9,False
2025-12-04T16:00:00,Wakanda,Medical Kits,725.36,5.17,False
2025-12-04T16:00:00,Sokovia,Vibranium (kg),2417.1,5.75,False
2025-12-04T16:00:00,Sokovia,Arc Reactor Cores,690.69,6.9,False
2025-12-04T16:00:00,Sokovia,Pym Particles,706.5,6.32,False
2025-12-04T16:00:00,Sokovia,Clean Water (L),2397.32,6.9,False
2025-12-04T16:00:00,Sokovia,Medical Kits,730.57,5.17,False
2025-12-04T16:00:00,Sanctum Sanctorum,Vibranium (kg),2415.44,5.75,False
2025-12-04T16:00:00,Sanctum Sanctorum,Arc Reactor Cores,696.29,6.9,False
2025-12-04T16:00:00,Sanctum Sanctorum,Pym Particles,708.28,6.32,False
2025-12-04T16:00:00,Sanctum Sanctorum,Clean Water (L),2391.71,6.9,False
2025-12-04T16:00:00,Sanctum Sanctorum,Medical Kits,726.15,5.17,False
2025-12-04T16:00:00,Avengers Compound,Vibranium (kg),2412.98,5.75,False
2025-12-04T16:00:00,Avengers Compound,Arc Reactor Cores,696.03,6.9,False
2025-12-04T16:00:00,Avengers Compound,Pym Particles,708.08,6.32,False
2025-12-04T16:00:00,Avengers Compound,Clean Water (L),2394.46,6.9,False
2025-12-04T16:00:00,Avengers Compound,Medical Kits,726.14,5.17,False
2025-12-04T17:00:00,New Asgard,Vibranium (kg),2414.01,5.39,False
2025-12-04T17:00:00,New Asgard,Arc Reactor Cores,693.75,6.47,False
2025-12-04T17:00:00,New Asgard,Pym Particles,703.18,5.93,False
2025-12-04T17:00:00,New Asgard,Clean Water (L),2392.67,6.47,False
2025-12-04T17:00:00,New Asgard,Medical Kits,726.76,4.85,False
2025-12-04T17:00:00,Wakanda,Vibranium (kg),2413.48,5.39,False
2025-12-04T17:00:00,Wakanda,Arc Reactor Cores,695.72,6.47,False
2025-12-04T17:00:00,Wakanda,Pym Particles,702.27,5.93,False
2025-12-04T17:00:00,Wakanda,Clean Water (L),2391.2,6.47,False
2025-12-04T17:00:00,Wakanda,Medical Kits,723.96,4.85,False
2025-12-04T17:00:00,Sokovia,Vibranium (kg),2416.26,5.39,False
2025-12-04T17:00:00,Sokovia,Arc Reactor Cores,689.42,6.47,False
2025-12-04T17:00:00,Sokovia,Pym Particles,706.42,5.93,False
2025-12-04T17:00:00,Sokovia,Clean Water (L),2397.96,6.47,False
2025-12-04T17:00:00,Sokovia,Medical Kits,730.45,4.85,False
2025-12-04T17:00:00,Sanctum Sanctorum,Vibranium (kg),2415.99,5.39,False
2025-12-04T17:00:00,Sanctum Sanctorum,Arc Reactor Cores,695.72,6.47,False
2025-12-04T17:00:00,Sanctum Sanctorum,Pym Particles,707.96,5.93,False
2025-12-04T17:00:00,Sanctum Sanctorum,Clean Water (L),2392.06,6.47,False
2025-12-04T17:00:00,Sanctum Sanctorum,Medical Kits,725.89,4.85,False
2025-12-04T17:00:00,Avengers Compound,Vibranium (kg),2414.25,5.39,False
2025-12-04T17:00:00,Avengers Compound,Arc Reactor Cores,695.77,6.47,False
2025-12-04T17:00:00,Avengers Compound,Pym Particles,707.61,5.93,False
2025-12-04T17:00:00,Avengers Compound,Clean Water (L),2393.2,6.47,False
2025-12-04T17:00:00,Avengers Compound,Medical Kits,726.07,4.85,False
2025-12-04T18:00:00,New Asgard,Vibranium (kg),2414.0,5.0,False
2025-12-04T18:00:00,New Asgard,Arc Reactor Cores,693.32,6.0,False
2025-12-04T18:00:00,New Asgard,Pym Particles,702.28,5.5,False
2025-12-04T18:00:00,New Asgard,Clean Water (L),2393.32,6.0,False
2025-12-04T18:00:00,New Asgard,Medical Kits,727.35,4.5,False
2025-12-04T18:00:00,Wakanda,Vibranium (kg),2412.07,5.0,False
2025-12-04T18:00:00,Wakanda,Arc Reactor Cores,695.72,6.0,False
2025-12-04T18:00:00,Wakanda,Pym Particles,704.22,5.5,False
2025-12-04T18:00:00,Wakanda,Clean Water (L),2391.22,6.0,False
2025-12-04T18:00:00,Wakanda,Medical Kits,723.96,4.5,False
2025-12-04T18:00:00,Sokovia,Vibranium (kg),2416.11,5.0,False
2025-12-04T18:00:00,Sokovia,Arc Reactor Cores,689.82,6.0,False
2025-12-04T18:00:00,Sokovia,Pym Particles,706.06,5.5,False
2025-12-04T18:00:00,Sokovia,Clean Water (L),2397.85,6.0,False
2025-12-04T18:00:00,Sokovia,Medical Kits,730.71,4.5,False
2025-12-04T18:00:00,Sanctum Sanctorum,Vibranium (kg),2416.43,5.0,False
2025-12-04T18:00:00,Sanctum Sanctorum,Arc Reactor Cores,696.74,6.0,False
2025-12-04T18:00:00,Sanctum Sanctorum,Pym Particles,708.05,5.5,False
2025-12-04T18:00:00,Sanctum Sanctorum,Clean Water (L),2391.79,6.0,False
2025-12-04T18:00:00,Sanctum Sanctorum,Medical Kits,725.11,4.5,False
2025-12-04T18:00:00,Avengers Compound,Vibranium (kg),2413.26,5.0,False
2025-12-04T18:00:00,Avengers Compound,Arc Reactor Cores,696.05,6.0,False
2025-12-04T18:00:00,Avengers Compound,Pym Particles,708.3,5.5,False
2025-12-04T18:00:00,Avengers Compound,Clean Water (L),2394.16,6.0,False
2025-12-04T18:00:00,Avengers Compound,Medical Kits,725.98,4.5,False
2025-12-04T19:00:00,New Asgard,Vibranium (kg),2413.59,4.61,False
2025-12-04T19:00:00,New Asgard,Arc Reactor Cores,694.64,5.53,False
2025-12-04T19:00:00,New Asgard,Pym Particles,702.64,5.07,False
2025-12-04T19:00:00,New Asgard,Clean Water (L),2394.52,5.53,False
2025-12-04T19:00:00,New Asgard,Medical Kits,728.51,4.15,False
2025-12-04T19:00:00,Wakanda,Vibranium (kg),2412.9,4.61,False
2025-12-04T19:00:00,Wakanda,Arc Reactor Cores,696.88,5.53,False
2025-12-04T19:00:00,Wakanda,Pym Particles,704.5,5.07,False
2025-12-04T19:00:00,Wakanda,Clean Water (L),2392.8,5.53,False
2025-12-04T19:00:00,Wakanda,Medical Kits,724.57,4.15,False
2025-12-04T19:00:00,Sokovia,Vibranium (kg),2417.63,4.61,False
2025-12-04T19:00:00,Sokovia,Arc Reactor Cores,691.9,5.53,False
2025-12-04T19:00:00,Sokovia,Pym Particles,705.86,5.07,False
2025-12-04T19:00:00,Sokovia,Clean Water (L),2398.04,5.53,False
2025-12-04T19:00:00,Sokovia,Medical Kits,729.98,4.15,False
2025-12-04T19:00:00,Sanctum Sanctorum,Vibranium (kg),2416.03,4.61,False
2025-12-04T19:00:00,Sanctum Sanctorum,Arc Reactor Cores,698.21,5.53,False
2025-12-04T19:00:00,Sanctum Sanctorum,Pym Particles,706.67,5.07,False
2025-12-04T19:00:00,Sanctum Sanctorum,Clean Water (L),2393.68,5.53,False
2025-12-04T19:00:00,Sanctum Sanctorum,Medical Kits,724.31,4.15,False
2025-12-04T19:00:00,Avengers Compound,Vibranium (kg),2414.44,4.61,False
2025-12-04T19:00:00,Avengers Compound,Arc Reactor Cores,697.69,5.53,False
2025-12-04T19:00:00,Avengers Compound,Pym Particles,710.0,5.07,False
2025-12-04T19:00:00,Avengers Compound,Clean Water (L),2394.42,5.53,False
2025-12-04T19:00:00,Avengers Compound,Medical Kits,726.08,4.15,False
2025-12-04T20:00:00,New Asgard,Vibranium (kg),2413.95,4.25,False
2025-12-04T20:00:00,New Asgard,Arc Reactor Cores,695.76,5.1,False
2025-12-04T20:00:00,New Asgard,Pym Particles,703.79,4.68,False
2025-12-04T20:00:00,New Asgard,Clean Water (L),2396.32,5.1,False
2025-12-04T20:00:00,New Asgard,Medical Kits,729.75,3.83,False
2025-12-04T20:00:00,Wakanda,Vibranium (kg),2414.65,4.25,False
2025-12-04T20:00:00,Wakanda,Arc Reactor Cores,698.24,5.1,False
2025-12-04T20:00:00,Wakanda,Pym Particles,706.61,4.68,False
2025-12-04T20:00:00,Wakanda,Clean Water (L),2394.02,5.1,False
2025-12-04T20:00:00,Wakanda,Medical Kits,724.91,3.83,False
2025-12-04T20:00:00,Sokovia,Vibranium (kg),2419.13,4.25,False
2025-12-04T20:00:00,Sokovia,Arc Reactor Cores,692.59,5.1,False
2025-12-04T20:00:00,Sokovia,Pym Particles,707.29,4.68,False
2025-12-04T20:00:00,Sokovia,Clean Water (L),2399.08,5.1,False
2025-12-04T20:00:00,Sokovia,Medical Kits,731.48,3.83,False
2025-12-04T20:00:00,Sanctum Sanctorum,Vibranium (kg),2417.33,4.25,False
2025-12-04T20:00:00,Sanctum Sanctorum,Arc Reactor Cores,699.65,5.1,False
2025-12-04T20:00:00,Sanctum Sanctorum,Pym Particles,707.29,4.68,False
2025-12-04T20:00:00,Sanctum Sanctorum,Clean Water (L),2395.79,5.1,False
2025-12-04T20:00:00,Sanctum Sanctorum,Medical Kits,726.07,3.83,False
2025-12-04T20:00:00,Avengers Compound,Vibranium (kg),2415.2,4.25,False
2025-12-04T20:00:00,Avengers Compound,Arc Reactor Cores,699.5,5.1,False
2025-12-04T20:00:00,Avengers Compound,Pym Particles,711.22,4.68,False
2025-12-04T20:00:00,Avengers Compound,Clean Water (L),2395.04,5.1,False
2025-12-04T20:00:00,Avengers Compound,Medical Kits,726.47,3.83,False
2025-12-04T21:00:00,New Asgard,Vibranium (kg),2414.82,3.94,False
2025-12-04T21:00:00,New Asgard,Arc Reactor Cores,696.44,4.73,False
2025-12-04T21:00:00,New Asgard,Pym Particles,705.06,4.33,False
2025-12-04T21:00:00,New Asgard,Clean Water (L),2399.19,4.73,False
2025-12-04T21:00:00,New Asgard,Medical Kits,729.72,3.55,False
2025-12-04T21:00:00,Wakanda,Vibranium (kg),2414.34,3.94,False
2025-12-04T21:00:00,Wakanda,Arc Reactor Cores,698.42,4.73,False
2025-12-04T21:00:00,Wakanda,Pym Particles,707.98,4.33,False
2025-12-04T21:00:00,Wakanda,Clean Water (L),2395.94,4.73,False
2025-12-04T21:00:00,Wakanda,Medical Kits,727.26,3.55,False
2025-12-04T21:00:00,Sokovia,Vibranium (kg),2419.56,3.94,False
2025-12-04T21:00:00,Sokovia,Arc Reactor Cores,695.27,4.73,False
2025-12-04T21:00:00,Sokovia,Pym Particles,709.42,4.33,False
2025-12-04T21:00:00,Sokovia,Clean Water (L),2399.5,4.73,False
2025-12-04T21:00:00,Sokovia,Medical Kits,731.63,3.55,False
2025-12-04T21:00:00,Sanctum Sanctorum,Vibranium (kg),2419.36,3.94,False
2025-12-04T21:00:00,Sanctum Sanctorum,Arc Reactor Cores,699.91,4.73,False
2025-12-04T21:00:00,Sanctum Sanctorum,Pym Particles,709.61,4.33,False
2025-12-04T21:00:00,Sanctum Sanctorum,Clean Water (L),2397.66,4.73,False
2025-12-04T21:00:00,Sanctum Sanctorum,Medical Kits,726.37,3.55,False
2025-12-04T21:00:00,Avengers Compound,Vibranium (kg),2418.26,3.94,False
2025-12-04T21:00:00,Avengers Compound,Arc Reactor Cores,700.94,4.73,False
2025-12-04T21:00:00,Avengers Compound,Pym Particles,713.41,4.33,False
2025-12-04T21:00:00,Avengers Compound,Clean Water (L),2396.65,4.73,False
2025-12-04T21:00:00,Avengers Compound,Medical Kits,728.97,3.55,False
2025-12-04T22:00:00,New Asgard,Vibranium (kg),2416.82,3.7,False
2025-12-04T22:00:00,New Asgard,Arc Reactor Cores,697.34,4.44,False
2025-12-04T22:00:00,New Asgard,Pym Particles,706.51,4.07,False
2025-12-04T22:00:00,New Asgard,Clean Water (L),2400.11,4.44,False
2025-12-04T22:00:00,New Asgard,Medical Kits,729.51,3.33,False
2025-12-04T22:00:00,Wakanda,Vibranium (kg),2415.61,3.7,False
2025-12-04T22:00:00,Wakanda,Arc Reactor Cores,699.92,4.44,False
2025-12-04T22:00:00,Wakanda,Pym Particles,710.65,4.07,False
2025-12-04T22:00:00,Wakanda,Clean Water (L),2397.71,4.44,False
2025-12-04T22:00:00,Wakanda,Medical Kits,728.88,3.33,False
2025-12-04T22:00:00,Sokovia,Vibranium (kg),2421.53,3.7,False
2025-12-04T22:00:00,Sokovia,Arc Reactor Cores,697.89,4.44,False
2025-12-04T22:00:00,Sokovia,Pym Particles,710.61,4.07,False
2025-12-04T22:00:00,Sokovia,Clean Water (L),2401.54,4.44,False
2025-12-04T22:00:00,Sokovia,Medical Kits,733.96,3.33,False
2025-12-04T22:00:00,Sanctum Sanctorum,Vibranium (kg),2419.06,3.7,False
2025-12-04T22:00:00,Sanctum Sanctorum,Arc Reactor Cores,701.41,4.44,False
2025-12-04T22:00:00,Sanctum Sanctorum,Pym Particles,711.43,4.07,False
2025-12-04T22:00:00,Sanctum Sanctorum,Clean Water (L),2397.52,4.44,False
2025-12-04T22:00:00,Sanctum Sanctorum,Medical Kits,727.71,3.33,False
2025-12-04T22:00:00,Avengers Compound,Vibranium (kg),2418.45,3.7,False
2025-12-04T22:00:00,Avengers Compound,Arc Reactor Cores,702.57,4.44,False
2025-12-04T22:00:00,Avengers Compound,Pym Particles,714.36,4.07,False
2025-12-04T22:00:00,Avengers Compound,Clean Water (L),2398.48,4.44,False
2025-12-04T22:00:00,Avengers Compound,Medical Kits,731.32,3.33,False
2025-12-04T23:00:00,New Asgard,Vibranium (kg),2420.03,3.55,False
2025-12-04T23:00:00,New Asgard,Arc Reactor Cores,698.32,4.26,False
2025-12-04T23:00:00,New Asgard,Pym Particles,708.41,3.91,False
2025-12-04T23:00:00,New Asgard,Clean Water (L),2402.47,4.26,False
2025-12-04T23:00:00,New Asgard,Medical Kits,732.62,3.2,False
2025-12-04T23:00:00,Wakanda,Vibranium (kg),2416.79,3.55,False
2025-12-04T23:00:00,Wakanda,Arc Reactor Cores,700.12,4.26,False
2025-12-04T23:00:00,Wakanda,Pym Particles,710.89,3.91,False
2025-12-04T23:00:00,Wakanda,Clean Water (L),2399.05,4.26,False
2025-12-04T23:00:00,Wakanda,Medical Kits,730.3,3.2,False
2025-12-04T23:00:00,Sokovia,Vibranium (kg),2423.66,3.55,False
2025-12-04T23:00:00,Sokovia,Arc Reactor Cores,701.23,4.26,False
2025-12-04T23:00:00,Sokovia,Pym Particles,712.42,3.91,False
2025-12-04T23:00:00,Sokovia,Clean Water (L),2404.15,4.26,False
2025-12-04T23:00:00,Sokovia,Medical Kits,735.65,3.2,False
2025-12-04T23:00:00,Sanctum Sanctorum,Vibranium (kg),2418.86,3.55,False
2025-12-04T23:00:00,Sanctum Sanctorum,Arc Reactor Cores,704.47,4.26,False
2025-12-04T23:00:00,Sanctum Sanctorum,Pym Particles,712.54,3.91,False
2025-12-04T23:00:00,Sanctum Sanctorum,Clean Water (L),2399.63,4.26,False
2025-12-04T23:00:00,Sanctum Sanctorum,Medical Kits,727.94,3.2,False
2025-12-04T23:00:00,Avengers Compound,Vibranium (kg),2420.14,3.55,False
2025-12-04T23:00:00,Avengers Compound,Arc Reactor Cores,703.03,4.26,False
2025-12-04T23:00:00,Avengers Compound,Pym Particles,716.0,3.91,False
2025-12-04T23:00:00,Avengers Compound,Clean Water (L),2400.83,4.26,False
2025-12-04T23:00:00,Avengers Compound,Medical Kits,733.66,3.2,False
2025-12-05T00:00:00,New Asgard,Vibranium (kg),2422.12,3.5,False
2025-12-05T00:00:00,New Asgard,Arc Reactor Cores,700.84,4.2,False
2025-12-05T00:00:00,New Asgard,Pym Particles,710.05,3.85,False
2025-12-05T00:00:00,New Asgard,Clean Water (L),2403.61,4.2,False
2025-12-05T00:00:00,New Asgard,Medical Kits,733.51,3.15,False
2025-12-05T00:00:00,Wakanda,Vibranium (kg),2398.0,18.38,True
2025-12-05T00:00:00,Wakanda,Arc Reactor Cores,663.8,36.75,True
2025-12-05T00:00:00,Wakanda,Pym Particles,683.48,26.95,True
2025-12-05T00:00:00,Wakanda,Clean Water (L),2372.37,26.46,True
2025-12-05T00:00:00,Wakanda,Medical Kits,718.44,11.02,True
2025-12-05T00:00:00,Sokovia,Vibranium (kg),2425.27,3.5,False
2025-12-05T00:00:00,Sokovia,Arc Reactor Cores,702.53,4.2,False
2025-12-05T00:00:00,Sokovia,Pym Particles,713.13,3.85,False
2025-12-05T00:00:00,Sokovia,Clean Water (L),2405.28,4.2,False
2025-12-05T00:00:00,Sokovia,Medical Kits,737.86,3.15,False
2025-12-05T00:00:00,Sanctum Sanctorum,Vibranium (kg),2400.62,18.38,True
2025-12-05T00:00:00,Sanctum Sanctorum,Arc Reactor Cores,667.04,36.75,True
2025-12-05T00:00:00,Sanctum Sanctorum,Pym Particles,685.54,26.95,True
2025-12-05T00:00:00,Sanctum Sanctorum,Clean Water (L),2373.56,26.46,True
2025-12-05T00:00:00,Sanctum Sanctorum,Medical Kits,717.22,11.02,True
2025-12-05T00:00:00,Avengers Compound,Vibranium (kg),2400.99,18.38,True
2025-12-05T00:00:00,Avengers Compound,Arc Reactor Cores,666.63,36.75,True
2025-12-05T00:00:00,Avengers Compound,Pym Particles,689.14,26.95,True
2025-12-05T00:00:00,Avengers Compound,Clean Water (L),2373.96,26.46,True
2025-12-05T00:00:00,Avengers Compound,Medical Kits,722.91,11.02,True
2025-12-05T01:00:00,New Asgard,Vibranium (kg),2424.48,3.55,False
2025-12-05T01:00:00,New Asgard,Arc Reactor Cores,702.16,4.26,False
2025-12-05T01:00:00,New Asgard,Pym Particles,710.86,3.91,False
2025-12-05T01:00:00,New Asgard,Clean Water (L),2404.34,4.26,False
2025-12-05T01:00:00,New Asgard,Medical Kits,734.79,3.2,False
2025-12-05T01:00:00,Wakanda,Vibranium (kg),2380.09,18.64,True
2025-12-05T01:00:00,Wakanda,Arc Reactor Cores,625.64,37.29,True
2025-12-05T01:00:00,Wakanda,Pym Particles,656.35,27.34,True
2025-12-05T01:00:00,Wakanda,Clean Water (L),2345.0,26.85,True
2025-12-05T01:00:00,Wakanda,Medical Kits,706.67,11.19,True
2025-12-05T01:00:00,Sokovia,Vibranium (kg),2426.41,3.55,False
2025-12-05T01:00:00,Sokovia,Arc Reactor Cores,703.05,4.26,False
2025-12-05T01:00:00,Sokovia,Pym Particles,713.56,3.91,False
2025-12-05T01:00:00,Sokovia,Clean Water (L),2406.52,4.26,False
2025-12-05T01:00:00,Sokovia,Medical Kits,738.79,3.2,False
2025-12-05T01:00:00,Sanctum Sanctorum,Vibranium (kg),2382.67,18.64,True
2025-12-05T01:00:00,Sanctum Sanctorum,Arc Reactor Cores,629.36,37.29,True
2025-12-05T01:00:00,Sanctum Sanctorum,Pym Particles,657.88,27.34,True
2025-12-05T01:00:00,Sanctum Sanctorum,Clean Water (L),2347.52,26.85,True
2025-12-05T01:00:00,Sanctum Sanctorum,Medical Kits,706.37,11.19,True
2025-12-05T01:00:00,Avengers Compound,Vibranium (kg),2382.44,18.64,True
2025-12-05T01:00:00,Avengers Compound,Arc Reactor Cores,629.02,37.29,True
2025-12-05T01:00:00,Avengers Compound,Pym Particles,662.5,27.34,True
2025-12-05T01:00:00,Avengers Compound,Clean Water (L),2347.62,26.85,True
2025-12-05T01:00:00,Avengers Compound,Medical Kits,710.9,11.19,True
2025-12-05T02:00:00,New Asgard,Vibranium (kg),2425.05,3.7,False
2025-12-05T02:00:00,New Asgard,Arc Reactor Cores,703.46,4.44,False
2025-12-05T02:00:00,New Asgard,Pym Particles,712.08,4.07,False
2025-12-05T02:00:00,New Asgard,Clean Water (L),2404.93,4.44,False
2025-12-05T02:00:00,New Asgard,Medical Kits,735.5,3.33,False
2025-12-05T02:00:00,Wakanda,Vibranium (kg),2360.64,19.43,True
2025-12-05T02:00:00,Wakanda,Arc Reactor Cores,587.54,38.86,True
2025-12-05T02:00:00,Wakanda,Pym Particles,627.47,28.5,True
2025-12-05T02:00:00,Wakanda,Clean Water (L),2317.0,27.98,True
2025-12-05T02:00:00,Wakanda,Medical Kits,695.97,11.66,True
2025-12-05T02:00:00,Sokovia,Vibranium (kg),2426.31,3.7,False
2025-12-05T02:00:00,Sokovia,Arc Reactor Cores,704.31,4.44,False
2025-12-05T02:00:00,Sokovia,Pym Particles,714.13,4.07,False
2025-12-05T02:00:00,Sokovia,Clean Water (L),2408.83,4.44,False
2025-12-05T02:00:00,Sokovia,Medical Kits,739.61,3.33,False
2025-12-05T02:00:00,Sanctum Sanctorum,Vibranium (kg),2362.83,19.43,True
2025-12-05T02:00:00,Sanctum Sanctorum,Arc Reactor Cores,590.77,38.86,True
2025-12-05T02:00:00,Sanctum Sanctorum,Pym Particles,628.75,28.5,True
2025-12-05T02:00:00,Sanctum Sanctorum,Clean Water (L),2320.27,27.98,True
2025-12-05T02:00:00,Sanctum Sanctorum,Medical Kits,694.98,11.66,True
2025-12-05T02:00:00,Avengers Compound,Vibranium (kg),2362.59,19.43,True
2025-12-05T02:00:00,Avengers Compound,Arc Reactor Cores,590.47,38.86,True
2025-12-05T02:00:00,Avengers Compound,Pym Particles,634.89,28.5,True
2025-12-05T02:00:00,Avengers Compound,Clean Water (L),2319.95,27.98,True
2025-12-05T02:00:00,Avengers Compound,Medical Kits,698.95,11.66,True
2025-12-05T03:00:00,New Asgard,Vibranium (kg),2427.44,3.94,False
2025-12-05T03:00:00,New Asgard,Arc Reactor Cores,703.4,4.73,False
2025-12-05T03:00:00,New Asgard,Pym Particles,711.78,4.33,False
2025-12-05T03:00:00,New Asgard,Clean Water (L),2404.49,4.73,False
2025-12-05T03:00:00,New Asgard,Medical Kits,737.24,3.55,False
2025-12-05T03:00:00,Wakanda,Vibranium (kg),2339.1,20.68,True
2025-12-05T03:00:00,Wakanda,Arc Reactor Cores,546.12,41.36,True
2025-12-05T03:00:00,Wakanda,Pym Particles,596.49,30.33,True
2025-12-05T03:00:00,Wakanda,Clean Water (L),2286.8,29.78,True
2025-12-05T03:00:00,Wakanda,Medical Kits,684.33,12.41,True
2025-12-05T03:00:00,Sokovia,Vibranium (kg),2428.11,3.94,False
2025-12-05T03:00:00,Sokovia,Arc Reactor Cores,704.83,4.73,False
2025-12-05T03:00:00,Sokovia,Pym Particles,714.95,4.33,False
2025-12-05T03:00:00,Sokovia,Clean Water (L),2409.98,4.73,False
2025-12-05T03:00:00,Sokovia,Medical Kits,739.44,3.55,False
2025-12-05T03:00:00,Sanctum Sanctorum,Vibranium (kg),2342.34,20.68,True
2025-12-05T03:00:00,Sanctum Sanctorum,Arc Reactor Cores,548.81,41.36,True
2025-12-05T03:00:00,Sanctum Sanctorum,Pym Particles,597.96,30.33,True
2025-12-05T03:00:00,Sanctum Sanctorum,Clean Water (L),2290.65,29.78,True
2025-12-05T03:00:00,Sanctum Sanctorum,Medical Kits,683.49,12.41,True
2025-12-05T03:00:00,Avengers Compound,Vibranium (kg),2342.84,20.68,True
2025-12-05T03:00:00,Avengers Compound,Arc Reactor Cores,548.96,41.36,True
2025-12-05T03:00:00,Avengers Compound,Pym Particles,603.86,30.33,True
2025-12-05T03:00:00,Avengers Compound,Clean Water (L),2291.05,29.78,True
2025-12-05T03:00:00,Avengers Compound,Medical Kits,687.21,12.41,True
2025-12-05T04:00:00,New Asgard,Vibranium (kg),2427.76,4.25,False
2025-12-05T04:00:00,New Asgard,Arc Reactor Cores,703.76,5.1,False
2025-12-05T04:00:00,New Asgard,Pym Particles,712.24,4.68,False
2025-12-05T04:00:00,New Asgard,Clean Water (L),2405.48,5.1,False
2025-12-05T04:00:00,New Asgard,Medical Kits,737.82,3.83,False
2025-12-05T04:00:00,Wakanda,Vibranium (kg),2316.07,22.31,True
2025-12-05T04:00:00,Wakanda,Arc Reactor Cores,501.17,44.63,True
2025-12-05T04:00:00,Wakanda,Pym Particles,563.21,32.73,True
2025-12-05T04:00:00,Wakanda,Clean Water (L),2254.11,32.13,True
2025-12-05T04:00:00,Wakanda,Medical Kits,671.58,13.39,True
2025-12-05T04:00:00,Sokovia,Vibranium (kg),2427.52,4.25,False
2025-12-05T04:00:00,Sokovia,Arc Reactor Cores,706.13,5.1,False
2025-12-05T04:00:00,Sokovia,Pym Particles,717.12,4.68,False
2025-12-05T04:00:00,Sokovia,Clean Water (L),2411.21,5.1,False
2025-12-05T04:00:00,Sokovia,Medical Kits,739.56,3.83,False
2025-12-05T04:00:00,Sanctum Sanctorum,Vibranium (kg),2320.19,22.31,True
2025-12-05T04:00:00,Sanctum Sanctorum,Arc Reactor Cores,503.63,44.63,True
2025-12-05T04:00:00,Sanctum Sanctorum,Pym Particles,564.94,32.73,True
2025-12-05T04:00:00,Sanctum Sanctorum,Clean Water (L),2258.84,32.13,True
2025-12-05T04:00:00,Sanctum Sanctorum,Medical Kits,670.58,13.39,True
2025-12-05T04:00:00,Avengers Compound,Vibranium (kg),2319.94,22.31,True
2025-12-05T04:00:00,Avengers Compound,Arc Reactor Cores,504.46,44.63,True
2025-12-05T04:00:00,Avengers Compound,Pym Particles,570.77,32.73,True
2025-12-05T04:00:00,Avengers Compound,Clean Water (L),2259.21,32.13,True
2025-12-05T04:00:00,Avengers Compound,Medical Kits,673.11,13.39,True
2025-12-05T05:00:00,New Asgard,Vibranium (kg),2427.13,4.61,False
2025-12-05T05:00:00,New Asgard,Arc Reactor Cores,703.3,5.53,False
2025-12-05T05:00:00,New Asgard,Pym Particles,712.31,5.07,False
2025-12-05T05:00:00,New Asgard,Clean Water (L),2407.13,5.53,False
2025-12-05T05:00:00,New Asgard,Medical Kits,737.54,4.15,False
2025-12-05T05:00:00,Wakanda,Vibranium (kg),2291.16,24.21,True
2025-12-05T05:00:00,Wakanda,Arc Reactor Cores,452.92,48.42,True
2025-12-05T05:00:00,Wakanda,Pym Particles,527.22,35.51,True
2025-12-05T05:00:00,Wakanda,Clean Water (L),2219.24,34.86,True
2025-12-05T05:00:00,Wakanda,Medical Kits,657.26,14.53,True
2025-12-05T05:00:00,Sokovia,Vibranium (kg),2428.47,4.61,False
2025-12-05T05:00:00,Sokovia,Arc Reactor Cores,708.03,5.53,False
2025-12-05T05:00:00,Sokovia,Pym Particles,718.63,5.07,False
2025-12-05T05:00:00,Sokovia,Clean Water (L),2410.67,5.53,False
2025-12-05T05:00:00,Sokovia,Medical Kits,740.57,4.15,False
2025-12-05T05:00:00,Sanctum Sanctorum,Vibranium (kg),2296.62,24.21,True
2025-12-05T05:00:00,Sanctum Sanctorum,Arc Reactor Cores,456.08,48.42,True
2025-12-05T05:00:00,Sanctum Sanctorum,Pym Particles,529.22,35.51,True
2025-12-05T05:00:00,Sanctum Sanctorum,Clean Water (L),2224.64,34.86,True
2025-12-05T05:00:00,Sanctum Sanctorum,Medical Kits,656.86,14.53,True
2025-12-05T05:00:00,Avengers Compound,Vibranium (kg),2295.61,24.21,True
2025-12-05T05:00:00,Avengers Compound,Arc Reactor Cores,455.88,48.42,True
2025-12-05T05:00:00,Avengers Compound,Pym Particles,535.01,35.51,True
2025-12-05T05:00:00,Avengers Compound,Clean Water (L),2224.16,34.86,True
2025-12-05T05:00:00,Avengers Compound,Medical Kits,659.19,14.53,True
2025-12-05T06:00:00,New Asgard,Vibranium (kg),2427.05,5.0,False
2025-12-05T06:00:00,New Asgard,Arc Reactor Cores,701.42,6.0,False
2025-12-05T06:00:00,New Asgard,Pym Particles,711.51,5.5,False
2025-12-05T06:00:00,New Asgard,Clean Water (L),2407.8,6.0,False
2025-12-05T06:00:00,New Asgard,Medical Kits,738.08,4.5,False
2025-12-05T06:00:00,Wakanda,Vibranium (kg),2265.78,26.25,True
2025-12-05T06:00:00,Wakanda,Arc Reactor Cores,401.09,52.5,True
2025-12-05T06:00:00,Wakanda,Pym Particles,488.11,38.5,True
2025-12-05T06:00:00,Wakanda,Clean Water (L),2181.56,37.8,True
2025-12-05T06:00:00,Wakanda,Medical Kits,641.19,15.75,True
2025-12-05T06:00:00,Sokovia,Vibranium (kg),2427.05,5.0,False
2025-12-05T06:00:00,Sokovia,Arc Reactor Cores,706.36,6.0,False
2025-12-05T06:00:00,Sokovia,Pym Particles,718.18,5.5,False
2025-12-05T06:00:00,Sokovia,Clean Water (L),2409.93,6.0,False
2025-12-05T06:00:00,Sokovia,Medical Kits,741.08,4.5,False
2025-12-05T06:00:00,Sanctum Sanctorum,Vibranium (kg),2269.85,26.25,True
2025-12-05T06:00:00,Sanctum Sanctorum,Arc Reactor Cores,404.21,52.5,True
2025-12-05T06:00:00,Sanctum Sanctorum,Pym Particles,490.15,38.5,True
2025-12-05T06:00:00,Sanctum Sanctorum,Clean Water (L),2187.62,37.8,True
2025-12-05T06:00:00,Sanctum Sanctorum,Medical Kits,640.64,15.75,True
2025-12-05T06:00:00,Avengers Compound,Vibranium (kg),2268.43,26.25,True
2025-12-05T06:00:00,Avengers Compound,Arc Reactor Cores,403.06,52.5,True
2025-12-05T06:00:00,Avengers Compound,Pym Particles,496.73,38.5,True
2025-12-05T06:00:00,Avengers Compound,Clean Water (L),2185.95,37.8,True
2025-12-05T06:00:00,Avengers Compound,Medical Kits,644.22,15.75,True
2025-12-05T07:00:00,New Asgard,Vibranium (kg),2425.64,5.39,False
2025-12-05T07:00:00,New Asgard,Arc Reactor Cores,699.48,6.47,False
2025-12-05T07:00:00,New Asgard,Pym Particles,710.36,5.93,False
2025-12-05T07:00:00,New Asgard,Clean Water (L),2406.75,6.47,False
2025-12-05T07:00:00,New Asgard,Medical Kits,737.11,4.85,False
2025-12-05T07:00:00,Wakanda,Vibranium (kg),2236.69,28.29,True
2025-12-05T07:00:00,Wakanda,Arc Reactor Cores,344.11,56.58,True
2025-12-05T07:00:00,Wakanda,Pym Particles,446.4,41.49,True
2025-12-05T07:00:00,Wakanda,Clean Water (L),2140.53,40.74,True
2025-12-05T07:00:00,Wakanda,Medical Kits,624.2,16.97,True
2025-12-05T07:00:00,Sokovia,Vibranium (kg),2426.23,5.39,False
2025-12-05T07:00:00,Sokovia,Arc Reactor Cores,705.55,6.47,False
2025-12-05T07:00:00,Sokovia,Pym Particles,718.0,5.93,False
2025-12-05T07:00:00,Sokovia,Clean Water (L),2409.28,6.47,False
2025-12-05T07:00:00,Sokovia,Medical Kits,740.72,4.85,False
2025-12-05T07:00:00,Sanctum Sanctorum,Vibranium (kg),2242.03,28.29,True
2025-12-05T07:00:00,Sanctum Sanctorum,Arc Reactor Cores,348.18,56.58,True
2025-12-05T07:00:00,Sanctum Sanctorum,Pym Particles,449.02,41.49,True
2025-12-05T07:00:00,Sanctum Sanctorum,Clean Water (L),2147.08,40.74,True
2025-12-05T07:00:00,Sanctum Sanctorum,Medical Kits,622.81,16.97,True
2025-12-05T07:00:00,Avengers Compound,Vibranium (kg),2239.61,28.29,True
2025-12-05T07:00:00,Avengers Compound,Arc Reactor Cores,347.08,56.58,True
2025-12-05T07:00:00,Avengers Compound,Pym Particles,456.11,41.49,True
2025-12-05T07:00:00,Avengers Compound,Clean Water (L),2145.56,40.74,True
2025-12-05T07:00:00,Avengers Compound,Medical Kits,627.1,16.97,True
2025-12-05T08:00:00,New Asgard,Vibranium (kg),2424.23,5.75,False
2025-12-05T08:00:00,New Asgard,Arc Reactor Cores,698.37,6.9,False
2025-12-05T08:00:00,New Asgard,Pym Particles,709.44,6.32,False
2025-12-05T08:00:00,New Asgard,Clean Water (L),2406.73,6.9,False
2025-12-05T08:00:00,New Asgard,Medical Kits,736.77,5.17,False
2025-12-05T08:00:00,Wakanda,Vibranium (kg),2205.92,30.19,True
2025-12-05T08:00:00,Wakanda,Arc Reactor Cores,284.06,60.37,True
2025-12-05T08:00:00,Wakanda,Pym Particles,402.06,44.27,True
2025-12-05T08:00:00,Wakanda,Clean Water (L),2097.55,43.47,True
2025-12-05T08:00:00,Wakanda,Medical Kits,606.26,18.11,True
2025-12-05T08:00:00,Sokovia,Vibranium (kg),2425.96,5.75,False
2025-12-05T08:00:00,Sokovia,Arc Reactor Cores,703.77,6.9,False
2025-12-05T08:00:00,Sokovia,Pym Particles,718.07,6.32,False
2025-12-05T08:00:00,Sokovia,Clean Water (L),2408.44,6.9,False
2025-12-05T08:00:00,Sokovia,Medical Kits,739.42,5.17,False
2025-12-05T08:00:00,Sanctum Sanctorum,Vibranium (kg),2211.02,30.19,True
2025-12-05T08:00:00,Sanctum Sanctorum,Arc Reactor Cores,286.85,60.37,True
2025-12-05T08:00:00,Sanctum Sanctorum,Pym Particles,405.54,44.27,True
2025-12-05T08:00:00,Sanctum Sanctorum,Clean Water (L),2104.1,43.47,True
2025-12-05T08:00:00,Sanctum Sanctorum,Medical Kits,605.42,18.11,True
2025-12-05T08:00:00,Avengers Compound,Vibranium (kg),2209.53,30.19,True
2025-12-05T08:00:00,Avengers Compound,Arc Reactor Cores,287.23,60.37,True
2025-12-05T08:00:00,Avengers Compound,Pym Particles,412.22,44.27,True
2025-12-05T08:00:00,Avengers Compound,Clean Water (L),2102.44,43.47,True
2025-12-05T08:00:00,Avengers Compound,Medical Kits,609.78,18.11,True
2025-12-05T09:00:00,New Asgard,Vibranium (kg),2422.1,6.06,False
2025-12-05T09:00:00,New Asgard,Arc Reactor Cores,696.38,7.27,False
2025-12-05T09:00:00,New Asgard,Pym Particles,709.1,6.67,False
2025-12-05T09:00:00,New Asgard,Clean Water (L),2405.63,7.27,False
2025-12-05T09:00:00,New Asgard,Medical Kits,736.35,5.45,False
2025-12-05T09:00:00,Wakanda,Vibranium (kg),2173.4,31.82,True
2025-12-05T09:00:00,Wakanda,Arc Reactor Cores,219.45,63.64,True
2025-12-05T09:00:00,Wakanda,Pym Particles,356.27,46.67,True
2025-12-05T09:00:00,Wakanda,Clean Water (L),2052.33,45.82,True
2025-12-05T09:00:00,Wakanda,Medical Kits,587.79,19.09,True
2025-12-05T09:00:00,Sokovia,Vibranium (kg),2423.97,6.06,False
2025-12-05T09:00:00,Sokovia,Arc Reactor Cores,701.5,7.27,False
2025-12-05T09:00:00,Sokovia,Pym Particles,717.09,6.67,False
2025-12-05T09:00:00,Sokovia,Clean Water (L),2407.76,7.27,False
2025-12-05T09:00:00,Sokovia,Medical Kits,738.57,5.45,False
2025-12-05T09:00:00,Sanctum Sanctorum,Vibranium (kg),2178.33,31.82,True
2025-12-05T09:00:00,Sanctum Sanctorum,Arc Reactor Cores,222.79,63.64,True
2025-12-05T09:00:00,Sanctum Sanctorum,Pym Particles,359.1,46.67,True
2025-12-05T09:00:00,Sanctum Sanctorum,Clean Water (L),2058.8,45.82,True
2025-12-05T09:00:00,Sanctum Sanctorum,Medical Kits,585.44,19.09,True
2025-12-05T09:00:00,Avengers Compound,Vibranium (kg),2178.04,31.82,True
2025-12-05T09:00:00,Avengers Compound,Arc Reactor Cores,222.8,63.64,True
2025-12-05T09:00:00,Avengers Compound,Pym Particles,364.59,46.67,True
2025-12-05T09:00:00,Avengers Compound,Clean Water (L),2056.33,45.82,True
2025-12-05T09:00:00,Avengers Compound,Medical Kits,589.77,19.09,True
2025-12-05T10:00:00,New Asgard,Vibranium (kg),2420.44,6.3,False
2025-12-05T10:00:00,New Asgard,Arc Reactor Cores,694.37,7.56,False
2025-12-05T10:00:00,New Asgard,Pym Particles,709.1,6.93,False
2025-12-05T10:00:00,New Asgard,Clean Water (L),2403.53,7.56,False
2025-12-05T10:00:00,New Asgard,Medical Kits,735.29,5.67,False
2025-12-05T10:00:00,Wakanda,Vibranium (kg),2140.05,33.07,True
2025-12-05T10:00:00,Wakanda,Arc Reactor Cores,154.29,66.14,True
2025-12-05T10:00:00,Wakanda,Pym Particles,307.0,48.5,True
2025-12-05T10:00:00,Wakanda,Clean Water (L),2003.79,47.62,True
2025-12-05T10:00:00,Wakanda,Medical Kits,568.53,19.84,True
2025-12-05T10:00:00,Sokovia,Vibranium (kg),2421.23,6.3,False
2025-12-05T10:00:00,Sokovia,Arc Reactor Cores,699.84,7.56,False
2025-12-05T10:00:00,Sokovia,Pym Particles,714.66,6.93,False
2025-12-05T10:00:00,Sokovia,Clean Water (L),2405.89,7.56,False
2025-12-05T10:00:00,Sokovia,Medical Kits,736.22,5.67,False
2025-12-05T10:00:00,Sanctum Sanctorum,Vibranium (kg),2146.07,33.07,True
2025-12-05T10:00:00,Sanctum Sanctorum,Arc Reactor Cores,157.03,66.14,True
2025-12-05T10:00:00,Sanctum Sanctorum,Pym Particles,310.23,48.5,True
2025-12-05T10:00:00,Sanctum Sanctorum,Clean Water (L),2011.61,47.62,True
2025-12-05T10:00:00,Sanctum Sanctorum,Medical Kits,566.29,19.84,True
2025-12-05T10:00:00,Avengers Compound,Vibranium (kg),2144.59,33.07,True
2025-12-05T10:00:00,Avengers Compound,Arc Reactor Cores,155.78,66.14,True
2025-12-05T10:00:00,Avengers Compound,Pym Particles,315.65,48.5,True
2025-12-05T10:00:00,Avengers Compound,Clean Water (L),2008.51,47.62,True
2025-12-05T10:00:00,Avengers Compound,Medical Kits,569.2,19.84,True
2025-12-05T11:00:00,New Asgard,Vibranium (kg),2418.93,6.45,False
2025-12-05T11:00:00,New Asgard,Arc Reactor Cores,693.5,7.74,False
2025-12-05T11:00:00,New Asgard,Pym Particles,706.62,7.09,False
2025-12-05T11:00:00,New Asgard,Clean Water (L),2402.08,7.74,False
2025-12-05T11:00:00,New Asgard,Medical Kits,733.81,5.8,False
2025-12-05T11:00:00,Wakanda,Vibranium (kg),2106.02,33.86,True
2025-12-05T11:00:00,Wakanda,Arc Reactor Cores,87.34,67.71,True
2025-12-05T11:00:00,Wakanda,Pym Particles,256.38,49.66,True
2025-12-05T11:00:00,Wakanda,Clean Water (L),1955.82,48.75,True
2025-12-05T11:00:00,Wakanda,Medical Kits,547.87,20.31,True
2025-12-05T11:00:00,Sokovia,Vibranium (kg),2419.24,6.45,False
2025-12-05T11:00:00,Sokovia,Arc Reactor Cores,697.04,7.74,False
2025-12-05T11:00:00,Sokovia,Pym Particles,713.59,7.09,False
2025-12-05T11:00:00,Sokovia,Clean Water (L),2403.75,7.74,False
2025-12-05T11:00:00,Sokovia,Medical Kits,733.55,5.8,False
2025-12-05T11:00:00,Sanctum Sanctorum,Vibranium (kg),2111.49,33.86,True
2025-12-05T11:00:00,Sanctum Sanctorum,Arc Reactor Cores,89.42,67.71,True
2025-12-05T11:00:00,Sanctum Sanctorum,Pym Particles,261.15,49.66,True
2025-12-05T11:00:00,Sanctum Sanctorum,Clean Water (L),1962.87,48.75,True
2025-12-05T11:00:00,Sanctum Sanctorum,Medical Kits,545.49,20.31,True
2025-12-05T11:00:00,Avengers Compound,Vibranium (kg),2111.47,33.86,True
2025-12-05T11:00:00,Avengers Compound,Arc Reactor Cores,88.74,67.71,True
2025-12-05T11:00:00,Avengers Compound,Pym Particles,266.3,49.66,True
2025-12-05T11:00:00,Avengers Compound,Clean Water (L),1960.03,48.75,True
2025-12-05T11:00:00,Avengers Compound,Medical Kits,549.82,20.31,True
2025-12-05T12:00:00,New Asgard,Vibranium (kg),2417.14,6.5,False
2025-12-05T12:00:00,New Asgard,Arc Reactor Cores,692.67,7.8,False
2025-12-05T12:00:00,New Asgard,Pym Particles,705.45,7.15,False
2025-12-05T12:00:00,New Asgard,Clean Water (L),2398.95,7.8,False
2025-12-05T12:00:00,New Asgard,Medical Kits,732.9,5.85,False
2025-12-05T12:00:00,Wakanda,Vibranium (kg),2071.42,34.12,True
2025-12-05T12:00:00,Wakanda,Arc Reactor Cores,18.6,68.25,True
2025-12-05T12:00:00,Wakanda,Pym Particles,205.5,50.05,True
2025-12-05T12:00:00,Wakanda,Clean Water (L),1905.99,49.14,True
2025-12-05T12:00:00,Wakanda,Medical Kits,526.94,20.48,True
2025-12-05T12:00:00,Sokovia,Vibranium (kg),2416.25,6.5,False
2025-12-05T12:00:00,Sokovia,Arc Reactor Cores,695.64,7.8,False
2025-12-05T12:00:00,Sokovia,Pym Particles,711.73,7.15,False
2025-12-05T12:00:00,Sokovia,Clean Water (L),2402.59,7.8,False
2025-12-05T12:00:00,Sokovia,Medical Kits,730.52,5.85,False
2025-12-05T12:00:00,Sanctum Sanctorum,Vibranium (kg),2077.4,34.12,True
2025-12-05T12:00:00,Sanctum Sanctorum,Arc Reactor Cores,22.1,68.25,True
2025-12-05T12:00:00,Sanctum Sanctorum,Pym Particles,210.58,50.05,True
2025-12-05T12:00:00,Sanctum Sanctorum,Clean Water (L),1914.53,49.14,True
2025-12-05T12:00:00,Sanctum Sanctorum,Medical Kits,524.71,20.48,True
2025-12-05T12:00:00,Avengers Compound,Vibranium (kg),2076.86,34.12,True
2025-12-05T12:00:00,Avengers Compound,Arc Reactor Cores,20.16,68.25,True
2025-12-05T12:00:00,Avengers Compound,Pym Particles,215.33,50.05,True
2025-12-05T12:00:00,Avengers Compound,Clean Water (L),1910.47,49.14,True
2025-12-05T12:00:00,Avengers Compound,Medical Kits,529.23,20.48,True
2025-12-05T13:00:00,New Asgard,Vibranium (kg),2416.71,6.45,False
2025-12-05T13:00:00,New Asgard,Arc Reactor Cores,692.98,7.74,False
2025-12-05T13:00:00,New Asgard,Pym Particles,704.18,7.09,False
2025-12-05T13:00:00,New Asgard,Clean Water (L),2399.13,7.74,False
2025-12-05T13:00:00,New Asgard,Medical Kits,731.61,5.8,False
2025-12-05T13:00:00,Wakanda,Vibranium (kg),2038.11,33.86,True
2025-12-05T13:00:00,Wakanda,Arc Reactor Cores,0,67.71,True
2025-12-05T13:00:00,Wakanda,Pym Particles,155.06,49.66,True
2025-12-05T13:00:00,Wakanda,Clean Water (L),1857.18,48.75,True
2025-12-05T13:00:00,Wakanda,Medical Kits,507.03,20.31,True
2025-12-05T13:00:00,Sokovia,Vibranium (kg),2414.99,6.45,False
2025-12-05T13:00:00,Sokovia,Arc Reactor Cores,693.91,7.74,False
2025-12-05T13:00:00,Sokovia,Pym Particles,710.34,7.09,False
2025-12-05T13:00:00,Sokovia,Clean Water (L),2400.85,7.74,False
2025-12-05T13:00:00,Sokovia,Medical Kits,729.35,5.8,False
2025-12-05T13:00:00,Sanctum Sanctorum,Vibranium (kg),2043.46,33.86,True
2025-12-05T13:00:00,Sanctum Sanctorum,Arc Reactor Cores,0,67.71,True
2025-12-05T13:00:00,Sanctum Sanctorum,Pym Particles,161.57,49.66,True
2025-12-05T13:00:00,Sanctum Sanctorum,Clean Water (L),1864.98,48.75,True
2025-12-05T13:00:00,Sanctum Sanctorum,Medical Kits,503.8,20.31,True
2025-12-05T13:00:00,Avengers Compound,Vibranium (kg),2042.41,33.86,True
2025-12-05T13:00:00,Avengers Compound,Arc Reactor Cores,0,67.71,True
2025-12-05T13:00:00,Avengers Compound,Pym Particles,165.07,49.66,True
2025-12-05T13:00:00,Avengers Compound,Clean Water (L),1861.97,48.75,True
2025-12-05T13:00:00,Avengers Compound,Medical Kits,508.67,20.31,True
2025-12-05T14:00:00,New Asgard,Vibranium (kg),2417.39,6.3,False
2025-12-05T14:00:00,New Asgard,Arc Reactor Cores,690.66,7.56,False
2025-12-05T14:00:00,New Asgard,Pym Particles,702.35,6.93,False
2025-12-05T14:00:00,New Asgard,Clean Water (L),2398.29,7.56,False
2025-12-05T14:00:00,New Asgard,Medical Kits,729.74,5.67,False
2025-12-05T14:00:00,Wakanda,Vibranium (kg),2004.95,33.07,True
2025-12-05T14:00:00,Wakanda,Arc Reactor Cores,0,66.14,True
2025-12-05T14:00:00,Wakanda,Pym Particles,106.32,48.5,True
2025-12-05T14:00:00,Wakanda,Clean Water (L),1809.48,47.62,True
2025-12-05T14:00:00,Wakanda,Medical Kits,486.99,19.84,True
2025-12-05T14:00:00,Sokovia,Vibranium (kg),2414.19,6.3,False
2025-12-05T14:00:00,Sokovia,Arc Reactor Cores,692.4,7.56,False
2025-12-05T14:00:00,Sokovia,Pym Particles,708.64,6.93,False
2025-12-05T14:00:00,Sokovia,Clean Water (L),2398.22,7.56,False
2025-12-05T14:00:00,Sokovia,Medical Kits,728.66,5.67,False
2025-12-05T14:00:00,Sanctum Sanctorum,Vibranium (kg),2010.96,33.07,True
2025-12-05T14:00:00,Sanctum Sanctorum,Arc Reactor Cores,0,66.14,True
2025-12-05T14:00:00,Sanctum Sanctorum,Pym Particles,114.05,48.5,True
2025-12-05T14:00:00,Sanctum Sanctorum,Clean Water (L),1818.04,47.62,True
2025-12-05T14:00:00,Sanctum Sanctorum,Medical Kits,483.75,19.84,True
2025-12-05T14:00:00,Avengers Compound,Vibranium (kg),2009.47,33.07,True
2025-12-05T14:00:00,Avengers Compound,Arc Reactor Cores,0,66.14,True
2025-12-05T14:00:00,Avengers Compound,Pym Particles,116.84,48.5,True
2025-12-05T14:00:00,Avengers Compound,Clean Water (L),1813.48,47.62,True
2025-12-05T14:00:00,Avengers Compound,Medical Kits,488.74,19.84,True
2025-12-05T15:00:00,New Asgard,Vibranium (kg),2415.56,6.06,False
2025-12-05T15:00:00,New Asgard,Arc Reactor Cores,690.74,7.27,False
2025-12-05T15:00:00,New Asgard,Pym Particles,702.58,6.67,False
2025-12-05T15:00:00,New Asgard,Clean Water (L),2397.62,7.27,False
2025-12-05T15:00:00,New Asgard,Medical Kits,730.28,5.45,False
2025-12-05T15:00:00,Wakanda,Vibranium (kg),1972.15,31.82,True
2025-12-05T15:00:00,Wakanda,Arc Reactor Cores,0,63.64,True
2025-12-05T15:00:00,Wakanda,Pym Particles,60.21,46.67,True
2025-12-05T15:00:00,Wakanda,Clean Water (L),1764.33,45.82,True
2025-12-05T15:00:00,Wakanda,Medical Kits,468.59,19.09,True
2025-12-05T15:00:00,Sokovia,Vibranium (kg),2413.78,6.06,False
2025-12-05T15:00:00,Sokovia,Arc Reactor Cores,692.15,7.27,False
2025-12-05T15:00:00,Sokovia,Pym Particles,707.34,6.67,False
2025-12-05T15:00:00,Sokovia,Clean Water (L),2396.78,7.27,False
2025-12-05T15:00:00,Sokovia,Medical Kits,727.73,5.45,False
2025-12-05T15:00:00,Sanctum Sanctorum,Vibranium (kg),1978.22,31.82,True
2025-12-05T15:00:00,Sanctum Sanctorum,Arc Reactor Cores,0,63.64,True
2025-12-05T15:00:00,Sanctum Sanctorum,Pym Particles,66.45,46.67,True
2025-12-05T15:00:00,Sanctum Sanctorum,Clean Water (L),1772.06,45.82,True
2025-12-05T15:00:00,Sanctum Sanctorum,Medical Kits,464.75,19.09,True
2025-12-05T15:00:00,Avengers Compound,Vibranium (kg),1977.55,31.82,True
2025-12-05T15:00:00,Avengers Compound,Arc Reactor Cores,0,63.64,True
2025-12-05T15:00:00,Avengers Compound,Pym Particles,69.34,46.67,True
2025-12-05T15:00:00,Avengers Compound,Clean Water (L),1767.02,45.82,True
2025-12-05T15:00:00,Avengers Compound,Medical Kits,468.78,19.09,True
2025-12-05T16:00:00,New Asgard,Vibranium (kg),2414.77,5.75,False
2025-12-05T16:00:00,New Asgard,Arc Reactor Cores,691.55,6.9,False
2025-12-05T16:00:00,New Asgard,Pym Particles,700.42,6.32,False
2025-12-05T16:00:00,New Asgard,Clean Water (L),2397.28,6.9,False
2025-12-05T16:00:00,New Asgard,Medical Kits,729.62,5.17,False
2025-12-05T16:00:00,Wakanda,Vibranium (kg),1940.98,30.19,True
2025-12-05T16:00:00,Wakanda,Arc Reactor Cores,0,60.37,True
2025-12-05T16:00:00,Wakanda,Pym Particles,15.2,44.27,True
2025-12-05T16:00:00,Wakanda,Clean Water (L),1721.46,43.47,True
2025-12-05T16:00:00,Wakanda,Medical Kits,450.77,18.11,True
2025-12-05T16:00:00,Sokovia,Vibranium (kg),2414.39,5.75,False
2025-12-05T16:00:00,Sokovia,Arc Reactor Cores,692.87,6.9,False
2025-12-05T16:00:00,Sokovia,Pym Particles,707.05,6.32,False
2025-12-05T16:00:00,Sokovia,Clean Water (L),2395.32,6.9,False
2025-12-05T16:00:00,Sokovia,Medical Kits,727.83,5.17,False
2025-12-05T16:00:00,Sanctum Sanctorum,Vibranium (kg),1947.35,30.19,True
2025-12-05T16:00:00,Sanctum Sanctorum,Arc Reactor Cores,0,60.37,True
2025-12-05T16:00:00,Sanctum Sanctorum,Pym Particles,22.03,44.27,True
2025-12-05T16:00:00,Sanctum Sanctorum,Clean Water (L),1727.75,43.47,True
2025-12-05T16:00:00,Sanctum Sanctorum,Medical Kits,447.39,18.11,True
2025-12-05T16:00:00,Avengers Compound,Vibranium (kg),1948.21,30.19,True
2025-12-05T16:00:00,Avengers Compound,Arc Reactor Cores,0,60.37,True
2025-12-05T16:00:00,Avengers Compound,Pym Particles,25.2,44.27,True
2025-12-05T16:00:00,Avengers Compound,Clean Water (L),1724.03,43.47,True
2025-12-05T16:00:00,Avengers Compound,Medical Kits,451.0,18.11,True
2025-12-05T17:00:00,New Asgard,Vibranium (kg),2415.5,5.39,False
2025-12-05T17:00:00,New Asgard,Arc Reactor Cores,692.66,6.47,False
2025-12-05T17:00:00,New Asgard,Pym Particles,699.85,5.93,False
2025-12-05T17:00:00,New Asgard,Clean Water (L),2395.74,6.47,False
2025-12-05T17:00:00,New Asgard,Medical Kits,728.63,4.85,False
2025-12-05T17:00:00,Wakanda,Vibranium (kg),1912.33,28.29,True
2025-12-05T17:00:00,Wakanda,Arc Reactor Cores,0,56.58,True
2025-12-05T17:00:00,Wakanda,Pym Particles,0,41.49,True
2025-12-05T17:00:00,Wakanda,Clean Water (L),1681.17,40.74,True
2025-12-05T17:00:00,Wakanda,Medical Kits,433.28,16.97,True
2025-12-05T17:00:00,Sokovia,Vibranium (kg),2415.7,5.39,False
2025-12-05T17:00:00,Sokovia,Arc Reactor Cores,691.71,6.47,False
2025-12-05T17:00:00,Sokovia,Pym Particles,705.6,5.93,False
2025-12-05T17:00:00,Sokovia,Clean Water (L),2393.63,6.47,False
2025-12-05T17:00:00,Sokovia,Medical Kits,727.35,4.85,False
2025-12-05T17:00:00,Sanctum Sanctorum,Vibranium (kg),1918.44,28.29,True
2025-12-05T17:00:00,Sanctum Sanctorum,Arc Reactor Cores,0,56.58,True
2025-12-05T17:00:00,Sanctum Sanctorum,Pym Particles,0,41.49,True
2025-12-05T17:00:00,Sanctum Sanctorum,Clean Water (L),1687.35,40.74,True
2025-12-05T17:00:00,Sanctum Sanctorum,Medical Kits,430.12,16.97,True
2025-12-05T17:00:00,Avengers Compound,Vibranium (kg),1920.22,28.29,True
2025-12-05T17:00:00,Avengers Compound,Arc Reactor Cores,0,56.58,True
2025-12-05T17:00:00,Avengers Compound,Pym Particles,0,41.49,True
2025-12-05T17:00:00,Avengers Compound,Clean Water (L),1684.02,40.74,True
2025-12-05T17:00:00,Avengers Compound,Medical Kits,434.28,16.97,True
2025-12-05T18:00:00,New Asgard,Vibranium (kg),2415.9,5.0,False
2025-12-05T18:00:00,New Asgard,Arc Reactor Cores,692.75,6.0,False
2025-12-05T18:00:00,New Asgard,Pym Particles,700.85,5.5,False
2025-12-05T18:00:00,New Asgard,Clean Water (L),2396.93,6.0,False
2025-12-05T18:00:00,New Asgard,Medical Kits,728.68,4.5,False
2025-12-05T18:00:00,Wakanda,Vibranium (kg),1886.51,26.25,True
2025-12-05T18:00:00,Wakanda,Arc Reactor Cores,0,52.5,True
2025-12-05T18:00:00,Wakanda,Pym Particles,0,38.5,True
2025-12-05T18:00:00,Wakanda,Clean Water (L),1642.6,37.8,True
2025-12-05T18:00:00,Wakanda,Medical Kits,417.47,15.75,True
2025-12-05T18:00:00,Sokovia,Vibranium (kg),2416.38,5.0,False
2025-12-05T18:00:00,Sokovia,Arc Reactor Cores,691.97,6.0,False
2025-12-05T18:00:00,Sokovia,Pym Particles,706.35,5.5,False
2025-12-05T18:00:00,Sokovia,Clean Water (L),2392.95,6.0,False
2025-12-05T18:00:00,Sokovia,Medical Kits,728.67,4.5,False
2025-12-05T18:00:00,Sanctum Sanctorum,Vibranium (kg),1892.88,26.25,True
2025-12-05T18:00:00,Sanctum Sanctorum,Arc Reactor Cores,0,52.5,True
2025-12-05T18:00:00,Sanctum Sanctorum,Pym Particles,0,38.5,True
2025-12-05T18:00:00,Sanctum Sanctorum,Clean Water (L),1649.45,37.8,True
2025-12-05T18:00:00,Sanctum Sanctorum,Medical Kits,414.13,15.75,True
2025-12-05T18:00:00,Avengers Compound,Vibranium (kg),1894.64,26.25,True
2025-12-05T18:00:00,Avengers Compound,Arc Reactor Cores,0,52.5,True
2025-12-05T18:00:00,Avengers Compound,Pym Particles,0,38.5,True
2025-12-05T18:00:00,Avengers Compound,Clean Water (L),1646.51,37.8,True
2025-12-05T18:00:00,Avengers Compound,Medical Kits,417.9,15.75,True
2025-12-05T19:00:00,New Asgard,Vibranium (kg),2415.41,4.61,False
2025-12-05T19:00:00,New Asgard,Arc Reactor Cores,692.65,5.53,False
2025-12-05T19:00:00,New Asgard,Pym Particles,702.71,5.07,False
2025-12-05T19:00:00,New Asgard,Clean Water (L),2398.4,5.53,False
2025-12-05T19:00:00,New Asgard,Medical Kits,729.92,4.15,False
2025-12-05T19:00:00,Wakanda,Vibranium (kg),1861.88,24.21,True
2025-12-05T19:00:00,Wakanda,Arc Reactor Cores,0,48.42,True
2025-12-05T19:00:00,Wakanda,Pym Particles,0,35.51,True
2025-12-05T19:00:00,Wakanda,Clean Water (L),1607.98,34.86,True
2025-12-05T19:00:00,Wakanda,Medical Kits,403.5,14.53,True
2025-12-05T19:00:00,Sokovia,Vibranium (kg),2415.72,4.61,False
2025-12-05T19:00:00,Sokovia,Arc Reactor Cores,692.04,5.53,False
2025-12-05T19:00:00,Sokovia,Pym Particles,706.45,5.07,False
2025-12-05T19:00:00,Sokovia,Clean Water (L),2394.06,5.53,False
2025-12-05T19:00:00,Sokovia,Medical Kits,728.93,4.15,False
2025-12-05T19:00:00,Sanctum Sanctorum,Vibranium (kg),1868.11,24.21,True
2025-12-05T19:00:00,Sanctum Sanctorum,Arc Reactor Cores,0,48.42,True
2025-12-05T19:00:00,Sanctum Sanctorum,Pym Particles,0,35.51,True
2025-12-05T19:00:00,Sanctum Sanctorum,Clean Water (L),1614.82,34.86,True
2025-12-05T19:00:00,Sanctum Sanctorum,Medical Kits,399.1,14.53,True
2025-12-05T19:00:00,Avengers Compound,Vibranium (kg),1870.48,24.21,True
2025-12-05T19:00:00,Avengers Compound,Arc Reactor Cores,0,48.42,True
2025-12-05T19:00:00,Avengers Compound,Pym Particles,0,35.51,True
2025-12-05T19:00:00,Avengers Compound,Clean Water (L),1611.38,34.86,True
2025-12-05T19:00:00,Avengers Compound,Medical Kits,403.78,14.53,True
2025-12-05T20:00:00,New Asgard,Vibranium (kg),2416.75,4.25,False
2025-12-05T20:00:00,New Asgard,Arc Reactor Cores,695.56,5.1,False
2025-12-05T20:00:00,New Asgard,Pym Particles,704.2,4.68,False
2025-12-05T20:00:00,New Asgard,Clean Water (L),2399.48,5.1,False
2025-12-05T20:00:00,New Asgard,Medical Kits,729.89,3.83,False
2025-12-05T20:00:00,Wakanda,Vibranium (kg),1840.52,22.31,True
2025-12-05T20:00:00,Wakanda,Arc Reactor Cores,0,44.63,True
2025-12-05T20:00:00,Wakanda,Pym Particles,0,32.73,True
2025-12-05T20:00:00,Wakanda,Clean Water (L),1576.51,32.13,True
2025-12-05T20:00:00,Wakanda,Medical Kits,391.02,13.39,True
2025-12-05T20:00:00,Sokovia,Vibranium (kg),2415.49,4.25,False
2025-12-05T20:00:00,Sokovia,Arc Reactor Cores,694.27,5.1,False
2025-12-05T20:00:00,Sokovia,Pym Particles,708.56,4.68,False
2025-12-05T20:00:00,Sokovia,Clean Water (L),2396.33,5.1,False
2025-12-05T20:00:00,Sokovia,Medical Kits,729.11,3.83,False
2025-12-05T20:00:00,Sanctum Sanctorum,Vibranium (kg),1846.09,22.31,True
2025-12-05T20:00:00,Sanctum Sanctorum,Arc Reactor Cores,0,44.63,True
2025-12-05T20:00:00,Sanctum Sanctorum,Pym Particles,0,32.73,True
2025-12-05T20:00:00,Sanctum Sanctorum,Clean Water (L),1583.08,32.13,True
2025-12-05T20:00:00,Sanctum Sanctorum,Medical Kits,386.16,13.39,True
2025-12-05T20:00:00,Avengers Compound,Vibranium (kg),1848.54,22.31,True
2025-12-05T20:00:00,Avengers Compound,Arc Reactor Cores,0,44.63,True
2025-12-05T20:00:00,Avengers Compound,Pym Particles,0,32.73,True
2025-12-05T20:00:00,Avengers Compound,Clean Water (L),1578.71,32.13,True
2025-12-05T20:00:00,Avengers Compound,Medical Kits,390.45,13.39,True
2025-12-05T21:00:00,New Asgard,Vibranium (kg),2417.59,3.94,False
2025-12-05T21:00:00,New Asgard,Arc Reactor Cores,697.48,4.73,False
2025-12-05T21:00:00,New Asgard,Pym Particles,707.3,4.33,False
2025-12-05T21:00:00,New Asgard,Clean Water (L),2401.19,4.73,False
2025-12-05T21:00:00,New Asgard,Medical Kits,731.28,3.55,False
2025-12-05T21:00:00,Wakanda,Vibranium (kg),1819.66,20.68,True
2025-12-05T21:00:00,Wakanda,Arc Reactor Cores,0,41.36,True
2025-12-05T21:00:00,Wakanda,Pym Particles,0,30.33,True
2025-12-05T21:00:00,Wakanda,Clean Water (L),1547.59,29.78,True
2025-12-05T21:00:00,Wakanda,Medical Kits,378.46,12.41,True
2025-12-05T21:00:00,Sokovia,Vibranium (kg),2416.67,3.94,False
2025-12-05T21:00:00,Sokovia,Arc Reactor Cores,694.26,4.73,False
2025-12-05T21:00:00,Sokovia,Pym Particles,709.48,4.33,False
2025-12-05T21:00:00,Sokovia,Clean Water (L),2397.47,4.73,False
2025-12-05T21:00:00,Sokovia,Medical Kits,728.72,3.55,False
2025-12-05T21:00:00,Sanctum Sanctorum,Vibranium (kg),1825.72,20.68,True
2025-12-05T21:00:00,Sanctum Sanctorum,Arc Reactor Cores,0,41.36,True
2025-12-05T21:00:00,Sanctum Sanctorum,Pym Particles,0,30.33,True
2025-12-05T21:00:00,Sanctum Sanctorum,Clean Water (L),1553.34,29.78,True
2025-12-05T21:00:00,Sanctum Sanctorum,Medical Kits,373.55,12.41,True
2025-12-05T21:00:00,Avengers Compound,Vibranium (kg),1827.5,20.68,True
2025-12-05T21:00:00,Avengers Compound,Arc Reactor Cores,0,41.36,True
2025-12-05T21:00:00,Avengers Compound,Pym Particles,0,30.33,True
2025-12-05T21:00:00,Avengers Compound,Clean Water (L),1549.12,29.78,True
2025-12-05T21:00:00,Avengers Compound,Medical Kits,377.9,12.41,True
2025-12-05T22:00:00,New Asgard,Vibranium (kg),2418.84,3.7,False
2025-12-05T22:00:00,New Asgard,Arc Reactor Cores,699.1,4.44,False
2025-12-05T22:00:00,New Asgard,Pym Particles,709.19,4.07,False
2025-12-05T22:00:00,New Asgard,Clean Water (L),2401.89,4.44,False
2025-12-05T22:00:00,New Asgard,Medical Kits,730.95,3.33,False
2025-12-05T22:00:00,Wakanda,Vibranium (kg),1799.67,19.43,True
2025-12-05T22:00:00,Wakanda,Arc Reactor Cores,0,38.86,True
2025-12-05T22:00:00,Wakanda,Pym Particles,0,28.5,True
2025-12-05T22:00:00,Wakanda,Clean Water (L),1518.71,27.98,True
2025-12-05T22:00:00,Wakanda,Medical Kits,367.14,11.66,True
2025-12-05T22:00:00,Sokovia,Vibranium (kg),2418.65,3.7,False
2025-12-05T22:00:00,Sokovia,Arc Reactor Cores,696.27,4.44,False
2025-12-05T22:00:00,Sokovia,Pym Particles,710.91,4.07,False
2025-12-05T22:00:00,Sokovia,Clean Water (L),2399.05,4.44,False
2025-12-05T22:00:00,Sokovia,Medical Kits,730.91,3.33,False
2025-12-05T22:00:00,Sanctum Sanctorum,Vibranium (kg),1805.3,19.43,True
2025-12-05T22:00:00,Sanctum Sanctorum,Arc Reactor Cores,0,38.86,True
2025-12-05T22:00:00,Sanctum Sanctorum,Pym Particles,0,28.5,True
2025-12-05T22:00:00,Sanctum Sanctorum,Clean Water (L),1524.94,27.98,True
2025-12-05T22:00:00,Sanctum Sanctorum,Medical Kits,360.93,11.66,True
2025-12-05T22:00:00,Avengers Compound,Vibranium (kg),1807.38,19.43,True
2025-12-05T22:00:00,Avengers Compound,Arc Reactor Cores,0,38.86,True
2025-12-05T22:00:00,Avengers Compound,Pym Particles,0,28.5,True
2025-12-05T22:00:00,Avengers Compound,Clean Water (L),1521.6,27.98,True
2025-12-05T22:00:00,Avengers Compound,Medical Kits,365.42,11.66,True
2025-12-05T23:00:00,New Asgard,Vibranium (kg),2420.93,3.55,False
2025-12-05T23:00:00,New Asgard,Arc Reactor Cores,700.53,4.26,False
2025-12-05T23:00:00,New Asgard,Pym Particles,710.65,3.91,False
2025-12-05T23:00:00,New Asgard,Clean Water (L),2405.13,4.26,False
2025-12-05T23:00:00,New Asgard,Medical Kits,731.48,3.2,False
2025-12-05T23:00:00,Wakanda,Vibranium (kg),1780.47,18.64,True
2025-12-05T23:00:00,Wakanda,Arc Reactor Cores,0,37.29,True
2025-12-05T23:00:00,Wakanda,Pym Particles,0,27.34,True
2025-12-05T23:00:00,Wakanda,Clean Water (L),1491.01,26.85,True
2025-12-05T23:00:00,Wakanda,Medical Kits,356.49,11.19,True
2025-12-05T23:00:00,Sokovia,Vibranium (kg),2418.79,3.55,False
2025-12-05T23:00:00,Sokovia,Arc Reactor Cores,697.0,4.26,False
2025-12-05T23:00:00,Sokovia,Pym Particles,710.68,3.91,False
2025-12-05T23:00:00,Sokovia,Clean Water (L),2399.34,4.26,False
2025-12-05T23:00:00,Sokovia,Medical Kits,731.38,3.2,False
2025-12-05T23:00:00,Sanctum Sanctorum,Vibranium (kg),1786.32,18.64,True
2025-12-05T23:00:00,Sanctum Sanctorum,Arc Reactor Cores,0,37.29,True
2025-12-05T23:00:00,Sanctum Sanctorum,Pym Particles,0,27.34,True
2025-12-05T23:00:00,Sanctum Sanctorum,Clean Water (L),1497.53,26.85,True
2025-12-05T23:00:00,Sanctum Sanctorum,Medical Kits,349.1,11.19,True
2025-12-05T23:00:00,Avengers Compound,Vibranium (kg),1789.43,18.64,True
2025-12-05T23:00:00,Avengers Compound,Arc Reactor Cores,0,37.29,True
2025-12-05T23:00:00,Avengers Compound,Pym Particles,0,27.34,True
2025-12-05T23:00:00,Avengers Compound,Clean Water (L),1495.67,26.85,True
2025-12-05T23:00:00,Avengers Compound,Medical Kits,354.85,11.19,True
2025-12-06T00:00:00,New Asgard,Vibranium (kg),2422.26,3.5,False
2025-12-06T00:00:00,New Asgard,Arc Reactor Cores,701.6,4.2,False
2025-12-06T00:00:00,New Asgard,Pym Particles,711.29,3.85,False
2025-12-06T00:00:00,New Asgard,Clean Water (L),2407.46,4.2,False
2025-12-06T00:00:00,New Asgard,Medical Kits,732.8,3.15,False
2025-12-06T00:00:00,Wakanda,Vibranium (kg),1761.89,18.38,True
2025-12-06T00:00:00,Wakanda,Arc Reactor Cores,0,36.75,True
2025-12-06T00:00:00,Wakanda,Pym Particles,0,26.95,True
2025-12-06T00:00:00,Wakanda,Clean Water (L),1463.59,26.46,True
2025-12-06T00:00:00,Wakanda,Medical Kits,344.84,11.02,True
2025-12-06T00:00:00,Sokovia,Vibranium (kg),2419.59,3.5,False
2025-12-06T00:00:00,Sokovia,Arc Reactor Cores,698.59,4.2,False
2025-12-06T00:00:00,Sokovia,Pym Particles,713.57,3.85,False
2025-12-06T00:00:00,Sokovia,Clean Water (L),2400.11,4.2,False
2025-12-06T00:00:00,Sokovia,Medical Kits,733.41,3.15,False
2025-12-06T00:00:00,Sanctum Sanctorum,Vibranium (kg),1767.6,18.38,True
2025-12-06T00:00:00,Sanctum Sanctorum,Arc Reactor Cores,0,36.75,True
2025-12-06T00:00:00,Sanctum Sanctorum,Pym Particles,0,26.95,True
2025-12-06T00:00:00,Sanctum Sanctorum,Clean Water (L),1471.7,26.46,True
2025-12-06T00:00:00,Sanctum Sanctorum,Medical Kits,338.07,11.02,True
2025-12-06T00:00:00,Avengers Compound,Vibranium (kg),1770.88,18.38,True
2025-12-06T00:00:00,Avengers Compound,Arc Reactor Cores,0,36.75,True
2025-12-06T00:00:00,Avengers Compound,Pym Particles,0,26.95,True
2025-12-06T00:00:00,Avengers Compound,Clean Water (L),1469.37,26.46,True
2025-12-06T00:00:00,Avengers Compound,Medical Kits,343.86,11.02,True
2025-12-06T01:00:00,New Asgard,Vibranium (kg),2424.46,3.55,False
2025-12-06T01:00:00,New Asgard,Arc Reactor Cores,703.98,4.26,False
2025-12-06T01:00:00,New Asgard,Pym Particles,714.51,3.91,False
2025-12-06T01:00:00,New Asgard,Clean Water (L),2409.02,4.26,False
2025-12-06T01:00:00,New Asgard,Medical Kits,734.72,3.2,False
2025-12-06T01:00:00,Wakanda,Vibranium (kg),1744.07,18.64,True
2025-12-06T01:00:00,Wakanda,Arc Reactor Cores,0,37.29,True
2025-12-06T01:00:00,Wakanda,Pym Particles,0,27.34,True
2025-12-06T01:00:00,Wakanda,Clean Water (L),1435.96,26.85,True
2025-12-06T01:00:00,Wakanda,Medical Kits,334.41,11.19,True
2025-12-06T01:00:00,Sokovia,Vibranium (kg),2421.01,3.55,False
2025-12-06T01:00:00,Sokovia,Arc Reactor Cores,699.57,4.26,False
2025-12-06T01:00:00,Sokovia,Pym Particles,715.83,3.91,False
2025-12-06T01:00:00,Sokovia,Clean Water (L),2400.45,4.26,False
2025-12-06T01:00:00,Sokovia,Medical Kits,734.3,3.2,False
2025-12-06T01:00:00,Sanctum Sanctorum,Vibranium (kg),1747.99,18.64,True
2025-12-06T01:00:00,Sanctum Sanctorum,Arc Reactor Cores,0,37.29,True
2025-12-06T01:00:00,Sanctum Sanctorum,Pym Particles,0,27.34,True
2025-12-06T01:00:00,Sanctum Sanctorum,Clean Water (L),1445.59,26.85,True
2025-12-06T01:00:00,Sanctum Sanctorum,Medical Kits,327.8,11.19,True
2025-12-06T01:00:00,Avengers Compound,Vibranium (kg),1752.85,18.64,True
2025-12-06T01:00:00,Avengers Compound,Arc Reactor Cores,0,37.29,True
2025-12-06T01:00:00,Avengers Compound,Pym Particles,0,27.34,True
2025-12-06T01:00:00,Avengers Compound,Clean Water (L),1441.64,26.85,True
2025-12-06T01:00:00,Avengers Compound,Medical Kits,331.93,11.19,True
2025-12-06T02:00:00,New Asgard,Vibranium (kg),2425.53,3.7,False
2025-12-06T02:00:00,New Asgard,Arc Reactor Cores,703.91,4.44,False
2025-12-06T02:00:00,New Asgard,Pym Particles,715.57,4.07,False
2025-12-06T02:00:00,New Asgard,Clean Water (L),2410.05,4.44,False
2025-12-06T02:00:00,New Asgard,Medical Kits,734.19,3.33,False
2025-12-06T02:00:00,Wakanda,Vibranium (kg),1725.03,19.43,True
2025-12-06T02:00:00,Wakanda,Arc Reactor Cores,0,38.86,True
2025-12-06T02:00:00,Wakanda,Pym Particles,0,28.5,True
2025-12-06T02:00:00,Wakanda,Clean Water (L),1408.02,27.98,True
2025-12-06T02:00:00,Wakanda,Medical Kits,323.12,11.66,True
2025-12-06T02:00:00,Sokovia,Vibranium (kg),2421.89,3.7,False
2025-12-06T02:00:00,Sokovia,Arc Reactor Cores,701.18,4.44,False
2025-12-06T02:00:00,Sokovia,Pym Particles,718.26,4.07,False
2025-12-06T02:00:00,Sokovia,Clean Water (L),2403.51,4.44,False
2025-12-06T02:00:00,Sokovia,Medical Kits,735.34,3.33,False
2025-12-06T02:00:00,Sanctum Sanctorum,Vibranium (kg),1729.04,19.43,True
2025-12-06T02:00:00,Sanctum Sanctorum,Arc Reactor Cores,0,38.86,True
2025-12-06T02:00:00,Sanctum Sanctorum,Pym Particles,0,28.5,True
2025-12-06T02:00:00,Sanctum Sanctorum,Clean Water (L),1418.16,27.98,True
2025-12-06T02:00:00,Sanctum Sanctorum,Medical Kits,316.76,11.66,True
2025-12-06T02:00:00,Avengers Compound,Vibranium (kg),1733.69,19.43,True
2025-12-06T02:00:00,Avengers Compound,Arc Reactor Cores,0,38.86,True
2025-12-06T02:00:00,Avengers Compound,Pym Particles,0,28.5,True
2025-12-06T02:00:00,Avengers Compound,Clean Water (L),1413.96,27.98,True
2025-12-06T02:00:00,Avengers Compound,Medical Kits,321.18,11.66,True
2025-12-06T03:00:00,New Asgard,Vibranium (kg),2426.47,3.94,False
2025-12-06T03:00:00,New Asgard,Arc Reactor Cores,705.15,4.73,False
2025-12-06T03:00:00,New Asgard,Pym Particles,716.45,4.33,False
2025-12-06T03:00:00,New Asgard,Clean Water (L),2411.29,4.73,False
2025-12-06T03:00:00,New Asgard,Medical Kits,735.44,3.55,False
2025-12-06T03:00:00,Wakanda,Vibranium (kg),1705.2,20.68,True
2025-12-06T03:00:00,Wakanda,Arc Reactor Cores,0,41.36,True
2025-12-06T03:00:00,Wakanda,Pym Particles,0,30.33,True
2025-12-06T03:00:00,Wakanda,Clean Water (L),1377.31,29.78,True
2025-12-06T03:00:00,Wakanda,Medical Kits,310.3,12.41,True
2025-12-06T03:00:00,Sokovia,Vibranium (kg),2422.31,3.94,False
2025-12-06T03:00:00,Sokovia,Arc Reactor Cores,701.29,4.73,False
2025-12-06T03:00:00,Sokovia,Pym Particles,717.24,4.33,False
2025-12-06T03:00:00,Sokovia,Clean Water (L),2404.16,4.73,False
2025-12-06T03:00:00,Sokovia,Medical Kits,736.52,3.55,False
2025-12-06T03:00:00,Sanctum Sanctorum,Vibranium (kg),1707.82,20.68,True
2025-12-06T03:00:00,Sanctum Sanctorum,Arc Reactor Cores,0,41.36,True
2025-12-06T03:00:00,Sanctum Sanctorum,Pym Particles,0,30.33,True
2025-12-06T03:00:00,Sanctum Sanctorum,Clean Water (L),1388.54,29.78,True
2025-12-06T03:00:00,Sanctum Sanctorum,Medical Kits,303.54,12.41,True
2025-12-06T03:00:00,Avengers Compound,Vibranium (kg),1713.75,20.68,True
2025-12-06T03:00:00,Avengers Compound,Arc Reactor Cores,0,41.36,True
2025-12-06T03:00:00,Avengers Compound,Pym Particles,0,30.33,True
2025-12-06T03:00:00,Avengers Compound,Clean Water (L),1385.07,29.78,True
2025-12-06T03:00:00,Avengers Compound,Medical Kits,308.46,12.41,True
2025-12-06T04:00:00,New Asgard,Vibranium (kg),2427.42,4.25,False
2025-12-06T04:00:00,New Asgard,Arc Reactor Cores,704.65,5.1,False
2025-12-06T04:00:00,New Asgard,Pym Particles,717.15,4.68,False
2025-12-06T04:00:00,New Asgard,Clean Water (L),2409.78,5.1,False
2025-12-06T04:00:00,New Asgard,Medical Kits,735.99,3.83,False
2025-12-06T04:00:00,Wakanda,Vibranium (kg),1682.31,22.31,True
2025-12-06T04:00:00,Wakanda,Arc Reactor Cores,0,44.63,True
2025-12-06T04:00:00,Wakanda,Pym Particles,0,32.73,True
2025-12-06T04:00:00,Wakanda,Clean Water (L),1344.48,32.13,True
2025-12-06T04:00:00,Wakanda,Medical Kits,297.0,13.39,True
2025-12-06T04:00:00,Sokovia,Vibranium (kg),2423.28,4.25,False
2025-12-06T04:00:00,Sokovia,Arc Reactor Cores,702.38,5.1,False
2025-12-06T04:00:00,Sokovia,Pym Particles,719.29,4.68,False
2025-12-06T04:00:00,Sokovia,Clean Water (L),2405.38,5.1,False
2025-12-06T04:00:00,Sokovia,Medical Kits,736.86,3.83,False
2025-12-06T04:00:00,Sanctum Sanctorum,Vibranium (kg),1685.86,22.31,True
2025-12-06T04:00:00,Sanctum Sanctorum,Arc Reactor Cores,0,44.63,True
2025-12-06T04:00:00,Sanctum Sanctorum,Pym Particles,0,32.73,True
2025-12-06T04:00:00,Sanctum Sanctorum,Clean Water (L),1356.44,32.13,True
2025-12-06T04:00:00,Sanctum Sanctorum,Medical Kits,289.39,13.39,True
2025-12-06T04:00:00,Avengers Compound,Vibranium (kg),1691.46,22.31,True
2025-12-06T04:00:00,Avengers Compound,Arc Reactor Cores,0,44.63,True
2025-12-06T04:00:00,Avengers Compound,Pym Particles,0,32.73,True
2025-12-06T04:00:00,Avengers Compound,Clean Water (L),1352.18,32.13,True
2025-12-06T04:00:00,Avengers Compound,Medical Kits,295.46,13.39,True
2025-12-06T05:00:00,New Asgard,Vibranium (kg),2428.33,4.61,False
2025-12-06T05:00:00,New Asgard,Arc Reactor Cores,704.67,5.53,False
2025-12-06T05:00:00,New Asgard,Pym Particles,717.9,5.07,False
2025-12-06T05:00:00,New Asgard,Clean Water (L),2411.43,5.53,False
2025-12-06T05:00:00,New Asgard,Medical Kits,736.97,4.15,False
2025-12-06T05:00:00,Wakanda,Vibranium (kg),1657.81,24.21,True
2025-12-06T05:00:00,Wakanda,Arc Reactor Cores,0,48.42,True
2025-12-06T05:00:00,Wakanda,Pym Particles,0,35.51,True
2025-12-06T05:00:00,Wakanda,Clean Water (L),1310.05,34.86,True
2025-12-06T05:00:00,Wakanda,Medical Kits,282.48,14.53,True
2025-12-06T05:00:00,Sokovia,Vibranium (kg),2424.97,4.61,False
2025-12-06T05:00:00,Sokovia,Arc Reactor Cores,702.19,5.53,False
2025-12-06T05:00:00,Sokovia,Pym Particles,718.99,5.07,False
2025-12-06T05:00:00,Sokovia,Clean Water (L),2406.28,5.53,False
2025-12-06T05:00:00,Sokovia,Medical Kits,736.68,4.15,False
2025-12-06T05:00:00,Sanctum Sanctorum,Vibranium (kg),1662.65,24.21,True
2025-12-06T05:00:00,Sanctum Sanctorum,Arc Reactor Cores,0,48.42,True
2025-12-06T05:00:00,Sanctum Sanctorum,Pym Particles,0,35.51,True
2025-12-06T05:00:00,Sanctum Sanctorum,Clean Water (L),1321.25,34.86,True
2025-12-06T05:00:00,Sanctum Sanctorum,Medical Kits,274.18,14.53,True
2025-12-06T05:00:00,Avengers Compound,Vibranium (kg),1667.68,24.21,True
2025-12-06T05:00:00,Avengers Compound,Arc Reactor Cores,0,48.42,True
2025-12-06T05:00:00,Avengers Compound,Pym Particles,0,35.51,True
2025-12-06T05:00:00,Avengers Compound,Clean Water (L),1316.43,34.86,True
2025-12-06T05:00:00,Avengers Compound,Medical Kits,280.41,14.53,True
2025-12-06T06:00:00,New Asgard,Vibranium (kg),2428.21,5.0,False
2025-12-06T06:00:00,New Asgard,Arc Reactor Cores,703.3,6.0,False
2025-12-06T06:00:00,New Asgard,Pym Particles,716.28,5.5,False
2025-12-06T06:00:00,New Asgard,Clean Water (L),2410.42,6.0,False
2025-12-06T06:00:00,New Asgard,Medical Kits,737.55,4.5,False
2025-12-06T06:00:00,Wakanda,Vibranium (kg),1630.96,26.25,True
2025-12-06T06:00:00,Wakanda,Arc Reactor Cores,0,52.5,True
2025-12-06T06:00:00,Wakanda,Pym Particles,0,38.5,True
2025-12-06T06:00:00,Wakanda,Clean Water (L),1273.04,37.8,True
2025-12-06T06:00:00,Wakanda,Medical Kits,266.7,15.75,True
2025-12-06T06:00:00,Sokovia,Vibranium (kg),2425.24,5.0,False
2025-12-06T06:00:00,Sokovia,Arc Reactor Cores,700.98,6.0,False
2025-12-06T06:00:00,Sokovia,Pym Particles,718.8,5.5,False
2025-12-06T06:00:00,Sokovia,Clean Water (L),2406.13,6.0,False
2025-12-06T06:00:00,Sokovia,Medical Kits,736.14,4.5,False
2025-12-06T06:00:00,Sanctum Sanctorum,Vibranium (kg),1637.24,26.25,True
2025-12-06T06:00:00,Sanctum Sanctorum,Arc Reactor Cores,0,52.5,True
2025-12-06T06:00:00,Sanctum Sanctorum,Pym Particles,0,38.5,True
2025-12-06T06:00:00,Sanctum Sanctorum,Clean Water (L),1282.98,37.8,True
2025-12-06T06:00:00,Sanctum Sanctorum,Medical Kits,259.25,15.75,True
2025-12-06T06:00:00,Avengers Compound,Vibranium (kg),1640.49,26.25,True
2025-12-06T06:00:00,Avengers Compound,Arc Reactor Cores,0,52.5,True
2025-12-06T06:00:00,Avengers Compound,Pym Particles,0,38.5,True
2025-12-06T06:00:00,Avengers Compound,Clean Water (L),1279.1,37.8,True
2025-12-06T06:00:00,Avengers Compound,Medical Kits,265.45,15.75,True
2025-12-06T07:00:00,New Asgard,Vibranium (kg),2427.78,5.39,False
2025-12-06T07:00:00,New Asgard,Arc Reactor Cores,703.39,6.47,False
2025-12-06T07:00:00,New Asgard,Pym Particles,714.7,5.93,False
2025-12-06T07:00:00,New Asgard,Clean Water (L),2409.84,6.47,False
2025-12-06T07:00:00,New Asgard,Medical Kits,736.67,4.85,False
2025-12-06T07:00:00,Wakanda,Vibranium (kg),1603.46,28.29,True
2025-12-06T07:00:00,Wakanda,Arc Reactor Cores,0,56.58,True
2025-12-06T07:00:00,Wakanda,Pym Particles,0,41.49,True
2025-12-06T07:00:00,Wakanda,Clean Water (L),1232.64,40.74,True
2025-12-06T07:00:00,Wakanda,Medical Kits,249.72,16.97,True
2025-12-06T07:00:00,Sokovia,Vibranium (kg),2424.66,5.39,False
2025-12-06T07:00:00,Sokovia,Arc Reactor Cores,702.27,6.47,False
2025-12-06T07:00:00,Sokovia,Pym Particles,718.86,5.93,False
2025-12-06T07:00:00,Sokovia,Clean Water (L),2405.19,6.47,False
2025-12-06T07:00:00,Sokovia,Medical Kits,736.24,4.85,False
2025-12-06T07:00:00,Sanctum Sanctorum,Vibranium (kg),1609.35,28.29,True
2025-12-06T07:00:00,Sanctum Sanctorum,Arc Reactor Cores,0,56.58,True
2025-12-06T07:00:00,Sanctum Sanctorum,Pym Particles,0,41.49,True
2025-12-06T07:00:00,Sanctum Sanctorum,Clean Water (L),1243.03,40.74,True
2025-12-06T07:00:00,Sanctum Sanctorum,Medical Kits,242.64,16.97,True
2025-12-06T07:00:00,Avengers Compound,Vibranium (kg),1611.35,28.29,True
2025-12-06T07:00:00,Avengers Compound,Arc Reactor Cores,0,56.58,True
2025-12-06T07:00:00,Avengers Compound,Pym Particles,0,41.49,True
2025-12-06T07:00:00,Avengers Compound,Clean Water (L),1237.89,40.74,True
2025-12-06T07:00:00,Avengers Compound,Medical Kits,248.81,16.97,True
2025-12-06T08:00:00,New Asgard,Vibranium (kg),2426.98,5.75,False
2025-12-06T08:00:00,New Asgard,Arc Reactor Cores,700.67,6.9,False
2025-12-06T08:00:00,New Asgard,Pym Particles,712.3,6.32,False
2025-12-06T08:00:00,New Asgard,Clean Water (L),2408.26,6.9,False
2025-12-06T08:00:00,New Asgard,Medical Kits,735.64,5.17,False
2025-12-06T08:00:00,Wakanda,Vibranium (kg),1573.29,30.19,True
2025-12-06T08:00:00,Wakanda,Arc Reactor Cores,0,60.37,True
2025-12-06T08:00:00,Wakanda,Pym Particles,0,44.27,True
2025-12-06T08:00:00,Wakanda,Clean Water (L),1189.58,43.47,True
2025-12-06T08:00:00,Wakanda,Medical Kits,231.3,18.11,True
2025-12-06T08:00:00,Sokovia,Vibranium (kg),2424.19,5.75,False
2025-12-06T08:00:00,Sokovia,Arc Reactor Cores,701.77,6.9,False
2025-12-06T08:00:00,Sokovia,Pym Particles,718.69,6.32,False
2025-12-06T08:00:00,Sokovia,Clean Water (L),2403.92,6.9,False
2025-12-06T08:00:00,Sokovia,Medical Kits,735.03,5.17,False
2025-12-06T08:00:00,Sanctum Sanctorum,Vibranium (kg),1579.56,30.19,True
2025-12-06T08:00:00,Sanctum Sanctorum,Arc Reactor Cores,0,60.37,True
2025-12-06T08:00:00,Sanctum Sanctorum,Pym Particles,0,44.27,True
2025-12-06T08:00:00,Sanctum Sanctorum,Clean Water (L),1199.41,43.47,True
2025-12-06T08:00:00,Sanctum Sanctorum,Medical Kits,224.57,18.11,True
2025-12-06T08:00:00,Avengers Compound,Vibranium (kg),1581.34,30.19,True
2025-12-06T08:00:00,Avengers Compound,Arc Reactor Cores,0,60.37,True
2025-12-06T08:00:00,Avengers Compound,Pym Particles,0,44.27,True
2025-12-06T08:00:00,Avengers Compound,Clean Water (L),1194.68,43.47,True
2025-12-06T08:00:00,Avengers Compound,Medical Kits,229.7,18.11,True
2025-12-06T09:00:00,New Asgard,Vibranium (kg),2425.2,6.06,False
2025-12-06T09:00:00,New Asgard,Arc Reactor Cores,699.83,7.27,False
2025-12-06T09:00:00,New Asgard,Pym Particles,711.71,6.67,False
2025-12-06T09:00:00,New Asgard,Clean Water (L),2404.99,7.27,False
2025-12-06T09:00:00,New Asgard,Medical Kits,733.69,5.45,False
2025-12-06T09:00:00,Wakanda,Vibranium (kg),1541.0,31.82,True
2025-12-06T09:00:00,Wakanda,Arc Reactor Cores,0,63.64,True
2025-12-06T09:00:00,Wakanda,Pym Particles,0,46.67,True
2025-12-06T09:00:00,Wakanda,Clean Water (L),1144.12,45.82,True
2025-12-06T09:00:00,Wakanda,Medical Kits,211.68,19.09,True
2025-12-06T09:00:00,Sokovia,Vibranium (kg),2423.55,6.06,False
2025-12-06T09:00:00,Sokovia,Arc Reactor Cores,701.49,7.27,False
2025-12-06T09:00:00,Sokovia,Pym Particles,716.95,6.67,False
2025-12-06T09:00:00,Sokovia,Clean Water (L),2401.49,7.27,False
2025-12-06T09:00:00,Sokovia,Medical Kits,735.01,5.45,False
2025-12-06T09:00:00,Sanctum Sanctorum,Vibranium (kg),1548.2,31.82,True
2025-12-06T09:00:00,Sanctum Sanctorum,Arc Reactor Cores,0,63.64,True
2025-12-06T09:00:00,Sanctum Sanctorum,Pym Particles,0,46.67,True
2025-12-06T09:00:00,Sanctum Sanctorum,Clean Water (L),1153.89,45.82,True
2025-12-06T09:00:00,Sanctum Sanctorum,Medical Kits,205.54,19.09,True
2025-12-06T09:00:00,Avengers Compound,Vibranium (kg),1548.91,31.82,True
2025-12-06T09:00:00,Avengers Compound,Arc Reactor Cores,0,63.64,True
2025-12-06T09:00:00,Avengers Compound,Pym Particles,0,46.67,True
2025-12-06T09:00:00,Avengers Compound,Clean Water (L),1148.45,45.82,True
2025-12-06T09:00:00,Avengers Compound,Medical Kits,211.3,19.09,True
2025-12-06T10:00:00,New Asgard,Vibranium (kg),2423.87,6.3,False
2025-12-06T10:00:00,New Asgard,Arc Reactor Cores,698.62,7.56,False
2025-12-06T10:00:00,New Asgard,Pym Particles,709.83,6.93,False
2025-12-06T10:00:00,New Asgard,Clean Water (L),2402.02,7.56,False
2025-12-06T10:00:00,New Asgard,Medical Kits,732.36,5.67,False
2025-12-06T10:00:00,Wakanda,Vibranium (kg),1507.74,33.07,True
2025-12-06T10:00:00,Wakanda,Arc Reactor Cores,0,66.14,True
2025-12-06T10:00:00,Wakanda,Pym Particles,0,48.5,True
2025-12-06T10:00:00,Wakanda,Clean Water (L),1096.83,47.62,True
2025-12-06T10:00:00,Wakanda,Medical Kits,192.74,19.84,True
2025-12-06T10:00:00,Sokovia,Vibranium (kg),2420.88,6.3,False
2025-12-06T10:00:00,Sokovia,Arc Reactor Cores,699.38,7.56,False
2025-12-06T10:00:00,Sokovia,Pym Particles,715.26,6.93,False
2025-12-06T10:00:00,Sokovia,Clean Water (L),2399.78,7.56,False
2025-12-06T10:00:00,Sokovia,Medical Kits,733.56,5.67,False
2025-12-06T10:00:00,Sanctum Sanctorum,Vibranium (kg),1515.57,33.07,True
2025-12-06T10:00:00,Sanctum Sanctorum,Arc Reactor Cores,0,66.14,True
2025-12-06T10:00:00,Sanctum Sanctorum,Pym Particles,0,48.5,True
2025-12-06T10:00:00,Sanctum Sanctorum,Clean Water (L),1105.77,47.62,True
2025-12-06T10:00:00,Sanctum Sanctorum,Medical Kits,186.65,19.84,True
2025-12-06T10:00:00,Avengers Compound,Vibranium (kg),1515.68,33.07,True
2025-12-06T10:00:00,Avengers Compound,Arc Reactor Cores,0,66.14,True
2025-12-06T10:00:00,Avengers Compound,Pym Particles,0,48.5,True
2025-12-06T10:00:00,Avengers Compound,Clean Water (L),1101.57,47.62,True
2025-12-06T10:00:00,Avengers Compound,Medical Kits,192.11,19.84,True
2025-12-06T11:00:00,New Asgard,Vibranium (kg),2422.79,6.45,False
2025-12-06T11:00:00,New Asgard,Arc Reactor Cores,696.88,7.74,False
2025-12-06T11:00:00,New Asgard,Pym Particles,707.85,7.09,False
2025-12-06T11:00:00,New Asgard,Clean Water (L),2398.3,7.74,False
2025-12-06T11:00:00,New Asgard,Medical Kits,732.47,5.8,False
2025-12-06T11:00:00,Wakanda,Vibranium (kg),1473.75,33.86,True
2025-12-06T11:00:00,Wakanda,Arc Reactor Cores,0,67.71,True
2025-12-06T11:00:00,Wakanda,Pym Particles,0,49.66,True
2025-12-06T11:00:00,Wakanda,Clean Water (L),1047.83,48.75,True
2025-12-06T11:00:00,Wakanda,Medical Kits,172.17,20.31,True
2025-12-06T11:00:00,Sokovia,Vibranium (kg),2420.08,6.45,False
2025-12-06T11:00:00,Sokovia,Arc Reactor Cores,697.0,7.74,False
2025-12-06T11:00:00,Sokovia,Pym Particles,712.32,7.09,False
2025-12-06T11:00:00,Sokovia,Clean Water (L),2397.15,7.74,False
2025-12-06T11:00:00,Sokovia,Medical Kits,730.54,5.8,False
2025-12-06T11:00:00,Sanctum Sanctorum,Vibranium (kg),1480.75,33.86,True
2025-12-06T11:00:00,Sanctum Sanctorum,Arc Reactor Cores,0,67.71,True
2025-12-06T11:00:00,Sanctum Sanctorum,Pym Particles,0,49.66,True
2025-12-06T11:00:00,Sanctum Sanctorum,Clean Water (L),1056.37,48.75,True
2025-12-06T11:00:00,Sanctum Sanctorum,Medical Kits,165.76,20.31,True
2025-12-06T11:00:00,Avengers Compound,Vibranium (kg),1481.65,33.86,True
2025-12-06T11:00:00,Avengers Compound,Arc Reactor Cores,0,67.71,True
2025-12-06T11:00:00,Avengers Compound,Pym Particles,0,49.66,True
2025-12-06T11:00:00,Avengers Compound,Clean Water (L),1053.5,48.75,True
2025-12-06T11:00:00,Avengers Compound,Medical Kits,171.94,20.31,True
2025-12-06T12:00:00,New Asgard,Vibranium (kg),2420.03,6.5,False
2025-12-06T12:00:00,New Asgard,Arc Reactor Cores,696.82,7.8,False
2025-12-06T12:00:00,New Asgard,Pym Particles,706.0,7.15,False
2025-12-06T12:00:00,New Asgard,Clean Water (L),2397.87,7.8,False
2025-12-06T12:00:00,New Asgard,Medical Kits,730.02,5.85,False
2025-12-06T12:00:00,Wakanda,Vibranium (kg),1439.1,34.12,True
2025-12-06T12:00:00,Wakanda,Arc Reactor Cores,0,68.25,True
2025-12-06T12:00:00,Wakanda,Pym Particles,0,50.05,True
2025-12-06T12:00:00,Wakanda,Clean Water (L),998.34,49.14,True
2025-12-06T12:00:00,Wakanda,Medical Kits,151.59,20.48,True
2025-12-06T12:00:00,Sokovia,Vibranium (kg),2418.31,6.5,False
2025-12-06T12:00:00,Sokovia,Arc Reactor Cores,696.4,7.8,False
2025-12-06T12:00:00,Sokovia,Pym Particles,710.59,7.15,False
2025-12-06T12:00:00,Sokovia,Clean Water (L),2395.6,7.8,False
2025-12-06T12:00:00,Sokovia,Medical Kits,727.94,5.85,False
2025-12-06T12:00:00,Sanctum Sanctorum,Vibranium (kg),1446.3,34.12,True
2025-12-06T12:00:00,Sanctum Sanctorum,Arc Reactor Cores,0,68.25,True
2025-12-06T12:00:00,Sanctum Sanctorum,Pym Particles,0,50.05,True
2025-12-06T12:00:00,Sanctum Sanctorum,Clean Water (L),1007.32,49.14,True
2025-12-06T12:00:00,Sanctum Sanctorum,Medical Kits,145.82,20.48,True
2025-12-06T12:00:00,Avengers Compound,Vibranium (kg),1447.52,34.12,True
2025-12-06T12:00:00,Avengers Compound,Arc Reactor Cores,0,68.25,True
2025-12-06T12:00:00,Avengers Compound,Pym Particles,0,50.05,True
2025-12-06T12:00:00,Avengers Compound,Clean Water (L),1003.55,49.14,True
2025-12-06T12:00:00,Avengers Compound,Medical Kits,151.31,20.48,True
2025-12-06T13:00:00,New Asgard,Vibranium (kg),2418.06,6.45,False
2025-12-06T13:00:00,New Asgard,Arc Reactor Cores,695.43,7.74,False
2025-12-06T13:00:00,New Asgard,Pym Particles,704.13,7.09,False
2025-12-06T13:00:00,New Asgard,Clean Water (L),2396.57,7.74,False
2025-12-06T13:00:00,New Asgard,Medical Kits,729.1,5.8,False
2025-12-06T13:00:00,Wakanda,Vibranium (kg),1406.06,33.86,True
2025-12-06T13:00:00,Wakanda,Arc Reactor Cores,0,67.71,True
2025-12-06T13:00:00,Wakanda,Pym Particles,0,49.66,True
2025-12-06T13:00:00,Wakanda,Clean Water (L),948.72,48.75,True
2025-12-06T13:00:00,Wakanda,Medical Kits,131.44,20.31,True
2025-12-06T13:00:00,Sokovia,Vibranium (kg),2415.74,6.45,False
2025-12-06T13:00:00,Sokovia,Arc Reactor Cores,695.3,7.74,False
2025-12-06T13:00:00,Sokovia,Pym Particles,707.84,7.09,False
2025-12-06T13:00:00,Sokovia,Clean Water (L),2394.12,7.74,False
2025-12-06T13:00:00,Sokovia,Medical Kits,725.82,5.8,False
2025-12-06T13:00:00,Sanctum Sanctorum,Vibranium (kg),1411.76,33.86,True
2025-12-06T13:00:00,Sanctum Sanctorum,Arc Reactor Cores,0,67.71,True
2025-12-06T13:00:00,Sanctum Sanctorum,Pym Particles,0,49.66,True
2025-12-06T13:00:00,Sanctum Sanctorum,Clean Water (L),958.11,48.75,True
2025-12-06T13:00:00,Sanctum Sanctorum,Medical Kits,126.36,20.31,True
2025-12-06T13:00:00,Avengers Compound,Vibranium (kg),1412.68,33.86,True
2025-12-06T13:00:00,Avengers Compound,Arc Reactor Cores,0,67.71,True
2025-12-06T13:00:00,Avengers Compound,Pym Particles,0,49.66,True
2025-12-06T13:00:00,Avengers Compound,Clean Water (L),955.7,48.75,True
2025-12-06T13:00:00,Avengers Compound,Medical Kits,131.15,20.31,True
2025-12-06T14:00:00,New Asgard,Vibranium (kg),2416.64,6.3,False
2025-12-06T14:00:00,New Asgard,Arc Reactor Cores,693.89,7.56,False
2025-12-06T14:00:00,New Asgard,Pym Particles,703.2,6.93,False
2025-12-06T14:00:00,New Asgard,Clean Water (L),2394.36,7.56,False
2025-12-06T14:00:00,New Asgard,Medical Kits,729.02,5.67,False
2025-12-06T14:00:00,Wakanda,Vibranium (kg),1372.21,33.07,True
2025-12-06T14:00:00,Wakanda,Arc Reactor Cores,0,66.14,True
2025-12-06T14:00:00,Wakanda,Pym Particles,0,48.5,True
2025-12-06T14:00:00,Wakanda,Clean Water (L),901.85,47.62,True
2025-12-06T14:00:00,Wakanda,Medical Kits,111.43,19.84,True
2025-12-06T14:00:00,Sokovia,Vibranium (kg),2414.87,6.3,False
2025-12-06T14:00:00,Sokovia,Arc Reactor Cores,693.71,7.56,False
2025-12-06T14:00:00,Sokovia,Pym Particles,707.57,6.93,False
2025-12-06T14:00:00,Sokovia,Clean Water (L),2392.48,7.56,False
2025-12-06T14:00:00,Sokovia,Medical Kits,725.54,5.67,False
2025-12-06T14:00:00,Sanctum Sanctorum,Vibranium (kg),1378.75,33.07,True
2025-12-06T14:00:00,Sanctum Sanctorum,Arc Reactor Cores,0,66.14,True
2025-12-06T14:00:00,Sanctum Sanctorum,Pym Particles,0,48.5,True
2025-12-06T14:00:00,Sanctum Sanctorum,Clean Water (L),911.49,47.62,True
2025-12-06T14:00:00,Sanctum Sanctorum,Medical Kits,106.44,19.84,True
2025-12-06T14:00:00,Avengers Compound,Vibranium (kg),1380.17,33.07,True
2025-12-06T14:00:00,Avengers Compound,Arc Reactor Cores,0,66.14,True
2025-12-06T14:00:00,Avengers Compound,Pym Particles,0,48.5,True
2025-12-06T14:00:00,Avengers Compound,Clean Water (L),908.07,47.62,True
2025-12-06T14:00:00,Avengers Compound,Medical Kits,111.62,19.84,True
2025-12-06T15:00:00,New Asgard,Vibranium (kg),2414.9,6.06,False
2025-12-06T15:00:00,New Asgard,Arc Reactor Cores,694.02,7.27,False
2025-12-06T15:00:00,New Asgard,Pym Particles,701.92,6.67,False
2025-12-06T15:00:00,New Asgard,Clean Water (L),2394.26,7.27,False
2025-12-06T15:00:00,New Asgard,Medical Kits,728.71,5.45,False
2025-12-06T15:00:00,Wakanda,Vibranium (kg),1339.85,31.82,True
2025-12-06T15:00:00,Wakanda,Arc Reactor Cores,0,63.64,True
2025-12-06T15:00:00,Wakanda,Pym Particles,0,46.67,True
2025-12-06T15:00:00,Wakanda,Clean Water (L),855.5,45.82,True
2025-12-06T15:00:00,Wakanda,Medical Kits,92.51,19.09,True
2025-12-06T15:00:00,Sokovia,Vibranium (kg),2414.86,6.06,False
2025-12-06T15:00:00,Sokovia,Arc Reactor Cores,693.04,7.27,False
2025-12-06T15:00:00,Sokovia,Pym Particles,707.37,6.67,False
2025-12-06T15:00:00,Sokovia,Clean Water (L),2393.25,7.27,False
2025-12-06T15:00:00,Sokovia,Medical Kits,723.78,5.45,False
2025-12-06T15:00:00,Sanctum Sanctorum,Vibranium (kg),1347.08,31.82,True
2025-12-06T15:00:00,Sanctum Sanctorum,Arc Reactor Cores,0,63.64,True
2025-12-06T15:00:00,Sanctum Sanctorum,Pym Particles,0,46.67,True
2025-12-06T15:00:00,Sanctum Sanctorum,Clean Water (L),865.16,45.82,True
2025-12-06T15:00:00,Sanctum Sanctorum,Medical Kits,86.38,19.09,True
2025-12-06T15:00:00,Avengers Compound,Vibranium (kg),1348.39,31.82,True
2025-12-06T15:00:00,Avengers Compound,Arc Reactor Cores,0,63.64,True
2025-12-06T15:00:00,Avengers Compound,Pym Particles,0,46.67,True
2025-12-06T15:00:00,Avengers Compound,Clean Water (L),863.17,45.82,True
2025-12-06T15:00:00,Avengers Compound,Medical Kits,92.96,19.09,True
2025-12-06T16:00:00,New Asgard,Vibranium (kg),2413.77,5.75,False
2025-12-06T16:00:00,New Asgard,Arc Reactor Cores,694.6,6.9,False
2025-12-06T16:00:00,New Asgard,Pym Particles,701.56,6.32,False
2025-12-06T16:00:00,New Asgard,Clean Water (L),2392.32,6.9,False
2025-12-06T16:00:00,New Asgard,Medical Kits,727.6,5.17,False
2025-12-06T16:00:00,Wakanda,Vibranium (kg),1309.43,30.19,True
2025-12-06T16:00:00,Wakanda,Arc Reactor Cores,0,60.37,True
2025-12-06T16:00:00,Wakanda,Pym Particles,0,44.27,True
2025-12-06T16:00:00,Wakanda,Clean Water (L),812.44,43.47,True
2025-12-06T16:00:00,Wakanda,Medical Kits,74.18,18.11,True
2025-12-06T16:00:00,Sokovia,Vibranium (kg),2414.78,5.75,False
2025-12-06T16:00:00,Sokovia,Arc Reactor Cores,693.95,6.9,False
2025-12-06T16:00:00,Sokovia,Pym Particles,707.23,6.32,False
2025-12-06T16:00:00,Sokovia,Clean Water (L),2392.56,6.9,False
2025-12-06T16:00:00,Sokovia,Medical Kits,724.92,5.17,False
2025-12-06T16:00:00,Sanctum Sanctorum,Vibranium (kg),1316.46,30.19,True
2025-12-06T16:00:00,Sanctum Sanctorum,Arc Reactor Cores,0,60.37,True
2025-12-06T16:00:00,Sanctum Sanctorum,Pym Particles,0,44.27,True
2025-12-06T16:00:00,Sanctum Sanctorum,Clean Water (L),821.46,43.47,True
2025-12-06T16:00:00,Sanctum Sanctorum,Medical Kits,69.22,18.11,True
2025-12-06T16:00:00,Avengers Compound,Vibranium (kg),1318.05,30.19,True
2025-12-06T16:00:00,Avengers Compound,Arc Reactor Cores,0,60.37,True
2025-12-06T16:00:00,Avengers Compound,Pym Particles,0,44.27,True
2025-12-06T16:00:00,Avengers Compound,Clean Water (L),819.53,43.47,True
2025-12-06T16:00:00,Avengers Compound,Medical Kits,74.16,18.11,True
2025-12-06T17:00:00,New Asgard,Vibranium (kg),2412.94,5.39,False
2025-12-06T17:00:00,New Asgard,Arc Reactor Cores,693.94,6.47,False
2025-12-06T17:00:00,New Asgard,Pym Particles,700.8,5.93,False
2025-12-06T17:00:00,New Asgard,Clean Water (L),2391.77,6.47,False
2025-12-06T17:00:00,New Asgard,Medical Kits,726.2,4.85,False
2025-12-06T17:00:00,Wakanda,Vibranium (kg),1281.14,28.29,True
2025-12-06T17:00:00,Wakanda,Arc Reactor Cores,0,56.58,True
2025-12-06T17:00:00,Wakanda,Pym Particles,0,41.49,True
2025-12-06T17:00:00,Wakanda,Clean Water (L),770.93,40.74,True
2025-12-06T17:00:00,Wakanda,Medical Kits,57.05,16.97,True
2025-12-06T17:00:00,Sokovia,Vibranium (kg),2415.46,5.39,False
2025-12-06T17:00:00,Sokovia,Arc Reactor Cores,692.98,6.47,False
2025-12-06T17:00:00,Sokovia,Pym Particles,707.35,5.93,False
2025-12-06T17:00:00,Sokovia,Clean Water (L),2392.13,6.47,False
2025-12-06T17:00:00,Sokovia,Medical Kits,724.83,4.85,False
2025-12-06T17:00:00,Sanctum Sanctorum,Vibranium (kg),1287.18,28.29,True
2025-12-06T17:00:00,Sanctum Sanctorum,Arc Reactor Cores,0,56.58,True
2025-12-06T17:00:00,Sanctum Sanctorum,Pym Particles,0,41.49,True
2025-12-06T17:00:00,Sanctum Sanctorum,Clean Water (L),780.05,40.74,True
2025-12-06T17:00:00,Sanctum Sanctorum,Medical Kits,51.75,16.97,True
2025-12-06T17:00:00,Avengers Compound,Vibranium (kg),1289.88,28.29,True
2025-12-06T17:00:00,Avengers Compound,Arc Reactor Cores,0,56.58,True
2025-12-06T17:00:00,Avengers Compound,Pym Particles,0,41.49,True
2025-12-06T17:00:00,Avengers Compound,Clean Water (L),779.6,40.74,True
2025-12-06T17:00:00,Avengers Compound,Medical Kits,57.25,16.97,True
2025-12-06T18:00:00,New Asgard,Vibranium (kg),2413.61,5.0,False
2025-12-06T18:00:00,New Asgard,Arc Reactor Cores,693.47,6.0,False
2025-12-06T18:00:00,New Asgard,Pym Particles,700.53,5.5,False
2025-12-06T18:00:00,New Asgard,Clean Water (L),2392.29,6.0,False
2025-12-06T18:00:00,New Asgard,Medical Kits,727.3,4.5,False
2025-12-06T18:00:00,Wakanda,Vibranium (kg),1254.11,26.25,True
2025-12-06T18:00:00,Wakanda,Arc Reactor Cores,0,52.5,True
2025-12-06T18:00:00,Wakanda,Pym Particles,0,38.5,True
2025-12-06T18:00:00,Wakanda,Clean Water (L),732.37,37.8,True
2025-12-06T18:00:00,Wakanda,Medical Kits,41.04,15.75,True
2025-12-06T18:00:00,Sokovia,Vibranium (kg),2415.96,5.0,False
2025-12-06T18:00:00,Sokovia,Arc Reactor Cores,693.78,6.0,False
2025-12-06T18:00:00,Sokovia,Pym Particles,707.94,5.5,False
2025-12-06T18:00:00,Sokovia,Clean Water (L),2391.26,6.0,False
2025-12-06T18:00:00,Sokovia,Medical Kits,726.07,4.5,False
2025-12-06T18:00:00,Sanctum Sanctorum,Vibranium (kg),1261.06,26.25,True
2025-12-06T18:00:00,Sanctum Sanctorum,Arc Reactor Cores,0,52.5,True
2025-12-06T18:00:00,Sanctum Sanctorum,Pym Particles,0,38.5,True
2025-12-06T18:00:00,Sanctum Sanctorum,Clean Water (L),741.71,37.8,True
2025-12-06T18:00:00,Sanctum Sanctorum,Medical Kits,36.12,15.75,True
2025-12-06T18:00:00,Avengers Compound,Vibranium (kg),1263.19,26.25,True
2025-12-06T18:00:00,Avengers Compound,Arc Reactor Cores,0,52.5,True
2025-12-06T18:00:00,Avengers Compound,Pym Particles,0,38.5,True
2025-12-06T18:00:00,Avengers Compound,Clean Water (L),741.62,37.8,True
2025-12-06T18:00:00,Avengers Compound,Medical Kits,42.06,15.75,True
2025-12-06T19:00:00,New Asgard,Vibranium (kg),2413.66,4.61,False
2025-12-06T19:00:00,New Asgard,Arc Reactor Cores,693.9,5.53,False
2025-12-06T19:00:00,New Asgard,Pym Particles,700.5,5.07,False
2025-12-06T19:00:00,New Asgard,Clean Water (L),2392.81,5.53,False
2025-12-06T19:00:00,New Asgard,Medical Kits,726.85,4.15,False
2025-12-06T19:00:00,Wakanda,Vibranium (kg),1229.11,24.21,True
2025-12-06T19:00:00,Wakanda,Arc Reactor Cores,0,48.42,True
2025-12-06T19:00:00,Wakanda,Pym Particles,0,35.51,True
2025-12-06T19:00:00,Wakanda,Clean Water (L),698.33,34.86,True
2025-12-06T19:00:00,Wakanda,Medical Kits,25.79,14.53,True
2025-12-06T19:00:00,Sokovia,Vibranium (kg),2416.17,4.61,False
2025-12-06T19:00:00,Sokovia,Arc Reactor Cores,695.25,5.53,False
2025-12-06T19:00:00,Sokovia,Pym Particles,708.03,5.07,False
2025-12-06T19:00:00,Sokovia,Clean Water (L),2393.86,5.53,False
2025-12-06T19:00:00,Sokovia,Medical Kits,727.49,4.15,False
2025-12-06T19:00:00,Sanctum Sanctorum,Vibranium (kg),1235.98,24.21,True
2025-12-06T19:00:00,Sanctum Sanctorum,Arc Reactor Cores,0,48.42,True
2025-12-06T19:00:00,Sanctum Sanctorum,Pym Particles,0,35.51,True
2025-12-06T19:00:00,Sanctum Sanctorum,Clean Water (L),706.88,34.86,True
2025-12-06T19:00:00,Sanctum Sanctorum,Medical Kits,22.11,14.53,True
2025-12-06T19:00:00,Avengers Compound,Vibranium (kg),1239.95,24.21,True
2025-12-06T19:00:00,Avengers Compound,Arc Reactor Cores,0,48.42,True
2025-12-06T19:00:00,Avengers Compound,Pym Particles,0,35.51,True
2025-12-06T19:00:00,Avengers Compound,Clean Water (L),706.95,34.86,True
2025-12-06T19:00:00,Avengers Compound,Medical Kits,27.15,14.53,True
2025-12-06T20:00:00,New Asgard,Vibranium (kg),2415.14,4.25,False
2025-12-06T20:00:00,New Asgard,Arc Reactor Cores,694.21,5.1,False
2025-12-06T20:00:00,New Asgard,Pym Particles,701.53,4.68,False
2025-12-06T20:00:00,New Asgard,Clean Water (L),2394.52,5.1,False
2025-12-06T20:00:00,New Asgard,Medical Kits,727.88,3.83,False
2025-12-06T20:00:00,Wakanda,Vibranium (kg),1206.31,22.31,True
2025-12-06T20:00:00,Wakanda,Arc Reactor Cores,0,44.63,True
2025-12-06T20:00:00,Wakanda,Pym Particles,0,32.73,True
2025-12-06T20:00:00,Wakanda,Clean Water (L),665.73,32.13,True
2025-12-06T20:00:00,Wakanda,Medical Kits,12.57,13.39,True
2025-12-06T20:00:00,Sokovia,Vibranium (kg),2416.76,4.25,False
2025-12-06T20:00:00,Sokovia,Arc Reactor Cores,697.93,5.1,False
2025-12-06T20:00:00,Sokovia,Pym Particles,708.91,4.68,False
2025-12-06T20:00:00,Sokovia,Clean Water (L),2395.59,5.1,False
2025-12-06T20:00:00,Sokovia,Medical Kits,727.73,3.83,False
2025-12-06T20:00:00,Sanctum Sanctorum,Vibranium (kg),1213.13,22.31,True
2025-12-06T20:00:00,Sanctum Sanctorum,Arc Reactor Cores,0,44.63,True
2025-12-06T20:00:00,Sanctum Sanctorum,Pym Particles,0,32.73,True
2025-12-06T20:00:00,Sanctum Sanctorum,Clean Water (L),674.47,32.13,True
2025-12-06T20:00:00,Sanctum Sanctorum,Medical Kits,9.42,13.39,True
2025-12-06T20:00:00,Avengers Compound,Vibranium (kg),1217.63,22.31,True
2025-12-06T20:00:00,Avengers Compound,Arc Reactor Cores,0,44.63,True
2025-12-06T20:00:00,Avengers Compound,Pym Particles,0,32.73,True
2025-12-06T20:00:00,Avengers Compound,Clean Water (L),675.24,32.13,True
2025-12-06T20:00:00,Avengers Compound,Medical Kits,13.58,13.39,True
2025-12-06T21:00:00,New Asgard,Vibranium (kg),2417.33,3.94,False
2025-12-06T21:00:00,New Asgard,Arc Reactor Cores,695.16,4.73,False
2025-12-06T21:00:00,New Asgard,Pym Particles,702.95,4.33,False
2025-12-06T21:00:00,New Asgard,Clean Water (L),2397.13,4.73,False
2025-12-06T21:00:00,New Asgard,Medical Kits,729.34,3.55,False
2025-12-06T21:00:00,Wakanda,Vibranium (kg),1184.83,20.68,True
2025-12-06T21:00:00,Wakanda,Arc Reactor Cores,0,41.36,True
2025-12-06T21:00:00,Wakanda,Pym Particles,0,30.33,True
2025-12-06T21:00:00,Wakanda,Clean Water (L),635.21,29.78,True
2025-12-06T21:00:00,Wakanda,Medical Kits,0,12.41,True
2025-12-06T21:00:00,Sokovia,Vibranium (kg),2416.87,3.94,False
2025-12-06T21:00:00,Sokovia,Arc Reactor Cores,698.26,4.73,False
2025-12-06T21:00:00,Sokovia,Pym Particles,710.21,4.33,False
2025-12-06T21:00:00,Sokovia,Clean Water (L),2396.4,4.73,False
2025-12-06T21:00:00,Sokovia,Medical Kits,727.96,3.55,False
2025-12-06T21:00:00,Sanctum Sanctorum,Vibranium (kg),1191.71,20.68,True
2025-12-06T21:00:00,Sanctum Sanctorum,Arc Reactor Cores,0,41.36,True
2025-12-06T21:00:00,Sanctum Sanctorum,Pym Particles,0,30.33,True
2025-12-06T21:00:00,Sanctum Sanctorum,Clean Water (L),645.34,29.78,True
2025-12-06T21:00:00,Sanctum Sanctorum,Medical Kits,0,12.41,True
2025-12-06T21:00:00,Avengers Compound,Vibranium (kg),1196.05,20.68,True
2025-12-06T21:00:00,Avengers Compound,Arc Reactor Cores,0,41.36,True
2025-12-06T21:00:00,Avengers Compound,Pym Particles,0,30.33,True
2025-12-06T21:00:00,Avengers Compound,Clean Water (L),645.56,29.78,True
2025-12-06T21:00:00,Avengers Compound,Medical Kits,1.48,12.41,True
2025-12-06T22:00:00,New Asgard,Vibranium (kg),2417.99,3.7,False
2025-12-06T22:00:00,New Asgard,Arc Reactor Cores,697.7,4.44,False
2025-12-06T22:00:00,New Asgard,Pym Particles,703.82,4.07,False
2025-12-06T22:00:00,New Asgard,Clean Water (L),2398.45,4.44,False
2025-12-06T22:00:00,New Asgard,Medical Kits,729.13,3.33,False
2025-12-06T22:00:00,Wakanda,Vibranium (kg),1165.34,19.43,True
2025-12-06T22:00:00,Wakanda,Arc Reactor Cores,0,38.86,True
2025-12-06T22:00:00,Wakanda,Pym Particles,0,28.5,True
2025-12-06T22:00:00,Wakanda,Clean Water (L),607.98,27.98,True
2025-12-06T22:00:00,Wakanda,Medical Kits,0,11.66,True
2025-12-06T22:00:00,Sokovia,Vibranium (kg),2417.82,3.7,False
2025-12-06T22:00:00,Sokovia,Arc Reactor Cores,699.93,4.44,False
2025-12-06T22:00:00,Sokovia,Pym Particles,711.52,4.07,False
2025-12-06T22:00:00,Sokovia,Clean Water (L),2397.31,4.44,False
2025-12-06T22:00:00,Sokovia,Medical Kits,730.9,3.33,False
2025-12-06T22:00:00,Sanctum Sanctorum,Vibranium (kg),1171.51,19.43,True
2025-12-06T22:00:00,Sanctum Sanctorum,Arc Reactor Cores,0,38.86,True
2025-12-06T22:00:00,Sanctum Sanctorum,Pym Particles,0,28.5,True
2025-12-06T22:00:00,Sanctum Sanctorum,Clean Water (L),617.75,27.98,True
2025-12-06T22:00:00,Sanctum Sanctorum,Medical Kits,0,11.66,True
2025-12-06T22:00:00,Avengers Compound,Vibranium (kg),1177.37,19.43,True
2025-12-06T22:00:00,Avengers Compound,Arc Reactor Cores,0,38.86,True
2025-12-06T22:00:00,Avengers Compound,Pym Particles,0,28.5,True
2025-12-06T22:00:00,Avengers Compound,Clean Water (L),617.74,27.98,True
2025-12-06T22:00:00,Avengers Compound,Medical Kits,0,11.66,True
2025-12-06T23:00:00,New Asgard,Vibranium (kg),2419.57,3.55,False
2025-12-06T23:00:00,New Asgard,Arc Reactor Cores,700.08,4.26,False
2025-12-06T23:00:00,New Asgard,Pym Particles,705.93,3.91,False
2025-12-06T23:00:00,New Asgard,Clean Water (L),2398.94,4.26,False
2025-12-06T23:00:00,New Asgard,Medical Kits,729.46,3.2,False
2025-12-06T23:00:00,Wakanda,Vibranium (kg),1147.54,18.64,True
2025-12-06T23:00:00,Wakanda,Arc Reactor Cores,0,37.29,True
2025-12-06T23:00:00,Wakanda,Pym Particles,0,27.34,True
2025-12-06T23:00:00,Wakanda,Clean Water (L),581.15,26.85,True
2025-12-06T23:00:00,Wakanda,Medical Kits,0,11.19,True
2025-12-06T23:00:00,Sokovia,Vibranium (kg),2419.03,3.55,False
2025-12-06T23:00:00,Sokovia,Arc Reactor Cores,702.28,4.26,False
2025-12-06T23:00:00,Sokovia,Pym Particles,714.03,3.91,False
2025-12-06T23:00:00,Sokovia,Clean Water (L),2399.83,4.26,False
2025-12-06T23:00:00,Sokovia,Medical Kits,732.92,3.2,False
2025-12-06T23:00:00,Sanctum Sanctorum,Vibranium (kg),1153.53,18.64,True
2025-12-06T23:00:00,Sanctum Sanctorum,Arc Reactor Cores,0,37.29,True
2025-12-06T23:00:00,Sanctum Sanctorum,Pym Particles,0,27.34,True
2025-12-06T23:00:00,Sanctum Sanctorum,Clean Water (L),591.23,26.85,True
2025-12-06T23:00:00,Sanctum Sanctorum,Medical Kits,0,11.19,True
2025-12-06T23:00:00,Avengers Compound,Vibranium (kg),1158.89,18.64,True
2025-12-06T23:00:00,Avengers Compound,Arc Reactor Cores,0,37.29,True
2025-12-06T23:00:00,Avengers Compound,Pym Particles,0,27.34,True
2025-12-06T23:00:00,Avengers Compound,Clean Water (L),591.04,26.85,True
2025-12-06T23:00:00,Avengers Compound,Medical Kits,0,11.19,True
2025-12-07T00:00:00,New Asgard,Vibranium (kg),2420.14,3.5,False
2025-12-07T00:00:00,New Asgard,Arc Reactor Cores,703.38,4.2,False
2025-12-07T00:00:00,New Asgard,Pym Particles,706.98,3.85,False
2025-12-07T00:00:00,New Asgard,Clean Water (L),2399.61,4.2,False
2025-12-07T00:00:00,New Asgard,Medical Kits,730.53,3.15,False
2025-12-07T00:00:00,Wakanda,Vibranium (kg),1129.91,18.38,True
2025-12-07T00:00:00,Wakanda,Arc Reactor Cores,0,36.75,True
2025-12-07T00:00:00,Wakanda,Pym Particles,0,26.95,True
2025-12-07T00:00:00,Wakanda,Clean Water (L),555.02,26.46,True
2025-12-07T00:00:00,Wakanda,Medical Kits,0,11.02,True
2025-12-07T00:00:00,Sokovia,Vibranium (kg),2419.59,3.5,False
2025-12-07T00:00:00,Sokovia,Arc Reactor Cores,703.39,4.2,False
2025-12-07T00:00:00,Sokovia,Pym Particles,714.32,3.85,False
2025-12-07T00:00:00,Sokovia,Clean Water (L),2401.1,4.2,False
2025-12-07T00:00:00,Sokovia,Medical Kits,734.9,3.15,False
2025-12-07T00:00:00,Sanctum Sanctorum,Vibranium (kg),1136.12,18.38,True
2025-12-07T00:00:00,Sanctum Sanctorum,Arc Reactor Cores,0,36.75,True
2025-12-07T00:00:00,Sanctum Sanctorum,Pym Particles,0,26.95,True
2025-12-07T00:00:00,Sanctum Sanctorum,Clean Water (L),564.21,26.46,True
2025-12-07T00:00:00,Sanctum Sanctorum,Medical Kits,0,11.02,True
2025-12-07T00:00:00,Avengers Compound,Vibranium (kg),1140.8,18.38,True
2025-12-07T00:00:00,Avengers Compound,Arc Reactor Cores,0,36.75,True
2025-12-07T00:00:00,Avengers Compound,Pym Particles,0,26.95,True
2025-12-07T00:00:00,Avengers Compound,Clean Water (L),565.52,26.46,True
2025-12-07T00:00:00,Avengers Compound,Medical Kits,0,11.02,True
2025-12-07T01:00:00,New Asgard,Vibranium (kg),2421.75,3.55,False
2025-12-07T01:00:00,New Asgard,Arc Reactor Cores,704.48,4.26,False
2025-12-07T01:00:00,New Asgard,Pym Particles,707.42,3.91,False
2025-12-07T01:00:00,New Asgard,Clean Water (L),2401.56,4.26,False
2025-12-07T01:00:00,New Asgard,Medical Kits,733.4,3.2,False
2025-12-07T01:00:00,Wakanda,Vibranium (kg),1111.12,18.64,True
2025-12-07T01:00:00,Wakanda,Arc Reactor Cores,0,37.29,True
2025-12-07T01:00:00,Wakanda,Pym Particles,0,27.34,True
2025-12-07T01:00:00,Wakanda,Clean Water (L),528.59,26.85,True
2025-12-07T01:00:00,Wakanda,Medical Kits,0,11.19,True
2025-12-07T01:00:00,Sokovia,Vibranium (kg),2422.24,3.55,False
2025-12-07T01:00:00,Sokovia,Arc Reactor Cores,704.17,4.26,False
2025-12-07T01:00:00,Sokovia,Pym Particles,716.2,3.91,False
2025-12-07T01:00:00,Sokovia,Clean Water (L),2402.63,4.26,False
2025-12-07T01:00:00,Sokovia,Medical Kits,736.05,3.2,False
2025-12-07T01:00:00,Sanctum Sanctorum,Vibranium (kg),1117.76,18.64,True
2025-12-07T01:00:00,Sanctum Sanctorum,Arc Reactor Cores,0,37.29,True
2025-12-07T01:00:00,Sanctum Sanctorum,Pym Particles,0,27.34,True
2025-12-07T01:00:00,Sanctum Sanctorum,Clean Water (L),536.49,26.85,True
2025-12-07T01:00:00,Sanctum Sanctorum,Medical Kits,0,11.19,True
2025-12-07T01:00:00,Avengers Compound,Vibranium (kg),1122.01,18.64,True
2025-12-07T01:00:00,Avengers Compound,Arc Reactor Cores,0,37.29,True
2025-12-07T01:00:00,Avengers Compound,Pym Particles,0,27.34,True
2025-12-07T01:00:00,Avengers Compound,Clean Water (L),538.88,26.85,True
2025-12-07T01:00:00,Avengers Compound,Medical Kits,0,11.19,True
2025-12-07T02:00:00,New Asgard,Vibranium (kg),2421.37,3.7,False
2025-12-07T02:00:00,New Asgard,Arc Reactor Cores,703.94,4.44,False
2025-12-07T02:00:00,New Asgard,Pym Particles,707.26,4.07,False
2025-12-07T02:00:00,New Asgard,Clean Water (L),2403.45,4.44,False
2025-12-07T02:00:00,New Asgard,Medical Kits,735.47,3.33,False
2025-12-07T02:00:00,Wakanda,Vibranium (kg),1092.24,19.43,True
2025-12-07T02:00:00,Wakanda,Arc Reactor Cores,0,38.86,True
2025-12-07T02:00:00,Wakanda,Pym Particles,0,28.5,True
2025-12-07T02:00:00,Wakanda,Clean Water (L),501.14,27.98,True
2025-12-07T02:00:00,Wakanda,Medical Kits,0,11.66,True
2025-12-07T02:00:00,Sokovia,Vibranium (kg),2423.52,3.7,False
2025-12-07T02:00:00,Sokovia,Arc Reactor Cores,706.21,4.44,False
2025-12-07T02:00:00,Sokovia,Pym Particles,717.14,4.07,False
2025-12-07T02:00:00,Sokovia,Clean Water (L),2403.29,4.44,False
2025-12-07T02:00:00,Sokovia,Medical Kits,735.11,3.33,False
2025-12-07T02:00:00,Sanctum Sanctorum,Vibranium (kg),1097.68,19.43,True
2025-12-07T02:00:00,Sanctum Sanctorum,Arc Reactor Cores,0,38.86,True
2025-12-07T02:00:00,Sanctum Sanctorum,Pym Particles,0,28.5,True
2025-12-07T02:00:00,Sanctum Sanctorum,Clean Water (L),507.9,27.98,True
2025-12-07T02:00:00,Sanctum Sanctorum,Medical Kits,0,11.66,True
2025-12-07T02:00:00,Avengers Compound,Vibranium (kg),1103.58,19.43,True
2025-12-07T02:00:00,Avengers Compound,Arc Reactor Cores,0,38.86,True
2025-12-07T02:00:00,Avengers Compound,Pym Particles,0,28.5,True
2025-12-07T02:00:00,Avengers Compound,Clean Water (L),510.02,27.98,True
2025-12-07T02:00:00,Avengers Compound,Medical Kits,0,11.66,True
2025-12-07T03:00:00,New Asgard,Vibranium (kg),2424.04,3.94,False
2025-12-07T03:00:00,New Asgard,Arc Reactor Cores,704.31,4.73,False
2025-12-07T03:00:00,New Asgard,Pym Particles,709.23,4.33,False
2025-12-07T03:00:00,New Asgard,Clean Water (L),2404.72,4.73,False
2025-12-07T03:00:00,New Asgard,Medical Kits,734.69,3.55,False
2025-12-07T03:00:00,Wakanda,Vibranium (kg),1071.9,20.68,True
2025-12-07T03:00:00,Wakanda,Arc Reactor Cores,0,41.36,True
2025-12-07T03:00:00,Wakanda,Pym Particles,0,30.33,True
2025-12-07T03:00:00,Wakanda,Clean Water (L),470.99,29.78,True
2025-12-07T03:00:00,Wakanda,Medical Kits,0,12.41,True
2025-12-07T03:00:00,Sokovia,Vibranium (kg),2424.36,3.94,False
2025-12-07T03:00:00,Sokovia,Arc Reactor Cores,705.53,4.73,False
2025-12-07T03:00:00,Sokovia,Pym Particles,717.6,4.33,False
2025-12-07T03:00:00,Sokovia,Clean Water (L),2404.43,4.73,False
2025-12-07T03:00:00,Sokovia,Medical Kits,734.84,3.55,False
2025-12-07T03:00:00,Sanctum Sanctorum,Vibranium (kg),1077.62,20.68,True
2025-12-07T03:00:00,Sanctum Sanctorum,Arc Reactor Cores,0,41.36,True
2025-12-07T03:00:00,Sanctum Sanctorum,Pym Particles,0,30.33,True
2025-12-07T03:00:00,Sanctum Sanctorum,Clean Water (L),478.53,29.78,True
2025-12-07T03:00:00,Sanctum Sanctorum,Medical Kits,0,12.41,True
2025-12-07T03:00:00,Avengers Compound,Vibranium (kg),1083.12,20.68,True
2025-12-07T03:00:00,Avengers Compound,Arc Reactor Cores,0,41.36,True
2025-12-07T03:00:00,Avengers Compound,Pym Particles,0,30.33,True
2025-12-07T03:00:00,Avengers Compound,Clean Water (L),479.54,29.78,True
2025-12-07T03:00:00,Avengers Compound,Medical Kits,0,12.41,True
2025-12-07T04:00:00,New Asgard,Vibranium (kg),2425.63,4.25,False
2025-12-07T04:00:00,New Asgard,Arc Reactor Cores,704.3,5.1,False
2025-12-07T04:00:00,New Asgard,Pym Particles,710.63,4.68,False
2025-12-07T04:00:00,New Asgard,Clean Water (L),2406.89,5.1,False
2025-12-07T04:00:00,New Asgard,Medical Kits,735.4,3.83,False
2025-12-07T04:00:00,Wakanda,Vibranium (kg),1048.85,22.31,True
2025-12-07T04:00:00,Wakanda,Arc Reactor Cores,0,44.63,True
2025-12-07T04:00:00,Wakanda,Pym Particles,0,32.73,True
2025-12-07T04:00:00,Wakanda,Clean Water (L),439.53,32.13,True
2025-12-07T04:00:00,Wakanda,Medical Kits,0,13.39,True
2025-12-07T04:00:00,Sokovia,Vibranium (kg),2423.17,4.25,False
2025-12-07T04:00:00,Sokovia,Arc Reactor Cores,705.72,5.1,False
2025-12-07T04:00:00,Sokovia,Pym Particles,718.89,4.68,False
2025-12-07T04:00:00,Sokovia,Clean Water (L),2405.74,5.1,False
2025-12-07T04:00:00,Sokovia,Medical Kits,736.21,3.83,False
2025-12-07T04:00:00,Sanctum Sanctorum,Vibranium (kg),1054.89,22.31,True
2025-12-07T04:00:00,Sanctum Sanctorum,Arc Reactor Cores,0,44.63,True
2025-12-07T04:00:00,Sanctum Sanctorum,Pym Particles,0,32.73,True
2025-12-07T04:00:00,Sanctum Sanctorum,Clean Water (L),446.55,32.13,True
2025-12-07T04:00:00,Sanctum Sanctorum,Medical Kits,0,13.39,True
2025-12-07T04:00:00,Avengers Compound,Vibranium (kg),1061.01,22.31,True
2025-12-07T04:00:00,Avengers Compound,Arc Reactor Cores,0,44.63,True
2025-12-07T04:00:00,Avengers Compound,Pym Particles,0,32.73,True
2025-12-07T04:00:00,Avengers Compound,Clean Water (L),447.65,32.13,True
2025-12-07T04:00:00,Avengers Compound,Medical Kits,0,13.39,True
2025-12-07T05:00:00,New Asgard,Vibranium (kg),2425.29,4.61,False
2025-12-07T05:00:00,New Asgard,Arc Reactor Cores,704.37,5.53,False
2025-12-07T05:00:00,New Asgard,Pym Particles,712.38,5.07,False
2025-12-07T05:00:00,New Asgard,Clean Water (L),2406.18,5.53,False
2025-12-07T05:00:00,New Asgard,Medical Kits,735.1,4.15,False
2025-12-07T05:00:00,Wakanda,Vibranium (kg),1025.26,24.21,True
2025-12-07T05:00:00,Wakanda,Arc Reactor Cores,0,48.42,True
2025-12-07T05:00:00,Wakanda,Pym Particles,0,35.51,True
2025-12-07T05:00:00,Wakanda,Clean Water (L),404.96,34.86,True
2025-12-07T05:00:00,Wakanda,Medical Kits,0,14.53,True
2025-12-07T05:00:00,Sokovia,Vibranium (kg),2424.48,4.61,False
2025-12-07T05:00:00,Sokovia,Arc Reactor Cores,705.74,5.53,False
2025-12-07T05:00:00,Sokovia,Pym Particles,718.84,5.07,False
2025-12-07T05:00:00,Sokovia,Clean Water (L),2406.59,5.53,False
2025-12-07T05:00:00,Sokovia,Medical Kits,734.68,4.15,False
2025-12-07T05:00:00,Sanctum Sanctorum,Vibranium (kg),1030.33,24.21,True
2025-12-07T05:00:00,Sanctum Sanctorum,Arc Reactor Cores,0,48.42,True
2025-12-07T05:00:00,Sanctum Sanctorum,Pym Particles,0,35.51,True
2025-12-07T05:00:00,Sanctum Sanctorum,Clean Water (L),412.63,34.86,True
2025-12-07T05:00:00,Sanctum Sanctorum,Medical Kits,0,14.53,True
2025-12-07T05:00:00,Avengers Compound,Vibranium (kg),1036.43,24.21,True
2025-12-07T05:00:00,Avengers Compound,Arc Reactor Cores,0,48.42,True
2025-12-07T05:00:00,Avengers Compound,Pym Particles,0,35.51,True
2025-12-07T05:00:00,Avengers Compound,Clean Water (L),412.92,34.86,True
2025-12-07T05:00:00,Avengers Compound,Medical Kits,0,14.53,True
2025-12-07T06:00:00,New Asgard,Vibranium (kg),2425.89,5.0,False
2025-12-07T06:00:00,New Asgard,Arc Reactor Cores,704.35,6.0,False
2025-12-07T06:00:00,New Asgard,Pym Particles,713.04,5.5,False
2025-12-07T06:00:00,New Asgard,Clean Water (L),2407.25,6.0,False
2025-12-07T06:00:00,New Asgard,Medical Kits,734.74,4.5,False
2025-12-07T06:00:00,Wakanda,Vibranium (kg),999.26,26.25,True
2025-12-07T06:00:00,Wakanda,Arc Reactor Cores,0,52.5,True
2025-12-07T06:00:00,Wakanda,Pym Particles,0,38.5,True
2025-12-07T06:00:00,Wakanda,Clean Water (L),366.8,37.8,True
2025-12-07T06:00:00,Wakanda,Medical Kits,0,15.75,True
2025-12-07T06:00:00,Sokovia,Vibranium (kg),2423.09,5.0,False
2025-12-07T06:00:00,Sokovia,Arc Reactor Cores,706.4,6.0,False
2025-12-07T06:00:00,Sokovia,Pym Particles,717.98,5.5,False
2025-12-07T06:00:00,Sokovia,Clean Water (L),2406.97,6.0,False
2025-12-07T06:00:00,Sokovia,Medical Kits,734.51,4.5,False
2025-12-07T06:00:00,Sanctum Sanctorum,Vibranium (kg),1004.42,26.25,True
2025-12-07T06:00:00,Sanctum Sanctorum,Arc Reactor Cores,0,52.5,True
2025-12-07T06:00:00,Sanctum Sanctorum,Pym Particles,0,38.5,True
2025-12-07T06:00:00,Sanctum Sanctorum,Clean Water (L),374.9,37.8,True
2025-12-07T06:00:00,Sanctum Sanctorum,Medical Kits,0,15.75,True
2025-12-07T06:00:00,Avengers Compound,Vibranium (kg),1010.99,26.25,True
2025-12-07T06:00:00,Avengers Compound,Arc Reactor Cores,0,52.5,True
2025-12-07T06:00:00,Avengers Compound,Pym Particles,0,38.5,True
2025-12-07T06:00:00,Avengers Compound,Clean Water (L),375.58,37.8,True
2025-12-07T06:00:00,Avengers Compound,Medical Kits,0,15.75,True
2025-12-07T07:00:00,New Asgard,Vibranium (kg),2426.32,5.39,False
2025-12-07T07:00:00,New Asgard,Arc Reactor Cores,704.12,6.47,False
2025-12-07T07:00:00,New Asgard,Pym Particles,711.35,5.93,False
2025-12-07T07:00:00,New Asgard,Clean Water (L),2406.77,6.47,False
2025-12-07T07:00:00,New Asgard,Medical Kits,734.62,4.85,False
2025-12-07T07:00:00,Wakanda,Vibranium (kg),970.64,28.29,True
2025-12-07T07:00:00,Wakanda,Arc Reactor Cores,0,56.58,True
2025-12-07T07:00:00,Wakanda,Pym Particles,0,41.49,True
2025-12-07T07:00:00,Wakanda,Clean Water (L),326.23,40.74,True
2025-12-07T07:00:00,Wakanda,Medical Kits,0,16.97,True
2025-12-07T07:00:00,Sokovia,Vibranium (kg),2421.95,5.39,False
2025-12-07T07:00:00,Sokovia,Arc Reactor Cores,705.54,6.47,False
2025-12-07T07:00:00,Sokovia,Pym Particles,717.08,5.93,False
2025-12-07T07:00:00,Sokovia,Clean Water (L),2406.31,6.47,False
2025-12-07T07:00:00,Sokovia,Medical Kits,734.01,4.85,False
2025-12-07T07:00:00,Sanctum Sanctorum,Vibranium (kg),976.04,28.29,True
2025-12-07T07:00:00,Sanctum Sanctorum,Arc Reactor Cores,0,56.58,True
2025-12-07T07:00:00,Sanctum Sanctorum,Pym Particles,0,41.49,True
2025-12-07T07:00:00,Sanctum Sanctorum,Clean Water (L),334.04,40.74,True
2025-12-07T07:00:00,Sanctum Sanctorum,Medical Kits,0,16.97,True
2025-12-07T07:00:00,Avengers Compound,Vibranium (kg),981.74,28.29,True
2025-12-07T07:00:00,Avengers Compound,Arc Reactor Cores,0,56.58,True
2025-12-07T07:00:00,Avengers Compound,Pym Particles,0,41.49,True
2025-12-07T07:00:00,Avengers Compound,Clean Water (L),334.33,40.74,True
2025-12-07T07:00:00,Avengers Compound,Medical Kits,0,16.97,True
2025-12-07T08:00:00,New Asgard,Vibranium (kg),2424.19,5.75,False
2025-12-07T08:00:00,New Asgard,Arc Reactor Cores,702.84,6.9,False
2025-12-07T08:00:00,New Asgard,Pym Particles,709.09,6.32,False
2025-12-07T08:00:00,New Asgard,Clean Water (L),2404.89,6.9,False
2025-12-07T08:00:00,New Asgard,Medical Kits,733.72,5.17,False
2025-12-07T08:00:00,Wakanda,Vibranium (kg),941.05,30.19,True
2025-12-07T08:00:00,Wakanda,Arc Reactor Cores,0,60.37,True
2025-12-07T08:00:00,Wakanda,Pym Particles,0,44.27,True
2025-12-07T08:00:00,Wakanda,Clean Water (L),282.15,43.47,True
2025-12-07T08:00:00,Wakanda,Medical Kits,0,18.11,True
2025-12-07T08:00:00,Sokovia,Vibranium (kg),2421.53,5.75,False
2025-12-07T08:00:00,Sokovia,Arc Reactor Cores,705.84,6.9,False
2025-12-07T08:00:00,Sokovia,Pym Particles,714.9,6.32,False
2025-12-07T08:00:00,Sokovia,Clean Water (L),2406.79,6.9,False
2025-12-07T08:00:00,Sokovia,Medical Kits,733.73,5.17,False
2025-12-07T08:00:00,Sanctum Sanctorum,Vibranium (kg),944.94,30.19,True
2025-12-07T08:00:00,Sanctum Sanctorum,Arc Reactor Cores,0,60.37,True
2025-12-07T08:00:00,Sanctum Sanctorum,Pym Particles,0,44.27,True
2025-12-07T08:00:00,Sanctum Sanctorum,Clean Water (L),291.37,43.47,True
2025-12-07T08:00:00,Sanctum Sanctorum,Medical Kits,0,18.11,True
2025-12-07T08:00:00,Avengers Compound,Vibranium (kg),951.86,30.19,True
2025-12-07T08:00:00,Avengers Compound,Arc Reactor Cores,0,60.37,True
2025-12-07T08:00:00,Avengers Compound,Pym Particles,0,44.27,True
2025-12-07T08:00:00,Avengers Compound,Clean Water (L),291.04,43.47,True
2025-12-07T08:00:00,Avengers Compound,Medical Kits,0,18.11,True
2025-12-07T09:00:00,New Asgard,Vibranium (kg),2423.07,6.06,False
2025-12-07T09:00:00,New Asgard,Arc Reactor Cores,701.1,7.27,False
2025-12-07T09:00:00,New Asgard,Pym Particles,708.49,6.67,False
2025-12-07T09:00:00,New Asgard,Clean Water (L),2404.88,7.27,False
2025-12-07T09:00:00,New Asgard,Medical Kits,732.59,5.45,False
2025-12-07T09:00:00,Wakanda,Vibranium (kg),909.31,31.82,True
2025-12-07T09:00:00,Wakanda,Arc Reactor Cores,0,63.64,True
2025-12-07T09:00:00,Wakanda,Pym Particles,0,46.67,True
2025-12-07T09:00:00,Wakanda,Clean Water (L),236.6,45.82,True
2025-12-07T09:00:00,Wakanda,Medical Kits,0,19.09,True
2025-12-07T09:00:00,Sokovia,Vibranium (kg),2421.01,6.06,False
2025-12-07T09:00:00,Sokovia,Arc Reactor Cores,704.97,7.27,False
2025-12-07T09:00:00,Sokovia,Pym Particles,715.0,6.67,False
2025-12-07T09:00:00,Sokovia,Clean Water (L),2405.02,7.27,False
2025-12-07T09:00:00,Sokovia,Medical Kits,733.71,5.45,False
2025-12-07T09:00:00,Sanctum Sanctorum,Vibranium (kg),913.09,31.82,True
2025-12-07T09:00:00,Sanctum Sanctorum,Arc Reactor Cores,0,63.64,True
2025-12-07T09:00:00,Sanctum Sanctorum,Pym Particles,0,46.67,True
2025-12-07T09:00:00,Sanctum Sanctorum,Clean Water (L),245.67,45.82,True
2025-12-07T09:00:00,Sanctum Sanctorum,Medical Kits,0,19.09,True
2025-12-07T09:00:00,Avengers Compound,Vibranium (kg),920.52,31.82,True
2025-12-07T09:00:00,Avengers Compound,Arc Reactor Cores,0,63.64,True
2025-12-07T09:00:00,Avengers Compound,Pym Particles,0,46.67,True
2025-12-07T09:00:00,Avengers Compound,Clean Water (L),246.13,45.82,True
2025-12-07T09:00:00,Avengers Compound,Medical Kits,0,19.09,True
2025-12-07T10:00:00,New Asgard,Vibranium (kg),2422.26,6.3,False
2025-12-07T10:00:00,New Asgard,Arc Reactor Cores,698.73,7.56,False
2025-12-07T10:00:00,New Asgard,Pym Particles,706.23,6.93,False
2025-12-07T10:00:00,New Asgard,Clean Water (L),2403.69,7.56,False
2025-12-07T10:00:00,New Asgard,Medical Kits,730.04,5.67,False
2025-12-07T10:00:00,Wakanda,Vibranium (kg),876.56,33.07,True
2025-12-07T10:00:00,Wakanda,Arc Reactor Cores,0,66.14,True
2025-12-07T10:00:00,Wakanda,Pym Particles,0,48.5,True
2025-12-07T10:00:00,Wakanda,Clean Water (L),189.31,47.62,True
2025-12-07T10:00:00,Wakanda,Medical Kits,0,19.84,True
2025-12-07T10:00:00,Sokovia,Vibranium (kg),2418.43,6.3,False
2025-12-07T10:00:00,Sokovia,Arc Reactor Cores,703.78,7.56,False
2025-12-07T10:00:00,Sokovia,Pym Particles,713.55,6.93,False
2025-12-07T10:00:00,Sokovia,Clean Water (L),2403.15,7.56,False
2025-12-07T10:00:00,Sokovia,Medical Kits,734.07,5.67,False
2025-12-07T10:00:00,Sanctum Sanctorum,Vibranium (kg),879.46,33.07,True
2025-12-07T10:00:00,Sanctum Sanctorum,Arc Reactor Cores,0,66.14,True
2025-12-07T10:00:00,Sanctum Sanctorum,Pym Particles,0,48.5,True
2025-12-07T10:00:00,Sanctum Sanctorum,Clean Water (L),197.5,47.62,True
2025-12-07T10:00:00,Sanctum Sanctorum,Medical Kits,0,19.84,True
2025-12-07T10:00:00,Avengers Compound,Vibranium (kg),888.08,33.07,True
2025-12-07T10:00:00,Avengers Compound,Arc Reactor Cores,0,66.14,True
2025-12-07T10:00:00,Avengers Compound,Pym Particles,0,48.5,True
2025-12-07T10:00:00,Avengers Compound,Clean Water (L),199.36,47.62,True
2025-12-07T10:00:00,Avengers Compound,Medical Kits,0,19.84,True
2025-12-07T11:00:00,New Asgard,Vibranium (kg),2420.9,6.45,False
2025-12-07T11:00:00,New Asgard,Arc Reactor Cores,697.55,7.74,False
2025-12-07T11:00:00,New Asgard,Pym Particles,704.89,7.09,False
2025-12-07T11:00:00,New Asgard,Clean Water (L),2402.9,7.74,False
2025-12-07T11:00:00,New Asgard,Medical Kits,728.33,5.8,False
2025-12-07T11:00:00,Wakanda,Vibranium (kg),843.69,33.86,True
2025-12-07T11:00:00,Wakanda,Arc Reactor Cores,0,67.71,True
2025-12-07T11:00:00,Wakanda,Pym Particles,0,49.66,True
2025-12-07T11:00:00,Wakanda,Clean Water (L),140.77,48.75,True
2025-12-07T11:00:00,Wakanda,Medical Kits,0,20.31,True
2025-12-07T11:00:00,Sokovia,Vibranium (kg),2417.6,6.45,False
2025-12-07T11:00:00,Sokovia,Arc Reactor Cores,702.35,7.74,False
2025-12-07T11:00:00,Sokovia,Pym Particles,711.17,7.09,False
2025-12-07T11:00:00,Sokovia,Clean Water (L),2401.27,7.74,False
2025-12-07T11:00:00,Sokovia,Medical Kits,732.79,5.8,False
2025-12-07T11:00:00,Sanctum Sanctorum,Vibranium (kg),844.76,33.86,True
2025-12-07T11:00:00,Sanctum Sanctorum,Arc Reactor Cores,0,67.71,True
2025-12-07T11:00:00,Sanctum Sanctorum,Pym Particles,0,49.66,True
2025-12-07T11:00:00,Sanctum Sanctorum,Clean Water (L),148.24,48.75,True
2025-12-07T11:00:00,Sanctum Sanctorum,Medical Kits,0,20.31,True
2025-12-07T11:00:00,Avengers Compound,Vibranium (kg),854.84,33.86,True
2025-12-07T11:00:00,Avengers Compound,Arc Reactor Cores,0,67.71,True
2025-12-07T11:00:00,Avengers Compound,Pym Particles,0,49.66,True
2025-12-07T11:00:00,Avengers Compound,Clean Water (L),151.23,48.75,True
2025-12-07T11:00:00,Avengers Compound,Medical Kits,0,20.31,True
2025-12-07T12:00:00,New Asgard,Vibranium (kg),2420.09,6.5,False
2025-12-07T12:00:00,New Asgard,Arc Reactor Cores,696.25,7.8,False
2025-12-07T12:00:00,New Asgard,Pym Particles,703.34,7.15,False
2025-12-07T12:00:00,New Asgard,Clean Water (L),2402.07,7.8,False
2025-12-07T12:00:00,New Asgard,Medical Kits,727.91,5.85,False
2025-12-07T12:00:00,Wakanda,Vibranium (kg),808.87,34.12,True
2025-12-07T12:00:00,Wakanda,Arc Reactor Cores,0,68.25,True
2025-12-07T12:00:00,Wakanda,Pym Particles,0,50.05,True
2025-12-07T12:00:00,Wakanda,Clean Water (L),91.44,49.14,True
2025-12-07T12:00:00,Wakanda,Medical Kits,0,20.48,True
2025-12-07T12:00:00,Sokovia,Vibranium (kg),2416.7,6.5,False
2025-12-07T12:00:00,Sokovia,Arc Reactor Cores,698.76,7.8,False
2025-12-07T12:00:00,Sokovia,Pym Particles,710.53,7.15,False
2025-12-07T12:00:00,Sokovia,Clean Water (L),2400.42,7.8,False
2025-12-07T12:00:00,Sokovia,Medical Kits,730.98,5.85,False
2025-12-07T12:00:00,Sanctum Sanctorum,Vibranium (kg),811.57,34.12,True
2025-12-07T12:00:00,Sanctum Sanctorum,Arc Reactor Cores,0,68.25,True
2025-12-07T12:00:00,Sanctum Sanctorum,Pym Particles,0,50.05,True
2025-12-07T12:00:00,Sanctum Sanctorum,Clean Water (L),99.94,49.14,True
2025-12-07T12:00:00,Sanctum Sanctorum,Medical Kits,0,20.48,True
2025-12-07T12:00:00,Avengers Compound,Vibranium (kg),820.12,34.12,True
2025-12-07T12:00:00,Avengers Compound,Arc Reactor Cores,0,68.25,True
2025-12-07T12:00:00,Avengers Compound,Pym Particles,0,50.05,True
2025-12-07T12:00:00,Avengers Compound,Clean Water (L),101.49,49.14,True
2025-12-07T12:00:00,Avengers Compound,Medical Kits,0,20.48,True
2025-12-07T13:00:00,New Asgard,Vibranium (kg),2419.47,6.45,False
2025-12-07T13:00:00,New Asgard,Arc Reactor Cores,693.69,7.74,False
2025-12-07T13:00:00,New Asgard,Pym Particles,702.99,7.09,False
2025-12-07T13:00:00,New Asgard,Clean Water (L),2401.4,7.74,False
2025-12-07T13:00:00,New Asgard,Medical Kits,725.33,5.8,False
2025-12-07T13:00:00,Wakanda,Vibranium (kg),775.61,33.86,True
2025-12-07T13:00:00,Wakanda,Arc Reactor Cores,0,67.71,True
2025-12-07T13:00:00,Wakanda,Pym Particles,0,49.66,True
2025-12-07T13:00:00,Wakanda,Clean Water (L),43.6,48.75,True
2025-12-07T13:00:00,Wakanda,Medical Kits,0,20.31,True
2025-12-07T13:00:00,Sokovia,Vibranium (kg),2416.1,6.45,False
2025-12-07T13:00:00,Sokovia,Arc Reactor Cores,697.13,7.74,False
2025-12-07T13:00:00,Sokovia,Pym Particles,708.77,7.09,False
2025-12-07T13:00:00,Sokovia,Clean Water (L),2400.08,7.74,False
2025-12-07T13:00:00,Sokovia,Medical Kits,730.66,5.8,False
2025-12-07T13:00:00,Sanctum Sanctorum,Vibranium (kg),776.77,33.86,True
2025-12-07T13:00:00,Sanctum Sanctorum,Arc Reactor Cores,0,67.71,True
2025-12-07T13:00:00,Sanctum Sanctorum,Pym Particles,0,49.66,True
2025-12-07T13:00:00,Sanctum Sanctorum,Clean Water (L),51.98,48.75,True
2025-12-07T13:00:00,Sanctum Sanctorum,Medical Kits,0,20.31,True
2025-12-07T13:00:00,Avengers Compound,Vibranium (kg),786.83,33.86,True
2025-12-07T13:00:00,Avengers Compound,Arc Reactor Cores,0,67.71,True
2025-12-07T13:00:00,Avengers Compound,Pym Particles,0,49.66,True
2025-12-07T13:00:00,Avengers Compound,Clean Water (L),53.25,48.75,True
2025-12-07T13:00:00,Avengers Compound,Medical Kits,0,20.31,True
2025-12-07T14:00:00,New Asgard,Vibranium (kg),2418.89,6.3,False
2025-12-07T14:00:00,New Asgard,Arc Reactor Cores,691.5,7.56,False
2025-12-07T14:00:00,New Asgard,Pym Particles,702.31,6.93,False
2025-12-07T14:00:00,New Asgard,Clean Water (L),2399.72,7.56,False
2025-12-07T14:00:00,New Asgard,Medical Kits,723.15,5.67,False
2025-12-07T14:00:00,Wakanda,Vibranium (kg),742.23,33.07,True
2025-12-07T14:00:00,Wakanda,Arc Reactor Cores,0,66.14,True
2025-12-07T14:00:00,Wakanda,Pym Particles,0,48.5,True
2025-12-07T14:00:00,Wakanda,Clean Water (L),0,47.62,True
2025-12-07T14:00:00,Wakanda,Medical Kits,0,19.84,True
2025-12-07T14:00:00,Sokovia,Vibranium (kg),2414.46,6.3,False
2025-12-07T14:00:00,Sokovia,Arc Reactor Cores,694.51,7.56,False
2025-12-07T14:00:00,Sokovia,Pym Particles,709.03,6.93,False
2025-12-07T14:00:00,Sokovia,Clean Water (L),2399.24,7.56,False
2025-12-07T14:00:00,Sokovia,Medical Kits,729.21,5.67,False
2025-12-07T14:00:00,Sanctum Sanctorum,Vibranium (kg),744.07,33.07,True
2025-12-07T14:00:00,Sanctum Sanctorum,Arc Reactor Cores,0,66.14,True
2025-12-07T14:00:00,Sanctum Sanctorum,Pym Particles,0,48.5,True
2025-12-07T14:00:00,Sanctum Sanctorum,Clean Water (L),5.18,47.62,True
2025-12-07T14:00:00,Sanctum Sanctorum,Medical Kits,0,19.84,True
2025-12-07T14:00:00,Avengers Compound,Vibranium (kg),754.11,33.07,True
2025-12-07T14:00:00,Avengers Compound,Arc Reactor Cores,0,66.14,True
2025-12-07T14:00:00,Avengers Compound,Pym Particles,0,48.5,True
2025-12-07T14:00:00,Avengers Compound,Clean Water (L),5.67,47.62,True
2025-12-07T14:00:00,Avengers Compound,Medical Kits,0,19.84,True
2025-12-07T15:00:00,New Asgard,Vibranium (kg),2416.93,6.06,False
2025-12-07T15:00:00,New Asgard,Arc Reactor Cores,690.05,7.27,False
2025-12-07T15:00:00,New Asgard,Pym Particles,702.42,6.67,False
2025-12-07T15:00:00,New Asgard,Clean Water (L),2397.29,7.27,False
2025-12-07T15:00:00,New Asgard,Medical Kits,723.13,5.45,False
2025-12-07T15:00:00,Wakanda,Vibranium (kg),710.79,31.82,True
2025-12-07T15:00:00,Wakanda,Arc Reactor Cores,0,63.64,True
2025-12-07T15:00:00,Wakanda,Pym Particles,0,46.67,True
2025-12-07T15:00:00,Wakanda,Clean Water (L),0,45.82,True
2025-12-07T15:00:00,Wakanda,Medical Kits,0,19.09,True
2025-12-07T15:00:00,Sokovia,Vibranium (kg),2412.99,6.06,False
2025-12-07T15:00:00,Sokovia,Arc Reactor Cores,693.7,7.27,False
2025-12-07T15:00:00,Sokovia,Pym Particles,707.54,6.67,False
2025-12-07T15:00:00,Sokovia,Clean Water (L),2397.33,7.27,False
2025-12-07T15:00:00,Sokovia,Medical Kits,728.35,5.45,False
2025-12-07T15:00:00,Sanctum Sanctorum,Vibranium (kg),711.86,31.82,True
2025-12-07T15:00:00,Sanctum Sanctorum,Arc Reactor Cores,0,63.64,True
2025-12-07T15:00:00,Sanctum Sanctorum,Pym Particles,0,46.67,True
2025-12-07T15:00:00,Sanctum Sanctorum,Clean Water (L),0,45.82,True
2025-12-07T15:00:00,Sanctum Sanctorum,Medical Kits,0,19.09,True
2025-12-07T15:00:00,Avengers Compound,Vibranium (kg),722.12,31.82,True
2025-12-07T15:00:00,Avengers Compound,Arc Reactor Cores,0,63.64,True
2025-12-07T15:00:00,Avengers Compound,Pym Particles,0,46.67,True
2025-12-07T15:00:00,Avengers Compound,Clean Water (L),0,45.82,True
2025-12-07T15:00:00,Avengers Compound,Medical Kits,0,19.09,True
2025-12-07T16:00:00,New Asgard,Vibranium (kg),2416.44,5.75,False
2025-12-07T16:00:00,New Asgard,Arc Reactor Cores,689.45,6.9,False
2025-12-07T16:00:00,New Asgard,Pym Particles,700.34,6.32,False
2025-12-07T16:00:00,New Asgard,Clean Water (L),2394.9,6.9,False
2025-12-07T16:00:00,New Asgard,Medical Kits,722.96,5.17,False
2025-12-07T16:00:00,Wakanda,Vibranium (kg),680.57,30.19,True
2025-12-07T16:00:00,Wakanda,Arc Reactor Cores,0,60.37,True
2025-12-07T16:00:00,Wakanda,Pym Particles,0,44.27,True
2025-12-07T16:00:00,Wakanda,Clean Water (L),0,43.47,True
2025-12-07T16:00:00,Wakanda,Medical Kits,0,18.11,True
2025-12-07T16:00:00,Sokovia,Vibranium (kg),2413.79,5.75,False
2025-12-07T16:00:00,Sokovia,Arc Reactor Cores,692.34,6.9,False
2025-12-07T16:00:00,Sokovia,Pym Particles,706.06,6.32,False
2025-12-07T16:00:00,Sokovia,Clean Water (L),2397.93,6.9,False
2025-12-07T16:00:00,Sokovia,Medical Kits,727.28,5.17,False
2025-12-07T16:00:00,Sanctum Sanctorum,Vibranium (kg),680.83,30.19,True
2025-12-07T16:00:00,Sanctum Sanctorum,Arc Reactor Cores,0,60.37,True
2025-12-07T16:00:00,Sanctum Sanctorum,Pym Particles,0,44.27,True
2025-12-07T16:00:00,Sanctum Sanctorum,Clean Water (L),0,43.47,True
2025-12-07T16:00:00,Sanctum Sanctorum,Medical Kits,0,18.11,True
2025-12-07T16:00:00,Avengers Compound,Vibranium (kg),692.47,30.19,True
2025-12-07T16:00:00,Avengers Compound,Arc Reactor Cores,0,60.37,True
2025-12-07T16:00:00,Avengers Compound,Pym Particles,0,44.27,True
2025-12-07T16:00:00,Avengers Compound,Clean Water (L),0,43.47,True
2025-12-07T16:00:00,Avengers Compound,Medical Kits,0,18.11,True
2025-12-07T17:00:00,New Asgard,Vibranium (kg),2415.46,5.39,False
2025-12-07T17:00:00,New Asgard,Arc Reactor Cores,689.99,6.47,False
2025-12-07T17:00:00,New Asgard,Pym Particles,701.35,5.93,False
2025-12-07T17:00:00,New Asgard,Clean Water (L),2395.38,6.47,False
2025-12-07T17:00:00,New Asgard,Medical Kits,723.15,4.85,False
2025-12-07T17:00:00,Wakanda,Vibranium (kg),652.93,28.29,True
2025-12-07T17:00:00,Wakanda,Arc Reactor Cores,0,56.58,True
2025-12-07T17:00:00,Wakanda,Pym Particles,0,41.49,True
2025-12-07T17:00:00,Wakanda,Clean Water (L),0,40.74,True
2025-12-07T17:00:00,Wakanda,Medical Kits,0,16.97,True
2025-12-07T17:00:00,Sokovia,Vibranium (kg),2414.76,5.39,False
2025-12-07T17:00:00,Sokovia,Arc Reactor Cores,691.25,6.47,False
2025-12-07T17:00:00,Sokovia,Pym Particles,705.96,5.93,False
2025-12-07T17:00:00,Sokovia,Clean Water (L),2396.57,6.47,False
2025-12-07T17:00:00,Sokovia,Medical Kits,727.04,4.85,False
2025-12-07T17:00:00,Sanctum Sanctorum,Vibranium (kg),652.34,28.29,True
2025-12-07T17:00:00,Sanctum Sanctorum,Arc Reactor Cores,0,56.58,True
2025-12-07T17:00:00,Sanctum Sanctorum,Pym Particles,0,41.49,True
2025-12-07T17:00:00,Sanctum Sanctorum,Clean Water (L),0,40.74,True
2025-12-07T17:00:00,Sanctum Sanctorum,Medical Kits,0,16.97,True
2025-12-07T17:00:00,Avengers Compound,Vibranium (kg),664.01,28.29,True
2025-12-07T17:00:00,Avengers Compound,Arc Reactor Cores,0,56.58,True
2025-12-07T17:00:00,Avengers Compound,Pym Particles,0,41.49,True
2025-12-07T17:00:00,Avengers Compound,Clean Water (L),0,40.74,True
2025-12-07T17:00:00,Avengers Compound,Medical Kits,0,16.97,True
2025-12-07T18:00:00,New Asgard,Vibranium (kg),2415.87,5.0,False
2025-12-07T18:00:00,New Asgard,Arc Reactor Cores,691.24,6.0,False
2025-12-07T18:00:00,New Asgard,Pym Particles,699.91,5.5,False
2025-12-07T18:00:00,New Asgard,Clean Water (L),2395.98,6.0,False
2025-12-07T18:00:00,New Asgard,Medical Kits,724.32,4.5,False
2025-12-07T18:00:00,Wakanda,Vibranium (kg),626.65,26.25,True
2025-12-07T18:00:00,Wakanda,Arc Reactor Cores,0,52.5,True
2025-12-07T18:00:00,Wakanda,Pym Particles,0,38.5,True
2025-12-07T18:00:00,Wakanda,Clean Water (L),0,37.8,True
2025-12-07T18:00:00,Wakanda,Medical Kits,0,15.75,True
2025-12-07T18:00:00,Sokovia,Vibranium (kg),2414.51,5.0,False
2025-12-07T18:00:00,Sokovia,Arc Reactor Cores,692.51,6.0,False
2025-12-07T18:00:00,Sokovia,Pym Particles,706.87,5.5,False
2025-12-07T18:00:00,Sokovia,Clean Water (L),2397.56,6.0,False
2025-12-07T18:00:00,Sokovia,Medical Kits,726.74,4.5,False
2025-12-07T18:00:00,Sanctum Sanctorum,Vibranium (kg),626.54,26.25,True
2025-12-07T18:00:00,Sanctum Sanctorum,Arc Reactor Cores,0,52.5,True
2025-12-07T18:00:00,Sanctum Sanctorum,Pym Particles,0,38.5,True
2025-12-07T18:00:00,Sanctum Sanctorum,Clean Water (L),0,37.8,True
2025-12-07T18:00:00,Sanctum Sanctorum,Medical Kits,0,15.75,True
2025-12-07T18:00:00,Avengers Compound,Vibranium (kg),636.96,26.25,True
2025-12-07T18:00:00,Avengers Compound,Arc Reactor Cores,0,52.5,True
2025-12-07T18:00:00,Avengers Compound,Pym Particles,0,38.5,True
2025-12-07T18:00:00,Avengers Compound,Clean Water (L),0,37.8,True
2025-12-07T18:00:00,Avengers Compound,Medical Kits,0,15.75,True
2025-12-07T19:00:00,New Asgard,Vibranium (kg),2416.61,4.61,False
2025-12-07T19:00:00,New Asgard,Arc Reactor Cores,692.61,5.53,False
2025-12-07T19:00:00,New Asgard,Pym Particles,700.15,5.07,False
2025-12-07T19:00:00,New Asgard,Clean Water (L),2396.52,5.53,False
2025-12-07T19:00:00,New Asgard,Medical Kits,725.63,4.15,False
2025-12-07T19:00:00,Wakanda,Vibranium (kg),601.62,24.21,True
2025-12-07T19:00:00,Wakanda,Arc Reactor Cores,0,48.42,True
2025-12-07T19:00:00,Wakanda,Pym Particles,0,35.51,True
2025-12-07T19:00:00,Wakanda,Clean Water (L),0,34.86,True
2025-12-07T19:00:00,Wakanda,Medical Kits,0,14.53,True
2025-12-07T19:00:00,Sokovia,Vibranium (kg),2414.82,4.61,False
2025-12-07T19:00:00,Sokovia,Arc Reactor Cores,692.61,5.53,False
2025-12-07T19:00:00,Sokovia,Pym Particles,706.48,5.07,False
2025-12-07T19:00:00,Sokovia,Clean Water (L),2398.85,5.53,False
2025-12-07T19:00:00,Sokovia,Medical Kits,728.86,4.15,False
2025-12-07T19:00:00,Sanctum Sanctorum,Vibranium (kg),602.82,24.21,True
2025-12-07T19:00:00,Sanctum Sanctorum,Arc Reactor Cores,0,48.42,True
2025-12-07T19:00:00,Sanctum Sanctorum,Pym Particles,0,35.51,True
2025-12-07T19:00:00,Sanctum Sanctorum,Clean Water (L),0,34.86,True
2025-12-07T19:00:00,Sanctum Sanctorum,Medical Kits,0,14.53,True
2025-12-07T19:00:00,Avengers Compound,Vibranium (kg),612.02,24.21,True
2025-12-07T19:00:00,Avengers Compound,Arc Reactor Cores,0,48.42,True
2025-12-07T19:00:00,Avengers Compound,Pym Particles,0,35.51,True
2025-12-07T19:00:00,Avengers Compound,Clean Water (L),0,34.86,True
2025-12-07T19:00:00,Avengers Compound,Medical Kits,0,14.53,True
2025-12-07T20:00:00,New Asgard,Vibranium (kg),2417.52,4.25,False
2025-12-07T20:00:00,New Asgard,Arc Reactor Cores,692.96,5.1,False
2025-12-07T20:00:00,New Asgard,Pym Particles,699.99,4.68,False
2025-12-07T20:00:00,New Asgard,Clean Water (L),2397.88,5.1,False
2025-12-07T20:00:00,New Asgard,Medical Kits,726.16,3.83,False
2025-12-07T20:00:00,Wakanda,Vibranium (kg),578.31,22.31,True
2025-12-07T20:00:00,Wakanda,Arc Reactor Cores,0,44.63,True
2025-12-07T20:00:00,Wakanda,Pym Particles,0,32.73,True
2025-12-07T20:00:00,Wakanda,Clean Water (L),0,32.13,True
2025-12-07T20:00:00,Wakanda,Medical Kits,0,13.39,True
2025-12-07T20:00:00,Sokovia,Vibranium (kg),2415.63,4.25,False
2025-12-07T20:00:00,Sokovia,Arc Reactor Cores,694.22,5.1,False
2025-12-07T20:00:00,Sokovia,Pym Particles,707.55,4.68,False
2025-12-07T20:00:00,Sokovia,Clean Water (L),2400.82,5.1,False
2025-12-07T20:00:00,Sokovia,Medical Kits,730.38,3.83,False
2025-12-07T20:00:00,Sanctum Sanctorum,Vibranium (kg),579.85,22.31,True
2025-12-07T20:00:00,Sanctum Sanctorum,Arc Reactor Cores,0,44.63,True
2025-12-07T20:00:00,Sanctum Sanctorum,Pym Particles,0,32.73,True
2025-12-07T20:00:00,Sanctum Sanctorum,Clean Water (L),0,32.13,True
2025-12-07T20:00:00,Sanctum Sanctorum,Medical Kits,0,13.39,True
2025-12-07T20:00:00,Avengers Compound,Vibranium (kg),588.9,22.31,True
2025-12-07T20:00:00,Avengers Compound,Arc Reactor Cores,0,44.63,True
2025-12-07T20:00:00,Avengers Compound,Pym Particles,0,32.73,True
2025-12-07T20:00:00,Avengers Compound,Clean Water (L),0,32.13,True
2025-12-07T20:00:00,Avengers Compound,Medical Kits,0,13.39,True
2025-12-07T21:00:00,New Asgard,Vibranium (kg),2418.06,3.94,False
2025-12-07T21:00:00,New Asgard,Arc Reactor Cores,694.6,4.73,False
2025-12-07T21:00:00,New Asgard,Pym Particles,701.95,4.33,False
2025-12-07T21:00:00,New Asgard,Clean Water (L),2399.21,4.73,False
2025-12-07T21:00:00,New Asgard,Medical Kits,727.29,3.55,False
2025-12-07T21:00:00,Wakanda,Vibranium (kg),558.0,20.68,True
2025-12-07T21:00:00,Wakanda,Arc Reactor Cores,0,41.36,True
2025-12-07T21:00:00,Wakanda,Pym Particles,0,30.33,True
2025-12-07T21:00:00,Wakanda,Clean Water (L),0,29.78,True
2025-12-07T21:00:00,Wakanda,Medical Kits,0,12.41,True
2025-12-07T21:00:00,Sokovia,Vibranium (kg),2417.3,3.94,False
2025-12-07T21:00:00,Sokovia,Arc Reactor Cores,697.04,4.73,False
2025-12-07T21:00:00,Sokovia,Pym Particles,708.4,4.33,False
2025-12-07T21:00:00,Sokovia,Clean Water (L),2403.2,4.73,False
2025-12-07T21:00:00,Sokovia,Medical Kits,731.0,3.55,False
2025-12-07T21:00:00,Sanctum Sanctorum,Vibranium (kg),558.91,20.68,True
2025-12-07T21:00:00,Sanctum Sanctorum,Arc Reactor Cores,0,41.36,True
2025-12-07T21:00:00,Sanctum Sanctorum,Pym Particles,0,30.33,True
2025-12-07T21:00:00,Sanctum Sanctorum,Clean Water (L),0,29.78,True
2025-12-07T21:00:00,Sanctum Sanctorum,Medical Kits,0,12.41,True
2025-12-07T21:00:00,Avengers Compound,Vibranium (kg),568.67,20.68,True
2025-12-07T21:00:00,Avengers Compound,Arc Reactor Cores,0,41.36,True
2025-12-07T21:00:00,Avengers Compound,Pym Particles,0,30.33,True
2025-12-07T21:00:00,Avengers Compound,Clean Water (L),0,29.78,True
2025-12-07T21:00:00,Avengers Compound,Medical Kits,0,12.41,True
2025-12-07T22:00:00,New Asgard,Vibranium (kg),2419.14,3.7,False
2025-12-07T22:00:00,New Asgard,Arc Reactor Cores,697.53,4.44,False
2025-12-07T22:00:00,New Asgard,Pym Particles,704.56,4.07,False
2025-12-07T22:00:00,New Asgard,Clean Water (L),2401.61,4.44,False
2025-12-07T22:00:00,New Asgard,Medical Kits,728.67,3.33,False
2025-12-07T22:00:00,Wakanda,Vibranium (kg),539.18,19.43,True
2025-12-07T22:00:00,Wakanda,Arc Reactor Cores,0,38.86,True
2025-12-07T22:00:00,Wakanda,Pym Particles,0,28.5,True
2025-12-07T22:00:00,Wakanda,Clean Water (L),0,27.98,True
2025-12-07T22:00:00,Wakanda,Medical Kits,0,11.66,True
2025-12-07T22:00:00,Sokovia,Vibranium (kg),2419.58,3.7,False
2025-12-07T22:00:00,Sokovia,Arc Reactor Cores,698.93,4.44,False
2025-12-07T22:00:00,Sokovia,Pym Particles,710.29,4.07,False
2025-12-07T22:00:00,Sokovia,Clean Water (L),2404.7,4.44,False
2025-12-07T22:00:00,Sokovia,Medical Kits,733.39,3.33,False
2025-12-07T22:00:00,Sanctum Sanctorum,Vibranium (kg),540.12,19.43,True
2025-12-07T22:00:00,Sanctum Sanctorum,Arc Reactor Cores,0,38.86,True
2025-12-07T22:00:00,Sanctum Sanctorum,Pym Particles,0,28.5,True
2025-12-07T22:00:00,Sanctum Sanctorum,Clean Water (L),0,27.98,True
2025-12-07T22:00:00,Sanctum Sanctorum,Medical Kits,0,11.66,True
2025-12-07T22:00:00,Avengers Compound,Vibranium (kg),548.37,19.43,True
2025-12-07T22:00:00,Avengers Compound,Arc Reactor Cores,0,38.86,True
2025-12-07T22:00:00,Avengers Compound,Pym Particles,0,28.5,True
2025-12-07T22:00:00,Avengers Compound,Clean Water (L),0,27.98,True
2025-12-07T22:00:00,Avengers Compound,Medical Kits,0,11.66,True
2025-12-07T23:00:00,New Asgard,Vibranium (kg),2419.34,3.55,False
2025-12-07T23:00:00,New Asgard,Arc Reactor Cores,700.21,4.26,False
2025-12-07T23:00:00,New Asgard,Pym Particles,707.59,3.91,False
2025-12-07T23:00:00,New Asgard,Clean Water (L),2402.98,4.26,False
2025-12-07T23:00:00,New Asgard,Medical Kits,730.02,3.2,False
2025-12-07T23:00:00,Wakanda,Vibranium (kg),520.75,18.64,True
2025-12-07T23:00:00,Wakanda,Arc Reactor Cores,0,37.29,True
2025-12-07T23:00:00,Wakanda,Pym Particles,0,27.34,True
2025-12-07T23:00:00,Wakanda,Clean Water (L),0,26.85,True
2025-12-07T23:00:00,Wakanda,Medical Kits,0,11.19,True
2025-12-07T23:00:00,Sokovia,Vibranium (kg),2422.63,3.55,False
2025-12-07T23:00:00,Sokovia,Arc Reactor Cores,700.5,4.26,False
2025-12-07T23:00:00,Sokovia,Pym Particles,712.53,3.91,False
2025-12-07T23:00:00,Sokovia,Clean Water (L),2406.85,4.26,False
2025-12-07T23:00:00,Sokovia,Medical Kits,733.72,3.2,False
2025-12-07T23:00:00,Sanctum Sanctorum,Vibranium (kg),522.34,18.64,True
2025-12-07T23:00:00,Sanctum Sanctorum,Arc Reactor Cores,0,37.29,True
2025-12-07T23:00:00,Sanctum Sanctorum,Pym Particles,0,27.34,True
2025-12-07T23:00:00,Sanctum Sanctorum,Clean Water (L),0,26.85,True
2025-12-07T23:00:00,Sanctum Sanctorum,Medical Kits,0,11.19,True
2025-12-07T23:00:00,Avengers Compound,Vibranium (kg),529.68,18.64,True
2025-12-07T23:00:00,Avengers Compound,Arc Reactor Cores,0,37.29,True
2025-12-07T23:00:00,Avengers Compound,Pym Particles,0,27.34,True
2025-12-07T23:00:00,Avengers Compound,Clean Water (L),0,26.85,True
2025-12-07T23:00:00,Avengers Compound,Medical Kits,0,11.19,True
2025-12-08T00:00:00,New Asgard,Vibranium (kg),2421.64,3.5,False
2025-12-08T00:00:00,New Asgard,Arc Reactor Cores,701.98,4.2,False
2025-12-08T00:00:00,New Asgard,Pym Particles,710.0,3.85,False
2025-12-08T00:00:00,New Asgard,Clean Water (L),2405.3,4.2,False
2025-12-08T00:00:00,New Asgard,Medical Kits,732.3,3.15,False
2025-12-08T00:00:00,Wakanda,Vibranium (kg),618.26,3.5,False
2025-12-08T00:00:00,Wakanda,Arc Reactor Cores,37.08,4.2,False
2025-12-08T00:00:00,Wakanda,Pym Particles,36.69,3.85,False
2025-12-08T00:00:00,Wakanda,Clean Water (L),121.96,4.2,False
2025-12-08T00:00:00,Wakanda,Medical Kits,37.98,3.15,False
2025-12-08T00:00:00,Sokovia,Vibranium (kg),2423.72,3.5,False
2025-12-08T00:00:00,Sokovia,Arc Reactor Cores,702.02,4.2,False
2025-12-08T00:00:00,Sokovia,Pym Particles,715.55,3.85,False
2025-12-08T00:00:00,Sokovia,Clean Water (L),2407.69,4.2,False
2025-12-08T00:00:00,Sokovia,Medical Kits,734.65,3.15,False
2025-12-08T00:00:00,Sanctum Sanctorum,Vibranium (kg),617.47,3.5,False
2025-12-08T00:00:00,Sanctum Sanctorum,Arc Reactor Cores,37.46,4.2,False
2025-12-08T00:00:00,Sanctum Sanctorum,Pym Particles,36.56,3.85,False
2025-12-08T00:00:00,Sanctum Sanctorum,Clean Water (L),121.05,4.2,False
2025-12-08T00:00:00,Sanctum Sanctorum,Medical Kits,38.18,3.15,False
2025-12-08T00:00:00,Avengers Compound,Vibranium (kg),626.13,3.5,False
2025-12-08T00:00:00,Avengers Compound,Arc Reactor Cores,36.57,4.2,False
2025-12-08T00:00:00,Avengers Compound,Pym Particles,37.74,3.85,False
2025-12-08T00:00:00,Avengers Compound,Clean Water (L),120.39,4.2,False
2025-12-08T00:00:00,Avengers Compound,Medical Kits,36.98,3.15,False
2025-12-08T01:00:00,New Asgard,Vibranium (kg),2424.42,3.55,False
2025-12-08T01:00:00,New Asgard,Arc Reactor Cores,704.12,4.26,False
2025-12-08T01:00:00,New Asgard,Pym Particles,712.63,3.91,False
2025-12-08T01:00:00,New Asgard,Clean Water (L),2405.22,4.26,False
2025-12-08T01:00:00,New Asgard,Medical Kits,733.76,3.2,False
2025-12-08T01:00:00,Wakanda,Vibranium (kg),709.63,3.55,False
2025-12-08T01:00:00,Wakanda,Arc Reactor Cores,70.67,4.26,False
2025-12-08T01:00:00,Wakanda,Pym Particles,72.56,3.91,False
2025-12-08T01:00:00,Wakanda,Clean Water (L),236.77,4.26,False
2025-12-08T01:00:00,Wakanda,Medical Kits,74.0,3.2,False
2025-12-08T01:00:00,Sokovia,Vibranium (kg),2424.99,3.55,False
2025-12-08T01:00:00,Sokovia,Arc Reactor Cores,702.83,4.26,False
2025-12-08T01:00:00,Sokovia,Pym Particles,717.73,3.91,False
2025-12-08T01:00:00,Sokovia,Clean Water (L),2409.0,4.26,False
2025-12-08T01:00:00,Sokovia,Medical Kits,736.11,3.2,False
2025-12-08T01:00:00,Sanctum Sanctorum,Vibranium (kg),710.14,3.55,False
2025-12-08T01:00:00,Sanctum Sanctorum,Arc Reactor Cores,71.77,4.26,False
2025-12-08T01:00:00,Sanctum Sanctorum,Pym Particles,71.19,3.91,False
2025-12-08T01:00:00,Sanctum Sanctorum,Clean Water (L),237.6,4.26,False
2025-12-08T01:00:00,Sanctum Sanctorum,Medical Kits,75.32,3.2,False
2025-12-08T01:00:00,Avengers Compound,Vibranium (kg),716.33,3.55,False
2025-12-08T01:00:00,Avengers Compound,Arc Reactor Cores,70.67,4.26,False
2025-12-08T01:00:00,Avengers Compound,Pym Particles,73.37,3.91,False
2025-12-08T01:00:00,Avengers Compound,Clean Water (L),236.86,4.26,False
2025-12-08T01:00:00,Avengers Compound,Medical Kits,73.7,3.2,False
2025-12-08T02:00:00,New Asgard,Vibranium (kg),2424.98,3.7,False
2025-12-08T02:00:00,New Asgard,Arc Reactor Cores,704.89,4.44,False
2025-12-08T02:00:00,New Asgard,Pym Particles,713.92,4.07,False
2025-12-08T02:00:00,New Asgard,Clean Water (L),2406.83,4.44,False
2025-12-08T02:00:00,New Asgard,Medical Kits,735.02,3.33,False
2025-12-08T02:00:00,Wakanda,Vibranium (kg),795.47,3.7,False
2025-12-08T02:00:00,Wakanda,Arc Reactor Cores,104.22,4.44,False
2025-12-08T02:00:00,Wakanda,Pym Particles,105.8,4.07,False
2025-12-08T02:00:00,Wakanda,Clean Water (L),347.82,4.44,False
2025-12-08T02:00:00,Wakanda,Medical Kits,108.58,3.33,False
2025-12-08T02:00:00,Sokovia,Vibranium (kg),2426.64,3.7,False
2025-12-08T02:00:00,Sokovia,Arc Reactor Cores,703.54,4.44,False
2025-12-08T02:00:00,Sokovia,Pym Particles,718.92,4.07,False
2025-12-08T02:00:00,Sokovia,Clean Water (L),2409.09,4.44,False
2025-12-08T02:00:00,Sokovia,Medical Kits,735.94,3.33,False
2025-12-08T02:00:00,Sanctum Sanctorum,Vibranium (kg),795.45,3.7,False
2025-12-08T02:00:00,Sanctum Sanctorum,Arc Reactor Cores,105.74,4.44,False
2025-12-08T02:00:00,Sanctum Sanctorum,Pym Particles,104.41,4.07,False
2025-12-08T02:00:00,Sanctum Sanctorum,Clean Water (L),348.04,4.44,False
2025-12-08T02:00:00,Sanctum Sanctorum,Medical Kits,110.7,3.33,False
2025-12-08T02:00:00,Avengers Compound,Vibranium (kg),802.56,3.7,False
2025-12-08T02:00:00,Avengers Compound,Arc Reactor Cores,104.73,4.44,False
2025-12-08T02:00:00,Avengers Compound,Pym Particles,106.07,4.07,False
2025-12-08T02:00:00,Avengers Compound,Clean Water (L),345.75,4.44,False
2025-12-08T02:00:00,Avengers Compound,Medical Kits,107.26,3.33,False
2025-12-08T03:00:00,New Asgard,Vibranium (kg),2425.3,3.94,False
2025-12-08T03:00:00,New Asgard,Arc Reactor Cores,706.82,4.73,False
2025-12-08T03:00:00,New Asgard,Pym Particles,715.09,4.33,False
2025-12-08T03:00:00,New Asgard,Clean Water (L),2407.64,4.73,False
2025-12-08T03:00:00,New Asgard,Medical Kits,736.01,3.55,False
2025-12-08T03:00:00,Wakanda,Vibranium (kg),877.8,3.94,False
2025-12-08T03:00:00,Wakanda,Arc Reactor Cores,135.04,4.73,False
2025-12-08T03:00:00,Wakanda,Pym Particles,136.74,4.33,False
2025-12-08T03:00:00,Wakanda,Clean Water (L),453.41,4.73,False
2025-12-08T03:00:00,Wakanda,Medical Kits,142.06,3.55,False
2025-12-08T03:00:00,Sokovia,Vibranium (kg),2427.75,3.94,False
2025-12-08T03:00:00,Sokovia,Arc Reactor Cores,705.33,4.73,False
2025-12-08T03:00:00,Sokovia,Pym Particles,719.82,4.33,False
2025-12-08T03:00:00,Sokovia,Clean Water (L),2408.73,4.73,False
2025-12-08T03:00:00,Sokovia,Medical Kits,736.76,3.55,False
2025-12-08T03:00:00,Sanctum Sanctorum,Vibranium (kg),878.73,3.94,False
2025-12-08T03:00:00,Sanctum Sanctorum,Arc Reactor Cores,137.71,4.73,False
2025-12-08T03:00:00,Sanctum Sanctorum,Pym Particles,136.77,4.33,False
2025-12-08T03:00:00,Sanctum Sanctorum,Clean Water (L),452.22,4.73,False
2025-12-08T03:00:00,Sanctum Sanctorum,Medical Kits,141.55,3.55,False
2025-12-08T03:00:00,Avengers Compound,Vibranium (kg),883.94,3.94,False
2025-12-08T03:00:00,Avengers Compound,Arc Reactor Cores,136.05,4.73,False
2025-12-08T03:00:00,Avengers Compound,Pym Particles,137.16,4.33,False
2025-12-08T03:00:00,Avengers Compound,Clean Water (L),449.32,4.73,False
2025-12-08T03:00:00,Avengers Compound,Medical Kits,138.19,3.55,False
2025-12-08T04:00:00,New Asgard,Vibranium (kg),2424.98,4.25,False
2025-12-08T04:00:00,New Asgard,Arc Reactor Cores,707.96,5.1,False
2025-12-08T04:00:00,New Asgard,Pym Particles,715.76,4.68,False
2025-12-08T04:00:00,New Asgard,Clean Water (L),2408.96,5.1,False
2025-12-08T04:00:00,New Asgard,Medical Kits,736.93,3.83,False
2025-12-08T04:00:00,Wakanda,Vibranium (kg),956.36,4.25,False
2025-12-08T04:00:00,Wakanda,Arc Reactor Cores,165.37,5.1,False
2025-12-08T04:00:00,Wakanda,Pym Particles,164.96,4.68,False
2025-12-08T04:00:00,Wakanda,Clean Water (L),552.44,5.1,False
2025-12-08T04:00:00,Wakanda,Medical Kits,172.27,3.83,False
2025-12-08T04:00:00,Sokovia,Vibranium (kg),2426.87,4.25,False
2025-12-08T04:00:00,Sokovia,Arc Reactor Cores,706.94,5.1,False
2025-12-08T04:00:00,Sokovia,Pym Particles,719.98,4.68,False
2025-12-08T04:00:00,Sokovia,Clean Water (L),2408.89,5.1,False
2025-12-08T04:00:00,Sokovia,Medical Kits,737.12,3.83,False
2025-12-08T04:00:00,Sanctum Sanctorum,Vibranium (kg),957.7,4.25,False
2025-12-08T04:00:00,Sanctum Sanctorum,Arc Reactor Cores,168.11,5.1,False
2025-12-08T04:00:00,Sanctum Sanctorum,Pym Particles,165.36,4.68,False
2025-12-08T04:00:00,Sanctum Sanctorum,Clean Water (L),551.27,5.1,False
2025-12-08T04:00:00,Sanctum Sanctorum,Medical Kits,172.49,3.83,False
2025-12-08T04:00:00,Avengers Compound,Vibranium (kg),963.01,4.25,False
2025-12-08T04:00:00,Avengers Compound,Arc Reactor Cores,165.86,5.1,False
2025-12-08T04:00:00,Avengers Compound,Pym Particles,167.1,4.68,False
2025-12-08T04:00:00,Avengers Compound,Clean Water (L),548.08,5.1,False
2025-12-08T04:00:00,Avengers Compound,Medical Kits,168.07,3.83,False
2025-12-08T05:00:00,New Asgard,Vibranium (kg),2423.9,4.61,False
2025-12-08T05:00:00,New Asgard,Arc Reactor Cores,709.59,5.53,False
2025-12-08T05:00:00,New Asgard,Pym Particles,714.82,5.07,False
2025-12-08T05:00:00,New Asgard,Clean Water (L),2408.81,5.53,False
2025-12-08T05:00:00,New Asgard,Medical Kits,736.37,4.15,False
2025-12-08T05:00:00,Wakanda,Vibranium (kg),1029.95,4.61,False
2025-12-08T05:00:00,Wakanda,Arc Reactor Cores,192.15,5.53,False
2025-12-08T05:00:00,Wakanda,Pym Particles,193.02,5.07,False
2025-12-08T05:00:00,Wakanda,Clean Water (L),644.43,5.53,False
2025-12-08T05:00:00,Wakanda,Medical Kits,201.03,4.15,False
2025-12-08T05:00:00,Sokovia,Vibranium (kg),2428.13,4.61,False
2025-12-08T05:00:00,Sokovia,Arc Reactor Cores,705.86,5.53,False
2025-12-08T05:00:00,Sokovia,Pym Particles,720.56,5.07,False
2025-12-08T05:00:00,Sokovia,Clean Water (L),2409.94,5.53,False
2025-12-08T05:00:00,Sokovia,Medical Kits,736.68,4.15,False
2025-12-08T05:00:00,Sanctum Sanctorum,Vibranium (kg),1032.17,4.61,False
2025-12-08T05:00:00,Sanctum Sanctorum,Arc Reactor Cores,196.06,5.53,False
2025-12-08T05:00:00,Sanctum Sanctorum,Pym Particles,192.93,5.07,False
2025-12-08T05:00:00,Sanctum Sanctorum,Clean Water (L),644.1,5.53,False
2025-12-08T05:00:00,Sanctum Sanctorum,Medical Kits,201.97,4.15,False
2025-12-08T05:00:00,Avengers Compound,Vibranium (kg),1034.4,4.61,False
2025-12-08T05:00:00,Avengers Compound,Arc Reactor Cores,191.54,5.53,False
2025-12-08T05:00:00,Avengers Compound,Pym Particles,195.09,5.07,False
2025-12-08T05:00:00,Avengers Compound,Clean Water (L),641.15,5.53,False
2025-12-08T05:00:00,Avengers Compound,Medical Kits,196.57,4.15,False
2025-12-08T06:00:00,New Asgard,Vibranium (kg),2423.79,5.0,False
2025-12-08T06:00:00,New Asgard,Arc Reactor Cores,708.01,6.0,False
2025-12-08T06:00:00,New Asgard,Pym Particles,714.5,5.5,False
2025-12-08T06:00:00,New Asgard,Clean Water (L),2409.22,6.0,False
2025-12-08T06:00:00,New Asgard,Medical Kits,736.4,4.5,False
2025-12-08T06:00:00,Wakanda,Vibranium (kg),1099.13,5.0,False
2025-12-08T06:00:00,Wakanda,Arc Reactor Cores,218.67,6.0,False
2025-12-08T06:00:00,Wakanda,Pym Particles,219.46,5.5,False
2025-12-08T06:00:00,Wakanda,Clean Water (L),733.31,6.0,False
2025-12-08T06:00:00,Wakanda,Medical Kits,228.5,4.5,False
2025-12-08T06:00:00,Sokovia,Vibranium (kg),2426.84,5.0,False
2025-12-08T06:00:00,Sokovia,Arc Reactor Cores,705.07,6.0,False
2025-12-08T06:00:00,Sokovia,Pym Particles,720.62,5.5,False
2025-12-08T06:00:00,Sokovia,Clean Water (L),2409.9,6.0,False
2025-12-08T06:00:00,Sokovia,Medical Kits,736.23,4.5,False
2025-12-08T06:00:00,Sanctum Sanctorum,Vibranium (kg),1101.11,5.0,False
2025-12-08T06:00:00,Sanctum Sanctorum,Arc Reactor Cores,221.03,6.0,False
2025-12-08T06:00:00,Sanctum Sanctorum,Pym Particles,218.49,5.5,False
2025-12-08T06:00:00,Sanctum Sanctorum,Clean Water (L),731.78,6.0,False
2025-12-08T06:00:00,Sanctum Sanctorum,Medical Kits,229.91,4.5,False
2025-12-08T06:00:00,Avengers Compound,Vibranium (kg),1104.76,5.0,False
2025-12-08T06:00:00,Avengers Compound,Arc Reactor Cores,215.93,6.0,False
2025-12-08T06:00:00,Avengers Compound,Pym Particles,221.13,5.5,False
2025-12-08T06:00:00,Avengers Compound,Clean Water (L),730.66,6.0,False
2025-12-08T06:00:00,Avengers Compound,Medical Kits,222.82,4.5,False
2025-12-08T07:00:00,New Asgard,Vibranium (kg),2423.46,5.39,False
2025-12-08T07:00:00,New Asgard,Arc Reactor Cores,705.17,6.47,False
2025-12-08T07:00:00,New Asgard,Pym Particles,714.21,5.93,False
2025-12-08T07:00:00,New Asgard,Clean Water (L),2407.42,6.47,False
2025-12-08T07:00:00,New Asgard,Medical Kits,735.75,4.85,False
2025-12-08T07:00:00,Wakanda,Vibranium (kg),1165.54,5.39,False
2025-12-08T07:00:00,Wakanda,Arc Reactor Cores,242.29,6.47,False
2025-12-08T07:00:00,Wakanda,Pym Particles,243.78,5.93,False
2025-12-08T07:00:00,Wakanda,Clean Water (L),817.52,6.47,False
2025-12-08T07:00:00,Wakanda,Medical Kits,254.47,4.85,False
2025-12-08T07:00:00,Sokovia,Vibranium (kg),2427.41,5.39,False
2025-12-08T07:00:00,Sokovia,Arc Reactor Cores,704.6,6.47,False
2025-12-08T07:00:00,Sokovia,Pym Particles,718.27,5.93,False
2025-12-08T07:00:00,Sokovia,Clean Water (L),2408.09,6.47,False
2025-12-08T07:00:00,Sokovia,Medical Kits,736.08,4.85,False
2025-12-08T07:00:00,Sanctum Sanctorum,Vibranium (kg),1167.51,5.39,False
2025-12-08T07:00:00,Sanctum Sanctorum,Arc Reactor Cores,244.73,6.47,False
2025-12-08T07:00:00,Sanctum Sanctorum,Pym Particles,243.66,5.93,False
2025-12-08T07:00:00,Sanctum Sanctorum,Clean Water (L),813.36,6.47,False
2025-12-08T07:00:00,Sanctum Sanctorum,Medical Kits,255.48,4.85,False
2025-12-08T07:00:00,Avengers Compound,Vibranium (kg),1170.25,5.39,False
2025-12-08T07:00:00,Avengers Compound,Arc Reactor Cores,239.77,6.47,False
2025-12-08T07:00:00,Avengers Compound,Pym Particles,245.67,5.93,False
2025-12-08T07:00:00,Avengers Compound,Clean Water (L),812.31,6.47,False
2025-12-08T07:00:00,Avengers Compound,Medical Kits,248.04,4.85,False
2025-12-08T08:00:00,New Asgard,Vibranium (kg),2422.32,5.75,False
2025-12-08T08:00:00,New Asgard,Arc Reactor Cores,704.03,6.9,False
2025-12-08T08:00:00,New Asgard,Pym Particles,713.95,6.32,False
2025-12-08T08:00:00,New Asgard,Clean Water (L),2406.09,6.9,False
2025-12-08T08:00:00,New Asgard,Medical Kits,734.47,5.17,False
2025-12-08T08:00:00,Wakanda,Vibranium (kg),1226.8,5.75,False
2025-12-08T08:00:00,Wakanda,Arc Reactor Cores,263.84,6.9,False
2025-12-08T08:00:00,Wakanda,Pym Particles,265.86,6.32,False
2025-12-08T08:00:00,Wakanda,Clean Water (L),895.84,6.9,False
2025-12-08T08:00:00,Wakanda,Medical Kits,278.56,5.17,False
2025-12-08T08:00:00,Sokovia,Vibranium (kg),2427.37,5.75,False
2025-12-08T08:00:00,Sokovia,Arc Reactor Cores,703.7,6.9,False
2025-12-08T08:00:00,Sokovia,Pym Particles,716.77,6.32,False
2025-12-08T08:00:00,Sokovia,Clean Water (L),2407.78,6.9,False
2025-12-08T08:00:00,Sokovia,Medical Kits,734.84,5.17,False
2025-12-08T08:00:00,Sanctum Sanctorum,Vibranium (kg),1227.77,5.75,False
2025-12-08T08:00:00,Sanctum Sanctorum,Arc Reactor Cores,266.09,6.9,False
2025-12-08T08:00:00,Sanctum Sanctorum,Pym Particles,264.81,6.32,False
2025-12-08T08:00:00,Sanctum Sanctorum,Clean Water (L),892.63,6.9,False
2025-12-08T08:00:00,Sanctum Sanctorum,Medical Kits,279.07,5.17,False
2025-12-08T08:00:00,Avengers Compound,Vibranium (kg),1232.42,5.75,False
2025-12-08T08:00:00,Avengers Compound,Arc Reactor Cores,261.27,6.9,False
2025-12-08T08:00:00,Avengers Compound,Pym Particles,268.41,6.32,False
2025-12-08T08:00:00,Avengers Compound,Clean Water (L),892.66,6.9,False
2025-12-08T08:00:00,Avengers Compound,Medical Kits,271.45,5.17,False
2025-12-08T09:00:00,New Asgard,Vibranium (kg),2421.36,6.06,False
2025-12-08T09:00:00,New Asgard,Arc Reactor Cores,704.34,7.27,False
2025-12-08T09:00:00,New Asgard,Pym Particles,712.25,6.67,False
2025-12-08T09:00:00,New Asgard,Clean Water (L),2403.44,7.27,False
2025-12-08T09:00:00,New Asgard,Medical Kits,732.59,5.45,False
2025-12-08T09:00:00,Wakanda,Vibranium (kg),1286.1,6.06,False
2025-12-08T09:00:00,Wakanda,Arc Reactor Cores,284.86,7.27,False
2025-12-08T09:00:00,Wakanda,Pym Particles,286.6,6.67,False
2025-12-08T09:00:00,Wakanda,Clean Water (L),969.31,7.27,False
2025-12-08T09:00:00,Wakanda,Medical Kits,301.21,5.45,False
2025-12-08T09:00:00,Sokovia,Vibranium (kg),2424.53,6.06,False
2025-12-08T09:00:00,Sokovia,Arc Reactor Cores,701.29,7.27,False
2025-12-08T09:00:00,Sokovia,Pym Particles,715.62,6.67,False
2025-12-08T09:00:00,Sokovia,Clean Water (L),2407.05,7.27,False
2025-12-08T09:00:00,Sokovia,Medical Kits,734.19,5.45,False
2025-12-08T09:00:00,Sanctum Sanctorum,Vibranium (kg),1286.03,6.06,False
2025-12-08T09:00:00,Sanctum Sanctorum,Arc Reactor Cores,287.24,7.27,False
2025-12-08T09:00:00,Sanctum Sanctorum,Pym Particles,286.96,6.67,False
2025-12-08T09:00:00,Sanctum Sanctorum,Clean Water (L),967.54,7.27,False
2025-12-08T09:00:00,Sanctum Sanctorum,Medical Kits,299.78,5.45,False
2025-12-08T09:00:00,Avengers Compound,Vibranium (kg),1289.77,6.06,False
2025-12-08T09:00:00,Avengers Compound,Arc Reactor Cores,282.01,7.27,False
2025-12-08T09:00:00,Avengers Compound,Pym Particles,289.13,6.67,False
2025-12-08T09:00:00,Avengers Compound,Clean Water (L),966.28,7.27,False
2025-12-08T09:00:00,Avengers Compound,Medical Kits,293.92,5.45,False
2025-12-08T10:00:00,New Asgard,Vibranium (kg),2419.34,6.3,False
2025-12-08T10:00:00,New Asgard,Arc Reactor Cores,702.3,7.56,False
2025-12-08T10:00:00,New Asgard,Pym Particles,711.54,6.93,False
2025-12-08T10:00:00,New Asgard,Clean Water (L),2401.7,7.56,False
2025-12-08T10:00:00,New Asgard,Medical Kits,732.33,5.67,False
2025-12-08T10:00:00,Wakanda,Vibranium (kg),1342.26,6.3,False
2025-12-08T10:00:00,Wakanda,Arc Reactor Cores,303.03,7.56,False
2025-12-08T10:00:00,Wakanda,Pym Particles,306.33,6.93,False
2025-12-08T10:00:00,Wakanda,Clean Water (L),1040.04,7.56,False
2025-12-08T10:00:00,Wakanda,Medical Kits,321.85,5.67,False
2025-12-08T10:00:00,Sokovia,Vibranium (kg),2422.11,6.3,False
2025-12-08T10:00:00,Sokovia,Arc Reactor Cores,698.89,7.56,False
2025-12-08T10:00:00,Sokovia,Pym Particles,713.22,6.93,False
2025-12-08T10:00:00,Sokovia,Clean Water (L),2404.98,7.56,False
2025-12-08T10:00:00,Sokovia,Medical Kits,734.03,5.67,False
2025-12-08T10:00:00,Sanctum Sanctorum,Vibranium (kg),1340.17,6.3,False
2025-12-08T10:00:00,Sanctum Sanctorum,Arc Reactor Cores,307.47,7.56,False
2025-12-08T10:00:00,Sanctum Sanctorum,Pym Particles,306.69,6.93,False
2025-12-08T10:00:00,Sanctum Sanctorum,Clean Water (L),1036.86,7.56,False
2025-12-08T10:00:00,Sanctum Sanctorum,Medical Kits,321.21,5.67,False
2025-12-08T10:00:00,Avengers Compound,Vibranium (kg),1346.34,6.3,False
2025-12-08T10:00:00,Avengers Compound,Arc Reactor Cores,300.44,7.56,False
2025-12-08T10:00:00,Avengers Compound,Pym Particles,308.78,6.93,False
2025-12-08T10:00:00,Avengers Compound,Clean Water (L),1037.55,7.56,False
2025-12-08T10:00:00,Avengers Compound,Medical Kits,314.35,5.67,False
2025-12-08T11:00:00,New Asgard,Vibranium (kg),2419.36,6.45,False
2025-12-08T11:00:00,New Asgard,Arc Reactor Cores,700.21,7.74,False
2025-12-08T11:00:00,New Asgard,Pym Particles,708.98,7.09,False
2025-12-08T11:00:00,New Asgard,Clean Water (L),2399.72,7.74,False
2025-12-08T11:00:00,New Asgard,Medical Kits,731.32,5.8,False
2025-12-08T11:00:00,Wakanda,Vibranium (kg),1394.52,6.45,False
2025-12-08T11:00:00,Wakanda,Arc Reactor Cores,322.82,7.74,False
2025-12-08T11:00:00,Wakanda,Pym Particles,325.11,7.09,False
2025-12-08T11:00:00,Wakanda,Clean Water (L),1104.76,7.74,False
2025-12-08T11:00:00,Wakanda,Medical Kits,341.85,5.8,False
2025-12-08T11:00:00,Sokovia,Vibranium (kg),2420.77,6.45,False
2025-12-08T11:00:00,Sokovia,Arc Reactor Cores,698.5,7.74,False
2025-12-08T11:00:00,Sokovia,Pym Particles,711.47,7.09,False
2025-12-08T11:00:00,Sokovia,Clean Water (L),2402.99,7.74,False
2025-12-08T11:00:00,Sokovia,Medical Kits,732.58,5.8,False
2025-12-08T11:00:00,Sanctum Sanctorum,Vibranium (kg),1393.01,6.45,False
2025-12-08T11:00:00,Sanctum Sanctorum,Arc Reactor Cores,326.35,7.74,False
2025-12-08T11:00:00,Sanctum Sanctorum,Pym Particles,325.99,7.09,False
2025-12-08T11:00:00,Sanctum Sanctorum,Clean Water (L),1104.07,7.74,False
2025-12-08T11:00:00,Sanctum Sanctorum,Medical Kits,339.5,5.8,False
2025-12-08T11:00:00,Avengers Compound,Vibranium (kg),1398.34,6.45,False
2025-12-08T11:00:00,Avengers Compound,Arc Reactor Cores,318.59,7.74,False
2025-12-08T11:00:00,Avengers Compound,Pym Particles,327.35,7.09,False
2025-12-08T11:00:00,Avengers Compound,Clean Water (L),1104.49,7.74,False
2025-12-08T11:00:00,Avengers Compound,Medical Kits,333.31,5.8,False
2025-12-08T12:00:00,New Asgard,Vibranium (kg),2418.43,6.5,False
2025-12-08T12:00:00,New Asgard,Arc Reactor Cores,698.24,7.8,False
2025-12-08T12:00:00,New Asgard,Pym Particles,706.77,7.15,False
2025-12-08T12:00:00,New Asgard,Clean Water (L),2396.46,7.8,False
2025-12-08T12:00:00,New Asgard,Medical Kits,729.47,5.85,False
2025-12-08T12:00:00,Wakanda,Vibranium (kg),1444.97,6.5,False
2025-12-08T12:00:00,Wakanda,Arc Reactor Cores,339.48,7.8,False
2025-12-08T12:00:00,Wakanda,Pym Particles,341.87,7.15,False
2025-12-08T12:00:00,Wakanda,Clean Water (L),1167.51,7.8,False
2025-12-08T12:00:00,Wakanda,Medical Kits,360.85,5.85,False
2025-12-08T12:00:00,Sokovia,Vibranium (kg),2417.58,6.5,False
2025-12-08T12:00:00,Sokovia,Arc Reactor Cores,696.87,7.8,False
2025-12-08T12:00:00,Sokovia,Pym Particles,709.16,7.15,False
2025-12-08T12:00:00,Sokovia,Clean Water (L),2401.86,7.8,False
2025-12-08T12:00:00,Sokovia,Medical Kits,730.9,5.85,False
2025-12-08T12:00:00,Sanctum Sanctorum,Vibranium (kg),1442.03,6.5,False
2025-12-08T12:00:00,Sanctum Sanctorum,Arc Reactor Cores,344.64,7.8,False
2025-12-08T12:00:00,Sanctum Sanctorum,Pym Particles,341.91,7.15,False
2025-12-08T12:00:00,Sanctum Sanctorum,Clean Water (L),1166.05,7.8,False
2025-12-08T12:00:00,Sanctum Sanctorum,Medical Kits,356.05,5.85,False
2025-12-08T12:00:00,Avengers Compound,Vibranium (kg),1447.29,6.5,False
2025-12-08T12:00:00,Avengers Compound,Arc Reactor Cores,335.85,7.8,False
2025-12-08T12:00:00,Avengers Compound,Pym Particles,345.68,7.15,False
2025-12-08T12:00:00,Avengers Compound,Clean Water (L),1168.05,7.8,False
2025-12-08T12:00:00,Avengers Compound,Medical Kits,350.63,5.85,False
2025-12-08T13:00:00,New Asgard,Vibranium (kg),2417.2,6.45,False
2025-12-08T13:00:00,New Asgard,Arc Reactor Cores,696.77,7.74,False
2025-12-08T13:00:00,New Asgard,Pym Particles,704.92,7.09,False
2025-12-08T13:00:00,New Asgard,Clean Water (L),2395.37,7.74,False
2025-12-08T13:00:00,New Asgard,Medical Kits,728.92,5.8,False
2025-12-08T13:00:00,Wakanda,Vibranium (kg),1492.56,6.45,False
2025-12-08T13:00:00,Wakanda,Arc Reactor Cores,355.51,7.74,False
2025-12-08T13:00:00,Wakanda,Pym Particles,358.99,7.09,False
2025-12-08T13:00:00,Wakanda,Clean Water (L),1227.28,7.74,False
2025-12-08T13:00:00,Wakanda,Medical Kits,377.9,5.8,False
2025-12-08T13:00:00,Sokovia,Vibranium (kg),2417.09,6.45,False
2025-12-08T13:00:00,Sokovia,Arc Reactor Cores,695.51,7.74,False
2025-12-08T13:00:00,Sokovia,Pym Particles,707.3,7.09,False
2025-12-08T13:00:00,Sokovia,Clean Water (L),2400.4,7.74,False
2025-12-08T13:00:00,Sokovia,Medical Kits,730.82,5.8,False
2025-12-08T13:00:00,Sanctum Sanctorum,Vibranium (kg),1489.13,6.45,False
2025-12-08T13:00:00,Sanctum Sanctorum,Arc Reactor Cores,360.55,7.74,False
2025-12-08T13:00:00,Sanctum Sanctorum,Pym Particles,359.28,7.09,False
2025-12-08T13:00:00,Sanctum Sanctorum,Clean Water (L),1224.03,7.74,False
2025-12-08T13:00:00,Sanctum Sanctorum,Medical Kits,374.88,5.8,False
2025-12-08T13:00:00,Avengers Compound,Vibranium (kg),1493.83,6.45,False
2025-12-08T13:00:00,Avengers Compound,Arc Reactor Cores,352.22,7.74,False
2025-12-08T13:00:00,Avengers Compound,Pym Particles,363.98,7.09,False
2025-12-08T13:00:00,Avengers Compound,Clean Water (L),1229.63,7.74,False
2025-12-08T13:00:00,Avengers Compound,Medical Kits,368.73,5.8,False
2025-12-08T14:00:00,New Asgard,Vibranium (kg),2415.69,6.3,False
2025-12-08T14:00:00,New Asgard,Arc Reactor Cores,696.05,7.56,False
2025-12-08T14:00:00,New Asgard,Pym Particles,704.84,6.93,False
2025-12-08T14:00:00,New Asgard,Clean Water (L),2393.12,7.56,False
2025-12-08T14:00:00,New Asgard,Medical Kits,728.2,5.67,False
2025-12-08T14:00:00,Wakanda,Vibranium (kg),1537.77,6.3,False
2025-12-08T14:00:00,Wakanda,Arc Reactor Cores,372.09,7.56,False
2025-12-08T14:00:00,Wakanda,Pym Particles,374.13,6.93,False
2025-12-08T14:00:00,Wakanda,Clean Water (L),1284.45,7.56,False
2025-12-08T14:00:00,Wakanda,Medical Kits,394.26,5.67,False
2025-12-08T14:00:00,Sokovia,Vibranium (kg),2415.63,6.3,False
2025-12-08T14:00:00,Sokovia,Arc Reactor Cores,692.5,7.56,False
2025-12-08T14:00:00,Sokovia,Pym Particles,705.58,6.93,False
2025-12-08T14:00:00,Sokovia,Clean Water (L),2398.43,7.56,False
2025-12-08T14:00:00,Sokovia,Medical Kits,729.3,5.67,False
2025-12-08T14:00:00,Sanctum Sanctorum,Vibranium (kg),1532.83,6.3,False
2025-12-08T14:00:00,Sanctum Sanctorum,Arc Reactor Cores,377.24,7.56,False
2025-12-08T14:00:00,Sanctum Sanctorum,Pym Particles,375.81,6.93,False
2025-12-08T14:00:00,Sanctum Sanctorum,Clean Water (L),1281.9,7.56,False
2025-12-08T14:00:00,Sanctum Sanctorum,Medical Kits,391.36,5.67,False
2025-12-08T14:00:00,Avengers Compound,Vibranium (kg),1539.24,6.3,False
2025-12-08T14:00:00,Avengers Compound,Arc Reactor Cores,368.28,7.56,False
2025-12-08T14:00:00,Avengers Compound,Pym Particles,379.89,6.93,False
2025-12-08T14:00:00,Avengers Compound,Clean Water (L),1287.04,7.56,False
2025-12-08T14:00:00,Avengers Compound,Medical Kits,386.87,5.67,False
2025-12-08T15:00:00,New Asgard,Vibranium (kg),2415.84,6.06,False
2025-12-08T15:00:00,New Asgard,Arc Reactor Cores,693.8,7.27,False
2025-12-08T15:00:00,New Asgard,Pym Particles,703.81,6.67,False
2025-12-08T15:00:00,New Asgard,Clean Water (L),2393.64,7.27,False
2025-12-08T15:00:00,New Asgard,Medical Kits,727.58,5.45,False
2025-12-08T15:00:00,Wakanda,Vibranium (kg),1580.55,6.06,False
2025-12-08T15:00:00,Wakanda,Arc Reactor Cores,386.79,7.27,False
2025-12-08T15:00:00,Wakanda,Pym Particles,391.11,6.67,False
2025-12-08T15:00:00,Wakanda,Clean Water (L),1339.83,7.27,False
2025-12-08T15:00:00,Wakanda,Medical Kits,410.18,5.45,False
2025-12-08T15:00:00,Sokovia,Vibranium (kg),2414.42,6.06,False
2025-12-08T15:00:00,Sokovia,Arc Reactor Cores,691.94,7.27,False
2025-12-08T15:00:00,Sokovia,Pym Particles,704.54,6.67,False
2025-12-08T15:00:00,Sokovia,Clean Water (L),2397.07,7.27,False
2025-12-08T15:00:00,Sokovia,Medical Kits,727.76,5.45,False
2025-12-08T15:00:00,Sanctum Sanctorum,Vibranium (kg),1575.41,6.06,False
2025-12-08T15:00:00,Sanctum Sanctorum,Arc Reactor Cores,392.42,7.27,False
2025-12-08T15:00:00,Sanctum Sanctorum,Pym Particles,392.08,6.67,False
2025-12-08T15:00:00,Sanctum Sanctorum,Clean Water (L),1336.65,7.27,False
2025-12-08T15:00:00,Sanctum Sanctorum,Medical Kits,407.92,5.45,False
2025-12-08T15:00:00,Avengers Compound,Vibranium (kg),1583.34,6.06,False
2025-12-08T15:00:00,Avengers Compound,Arc Reactor Cores,385.01,7.27,False
2025-12-08T15:00:00,Avengers Compound,Pym Particles,396.41,6.67,False
2025-12-08T15:00:00,Avengers Compound,Clean Water (L),1341.46,7.27,False
2025-12-08T15:00:00,Avengers Compound,Medical Kits,401.66,5.45,False
2025-12-08T16:00:00,New Asgard,Vibranium (kg),2415.57,5.75,False
2025-12-08T16:00:00,New Asgard,Arc Reactor Cores,692.47,6.9,False
2025-12-08T16:00:00,New Asgard,Pym Particles,702.81,6.32,False
2025-12-08T16:00:00,New Asgard,Clean Water (L),2394.52,6.9,False
2025-12-08T16:00:00,New Asgard,Medical Kits,725.18,5.17,False
2025-12-08T16:00:00,Wakanda,Vibranium (kg),1622.99,5.75,False
2025-12-08T16:00:00,Wakanda,Arc Reactor Cores,401.79,6.9,False
2025-12-08T16:00:00,Wakanda,Pym Particles,406.59,6.32,False
2025-12-08T16:00:00,Wakanda,Clean Water (L),1393.17,6.9,False
2025-12-08T16:00:00,Wakanda,Medical Kits,425.14,5.17,False
2025-12-08T16:00:00,Sokovia,Vibranium (kg),2413.26,5.75,False
2025-12-08T16:00:00,Sokovia,Arc Reactor Cores,691.4,6.9,False
2025-12-08T16:00:00,Sokovia,Pym Particles,703.19,6.32,False
2025-12-08T16:00:00,Sokovia,Clean Water (L),2396.04,6.9,False
2025-12-08T16:00:00,Sokovia,Medical Kits,726.46,5.17,False
2025-12-08T16:00:00,Sanctum Sanctorum,Vibranium (kg),1616.55,5.75,False
2025-12-08T16:00:00,Sanctum Sanctorum,Arc Reactor Cores,407.36,6.9,False
2025-12-08T16:00:00,Sanctum Sanctorum,Pym Particles,407.2,6.32,False
2025-12-08T16:00:00,Sanctum Sanctorum,Clean Water (L),1388.62,6.9,False
2025-12-08T16:00:00,Sanctum Sanctorum,Medical Kits,424.48,5.17,False
2025-12-08T16:00:00,Avengers Compound,Vibranium (kg),1624.24,5.75,False
2025-12-08T16:00:00,Avengers Compound,Arc Reactor Cores,400.04,6.9,False
2025-12-08T16:00:00,Avengers Compound,Pym Particles,411.0,6.32,False
2025-12-08T16:00:00,Avengers Compound,Clean Water (L),1393.98,6.9,False
2025-12-08T16:00:00,Avengers Compound,Medical Kits,417.88,5.17,False
2025-12-08T17:00:00,New Asgard,Vibranium (kg),2414.09,5.39,False
2025-12-08T17:00:00,New Asgard,Arc Reactor Cores,692.3,6.47,False
2025-12-08T17:00:00,New Asgard,Pym Particles,702.94,5.93,False
2025-12-08T17:00:00,New Asgard,Clean Water (L),2394.91,6.47,False
2025-12-08T17:00:00,New Asgard,Medical Kits,725.5,4.85,False
2025-12-08T17:00:00,Wakanda,Vibranium (kg),1663.02,5.39,False
2025-12-08T17:00:00,Wakanda,Arc Reactor Cores,416.35,6.47,False
2025-12-08T17:00:00,Wakanda,Pym Particles,421.54,5.93,False
2025-12-08T17:00:00,Wakanda,Clean Water (L),1442.61,6.47,False
2025-12-08T17:00:00,Wakanda,Medical Kits,439.77,4.85,False
2025-12-08T17:00:00,Sokovia,Vibranium (kg),2413.01,5.39,False
2025-12-08T17:00:00,Sokovia,Arc Reactor Cores,691.89,6.47,False
2025-12-08T17:00:00,Sokovia,Pym Particles,702.82,5.93,False
2025-12-08T17:00:00,Sokovia,Clean Water (L),2395.88,6.47,False
2025-12-08T17:00:00,Sokovia,Medical Kits,725.7,4.85,False
2025-12-08T17:00:00,Sanctum Sanctorum,Vibranium (kg),1656.5,5.39,False
2025-12-08T17:00:00,Sanctum Sanctorum,Arc Reactor Cores,421.67,6.47,False
2025-12-08T17:00:00,Sanctum Sanctorum,Pym Particles,421.14,5.93,False
2025-12-08T17:00:00,Sanctum Sanctorum,Clean Water (L),1437.82,6.47,False
2025-12-08T17:00:00,Sanctum Sanctorum,Medical Kits,438.49,4.85,False
2025-12-08T17:00:00,Avengers Compound,Vibranium (kg),1665.41,5.39,False
2025-12-08T17:00:00,Avengers Compound,Arc Reactor Cores,413.65,6.47,False
2025-12-08T17:00:00,Avengers Compound,Pym Particles,425.48,5.93,False
2025-12-08T17:00:00,Avengers Compound,Clean Water (L),1443.53,6.47,False
2025-12-08T17:00:00,Avengers Compound,Medical Kits,432.51,4.85,False
2025-12-08T18:00:00,New Asgard,Vibranium (kg),2413.63,5.0,False
2025-12-08T18:00:00,New Asgard,Arc Reactor Cores,693.57,6.0,False
2025-12-08T18:00:00,New Asgard,Pym Particles,703.24,5.5,False
2025-12-08T18:00:00,New Asgard,Clean Water (L),2395.08,6.0,False
2025-12-08T18:00:00,New Asgard,Medical Kits,725.08,4.5,False
2025-12-08T18:00:00,Wakanda,Vibranium (kg),1701.77,5.0,False
2025-12-08T18:00:00,Wakanda,Arc Reactor Cores,431.99,6.0,False
2025-12-08T18:00:00,Wakanda,Pym Particles,435.32,5.5,False
2025-12-08T18:00:00,Wakanda,Clean Water (L),1491.25,6.0,False
2025-12-08T18:00:00,Wakanda,Medical Kits,453.09,4.5,False
2025-12-08T18:00:00,Sokovia,Vibranium (kg),2412.29,5.0,False
2025-12-08T18:00:00,Sokovia,Arc Reactor Cores,691.53,6.0,False
2025-12-08T18:00:00,Sokovia,Pym Particles,704.05,5.5,False
2025-12-08T18:00:00,Sokovia,Clean Water (L),2395.11,6.0,False
2025-12-08T18:00:00,Sokovia,Medical Kits,725.13,4.5,False
2025-12-08T18:00:00,Sanctum Sanctorum,Vibranium (kg),1694.16,5.0,False
2025-12-08T18:00:00,Sanctum Sanctorum,Arc Reactor Cores,436.47,6.0,False
2025-12-08T18:00:00,Sanctum Sanctorum,Pym Particles,435.66,5.5,False
2025-12-08T18:00:00,Sanctum Sanctorum,Clean Water (L),1485.04,6.0,False
2025-12-08T18:00:00,Sanctum Sanctorum,Medical Kits,453.76,4.5,False
2025-12-08T18:00:00,Avengers Compound,Vibranium (kg),1702.86,5.0,False
2025-12-08T18:00:00,Avengers Compound,Arc Reactor Cores,427.72,6.0,False
2025-12-08T18:00:00,Avengers Compound,Pym Particles,439.61,5.5,False
2025-12-08T18:00:00,Avengers Compound,Clean Water (L),1490.7,6.0,False
2025-12-08T18:00:00,Avengers Compound,Medical Kits,447.08,4.5,False
2025-12-08T19:00:00,New Asgard,Vibranium (kg),2414.53,4.61,False
2025-12-08T19:00:00,New Asgard,Arc Reactor Cores,692.94,5.53,False
2025-12-08T19:00:00,New Asgard,Pym Particles,703.05,5.07,False
2025-12-08T19:00:00,New Asgard,Clean Water (L),2394.5,5.53,False
2025-12-08T19:00:00,New Asgard,Medical Kits,724.67,4.15,False
2025-12-08T19:00:00,Wakanda,Vibranium (kg),1736.1,4.61,False
2025-12-08T19:00:00,Wakanda,Arc Reactor Cores,445.61,5.53,False
2025-12-08T19:00:00,Wakanda,Pym Particles,449.99,5.07,False
2025-12-08T19:00:00,Wakanda,Clean Water (L),1538.4,5.53,False
2025-12-08T19:00:00,Wakanda,Medical Kits,466.8,4.15,False
2025-12-08T19:00:00,Sokovia,Vibranium (kg),2413.35,4.61,False
2025-12-08T19:00:00,Sokovia,Arc Reactor Cores,690.76,5.53,False
2025-12-08T19:00:00,Sokovia,Pym Particles,704.98,5.07,False
2025-12-08T19:00:00,Sokovia,Clean Water (L),2395.8,5.53,False
2025-12-08T19:00:00,Sokovia,Medical Kits,726.98,4.15,False
2025-12-08T19:00:00,Sanctum Sanctorum,Vibranium (kg),1732.1,4.61,False
2025-12-08T19:00:00,Sanctum Sanctorum,Arc Reactor Cores,449.2,5.53,False
2025-12-08T19:00:00,Sanctum Sanctorum,Pym Particles,450.43,5.07,False
2025-12-08T19:00:00,Sanctum Sanctorum,Clean Water (L),1529.72,5.53,False
2025-12-08T19:00:00,Sanctum Sanctorum,Medical Kits,466.67,4.15,False
2025-12-08T19:00:00,Avengers Compound,Vibranium (kg),1738.64,4.61,False
2025-12-08T19:00:00,Avengers Compound,Arc Reactor Cores,441.32,5.53,False
2025-12-08T19:00:00,Avengers Compound,Pym Particles,452.41,5.07,False
2025-12-08T19:00:00,Avengers Compound,Clean Water (L),1537.65,5.53,False
2025-12-08T19:00:00,Avengers Compound,Medical Kits,462.25,4.15,False
2025-12-08T20:00:00,New Asgard,Vibranium (kg),2416.54,4.25,False
2025-12-08T20:00:00,New Asgard,Arc Reactor Cores,693.74,5.1,False
2025-12-08T20:00:00,New Asgard,Pym Particles,703.87,4.68,False
2025-12-08T20:00:00,New Asgard,Clean Water (L),2394.65,5.1,False
2025-12-08T20:00:00,New Asgard,Medical Kits,727.04,3.83,False
2025-12-08T20:00:00,Wakanda,Vibranium (kg),1771.72,4.25,False
2025-12-08T20:00:00,Wakanda,Arc Reactor Cores,459.03,5.1,False
2025-12-08T20:00:00,Wakanda,Pym Particles,465.54,4.68,False
2025-12-08T20:00:00,Wakanda,Clean Water (L),1581.64,5.1,False
2025-12-08T20:00:00,Wakanda,Medical Kits,481.4,3.83,False
2025-12-08T20:00:00,Sokovia,Vibranium (kg),2415.25,4.25,False
2025-12-08T20:00:00,Sokovia,Arc Reactor Cores,691.89,5.1,False
2025-12-08T20:00:00,Sokovia,Pym Particles,705.85,4.68,False
2025-12-08T20:00:00,Sokovia,Clean Water (L),2396.36,5.1,False
2025-12-08T20:00:00,Sokovia,Medical Kits,728.41,3.83,False
2025-12-08T20:00:00,Sanctum Sanctorum,Vibranium (kg),1767.19,4.25,False
2025-12-08T20:00:00,Sanctum Sanctorum,Arc Reactor Cores,463.49,5.1,False
2025-12-08T20:00:00,Sanctum Sanctorum,Pym Particles,465.79,4.68,False
2025-12-08T20:00:00,Sanctum Sanctorum,Clean Water (L),1574.42,5.1,False
2025-12-08T20:00:00,Sanctum Sanctorum,Medical Kits,481.1,3.83,False
2025-12-08T20:00:00,Avengers Compound,Vibranium (kg),1772.89,4.25,False
2025-12-08T20:00:00,Avengers Compound,Arc Reactor Cores,455.26,5.1,False
2025-12-08T20:00:00,Avengers Compound,Pym Particles,466.48,4.68,False
2025-12-08T20:00:00,Avengers Compound,Clean Water (L),1582.58,5.1,False
2025-12-08T20:00:00,Avengers Compound,Medical Kits,475.19,3.83,False
2025-12-08T21:00:00,New Asgard,Vibranium (kg),2418.88,3.94,False
2025-12-08T21:00:00,New Asgard,Arc Reactor Cores,693.77,4.73,False
2025-12-08T21:00:00,New Asgard,Pym Particles,705.02,4.33,False
2025-12-08T21:00:00,New Asgard,Clean Water (L),2397.05,4.73,False
2025-12-08T21:00:00,New Asgard,Medical Kits,728.12,3.55,False
2025-12-08T21:00:00,Wakanda,Vibranium (kg),1806.46,3.94,False
2025-12-08T21:00:00,Wakanda,Arc Reactor Cores,471.57,4.73,False
2025-12-08T21:00:00,Wakanda,Pym Particles,478.66,4.33,False
2025-12-08T21:00:00,Wakanda,Clean Water (L),1622.61,4.73,False
2025-12-08T21:00:00,Wakanda,Medical Kits,494.64,3.55,False
2025-12-08T21:00:00,Sokovia,Vibranium (kg),2416.76,3.94,False
2025-12-08T21:00:00,Sokovia,Arc Reactor Cores,693.82,4.73,False
2025-12-08T21:00:00,Sokovia,Pym Particles,705.93,4.33,False
2025-12-08T21:00:00,Sokovia,Clean Water (L),2397.0,4.73,False
2025-12-08T21:00:00,Sokovia,Medical Kits,730.92,3.55,False
2025-12-08T21:00:00,Sanctum Sanctorum,Vibranium (kg),1800.95,3.94,False
2025-12-08T21:00:00,Sanctum Sanctorum,Arc Reactor Cores,476.38,4.73,False
2025-12-08T21:00:00,Sanctum Sanctorum,Pym Particles,479.09,4.33,False
2025-12-08T21:00:00,Sanctum Sanctorum,Clean Water (L),1617.93,4.73,False
2025-12-08T21:00:00,Sanctum Sanctorum,Medical Kits,494.65,3.55,False
2025-12-08T21:00:00,Avengers Compound,Vibranium (kg),1806.12,3.94,False
2025-12-08T21:00:00,Avengers Compound,Arc Reactor Cores,467.39,4.73,False
2025-12-08T21:00:00,Avengers Compound,Pym Particles,478.86,4.33,False
2025-12-08T21:00:00,Avengers Compound,Clean Water (L),1624.97,4.73,False
2025-12-08T21:00:00,Avengers Compound,Medical Kits,488.3,3.55,False
2025-12-08T22:00:00,New Asgard,Vibranium (kg),2419.59,3.7,False
2025-12-08T22:00:00,New Asgard,Arc Reactor Cores,695.01,4.44,False
2025-12-08T22:00:00,New Asgard,Pym Particles,707.05,4.07,False
2025-12-08T22:00:00,New Asgard,Clean Water (L),2397.65,4.44,False
2025-12-08T22:00:00,New Asgard,Medical Kits,729.64,3.33,False
2025-12-08T22:00:00,Wakanda,Vibranium (kg),1837.6,3.7,False
2025-12-08T22:00:00,Wakanda,Arc Reactor Cores,483.22,4.44,False
2025-12-08T22:00:00,Wakanda,Pym Particles,490.13,4.07,False
2025-12-08T22:00:00,Wakanda,Clean Water (L),1664.03,4.44,False
2025-12-08T22:00:00,Wakanda,Medical Kits,507.1,3.33,False
2025-12-08T22:00:00,Sokovia,Vibranium (kg),2418.71,3.7,False
2025-12-08T22:00:00,Sokovia,Arc Reactor Cores,693.9,4.44,False
2025-12-08T22:00:00,Sokovia,Pym Particles,705.97,4.07,False
2025-12-08T22:00:00,Sokovia,Clean Water (L),2397.86,4.44,False
2025-12-08T22:00:00,Sokovia,Medical Kits,732.99,3.33,False
2025-12-08T22:00:00,Sanctum Sanctorum,Vibranium (kg),1832.89,3.7,False
2025-12-08T22:00:00,Sanctum Sanctorum,Arc Reactor Cores,488.23,4.44,False
2025-12-08T22:00:00,Sanctum Sanctorum,Pym Particles,491.87,4.07,False
2025-12-08T22:00:00,Sanctum Sanctorum,Clean Water (L),1659.06,4.44,False
2025-12-08T22:00:00,Sanctum Sanctorum,Medical Kits,508.12,3.33,False
2025-12-08T22:00:00,Avengers Compound,Vibranium (kg),1838.66,3.7,False
2025-12-08T22:00:00,Avengers Compound,Arc Reactor Cores,481.76,4.44,False
2025-12-08T22:00:00,Avengers Compound,Pym Particles,491.42,4.07,False
2025-12-08T22:00:00,Avengers Compound,Clean Water (L),1664.45,4.44,False
2025-12-08T22:00:00,Avengers Compound,Medical Kits,500.85,3.33,False
2025-12-08T23:00:00,New Asgard,Vibranium (kg),2421.41,3.55,False
2025-12-08T23:00:00,New Asgard,Arc Reactor Cores,697.31,4.26,False
2025-12-08T23:00:00,New Asgard,Pym Particles,709.23,3.91,False
2025-12-08T23:00:00,New Asgard,Clean Water (L),2398.37,4.26,False
2025-12-08T23:00:00,New Asgard,Medical Kits,731.64,3.2,False
2025-12-08T23:00:00,Wakanda,Vibranium (kg),1866.48,3.55,False
2025-12-08T23:00:00,Wakanda,Arc Reactor Cores,496.13,4.26,False
2025-12-08T23:00:00,Wakanda,Pym Particles,502.05,3.91,False
2025-12-08T23:00:00,Wakanda,Clean Water (L),1702.16,4.26,False
2025-12-08T23:00:00,Wakanda,Medical Kits,518.39,3.2,False
2025-12-08T23:00:00,Sokovia,Vibranium (kg),2418.92,3.55,False
2025-12-08T23:00:00,Sokovia,Arc Reactor Cores,695.75,4.26,False
2025-12-08T23:00:00,Sokovia,Pym Particles,708.7,3.91,False
2025-12-08T23:00:00,Sokovia,Clean Water (L),2398.58,4.26,False
2025-12-08T23:00:00,Sokovia,Medical Kits,734.82,3.2,False
2025-12-08T23:00:00,Sanctum Sanctorum,Vibranium (kg),1864.46,3.55,False
2025-12-08T23:00:00,Sanctum Sanctorum,Arc Reactor Cores,501.64,4.26,False
2025-12-08T23:00:00,Sanctum Sanctorum,Pym Particles,503.6,3.91,False
2025-12-08T23:00:00,Sanctum Sanctorum,Clean Water (L),1697.27,4.26,False
2025-12-08T23:00:00,Sanctum Sanctorum,Medical Kits,521.05,3.2,False
2025-12-08T23:00:00,Avengers Compound,Vibranium (kg),1869.11,3.55,False
2025-12-08T23:00:00,Avengers Compound,Arc Reactor Cores,493.95,4.26,False
2025-12-08T23:00:00,Avengers Compound,Pym Particles,505.35,3.91,False
2025-12-08T23:00:00,Avengers Compound,Clean Water (L),1703.19,4.26,False
2025-12-08T23:00:00,Avengers Compound,Medical Kits,512.78,3.2,False
2025-12-09T00:00:00,New Asgard,Vibranium (kg),2422.39,3.5,False
2025-12-09T00:00:00,New Asgard,Arc Reactor Cores,700.12,4.2,False
2025-12-09T00:00:00,New Asgard,Pym Particles,709.63,3.85,False
2025-12-09T00:00:00,New Asgard,Clean Water (L),2400.92,4.2,False
2025-12-09T00:00:00,New Asgard,Medical Kits,732.67,3.15,False
2025-12-09T00:00:00,Wakanda,Vibranium (kg),1895.82,3.5,False
2025-12-09T00:00:00,Wakanda,Arc Reactor Cores,508.86,4.2,False
2025-12-09T00:00:00,Wakanda,Pym Particles,512.79,3.85,False
2025-12-09T00:00:00,Wakanda,Clean Water (L),1738.35,4.2,False
2025-12-09T00:00:00,Wakanda,Medical Kits,531.09,3.15,False
2025-12-09T00:00:00,Sokovia,Vibranium (kg),2419.75,3.5,False
2025-12-09T00:00:00,Sokovia,Arc Reactor Cores,698.67,4.2,False
2025-12-09T00:00:00,Sokovia,Pym Particles,710.26,3.85,False
2025-12-09T00:00:00,Sokovia,Clean Water (L),2400.22,4.2,False
2025-12-09T00:00:00,Sokovia,Medical Kits,735.9,3.15,False
2025-12-09T00:00:00,Sanctum Sanctorum,Vibranium (kg),1892.57,3.5,False
2025-12-09T00:00:00,Sanctum Sanctorum,Arc Reactor Cores,513.0,4.2,False
2025-12-09T00:00:00,Sanctum Sanctorum,Pym Particles,514.87,3.85,False
2025-12-09T00:00:00,Sanctum Sanctorum,Clean Water (L),1732.75,4.2,False
2025-12-09T00:00:00,Sanctum Sanctorum,Medical Kits,532.25,3.15,False
2025-12-09T00:00:00,Avengers Compound,Vibranium (kg),1899.52,3.5,False
2025-12-09T00:00:00,Avengers Compound,Arc Reactor Cores,504.93,4.2,False
2025-12-09T00:00:00,Avengers Compound,Pym Particles,517.27,3.85,False
2025-12-09T00:00:00,Avengers Compound,Clean Water (L),1741.07,4.2,False
2025-12-09T00:00:00,Avengers Compound,Medical Kits,525.35,3.15,False
2025-12-09T01:00:00,New Asgard,Vibranium (kg),2423.83,3.55,False
2025-12-09T01:00:00,New Asgard,Arc Reactor Cores,702.26,4.26,False
2025-12-09T01:00:00,New Asgard,Pym Particles,711.42,3.91,False
2025-12-09T01:00:00,New Asgard,Clean Water (L),2402.65,4.26,False
2025-12-09T01:00:00,New Asgard,Medical Kits,734.25,3.2,False
2025-12-09T01:00:00,Wakanda,Vibranium (kg),1924.06,3.55,False
2025-12-09T01:00:00,Wakanda,Arc Reactor Cores,519.83,4.26,False
2025-12-09T01:00:00,Wakanda,Pym Particles,522.91,3.91,False
2025-12-09T01:00:00,Wakanda,Clean Water (L),1771.9,4.26,False
2025-12-09T01:00:00,Wakanda,Medical Kits,542.38,3.2,False
2025-12-09T01:00:00,Sokovia,Vibranium (kg),2422.17,3.55,False
2025-12-09T01:00:00,Sokovia,Arc Reactor Cores,701.99,4.26,False
2025-12-09T01:00:00,Sokovia,Pym Particles,712.97,3.91,False
2025-12-09T01:00:00,Sokovia,Clean Water (L),2401.76,4.26,False
2025-12-09T01:00:00,Sokovia,Medical Kits,738.18,3.2,False
2025-12-09T01:00:00,Sanctum Sanctorum,Vibranium (kg),1920.39,3.55,False
2025-12-09T01:00:00,Sanctum Sanctorum,Arc Reactor Cores,524.71,4.26,False
2025-12-09T01:00:00,Sanctum Sanctorum,Pym Particles,525.9,3.91,False
2025-12-09T01:00:00,Sanctum Sanctorum,Clean Water (L),1769.26,4.26,False
2025-12-09T01:00:00,Sanctum Sanctorum,Medical Kits,543.78,3.2,False
2025-12-09T01:00:00,Avengers Compound,Vibranium (kg),1926.88,3.55,False
2025-12-09T01:00:00,Avengers Compound,Arc Reactor Cores,515.76,4.26,False
2025-12-09T01:00:00,Avengers Compound,Pym Particles,527.51,3.91,False
2025-12-09T01:00:00,Avengers Compound,Clean Water (L),1775.1,4.26,False
2025-12-09T01:00:00,Avengers Compound,Medical Kits,536.6,3.2,False
2025-12-09T02:00:00,New Asgard,Vibranium (kg),2423.69,3.7,False
2025-12-09T02:00:00,New Asgard,Arc Reactor Cores,702.74,4.44,False
2025-12-09T02:00:00,New Asgard,Pym Particles,712.24,4.07,False
2025-12-09T02:00:00,New Asgard,Clean Water (L),2404.47,4.44,False
2025-12-09T02:00:00,New Asgard,Medical Kits,734.87,3.33,False
2025-12-09T02:00:00,Wakanda,Vibranium (kg),1949.6,3.7,False
2025-12-09T02:00:00,Wakanda,Arc Reactor Cores,529.83,4.44,False
2025-12-09T02:00:00,Wakanda,Pym Particles,532.42,4.07,False
2025-12-09T02:00:00,Wakanda,Clean Water (L),1805.04,4.44,False
2025-12-09T02:00:00,Wakanda,Medical Kits,552.02,3.33,False
2025-12-09T02:00:00,Sokovia,Vibranium (kg),2423.71,3.7,False
2025-12-09T02:00:00,Sokovia,Arc Reactor Cores,703.16,4.44,False
2025-12-09T02:00:00,Sokovia,Pym Particles,714.22,4.07,False
2025-12-09T02:00:00,Sokovia,Clean Water (L),2402.89,4.44,False
2025-12-09T02:00:00,Sokovia,Medical Kits,740.36,3.33,False
2025-12-09T02:00:00,Sanctum Sanctorum,Vibranium (kg),1946.0,3.7,False
2025-12-09T02:00:00,Sanctum Sanctorum,Arc Reactor Cores,535.26,4.44,False
2025-12-09T02:00:00,Sanctum Sanctorum,Pym Particles,536.7,4.07,False
2025-12-09T02:00:00,Sanctum Sanctorum,Clean Water (L),1801.66,4.44,False
2025-12-09T02:00:00,Sanctum Sanctorum,Medical Kits,555.05,3.33,False
2025-12-09T02:00:00,Avengers Compound,Vibranium (kg),1953.55,3.7,False
2025-12-09T02:00:00,Avengers Compound,Arc Reactor Cores,526.52,4.44,False
2025-12-09T02:00:00,Avengers Compound,Pym Particles,539.23,4.07,False
2025-12-09T02:00:00,Avengers Compound,Clean Water (L),1809.26,4.44,False
2025-12-09T02:00:00,Avengers Compound,Medical Kits,549.3,3.33,False
2025-12-09T03:00:00,New Asgard,Vibranium (kg),2425.41,3.94,False
2025-12-09T03:00:00,New Asgard,Arc Reactor Cores,702.58,4.73,False
2025-12-09T03:00:00,New Asgard,Pym Particles,712.73,4.33,False
2025-12-09T03:00:00,New Asgard,Clean Water (L),2404.99,4.73,False
2025-12-09T03:00:00,New Asgard,Medical Kits,734.84,3.55,False
2025-12-09T03:00:00,Wakanda,Vibranium (kg),1975.33,3.94,False
2025-12-09T03:00:00,Wakanda,Arc Reactor Cores,539.04,4.73,False
2025-12-09T03:00:00,Wakanda,Pym Particles,541.81,4.33,False
2025-12-09T03:00:00,Wakanda,Clean Water (L),1835.84,4.73,False
2025-12-09T03:00:00,Wakanda,Medical Kits,562.48,3.55,False
2025-12-09T03:00:00,Sokovia,Vibranium (kg),2423.36,3.94,False
2025-12-09T03:00:00,Sokovia,Arc Reactor Cores,705.37,4.73,False
2025-12-09T03:00:00,Sokovia,Pym Particles,713.89,4.33,False
2025-12-09T03:00:00,Sokovia,Clean Water (L),2403.39,4.73,False
2025-12-09T03:00:00,Sokovia,Medical Kits,741.04,3.55,False
2025-12-09T03:00:00,Sanctum Sanctorum,Vibranium (kg),1970.46,3.94,False
2025-12-09T03:00:00,Sanctum Sanctorum,Arc Reactor Cores,544.82,4.73,False
2025-12-09T03:00:00,Sanctum Sanctorum,Pym Particles,546.49,4.33,False
2025-12-09T03:00:00,Sanctum Sanctorum,Clean Water (L),1832.26,4.73,False
2025-12-09T03:00:00,Sanctum Sanctorum,Medical Kits,565.25,3.55,False
2025-12-09T03:00:00,Avengers Compound,Vibranium (kg),1978.85,3.94,False
2025-12-09T03:00:00,Avengers Compound,Arc Reactor Cores,538.04,4.73,False
2025-12-09T03:00:00,Avengers Compound,Pym Particles,550.15,4.33,False
2025-12-09T03:00:00,Avengers Compound,Clean Water (L),1841.61,4.73,False
2025-12-09T03:00:00,Avengers Compound,Medical Kits,559.74,3.55,False
2025-12-09T04:00:00,New Asgard,Vibranium (kg),2425.97,4.25,False
2025-12-09T04:00:00,New Asgard,Arc Reactor Cores,702.17,5.1,False
2025-12-09T04:00:00,New Asgard,Pym Particles,712.43,4.68,False
2025-12-09T04:00:00,New Asgard,Clean Water (L),2405.28,5.1,False
2025-12-09T04:00:00,New Asgard,Medical Kits,735.35,3.83,False
2025-12-09T04:00:00,Wakanda,Vibranium (kg),1999.46,4.25,False
2025-12-09T04:00:00,Wakanda,Arc Reactor Cores,547.88,5.1,False
2025-12-09T04:00:00,Wakanda,Pym Particles,551.71,4.68,False
2025-12-09T04:00:00,Wakanda,Clean Water (L),1865.47,5.1,False
2025-12-09T04:00:00,Wakanda,Medical Kits,572.82,3.83,False
2025-12-09T04:00:00,Sokovia,Vibranium (kg),2424.18,4.25,False
2025-12-09T04:00:00,Sokovia,Arc Reactor Cores,705.87,5.1,False
2025-12-09T04:00:00,Sokovia,Pym Particles,714.51,4.68,False
2025-12-09T04:00:00,Sokovia,Clean Water (L),2404.53,5.1,False
2025-12-09T04:00:00,Sokovia,Medical Kits,739.59,3.83,False
2025-12-09T04:00:00,Sanctum Sanctorum,Vibranium (kg),1992.88,4.25,False
2025-12-09T04:00:00,Sanctum Sanctorum,Arc Reactor Cores,554.06,5.1,False
2025-12-09T04:00:00,Sanctum Sanctorum,Pym Particles,555.74,4.68,False
2025-12-09T04:00:00,Sanctum Sanctorum,Clean Water (L),1861.1,5.1,False
2025-12-09T04:00:00,Sanctum Sanctorum,Medical Kits,573.28,3.83,False
2025-12-09T04:00:00,Avengers Compound,Vibranium (kg),2002.13,4.25,False
2025-12-09T04:00:00,Avengers Compound,Arc Reactor Cores,546.6,5.1,False
2025-12-09T04:00:00,Avengers Compound,Pym Particles,559.94,4.68,False
2025-12-09T04:00:00,Avengers Compound,Clean Water (L),1869.59,5.1,False
2025-12-09T04:00:00,Avengers Compound,Medical Kits,567.42,3.83,False
2025-12-09T05:00:00,New Asgard,Vibranium (kg),2426.27,4.61,False
2025-12-09T05:00:00,New Asgard,Arc Reactor Cores,702.83,5.53,False
2025-12-09T05:00:00,New Asgard,Pym Particles,711.86,5.07,False
2025-12-09T05:00:00,New Asgard,Clean Water (L),2405.95,5.53,False
2025-12-09T05:00:00,New Asgard,Medical Kits,737.24,4.15,False
2025-12-09T05:00:00,Wakanda,Vibranium (kg),2020.7,4.61,False
2025-12-09T05:00:00,Wakanda,Arc Reactor Cores,556.05,5.53,False
2025-12-09T05:00:00,Wakanda,Pym Particles,559.15,5.07,False
2025-12-09T05:00:00,Wakanda,Clean Water (L),1891.94,5.53,False
2025-12-09T05:00:00,Wakanda,Medical Kits,582.27,4.15,False
2025-12-09T05:00:00,Sokovia,Vibranium (kg),2425.62,4.61,False
2025-12-09T05:00:00,Sokovia,Arc Reactor Cores,706.14,5.53,False
2025-12-09T05:00:00,Sokovia,Pym Particles,714.83,5.07,False
2025-12-09T05:00:00,Sokovia,Clean Water (L),2404.43,5.53,False
2025-12-09T05:00:00,Sokovia,Medical Kits,739.73,4.15,False
2025-12-09T05:00:00,Sanctum Sanctorum,Vibranium (kg),2015.82,4.61,False
2025-12-09T05:00:00,Sanctum Sanctorum,Arc Reactor Cores,562.27,5.53,False
2025-12-09T05:00:00,Sanctum Sanctorum,Pym Particles,562.78,5.07,False
2025-12-09T05:00:00,Sanctum Sanctorum,Clean Water (L),1888.73,5.53,False
2025-12-09T05:00:00,Sanctum Sanctorum,Medical Kits,581.29,4.15,False
2025-12-09T05:00:00,Avengers Compound,Vibranium (kg),2021.75,4.61,False
2025-12-09T05:00:00,Avengers Compound,Arc Reactor Cores,555.21,5.53,False
2025-12-09T05:00:00,Avengers Compound,Pym Particles,567.42,5.07,False
2025-12-09T05:00:00,Avengers Compound,Clean Water (L),1896.26,5.53,False
2025-12-09T05:00:00,Avengers Compound,Medical Kits,576.01,4.15,False
2025-12-09T06:00:00,New Asgard,Vibranium (kg),2426.08,5.0,False
2025-12-09T06:00:00,New Asgard,Arc Reactor Cores,704.01,6.0,False
2025-12-09T06:00:00,New Asgard,Pym Particles,712.22,5.5,False
2025-12-09T06:00:00,New Asgard,Clean Water (L),2405.47,6.0,False
2025-12-09T06:00:00,New Asgard,Medical Kits,736.74,4.5,False
2025-12-09T06:00:00,Wakanda,Vibranium (kg),2039.84,5.0,False
2025-12-09T06:00:00,Wakanda,Arc Reactor Cores,562.88,6.0,False
2025-12-09T06:00:00,Wakanda,Pym Particles,566.18,5.5,False
2025-12-09T06:00:00,Wakanda,Clean Water (L),1917.65,6.0,False
2025-12-09T06:00:00,Wakanda,Medical Kits,589.85,4.5,False
2025-12-09T06:00:00,Sokovia,Vibranium (kg),2425.07,5.0,False
2025-12-09T06:00:00,Sokovia,Arc Reactor Cores,705.72,6.0,False
2025-12-09T06:00:00,Sokovia,Pym Particles,714.09,5.5,False
2025-12-09T06:00:00,Sokovia,Clean Water (L),2402.49,6.0,False
2025-12-09T06:00:00,Sokovia,Medical Kits,738.5,4.5,False
2025-12-09T06:00:00,Sanctum Sanctorum,Vibranium (kg),2036.94,5.0,False
2025-12-09T06:00:00,Sanctum Sanctorum,Arc Reactor Cores,569.07,6.0,False
2025-12-09T06:00:00,Sanctum Sanctorum,Pym Particles,570.45,5.5,False
2025-12-09T06:00:00,Sanctum Sanctorum,Clean Water (L),1913.18,6.0,False
2025-12-09T06:00:00,Sanctum Sanctorum,Medical Kits,588.0,4.5,False
2025-12-09T06:00:00,Avengers Compound,Vibranium (kg),2041.53,5.0,False
2025-12-09T06:00:00,Avengers Compound,Arc Reactor Cores,561.84,6.0,False
2025-12-09T06:00:00,Avengers Compound,Pym Particles,573.52,5.5,False
2025-12-09T06:00:00,Avengers Compound,Clean Water (L),1920.89,6.0,False
2025-12-09T06:00:00,Avengers Compound,Medical Kits,584.16,4.5,False
2025-12-09T07:00:00,New Asgard,Vibranium (kg),2424.97,5.39,False
2025-12-09T07:00:00,New Asgard,Arc Reactor Cores,703.14,6.47,False
2025-12-09T07:00:00,New Asgard,Pym Particles,711.8,5.93,False
2025-12-09T07:00:00,New Asgard,Clean Water (L),2405.22,6.47,False
2025-12-09T07:00:00,New Asgard,Medical Kits,735.66,4.85,False
2025-12-09T07:00:00,Wakanda,Vibranium (kg),2059.49,5.39,False
2025-12-09T07:00:00,Wakanda,Arc Reactor Cores,568.65,6.47,False
2025-12-09T07:00:00,Wakanda,Pym Particles,573.2,5.93,False
2025-12-09T07:00:00,Wakanda,Clean Water (L),1941.17,6.47,False
2025-12-09T07:00:00,Wakanda,Medical Kits,597.58,4.85,False
2025-12-09T07:00:00,Sokovia,Vibranium (kg),2425.38,5.39,False
2025-12-09T07:00:00,Sokovia,Arc Reactor Cores,705.32,6.47,False
2025-12-09T07:00:00,Sokovia,Pym Particles,712.09,5.93,False
2025-12-09T07:00:00,Sokovia,Clean Water (L),2401.64,6.47,False
2025-12-09T07:00:00,Sokovia,Medical Kits,738.45,4.85,False
2025-12-09T07:00:00,Sanctum Sanctorum,Vibranium (kg),2054.77,5.39,False
2025-12-09T07:00:00,Sanctum Sanctorum,Arc Reactor Cores,573.3,6.47,False
2025-12-09T07:00:00,Sanctum Sanctorum,Pym Particles,576.93,5.93,False
2025-12-09T07:00:00,Sanctum Sanctorum,Clean Water (L),1937.19,6.47,False
2025-12-09T07:00:00,Sanctum Sanctorum,Medical Kits,595.16,4.85,False
2025-12-09T07:00:00,Avengers Compound,Vibranium (kg),2060.79,5.39,False
2025-12-09T07:00:00,Avengers Compound,Arc Reactor Cores,568.21,6.47,False
2025-12-09T07:00:00,Avengers Compound,Pym Particles,579.55,5.93,False
2025-12-09T07:00:00,Avengers Compound,Clean Water (L),1944.59,6.47,False
2025-12-09T07:00:00,Avengers Compound,Medical Kits,591.57,4.85,False
2025-12-09T08:00:00,New Asgard,Vibranium (kg),2425.37,5.75,False
2025-12-09T08:00:00,New Asgard,Arc Reactor Cores,702.05,6.9,False
2025-12-09T08:00:00,New Asgard,Pym Particles,711.75,6.32,False
2025-12-09T08:00:00,New Asgard,Clean Water (L),2404.34,6.9,False
2025-12-09T08:00:00,New Asgard,Medical Kits,735.48,5.17,False
2025-12-09T08:00:00,Wakanda,Vibranium (kg),2076.4,5.75,False
2025-12-09T08:00:00,Wakanda,Arc Reactor Cores,574.6,6.9,False
2025-12-09T08:00:00,Wakanda,Pym Particles,579.54,6.32,False
2025-12-09T08:00:00,Wakanda,Clean Water (L),1962.7,6.9,False
2025-12-09T08:00:00,Wakanda,Medical Kits,604.39,5.17,False
2025-12-09T08:00:00,Sokovia,Vibranium (kg),2424.35,5.75,False
2025-12-09T08:00:00,Sokovia,Arc Reactor Cores,704.85,6.9,False
2025-12-09T08:00:00,Sokovia,Pym Particles,711.24,6.32,False
2025-12-09T08:00:00,Sokovia,Clean Water (L),2402.4,6.9,False
2025-12-09T08:00:00,Sokovia,Medical Kits,736.12,5.17,False
2025-12-09T08:00:00,Sanctum Sanctorum,Vibranium (kg),2072.9,5.75,False
2025-12-09T08:00:00,Sanctum Sanctorum,Arc Reactor Cores,579.62,6.9,False
2025-12-09T08:00:00,Sanctum Sanctorum,Pym Particles,583.76,6.32,False
2025-12-09T08:00:00,Sanctum Sanctorum,Clean Water (L),1959.18,6.9,False
2025-12-09T08:00:00,Sanctum Sanctorum,Medical Kits,601.42,5.17,False
2025-12-09T08:00:00,Avengers Compound,Vibranium (kg),2077.13,5.75,False
2025-12-09T08:00:00,Avengers Compound,Arc Reactor Cores,575.64,6.9,False
2025-12-09T08:00:00,Avengers Compound,Pym Particles,586.16,6.32,False
2025-12-09T08:00:00,Avengers Compound,Clean Water (L),1966.3,6.9,False
2025-12-09T08:00:00,Avengers Compound,Medical Kits,599.0,5.17,False
2025-12-09T09:00:00,New Asgard,Vibranium (kg),2424.48,6.06,False
2025-12-09T09:00:00,New Asgard,Arc Reactor Cores,702.02,7.27,False
2025-12-09T09:00:00,New Asgard,Pym Particles,709.65,6.67,False
2025-12-09T09:00:00,New Asgard,Clean Water (L),2402.39,7.27,False
2025-12-09T09:00:00,New Asgard,Medical Kits,733.74,5.45,False
2025-12-09T09:00:00,Wakanda,Vibranium (kg),2091.55,6.06,False
2025-12-09T09:00:00,Wakanda,Arc Reactor Cores,578.27,7.27,False
2025-12-09T09:00:00,Wakanda,Pym Particles,584.77,6.67,False
2025-12-09T09:00:00,Wakanda,Clean Water (L),1984.1,7.27,False
2025-12-09T09:00:00,Wakanda,Medical Kits,611.14,5.45,False
2025-12-09T09:00:00,Sokovia,Vibranium (kg),2422.35,6.06,False
2025-12-09T09:00:00,Sokovia,Arc Reactor Cores,703.27,7.27,False
2025-12-09T09:00:00,Sokovia,Pym Particles,710.03,6.67,False
2025-12-09T09:00:00,Sokovia,Clean Water (L),2401.06,7.27,False
2025-12-09T09:00:00,Sokovia,Medical Kits,733.93,5.45,False
2025-12-09T09:00:00,Sanctum Sanctorum,Vibranium (kg),2088.57,6.06,False
2025-12-09T09:00:00,Sanctum Sanctorum,Arc Reactor Cores,583.9,7.27,False
2025-12-09T09:00:00,Sanctum Sanctorum,Pym Particles,588.44,6.67,False
2025-12-09T09:00:00,Sanctum Sanctorum,Clean Water (L),1981.02,7.27,False
2025-12-09T09:00:00,Sanctum Sanctorum,Medical Kits,606.79,5.45,False
2025-12-09T09:00:00,Avengers Compound,Vibranium (kg),2091.84,6.06,False
2025-12-09T09:00:00,Avengers Compound,Arc Reactor Cores,581.2,7.27,False
2025-12-09T09:00:00,Avengers Compound,Pym Particles,592.18,6.67,False
2025-12-09T09:00:00,Avengers Compound,Clean Water (L),1987.91,7.27,False
2025-12-09T09:00:00,Avengers Compound,Medical Kits,603.73,5.45,False
2025-12-09T10:00:00,New Asgard,Vibranium (kg),2421.27,6.3,False
2025-12-09T10:00:00,New Asgard,Arc Reactor Cores,698.88,7.56,False
2025-12-09T10:00:00,New Asgard,Pym Particles,707.35,6.93,False
2025-12-09T10:00:00,New Asgard,Clean Water (L),2400.07,7.56,False
2025-12-09T10:00:00,New Asgard,Medical Kits,732.15,5.67,False
2025-12-09T10:00:00,Wakanda,Vibranium (kg),2106.31,6.3,False
2025-12-09T10:00:00,Wakanda,Arc Reactor Cores,581.89,7.56,False
2025-12-09T10:00:00,Wakanda,Pym Particles,591.07,6.93,False
2025-12-09T10:00:00,Wakanda,Clean Water (L),2002.87,7.56,False
2025-12-09T10:00:00,Wakanda,Medical Kits,615.18,5.67,False
2025-12-09T10:00:00,Sokovia,Vibranium (kg),2421.44,6.3,False
2025-12-09T10:00:00,Sokovia,Arc Reactor Cores,702.19,7.56,False
2025-12-09T10:00:00,Sokovia,Pym Particles,707.79,6.93,False
2025-12-09T10:00:00,Sokovia,Clean Water (L),2399.86,7.56,False
2025-12-09T10:00:00,Sokovia,Medical Kits,732.33,5.67,False
2025-12-09T10:00:00,Sanctum Sanctorum,Vibranium (kg),2103.95,6.3,False
2025-12-09T10:00:00,Sanctum Sanctorum,Arc Reactor Cores,589.13,7.56,False
2025-12-09T10:00:00,Sanctum Sanctorum,Pym Particles,592.58,6.93,False
2025-12-09T10:00:00,Sanctum Sanctorum,Clean Water (L),2002.02,7.56,False
2025-12-09T10:00:00,Sanctum Sanctorum,Medical Kits,612.09,5.67,False
2025-12-09T10:00:00,Avengers Compound,Vibranium (kg),2107.06,6.3,False
2025-12-09T10:00:00,Avengers Compound,Arc Reactor Cores,585.95,7.56,False
2025-12-09T10:00:00,Avengers Compound,Pym Particles,596.75,6.93,False
2025-12-09T10:00:00,Avengers Compound,Clean Water (L),2008.49,7.56,False
2025-12-09T10:00:00,Avengers Compound,Medical Kits,609.32,5.67,False
2025-12-09T11:00:00,New Asgard,Vibranium (kg),2418.29,6.45,False
2025-12-09T11:00:00,New Asgard,Arc Reactor Cores,696.15,7.74,False
2025-12-09T11:00:00,New Asgard,Pym Particles,705.97,7.09,False
2025-12-09T11:00:00,New Asgard,Clean Water (L),2397.62,7.74,False
2025-12-09T11:00:00,New Asgard,Medical Kits,730.78,5.8,False
2025-12-09T11:00:00,Wakanda,Vibranium (kg),2120.6,6.45,False
2025-12-09T11:00:00,Wakanda,Arc Reactor Cores,585.86,7.74,False
2025-12-09T11:00:00,Wakanda,Pym Particles,595.25,7.09,False
2025-12-09T11:00:00,Wakanda,Clean Water (L),2021.93,7.74,False
2025-12-09T11:00:00,Wakanda,Medical Kits,619.31,5.8,False
2025-12-09T11:00:00,Sokovia,Vibranium (kg),2419.59,6.45,False
2025-12-09T11:00:00,Sokovia,Arc Reactor Cores,700.49,7.74,False
2025-12-09T11:00:00,Sokovia,Pym Particles,705.4,7.09,False
2025-12-09T11:00:00,Sokovia,Clean Water (L),2396.98,7.74,False
2025-12-09T11:00:00,Sokovia,Medical Kits,731.23,5.8,False
2025-12-09T11:00:00,Sanctum Sanctorum,Vibranium (kg),2119.98,6.45,False
2025-12-09T11:00:00,Sanctum Sanctorum,Arc Reactor Cores,592.18,7.74,False
2025-12-09T11:00:00,Sanctum Sanctorum,Pym Particles,595.52,7.09,False
2025-12-09T11:00:00,Sanctum Sanctorum,Clean Water (L),2020.67,7.74,False
2025-12-09T11:00:00,Sanctum Sanctorum,Medical Kits,616.83,5.8,False
2025-12-09T11:00:00,Avengers Compound,Vibranium (kg),2121.56,6.45,False
2025-12-09T11:00:00,Avengers Compound,Arc Reactor Cores,590.09,7.74,False
2025-12-09T11:00:00,Avengers Compound,Pym Particles,599.1,7.09,False
2025-12-09T11:00:00,Avengers Compound,Clean Water (L),2026.63,7.74,False
2025-12-09T11:00:00,Avengers Compound,Medical Kits,613.69,5.8,False
2025-12-09T12:00:00,New Asgard,Vibranium (kg),2418.25,6.5,False
2025-12-09T12:00:00,New Asgard,Arc Reactor Cores,694.55,7.8,False
2025-12-09T12:00:00,New Asgard,Pym Particles,706.2,7.15,False
2025-12-09T12:00:00,New Asgard,Clean Water (L),2396.22,7.8,False
2025-12-09T12:00:00,New Asgard,Medical Kits,730.19,5.85,False
2025-12-09T12:00:00,Wakanda,Vibranium (kg),2132.69,6.5,False
2025-12-09T12:00:00,Wakanda,Arc Reactor Cores,590.54,7.8,False
2025-12-09T12:00:00,Wakanda,Pym Particles,599.65,7.15,False
2025-12-09T12:00:00,Wakanda,Clean Water (L),2037.6,7.8,False
2025-12-09T12:00:00,Wakanda,Medical Kits,623.95,5.85,False
2025-12-09T12:00:00,Sokovia,Vibranium (kg),2419.1,6.5,False
2025-12-09T12:00:00,Sokovia,Arc Reactor Cores,699.53,7.8,False
2025-12-09T12:00:00,Sokovia,Pym Particles,703.94,7.15,False
2025-12-09T12:00:00,Sokovia,Clean Water (L),2396.39,7.8,False
2025-12-09T12:00:00,Sokovia,Medical Kits,731.4,5.85,False
2025-12-09T12:00:00,Sanctum Sanctorum,Vibranium (kg),2135.29,6.5,False
2025-12-09T12:00:00,Sanctum Sanctorum,Arc Reactor Cores,595.35,7.8,False
2025-12-09T12:00:00,Sanctum Sanctorum,Pym Particles,599.55,7.15,False
2025-12-09T12:00:00,Sanctum Sanctorum,Clean Water (L),2037.03,7.8,False
2025-12-09T12:00:00,Sanctum Sanctorum,Medical Kits,621.75,5.85,False
2025-12-09T12:00:00,Avengers Compound,Vibranium (kg),2135.17,6.5,False
2025-12-09T12:00:00,Avengers Compound,Arc Reactor Cores,592.94,7.8,False
2025-12-09T12:00:00,Avengers Compound,Pym Particles,602.21,7.15,False
2025-12-09T12:00:00,Avengers Compound,Clean Water (L),2042.44,7.8,False
2025-12-09T12:00:00,Avengers Compound,Medical Kits,619.01,5.85,False
2025-12-09T13:00:00,New Asgard,Vibranium (kg),2417.72,6.45,False
2025-12-09T13:00:00,New Asgard,Arc Reactor Cores,693.25,7.74,False
2025-12-09T13:00:00,New Asgard,Pym Particles,705.05,7.09,False
2025-12-09T13:00:00,New Asgard,Clean Water (L),2394.08,7.74,False
2025-12-09T13:00:00,New Asgard,Medical Kits,728.44,5.8,False
2025-12-09T13:00:00,Wakanda,Vibranium (kg),2145.96,6.45,False
2025-12-09T13:00:00,Wakanda,Arc Reactor Cores,595.44,7.74,False
2025-12-09T13:00:00,Wakanda,Pym Particles,604.45,7.09,False
2025-12-09T13:00:00,Wakanda,Clean Water (L),2052.82,7.74,False
2025-12-09T13:00:00,Wakanda,Medical Kits,627.07,5.8,False
2025-12-09T13:00:00,Sokovia,Vibranium (kg),2418.52,6.45,False
2025-12-09T13:00:00,Sokovia,Arc Reactor Cores,698.91,7.74,False
2025-12-09T13:00:00,Sokovia,Pym Particles,702.07,7.09,False
2025-12-09T13:00:00,Sokovia,Clean Water (L),2394.92,7.74,False
2025-12-09T13:00:00,Sokovia,Medical Kits,729.45,5.8,False
2025-12-09T13:00:00,Sanctum Sanctorum,Vibranium (kg),2148.75,6.45,False
2025-12-09T13:00:00,Sanctum Sanctorum,Arc Reactor Cores,600.59,7.74,False
2025-12-09T13:00:00,Sanctum Sanctorum,Pym Particles,603.28,7.09,False
2025-12-09T13:00:00,Sanctum Sanctorum,Clean Water (L),2054.23,7.74,False
2025-12-09T13:00:00,Sanctum Sanctorum,Medical Kits,625.9,5.8,False
2025-12-09T13:00:00,Avengers Compound,Vibranium (kg),2147.91,6.45,False
2025-12-09T13:00:00,Avengers Compound,Arc Reactor Cores,595.61,7.74,False
2025-12-09T13:00:00,Avengers Compound,Pym Particles,605.76,7.09,False
2025-12-09T13:00:00,Avengers Compound,Clean Water (L),2057.48,7.74,False
2025-12-09T13:00:00,Avengers Compound,Medical Kits,623.87,5.8,False
2025-12-09T14:00:00,New Asgard,Vibranium (kg),2416.91,6.3,False
2025-12-09T14:00:00,New Asgard,Arc Reactor Cores,691.92,7.56,False
2025-12-09T14:00:00,New Asgard,Pym Particles,703.76,6.93,False
2025-12-09T14:00:00,New Asgard,Clean Water (L),2392.45,7.56,False
2025-12-09T14:00:00,New Asgard,Medical Kits,726.42,5.67,False
2025-12-09T14:00:00,Wakanda,Vibranium (kg),2160.12,6.3,False
2025-12-09T14:00:00,Wakanda,Arc Reactor Cores,599.49,7.56,False
2025-12-09T14:00:00,Wakanda,Pym Particles,609.31,6.93,False
2025-12-09T14:00:00,Wakanda,Clean Water (L),2069.51,7.56,False
2025-12-09T14:00:00,Wakanda,Medical Kits,631.68,5.67,False
2025-12-09T14:00:00,Sokovia,Vibranium (kg),2418.06,6.3,False
2025-12-09T14:00:00,Sokovia,Arc Reactor Cores,696.58,7.56,False
2025-12-09T14:00:00,Sokovia,Pym Particles,701.24,6.93,False
2025-12-09T14:00:00,Sokovia,Clean Water (L),2395.13,7.56,False
2025-12-09T14:00:00,Sokovia,Medical Kits,729.48,5.67,False
2025-12-09T14:00:00,Sanctum Sanctorum,Vibranium (kg),2160.4,6.3,False
2025-12-09T14:00:00,Sanctum Sanctorum,Arc Reactor Cores,602.8,7.56,False
2025-12-09T14:00:00,Sanctum Sanctorum,Pym Particles,606.9,6.93,False
2025-12-09T14:00:00,Sanctum Sanctorum,Clean Water (L),2068.94,7.56,False
2025-12-09T14:00:00,Sanctum Sanctorum,Medical Kits,631.13,5.67,False
2025-12-09T14:00:00,Avengers Compound,Vibranium (kg),2158.97,6.3,False
2025-12-09T14:00:00,Avengers Compound,Arc Reactor Cores,600.01,7.56,False
2025-12-09T14:00:00,Avengers Compound,Pym Particles,609.26,6.93,False
2025-12-09T14:00:00,Avengers Compound,Clean Water (L),2074.47,7.56,False
2025-12-09T14:00:00,Avengers Compound,Medical Kits,628.24,5.67,False
2025-12-09T15:00:00,New Asgard,Vibranium (kg),2414.87,6.06,False
2025-12-09T15:00:00,New Asgard,Arc Reactor Cores,692.84,7.27,False
2025-12-09T15:00:00,New Asgard,Pym Particles,702.6,6.67,False
2025-12-09T15:00:00,New Asgard,Clean Water (L),2391.99,7.27,False
2025-12-09T15:00:00,New Asgard,Medical Kits,724.95,5.45,False
2025-12-09T15:00:00,Wakanda,Vibranium (kg),2172.11,6.06,False
2025-12-09T15:00:00,Wakanda,Arc Reactor Cores,602.88,7.27,False
2025-12-09T15:00:00,Wakanda,Pym Particles,614.32,6.67,False
2025-12-09T15:00:00,Wakanda,Clean Water (L),2085.26,7.27,False
2025-12-09T15:00:00,Wakanda,Medical Kits,634.42,5.45,False
2025-12-09T15:00:00,Sokovia,Vibranium (kg),2416.93,6.06,False
2025-12-09T15:00:00,Sokovia,Arc Reactor Cores,696.43,7.27,False
2025-12-09T15:00:00,Sokovia,Pym Particles,700.15,6.67,False
2025-12-09T15:00:00,Sokovia,Clean Water (L),2392.56,7.27,False
2025-12-09T15:00:00,Sokovia,Medical Kits,727.07,5.45,False
2025-12-09T15:00:00,Sanctum Sanctorum,Vibranium (kg),2170.63,6.06,False
2025-12-09T15:00:00,Sanctum Sanctorum,Arc Reactor Cores,607.92,7.27,False
2025-12-09T15:00:00,Sanctum Sanctorum,Pym Particles,612.35,6.67,False
2025-12-09T15:00:00,Sanctum Sanctorum,Clean Water (L),2082.96,7.27,False
2025-12-09T15:00:00,Sanctum Sanctorum,Medical Kits,634.1,5.45,False
2025-12-09T15:00:00,Avengers Compound,Vibranium (kg),2170.42,6.06,False
2025-12-09T15:00:00,Avengers Compound,Arc Reactor Cores,602.98,7.27,False
2025-12-09T15:00:00,Avengers Compound,Pym Particles,611.83,6.67,False
2025-12-09T15:00:00,Avengers Compound,Clean Water (L),2089.49,7.27,False
2025-12-09T15:00:00,Avengers Compound,Medical Kits,632.1,5.45,False
2025-12-09T16:00:00,New Asgard,Vibranium (kg),2413.37,5.75,False
2025-12-09T16:00:00,New Asgard,Arc Reactor Cores,690.62,6.9,False
2025-12-09T16:00:00,New Asgard,Pym Particles,702.27,6.32,False
2025-12-09T16:00:00,New Asgard,Clean Water (L),2391.81,6.9,False
2025-12-09T16:00:00,New Asgard,Medical Kits,723.86,5.17,False
2025-12-09T16:00:00,Wakanda,Vibranium (kg),2185.66,5.75,False
2025-12-09T16:00:00,Wakanda,Arc Reactor Cores,608.21,6.9,False
2025-12-09T16:00:00,Wakanda,Pym Particles,618.76,6.32,False
2025-12-09T16:00:00,Wakanda,Clean Water (L),2099.83,6.9,False
2025-12-09T16:00:00,Wakanda,Medical Kits,639.72,5.17,False
2025-12-09T16:00:00,Sokovia,Vibranium (kg),2414.85,5.75,False
2025-12-09T16:00:00,Sokovia,Arc Reactor Cores,695.77,6.9,False
2025-12-09T16:00:00,Sokovia,Pym Particles,699.39,6.32,False
2025-12-09T16:00:00,Sokovia,Clean Water (L),2391.1,6.9,False
2025-12-09T16:00:00,Sokovia,Medical Kits,725.94,5.17,False
2025-12-09T16:00:00,Sanctum Sanctorum,Vibranium (kg),2182.95,5.75,False
2025-12-09T16:00:00,Sanctum Sanctorum,Arc Reactor Cores,611.01,6.9,False
2025-12-09T16:00:00,Sanctum Sanctorum,Pym Particles,616.3,6.32,False
2025-12-09T16:00:00,Sanctum Sanctorum,Clean Water (L),2098.19,6.9,False
2025-12-09T16:00:00,Sanctum Sanctorum,Medical Kits,638.27,5.17,False
2025-12-09T16:00:00,Avengers Compound,Vibranium (kg),2180.88,5.75,False
2025-12-09T16:00:00,Avengers Compound,Arc Reactor Cores,607.52,6.9,False
2025-12-09T16:00:00,Avengers Compound,Pym Particles,615.74,6.32,False
2025-12-09T16:00:00,Avengers Compound,Clean Water (L),2102.76,6.9,False
2025-12-09T16:00:00,Avengers Compound,Medical Kits,635.25,5.17,False
2025-12-09T17:00:00,New Asgard,Vibranium (kg),2413.1,5.39,False
2025-12-09T17:00:00,New Asgard,Arc Reactor Cores,689.54,6.47,False
2025-12-09T17:00:00,New Asgard,Pym Particles,703.79,5.93,False
2025-12-09T17:00:00,New Asgard,Clean Water (L),2391.32,6.47,False
2025-12-09T17:00:00,New Asgard,Medical Kits,725.28,4.85,False
2025-12-09T17:00:00,Wakanda,Vibranium (kg),2197.64,5.39,False
2025-12-09T17:00:00,Wakanda,Arc Reactor Cores,610.64,6.47,False
2025-12-09T17:00:00,Wakanda,Pym Particles,623.49,5.93,False
2025-12-09T17:00:00,Wakanda,Clean Water (L),2114.14,6.47,False
2025-12-09T17:00:00,Wakanda,Medical Kits,643.6,4.85,False
2025-12-09T17:00:00,Sokovia,Vibranium (kg),2413.44,5.39,False
2025-12-09T17:00:00,Sokovia,Arc Reactor Cores,695.02,6.47,False
2025-12-09T17:00:00,Sokovia,Pym Particles,699.0,5.93,False
2025-12-09T17:00:00,Sokovia,Clean Water (L),2390.34,6.47,False
2025-12-09T17:00:00,Sokovia,Medical Kits,726.73,4.85,False
2025-12-09T17:00:00,Sanctum Sanctorum,Vibranium (kg),2193.37,5.39,False
2025-12-09T17:00:00,Sanctum Sanctorum,Arc Reactor Cores,614.47,6.47,False
2025-12-09T17:00:00,Sanctum Sanctorum,Pym Particles,619.93,5.93,False
2025-12-09T17:00:00,Sanctum Sanctorum,Clean Water (L),2113.6,6.47,False
2025-12-09T17:00:00,Sanctum Sanctorum,Medical Kits,642.57,4.85,False
2025-12-09T17:00:00,Avengers Compound,Vibranium (kg),2193.26,5.39,False
2025-12-09T17:00:00,Avengers Compound,Arc Reactor Cores,611.59,6.47,False
2025-12-09T17:00:00,Avengers Compound,Pym Particles,620.57,5.93,False
2025-12-09T17:00:00,Avengers Compound,Clean Water (L),2117.29,6.47,False
2025-12-09T17:00:00,Avengers Compound,Medical Kits,639.46,4.85,False
2025-12-09T18:00:00,New Asgard,Vibranium (kg),2414.13,5.0,False
2025-12-09T18:00:00,New Asgard,Arc Reactor Cores,689.63,6.0,False
2025-12-09T18:00:00,New Asgard,Pym Particles,704.05,5.5,False
2025-12-09T18:00:00,New Asgard,Clean Water (L),2392.17,6.0,False
2025-12-09T18:00:00,New Asgard,Medical Kits,725.36,4.5,False
2025-12-09T18:00:00,Wakanda,Vibranium (kg),2207.15,5.0,False
2025-12-09T18:00:00,Wakanda,Arc Reactor Cores,616.36,6.0,False
2025-12-09T18:00:00,Wakanda,Pym Particles,629.3,5.5,False
2025-12-09T18:00:00,Wakanda,Clean Water (L),2127.75,6.0,False
2025-12-09T18:00:00,Wakanda,Medical Kits,647.46,4.5,False
2025-12-09T18:00:00,Sokovia,Vibranium (kg),2413.99,5.0,False
2025-12-09T18:00:00,Sokovia,Arc Reactor Cores,696.01,6.0,False
2025-12-09T18:00:00,Sokovia,Pym Particles,699.54,5.5,False
2025-12-09T18:00:00,Sokovia,Clean Water (L),2390.06,6.0,False
2025-12-09T18:00:00,Sokovia,Medical Kits,725.86,4.5,False
2025-12-09T18:00:00,Sanctum Sanctorum,Vibranium (kg),2203.86,5.0,False
2025-12-09T18:00:00,Sanctum Sanctorum,Arc Reactor Cores,617.84,6.0,False
2025-12-09T18:00:00,Sanctum Sanctorum,Pym Particles,623.95,5.5,False
2025-12-09T18:00:00,Sanctum Sanctorum,Clean Water (L),2129.32,6.0,False
2025-12-09T18:00:00,Sanctum Sanctorum,Medical Kits,645.5,4.5,False
2025-12-09T18:00:00,Avengers Compound,Vibranium (kg),2205.83,5.0,False
2025-12-09T18:00:00,Avengers Compound,Arc Reactor Cores,616.01,6.0,False
2025-12-09T18:00:00,Avengers Compound,Pym Particles,625.17,5.5,False
2025-12-09T18:00:00,Avengers Compound,Clean Water (L),2130.55,6.0,False
2025-12-09T18:00:00,Avengers Compound,Medical Kits,643.12,4.5,False
2025-12-09T19:00:00,New Asgard,Vibranium (kg),2414.77,4.61,False
2025-12-09T19:00:00,New Asgard,Arc Reactor Cores,690.69,5.53,False
2025-12-09T19:00:00,New Asgard,Pym Particles,705.24,5.07,False
2025-12-09T19:00:00,New Asgard,Clean Water (L),2392.83,5.53,False
2025-12-09T19:00:00,New Asgard,Medical Kits,726.98,4.15,False
2025-12-09T19:00:00,Wakanda,Vibranium (kg),2217.23,4.61,False
2025-12-09T19:00:00,Wakanda,Arc Reactor Cores,621.43,5.53,False
2025-12-09T19:00:00,Wakanda,Pym Particles,633.76,5.07,False
2025-12-09T19:00:00,Wakanda,Clean Water (L),2142.17,5.53,False
2025-12-09T19:00:00,Wakanda,Medical Kits,652.77,4.15,False
2025-12-09T19:00:00,Sokovia,Vibranium (kg),2413.62,4.61,False
2025-12-09T19:00:00,Sokovia,Arc Reactor Cores,697.11,5.53,False
2025-12-09T19:00:00,Sokovia,Pym Particles,700.97,5.07,False
2025-12-09T19:00:00,Sokovia,Clean Water (L),2390.37,5.53,False
2025-12-09T19:00:00,Sokovia,Medical Kits,725.66,4.15,False
2025-12-09T19:00:00,Sanctum Sanctorum,Vibranium (kg),2214.66,4.61,False
2025-12-09T19:00:00,Sanctum Sanctorum,Arc Reactor Cores,622.15,5.53,False
2025-12-09T19:00:00,Sanctum Sanctorum,Pym Particles,628.43,5.07,False
2025-12-09T19:00:00,Sanctum Sanctorum,Clean Water (L),2144.41,5.53,False
2025-12-09T19:00:00,Sanctum Sanctorum,Medical Kits,649.54,4.15,False
2025-12-09T19:00:00,Avengers Compound,Vibranium (kg),2216.19,4.61,False
2025-12-09T19:00:00,Avengers Compound,Arc Reactor Cores,620.57,5.53,False
2025-12-09T19:00:00,Avengers Compound,Pym Particles,628.22,5.07,False
2025-12-09T19:00:00,Avengers Compound,Clean Water (L),2145.09,5.53,False
2025-12-09T19:00:00,Avengers Compound,Medical Kits,648.72,4.15,False
2025-12-09T20:00:00,New Asgard,Vibranium (kg),2415.8,4.25,False
2025-12-09T20:00:00,New Asgard,Arc Reactor Cores,692.19,5.1,False
2025-12-09T20:00:00,New Asgard,Pym Particles,706.25,4.68,False
2025-12-09T20:00:00,New Asgard,Clean Water (L),2393.85,5.1,False
2025-12-09T20:00:00,New Asgard,Medical Kits,728.91,3.83,False
2025-12-09T20:00:00,Wakanda,Vibranium (kg),2229.05,4.25,False
2025-12-09T20:00:00,Wakanda,Arc Reactor Cores,626.03,5.1,False
2025-12-09T20:00:00,Wakanda,Pym Particles,638.43,4.68,False
2025-12-09T20:00:00,Wakanda,Clean Water (L),2156.78,5.1,False
2025-12-09T20:00:00,Wakanda,Medical Kits,656.75,3.83,False
2025-12-09T20:00:00,Sokovia,Vibranium (kg),2415.24,4.25,False
2025-12-09T20:00:00,Sokovia,Arc Reactor Cores,698.28,5.1,False
2025-12-09T20:00:00,Sokovia,Pym Particles,702.54,4.68,False
2025-12-09T20:00:00,Sokovia,Clean Water (L),2392.96,5.1,False
2025-12-09T20:00:00,Sokovia,Medical Kits,726.23,3.83,False
2025-12-09T20:00:00,Sanctum Sanctorum,Vibranium (kg),2226.27,4.25,False
2025-12-09T20:00:00,Sanctum Sanctorum,Arc Reactor Cores,626.15,5.1,False
2025-12-09T20:00:00,Sanctum Sanctorum,Pym Particles,633.38,4.68,False
2025-12-09T20:00:00,Sanctum Sanctorum,Clean Water (L),2158.41,5.1,False
2025-12-09T20:00:00,Sanctum Sanctorum,Medical Kits,653.71,3.83,False
2025-12-09T20:00:00,Avengers Compound,Vibranium (kg),2226.47,4.25,False
2025-12-09T20:00:00,Avengers Compound,Arc Reactor Cores,625.59,5.1,False
2025-12-09T20:00:00,Avengers Compound,Pym Particles,632.68,4.68,False
2025-12-09T20:00:00,Avengers Compound,Clean Water (L),2158.48,5.1,False
2025-12-09T20:00:00,Avengers Compound,Medical Kits,652.62,3.83,False
2025-12-09T21:00:00,New Asgard,Vibranium (kg),2417.18,3.94,False
2025-12-09T21:00:00,New Asgard,Arc Reactor Cores,694.18,4.73,False
2025-12-09T21:00:00,New Asgard,Pym Particles,707.3,4.33,False
2025-12-09T21:00:00,New Asgard,Clean Water (L),2393.81,4.73,False
2025-12-09T21:00:00,New Asgard,Medical Kits,729.5,3.55,False
2025-12-09T21:00:00,Wakanda,Vibranium (kg),2241.15,3.94,False
2025-12-09T21:00:00,Wakanda,Arc Reactor Cores,631.48,4.73,False
2025-12-09T21:00:00,Wakanda,Pym Particles,643.4,4.33,False
2025-12-09T21:00:00,Wakanda,Clean Water (L),2168.94,4.73,False
2025-12-09T21:00:00,Wakanda,Medical Kits,660.69,3.55,False
2025-12-09T21:00:00,Sokovia,Vibranium (kg),2416.23,3.94,False
2025-12-09T21:00:00,Sokovia,Arc Reactor Cores,698.93,4.73,False
2025-12-09T21:00:00,Sokovia,Pym Particles,703.32,4.33,False
2025-12-09T21:00:00,Sokovia,Clean Water (L),2394.99,4.73,False
2025-12-09T21:00:00,Sokovia,Medical Kits,727.3,3.55,False
2025-12-09T21:00:00,Sanctum Sanctorum,Vibranium (kg),2235.77,3.94,False
2025-12-09T21:00:00,Sanctum Sanctorum,Arc Reactor Cores,632.2,4.73,False
2025-12-09T21:00:00,Sanctum Sanctorum,Pym Particles,637.84,4.33,False
2025-12-09T21:00:00,Sanctum Sanctorum,Clean Water (L),2170.69,4.73,False
2025-12-09T21:00:00,Sanctum Sanctorum,Medical Kits,659.14,3.55,False
2025-12-09T21:00:00,Avengers Compound,Vibranium (kg),2238.17,3.94,False
2025-12-09T21:00:00,Avengers Compound,Arc Reactor Cores,630.99,4.73,False
2025-12-09T21:00:00,Avengers Compound,Pym Particles,638.27,4.33,False
2025-12-09T21:00:00,Avengers Compound,Clean Water (L),2171.79,4.73,False
2025-12-09T21:00:00,Avengers Compound,Medical Kits,657.73,3.55,False
2025-12-09T22:00:00,New Asgard,Vibranium (kg),2418.17,3.7,False
2025-12-09T22:00:00,New Asgard,Arc Reactor Cores,697.06,4.44,False
2025-12-09T22:00:00,New Asgard,Pym Particles,708.91,4.07,False
2025-12-09T22:00:00,New Asgard,Clean Water (L),2396.58,4.44,False
2025-12-09T22:00:00,New Asgard,Medical Kits,730.8,3.33,False
2025-12-09T22:00:00,Wakanda,Vibranium (kg),2251.48,3.7,False
2025-12-09T22:00:00,Wakanda,Arc Reactor Cores,634.91,4.44,False
2025-12-09T22:00:00,Wakanda,Pym Particles,648.53,4.07,False
2025-12-09T22:00:00,Wakanda,Clean Water (L),2182.59,4.44,False
2025-12-09T22:00:00,Wakanda,Medical Kits,665.2,3.33,False
2025-12-09T22:00:00,Sokovia,Vibranium (kg),2419.11,3.7,False
2025-12-09T22:00:00,Sokovia,Arc Reactor Cores,699.65,4.44,False
2025-12-09T22:00:00,Sokovia,Pym Particles,706.42,4.07,False
2025-12-09T22:00:00,Sokovia,Clean Water (L),2395.97,4.44,False
2025-12-09T22:00:00,Sokovia,Medical Kits,728.5,3.33,False
2025-12-09T22:00:00,Sanctum Sanctorum,Vibranium (kg),2244.74,3.7,False
2025-12-09T22:00:00,Sanctum Sanctorum,Arc Reactor Cores,636.57,4.44,False
2025-12-09T22:00:00,Sanctum Sanctorum,Pym Particles,643.98,4.07,False
2025-12-09T22:00:00,Sanctum Sanctorum,Clean Water (L),2184.12,4.44,False
2025-12-09T22:00:00,Sanctum Sanctorum,Medical Kits,664.41,3.33,False
2025-12-09T22:00:00,Avengers Compound,Vibranium (kg),2249.75,3.7,False
2025-12-09T22:00:00,Avengers Compound,Arc Reactor Cores,635.91,4.44,False
2025-12-09T22:00:00,Avengers Compound,Pym Particles,644.97,4.07,False
2025-12-09T22:00:00,Avengers Compound,Clean Water (L),2184.56,4.44,False
2025-12-09T22:00:00,Avengers Compound,Medical Kits,663.09,3.33,False
2025-12-09T23:00:00,New Asgard,Vibranium (kg),2421.29,3.55,False
2025-12-09T23:00:00,New Asgard,Arc Reactor Cores,697.96,4.26,False
2025-12-09T23:00:00,New Asgard,Pym Particles,710.71,3.91,False
2025-12-09T23:00:00,New Asgard,Clean Water (L),2398.45,4.26,False
2025-12-09T23:00:00,New Asgard,Medical Kits,731.88,3.2,False
2025-12-09T23:00:00,Wakanda,Vibranium (kg),2261.25,3.55,False
2025-12-09T23:00:00,Wakanda,Arc Reactor Cores,639.15,4.26,False
2025-12-09T23:00:00,Wakanda,Pym Particles,652.38,3.91,False
2025-12-09T23:00:00,Wakanda,Clean Water (L),2195.79,4.26,False
2025-12-09T23:00:00,Wakanda,Medical Kits,669.22,3.2,False
2025-12-09T23:00:00,Sokovia,Vibranium (kg),2420.91,3.55,False
2025-12-09T23:00:00,Sokovia,Arc Reactor Cores,701.67,4.26,False
2025-12-09T23:00:00,Sokovia,Pym Particles,706.92,3.91,False
2025-12-09T23:00:00,Sokovia,Clean Water (L),2396.88,4.26,False
2025-12-09T23:00:00,Sokovia,Medical Kits,730.95,3.2,False
2025-12-09T23:00:00,Sanctum Sanctorum,Vibranium (kg),2254.44,3.55,False
2025-12-09T23:00:00,Sanctum Sanctorum,Arc Reactor Cores,640.11,4.26,False
2025-12-09T23:00:00,Sanctum Sanctorum,Pym Particles,648.72,3.91,False
2025-12-09T23:00:00,Sanctum Sanctorum,Clean Water (L),2196.51,4.26,False
2025-12-09T23:00:00,Sanctum Sanctorum,Medical Kits,667.49,3.2,False
2025-12-09T23:00:00,Avengers Compound,Vibranium (kg),2258.32,3.55,False
2025-12-09T23:00:00,Avengers Compound,Arc Reactor Cores,641.9,4.26,False
2025-12-09T23:00:00,Avengers Compound,Pym Particles,649.27,3.91,False
2025-12-09T23:00:00,Avengers Compound,Clean Water (L),2196.91,4.26,False
2025-12-09T23:00:00,Avengers Compound,Medical Kits,667.79,3.2,False
2025-12-10T00:00:00,New Asgard,Vibranium (kg),2422.02,3.5,False
2025-12-10T00:00:00,New Asgard,Arc Reactor Cores,698.95,4.2,False
2025-12-10T00:00:00,New Asgard,Pym Particles,712.74,3.85,False
2025-12-10T00:00:00,New Asgard,Clean Water (L),2400.85,4.2,False
2025-12-10T00:00:00,New Asgard,Medical Kits,732.51,3.15,False
2025-12-10T00:00:00,Wakanda,Vibranium (kg),2269.7,3.5,False
2025-12-10T00:00:00,Wakanda,Arc Reactor Cores,643.7,4.2,False
2025-12-10T00:00:00,Wakanda,Pym Particles,656.03,3.85,False
2025-12-10T00:00:00,Wakanda,Clean Water (L),2206.32,4.2,False
2025-12-10T00:00:00,Wakanda,Medical Kits,672.72,3.15,False
2025-12-10T00:00:00,Sokovia,Vibranium (kg),2422.71,3.5,False
2025-12-10T00:00:00,Sokovia,Arc Reactor Cores,703.22,4.2,False
2025-12-10T00:00:00,Sokovia,Pym Particles,708.26,3.85,False
2025-12-10T00:00:00,Sokovia,Clean Water (L),2398.03,4.2,False
2025-12-10T00:00:00,Sokovia,Medical Kits,732.79,3.15,False
2025-12-10T00:00:00,Sanctum Sanctorum,Vibranium (kg),2265.97,3.5,False
2025-12-10T00:00:00,Sanctum Sanctorum,Arc Reactor Cores,646.16,4.2,False
2025-12-10T00:00:00,Sanctum Sanctorum,Pym Particles,653.32,3.85,False
2025-12-10T00:00:00,Sanctum Sanctorum,Clean Water (L),2207.15,4.2,False
2025-12-10T00:00:00,Sanctum Sanctorum,Medical Kits,672.62,3.15,False
2025-12-10T00:00:00,Avengers Compound,Vibranium (kg),2267.87,3.5,False
2025-12-10T00:00:00,Avengers Compound,Arc Reactor Cores,647.36,4.2,False
2025-12-10T00:00:00,Avengers Compound,Pym Particles,653.93,3.85,False
2025-12-10T00:00:00,Avengers Compound,Clean Water (L),2209.82,4.2,False
2025-12-10T00:00:00,Avengers Compound,Medical Kits,672.72,3.15,False
2025-12-10T01:00:00,New Asgard,Vibranium (kg),2423.5,3.55,False
2025-12-10T01:00:00,New Asgard,Arc Reactor Cores,700.09,4.26,False
2025-12-10T01:00:00,New Asgard,Pym Particles,714.98,3.91,False
2025-12-10T01:00:00,New Asgard,Clean Water (L),2402.58,4.26,False
2025-12-10T01:00:00,New Asgard,Medical Kits,734.64,3.2,False
2025-12-10T01:00:00,Wakanda,Vibranium (kg),2278.69,3.55,False
2025-12-10T01:00:00,Wakanda,Arc Reactor Cores,649.68,4.26,False
2025-12-10T01:00:00,Wakanda,Pym Particles,659.07,3.91,False
2025-12-10T01:00:00,Wakanda,Clean Water (L),2219.16,4.26,False
2025-12-10T01:00:00,Wakanda,Medical Kits,676.38,3.2,False
2025-12-10T01:00:00,Sokovia,Vibranium (kg),2425.08,3.55,False
2025-12-10T01:00:00,Sokovia,Arc Reactor Cores,706.06,4.26,False
2025-12-10T01:00:00,Sokovia,Pym Particles,709.55,3.91,False
2025-12-10T01:00:00,Sokovia,Clean Water (L),2398.9,4.26,False
2025-12-10T01:00:00,Sokovia,Medical Kits,734.03,3.2,False
2025-12-10T01:00:00,Sanctum Sanctorum,Vibranium (kg),2276.06,3.55,False
2025-12-10T01:00:00,Sanctum Sanctorum,Arc Reactor Cores,651.66,4.26,False
2025-12-10T01:00:00,Sanctum Sanctorum,Pym Particles,657.77,3.91,False
2025-12-10T01:00:00,Sanctum Sanctorum,Clean Water (L),2218.03,4.26,False
2025-12-10T01:00:00,Sanctum Sanctorum,Medical Kits,676.39,3.2,False
2025-12-10T01:00:00,Avengers Compound,Vibranium (kg),2276.54,3.55,False
2025-12-10T01:00:00,Avengers Compound,Arc Reactor Cores,653.02,4.26,False
2025-12-10T01:00:00,Avengers Compound,Pym Particles,658.75,3.91,False
2025-12-10T01:00:00,Avengers Compound,Clean Water (L),2222.01,4.26,False
2025-12-10T01:00:00,Avengers Compound,Medical Kits,678.48,3.2,False
2025-12-10T02:00:00,New Asgard,Vibranium (kg),2424.93,3.7,False
2025-12-10T02:00:00,New Asgard,Arc Reactor Cores,701.36,4.44,False
2025-12-10T02:00:00,New Asgard,Pym Particles,715.71,4.07,False
2025-12-10T02:00:00,New Asgard,Clean Water (L),2403.53,4.44,False
2025-12-10T02:00:00,New Asgard,Medical Kits,735.39,3.33,False
2025-12-10T02:00:00,Wakanda,Vibranium (kg),2285.88,3.7,False
2025-12-10T02:00:00,Wakanda,Arc Reactor Cores,654.04,4.44,False
2025-12-10T02:00:00,Wakanda,Pym Particles,663.12,4.07,False
2025-12-10T02:00:00,Wakanda,Clean Water (L),2229.22,4.44,False
2025-12-10T02:00:00,Wakanda,Medical Kits,680.72,3.33,False
2025-12-10T02:00:00,Sokovia,Vibranium (kg),2426.03,3.7,False
2025-12-10T02:00:00,Sokovia,Arc Reactor Cores,707.61,4.44,False
2025-12-10T02:00:00,Sokovia,Pym Particles,711.16,4.07,False
2025-12-10T02:00:00,Sokovia,Clean Water (L),2398.96,4.44,False
2025-12-10T02:00:00,Sokovia,Medical Kits,735.5,3.33,False
2025-12-10T02:00:00,Sanctum Sanctorum,Vibranium (kg),2284.35,3.7,False
2025-12-10T02:00:00,Sanctum Sanctorum,Arc Reactor Cores,656.35,4.44,False
2025-12-10T02:00:00,Sanctum Sanctorum,Pym Particles,661.52,4.07,False
2025-12-10T02:00:00,Sanctum Sanctorum,Clean Water (L),2228.41,4.44,False
2025-12-10T02:00:00,Sanctum Sanctorum,Medical Kits,680.59,3.33,False
2025-12-10T02:00:00,Avengers Compound,Vibranium (kg),2285.01,3.7,False
2025-12-10T02:00:00,Avengers Compound,Arc Reactor Cores,656.59,4.44,False
2025-12-10T02:00:00,Avengers Compound,Pym Particles,663.71,4.07,False
2025-12-10T02:00:00,Avengers Compound,Clean Water (L),2231.92,4.44,False
2025-12-10T02:00:00,Avengers Compound,Medical Kits,682.85,3.33,False
2025-12-10T03:00:00,New Asgard,Vibranium (kg),2426.21,3.94,False
2025-12-10T03:00:00,New Asgard,Arc Reactor Cores,701.36,4.73,False
2025-12-10T03:00:00,New Asgard,Pym Particles,715.85,4.33,False
2025-12-10T03:00:00,New Asgard,Clean Water (L),2404.26,4.73,False
2025-12-10T03:00:00,New Asgard,Medical Kits,737.09,3.55,False
2025-12-10T03:00:00,Wakanda,Vibranium (kg),2293.36,3.94,False
2025-12-10T03:00:00,Wakanda,Arc Reactor Cores,656.71,4.73,False
2025-12-10T03:00:00,Wakanda,Pym Particles,665.47,4.33,False
2025-12-10T03:00:00,Wakanda,Clean Water (L),2239.67,4.73,False
2025-12-10T03:00:00,Wakanda,Medical Kits,684.44,3.55,False
2025-12-10T03:00:00,Sokovia,Vibranium (kg),2427.52,3.94,False
2025-12-10T03:00:00,Sokovia,Arc Reactor Cores,710.24,4.73,False
2025-12-10T03:00:00,Sokovia,Pym Particles,710.69,4.33,False
2025-12-10T03:00:00,Sokovia,Clean Water (L),2400.44,4.73,False
2025-12-10T03:00:00,Sokovia,Medical Kits,735.64,3.55,False
2025-12-10T03:00:00,Sanctum Sanctorum,Vibranium (kg),2293.13,3.94,False
2025-12-10T03:00:00,Sanctum Sanctorum,Arc Reactor Cores,659.99,4.73,False
2025-12-10T03:00:00,Sanctum Sanctorum,Pym Particles,664.51,4.33,False
2025-12-10T03:00:00,Sanctum Sanctorum,Clean Water (L),2239.48,4.73,False
2025-12-10T03:00:00,Sanctum Sanctorum,Medical Kits,685.44,3.55,False
2025-12-10T03:00:00,Avengers Compound,Vibranium (kg),2291.27,3.94,False
2025-12-10T03:00:00,Avengers Compound,Arc Reactor Cores,661.12,4.73,False
2025-12-10T03:00:00,Avengers Compound,Pym Particles,666.9,4.33,False
2025-12-10T03:00:00,Avengers Compound,Clean Water (L),2241.24,4.73,False
2025-12-10T03:00:00,Avengers Compound,Medical Kits,686.15,3.55,False
2025-12-10T04:00:00,New Asgard,Vibranium (kg),2425.64,4.25,False
2025-12-10T04:00:00,New Asgard,Arc Reactor Cores,702.12,5.1,False
2025-12-10T04:00:00,New Asgard,Pym Particles,716.15,4.68,False
2025-12-10T04:00:00,New Asgard,Clean Water (L),2405.38,5.1,False
2025-12-10T04:00:00,New Asgard,Medical Kits,738.5,3.83,False
2025-12-10T04:00:00,Wakanda,Vibranium (kg),2301.49,4.25,False
2025-12-10T04:00:00,Wakanda,Arc Reactor Cores,657.92,5.1,False
2025-12-10T04:00:00,Wakanda,Pym Particles,669.77,4.68,False
2025-12-10T04:00:00,Wakanda,Clean Water (L),2247.58,5.1,False
2025-12-10T04:00:00,Wakanda,Medical Kits,688.15,3.83,False
2025-12-10T04:00:00,Sokovia,Vibranium (kg),2427.45,4.25,False
2025-12-10T04:00:00,Sokovia,Arc Reactor Cores,711.21,5.1,False
2025-12-10T04:00:00,Sokovia,Pym Particles,711.74,4.68,False
2025-12-10T04:00:00,Sokovia,Clean Water (L),2401.84,5.1,False
2025-12-10T04:00:00,Sokovia,Medical Kits,735.63,3.83,False
2025-12-10T04:00:00,Sanctum Sanctorum,Vibranium (kg),2300.44,4.25,False
2025-12-10T04:00:00,Sanctum Sanctorum,Arc Reactor Cores,663.64,5.1,False
2025-12-10T04:00:00,Sanctum Sanctorum,Pym Particles,668.14,4.68,False
2025-12-10T04:00:00,Sanctum Sanctorum,Clean Water (L),2248.07,5.1,False
2025-12-10T04:00:00,Sanctum Sanctorum,Medical Kits,688.2,3.83,False
2025-12-10T04:00:00,Avengers Compound,Vibranium (kg),2297.3,4.25,False
2025-12-10T04:00:00,Avengers Compound,Arc Reactor Cores,662.74,5.1,False
2025-12-10T04:00:00,Avengers Compound,Pym Particles,670.68,4.68,False
2025-12-10T04:00:00,Avengers Compound,Clean Water (L),2250.17,5.1,False
2025-12-10T04:00:00,Avengers Compound,Medical Kits,689.13,3.83,False
2025-12-10T05:00:00,New Asgard,Vibranium (kg),2424.93,4.61,False
2025-12-10T05:00:00,New Asgard,Arc Reactor Cores,702.34,5.53,False
2025-12-10T05:00:00,New Asgard,Pym Particles,717.27,5.07,False
2025-12-10T05:00:00,New Asgard,Clean Water (L),2406.17,5.53,False
2025-12-10T05:00:00,New Asgard,Medical Kits,737.84,4.15,False
2025-12-10T05:00:00,Wakanda,Vibranium (kg),2307.85,4.61,False
2025-12-10T05:00:00,Wakanda,Arc Reactor Cores,660.09,5.53,False
2025-12-10T05:00:00,Wakanda,Pym Particles,671.81,5.07,False
2025-12-10T05:00:00,Wakanda,Clean Water (L),2254.21,5.53,False
2025-12-10T05:00:00,Wakanda,Medical Kits,689.68,4.15,False
2025-12-10T05:00:00,Sokovia,Vibranium (kg),2427.92,4.61,False
2025-12-10T05:00:00,Sokovia,Arc Reactor Cores,709.85,5.53,False
2025-12-10T05:00:00,Sokovia,Pym Particles,712.92,5.07,False
2025-12-10T05:00:00,Sokovia,Clean Water (L),2402.93,5.53,False
2025-12-10T05:00:00,Sokovia,Medical Kits,735.12,4.15,False
2025-12-10T05:00:00,Sanctum Sanctorum,Vibranium (kg),2307.41,4.61,False
2025-12-10T05:00:00,Sanctum Sanctorum,Arc Reactor Cores,664.8,5.53,False
2025-12-10T05:00:00,Sanctum Sanctorum,Pym Particles,670.2,5.07,False
2025-12-10T05:00:00,Sanctum Sanctorum,Clean Water (L),2255.48,5.53,False
2025-12-10T05:00:00,Sanctum Sanctorum,Medical Kits,689.84,4.15,False
2025-12-10T05:00:00,Avengers Compound,Vibranium (kg),2302.32,4.61,False
2025-12-10T05:00:00,Avengers Compound,Arc Reactor Cores,664.48,5.53,False
2025-12-10T05:00:00,Avengers Compound,Pym Particles,672.78,5.07,False
2025-12-10T05:00:00,Avengers Compound,Clean Water (L),2257.2,5.53,False
2025-12-10T05:00:00,Avengers Compound,Medical Kits,692.05,4.15,False
2025-12-10T06:00:00,New Asgard,Vibranium (kg),2424.75,5.0,False
2025-12-10T06:00:00,New Asgard,Arc Reactor Cores,700.92,6.0,False
2025-12-10T06:00:00,New Asgard,Pym Particles,715.97,5.5,False
2025-12-10T06:00:00,New Asgard,Clean Water (L),2405.5,6.0,False
2025-12-10T06:00:00,New Asgard,Medical Kits,737.25,4.5,False
2025-12-10T06:00:00,Wakanda,Vibranium (kg),2312.76,5.0,False
2025-12-10T06:00:00,Wakanda,Arc Reactor Cores,662.16,6.0,False
2025-12-10T06:00:00,Wakanda,Pym Particles,674.16,5.5,False
2025-12-10T06:00:00,Wakanda,Clean Water (L),2261.88,6.0,False
2025-12-10T06:00:00,Wakanda,Medical Kits,691.41,4.5,False
2025-12-10T06:00:00,Sokovia,Vibranium (kg),2429.13,5.0,False
2025-12-10T06:00:00,Sokovia,Arc Reactor Cores,709.05,6.0,False
2025-12-10T06:00:00,Sokovia,Pym Particles,711.87,5.5,False
2025-12-10T06:00:00,Sokovia,Clean Water (L),2401.84,6.0,False
2025-12-10T06:00:00,Sokovia,Medical Kits,735.5,4.5,False
2025-12-10T06:00:00,Sanctum Sanctorum,Vibranium (kg),2314.56,5.0,False
2025-12-10T06:00:00,Sanctum Sanctorum,Arc Reactor Cores,665.33,6.0,False
2025-12-10T06:00:00,Sanctum Sanctorum,Pym Particles,671.47,5.5,False
2025-12-10T06:00:00,Sanctum Sanctorum,Clean Water (L),2261.54,6.0,False
2025-12-10T06:00:00,Sanctum Sanctorum,Medical Kits,692.3,4.5,False
2025-12-10T06:00:00,Avengers Compound,Vibranium (kg),2308.81,5.0,False
2025-12-10T06:00:00,Avengers Compound,Arc Reactor Cores,666.46,6.0,False
2025-12-10T06:00:00,Avengers Compound,Pym Particles,675.13,5.5,False
2025-12-10T06:00:00,Avengers Compound,Clean Water (L),2264.55,6.0,False
2025-12-10T06:00:00,Avengers Compound,Medical Kits,694.34,4.5,False
2025-12-10T07:00:00,New Asgard,Vibranium (kg),2425.42,5.39,False
2025-12-10T07:00:00,New Asgard,Arc Reactor Cores,700.75,6.47,False
2025-12-10T07:00:00,New Asgard,Pym Particles,714.33,5.93,False
2025-12-10T07:00:00,New Asgard,Clean Water (L),2404.33,6.47,False
2025-12-10T07:00:00,New Asgard,Medical Kits,737.29,4.85,False
2025-12-10T07:00:00,Wakanda,Vibranium (kg),2317.57,5.39,False
2025-12-10T07:00:00,Wakanda,Arc Reactor Cores,664.82,6.47,False
2025-12-10T07:00:00,Wakanda,Pym Particles,674.51,5.93,False
2025-12-10T07:00:00,Wakanda,Clean Water (L),2267.83,6.47,False
2025-12-10T07:00:00,Wakanda,Medical Kits,691.87,4.85,False
2025-12-10T07:00:00,Sokovia,Vibranium (kg),2427.75,5.39,False
2025-12-10T07:00:00,Sokovia,Arc Reactor Cores,708.82,6.47,False
2025-12-10T07:00:00,Sokovia,Pym Particles,710.5,5.93,False
2025-12-10T07:00:00,Sokovia,Clean Water (L),2401.43,6.47,False
2025-12-10T07:00:00,Sokovia,Medical Kits,734.21,4.85,False
2025-12-10T07:00:00,Sanctum Sanctorum,Vibranium (kg),2319.85,5.39,False
2025-12-10T07:00:00,Sanctum Sanctorum,Arc Reactor Cores,666.64,6.47,False
2025-12-10T07:00:00,Sanctum Sanctorum,Pym Particles,672.15,5.93,False
2025-12-10T07:00:00,Sanctum Sanctorum,Clean Water (L),2267.56,6.47,False
2025-12-10T07:00:00,Sanctum Sanctorum,Medical Kits,693.64,4.85,False
2025-12-10T07:00:00,Avengers Compound,Vibranium (kg),2314.27,5.39,False
2025-12-10T07:00:00,Avengers Compound,Arc Reactor Cores,667.62,6.47,False
2025-12-10T07:00:00,Avengers Compound,Pym Particles,677.11,5.93,False
2025-12-10T07:00:00,Avengers Compound,Clean Water (L),2271.94,6.47,False
2025-12-10T07:00:00,Avengers Compound,Medical Kits,695.98,4.85,False
2025-12-10T08:00:00,New Asgard,Vibranium (kg),2425.22,5.75,False
2025-12-10T08:00:00,New Asgard,Arc Reactor Cores,699.56,6.9,False
2025-12-10T08:00:00,New Asgard,Pym Particles,712.59,6.32,False
2025-12-10T08:00:00,New Asgard,Clean Water (L),2402.51,6.9,False
2025-12-10T08:00:00,New Asgard,Medical Kits,736.11,5.17,False
2025-12-10T08:00:00,Wakanda,Vibranium (kg),2322.26,5.75,False
2025-12-10T08:00:00,Wakanda,Arc Reactor Cores,664.36,6.9,False
2025-12-10T08:00:00,Wakanda,Pym Particles,674.99,6.32,False
2025-12-10T08:00:00,Wakanda,Clean Water (L),2273.77,6.9,False
2025-12-10T08:00:00,Wakanda,Medical Kits,694.82,5.17,False
2025-12-10T08:00:00,Sokovia,Vibranium (kg),2426.43,5.75,False
2025-12-10T08:00:00,Sokovia,Arc Reactor Cores,706.87,6.9,False
2025-12-10T08:00:00,Sokovia,Pym Particles,709.21,6.32,False
2025-12-10T08:00:00,Sokovia,Clean Water (L),2399.1,6.9,False
2025-12-10T08:00:00,Sokovia,Medical Kits,733.27,5.17,False
2025-12-10T08:00:00,Sanctum Sanctorum,Vibranium (kg),2324.23,5.75,False
2025-12-10T08:00:00,Sanctum Sanctorum,Arc Reactor Cores,666.79,6.9,False
2025-12-10T08:00:00,Sanctum Sanctorum,Pym Particles,673.53,6.32,False
2025-12-10T08:00:00,Sanctum Sanctorum,Clean Water (L),2273.74,6.9,False
2025-12-10T08:00:00,Sanctum Sanctorum,Medical Kits,696.51,5.17,False
2025-12-10T08:00:00,Avengers Compound,Vibranium (kg),2318.3,5.75,False
2025-12-10T08:00:00,Avengers Compound,Arc Reactor Cores,668.03,6.9,False
2025-12-10T08:00:00,Avengers Compound,Pym Particles,678.46,6.32,False
2025-12-10T08:00:00,Avengers Compound,Clean Water (L),2277.56,6.9,False
2025-12-10T08:00:00,Avengers Compound,Medical Kits,696.78,5.17,False
2025-12-10T09:00:00,New Asgard,Vibranium (kg),2425.38,6.06,False
2025-12-10T09:00:00,New Asgard,Arc Reactor Cores,698.64,7.27,False
2025-12-10T09:00:00,New Asgard,Pym Particles,709.74,6.67,False
2025-12-10T09:00:00,New Asgard,Clean Water (L),2401.62,7.27,False
2025-12-10T09:00:00,New Asgard,Medical Kits,734.9,5.45,False
2025-12-10T09:00:00,Wakanda,Vibranium (kg),2326.46,6.06,False
2025-12-10T09:00:00,Wakanda,Arc Reactor Cores,663.83,7.27,False
2025-12-10T09:00:00,Wakanda,Pym Particles,676.04,6.67,False
2025-12-10T09:00:00,Wakanda,Clean Water (L),2277.3,7.27,False
2025-12-10T09:00:00,Wakanda,Medical Kits,695.38,5.45,False
2025-12-10T09:00:00,Sokovia,Vibranium (kg),2425.01,6.06,False
2025-12-10T09:00:00,Sokovia,Arc Reactor Cores,703.83,7.27,False
2025-12-10T09:00:00,Sokovia,Pym Particles,707.35,6.67,False
2025-12-10T09:00:00,Sokovia,Clean Water (L),2399.24,7.27,False
2025-12-10T09:00:00,Sokovia,Medical Kits,732.24,5.45,False
2025-12-10T09:00:00,Sanctum Sanctorum,Vibranium (kg),2327.8,6.06,False
2025-12-10T09:00:00,Sanctum Sanctorum,Arc Reactor Cores,666.91,7.27,False
2025-12-10T09:00:00,Sanctum Sanctorum,Pym Particles,675.9,6.67,False
2025-12-10T09:00:00,Sanctum Sanctorum,Clean Water (L),2277.86,7.27,False
2025-12-10T09:00:00,Sanctum Sanctorum,Medical Kits,697.14,5.45,False
2025-12-10T09:00:00,Avengers Compound,Vibranium (kg),2322.97,6.06,False
2025-12-10T09:00:00,Avengers Compound,Arc Reactor Cores,668.1,7.27,False
2025-12-10T09:00:00,Avengers Compound,Pym Particles,679.31,6.67,False
2025-12-10T09:00:00,Avengers Compound,Clean Water (L),2282.55,7.27,False
2025-12-10T09:00:00,Avengers Compound,Medical Kits,697.41,5.45,False
2025-12-10T10:00:00,New Asgard,Vibranium (kg),2423.62,6.3,False
2025-12-10T10:00:00,New Asgard,Arc Reactor Cores,697.13,7.56,False
2025-12-10T10:00:00,New Asgard,Pym Particles,708.61,6.93,False
2025-12-10T10:00:00,New Asgard,Clean Water (L),2401.34,7.56,False
2025-12-10T10:00:00,New Asgard,Medical Kits,731.94,5.67,False
2025-12-10T10:00:00,Wakanda,Vibranium (kg),2331.33,6.3,False
2025-12-10T10:00:00,Wakanda,Arc Reactor Cores,662.86,7.56,False
2025-12-10T10:00:00,Wakanda,Pym Particles,677.26,6.93,False
2025-12-10T10:00:00,Wakanda,Clean Water (L),2282.03,7.56,False
2025-12-10T10:00:00,Wakanda,Medical Kits,694.82,5.67,False
2025-12-10T10:00:00,Sokovia,Vibranium (kg),2424.27,6.3,False
2025-12-10T10:00:00,Sokovia,Arc Reactor Cores,702.67,7.56,False
2025-12-10T10:00:00,Sokovia,Pym Particles,706.19,6.93,False
2025-12-10T10:00:00,Sokovia,Clean Water (L),2396.41,7.56,False
2025-12-10T10:00:00,Sokovia,Medical Kits,730.88,5.67,False
2025-12-10T10:00:00,Sanctum Sanctorum,Vibranium (kg),2332.18,6.3,False
2025-12-10T10:00:00,Sanctum Sanctorum,Arc Reactor Cores,667.39,7.56,False
2025-12-10T10:00:00,Sanctum Sanctorum,Pym Particles,676.43,6.93,False
2025-12-10T10:00:00,Sanctum Sanctorum,Clean Water (L),2282.14,7.56,False
2025-12-10T10:00:00,Sanctum Sanctorum,Medical Kits,697.03,5.67,False
2025-12-10T10:00:00,Avengers Compound,Vibranium (kg),2327.01,6.3,False
2025-12-10T10:00:00,Avengers Compound,Arc Reactor Cores,668.95,7.56,False
2025-12-10T10:00:00,Avengers Compound,Pym Particles,679.48,6.93,False
2025-12-10T10:00:00,Avengers Compound,Clean Water (L),2287.98,7.56,False
2025-12-10T10:00:00,Avengers Compound,Medical Kits,698.04,5.67,False
2025-12-10T11:00:00,New Asgard,Vibranium (kg),2420.46,6.45,False
2025-12-10T11:00:00,New Asgard,Arc Reactor Cores,695.35,7.74,False
2025-12-10T11:00:00,New Asgard,Pym Particles,705.86,7.09,False
2025-12-10T11:00:00,New Asgard,Clean Water (L),2399.3,7.74,False
2025-12-10T11:00:00,New Asgard,Medical Kits,731.22,5.8,False
2025-12-10T11:00:00,Wakanda,Vibranium (kg),2335.0,6.45,False
2025-12-10T11:00:00,Wakanda,Arc Reactor Cores,662.0,7.74,False
2025-12-10T11:00:00,Wakanda,Pym Particles,679.11,7.09,False
2025-12-10T11:00:00,Wakanda,Clean Water (L),2285.18,7.74,False
2025-12-10T11:00:00,Wakanda,Medical Kits,695.18,5.8,False
2025-12-10T11:00:00,Sokovia,Vibranium (kg),2423.59,6.45,False
2025-12-10T11:00:00,Sokovia,Arc Reactor Cores,702.04,7.74,False
2025-12-10T11:00:00,Sokovia,Pym Particles,705.57,7.09,False
2025-12-10T11:00:00,Sokovia,Clean Water (L),2394.44,7.74,False
2025-12-10T11:00:00,Sokovia,Medical Kits,729.82,5.8,False
2025-12-10T11:00:00,Sanctum Sanctorum,Vibranium (kg),2334.1,6.45,False
2025-12-10T11:00:00,Sanctum Sanctorum,Arc Reactor Cores,666.65,7.74,False
2025-12-10T11:00:00,Sanctum Sanctorum,Pym Particles,675.99,7.09,False
2025-12-10T11:00:00,Sanctum Sanctorum,Clean Water (L),2286.58,7.74,False
2025-12-10T11:00:00,Sanctum Sanctorum,Medical Kits,696.66,5.8,False
2025-12-10T11:00:00,Avengers Compound,Vibranium (kg),2330.56,6.45,False
2025-12-10T11:00:00,Avengers Compound,Arc Reactor Cores,668.19,7.74,False
2025-12-10T11:00:00,Avengers Compound,Pym Particles,681.1,7.09,False
2025-12-10T11:00:00,Avengers Compound,Clean Water (L),2292.72,7.74,False
2025-12-10T11:00:00,Avengers Compound,Medical Kits,698.2,5.8,False
2025-12-10T12:00:00,New Asgard,Vibranium (kg),2419.58,6.5,False
2025-12-10T12:00:00,New Asgard,Arc Reactor Cores,693.85,7.8,False
2025-12-10T12:00:00,New Asgard,Pym Particles,703.44,7.15,False
2025-12-10T12:00:00,New Asgard,Clean Water (L),2398.55,7.8,False
2025-12-10T12:00:00,New Asgard,Medical Kits,729.16,5.85,False
2025-12-10T12:00:00,Wakanda,Vibranium (kg),2336.44,6.5,False
2025-12-10T12:00:00,Wakanda,Arc Reactor Cores,661.68,7.8,False
2025-12-10T12:00:00,Wakanda,Pym Particles,679.43,7.15,False
2025-12-10T12:00:00,Wakanda,Clean Water (L),2289.13,7.8,False
2025-12-10T12:00:00,Wakanda,Medical Kits,695.91,5.85,False
2025-12-10T12:00:00,Sokovia,Vibranium (kg),2420.51,6.5,False
2025-12-10T12:00:00,Sokovia,Arc Reactor Cores,699.99,7.8,False
2025-12-10T12:00:00,Sokovia,Pym Particles,702.84,7.15,False
2025-12-10T12:00:00,Sokovia,Clean Water (L),2391.96,7.8,False
2025-12-10T12:00:00,Sokovia,Medical Kits,728.39,5.85,False
2025-12-10T12:00:00,Sanctum Sanctorum,Vibranium (kg),2336.58,6.5,False
2025-12-10T12:00:00,Sanctum Sanctorum,Arc Reactor Cores,666.79,7.8,False
2025-12-10T12:00:00,Sanctum Sanctorum,Pym Particles,677.05,7.15,False
2025-12-10T12:00:00,Sanctum Sanctorum,Clean Water (L),2289.46,7.8,False
2025-12-10T12:00:00,Sanctum Sanctorum,Medical Kits,695.61,5.85,False
2025-12-10T12:00:00,Avengers Compound,Vibranium (kg),2332.06,6.5,False
2025-12-10T12:00:00,Avengers Compound,Arc Reactor Cores,669.05,7.8,False
2025-12-10T12:00:00,Avengers Compound,Pym Particles,680.02,7.15,False
2025-12-10T12:00:00,Avengers Compound,Clean Water (L),2296.44,7.8,False
2025-12-10T12:00:00,Avengers Compound,Medical Kits,697.56,5.85,False
2025-12-10T13:00:00,New Asgard,Vibranium (kg),2417.9,6.45,False
2025-12-10T13:00:00,New Asgard,Arc Reactor Cores,692.55,7.74,False
2025-12-10T13:00:00,New Asgard,Pym Particles,702.61,7.09,False
2025-12-10T13:00:00,New Asgard,Clean Water (L),2397.42,7.74,False
2025-12-10T13:00:00,New Asgard,Medical Kits,727.39,5.8,False
2025-12-10T13:00:00,Wakanda,Vibranium (kg),2338.74,6.45,False
2025-12-10T13:00:00,Wakanda,Arc Reactor Cores,660.56,7.74,False
2025-12-10T13:00:00,Wakanda,Pym Particles,679.09,7.09,False
2025-12-10T13:00:00,Wakanda,Clean Water (L),2293.91,7.74,False
2025-12-10T13:00:00,Wakanda,Medical Kits,694.86,5.8,False
2025-12-10T13:00:00,Sokovia,Vibranium (kg),2417.55,6.45,False
2025-12-10T13:00:00,Sokovia,Arc Reactor Cores,698.07,7.74,False
2025-12-10T13:00:00,Sokovia,Pym Particles,702.28,7.09,False
2025-12-10T13:00:00,Sokovia,Clean Water (L),2389.48,7.74,False
2025-12-10T13:00:00,Sokovia,Medical Kits,727.23,5.8,False
2025-12-10T13:00:00,Sanctum Sanctorum,Vibranium (kg),2338.5,6.45,False
2025-12-10T13:00:00,Sanctum Sanctorum,Arc Reactor Cores,667.0,7.74,False
2025-12-10T13:00:00,Sanctum Sanctorum,Pym Particles,675.33,7.09,False
2025-12-10T13:00:00,Sanctum Sanctorum,Clean Water (L),2293.07,7.74,False
2025-12-10T13:00:00,Sanctum Sanctorum,Medical Kits,695.68,5.8,False
2025-12-10T13:00:00,Avengers Compound,Vibranium (kg),2334.93,6.45,False
2025-12-10T13:00:00,Avengers Compound,Arc Reactor Cores,669.01,7.74,False
2025-12-10T13:00:00,Avengers Compound,Pym Particles,680.24,7.09,False
2025-12-10T13:00:00,Avengers Compound,Clean Water (L),2299.53,7.74,False
2025-12-10T13:00:00,Avengers Compound,Medical Kits,696.77,5.8,False
2025-12-10T14:00:00,New Asgard,Vibranium (kg),2417.35,6.3,False
2025-12-10T14:00:00,New Asgard,Arc Reactor Cores,691.37,7.56,False
2025-12-10T14:00:00,New Asgard,Pym Particles,702.24,6.93,False
2025-12-10T14:00:00,New Asgard,Clean Water (L),2397.74,7.56,False
2025-12-10T14:00:00,New Asgard,Medical Kits,725.71,5.67,False
2025-12-10T14:00:00,Wakanda,Vibranium (kg),2341.88,6.3,False
2025-12-10T14:00:00,Wakanda,Arc Reactor Cores,660.24,7.56,False
2025-12-10T14:00:00,Wakanda,Pym Particles,680.21,6.93,False
2025-12-10T14:00:00,Wakanda,Clean Water (L),2298.21,7.56,False
2025-12-10T14:00:00,Wakanda,Medical Kits,694.31,5.67,False
2025-12-10T14:00:00,Sokovia,Vibranium (kg),2417.7,6.3,False
2025-12-10T14:00:00,Sokovia,Arc Reactor Cores,697.83,7.56,False
2025-12-10T14:00:00,Sokovia,Pym Particles,701.51,6.93,False
2025-12-10T14:00:00,Sokovia,Clean Water (L),2388.44,7.56,False
2025-12-10T14:00:00,Sokovia,Medical Kits,726.24,5.67,False
2025-12-10T14:00:00,Sanctum Sanctorum,Vibranium (kg),2341.77,6.3,False
2025-12-10T14:00:00,Sanctum Sanctorum,Arc Reactor Cores,667.69,7.56,False
2025-12-10T14:00:00,Sanctum Sanctorum,Pym Particles,676.13,6.93,False
2025-12-10T14:00:00,Sanctum Sanctorum,Clean Water (L),2298.53,7.56,False
2025-12-10T14:00:00,Sanctum Sanctorum,Medical Kits,695.98,5.67,False
2025-12-10T14:00:00,Avengers Compound,Vibranium (kg),2336.99,6.3,False
2025-12-10T14:00:00,Avengers Compound,Arc Reactor Cores,668.89,7.56,False
2025-12-10T14:00:00,Avengers Compound,Pym Particles,681.68,6.93,False
2025-12-10T14:00:00,Avengers Compound,Clean Water (L),2302.0,7.56,False
2025-12-10T14:00:00,Avengers Compound,Medical Kits,698.15,5.67,False
2025-12-10T15:00:00,New Asgard,Vibranium (kg),2417.32,6.06,False
2025-12-10T15:00:00,New Asgard,Arc Reactor Cores,690.65,7.27,False
2025-12-10T15:00:00,New Asgard,Pym Particles,701.43,6.67,False
2025-12-10T15:00:00,New Asgard,Clean Water (L),2397.92,7.27,False
2025-12-10T15:00:00,New Asgard,Medical Kits,725.29,5.45,False
2025-12-10T15:00:00,Wakanda,Vibranium (kg),2343.15,6.06,False
2025-12-10T15:00:00,Wakanda,Arc Reactor Cores,660.9,7.27,False
2025-12-10T15:00:00,Wakanda,Pym Particles,680.93,6.67,False
2025-12-10T15:00:00,Wakanda,Clean Water (L),2301.56,7.27,False
2025-12-10T15:00:00,Wakanda,Medical Kits,695.28,5.45,False
2025-12-10T15:00:00,Sokovia,Vibranium (kg),2416.71,6.06,False
2025-12-10T15:00:00,Sokovia,Arc Reactor Cores,697.19,7.27,False
2025-12-10T15:00:00,Sokovia,Pym Particles,700.59,6.67,False
2025-12-10T15:00:00,Sokovia,Clean Water (L),2386.74,7.27,False
2025-12-10T15:00:00,Sokovia,Medical Kits,726.69,5.45,False
2025-12-10T15:00:00,Sanctum Sanctorum,Vibranium (kg),2343.83,6.06,False
2025-12-10T15:00:00,Sanctum Sanctorum,Arc Reactor Cores,669.0,7.27,False
2025-12-10T15:00:00,Sanctum Sanctorum,Pym Particles,677.37,6.67,False
2025-12-10T15:00:00,Sanctum Sanctorum,Clean Water (L),2303.1,7.27,False
2025-12-10T15:00:00,Sanctum Sanctorum,Medical Kits,695.96,5.45,False
2025-12-10T15:00:00,Avengers Compound,Vibranium (kg),2339.08,6.06,False
2025-12-10T15:00:00,Avengers Compound,Arc Reactor Cores,669.12,7.27,False
2025-12-10T15:00:00,Avengers Compound,Pym Particles,682.68,6.67,False
2025-12-10T15:00:00,Avengers Compound,Clean Water (L),2305.42,7.27,False
2025-12-10T15:00:00,Avengers Compound,Medical Kits,699.89,5.45,False
2025-12-10T16:00:00,New Asgard,Vibranium (kg),2416.15,5.75,False
2025-12-10T16:00:00,New Asgard,Arc Reactor Cores,690.15,6.9,False
2025-12-10T16:00:00,New Asgard,Pym Particles,701.45,6.32,False
2025-12-10T16:00:00,New Asgard,Clean Water (L),2397.04,6.9,False
2025-12-10T16:00:00,New Asgard,Medical Kits,725.16,5.17,False
2025-12-10T16:00:00,Wakanda,Vibranium (kg),2346.5,5.75,False
2025-12-10T16:00:00,Wakanda,Arc Reactor Cores,661.81,6.9,False
2025-12-10T16:00:00,Wakanda,Pym Particles,680.8,6.32,False
2025-12-10T16:00:00,Wakanda,Clean Water (L),2304.63,6.9,False
2025-12-10T16:00:00,Wakanda,Medical Kits,695.97,5.17,False
2025-12-10T16:00:00,Sokovia,Vibranium (kg),2415.37,5.75,False
2025-12-10T16:00:00,Sokovia,Arc Reactor Cores,695.84,6.9,False
2025-12-10T16:00:00,Sokovia,Pym Particles,700.14,6.32,False
2025-12-10T16:00:00,Sokovia,Clean Water (L),2385.23,6.9,False
2025-12-10T16:00:00,Sokovia,Medical Kits,726.85,5.17,False
2025-12-10T16:00:00,Sanctum Sanctorum,Vibranium (kg),2347.15,5.75,False
2025-12-10T16:00:00,Sanctum Sanctorum,Arc Reactor Cores,669.71,6.9,False
2025-12-10T16:00:00,Sanctum Sanctorum,Pym Particles,678.0,6.32,False
2025-12-10T16:00:00,Sanctum Sanctorum,Clean Water (L),2306.86,6.9,False
2025-12-10T16:00:00,Sanctum Sanctorum,Medical Kits,697.19,5.17,False
2025-12-10T16:00:00,Avengers Compound,Vibranium (kg),2343.94,5.75,False
2025-12-10T16:00:00,Avengers Compound,Arc Reactor Cores,669.53,6.9,False
2025-12-10T16:00:00,Avengers Compound,Pym Particles,683.13,6.32,False
2025-12-10T16:00:00,Avengers Compound,Clean Water (L),2308.8,6.9,False
2025-12-10T16:00:00,Avengers Compound,Medical Kits,700.55,5.17,False
2025-12-10T17:00:00,New Asgard,Vibranium (kg),2415.57,5.39,False
2025-12-10T17:00:00,New Asgard,Arc Reactor Cores,689.54,6.47,False
2025-12-10T17:00:00,New Asgard,Pym Particles,702.32,5.93,False
2025-12-10T17:00:00,New Asgard,Clean Water (L),2397.21,6.47,False
2025-12-10T17:00:00,New Asgard,Medical Kits,724.48,4.85,False
2025-12-10T17:00:00,Wakanda,Vibranium (kg),2349.77,5.39,False
2025-12-10T17:00:00,Wakanda,Arc Reactor Cores,663.19,6.47,False
2025-12-10T17:00:00,Wakanda,Pym Particles,682.65,5.93,False
2025-12-10T17:00:00,Wakanda,Clean Water (L),2310.77,6.47,False
2025-12-10T17:00:00,Wakanda,Medical Kits,697.11,4.85,False
2025-12-10T17:00:00,Sokovia,Vibranium (kg),2414.39,5.39,False
2025-12-10T17:00:00,Sokovia,Arc Reactor Cores,696.26,6.47,False
2025-12-10T17:00:00,Sokovia,Pym Particles,699.38,5.93,False
2025-12-10T17:00:00,Sokovia,Clean Water (L),2386.06,6.47,False
2025-12-10T17:00:00,Sokovia,Medical Kits,726.48,4.85,False
2025-12-10T17:00:00,Sanctum Sanctorum,Vibranium (kg),2349.68,5.39,False
2025-12-10T17:00:00,Sanctum Sanctorum,Arc Reactor Cores,670.24,6.47,False
2025-12-10T17:00:00,Sanctum Sanctorum,Pym Particles,678.99,5.93,False
2025-12-10T17:00:00,Sanctum Sanctorum,Clean Water (L),2310.76,6.47,False
2025-12-10T17:00:00,Sanctum Sanctorum,Medical Kits,698.38,4.85,False
2025-12-10T17:00:00,Avengers Compound,Vibranium (kg),2345.8,5.39,False
2025-12-10T17:00:00,Avengers Compound,Arc Reactor Cores,670.65,6.47,False
2025-12-10T17:00:00,Avengers Compound,Pym Particles,683.94,5.93,False
2025-12-10T17:00:00,Avengers Compound,Clean Water (L),2312.99,6.47,False
2025-12-10T17:00:00,Avengers Compound,Medical Kits,701.78,4.85,False
2025-12-10T18:00:00,New Asgard,Vibranium (kg),2415.59,5.0,False
2025-12-10T18:00:00,New Asgard,Arc Reactor Cores,689.02,6.0,False
2025-12-10T18:00:00,New Asgard,Pym Particles,702.88,5.5,False
2025-12-10T18:00:00,New Asgard,Clean Water (L),2397.2,6.0,False
2025-12-10T18:00:00,New Asgard,Medical Kits,724.83,4.5,False
2025-12-10T18:00:00,Wakanda,Vibranium (kg),2352.09,5.0,False
2025-12-10T18:00:00,Wakanda,Arc Reactor Cores,663.96,6.0,False
2025-12-10T18:00:00,Wakanda,Pym Particles,683.6,5.5,False
2025-12-10T18:00:00,Wakanda,Clean Water (L),2315.52,6.0,False
2025-12-10T18:00:00,Wakanda,Medical Kits,699.9,4.5,False
2025-12-10T18:00:00,Sokovia,Vibranium (kg),2414.67,5.0,False
2025-12-10T18:00:00,Sokovia,Arc Reactor Cores,696.54,6.0,False
2025-12-10T18:00:00,Sokovia,Pym Particles,701.33,5.5,False
2025-12-10T18:00:00,Sokovia,Clean Water (L),2386.93,6.0,False
2025-12-10T18:00:00,Sokovia,Medical Kits,727.35,4.5,False
2025-12-10T18:00:00,Sanctum Sanctorum,Vibranium (kg),2353.58,5.0,False
2025-12-10T18:00:00,Sanctum Sanctorum,Arc Reactor Cores,670.41,6.0,False
2025-12-10T18:00:00,Sanctum Sanctorum,Pym Particles,681.5,5.5,False
2025-12-10T18:00:00,Sanctum Sanctorum,Clean Water (L),2315.73,6.0,False
2025-12-10T18:00:00,Sanctum Sanctorum,Medical Kits,700.14,4.5,False
2025-12-10T18:00:00,Avengers Compound,Vibranium (kg),2350.31,5.0,False
2025-12-10T18:00:00,Avengers Compound,Arc Reactor Cores,672.57,6.0,False
2025-12-10T18:00:00,Avengers Compound,Pym Particles,685.45,5.5,False
2025-12-10T18:00:00,Avengers Compound,Clean Water (L),2316.65,6.0,False
2025-12-10T18:00:00,Avengers Compound,Medical Kits,704.74,4.5,False
2025-12-10T19:00:00,New Asgard,Vibranium (kg),2416.44,4.61,False
2025-12-10T19:00:00,New Asgard,Arc Reactor Cores,690.31,5.53,False
2025-12-10T19:00:00,New Asgard,Pym Particles,703.98,5.07,False
2025-12-10T19:00:00,New Asgard,Clean Water (L),2397.91,5.53,False
2025-12-10T19:00:00,New Asgard,Medical Kits,724.67,4.15,False
2025-12-10T19:00:00,Wakanda,Vibranium (kg),2354.88,4.61,False
2025-12-10T19:00:00,Wakanda,Arc Reactor Cores,665.07,5.53,False
2025-12-10T19:00:00,Wakanda,Pym Particles,685.74,5.07,False
2025-12-10T19:00:00,Wakanda,Clean Water (L),2320.91,5.53,False
2025-12-10T19:00:00,Wakanda,Medical Kits,701.66,4.15,False
2025-12-10T19:00:00,Sokovia,Vibranium (kg),2416.32,4.61,False
2025-12-10T19:00:00,Sokovia,Arc Reactor Cores,698.06,5.53,False
2025-12-10T19:00:00,Sokovia,Pym Particles,702.73,5.07,False
2025-12-10T19:00:00,Sokovia,Clean Water (L),2387.95,5.53,False
2025-12-10T19:00:00,Sokovia,Medical Kits,728.4,4.15,False
2025-12-10T19:00:00,Sanctum Sanctorum,Vibranium (kg),2358.26,4.61,False
2025-12-10T19:00:00,Sanctum Sanctorum,Arc Reactor Cores,673.92,5.53,False
2025-12-10T19:00:00,Sanctum Sanctorum,Pym Particles,683.4,5.07,False
2025-12-10T19:00:00,Sanctum Sanctorum,Clean Water (L),2320.85,5.53,False
2025-12-10T19:00:00,Sanctum Sanctorum,Medical Kits,702.99,4.15,False
2025-12-10T19:00:00,Avengers Compound,Vibranium (kg),2355.21,4.61,False
2025-12-10T19:00:00,Avengers Compound,Arc Reactor Cores,673.24,5.53,False
2025-12-10T19:00:00,Avengers Compound,Pym Particles,686.07,5.07,False
2025-12-10T19:00:00,Avengers Compound,Clean Water (L),2322.46,5.53,False
2025-12-10T19:00:00,Avengers Compound,Medical Kits,705.29,4.15,False
2025-12-10T20:00:00,New Asgard,Vibranium (kg),2416.98,4.25,False
2025-12-10T20:00:00,New Asgard,Arc Reactor Cores,690.97,5.1,False
2025-12-10T20:00:00,New Asgard,Pym Particles,705.23,4.68,False
2025-12-10T20:00:00,New Asgard,Clean Water (L),2398.2,5.1,False
2025-12-10T20:00:00,New Asgard,Medical Kits,726.1,3.83,False
2025-12-10T20:00:00,Wakanda,Vibranium (kg),2358.13,4.25,False
2025-12-10T20:00:00,Wakanda,Arc Reactor Cores,668.35,5.1,False
2025-12-10T20:00:00,Wakanda,Pym Particles,687.16,4.68,False
2025-12-10T20:00:00,Wakanda,Clean Water (L),2325.89,5.1,False
2025-12-10T20:00:00,Wakanda,Medical Kits,705.32,3.83,False
2025-12-10T20:00:00,Sokovia,Vibranium (kg),2417.51,4.25,False
2025-12-10T20:00:00,Sokovia,Arc Reactor Cores,697.57,5.1,False
2025-12-10T20:00:00,Sokovia,Pym Particles,703.98,4.68,False
2025-12-10T20:00:00,Sokovia,Clean Water (L),2389.68,5.1,False
2025-12-10T20:00:00,Sokovia,Medical Kits,727.72,3.83,False
2025-12-10T20:00:00,Sanctum Sanctorum,Vibranium (kg),2363.68,4.25,False
2025-12-10T20:00:00,Sanctum Sanctorum,Arc Reactor Cores,675.48,5.1,False
2025-12-10T20:00:00,Sanctum Sanctorum,Pym Particles,687.2,4.68,False
2025-12-10T20:00:00,Sanctum Sanctorum,Clean Water (L),2324.48,5.1,False
2025-12-10T20:00:00,Sanctum Sanctorum,Medical Kits,705.36,3.83,False
2025-12-10T20:00:00,Avengers Compound,Vibranium (kg),2358.12,4.25,False
2025-12-10T20:00:00,Avengers Compound,Arc Reactor Cores,674.75,5.1,False
2025-12-10T20:00:00,Avengers Compound,Pym Particles,686.97,4.68,False
2025-12-10T20:00:00,Avengers Compound,Clean Water (L),2327.18,5.1,False
2025-12-10T20:00:00,Avengers Compound,Medical Kits,708.87,3.83,False
2025-12-10T21:00:00,New Asgard,Vibranium (kg),2419.83,3.94,False
2025-12-10T21:00:00,New Asgard,Arc Reactor Cores,693.92,4.73,False
2025-12-10T21:00:00,New Asgard,Pym Particles,706.31,4.33,False
2025-12-10T21:00:00,New Asgard,Clean Water (L),2398.62,4.73,False
2025-12-10T21:00:00,New Asgard,Medical Kits,727.66,3.55,False
2025-12-10T21:00:00,Wakanda,Vibranium (kg),2361.88,3.94,False
2025-12-10T21:00:00,Wakanda,Arc Reactor Cores,671.34,4.73,False
2025-12-10T21:00:00,Wakanda,Pym Particles,688.28,4.33,False
2025-12-10T21:00:00,Wakanda,Clean Water (L),2331.36,4.73,False
2025-12-10T21:00:00,Wakanda,Medical Kits,706.66,3.55,False
2025-12-10T21:00:00,Sokovia,Vibranium (kg),2418.65,3.94,False
2025-12-10T21:00:00,Sokovia,Arc Reactor Cores,700.08,4.73,False
2025-12-10T21:00:00,Sokovia,Pym Particles,706.21,4.33,False
2025-12-10T21:00:00,Sokovia,Clean Water (L),2391.26,4.73,False
2025-12-10T21:00:00,Sokovia,Medical Kits,729.66,3.55,False
2025-12-10T21:00:00,Sanctum Sanctorum,Vibranium (kg),2368.77,3.94,False
2025-12-10T21:00:00,Sanctum Sanctorum,Arc Reactor Cores,678.96,4.73,False
2025-12-10T21:00:00,Sanctum Sanctorum,Pym Particles,690.38,4.33,False
2025-12-10T21:00:00,Sanctum Sanctorum,Clean Water (L),2328.95,4.73,False
2025-12-10T21:00:00,Sanctum Sanctorum,Medical Kits,706.47,3.55,False
2025-12-10T21:00:00,Avengers Compound,Vibranium (kg),2362.18,3.94,False
2025-12-10T21:00:00,Avengers Compound,Arc Reactor Cores,676.05,4.73,False
2025-12-10T21:00:00,Avengers Compound,Pym Particles,689.5,4.33,False
2025-12-10T21:00:00,Avengers Compound,Clean Water (L),2332.06,4.73,False
2025-12-10T21:00:00,Avengers Compound,Medical Kits,710.54,3.55,False
2025-12-10T22:00:00,New Asgard,Vibranium (kg),2419.89,3.7,False
2025-12-10T22:00:00,New Asgard,Arc Reactor Cores,696.91,4.44,False
2025-12-10T22:00:00,New Asgard,Pym Particles,708.47,4.07,False
2025-12-10T22:00:00,New Asgard,Clean Water (L),2401.02,4.44,False
2025-12-10T22:00:00,New Asgard,Medical Kits,727.75,3.33,False
2025-12-10T22:00:00,Wakanda,Vibranium (kg),2366.93,3.7,False
2025-12-10T22:00:00,Wakanda,Arc Reactor Cores,673.36,4.44,False
2025-12-10T22:00:00,Wakanda,Pym Particles,692.59,4.07,False
2025-12-10T22:00:00,Wakanda,Clean Water (L),2336.37,4.44,False
2025-12-10T22:00:00,Wakanda,Medical Kits,708.99,3.33,False
2025-12-10T22:00:00,Sokovia,Vibranium (kg),2420.29,3.7,False
2025-12-10T22:00:00,Sokovia,Arc Reactor Cores,700.79,4.44,False
2025-12-10T22:00:00,Sokovia,Pym Particles,707.46,4.07,False
2025-12-10T22:00:00,Sokovia,Clean Water (L),2392.44,4.44,False
2025-12-10T22:00:00,Sokovia,Medical Kits,730.31,3.33,False
2025-12-10T22:00:00,Sanctum Sanctorum,Vibranium (kg),2373.0,3.7,False
2025-12-10T22:00:00,Sanctum Sanctorum,Arc Reactor Cores,680.78,4.44,False
2025-12-10T22:00:00,Sanctum Sanctorum,Pym Particles,693.54,4.07,False
2025-12-10T22:00:00,Sanctum Sanctorum,Clean Water (L),2332.95,4.44,False
2025-12-10T22:00:00,Sanctum Sanctorum,Medical Kits,708.95,3.33,False
2025-12-10T22:00:00,Avengers Compound,Vibranium (kg),2366.54,3.7,False
2025-12-10T22:00:00,Avengers Compound,Arc Reactor Cores,677.9,4.44,False
2025-12-10T22:00:00,Avengers Compound,Pym Particles,692.86,4.07,False
2025-12-10T22:00:00,Avengers Compound,Clean Water (L),2336.44,4.44,False
2025-12-10T22:00:00,Avengers Compound,Medical Kits,712.86,3.33,False
2025-12-10T23:00:00,New Asgard,Vibranium (kg),2422.19,3.55,False
2025-12-10T23:00:00,New Asgard,Arc Reactor Cores,698.13,4.26,False
2025-12-10T23:00:00,New Asgard,Pym Particles,710.65,3.91,False
2025-12-10T23:00:00,New Asgard,Clean Water (L),2404.22,4.26,False
2025-12-10T23:00:00,New Asgard,Medical Kits,728.63,3.2,False
2025-12-10T23:00:00,Wakanda,Vibranium (kg),2371.41,3.55,False
2025-12-10T23:00:00,Wakanda,Arc Reactor Cores,676.71,4.26,False
2025-12-10T23:00:00,Wakanda,Pym Particles,695.3,3.91,False
2025-12-10T23:00:00,Wakanda,Clean Water (L),2341.92,4.26,False
2025-12-10T23:00:00,Wakanda,Medical Kits,711.62,3.2,False
2025-12-10T23:00:00,Sokovia,Vibranium (kg),2420.53,3.55,False
2025-12-10T23:00:00,Sokovia,Arc Reactor Cores,702.86,4.26,False
2025-12-10T23:00:00,Sokovia,Pym Particles,709.68,3.91,False
2025-12-10T23:00:00,Sokovia,Clean Water (L),2393.77,4.26,False
2025-12-10T23:00:00,Sokovia,Medical Kits,731.72,3.2,False
2025-12-10T23:00:00,Sanctum Sanctorum,Vibranium (kg),2376.1,3.55,False
2025-12-10T23:00:00,Sanctum Sanctorum,Arc Reactor Cores,682.42,4.26,False
2025-12-10T23:00:00,Sanctum Sanctorum,Pym Particles,695.81,3.91,False
2025-12-10T23:00:00,Sanctum Sanctorum,Clean Water (L),2338.12,4.26,False
2025-12-10T23:00:00,Sanctum Sanctorum,Medical Kits,712.47,3.2,False
2025-12-10T23:00:00,Avengers Compound,Vibranium (kg),2371.3,3.55,False
2025-12-10T23:00:00,Avengers Compound,Arc Reactor Cores,680.82,4.26,False
2025-12-10T23:00:00,Avengers Compound,Pym Particles,694.82,3.91,False
2025-12-10T23:00:00,Avengers Compound,Clean Water (L),2340.02,4.26,False
2025-12-10T23:00:00,Avengers Compound,Medical Kits,714.13,3.2,False
2025-12-11T00:00:00,New Asgard,Vibranium (kg),2423.26,3.5,False
2025-12-11T00:00:00,New Asgard,Arc Reactor Cores,699.44,4.2,False
2025-12-11T00:00:00,New Asgard,Pym Particles,712.68,3.85,False
2025-12-11T00:00:00,New Asgard,Clean Water (L),2405.36,4.2,False
2025-12-11T00:00:00,New Asgard,Medical Kits,728.65,3.15,False
2025-12-11T00:00:00,Wakanda,Vibranium (kg),2374.7,3.5,False
2025-12-11T00:00:00,Wakanda,Arc Reactor Cores,679.89,4.2,False
2025-12-11T00:00:00,Wakanda,Pym Particles,698.17,3.85,False
2025-12-11T00:00:00,Wakanda,Clean Water (L),2347.15,4.2,False
2025-12-11T00:00:00,Wakanda,Medical Kits,714.23,3.15,False
2025-12-11T00:00:00,Sokovia,Vibranium (kg),2420.91,3.5,False
2025-12-11T00:00:00,Sokovia,Arc Reactor Cores,704.49,4.2,False
2025-12-11T00:00:00,Sokovia,Pym Particles,711.15,3.85,False
2025-12-11T00:00:00,Sokovia,Clean Water (L),2395.55,4.2,False
2025-12-11T00:00:00,Sokovia,Medical Kits,731.94,3.15,False
2025-12-11T00:00:00,Sanctum Sanctorum,Vibranium (kg),2379.27,3.5,False
2025-12-11T00:00:00,Sanctum Sanctorum,Arc Reactor Cores,685.44,4.2,False
2025-12-11T00:00:00,Sanctum Sanctorum,Pym Particles,699.61,3.85,False
2025-12-11T00:00:00,Sanctum Sanctorum,Clean Water (L),2344.5,4.2,False
2025-12-11T00:00:00,Sanctum Sanctorum,Medical Kits,714.47,3.15,False
2025-12-11T00:00:00,Avengers Compound,Vibranium (kg),2375.62,3.5,False
2025-12-11T00:00:00,Avengers Compound,Arc Reactor Cores,684.31,4.2,False
2025-12-11T00:00:00,Avengers Compound,Pym Particles,695.99,3.85,False
2025-12-11T00:00:00,Avengers Compound,Clean Water (L),2345.75,4.2,False
2025-12-11T00:00:00,Avengers Compound,Medical Kits,716.14,3.15,False
2025-12-11T01:00:00,New Asgard,Vibranium (kg),2425.07,3.55,False
2025-12-11T01:00:00,New Asgard,Arc Reactor Cores,700.99,4.26,False
2025-12-11T01:00:00,New Asgard,Pym Particles,713.85,3.91,False
2025-12-11T01:00:00,New Asgard,Clean Water (L),2406.29,4.26,False
2025-12-11T01:00:00,New Asgard,Medical Kits,731.27,3.2,False
2025-12-11T01:00:00,Wakanda,Vibranium (kg),2379.35,3.55,False
2025-12-11T01:00:00,Wakanda,Arc Reactor Cores,682.99,4.26,False
2025-12-11T01:00:00,Wakanda,Pym Particles,701.04,3.91,False
2025-12-11T01:00:00,Wakanda,Clean Water (L),2352.57,4.26,False
2025-12-11T01:00:00,Wakanda,Medical Kits,715.11,3.2,False
2025-12-11T01:00:00,Sokovia,Vibranium (kg),2422.47,3.55,False
2025-12-11T01:00:00,Sokovia,Arc Reactor Cores,707.46,4.26,False
2025-12-11T01:00:00,Sokovia,Pym Particles,712.43,3.91,False
2025-12-11T01:00:00,Sokovia,Clean Water (L),2396.02,4.26,False
2025-12-11T01:00:00,Sokovia,Medical Kits,732.99,3.2,False
2025-12-11T01:00:00,Sanctum Sanctorum,Vibranium (kg),2383.48,3.55,False
2025-12-11T01:00:00,Sanctum Sanctorum,Arc Reactor Cores,687.25,4.26,False
2025-12-11T01:00:00,Sanctum Sanctorum,Pym Particles,702.38,3.91,False
2025-12-11T01:00:00,Sanctum Sanctorum,Clean Water (L),2349.15,4.26,False
2025-12-11T01:00:00,Sanctum Sanctorum,Medical Kits,716.68,3.2,False
2025-12-11T01:00:00,Avengers Compound,Vibranium (kg),2379.86,3.55,False
2025-12-11T01:00:00,Avengers Compound,Arc Reactor Cores,686.43,4.26,False
2025-12-11T01:00:00,Avengers Compound,Pym Particles,697.6,3.91,False
2025-12-11T01:00:00,Avengers Compound,Clean Water (L),2350.01,4.26,False
2025-12-11T01:00:00,Avengers Compound,Medical Kits,717.87,3.2,False
2025-12-11T02:00:00,New Asgard,Vibranium (kg),2426.92,3.7,False
2025-12-11T02:00:00,New Asgard,Arc Reactor Cores,703.08,4.44,False
2025-12-11T02:00:00,New Asgard,Pym Particles,716.11,4.07,False
2025-12-11T02:00:00,New Asgard,Clean Water (L),2407.43,4.44,False
2025-12-11T02:00:00,New Asgard,Medical Kits,733.1,3.33,False
2025-12-11T02:00:00,Wakanda,Vibranium (kg),2381.54,3.7,False
2025-12-11T02:00:00,Wakanda,Arc Reactor Cores,684.04,4.44,False
2025-12-11T02:00:00,Wakanda,Pym Particles,702.28,4.07,False
2025-12-11T02:00:00,Wakanda,Clean Water (L),2357.19,4.44,False
2025-12-11T02:00:00,Wakanda,Medical Kits,717.19,3.33,False
2025-12-11T02:00:00,Sokovia,Vibranium (kg),2423.28,3.7,False
2025-12-11T02:00:00,Sokovia,Arc Reactor Cores,708.95,4.44,False
2025-12-11T02:00:00,Sokovia,Pym Particles,712.56,4.07,False
2025-12-11T02:00:00,Sokovia,Clean Water (L),2397.92,4.44,False
2025-12-11T02:00:00,Sokovia,Medical Kits,732.24,3.33,False
2025-12-11T02:00:00,Sanctum Sanctorum,Vibranium (kg),2386.04,3.7,False
2025-12-11T02:00:00,Sanctum Sanctorum,Arc Reactor Cores,689.46,4.44,False
2025-12-11T02:00:00,Sanctum Sanctorum,Pym Particles,702.36,4.07,False
2025-12-11T02:00:00,Sanctum Sanctorum,Clean Water (L),2352.49,4.44,False
2025-12-11T02:00:00,Sanctum Sanctorum,Medical Kits,719.16,3.33,False
2025-12-11T02:00:00,Avengers Compound,Vibranium (kg),2381.79,3.7,False
2025-12-11T02:00:00,Avengers Compound,Arc Reactor Cores,688.82,4.44,False
2025-12-11T02:00:00,Avengers Compound,Pym Particles,698.55,4.07,False
2025-12-11T02:00:00,Avengers Compound,Clean Water (L),2352.55,4.44,False
2025-12-11T02:00:00,Avengers Compound,Medical Kits,719.53,3.33,False
2025-12-11T03:00:00,New Asgard,Vibranium (kg),2426.6,3.94,False
2025-12-11T03:00:00,New Asgard,Arc Reactor Cores,703.91,4.73,False
2025-12-11T03:00:00,New Asgard,Pym Particles,716.88,4.33,False
2025-12-11T03:00:00,New Asgard,Clean Water (L),2407.95,4.73,False
2025-12-11T03:00:00,New Asgard,Medical Kits,734.91,3.55,False
2025-12-11T03:00:00,Wakanda,Vibranium (kg),2385.11,3.94,False
2025-12-11T03:00:00,Wakanda,Arc Reactor Cores,684.55,4.73,False
2025-12-11T03:00:00,Wakanda,Pym Particles,704.98,4.33,False
2025-12-11T03:00:00,Wakanda,Clean Water (L),2361.52,4.73,False
2025-12-11T03:00:00,Wakanda,Medical Kits,719.91,3.55,False
2025-12-11T03:00:00,Sokovia,Vibranium (kg),2424.75,3.94,False
2025-12-11T03:00:00,Sokovia,Arc Reactor Cores,711.46,4.73,False
2025-12-11T03:00:00,Sokovia,Pym Particles,713.18,4.33,False
2025-12-11T03:00:00,Sokovia,Clean Water (L),2399.57,4.73,False
2025-12-11T03:00:00,Sokovia,Medical Kits,731.72,3.55,False
2025-12-11T03:00:00,Sanctum Sanctorum,Vibranium (kg),2389.44,3.94,False
2025-12-11T03:00:00,Sanctum Sanctorum,Arc Reactor Cores,690.31,4.73,False
2025-12-11T03:00:00,Sanctum Sanctorum,Pym Particles,704.77,4.33,False
2025-12-11T03:00:00,Sanctum Sanctorum,Clean Water (L),2355.91,4.73,False
2025-12-11T03:00:00,Sanctum Sanctorum,Medical Kits,721.5,3.55,False
2025-12-11T03:00:00,Avengers Compound,Vibranium (kg),2384.04,3.94,False
2025-12-11T03:00:00,Avengers Compound,Arc Reactor Cores,690.21,4.73,False
2025-12-11T03:00:00,Avengers Compound,Pym Particles,701.13,4.33,False
2025-12-11T03:00:00,Avengers Compound,Clean Water (L),2354.41,4.73,False
2025-12-11T03:00:00,Avengers Compound,Medical Kits,719.66,3.55,False
2025-12-11T04:00:00,New Asgard,Vibranium (kg),2426.84,4.25,False
2025-12-11T04:00:00,New Asgard,Arc Reactor Cores,704.16,5.1,False
2025-12-11T04:00:00,New Asgard,Pym Particles,717.01,4.68,False
2025-12-11T04:00:00,New Asgard,Clean Water (L),2407.23,5.1,False
2025-12-11T04:00:00,New Asgard,Medical Kits,736.82,3.83,False
2025-12-11T04:00:00,Wakanda,Vibranium (kg),2388.15,4.25,False
2025-12-11T04:00:00,Wakanda,Arc Reactor Cores,685.95,5.1,False
2025-12-11T04:00:00,Wakanda,Pym Particles,706.66,4.68,False
2025-12-11T04:00:00,Wakanda,Clean Water (L),2365.56,5.1,False
2025-12-11T04:00:00,Wakanda,Medical Kits,721.38,3.83,False
2025-12-11T04:00:00,Sokovia,Vibranium (kg),2424.14,4.25,False
2025-12-11T04:00:00,Sokovia,Arc Reactor Cores,711.99,5.1,False
2025-12-11T04:00:00,Sokovia,Pym Particles,713.09,4.68,False
2025-12-11T04:00:00,Sokovia,Clean Water (L),2399.61,5.1,False
2025-12-11T04:00:00,Sokovia,Medical Kits,733.71,3.83,False
2025-12-11T04:00:00,Sanctum Sanctorum,Vibranium (kg),2392.53,4.25,False
2025-12-11T04:00:00,Sanctum Sanctorum,Arc Reactor Cores,690.55,5.1,False
2025-12-11T04:00:00,Sanctum Sanctorum,Pym Particles,704.66,4.68,False
2025-12-11T04:00:00,Sanctum Sanctorum,Clean Water (L),2358.92,5.1,False
2025-12-11T04:00:00,Sanctum Sanctorum,Medical Kits,722.97,3.83,False
2025-12-11T04:00:00,Avengers Compound,Vibranium (kg),2385.63,4.25,False
2025-12-11T04:00:00,Avengers Compound,Arc Reactor Cores,691.55,5.1,False
2025-12-11T04:00:00,Avengers Compound,Pym Particles,702.23,4.68,False
2025-12-11T04:00:00,Avengers Compound,Clean Water (L),2357.55,5.1,False
2025-12-11T04:00:00,Avengers Compound,Medical Kits,720.81,3.83,False
2025-12-11T05:00:00,New Asgard,Vibranium (kg),2427.45,4.61,False
2025-12-11T05:00:00,New Asgard,Arc Reactor Cores,705.29,5.53,False
2025-12-11T05:00:00,New Asgard,Pym Particles,717.24,5.07,False
2025-12-11T05:00:00,New Asgard,Clean Water (L),2407.88,5.53,False
2025-12-11T05:00:00,New Asgard,Medical Kits,738.14,4.15,False
2025-12-11T05:00:00,Wakanda,Vibranium (kg),2391.22,4.61,False
2025-12-11T05:00:00,Wakanda,Arc Reactor Cores,687.26,5.53,False
2025-12-11T05:00:00,Wakanda,Pym Particles,707.7,5.07,False
2025-12-11T05:00:00,Wakanda,Clean Water (L),2366.23,5.53,False
2025-12-11T05:00:00,Wakanda,Medical Kits,723.06,4.15,False
2025-12-11T05:00:00,Sokovia,Vibranium (kg),2424.68,4.61,False
2025-12-11T05:00:00,Sokovia,Arc Reactor Cores,711.21,5.53,False
2025-12-11T05:00:00,Sokovia,Pym Particles,713.5,5.07,False
2025-12-11T05:00:00,Sokovia,Clean Water (L),2399.62,5.53,False
2025-12-11T05:00:00,Sokovia,Medical Kits,733.49,4.15,False
2025-12-11T05:00:00,Sanctum Sanctorum,Vibranium (kg),2394.32,4.61,False
2025-12-11T05:00:00,Sanctum Sanctorum,Arc Reactor Cores,691.57,5.53,False
2025-12-11T05:00:00,Sanctum Sanctorum,Pym Particles,706.04,5.07,False
2025-12-11T05:00:00,Sanctum Sanctorum,Clean Water (L),2361.47,5.53,False
2025-12-11T05:00:00,Sanctum Sanctorum,Medical Kits,723.95,4.15,False
2025-12-11T05:00:00,Avengers Compound,Vibranium (kg),2387.32,4.61,False
2025-12-11T05:00:00,Avengers Compound,Arc Reactor Cores,691.5,5.53,False
2025-12-11T05:00:00,Avengers Compound,Pym Particles,703.6,5.07,False
2025-12-11T05:00:00,Avengers Compound,Clean Water (L),2359.23,5.53,False
2025-12-11T05:00:00,Avengers Compound,Medical Kits,721.59,4.15,False
2025-12-11T06:00:00,New Asgard,Vibranium (kg),2426.95,5.0,False
2025-12-11T06:00:00,New Asgard,Arc Reactor Cores,704.48,6.0,False
2025-12-11T06:00:00,New Asgard,Pym Particles,716.82,5.5,False
2025-12-11T06:00:00,New Asgard,Clean Water (L),2406.91,6.0,False
2025-12-11T06:00:00,New Asgard,Medical Kits,738.62,4.5,False
2025-12-11T06:00:00,Wakanda,Vibranium (kg),2392.51,5.0,False
2025-12-11T06:00:00,Wakanda,Arc Reactor Cores,688.15,6.0,False
2025-12-11T06:00:00,Wakanda,Pym Particles,707.63,5.5,False
2025-12-11T06:00:00,Wakanda,Clean Water (L),2367.79,6.0,False
2025-12-11T06:00:00,Wakanda,Medical Kits,723.87,4.5,False
2025-12-11T06:00:00,Sokovia,Vibranium (kg),2424.44,5.0,False
2025-12-11T06:00:00,Sokovia,Arc Reactor Cores,711.46,6.0,False
2025-12-11T06:00:00,Sokovia,Pym Particles,711.77,5.5,False
2025-12-11T06:00:00,Sokovia,Clean Water (L),2398.81,6.0,False
2025-12-11T06:00:00,Sokovia,Medical Kits,733.04,4.5,False
2025-12-11T06:00:00,Sanctum Sanctorum,Vibranium (kg),2394.37,5.0,False
2025-12-11T06:00:00,Sanctum Sanctorum,Arc Reactor Cores,692.09,6.0,False
2025-12-11T06:00:00,Sanctum Sanctorum,Pym Particles,707.53,5.5,False
2025-12-11T06:00:00,Sanctum Sanctorum,Clean Water (L),2363.63,6.0,False
2025-12-11T06:00:00,Sanctum Sanctorum,Medical Kits,725.91,4.5,False
2025-12-11T06:00:00,Avengers Compound,Vibranium (kg),2389.46,5.0,False
2025-12-11T06:00:00,Avengers Compound,Arc Reactor Cores,691.39,6.0,False
2025-12-11T06:00:00,Avengers Compound,Pym Particles,704.29,5.5,False
2025-12-11T06:00:00,Avengers Compound,Clean Water (L),2360.61,6.0,False
2025-12-11T06:00:00,Avengers Compound,Medical Kits,721.73,4.5,False
2025-12-11T07:00:00,New Asgard,Vibranium (kg),2426.56,5.39,False
2025-12-11T07:00:00,New Asgard,Arc Reactor Cores,705.5,6.47,False
2025-12-11T07:00:00,New Asgard,Pym Particles,717.68,5.93,False
2025-12-11T07:00:00,New Asgard,Clean Water (L),2406.6,6.47,False
2025-12-11T07:00:00,New Asgard,Medical Kits,738.06,4.85,False
2025-12-11T07:00:00,Wakanda,Vibranium (kg),2392.72,5.39,False
2025-12-11T07:00:00,Wakanda,Arc Reactor Cores,688.73,6.47,False
2025-12-11T07:00:00,Wakanda,Pym Particles,707.51,5.93,False
2025-12-11T07:00:00,Wakanda,Clean Water (L),2368.23,6.47,False
2025-12-11T07:00:00,Wakanda,Medical Kits,724.4,4.85,False
2025-12-11T07:00:00,Sokovia,Vibranium (kg),2424.44,5.39,False
2025-12-11T07:00:00,Sokovia,Arc Reactor Cores,709.64,6.47,False
2025-12-11T07:00:00,Sokovia,Pym Particles,711.46,5.93,False
2025-12-11T07:00:00,Sokovia,Clean Water (L),2400.12,6.47,False
2025-12-11T07:00:00,Sokovia,Medical Kits,733.17,4.85,False
2025-12-11T07:00:00,Sanctum Sanctorum,Vibranium (kg),2394.29,5.39,False
2025-12-11T07:00:00,Sanctum Sanctorum,Arc Reactor Cores,693.1,6.47,False
2025-12-11T07:00:00,Sanctum Sanctorum,Pym Particles,707.79,5.93,False
2025-12-11T07:00:00,Sanctum Sanctorum,Clean Water (L),2365.48,6.47,False
2025-12-11T07:00:00,Sanctum Sanctorum,Medical Kits,726.26,4.85,False
2025-12-11T07:00:00,Avengers Compound,Vibranium (kg),2390.29,5.39,False
2025-12-11T07:00:00,Avengers Compound,Arc Reactor Cores,689.89,6.47,False
2025-12-11T07:00:00,Avengers Compound,Pym Particles,704.98,5.93,False
2025-12-11T07:00:00,Avengers Compound,Clean Water (L),2363.01,6.47,False
2025-12-11T07:00:00,Avengers Compound,Medical Kits,721.73,4.85,False
2025-12-11T08:00:00,New Asgard,Vibranium (kg),2424.93,5.75,False
2025-12-11T08:00:00,New Asgard,Arc Reactor Cores,702.67,6.9,False
2025-12-11T08:00:00,New Asgard,Pym Particles,714.82,6.32,False
2025-12-11T08:00:00,New Asgard,Clean Water (L),2404.1,6.9,False
2025-12-11T08:00:00,New Asgard,Medical Kits,736.67,5.17,False
2025-12-11T08:00:00,Wakanda,Vibranium (kg),2394.26,5.75,False
2025-12-11T08:00:00,Wakanda,Arc Reactor Cores,688.06,6.9,False
2025-12-11T08:00:00,Wakanda,Pym Particles,707.0,6.32,False
2025-12-11T08:00:00,Wakanda,Clean Water (L),2368.09,6.9,False
2025-12-11T08:00:00,Wakanda,Medical Kits,723.37,5.17,False
2025-12-11T08:00:00,Sokovia,Vibranium (kg),2422.98,5.75,False
2025-12-11T08:00:00,Sokovia,Arc Reactor Cores,708.87,6.9,False
2025-12-11T08:00:00,Sokovia,Pym Particles,710.65,6.32,False
2025-12-11T08:00:00,Sokovia,Clean Water (L),2400.03,6.9,False
2025-12-11T08:00:00,Sokovia,Medical Kits,731.12,5.17,False
2025-12-11T08:00:00,Sanctum Sanctorum,Vibranium (kg),2394.99,5.75,False
2025-12-11T08:00:00,Sanctum Sanctorum,Arc Reactor Cores,693.11,6.9,False
2025-12-11T08:00:00,Sanctum Sanctorum,Pym Particles,707.65,6.32,False
2025-12-11T08:00:00,Sanctum Sanctorum,Clean Water (L),2367.52,6.9,False
2025-12-11T08:00:00,Sanctum Sanctorum,Medical Kits,726.9,5.17,False
2025-12-11T08:00:00,Avengers Compound,Vibranium (kg),2390.62,5.75,False
2025-12-11T08:00:00,Avengers Compound,Arc Reactor Cores,690.05,6.9,False
2025-12-11T08:00:00,Avengers Compound,Pym Particles,704.08,6.32,False
2025-12-11T08:00:00,Avengers Compound,Clean Water (L),2363.38,6.9,False
2025-12-11T08:00:00,Avengers Compound,Medical Kits,720.77,5.17,False
2025-12-11T09:00:00,New Asgard,Vibranium (kg),2423.21,6.06,False
2025-12-11T09:00:00,New Asgard,Arc Reactor Cores,702.12,7.27,False
2025-12-11T09:00:00,New Asgard,Pym Particles,713.77,6.67,False
2025-12-11T09:00:00,New Asgard,Clean Water (L),2402.21,7.27,False
2025-12-11T09:00:00,New Asgard,Medical Kits,735.24,5.45,False
2025-12-11T09:00:00,Wakanda,Vibranium (kg),2395.15,6.06,False
2025-12-11T09:00:00,Wakanda,Arc Reactor Cores,686.52,7.27,False
2025-12-11T09:00:00,Wakanda,Pym Particles,705.15,6.67,False
2025-12-11T09:00:00,Wakanda,Clean Water (L),2368.19,7.27,False
2025-12-11T09:00:00,Wakanda,Medical Kits,723.07,5.45,False
2025-12-11T09:00:00,Sokovia,Vibranium (kg),2421.9,6.06,False
2025-12-11T09:00:00,Sokovia,Arc Reactor Cores,706.29,7.27,False
2025-12-11T09:00:00,Sokovia,Pym Particles,710.21,6.67,False
2025-12-11T09:00:00,Sokovia,Clean Water (L),2399.03,7.27,False
2025-12-11T09:00:00,Sokovia,Medical Kits,729.18,5.45,False
2025-12-11T09:00:00,Sanctum Sanctorum,Vibranium (kg),2396.5,6.06,False
2025-12-11T09:00:00,Sanctum Sanctorum,Arc Reactor Cores,692.27,7.27,False
2025-12-11T09:00:00,Sanctum Sanctorum,Pym Particles,707.49,6.67,False
2025-12-11T09:00:00,Sanctum Sanctorum,Clean Water (L),2368.41,7.27,False
2025-12-11T09:00:00,Sanctum Sanctorum,Medical Kits,726.23,5.45,False
2025-12-11T09:00:00,Avengers Compound,Vibranium (kg),2389.85,6.06,False
2025-12-11T09:00:00,Avengers Compound,Arc Reactor Cores,689.84,7.27,False
2025-12-11T09:00:00,Avengers Compound,Pym Particles,702.04,6.67,False
2025-12-11T09:00:00,Avengers Compound,Clean Water (L),2364.1,7.27,False
2025-12-11T09:00:00,Avengers Compound,Medical Kits,718.91,5.45,False
2025-12-11T10:00:00,New Asgard,Vibranium (kg),2421.96,6.3,False
2025-12-11T10:00:00,New Asgard,Arc Reactor Cores,702.04,7.56,False
2025-12-11T10:00:00,New Asgard,Pym Particles,712.31,6.93,False
2025-12-11T10:00:00,New Asgard,Clean Water (L),2402.14,7.56,False
2025-12-11T10:00:00,New Asgard,Medical Kits,733.74,5.67,False
2025-12-11T10:00:00,Wakanda,Vibranium (kg),2396.25,6.3,False
2025-12-11T10:00:00,Wakanda,Arc Reactor Cores,685.79,7.56,False
2025-12-11T10:00:00,Wakanda,Pym Particles,704.15,6.93,False
2025-12-11T10:00:00,Wakanda,Clean Water (L),2367.84,7.56,False
2025-12-11T10:00:00,Wakanda,Medical Kits,721.59,5.67,False
2025-12-11T10:00:00,Sokovia,Vibranium (kg),2420.69,6.3,False
2025-12-11T10:00:00,Sokovia,Arc Reactor Cores,705.56,7.56,False
2025-12-11T10:00:00,Sokovia,Pym Particles,708.9,6.93,False
2025-12-11T10:00:00,Sokovia,Clean Water (L),2397.33,7.56,False
2025-12-11T10:00:00,Sokovia,Medical Kits,728.62,5.67,False
2025-12-11T10:00:00,Sanctum Sanctorum,Vibranium (kg),2395.62,6.3,False
2025-12-11T10:00:00,Sanctum Sanctorum,Arc Reactor Cores,691.48,7.56,False
2025-12-11T10:00:00,Sanctum Sanctorum,Pym Particles,706.24,6.93,False
2025-12-11T10:00:00,Sanctum Sanctorum,Clean Water (L),2368.2,7.56,False
2025-12-11T10:00:00,Sanctum Sanctorum,Medical Kits,725.55,5.67,False
2025-12-11T10:00:00,Avengers Compound,Vibranium (kg),2389.71,6.3,False
2025-12-11T10:00:00,Avengers Compound,Arc Reactor Cores,687.91,7.56,False
2025-12-11T10:00:00,Avengers Compound,Pym Particles,700.42,6.93,False
2025-12-11T10:00:00,Avengers Compound,Clean Water (L),2364.87,7.56,False
2025-12-11T10:00:00,Avengers Compound,Medical Kits,718.08,5.67,False
2025-12-11T11:00:00,New Asgard,Vibranium (kg),2419.72,6.45,False
2025-12-11T11:00:00,New Asgard,Arc Reactor Cores,700.97,7.74,False
2025-12-11T11:00:00,New Asgard,Pym Particles,710.53,7.09,False
2025-12-11T11:00:00,New Asgard,Clean Water (L),2400.98,7.74,False
2025-12-11T11:00:00,New Asgard,Medical Kits,732.01,5.8,False
2025-12-11T11:00:00,Wakanda,Vibranium (kg),2396.21,6.45,False
2025-12-11T11:00:00,Wakanda,Arc Reactor Cores,684.89,7.74,False
2025-12-11T11:00:00,Wakanda,Pym Particles,702.06,7.09,False
2025-12-11T11:00:00,Wakanda,Clean Water (L),2367.5,7.74,False
2025-12-11T11:00:00,Wakanda,Medical Kits,721.46,5.8,False
2025-12-11T11:00:00,Sokovia,Vibranium (kg),2418.87,6.45,False
2025-12-11T11:00:00,Sokovia,Arc Reactor Cores,704.54,7.74,False
2025-12-11T11:00:00,Sokovia,Pym Particles,706.88,7.09,False
2025-12-11T11:00:00,Sokovia,Clean Water (L),2393.91,7.74,False
2025-12-11T11:00:00,Sokovia,Medical Kits,728.74,5.8,False
2025-12-11T11:00:00,Sanctum Sanctorum,Vibranium (kg),2395.91,6.45,False
2025-12-11T11:00:00,Sanctum Sanctorum,Arc Reactor Cores,690.99,7.74,False
2025-12-11T11:00:00,Sanctum Sanctorum,Pym Particles,705.3,7.09,False
2025-12-11T11:00:00,Sanctum Sanctorum,Clean Water (L),2367.05,7.74,False
2025-12-11T11:00:00,Sanctum Sanctorum,Medical Kits,725.1,5.8,False
2025-12-11T11:00:00,Avengers Compound,Vibranium (kg),2390.48,6.45,False
2025-12-11T11:00:00,Avengers Compound,Arc Reactor Cores,686.04,7.74,False
2025-12-11T11:00:00,Avengers Compound,Pym Particles,699.58,7.09,False
2025-12-11T11:00:00,Avengers Compound,Clean Water (L),2364.68,7.74,False
2025-12-11T11:00:00,Avengers Compound,Medical Kits,715.82,5.8,False
2025-12-11T12:00:00,New Asgard,Vibranium (kg),2418.2,6.5,False
2025-12-11T12:00:00,New Asgard,Arc Reactor Cores,697.99,7.8,False
2025-12-11T12:00:00,New Asgard,Pym Particles,709.0,7.15,False
2025-12-11T12:00:00,New Asgard,Clean Water (L),2398.44,7.8,False
2025-12-11T12:00:00,New Asgard,Medical Kits,729.78,5.85,False
2025-12-11T12:00:00,Wakanda,Vibranium (kg),2395.8,6.5,False
2025-12-11T12:00:00,Wakanda,Arc Reactor Cores,683.62,7.8,False
2025-12-11T12:00:00,Wakanda,Pym Particles,701.05,7.15,False
2025-12-11T12:00:00,Wakanda,Clean Water (L),2367.07,7.8,False
2025-12-11T12:00:00,Wakanda,Medical Kits,720.48,5.85,False
2025-12-11T12:00:00,Sokovia,Vibranium (kg),2415.92,6.5,False
2025-12-11T12:00:00,Sokovia,Arc Reactor Cores,702.16,7.8,False
2025-12-11T12:00:00,Sokovia,Pym Particles,704.76,7.15,False
2025-12-11T12:00:00,Sokovia,Clean Water (L),2393.33,7.8,False
2025-12-11T12:00:00,Sokovia,Medical Kits,727.53,5.85,False
2025-12-11T12:00:00,Sanctum Sanctorum,Vibranium (kg),2397.04,6.5,False
2025-12-11T12:00:00,Sanctum Sanctorum,Arc Reactor Cores,689.26,7.8,False
2025-12-11T12:00:00,Sanctum Sanctorum,Pym Particles,703.9,7.15,False
2025-12-11T12:00:00,Sanctum Sanctorum,Clean Water (L),2367.63,7.8,False
2025-12-11T12:00:00,Sanctum Sanctorum,Medical Kits,723.27,5.85,False
2025-12-11T12:00:00,Avengers Compound,Vibranium (kg),2391.73,6.5,False
2025-12-11T12:00:00,Avengers Compound,Arc Reactor Cores,684.75,7.8,False
2025-12-11T12:00:00,Avengers Compound,Pym Particles,698.82,7.15,False
2025-12-11T12:00:00,Avengers Compound,Clean Water (L),2365.44,7.8,False
2025-12-11T12:00:00,Avengers Compound,Medical Kits,714.63,5.85,False
2025-12-11T13:00:00,New Asgard,Vibranium (kg),2417.18,6.45,False
2025-12-11T13:00:00,New Asgard,Arc Reactor Cores,696.11,7.74,False
2025-12-11T13:00:00,New Asgard,Pym Particles,708.89,7.09,False
2025-12-11T13:00:00,New Asgard,Clean Water (L),2395.66,7.74,False
2025-12-11T13:00:00,New Asgard,Medical Kits,726.82,5.8,False
2025-12-11T13:00:00,Wakanda,Vibranium (kg),2396.49,6.45,False
2025-12-11T13:00:00,Wakanda,Arc Reactor Cores,683.72,7.74,False
2025-12-11T13:00:00,Wakanda,Pym Particles,700.2,7.09,False
2025-12-11T13:00:00,Wakanda,Clean Water (L),2366.91,7.74,False
2025-12-11T13:00:00,Wakanda,Medical Kits,719.65,5.8,False
2025-12-11T13:00:00,Sokovia,Vibranium (kg),2415.63,6.45,False
2025-12-11T13:00:00,Sokovia,Arc Reactor Cores,699.73,7.74,False
2025-12-11T13:00:00,Sokovia,Pym Particles,702.57,7.09,False
2025-12-11T13:00:00,Sokovia,Clean Water (L),2392.1,7.74,False
2025-12-11T13:00:00,Sokovia,Medical Kits,725.39,5.8,False
2025-12-11T13:00:00,Sanctum Sanctorum,Vibranium (kg),2396.85,6.45,False
2025-12-11T13:00:00,Sanctum Sanctorum,Arc Reactor Cores,688.78,7.74,False
2025-12-11T13:00:00,Sanctum Sanctorum,Pym Particles,703.47,7.09,False
2025-12-11T13:00:00,Sanctum Sanctorum,Clean Water (L),2365.88,7.74,False
2025-12-11T13:00:00,Sanctum Sanctorum,Medical Kits,722.37,5.8,False
2025-12-11T13:00:00,Avengers Compound,Vibranium (kg),2391.51,6.45,False
2025-12-11T13:00:00,Avengers Compound,Arc Reactor Cores,684.58,7.74,False
2025-12-11T13:00:00,Avengers Compound,Pym Particles,698.39,7.09,False
2025-12-11T13:00:00,Avengers Compound,Clean Water (L),2365.34,7.74,False
2025-12-11T13:00:00,Avengers Compound,Medical Kits,713.99,5.8,False
2025-12-11T14:00:00,New Asgard,Vibranium (kg),2417.18,6.3,False
2025-12-11T14:00:00,New Asgard,Arc Reactor Cores,694.58,7.56,False
2025-12-11T14:00:00,New Asgard,Pym Particles,707.39,6.93,False
2025-12-11T14:00:00,New Asgard,Clean Water (L),2393.41,7.56,False
2025-12-11T14:00:00,New Asgard,Medical Kits,726.88,5.67,False
2025-12-11T14:00:00,Wakanda,Vibranium (kg),2395.6,6.3,False
2025-12-11T14:00:00,Wakanda,Arc Reactor Cores,682.26,7.56,False
2025-12-11T14:00:00,Wakanda,Pym Particles,699.23,6.93,False
2025-12-11T14:00:00,Wakanda,Clean Water (L),2368.61,7.56,False
2025-12-11T14:00:00,Wakanda,Medical Kits,718.69,5.67,False
2025-12-11T14:00:00,Sokovia,Vibranium (kg),2414.46,6.3,False
2025-12-11T14:00:00,Sokovia,Arc Reactor Cores,698.91,7.56,False
2025-12-11T14:00:00,Sokovia,Pym Particles,701.83,6.93,False
2025-12-11T14:00:00,Sokovia,Clean Water (L),2390.48,7.56,False
2025-12-11T14:00:00,Sokovia,Medical Kits,723.79,5.67,False
2025-12-11T14:00:00,Sanctum Sanctorum,Vibranium (kg),2397.36,6.3,False
2025-12-11T14:00:00,Sanctum Sanctorum,Arc Reactor Cores,687.11,7.56,False
2025-12-11T14:00:00,Sanctum Sanctorum,Pym Particles,701.29,6.93,False
2025-12-11T14:00:00,Sanctum Sanctorum,Clean Water (L),2365.91,7.56,False
2025-12-11T14:00:00,Sanctum Sanctorum,Medical Kits,721.39,5.67,False
2025-12-11T14:00:00,Avengers Compound,Vibranium (kg),2391.0,6.3,False
2025-12-11T14:00:00,Avengers Compound,Arc Reactor Cores,684.83,7.56,False
2025-12-11T14:00:00,Avengers Compound,Pym Particles,696.91,6.93,False
2025-12-11T14:00:00,Avengers Compound,Clean Water (L),2365.27,7.56,False
2025-12-11T14:00:00,Avengers Compound,Medical Kits,713.47,5.67,False
2025-12-11T15:00:00,New Asgard,Vibranium (kg),2415.45,6.06,False
2025-12-11T15:00:00,New Asgard,Arc Reactor Cores,692.81,7.27,False
2025-12-11T15:00:00,New Asgard,Pym Particles,707.29,6.67,False
2025-12-11T15:00:00,New Asgard,Clean Water (L),2393.63,7.27,False
2025-12-11T15:00:00,New Asgard,Medical Kits,725.88,5.45,False
2025-12-11T15:00:00,Wakanda,Vibranium (kg),2396.18,6.06,False
2025-12-11T15:00:00,Wakanda,Arc Reactor Cores,681.41,7.27,False
2025-12-11T15:00:00,Wakanda,Pym Particles,698.83,6.67,False
2025-12-11T15:00:00,Wakanda,Clean Water (L),2368.82,7.27,False
2025-12-11T15:00:00,Wakanda,Medical Kits,718.22,5.45,False
2025-12-11T15:00:00,Sokovia,Vibranium (kg),2412.44,6.06,False
2025-12-11T15:00:00,Sokovia,Arc Reactor Cores,699.21,7.27,False
2025-12-11T15:00:00,Sokovia,Pym Particles,700.41,6.67,False
2025-12-11T15:00:00,Sokovia,Clean Water (L),2389.42,7.27,False
2025-12-11T15:00:00,Sokovia,Medical Kits,722.81,5.45,False
2025-12-11T15:00:00,Sanctum Sanctorum,Vibranium (kg),2397.01,6.06,False
2025-12-11T15:00:00,Sanctum Sanctorum,Arc Reactor Cores,686.18,7.27,False
2025-12-11T15:00:00,Sanctum Sanctorum,Pym Particles,698.76,6.67,False
2025-12-11T15:00:00,Sanctum Sanctorum,Clean Water (L),2364.79,7.27,False
2025-12-11T15:00:00,Sanctum Sanctorum,Medical Kits,722.11,5.45,False
2025-12-11T15:00:00,Avengers Compound,Vibranium (kg),2390.84,6.06,False
2025-12-11T15:00:00,Avengers Compound,Arc Reactor Cores,684.08,7.27,False
2025-12-11T15:00:00,Avengers Compound,Pym Particles,695.89,6.67,False
2025-12-11T15:00:00,Avengers Compound,Clean Water (L),2365.12,7.27,False
2025-12-11T15:00:00,Avengers Compound,Medical Kits,711.71,5.45,False
2025-12-11T16:00:00,New Asgard,Vibranium (kg),2415.05,5.75,False
2025-12-11T16:00:00,New Asgard,Arc Reactor Cores,693.36,6.9,False
2025-12-11T16:00:00,New Asgard,Pym Particles,706.17,6.32,False
2025-12-11T16:00:00,New Asgard,Clean Water (L),2392.71,6.9,False
2025-12-11T16:00:00,New Asgard,Medical Kits,725.57,5.17,False
2025-12-11T16:00:00,Wakanda,Vibranium (kg),2395.05,5.75,False
2025-12-11T16:00:00,Wakanda,Arc Reactor Cores,681.53,6.9,False
2025-12-11T16:00:00,Wakanda,Pym Particles,696.86,6.32,False
2025-12-11T16:00:00,Wakanda,Clean Water (L),2370.06,6.9,False
2025-12-11T16:00:00,Wakanda,Medical Kits,718.44,5.17,False
2025-12-11T16:00:00,Sokovia,Vibranium (kg),2412.64,5.75,False
2025-12-11T16:00:00,Sokovia,Arc Reactor Cores,699.06,6.9,False
2025-12-11T16:00:00,Sokovia,Pym Particles,699.85,6.32,False
2025-12-11T16:00:00,Sokovia,Clean Water (L),2388.88,6.9,False
2025-12-11T16:00:00,Sokovia,Medical Kits,721.8,5.17,False
2025-12-11T16:00:00,Sanctum Sanctorum,Vibranium (kg),2396.61,5.75,False
2025-12-11T16:00:00,Sanctum Sanctorum,Arc Reactor Cores,685.12,6.9,False
2025-12-11T16:00:00,Sanctum Sanctorum,Pym Particles,698.01,6.32,False
2025-12-11T16:00:00,Sanctum Sanctorum,Clean Water (L),2365.42,6.9,False
2025-12-11T16:00:00,Sanctum Sanctorum,Medical Kits,721.5,5.17,False
2025-12-11T16:00:00,Avengers Compound,Vibranium (kg),2391.51,5.75,False
2025-12-11T16:00:00,Avengers Compound,Arc Reactor Cores,682.87,6.9,False
2025-12-11T16:00:00,Avengers Compound,Pym Particles,695.53,6.32,False
2025-12-11T16:00:00,Avengers Compound,Clean Water (L),2366.15,6.9,False
2025-12-11T16:00:00,Avengers Compound,Medical Kits,710.61,5.17,False
2025-12-11T17:00:00,New Asgard,Vibranium (kg),2415.67,5.39,False
2025-12-11T17:00:00,New Asgard,Arc Reactor Cores,693.05,6.47,False
2025-12-11T17:00:00,New Asgard,Pym Particles,704.62,5.93,False
2025-12-11T17:00:00,New Asgard,Clean Water (L),2392.85,6.47,False
2025-12-11T17:00:00,New Asgard,Medical Kits,725.46,4.85,False
2025-12-11T17:00:00,Wakanda,Vibranium (kg),2396.42,5.39,False
2025-12-11T17:00:00,Wakanda,Arc Reactor Cores,682.53,6.47,False
2025-12-11T17:00:00,Wakanda,Pym Particles,696.43,5.93,False
2025-12-11T17:00:00,Wakanda,Clean Water (L),2369.95,6.47,False
2025-12-11T17:00:00,Wakanda,Medical Kits,719.44,4.85,False
2025-12-11T17:00:00,Sokovia,Vibranium (kg),2412.89,5.39,False
2025-12-11T17:00:00,Sokovia,Arc Reactor Cores,699.23,6.47,False
2025-12-11T17:00:00,Sokovia,Pym Particles,699.6,5.93,False
2025-12-11T17:00:00,Sokovia,Clean Water (L),2389.35,6.47,False
2025-12-11T17:00:00,Sokovia,Medical Kits,721.95,4.85,False
2025-12-11T17:00:00,Sanctum Sanctorum,Vibranium (kg),2397.79,5.39,False
2025-12-11T17:00:00,Sanctum Sanctorum,Arc Reactor Cores,685.98,6.47,False
2025-12-11T17:00:00,Sanctum Sanctorum,Pym Particles,696.92,5.93,False
2025-12-11T17:00:00,Sanctum Sanctorum,Clean Water (L),2367.09,6.47,False
2025-12-11T17:00:00,Sanctum Sanctorum,Medical Kits,722.09,4.85,False
2025-12-11T17:00:00,Avengers Compound,Vibranium (kg),2392.72,5.39,False
2025-12-11T17:00:00,Avengers Compound,Arc Reactor Cores,682.99,6.47,False
2025-12-11T17:00:00,Avengers Compound,Pym Particles,696.13,5.93,False
2025-12-11T17:00:00,Avengers Compound,Clean Water (L),2367.44,6.47,False
2025-12-11T17:00:00,Avengers Compound,Medical Kits,711.68,4.85,False
2025-12-11T18:00:00,New Asgard,Vibranium (kg),2415.92,5.0,False
2025-12-11T18:00:00,New Asgard,Arc Reactor Cores,692.31,6.0,False
2025-12-11T18:00:00,New Asgard,Pym Particles,704.32,5.5,False
2025-12-11T18:00:00,New Asgard,Clean Water (L),2392.88,6.0,False
2025-12-11T18:00:00,New Asgard,Medical Kits,725.07,4.5,False
2025-12-11T18:00:00,Wakanda,Vibranium (kg),2398.11,5.0,False
2025-12-11T18:00:00,Wakanda,Arc Reactor Cores,683.53,6.0,False
2025-12-11T18:00:00,Wakanda,Pym Particles,696.93,5.5,False
2025-12-11T18:00:00,Wakanda,Clean Water (L),2371.5,6.0,False
2025-12-11T18:00:00,Wakanda,Medical Kits,719.78,4.5,False
2025-12-11T18:00:00,Sokovia,Vibranium (kg),2414.24,5.0,False
2025-12-11T18:00:00,Sokovia,Arc Reactor Cores,700.2,6.0,False
2025-12-11T18:00:00,Sokovia,Pym Particles,698.52,5.5,False
2025-12-11T18:00:00,Sokovia,Clean Water (L),2389.64,6.0,False
2025-12-11T18:00:00,Sokovia,Medical Kits,721.04,4.5,False
2025-12-11T18:00:00,Sanctum Sanctorum,Vibranium (kg),2399.02,5.0,False
2025-12-11T18:00:00,Sanctum Sanctorum,Arc Reactor Cores,686.67,6.0,False
2025-12-11T18:00:00,Sanctum Sanctorum,Pym Particles,696.08,5.5,False
2025-12-11T18:00:00,Sanctum Sanctorum,Clean Water (L),2369.66,6.0,False
2025-12-11T18:00:00,Sanctum Sanctorum,Medical Kits,723.46,4.5,False
2025-12-11T18:00:00,Avengers Compound,Vibranium (kg),2393.75,5.0,False
2025-12-11T18:00:00,Avengers Compound,Arc Reactor Cores,683.57,6.0,False
2025-12-11T18:00:00,Avengers Compound,Pym Particles,698.05,5.5,False
2025-12-11T18:00:00,Avengers Compound,Clean Water (L),2369.61,6.0,False
2025-12-11T18:00:00,Avengers Compound,Medical Kits,713.22,4.5,False
2025-12-11T19:00:00,New Asgard,Vibranium (kg),2414.91,4.61,False
2025-12-11T19:00:00,New Asgard,Arc Reactor Cores,693.39,5.53,False
2025-12-11T19:00:00,New Asgard,Pym Particles,704.12,5.07,False
2025-12-11T19:00:00,New Asgard,Clean Water (L),2392.37,5.53,False
2025-12-11T19:00:00,New Asgard,Medical Kits,723.92,4.15,False
2025-12-11T19:00:00,Wakanda,Vibranium (kg),2399.4,4.61,False
2025-12-11T19:00:00,Wakanda,Arc Reactor Cores,684.86,5.53,False
2025-12-11T19:00:00,Wakanda,Pym Particles,699.93,5.07,False
2025-12-11T19:00:00,Wakanda,Clean Water (L),2372.11,5.53,False
2025-12-11T19:00:00,Wakanda,Medical Kits,719.14,4.15,False
2025-12-11T19:00:00,Sokovia,Vibranium (kg),2413.88,4.61,False
2025-12-11T19:00:00,Sokovia,Arc Reactor Cores,699.7,5.53,False
2025-12-11T19:00:00,Sokovia,Pym Particles,698.46,5.07,False
2025-12-11T19:00:00,Sokovia,Clean Water (L),2390.16,5.53,False
2025-12-11T19:00:00,Sokovia,Medical Kits,720.81,4.15,False
2025-12-11T19:00:00,Sanctum Sanctorum,Vibranium (kg),2400.85,4.61,False
2025-12-11T19:00:00,Sanctum Sanctorum,Arc Reactor Cores,687.89,5.53,False
2025-12-11T19:00:00,Sanctum Sanctorum,Pym Particles,698.44,5.07,False
2025-12-11T19:00:00,Sanctum Sanctorum,Clean Water (L),2371.59,5.53,False
2025-12-11T19:00:00,Sanctum Sanctorum,Medical Kits,722.26,4.15,False
2025-12-11T19:00:00,Avengers Compound,Vibranium (kg),2395.49,4.61,False
2025-12-11T19:00:00,Avengers Compound,Arc Reactor Cores,686.4,5.53,False
2025-12-11T19:00:00,Avengers Compound,Pym Particles,698.06,5.07,False
2025-12-11T19:00:00,Avengers Compound,Clean Water (L),2372.62,5.53,False
2025-12-11T19:00:00,Avengers Compound,Medical Kits,713.79,4.15,False
2025-12-11T20:00:00,New Asgard,Vibranium (kg),2416.1,4.25,False
2025-12-11T20:00:00,New Asgard,Arc Reactor Cores,694.73,5.1,False
2025-12-11T20:00:00,New Asgard,Pym Particles,706.1,4.68,False
2025-12-11T20:00:00,New Asgard,Clean Water (L),2394.68,5.1,False
2025-12-11T20:00:00,New Asgard,Medical Kits,725.0,3.83,False
2025-12-11T20:00:00,Wakanda,Vibranium (kg),2401.29,4.25,False
2025-12-11T20:00:00,Wakanda,Arc Reactor Cores,686.69,5.1,False
2025-12-11T20:00:00,Wakanda,Pym Particles,702.11,4.68,False
2025-12-11T20:00:00,Wakanda,Clean Water (L),2374.05,5.1,False
2025-12-11T20:00:00,Wakanda,Medical Kits,720.25,3.83,False
2025-12-11T20:00:00,Sokovia,Vibranium (kg),2414.75,4.25,False
2025-12-11T20:00:00,Sokovia,Arc Reactor Cores,700.5,5.1,False
2025-12-11T20:00:00,Sokovia,Pym Particles,700.32,4.68,False
2025-12-11T20:00:00,Sokovia,Clean Water (L),2392.07,5.1,False
2025-12-11T20:00:00,Sokovia,Medical Kits,720.67,3.83,False
2025-12-11T20:00:00,Sanctum Sanctorum,Vibranium (kg),2402.77,4.25,False
2025-12-11T20:00:00,Sanctum Sanctorum,Arc Reactor Cores,689.38,5.1,False
2025-12-11T20:00:00,Sanctum Sanctorum,Pym Particles,700.28,4.68,False
2025-12-11T20:00:00,Sanctum Sanctorum,Clean Water (L),2373.12,5.1,False
2025-12-11T20:00:00,Sanctum Sanctorum,Medical Kits,723.28,3.83,False
2025-12-11T20:00:00,Avengers Compound,Vibranium (kg),2397.25,4.25,False
2025-12-11T20:00:00,Avengers Compound,Arc Reactor Cores,687.38,5.1,False
2025-12-11T20:00:00,Avengers Compound,Pym Particles,698.01,4.68,False
2025-12-11T20:00:00,Avengers Compound,Clean Water (L),2376.05,5.1,False
2025-12-11T20:00:00,Avengers Compound,Medical Kits,715.18,3.83,False
2025-12-11T21:00:00,New Asgard,Vibranium (kg),2417.95,3.94,False
2025-12-11T21:00:00,New Asgard,Arc Reactor Cores,696.63,4.73,False
2025-12-11T21:00:00,New Asgard,Pym Particles,708.37,4.33,False
2025-12-11T21:00:00,New Asgard,Clean Water (L),2396.76,4.73,False
2025-12-11T21:00:00,New Asgard,Medical Kits,726.5,3.55,False
2025-12-11T21:00:00,Wakanda,Vibranium (kg),2403.24,3.94,False
2025-12-11T21:00:00,Wakanda,Arc Reactor Cores,688.96,4.73,False
2025-12-11T21:00:00,Wakanda,Pym Particles,705.34,4.33,False
2025-12-11T21:00:00,Wakanda,Clean Water (L),2375.52,4.73,False
2025-12-11T21:00:00,Wakanda,Medical Kits,723.25,3.55,False
2025-12-11T21:00:00,Sokovia,Vibranium (kg),2414.94,3.94,False
2025-12-11T21:00:00,Sokovia,Arc Reactor Cores,703.13,4.73,False
2025-12-11T21:00:00,Sokovia,Pym Particles,702.11,4.33,False
2025-12-11T21:00:00,Sokovia,Clean Water (L),2394.51,4.73,False
2025-12-11T21:00:00,Sokovia,Medical Kits,722.67,3.55,False
2025-12-11T21:00:00,Sanctum Sanctorum,Vibranium (kg),2403.91,3.94,False
2025-12-11T21:00:00,Sanctum Sanctorum,Arc Reactor Cores,692.22,4.73,False
2025-12-11T21:00:00,Sanctum Sanctorum,Pym Particles,701.98,4.33,False
2025-12-11T21:00:00,Sanctum Sanctorum,Clean Water (L),2376.85,4.73,False
2025-12-11T21:00:00,Sanctum Sanctorum,Medical Kits,724.45,3.55,False
2025-12-11T21:00:00,Avengers Compound,Vibranium (kg),2399.95,3.94,False
2025-12-11T21:00:00,Avengers Compound,Arc Reactor Cores,689.74,4.73,False
2025-12-11T21:00:00,Avengers Compound,Pym Particles,698.36,4.33,False
2025-12-11T21:00:00,Avengers Compound,Clean Water (L),2377.9,4.73,False
2025-12-11T21:00:00,Avengers Compound,Medical Kits,717.8,3.55,False
2025-12-11T22:00:00,New Asgard,Vibranium (kg),2419.8,3.7,False
2025-12-11T22:00:00,New Asgard,Arc Reactor Cores,697.54,4.44,False
2025-12-11T22:00:00,New Asgard,Pym Particles,710.59,4.07,False
2025-12-11T22:00:00,New Asgard,Clean Water (L),2399.55,4.44,False
2025-12-11T22:00:00,New Asgard,Medical Kits,729.41,3.33,False
2025-12-11T22:00:00,Wakanda,Vibranium (kg),2405.41,3.7,False
2025-12-11T22:00:00,Wakanda,Arc Reactor Cores,690.2,4.44,False
2025-12-11T22:00:00,Wakanda,Pym Particles,706.5,4.07,False
2025-12-11T22:00:00,Wakanda,Clean Water (L),2378.56,4.44,False
2025-12-11T22:00:00,Wakanda,Medical Kits,724.22,3.33,False
2025-12-11T22:00:00,Sokovia,Vibranium (kg),2417.66,3.7,False
2025-12-11T22:00:00,Sokovia,Arc Reactor Cores,705.44,4.44,False
2025-12-11T22:00:00,Sokovia,Pym Particles,703.89,4.07,False
2025-12-11T22:00:00,Sokovia,Clean Water (L),2395.1,4.44,False
2025-12-11T22:00:00,Sokovia,Medical Kits,725.37,3.33,False
2025-12-11T22:00:00,Sanctum Sanctorum,Vibranium (kg),2405.31,3.7,False
2025-12-11T22:00:00,Sanctum Sanctorum,Arc Reactor Cores,692.9,4.44,False
2025-12-11T22:00:00,Sanctum Sanctorum,Pym Particles,702.88,4.07,False
2025-12-11T22:00:00,Sanctum Sanctorum,Clean Water (L),2381.17,4.44,False
2025-12-11T22:00:00,Sanctum Sanctorum,Medical Kits,725.33,3.33,False
2025-12-11T22:00:00,Avengers Compound,Vibranium (kg),2401.07,3.7,False
2025-12-11T22:00:00,Avengers Compound,Arc Reactor Cores,691.97,4.44,False
2025-12-11T22:00:00,Avengers Compound,Pym Particles,700.89,4.07,False
2025-12-11T22:00:00,Avengers Compound,Clean Water (L),2381.73,4.44,False
2025-12-11T22:00:00,Avengers Compound,Medical Kits,721.39,3.33,False
2025-12-11T23:00:00,New Asgard,Vibranium (kg),2419.48,3.55,False
2025-12-11T23:00:00,New Asgard,Arc Reactor Cores,698.29,4.26,False
2025-12-11T23:00:00,New Asgard,Pym Particles,711.87,3.91,False
2025-12-11T23:00:00,New Asgard,Clean Water (L),2401.27,4.26,False
2025-12-11T23:00:00,New Asgard,Medical Kits,730.28,3.2,False
2025-12-11T23:00:00,Wakanda,Vibranium (kg),2406.28,3.55,False
2025-12-11T23:00:00,Wakanda,Arc Reactor Cores,692.2,4.26,False
2025-12-11T23:00:00,Wakanda,Pym Particles,707.96,3.91,False
2025-12-11T23:00:00,Wakanda,Clean Water (L),2380.28,4.26,False
2025-12-11T23:00:00,Wakanda,Medical Kits,725.7,3.2,False
2025-12-11T23:00:00,Sokovia,Vibranium (kg),2419.44,3.55,False
2025-12-11T23:00:00,Sokovia,Arc Reactor Cores,706.38,4.26,False
2025-12-11T23:00:00,Sokovia,Pym Particles,706.14,3.91,False
2025-12-11T23:00:00,Sokovia,Clean Water (L),2397.1,4.26,False
2025-12-11T23:00:00,Sokovia,Medical Kits,726.23,3.2,False
2025-12-11T23:00:00,Sanctum Sanctorum,Vibranium (kg),2405.89,3.55,False
2025-12-11T23:00:00,Sanctum Sanctorum,Arc Reactor Cores,694.16,4.26,False
2025-12-11T23:00:00,Sanctum Sanctorum,Pym Particles,706.31,3.91,False
2025-12-11T23:00:00,Sanctum Sanctorum,Clean Water (L),2383.27,4.26,False
2025-12-11T23:00:00,Sanctum Sanctorum,Medical Kits,725.29,3.2,False
2025-12-11T23:00:00,Avengers Compound,Vibranium (kg),2402.13,3.55,False
2025-12-11T23:00:00,Avengers Compound,Arc Reactor Cores,694.71,4.26,False
2025-12-11T23:00:00,Avengers Compound,Pym Particles,702.42,3.91,False
2025-12-11T23:00:00,Avengers Compound,Clean Water (L),2384.44,4.26,False
2025-12-11T23:00:00,Avengers Compound,Medical Kits,723.35,3.2,False
2025-12-12T00:00:00,New Asgard,Vibranium (kg),2420.02,3.5,False
2025-12-12T00:00:00,New Asgard,Arc Reactor Cores,701.38,4.2,False
2025-12-12T00:00:00,New Asgard,Pym Particles,713.41,3.85,False
2025-12-12T00:00:00,New Asgard,Clean Water (L),2401.73,4.2,False
2025-12-12T00:00:00,New Asgard,Medical Kits,731.2,3.15,False
2025-12-12T00:00:00,Wakanda,Vibranium (kg),2409.77,3.5,False
2025-12-12T00:00:00,Wakanda,Arc Reactor Cores,693.79,4.2,False
2025-12-12T00:00:00,Wakanda,Pym Particles,709.16,3.85,False
2025-12-12T00:00:00,Wakanda,Clean Water (L),2381.85,4.2,False
2025-12-12T00:00:00,Wakanda,Medical Kits,727.37,3.15,False
2025-12-12T00:00:00,Sokovia,Vibranium (kg),2421.76,3.5,False
2025-12-12T00:00:00,Sokovia,Arc Reactor Cores,707.45,4.2,False
2025-12-12T00:00:00,Sokovia,Pym Particles,707.53,3.85,False
2025-12-12T00:00:00,Sokovia,Clean Water (L),2398.62,4.2,False
2025-12-12T00:00:00,Sokovia,Medical Kits,728.67,3.15,False
2025-12-12T00:00:00,Sanctum Sanctorum,Vibranium (kg),2407.47,3.5,False
2025-12-12T00:00:00,Sanctum Sanctorum,Arc Reactor Cores,695.49,4.2,False
2025-12-12T00:00:00,Sanctum Sanctorum,Pym Particles,707.86,3.85,False
2025-12-12T00:00:00,Sanctum Sanctorum,Clean Water (L),2386.16,4.2,False
2025-12-12T00:00:00,Sanctum Sanctorum,Medical Kits,727.67,3.15,False
2025-12-12T00:00:00,Avengers Compound,Vibranium (kg),2403.67,3.5,False
2025-12-12T00:00:00,Avengers Compound,Arc Reactor Cores,695.51,4.2,False
2025-12-12T00:00:00,Avengers Compound,Pym Particles,705.22,3.85,False
2025-12-12T00:00:00,Avengers Compound,Clean Water (L),2388.37,4.2,False
2025-12-12T00:00:00,Avengers Compound,Medical Kits,724.13,3.15,False
2025-12-12T01:00:00,New Asgard,Vibranium (kg),2419.99,3.55,False
2025-12-12T01:00:00,New Asgard,Arc Reactor Cores,702.23,4.26,False
2025-12-12T01:00:00,New Asgard,Pym Particles,714.78,3.91,False
2025-12-12T01:00:00,New Asgard,Clean Water (L),2402.36,4.26,False
2025-12-12T01:00:00,New Asgard,Medical Kits,732.54,3.2,False
2025-12-12T01:00:00,Wakanda,Vibranium (kg),2410.5,3.55,False
2025-12-12T01:00:00,Wakanda,Arc Reactor Cores,694.91,4.26,False
2025-12-12T01:00:00,Wakanda,Pym Particles,709.39,3.91,False
2025-12-12T01:00:00,Wakanda,Clean Water (L),2385.09,4.26,False
2025-12-12T01:00:00,Wakanda,Medical Kits,727.54,3.2,False
2025-12-12T01:00:00,Sokovia,Vibranium (kg),2422.54,3.55,False
2025-12-12T01:00:00,Sokovia,Arc Reactor Cores,709.98,4.26,False
2025-12-12T01:00:00,Sokovia,Pym Particles,708.97,3.91,False
2025-12-12T01:00:00,Sokovia,Clean Water (L),2401.04,4.26,False
2025-12-12T01:00:00,Sokovia,Medical Kits,730.98,3.2,False
2025-12-12T01:00:00,Sanctum Sanctorum,Vibranium (kg),2410.95,3.55,False
2025-12-12T01:00:00,Sanctum Sanctorum,Arc Reactor Cores,698.17,4.26,False
2025-12-12T01:00:00,Sanctum Sanctorum,Pym Particles,708.97,3.91,False
2025-12-12T01:00:00,Sanctum Sanctorum,Clean Water (L),2389.28,4.26,False
2025-12-12T01:00:00,Sanctum Sanctorum,Medical Kits,728.54,3.2,False
2025-12-12T01:00:00,Avengers Compound,Vibranium (kg),2406.85,3.55,False
2025-12-12T01:00:00,Avengers Compound,Arc Reactor Cores,698.86,4.26,False
2025-12-12T01:00:00,Avengers Compound,Pym Particles,707.72,3.91,False
2025-12-12T01:00:00,Avengers Compound,Clean Water (L),2391.22,4.26,False
2025-12-12T01:00:00,Avengers Compound,Medical Kits,726.36,3.2,False
2025-12-12T02:00:00,New Asgard,Vibranium (kg),2421.54,3.7,False
2025-12-12T02:00:00,New Asgard,Arc Reactor Cores,704.05,4.44,False
2025-12-12T02:00:00,New Asgard,Pym Particles,714.84,4.07,False
2025-12-12T02:00:00,New Asgard,Clean Water (L),2402.85,4.44,False
2025-12-12T02:00:00,New Asgard,Medical Kits,733.07,3.33,False
2025-12-12T02:00:00,Wakanda,Vibranium (kg),2412.17,3.7,False
2025-12-12T02:00:00,Wakanda,Arc Reactor Cores,696.19,4.44,False
2025-12-12T02:00:00,Wakanda,Pym Particles,711.15,4.07,False
2025-12-12T02:00:00,Wakanda,Clean Water (L),2387.83,4.44,False
2025-12-12T02:00:00,Wakanda,Medical Kits,730.25,3.33,False
2025-12-12T02:00:00,Sokovia,Vibranium (kg),2423.11,3.7,False
2025-12-12T02:00:00,Sokovia,Arc Reactor Cores,710.05,4.44,False
2025-12-12T02:00:00,Sokovia,Pym Particles,710.29,4.07,False
2025-12-12T02:00:00,Sokovia,Clean Water (L),2401.67,4.44,False
2025-12-12T02:00:00,Sokovia,Medical Kits,732.99,3.33,False
2025-12-12T02:00:00,Sanctum Sanctorum,Vibranium (kg),2412.86,3.7,False
2025-12-12T02:00:00,Sanctum Sanctorum,Arc Reactor Cores,698.3,4.44,False
2025-12-12T02:00:00,Sanctum Sanctorum,Pym Particles,710.09,4.07,False
2025-12-12T02:00:00,Sanctum Sanctorum,Clean Water (L),2391.96,4.44,False
2025-12-12T02:00:00,Sanctum Sanctorum,Medical Kits,728.94,3.33,False
2025-12-12T02:00:00,Avengers Compound,Vibranium (kg),2408.2,3.7,False
2025-12-12T02:00:00,Avengers Compound,Arc Reactor Cores,701.17,4.44,False
2025-12-12T02:00:00,Avengers Compound,Pym Particles,709.71,4.07,False
2025-12-12T02:00:00,Avengers Compound,Clean Water (L),2393.37,4.44,False
2025-12-12T02:00:00,Avengers Compound,Medical Kits,726.23,3.33,False
2025-12-12T03:00:00,New Asgard,Vibranium (kg),2422.71,3.94,False
2025-12-12T03:00:00,New Asgard,Arc Reactor Cores,705.77,4.73,False
2025-12-12T03:00:00,New Asgard,Pym Particles,716.77,4.33,False
2025-12-12T03:00:00,New Asgard,Clean Water (L),2405.32,4.73,False
2025-12-12T03:00:00,New Asgard,Medical Kits,734.96,3.55,False
2025-12-12T03:00:00,Wakanda,Vibranium (kg),2414.26,3.94,False
2025-12-12T03:00:00,Wakanda,Arc Reactor Cores,696.97,4.73,False
2025-12-12T03:00:00,Wakanda,Pym Particles,713.93,4.33,False
2025-12-12T03:00:00,Wakanda,Clean Water (L),2390.97,4.73,False
2025-12-12T03:00:00,Wakanda,Medical Kits,729.93,3.55,False
2025-12-12T03:00:00,Sokovia,Vibranium (kg),2424.25,3.94,False
2025-12-12T03:00:00,Sokovia,Arc Reactor Cores,710.03,4.73,False
2025-12-12T03:00:00,Sokovia,Pym Particles,711.55,4.33,False
2025-12-12T03:00:00,Sokovia,Clean Water (L),2403.14,4.73,False
2025-12-12T03:00:00,Sokovia,Medical Kits,732.02,3.55,False
2025-12-12T03:00:00,Sanctum Sanctorum,Vibranium (kg),2413.62,3.94,False
2025-12-12T03:00:00,Sanctum Sanctorum,Arc Reactor Cores,699.56,4.73,False
2025-12-12T03:00:00,Sanctum Sanctorum,Pym Particles,711.95,4.33,False
2025-12-12T03:00:00,Sanctum Sanctorum,Clean Water (L),2393.03,4.73,False
2025-12-12T03:00:00,Sanctum Sanctorum,Medical Kits,730.44,3.55,False
2025-12-12T03:00:00,Avengers Compound,Vibranium (kg),2408.59,3.94,False
2025-12-12T03:00:00,Avengers Compound,Arc Reactor Cores,702.3,4.73,False
2025-12-12T03:00:00,Avengers Compound,Pym Particles,711.88,4.33,False
2025-12-12T03:00:00,Avengers Compound,Clean Water (L),2395.01,4.73,False
2025-12-12T03:00:00,Avengers Compound,Medical Kits,727.7,3.55,False
2025-12-12T04:00:00,New Asgard,Vibranium (kg),2425.0,4.25,False
2025-12-12T04:00:00,New Asgard,Arc Reactor Cores,706.93,5.1,False
2025-12-12T04:00:00,New Asgard,Pym Particles,717.34,4.68,False
2025-12-12T04:00:00,New Asgard,Clean Water (L),2405.03,5.1,False
2025-12-12T04:00:00,New Asgard,Medical Kits,736.05,3.83,False
2025-12-12T04:00:00,Wakanda,Vibranium (kg),2416.09,4.25,False
2025-12-12T04:00:00,Wakanda,Arc Reactor Cores,699.52,5.1,False
2025-12-12T04:00:00,Wakanda,Pym Particles,714.7,4.68,False
2025-12-12T04:00:00,Wakanda,Clean Water (L),2392.95,5.1,False
2025-12-12T04:00:00,Wakanda,Medical Kits,730.77,3.83,False
2025-12-12T04:00:00,Sokovia,Vibranium (kg),2424.27,4.25,False
2025-12-12T04:00:00,Sokovia,Arc Reactor Cores,710.81,5.1,False
2025-12-12T04:00:00,Sokovia,Pym Particles,713.36,4.68,False
2025-12-12T04:00:00,Sokovia,Clean Water (L),2404.45,5.1,False
2025-12-12T04:00:00,Sokovia,Medical Kits,732.65,3.83,False
2025-12-12T04:00:00,Sanctum Sanctorum,Vibranium (kg),2415.15,4.25,False
2025-12-12T04:00:00,Sanctum Sanctorum,Arc Reactor Cores,699.93,5.1,False
2025-12-12T04:00:00,Sanctum Sanctorum,Pym Particles,711.63,4.68,False
2025-12-12T04:00:00,Sanctum Sanctorum,Clean Water (L),2394.45,5.1,False
2025-12-12T04:00:00,Sanctum Sanctorum,Medical Kits,730.51,3.83,False
2025-12-12T04:00:00,Avengers Compound,Vibranium (kg),2410.33,4.25,False
2025-12-12T04:00:00,Avengers Compound,Arc Reactor Cores,704.49,5.1,False
2025-12-12T04:00:00,Avengers Compound,Pym Particles,713.24,4.68,False
2025-12-12T04:00:00,Avengers Compound,Clean Water (L),2395.26,5.1,False
2025-12-12T04:00:00,Avengers Compound,Medical Kits,727.85,3.83,False
2025-12-12T05:00:00,New Asgard,Vibranium (kg),2424.12,4.61,False
2025-12-12T05:00:00,New Asgard,Arc Reactor Cores,706.94,5.53,False
2025-12-12T05:00:00,New Asgard,Pym Particles,716.21,5.07,False
2025-12-12T05:00:00,New Asgard,Clean Water (L),2405.4,5.53,False
2025-12-12T05:00:00,New Asgard,Medical Kits,735.8,4.15,False
2025-12-12T05:00:00,Wakanda,Vibranium (kg),2417.15,4.61,False
2025-12-12T05:00:00,Wakanda,Arc Reactor Cores,700.13,5.53,False
2025-12-12T05:00:00,Wakanda,Pym Particles,713.72,5.07,False
2025-12-12T05:00:00,Wakanda,Clean Water (L),2395.04,5.53,False
2025-12-12T05:00:00,Wakanda,Medical Kits,732.06,4.15,False
2025-12-12T05:00:00,Sokovia,Vibranium (kg),2424.97,4.61,False
2025-12-12T05:00:00,Sokovia,Arc Reactor Cores,711.29,5.53,False
2025-12-12T05:00:00,Sokovia,Pym Particles,713.99,5.07,False
2025-12-12T05:00:00,Sokovia,Clean Water (L),2404.42,5.53,False
2025-12-12T05:00:00,Sokovia,Medical Kits,733.87,4.15,False
2025-12-12T05:00:00,Sanctum Sanctorum,Vibranium (kg),2415.11,4.61,False
2025-12-12T05:00:00,Sanctum Sanctorum,Arc Reactor Cores,701.55,5.53,False
2025-12-12T05:00:00,Sanctum Sanctorum,Pym Particles,712.54,5.07,False
2025-12-12T05:00:00,Sanctum Sanctorum,Clean Water (L),2396.37,5.53,False
2025-12-12T05:00:00,Sanctum Sanctorum,Medical Kits,732.03,4.15,False
2025-12-12T05:00:00,Avengers Compound,Vibranium (kg),2411.61,4.61,False
2025-12-12T05:00:00,Avengers Compound,Arc Reactor Cores,706.11,5.53,False
2025-12-12T05:00:00,Avengers Compound,Pym Particles,713.05,5.07,False
2025-12-12T05:00:00,Avengers Compound,Clean Water (L),2395.27,5.53,False
2025-12-12T05:00:00,Avengers Compound,Medical Kits,727.93,4.15,False
2025-12-12T06:00:00,New Asgard,Vibranium (kg),2423.85,5.0,False
2025-12-12T06:00:00,New Asgard,Arc Reactor Cores,705.33,6.0,False
2025-12-12T06:00:00,New Asgard,Pym Particles,716.41,5.5,False
2025-12-12T06:00:00,New Asgard,Clean Water (L),2405.16,6.0,False
2025-12-12T06:00:00,New Asgard,Medical Kits,733.97,4.5,False
2025-12-12T06:00:00,Wakanda,Vibranium (kg),2417.36,5.0,False
2025-12-12T06:00:00,Wakanda,Arc Reactor Cores,700.68,6.0,False
2025-12-12T06:00:00,Wakanda,Pym Particles,713.16,5.5,False
2025-12-12T06:00:00,Wakanda,Clean Water (L),2395.7,6.0,False
2025-12-12T06:00:00,Wakanda,Medical Kits,731.08,4.5,False
2025-12-12T06:00:00,Sokovia,Vibranium (kg),2425.63,5.0,False
2025-12-12T06:00:00,Sokovia,Arc Reactor Cores,709.96,6.0,False
2025-12-12T06:00:00,Sokovia,Pym Particles,713.83,5.5,False
2025-12-12T06:00:00,Sokovia,Clean Water (L),2404.07,6.0,False
2025-12-12T06:00:00,Sokovia,Medical Kits,732.75,4.5,False
2025-12-12T06:00:00,Sanctum Sanctorum,Vibranium (kg),2414.62,5.0,False
2025-12-12T06:00:00,Sanctum Sanctorum,Arc Reactor Cores,701.48,6.0,False
2025-12-12T06:00:00,Sanctum Sanctorum,Pym Particles,710.74,5.5,False
2025-12-12T06:00:00,Sanctum Sanctorum,Clean Water (L),2396.23,6.0,False
2025-12-12T06:00:00,Sanctum Sanctorum,Medical Kits,731.73,4.5,False
2025-12-12T06:00:00,Avengers Compound,Vibranium (kg),2413.86,5.0,False
2025-12-12T06:00:00,Avengers Compound,Arc Reactor Cores,706.66,6.0,False
2025-12-12T06:00:00,Avengers Compound,Pym Particles,711.25,5.5,False
2025-12-12T06:00:00,Avengers Compound,Clean Water (L),2395.45,6.0,False
2025-12-12T06:00:00,Avengers Compound,Medical Kits,729.42,4.5,False
2025-12-12T07:00:00,New Asgard,Vibranium (kg),2423.11,5.39,False
2025-12-12T07:00:00,New Asgard,Arc Reactor Cores,704.72,6.47,False
2025-12-12T07:00:00,New Asgard,Pym Particles,717.11,5.93,False
2025-12-12T07:00:00,New Asgard,Clean Water (L),2404.5,6.47,False
2025-12-12T07:00:00,New Asgard,Medical Kits,733.36,4.85,False
2025-12-12T07:00:00,Wakanda,Vibranium (kg),2416.85,5.39,False
2025-12-12T07:00:00,Wakanda,Arc Reactor Cores,701.09,6.47,False
2025-12-12T07:00:00,Wakanda,Pym Particles,712.24,5.93,False
2025-12-12T07:00:00,Wakanda,Clean Water (L),2396.03,6.47,False
2025-12-12T07:00:00,Wakanda,Medical Kits,730.47,4.85,False
2025-12-12T07:00:00,Sokovia,Vibranium (kg),2424.99,5.39,False
2025-12-12T07:00:00,Sokovia,Arc Reactor Cores,708.54,6.47,False
2025-12-12T07:00:00,Sokovia,Pym Particles,713.19,5.93,False
2025-12-12T07:00:00,Sokovia,Clean Water (L),2404.44,6.47,False
2025-12-12T07:00:00,Sokovia,Medical Kits,732.36,4.85,False
2025-12-12T07:00:00,Sanctum Sanctorum,Vibranium (kg),2413.89,5.39,False
2025-12-12T07:00:00,Sanctum Sanctorum,Arc Reactor Cores,701.44,6.47,False
2025-12-12T07:00:00,Sanctum Sanctorum,Pym Particles,709.55,5.93,False
2025-12-12T07:00:00,Sanctum Sanctorum,Clean Water (L),2395.49,6.47,False
2025-12-12T07:00:00,Sanctum Sanctorum,Medical Kits,730.46,4.85,False
2025-12-12T07:00:00,Avengers Compound,Vibranium (kg),2413.56,5.39,False
2025-12-12T07:00:00,Avengers Compound,Arc Reactor Cores,706.5,6.47,False
2025-12-12T07:00:00,Avengers Compound,Pym Particles,711.02,5.93,False
2025-12-12T07:00:00,Avengers Compound,Clean Water (L),2396.11,6.47,False
2025-12-12T07:00:00,Avengers Compound,Medical Kits,728.65,4.85,False
2025-12-12T08:00:00,New Asgard,Vibranium (kg),2422.78,5.75,False
2025-12-12T08:00:00,New Asgard,Arc Reactor Cores,704.61,6.9,False
2025-12-12T08:00:00,New Asgard,Pym Particles,714.41,6.32,False
2025-12-12T08:00:00,New Asgard,Clean Water (L),2403.14,6.9,False
2025-12-12T08:00:00,New Asgard,Medical Kits,733.45,5.17,False
2025-12-12T08:00:00,Wakanda,Vibranium (kg),2414.53,5.75,False
2025-12-12T08:00:00,Wakanda,Arc Reactor Cores,700.47,6.9,False
2025-12-12T08:00:00,Wakanda,Pym Particles,711.79,6.32,False
2025-12-12T08:00:00,Wakanda,Clean Water (L),2394.55,6.9,False
2025-12-12T08:00:00,Wakanda,Medical Kits,729.2,5.17,False
2025-12-12T08:00:00,Sokovia,Vibranium (kg),2423.33,5.75,False
2025-12-12T08:00:00,Sokovia,Arc Reactor Cores,706.93,6.9,False
2025-12-12T08:00:00,Sokovia,Pym Particles,710.73,6.32,False
2025-12-12T08:00:00,Sokovia,Clean Water (L),2403.25,6.9,False
2025-12-12T08:00:00,Sokovia,Medical Kits,732.53,5.17,False
2025-12-12T08:00:00,Sanctum Sanctorum,Vibranium (kg),2412.59,5.75,False
2025-12-12T08:00:00,Sanctum Sanctorum,Arc Reactor Cores,700.27,6.9,False
2025-12-12T08:00:00,Sanctum Sanctorum,Pym Particles,710.15,6.32,False
2025-12-12T08:00:00,Sanctum Sanctorum,Clean Water (L),2394.97,6.9,False
2025-12-12T08:00:00,Sanctum Sanctorum,Medical Kits,729.29,5.17,False
2025-12-12T08:00:00,Avengers Compound,Vibranium (kg),2414.4,5.75,False
2025-12-12T08:00:00,Avengers Compound,Arc Reactor Cores,705.74,6.9,False
2025-12-12T08:00:00,Avengers Compound,Pym Particles,709.8,6.32,False
2025-12-12T08:00:00,Avengers Compound,Clean Water (L),2394.37,6.9,False
2025-12-12T08:00:00,Avengers Compound,Medical Kits,727.27,5.17,False
2025-12-12T09:00:00,New Asgard,Vibranium (kg),2421.44,6.06,False
2025-12-12T09:00:00,New Asgard,Arc Reactor Cores,702.66,7.27,False
2025-12-12T09:00:00,New Asgard,Pym Particles,711.93,6.67,False
2025-12-12T09:00:00,New Asgard,Clean Water (L),2401.47,7.27,False
2025-12-12T09:00:00,New Asgard,Medical Kits,732.25,5.45,False
2025-12-12T09:00:00,Wakanda,Vibranium (kg),2415.48,6.06,False
2025-12-12T09:00:00,Wakanda,Arc Reactor Cores,699.64,7.27,False
2025-12-12T09:00:00,Wakanda,Pym Particles,709.61,6.67,False
2025-12-12T09:00:00,Wakanda,Clean Water (L),2393.2,7.27,False
2025-12-12T09:00:00,Wakanda,Medical Kits,728.98,5.45,False
2025-12-12T09:00:00,Sokovia,Vibranium (kg),2422.23,6.06,False
2025-12-12T09:00:00,Sokovia,Arc Reactor Cores,704.76,7.27,False
2025-12-12T09:00:00,Sokovia,Pym Particles,707.69,6.67,False
2025-12-12T09:00:00,Sokovia,Clean Water (L),2400.47,7.27,False
2025-12-12T09:00:00,Sokovia,Medical Kits,732.66,5.45,False
2025-12-12T09:00:00,Sanctum Sanctorum,Vibranium (kg),2412.06,6.06,False
2025-12-12T09:00:00,Sanctum Sanctorum,Arc Reactor Cores,699.47,7.27,False
2025-12-12T09:00:00,Sanctum Sanctorum,Pym Particles,708.22,6.67,False
2025-12-12T09:00:00,Sanctum Sanctorum,Clean Water (L),2394.4,7.27,False
2025-12-12T09:00:00,Sanctum Sanctorum,Medical Kits,730.05,5.45,False
2025-12-12T09:00:00,Avengers Compound,Vibranium (kg),2413.59,6.06,False
2025-12-12T09:00:00,Avengers Compound,Arc Reactor Cores,704.32,7.27,False
2025-12-12T09:00:00,Avengers Compound,Pym Particles,707.82,6.67,False
2025-12-12T09:00:00,Avengers Compound,Clean Water (L),2393.66,7.27,False
2025-12-12T09:00:00,Avengers Compound,Medical Kits,725.98,5.45,False
2025-12-12T10:00:00,New Asgard,Vibranium (kg),2421.41,6.3,False
2025-12-12T10:00:00,New Asgard,Arc Reactor Cores,700.64,7.56,False
2025-12-12T10:00:00,New Asgard,Pym Particles,709.76,6.93,False
2025-12-12T10:00:00,New Asgard,Clean Water (L),2399.8,7.56,False
2025-12-12T10:00:00,New Asgard,Medical Kits,730.76,5.67,False
2025-12-12T10:00:00,Wakanda,Vibranium (kg),2416.11,6.3,False
2025-12-12T10:00:00,Wakanda,Arc Reactor Cores,698.02,7.56,False
2025-12-12T10:00:00,Wakanda,Pym Particles,709.27,6.93,False
2025-12-12T10:00:00,Wakanda,Clean Water (L),2392.9,7.56,False
2025-12-12T10:00:00,Wakanda,Medical Kits,727.49,5.67,False
2025-12-12T10:00:00,Sokovia,Vibranium (kg),2418.95,6.3,False
2025-12-12T10:00:00,Sokovia,Arc Reactor Cores,702.37,7.56,False
2025-12-12T10:00:00,Sokovia,Pym Particles,706.55,6.93,False
2025-12-12T10:00:00,Sokovia,Clean Water (L),2399.6,7.56,False
2025-12-12T10:00:00,Sokovia,Medical Kits,731.61,5.67,False
2025-12-12T10:00:00,Sanctum Sanctorum,Vibranium (kg),2412.36,6.3,False
2025-12-12T10:00:00,Sanctum Sanctorum,Arc Reactor Cores,698.15,7.56,False
2025-12-12T10:00:00,Sanctum Sanctorum,Pym Particles,705.52,6.93,False
2025-12-12T10:00:00,Sanctum Sanctorum,Clean Water (L),2391.95,7.56,False
2025-12-12T10:00:00,Sanctum Sanctorum,Medical Kits,727.69,5.67,False
2025-12-12T10:00:00,Avengers Compound,Vibranium (kg),2412.08,6.3,False
2025-12-12T10:00:00,Avengers Compound,Arc Reactor Cores,702.49,7.56,False
2025-12-12T10:00:00,Avengers Compound,Pym Particles,705.76,6.93,False
2025-12-12T10:00:00,Avengers Compound,Clean Water (L),2392.25,7.56,False
2025-12-12T10:00:00,Avengers Compound,Medical Kits,724.85,5.67,False
2025-12-12T11:00:00,New Asgard,Vibranium (kg),2419.96,6.45,False
2025-12-12T11:00:00,New Asgard,Arc Reactor Cores,697.82,7.74,False
2025-12-12T11:00:00,New Asgard,Pym Particles,709.32,7.09,False
2025-12-12T11:00:00,New Asgard,Clean Water (L),2398.15,7.74,False
2025-12-12T11:00:00,New Asgard,Medical Kits,730.11,5.8,False
2025-12-12T11:00:00,Wakanda,Vibranium (kg),2414.93,6.45,False
2025-12-12T11:00:00,Wakanda,Arc Reactor Cores,695.17,7.74,False
2025-12-12T11:00:00,Wakanda,Pym Particles,707.92,7.09,False
2025-12-12T11:00:00,Wakanda,Clean Water (L),2391.88,7.74,False
2025-12-12T11:00:00,Wakanda,Medical Kits,726.92,5.8,False
2025-12-12T11:00:00,Sokovia,Vibranium (kg),2417.94,6.45,False
2025-12-12T11:00:00,Sokovia,Arc Reactor Cores,700.58,7.74,False
2025-12-12T11:00:00,Sokovia,Pym Particles,705.27,7.09,False
2025-12-12T11:00:00,Sokovia,Clean Water (L),2398.23,7.74,False
2025-12-12T11:00:00,Sokovia,Medical Kits,729.48,5.8,False
2025-12-12T11:00:00,Sanctum Sanctorum,Vibranium (kg),2409.64,6.45,False
2025-12-12T11:00:00,Sanctum Sanctorum,Arc Reactor Cores,695.18,7.74,False
2025-12-12T11:00:00,Sanctum Sanctorum,Pym Particles,703.6,7.09,False
2025-12-12T11:00:00,Sanctum Sanctorum,Clean Water (L),2390.29,7.74,False
2025-12-12T11:00:00,Sanctum Sanctorum,Medical Kits,727.19,5.8,False
2025-12-12T11:00:00,Avengers Compound,Vibranium (kg),2411.06,6.45,False
2025-12-12T11:00:00,Avengers Compound,Arc Reactor Cores,701.51,7.74,False
2025-12-12T11:00:00,Avengers Compound,Pym Particles,703.4,7.09,False
2025-12-12T11:00:00,Avengers Compound,Clean Water (L),2390.48,7.74,False
2025-12-12T11:00:00,Avengers Compound,Medical Kits,723.33,5.8,False
2025-12-12T12:00:00,New Asgard,Vibranium (kg),2418.65,6.5,False
2025-12-12T12:00:00,New Asgard,Arc Reactor Cores,695.57,7.8,False
2025-12-12T12:00:00,New Asgard,Pym Particles,707.3,7.15,False
2025-12-12T12:00:00,New Asgard,Clean Water (L),2397.76,7.8,False
2025-12-12T12:00:00,New Asgard,Medical Kits,728.48,5.85,False
2025-12-12T12:00:00,Wakanda,Vibranium (kg),2414.43,6.5,False
2025-12-12T12:00:00,Wakanda,Arc Reactor Cores,692.16,7.8,False
2025-12-12T12:00:00,Wakanda,Pym Particles,706.08,7.15,False
2025-12-12T12:00:00,Wakanda,Clean Water (L),2391.72,7.8,False
2025-12-12T12:00:00,Wakanda,Medical Kits,725.47,5.85,False
2025-12-12T12:00:00,Sokovia,Vibranium (kg),2415.79,6.5,False
2025-12-12T12:00:00,Sokovia,Arc Reactor Cores,699.46,7.8,False
2025-12-12T12:00:00,Sokovia,Pym Particles,703.37,7.15,False
2025-12-12T12:00:00,Sokovia,Clean Water (L),2396.99,7.8,False
2025-12-12T12:00:00,Sokovia,Medical Kits,729.23,5.85,False
2025-12-12T12:00:00,Sanctum Sanctorum,Vibranium (kg),2409.2,6.5,False
2025-12-12T12:00:00,Sanctum Sanctorum,Arc Reactor Cores,693.51,7.8,False
2025-12-12T12:00:00,Sanctum Sanctorum,Pym Particles,701.88,7.15,False
2025-12-12T12:00:00,Sanctum Sanctorum,Clean Water (L),2388.29,7.8,False
2025-12-12T12:00:00,Sanctum Sanctorum,Medical Kits,725.5,5.85,False
2025-12-12T12:00:00,Avengers Compound,Vibranium (kg),2409.09,6.5,False
2025-12-12T12:00:00,Avengers Compound,Arc Reactor Cores,699.79,7.8,False
2025-12-12T12:00:00,Avengers Compound,Pym Particles,703.66,7.15,False
2025-12-12T12:00:00,Avengers Compound,Clean Water (L),2389.63,7.8,False
2025-12-12T12:00:00,Avengers Compound,Medical Kits,723.94,5.85,False
2025-12-12T13:00:00,New Asgard,Vibranium (kg),2417.1,6.45,False
2025-12-12T13:00:00,New Asgard,Arc Reactor Cores,694.14,7.74,False
2025-12-12T13:00:00,New Asgard,Pym Particles,705.06,7.09,False
2025-12-12T13:00:00,New Asgard,Clean Water (L),2397.68,7.74,False
2025-12-12T13:00:00,New Asgard,Medical Kits,726.45,5.8,False
2025-12-12T13:00:00,Wakanda,Vibranium (kg),2414.19,6.45,False
2025-12-12T13:00:00,Wakanda,Arc Reactor Cores,691.85,7.74,False
2025-12-12T13:00:00,Wakanda,Pym Particles,703.21,7.09,False
2025-12-12T13:00:00,Wakanda,Clean Water (L),2389.26,7.74,False
2025-12-12T13:00:00,Wakanda,Medical Kits,725.51,5.8,False
2025-12-12T13:00:00,Sokovia,Vibranium (kg),2414.8,6.45,False
2025-12-12T13:00:00,Sokovia,Arc Reactor Cores,696.42,7.74,False
2025-12-12T13:00:00,Sokovia,Pym Particles,701.68,7.09,False
2025-12-12T13:00:00,Sokovia,Clean Water (L),2396.72,7.74,False
2025-12-12T13:00:00,Sokovia,Medical Kits,728.38,5.8,False
2025-12-12T13:00:00,Sanctum Sanctorum,Vibranium (kg),2408.37,6.45,False
2025-12-12T13:00:00,Sanctum Sanctorum,Arc Reactor Cores,690.51,7.74,False
2025-12-12T13:00:00,Sanctum Sanctorum,Pym Particles,700.52,7.09,False
2025-12-12T13:00:00,Sanctum Sanctorum,Clean Water (L),2386.8,7.74,False
2025-12-12T13:00:00,Sanctum Sanctorum,Medical Kits,724.35,5.8,False
2025-12-12T13:00:00,Avengers Compound,Vibranium (kg),2409.85,6.45,False
2025-12-12T13:00:00,Avengers Compound,Arc Reactor Cores,697.33,7.74,False
2025-12-12T13:00:00,Avengers Compound,Pym Particles,702.1,7.09,False
2025-12-12T13:00:00,Avengers Compound,Clean Water (L),2388.65,7.74,False
2025-12-12T13:00:00,Avengers Compound,Medical Kits,722.47,5.8,False
2025-12-12T14:00:00,New Asgard,Vibranium (kg),2415.88,6.3,False
2025-12-12T14:00:00,New Asgard,Arc Reactor Cores,692.69,7.56,False
2025-12-12T14:00:00,New Asgard,Pym Particles,705.46,6.93,False
2025-12-12T14:00:00,New Asgard,Clean Water (L),2394.43,7.56,False
2025-12-12T14:00:00,New Asgard,Medical Kits,725.39,5.67,False
2025-12-12T14:00:00,Wakanda,Vibranium (kg),2413.12,6.3,False
2025-12-12T14:00:00,Wakanda,Arc Reactor Cores,691.91,7.56,False
2025-12-12T14:00:00,Wakanda,Pym Particles,703.02,6.93,False
2025-12-12T14:00:00,Wakanda,Clean Water (L),2389.08,7.56,False
2025-12-12T14:00:00,Wakanda,Medical Kits,726.42,5.67,False
2025-12-12T14:00:00,Sokovia,Vibranium (kg),2415.28,6.3,False
2025-12-12T14:00:00,Sokovia,Arc Reactor Cores,694.61,7.56,False
2025-12-12T14:00:00,Sokovia,Pym Particles,701.58,6.93,False
2025-12-12T14:00:00,Sokovia,Clean Water (L),2394.79,7.56,False
2025-12-12T14:00:00,Sokovia,Medical Kits,727.38,5.67,False
2025-12-12T14:00:00,Sanctum Sanctorum,Vibranium (kg),2408.44,6.3,False
2025-12-12T14:00:00,Sanctum Sanctorum,Arc Reactor Cores,687.62,7.56,False
2025-12-12T14:00:00,Sanctum Sanctorum,Pym Particles,697.71,6.93,False
2025-12-12T14:00:00,Sanctum Sanctorum,Clean Water (L),2387.06,7.56,False
2025-12-12T14:00:00,Sanctum Sanctorum,Medical Kits,724.17,5.67,False
2025-12-12T14:00:00,Avengers Compound,Vibranium (kg),2408.53,6.3,False
2025-12-12T14:00:00,Avengers Compound,Arc Reactor Cores,696.34,7.56,False
2025-12-12T14:00:00,Avengers Compound,Pym Particles,701.23,6.93,False
2025-12-12T14:00:00,Avengers Compound,Clean Water (L),2388.3,7.56,False
2025-12-12T14:00:00,Avengers Compound,Medical Kits,721.99,5.67,False
2025-12-12T15:00:00,New Asgard,Vibranium (kg),2415.99,6.06,False
2025-12-12T15:00:00,New Asgard,Arc Reactor Cores,692.77,7.27,False
2025-12-12T15:00:00,New Asgard,Pym Particles,704.18,6.67,False
2025-12-12T15:00:00,New Asgard,Clean Water (L),2393.93,7.27,False
2025-12-12T15:00:00,New Asgard,Medical Kits,723.97,5.45,False
2025-12-12T15:00:00,Wakanda,Vibranium (kg),2413.56,6.06,False
2025-12-12T15:00:00,Wakanda,Arc Reactor Cores,691.85,7.27,False
2025-12-12T15:00:00,Wakanda,Pym Particles,702.51,6.67,False
2025-12-12T15:00:00,Wakanda,Clean Water (L),2389.41,7.27,False
2025-12-12T15:00:00,Wakanda,Medical Kits,727.15,5.45,False
2025-12-12T15:00:00,Sokovia,Vibranium (kg),2413.58,6.06,False
2025-12-12T15:00:00,Sokovia,Arc Reactor Cores,694.41,7.27,False
2025-12-12T15:00:00,Sokovia,Pym Particles,700.13,6.67,False
2025-12-12T15:00:00,Sokovia,Clean Water (L),2392.54,7.27,False
2025-12-12T15:00:00,Sokovia,Medical Kits,727.36,5.45,False
2025-12-12T15:00:00,Sanctum Sanctorum,Vibranium (kg),2409.0,6.06,False
2025-12-12T15:00:00,Sanctum Sanctorum,Arc Reactor Cores,687.24,7.27,False
2025-12-12T15:00:00,Sanctum Sanctorum,Pym Particles,697.52,6.67,False
2025-12-12T15:00:00,Sanctum Sanctorum,Clean Water (L),2386.59,7.27,False
2025-12-12T15:00:00,Sanctum Sanctorum,Medical Kits,722.78,5.45,False
2025-12-12T15:00:00,Avengers Compound,Vibranium (kg),2408.06,6.06,False
2025-12-12T15:00:00,Avengers Compound,Arc Reactor Cores,695.27,7.27,False
2025-12-12T15:00:00,Avengers Compound,Pym Particles,699.41,6.67,False
2025-12-12T15:00:00,Avengers Compound,Clean Water (L),2388.53,7.27,False
2025-12-12T15:00:00,Avengers Compound,Medical Kits,720.81,5.45,False
2025-12-12T16:00:00,New Asgard,Vibranium (kg),2415.25,5.75,False
2025-12-12T16:00:00,New Asgard,Arc Reactor Cores,692.58,6.9,False
2025-12-12T16:00:00,New Asgard,Pym Particles,705.55,6.32,False
2025-12-12T16:00:00,New Asgard,Clean Water (L),2394.1,6.9,False
2025-12-12T16:00:00,New Asgard,Medical Kits,724.51,5.17,False
2025-12-12T16:00:00,Wakanda,Vibranium (kg),2412.29,5.75,False
2025-12-12T16:00:00,Wakanda,Arc Reactor Cores,692.07,6.9,False
2025-12-12T16:00:00,Wakanda,Pym Particles,701.3,6.32,False
2025-12-12T16:00:00,Wakanda,Clean Water (L),2389.19,6.9,False
2025-12-12T16:00:00,Wakanda,Medical Kits,727.74,5.17,False
2025-12-12T16:00:00,Sokovia,Vibranium (kg),2413.22,5.75,False
2025-12-12T16:00:00,Sokovia,Arc Reactor Cores,692.82,6.9,False
2025-12-12T16:00:00,Sokovia,Pym Particles,698.8,6.32,False
2025-12-12T16:00:00,Sokovia,Clean Water (L),2391.47,6.9,False
2025-12-12T16:00:00,Sokovia,Medical Kits,726.07,5.17,False
2025-12-12T16:00:00,Sanctum Sanctorum,Vibranium (kg),2409.62,5.75,False
2025-12-12T16:00:00,Sanctum Sanctorum,Arc Reactor Cores,685.91,6.9,False
2025-12-12T16:00:00,Sanctum Sanctorum,Pym Particles,696.84,6.32,False
2025-12-12T16:00:00,Sanctum Sanctorum,Clean Water (L),2385.2,6.9,False
2025-12-12T16:00:00,Sanctum Sanctorum,Medical Kits,721.93,5.17,False
2025-12-12T16:00:00,Avengers Compound,Vibranium (kg),2407.77,5.75,False
2025-12-12T16:00:00,Avengers Compound,Arc Reactor Cores,694.99,6.9,False
2025-12-12T16:00:00,Avengers Compound,Pym Particles,699.72,6.32,False
2025-12-12T16:00:00,Avengers Compound,Clean Water (L),2387.79,6.9,False
2025-12-12T16:00:00,Avengers Compound,Medical Kits,719.49,5.17,False
2025-12-12T17:00:00,New Asgard,Vibranium (kg),2416.18,5.39,False
2025-12-12T17:00:00,New Asgard,Arc Reactor Cores,691.83,6.47,False
2025-12-12T17:00:00,New Asgard,Pym Particles,705.58,5.93,False
2025-12-12T17:00:00,New Asgard,Clean Water (L),2394.06,6.47,False
2025-12-12T17:00:00,New Asgard,Medical Kits,725.06,4.85,False
2025-12-12T17:00:00,Wakanda,Vibranium (kg),2412.69,5.39,False
2025-12-12T17:00:00,Wakanda,Arc Reactor Cores,691.33,6.47,False
2025-12-12T17:00:00,Wakanda,Pym Particles,700.64,5.93,False
2025-12-12T17:00:00,Wakanda,Clean Water (L),2388.32,6.47,False
2025-12-12T17:00:00,Wakanda,Medical Kits,726.8,4.85,False
2025-12-12T17:00:00,Sokovia,Vibranium (kg),2412.43,5.39,False
2025-12-12T17:00:00,Sokovia,Arc Reactor Cores,693.37,6.47,False
2025-12-12T17:00:00,Sokovia,Pym Particles,698.5,5.93,False
2025-12-12T17:00:00,Sokovia,Clean Water (L),2390.48,6.47,False
2025-12-12T17:00:00,Sokovia,Medical Kits,724.93,4.85,False
2025-12-12T17:00:00,Sanctum Sanctorum,Vibranium (kg),2409.17,5.39,False
2025-12-12T17:00:00,Sanctum Sanctorum,Arc Reactor Cores,686.06,6.47,False
2025-12-12T17:00:00,Sanctum Sanctorum,Pym Particles,697.53,5.93,False
2025-12-12T17:00:00,Sanctum Sanctorum,Clean Water (L),2386.44,6.47,False
2025-12-12T17:00:00,Sanctum Sanctorum,Medical Kits,722.11,4.85,False
2025-12-12T17:00:00,Avengers Compound,Vibranium (kg),2406.63,5.39,False
2025-12-12T17:00:00,Avengers Compound,Arc Reactor Cores,694.22,6.47,False
2025-12-12T17:00:00,Avengers Compound,Pym Particles,700.4,5.93,False
2025-12-12T17:00:00,Avengers Compound,Clean Water (L),2387.03,6.47,False
2025-12-12T17:00:00,Avengers Compound,Medical Kits,719.23,4.85,False
2025-12-12T18:00:00,New Asgard,Vibranium (kg),2416.83,5.0,False
2025-12-12T18:00:00,New Asgard,Arc Reactor Cores,692.35,6.0,False
2025-12-12T18:00:00,New Asgard,Pym Particles,706.93,5.5,False
2025-12-12T18:00:00,New Asgard,Clean Water (L),2394.98,6.0,False
2025-12-12T18:00:00,New Asgard,Medical Kits,725.92,4.5,False
2025-12-12T18:00:00,Wakanda,Vibranium (kg),2412.08,5.0,False
2025-12-12T18:00:00,Wakanda,Arc Reactor Cores,690.82,6.0,False
2025-12-12T18:00:00,Wakanda,Pym Particles,700.49,5.5,False
2025-12-12T18:00:00,Wakanda,Clean Water (L),2389.64,6.0,False
2025-12-12T18:00:00,Wakanda,Medical Kits,726.15,4.5,False
2025-12-12T18:00:00,Sokovia,Vibranium (kg),2413.49,5.0,False
2025-12-12T18:00:00,Sokovia,Arc Reactor Cores,693.3,6.0,False
2025-12-12T18:00:00,Sokovia,Pym Particles,700.05,5.5,False
2025-12-12T18:00:00,Sokovia,Clean Water (L),2390.71,6.0,False
2025-12-12T18:00:00,Sokovia,Medical Kits,725.38,4.5,False
2025-12-12T18:00:00,Sanctum Sanctorum,Vibranium (kg),2410.13,5.0,False
2025-12-12T18:00:00,Sanctum Sanctorum,Arc Reactor Cores,686.79,6.0,False
2025-12-12T18:00:00,Sanctum Sanctorum,Pym Particles,697.85,5.5,False
2025-12-12T18:00:00,Sanctum Sanctorum,Clean Water (L),2388.57,6.0,False
2025-12-12T18:00:00,Sanctum Sanctorum,Medical Kits,722.59,4.5,False
2025-12-12T18:00:00,Avengers Compound,Vibranium (kg),2408.18,5.0,False
2025-12-12T18:00:00,Avengers Compound,Arc Reactor Cores,695.15,6.0,False
2025-12-12T18:00:00,Avengers Compound,Pym Particles,700.32,5.5,False
2025-12-12T18:00:00,Avengers Compound,Clean Water (L),2386.96,6.0,False
2025-12-12T18:00:00,Avengers Compound,Medical Kits,719.05,4.5,False
2025-12-12T19:00:00,New Asgard,Vibranium (kg),2416.85,4.61,False
2025-12-12T19:00:00,New Asgard,Arc Reactor Cores,692.96,5.53,False
2025-12-12T19:00:00,New Asgard,Pym Particles,707.88,5.07,False
2025-12-12T19:00:00,New Asgard,Clean Water (L),2395.28,5.53,False
2025-12-12T19:00:00,New Asgard,Medical Kits,727.33,4.15,False
2025-12-12T19:00:00,Wakanda,Vibranium (kg),2412.56,4.61,False
2025-12-12T19:00:00,Wakanda,Arc Reactor Cores,691.94,5.53,False
2025-12-12T19:00:00,Wakanda,Pym Particles,702.16,5.07,False
2025-12-12T19:00:00,Wakanda,Clean Water (L),2392.17,5.53,False
2025-12-12T19:00:00,Wakanda,Medical Kits,727.22,4.15,False
2025-12-12T19:00:00,Sokovia,Vibranium (kg),2415.34,4.61,False
2025-12-12T19:00:00,Sokovia,Arc Reactor Cores,694.31,5.53,False
2025-12-12T19:00:00,Sokovia,Pym Particles,699.89,5.07,False
2025-12-12T19:00:00,Sokovia,Clean Water (L),2391.49,5.53,False
2025-12-12T19:00:00,Sokovia,Medical Kits,726.62,4.15,False
2025-12-12T19:00:00,Sanctum Sanctorum,Vibranium (kg),2411.63,4.61,False
2025-12-12T19:00:00,Sanctum Sanctorum,Arc Reactor Cores,687.32,5.53,False
2025-12-12T19:00:00,Sanctum Sanctorum,Pym Particles,699.32,5.07,False
2025-12-12T19:00:00,Sanctum Sanctorum,Clean Water (L),2389.49,5.53,False
2025-12-12T19:00:00,Sanctum Sanctorum,Medical Kits,723.01,4.15,False
2025-12-12T19:00:00,Avengers Compound,Vibranium (kg),2409.44,4.61,False
2025-12-12T19:00:00,Avengers Compound,Arc Reactor Cores,696.72,5.53,False
2025-12-12T19:00:00,Avengers Compound,Pym Particles,701.0,5.07,False
2025-12-12T19:00:00,Avengers Compound,Clean Water (L),2388.37,5.53,False
2025-12-12T19:00:00,Avengers Compound,Medical Kits,719.4,4.15,False
2025-12-12T20:00:00,New Asgard,Vibranium (kg),2416.73,4.25,False
2025-12-12T20:00:00,New Asgard,Arc Reactor Cores,694.42,5.1,False
2025-12-12T20:00:00,New Asgard,Pym Particles,708.35,4.68,False
2025-12-12T20:00:00,New Asgard,Clean Water (L),2396.44,5.1,False
2025-12-12T20:00:00,New Asgard,Medical Kits,728.5,3.83,False
2025-12-12T20:00:00,Wakanda,Vibranium (kg),2413.7,4.25,False
2025-12-12T20:00:00,Wakanda,Arc Reactor Cores,693.43,5.1,False
2025-12-12T20:00:00,Wakanda,Pym Particles,703.96,4.68,False
2025-12-12T20:00:00,Wakanda,Clean Water (L),2393.2,5.1,False
2025-12-12T20:00:00,Wakanda,Medical Kits,729.7,3.83,False
2025-12-12T20:00:00,Sokovia,Vibranium (kg),2416.5,4.25,False
2025-12-12T20:00:00,Sokovia,Arc Reactor Cores,694.41,5.1,False
2025-12-12T20:00:00,Sokovia,Pym Particles,701.43,4.68,False
2025-12-12T20:00:00,Sokovia,Clean Water (L),2392.53,5.1,False
2025-12-12T20:00:00,Sokovia,Medical Kits,726.58,3.83,False
2025-12-12T20:00:00,Sanctum Sanctorum,Vibranium (kg),2413.98,4.25,False
2025-12-12T20:00:00,Sanctum Sanctorum,Arc Reactor Cores,687.95,5.1,False
2025-12-12T20:00:00,Sanctum Sanctorum,Pym Particles,699.73,4.68,False
2025-12-12T20:00:00,Sanctum Sanctorum,Clean Water (L),2392.21,5.1,False
2025-12-12T20:00:00,Sanctum Sanctorum,Medical Kits,724.48,3.83,False
2025-12-12T20:00:00,Avengers Compound,Vibranium (kg),2409.64,4.25,False
2025-12-12T20:00:00,Avengers Compound,Arc Reactor Cores,697.47,5.1,False
2025-12-12T20:00:00,Avengers Compound,Pym Particles,702.13,4.68,False
2025-12-12T20:00:00,Avengers Compound,Clean Water (L),2389.42,5.1,False
2025-12-12T20:00:00,Avengers Compound,Medical Kits,720.59,3.83,False
2025-12-12T21:00:00,New Asgard,Vibranium (kg),2417.62,3.94,False
2025-12-12T21:00:00,New Asgard,Arc Reactor Cores,695.32,4.73,False
2025-12-12T21:00:00,New Asgard,Pym Particles,709.37,4.33,False
2025-12-12T21:00:00,New Asgard,Clean Water (L),2399.53,4.73,False
2025-12-12T21:00:00,New Asgard,Medical Kits,730.03,3.55,False
2025-12-12T21:00:00,Wakanda,Vibranium (kg),2413.85,3.94,False
2025-12-12T21:00:00,Wakanda,Arc Reactor Cores,695.67,4.73,False
2025-12-12T21:00:00,Wakanda,Pym Particles,706.33,4.33,False
2025-12-12T21:00:00,Wakanda,Clean Water (L),2395.01,4.73,False
2025-12-12T21:00:00,Wakanda,Medical Kits,730.51,3.55,False
2025-12-12T21:00:00,Sokovia,Vibranium (kg),2418.15,3.94,False
2025-12-12T21:00:00,Sokovia,Arc Reactor Cores,695.54,4.73,False
2025-12-12T21:00:00,Sokovia,Pym Particles,704.04,4.33,False
2025-12-12T21:00:00,Sokovia,Clean Water (L),2393.62,4.73,False
2025-12-12T21:00:00,Sokovia,Medical Kits,728.84,3.55,False
2025-12-12T21:00:00,Sanctum Sanctorum,Vibranium (kg),2415.08,3.94,False
2025-12-12T21:00:00,Sanctum Sanctorum,Arc Reactor Cores,690.58,4.73,False
2025-12-12T21:00:00,Sanctum Sanctorum,Pym Particles,700.6,4.33,False
2025-12-12T21:00:00,Sanctum Sanctorum,Clean Water (L),2392.03,4.73,False
2025-12-12T21:00:00,Sanctum Sanctorum,Medical Kits,726.14,3.55,False
2025-12-12T21:00:00,Avengers Compound,Vibranium (kg),2411.33,3.94,False
2025-12-12T21:00:00,Avengers Compound,Arc Reactor Cores,698.41,4.73,False
2025-12-12T21:00:00,Avengers Compound,Pym Particles,702.92,4.33,False
2025-12-12T21:00:00,Avengers Compound,Clean Water (L),2390.21,4.73,False
2025-12-12T21:00:00,Avengers Compound,Medical Kits,723.87,3.55,False
2025-12-12T22:00:00,New Asgard,Vibranium (kg),2420.48,3.7,False
2025-12-12T22:00:00,New Asgard,Arc Reactor Cores,698.07,4.44,False
2025-12-12T22:00:00,New Asgard,Pym Particles,711.73,4.07,False
2025-12-12T22:00:00,New Asgard,Clean Water (L),2401.07,4.44,False
2025-12-12T22:00:00,New Asgard,Medical Kits,729.72,3.33,False
2025-12-12T22:00:00,Wakanda,Vibranium (kg),2415.13,3.7,False
2025-12-12T22:00:00,Wakanda,Arc Reactor Cores,699.19,4.44,False
2025-12-12T22:00:00,Wakanda,Pym Particles,707.66,4.07,False
2025-12-12T22:00:00,Wakanda,Clean Water (L),2397.45,4.44,False
2025-12-12T22:00:00,Wakanda,Medical Kits,731.92,3.33,False
2025-12-12T22:00:00,Sokovia,Vibranium (kg),2420.65,3.7,False
2025-12-12T22:00:00,Sokovia,Arc Reactor Cores,696.75,4.44,False
2025-12-12T22:00:00,Sokovia,Pym Particles,705.77,4.07,False
2025-12-12T22:00:00,Sokovia,Clean Water (L),2397.16,4.44,False
2025-12-12T22:00:00,Sokovia,Medical Kits,728.67,3.33,False
2025-12-12T22:00:00,Sanctum Sanctorum,Vibranium (kg),2417.47,3.7,False
2025-12-12T22:00:00,Sanctum Sanctorum,Arc Reactor Cores,692.86,4.44,False
2025-12-12T22:00:00,Sanctum Sanctorum,Pym Particles,703.94,4.07,False
2025-12-12T22:00:00,Sanctum Sanctorum,Clean Water (L),2395.9,4.44,False
2025-12-12T22:00:00,Sanctum Sanctorum,Medical Kits,728.44,3.33,False
2025-12-12T22:00:00,Avengers Compound,Vibranium (kg),2413.93,3.7,False
2025-12-12T22:00:00,Avengers Compound,Arc Reactor Cores,700.45,4.44,False
2025-12-12T22:00:00,Avengers Compound,Pym Particles,704.32,4.07,False
2025-12-12T22:00:00,Avengers Compound,Clean Water (L),2392.11,4.44,False
2025-12-12T22:00:00,Avengers Compound,Medical Kits,725.36,3.33,False
2025-12-12T23:00:00,New Asgard,Vibranium (kg),2422.91,3.55,False
2025-12-12T23:00:00,New Asgard,Arc Reactor Cores,700.86,4.26,False
2025-12-12T23:00:00,New Asgard,Pym Particles,713.15,3.91,False
2025-12-12T23:00:00,New Asgard,Clean Water (L),2402.66,4.26,False
2025-12-12T23:00:00,New Asgard,Medical Kits,730.65,3.2,False
2025-12-12T23:00:00,Wakanda,Vibranium (kg),2415.97,3.55,False
2025-12-12T23:00:00,Wakanda,Arc Reactor Cores,701.57,4.26,False
2025-12-12T23:00:00,Wakanda,Pym Particles,709.79,3.91,False
2025-12-12T23:00:00,Wakanda,Clean Water (L),2400.03,4.26,False
2025-12-12T23:00:00,Wakanda,Medical Kits,732.88,3.2,False
2025-12-12T23:00:00,Sokovia,Vibranium (kg),2421.22,3.55,False
2025-12-12T23:00:00,Sokovia,Arc Reactor Cores,698.2,4.26,False
2025-12-12T23:00:00,Sokovia,Pym Particles,706.37,3.91,False
2025-12-12T23:00:00,Sokovia,Clean Water (L),2397.44,4.26,False
2025-12-12T23:00:00,Sokovia,Medical Kits,730.21,3.2,False
2025-12-12T23:00:00,Sanctum Sanctorum,Vibranium (kg),2419.89,3.55,False
2025-12-12T23:00:00,Sanctum Sanctorum,Arc Reactor Cores,693.92,4.26,False
2025-12-12T23:00:00,Sanctum Sanctorum,Pym Particles,704.15,3.91,False
2025-12-12T23:00:00,Sanctum Sanctorum,Clean Water (L),2396.82,4.26,False
2025-12-12T23:00:00,Sanctum Sanctorum,Medical Kits,730.02,3.2,False
2025-12-12T23:00:00,Avengers Compound,Vibranium (kg),2414.4,3.55,False
2025-12-12T23:00:00,Avengers Compound,Arc Reactor Cores,701.23,4.26,False
2025-12-12T23:00:00,Avengers Compound,Pym Particles,706.32,3.91,False
2025-12-12T23:00:00,Avengers Compound,Clean Water (L),2394.38,4.26,False
2025-12-12T23:00:00,Avengers Compound,Medical Kits,726.63,3.2,False
2025-12-13T00:00:00,New Asgard,Vibranium (kg),2424.83,3.5,False
2025-12-13T00:00:00,New Asgard,Arc Reactor Cores,702.76,4.2,False
2025-12-13T00:00:00,New Asgard,Pym Particles,715.59,3.85,False
2025-12-13T00:00:00,New Asgard,Clean Water (L),2403.37,4.2,False
2025-12-13T00:00:00,New Asgard,Medical Kits,732.73,3.15,False
2025-12-13T00:00:00,Wakanda,Vibranium (kg),2416.33,3.5,False
2025-12-13T00:00:00,Wakanda,Arc Reactor Cores,701.88,4.2,False
2025-12-13T00:00:00,Wakanda,Pym Particles,711.88,3.85,False
2025-12-13T00:00:00,Wakanda,Clean Water (L),2402.42,4.2,False
2025-12-13T00:00:00,Wakanda,Medical Kits,733.57,3.15,False
2025-12-13T00:00:00,Sokovia,Vibranium (kg),2421.04,3.5,False
2025-12-13T00:00:00,Sokovia,Arc Reactor Cores,700.28,4.2,False
2025-12-13T00:00:00,Sokovia,Pym Particles,708.57,3.85,False
2025-12-13T00:00:00,Sokovia,Clean Water (L),2399.97,4.2,False
2025-12-13T00:00:00,Sokovia,Medical Kits,730.2,3.15,False
2025-12-13T00:00:00,Sanctum Sanctorum,Vibranium (kg),2421.41,3.5,False
2025-12-13T00:00:00,Sanctum Sanctorum,Arc Reactor Cores,696.18,4.2,False
2025-12-13T00:00:00,Sanctum Sanctorum,Pym Particles,706.05,3.85,False
2025-12-13T00:00:00,Sanctum Sanctorum,Clean Water (L),2397.81,4.2,False
2025-12-13T00:00:00,Sanctum Sanctorum,Medical Kits,732.68,3.15,False
2025-12-13T00:00:00,Avengers Compound,Vibranium (kg),2416.08,3.5,False
2025-12-13T00:00:00,Avengers Compound,Arc Reactor Cores,702.09,4.2,False
2025-12-13T00:00:00,Avengers Compound,Pym Particles,706.79,3.85,False
2025-12-13T00:00:00,Avengers Compound,Clean Water (L),2397.29,4.2,False
2025-12-13T00:00:00,Avengers Compound,Medical Kits,728.16,3.15,False
2025-12-13T01:00:00,New Asgard,Vibranium (kg),2426.16,3.55,False
2025-12-13T01:00:00,New Asgard,Arc Reactor Cores,704.27,4.26,False
2025-12-13T01:00:00,New Asgard,Pym Particles,717.17,3.91,False
2025-12-13T01:00:00,New Asgard,Clean Water (L),2405.3,4.26,False
2025-12-13T01:00:00,New Asgard,Medical Kits,734.39,3.2,False
2025-12-13T01:00:00,Wakanda,Vibranium (kg),2417.98,3.55,False
2025-12-13T01:00:00,Wakanda,Arc Reactor Cores,704.19,4.26,False
2025-12-13T01:00:00,Wakanda,Pym Particles,712.37,3.91,False
2025-12-13T01:00:00,Wakanda,Clean Water (L),2404.51,4.26,False
2025-12-13T01:00:00,Wakanda,Medical Kits,733.89,3.2,False
2025-12-13T01:00:00,Sokovia,Vibranium (kg),2421.54,3.55,False
2025-12-13T01:00:00,Sokovia,Arc Reactor Cores,701.46,4.26,False
2025-12-13T01:00:00,Sokovia,Pym Particles,710.85,3.91,False
2025-12-13T01:00:00,Sokovia,Clean Water (L),2401.2,4.26,False
2025-12-13T01:00:00,Sokovia,Medical Kits,732.39,3.2,False
2025-12-13T01:00:00,Sanctum Sanctorum,Vibranium (kg),2423.51,3.55,False
2025-12-13T01:00:00,Sanctum Sanctorum,Arc Reactor Cores,699.36,4.26,False
2025-12-13T01:00:00,Sanctum Sanctorum,Pym Particles,708.6,3.91,False
2025-12-13T01:00:00,Sanctum Sanctorum,Clean Water (L),2399.77,4.26,False
2025-12-13T01:00:00,Sanctum Sanctorum,Medical Kits,735.45,3.2,False
2025-12-13T01:00:00,Avengers Compound,Vibranium (kg),2417.77,3.55,False
2025-12-13T01:00:00,Avengers Compound,Arc Reactor Cores,703.88,4.26,False
2025-12-13T01:00:00,Avengers Compound,Pym Particles,709.66,3.91,False
2025-12-13T01:00:00,Avengers Compound,Clean Water (L),2399.57,4.26,False
2025-12-13T01:00:00,Avengers Compound,Medical Kits,729.07,3.2,False
2025-12-13T02:00:00,New Asgard,Vibranium (kg),2427.75,3.7,False
2025-12-13T02:00:00,New Asgard,Arc Reactor Cores,706.04,4.44,False
2025-12-13T02:00:00,New Asgard,Pym Particles,718.45,4.07,False
2025-12-13T02:00:00,New Asgard,Clean Water (L),2408.21,4.44,False
2025-12-13T02:00:00,New Asgard,Medical Kits,734.98,3.33,False
2025-12-13T02:00:00,Wakanda,Vibranium (kg),2419.44,3.7,False
2025-12-13T02:00:00,Wakanda,Arc Reactor Cores,704.83,4.44,False
2025-12-13T02:00:00,Wakanda,Pym Particles,715.1,4.07,False
2025-12-13T02:00:00,Wakanda,Clean Water (L),2406.7,4.44,False
2025-12-13T02:00:00,Wakanda,Medical Kits,733.76,3.33,False
2025-12-13T02:00:00,Sokovia,Vibranium (kg),2422.97,3.7,False
2025-12-13T02:00:00,Sokovia,Arc Reactor Cores,702.44,4.44,False
2025-12-13T02:00:00,Sokovia,Pym Particles,711.76,4.07,False
2025-12-13T02:00:00,Sokovia,Clean Water (L),2403.39,4.44,False
2025-12-13T02:00:00,Sokovia,Medical Kits,733.21,3.33,False
2025-12-13T02:00:00,Sanctum Sanctorum,Vibranium (kg),2425.31,3.7,False
2025-12-13T02:00:00,Sanctum Sanctorum,Arc Reactor Cores,702.05,4.44,False
2025-12-13T02:00:00,Sanctum Sanctorum,Pym Particles,710.39,4.07,False
2025-12-13T02:00:00,Sanctum Sanctorum,Clean Water (L),2400.74,4.44,False
2025-12-13T02:00:00,Sanctum Sanctorum,Medical Kits,736.05,3.33,False
2025-12-13T02:00:00,Avengers Compound,Vibranium (kg),2418.7,3.7,False
2025-12-13T02:00:00,Avengers Compound,Arc Reactor Cores,705.18,4.44,False
2025-12-13T02:00:00,Avengers Compound,Pym Particles,712.08,4.07,False
2025-12-13T02:00:00,Avengers Compound,Clean Water (L),2399.9,4.44,False
2025-12-13T02:00:00,Avengers Compound,Medical Kits,730.4,3.33,False
2025-12-13T03:00:00,New Asgard,Vibranium (kg),2429.14,3.94,False
2025-12-13T03:00:00,New Asgard,Arc Reactor Cores,707.21,4.73,False
2025-12-13T03:00:00,New Asgard,Pym Particles,720.51,4.33,False
2025-12-13T03:00:00,New Asgard,Clean Water (L),2408.91,4.73,False
2025-12-13T03:00:00,New Asgard,Medical Kits,735.37,3.55,False
2025-12-13T03:00:00,Wakanda,Vibranium (kg),2419.53,3.94,False
2025-12-13T03:00:00,Wakanda,Arc Reactor Cores,706.9,4.73,False
2025-12-13T03:00:00,Wakanda,Pym Particles,715.49,4.33,False
2025-12-13T03:00:00,Wakanda,Clean Water (L),2406.84,4.73,False
2025-12-13T03:00:00,Wakanda,Medical Kits,734.06,3.55,False
2025-12-13T03:00:00,Sokovia,Vibranium (kg),2423.77,3.94,False
2025-12-13T03:00:00,Sokovia,Arc Reactor Cores,702.65,4.73,False
2025-12-13T03:00:00,Sokovia,Pym Particles,713.81,4.33,False
2025-12-13T03:00:00,Sokovia,Clean Water (L),2404.42,4.73,False
2025-12-13T03:00:00,Sokovia,Medical Kits,733.85,3.55,False
2025-12-13T03:00:00,Sanctum Sanctorum,Vibranium (kg),2427.07,3.94,False
2025-12-13T03:00:00,Sanctum Sanctorum,Arc Reactor Cores,702.43,4.73,False
2025-12-13T03:00:00,Sanctum Sanctorum,Pym Particles,712.15,4.33,False
2025-12-13T03:00:00,Sanctum Sanctorum,Clean Water (L),2402.69,4.73,False
2025-12-13T03:00:00,Sanctum Sanctorum,Medical Kits,737.97,3.55,False
2025-12-13T03:00:00,Avengers Compound,Vibranium (kg),2418.51,3.94,False
2025-12-13T03:00:00,Avengers Compound,Arc Reactor Cores,705.05,4.73,False
2025-12-13T03:00:00,Avengers Compound,Pym Particles,713.33,4.33,False
2025-12-13T03:00:00,Avengers Compound,Clean Water (L),2402.37,4.73,False
2025-12-13T03:00:00,Avengers Compound,Medical Kits,731.31,3.55,False
2025-12-13T04:00:00,New Asgard,Vibranium (kg),2430.24,4.25,False
2025-12-13T04:00:00,New Asgard,Arc Reactor Cores,706.33,5.1,False
2025-12-13T04:00:00,New Asgard,Pym Particles,720.08,4.68,False
2025-12-13T04:00:00,New Asgard,Clean Water (L),2407.99,5.1,False
2025-12-13T04:00:00,New Asgard,Medical Kits,735.88,3.83,False
2025-12-13T04:00:00,Wakanda,Vibranium (kg),2419.87,4.25,False
2025-12-13T04:00:00,Wakanda,Arc Reactor Cores,707.26,5.1,False
2025-12-13T04:00:00,Wakanda,Pym Particles,715.96,4.68,False
2025-12-13T04:00:00,Wakanda,Clean Water (L),2407.48,5.1,False
2025-12-13T04:00:00,Wakanda,Medical Kits,734.27,3.83,False
2025-12-13T04:00:00,Sokovia,Vibranium (kg),2426.09,4.25,False
2025-12-13T04:00:00,Sokovia,Arc Reactor Cores,703.5,5.1,False
2025-12-13T04:00:00,Sokovia,Pym Particles,714.51,4.68,False
2025-12-13T04:00:00,Sokovia,Clean Water (L),2404.85,5.1,False
2025-12-13T04:00:00,Sokovia,Medical Kits,733.37,3.83,False
2025-12-13T04:00:00,Sanctum Sanctorum,Vibranium (kg),2427.27,4.25,False
2025-12-13T04:00:00,Sanctum Sanctorum,Arc Reactor Cores,702.6,5.1,False
2025-12-13T04:00:00,Sanctum Sanctorum,Pym Particles,713.05,4.68,False
2025-12-13T04:00:00,Sanctum Sanctorum,Clean Water (L),2403.57,5.1,False
2025-12-13T04:00:00,Sanctum Sanctorum,Medical Kits,737.94,3.83,False
2025-12-13T04:00:00,Avengers Compound,Vibranium (kg),2420.46,4.25,False
2025-12-13T04:00:00,Avengers Compound,Arc Reactor Cores,705.1,5.1,False
2025-12-13T04:00:00,Avengers Compound,Pym Particles,712.96,4.68,False
2025-12-13T04:00:00,Avengers Compound,Clean Water (L),2402.86,5.1,False
2025-12-13T04:00:00,Avengers Compound,Medical Kits,731.34,3.83,False
2025-12-13T05:00:00,New Asgard,Vibranium (kg),2431.12,4.61,False
2025-12-13T05:00:00,New Asgard,Arc Reactor Cores,707.75,5.53,False
2025-12-13T05:00:00,New Asgard,Pym Particles,719.15,5.07,False
2025-12-13T05:00:00,New Asgard,Clean Water (L),2408.4,5.53,False
2025-12-13T05:00:00,New Asgard,Medical Kits,734.88,4.15,False
2025-12-13T05:00:00,Wakanda,Vibranium (kg),2419.3,4.61,False
2025-12-13T05:00:00,Wakanda,Arc Reactor Cores,706.74,5.53,False
2025-12-13T05:00:00,Wakanda,Pym Particles,716.2,5.07,False
2025-12-13T05:00:00,Wakanda,Clean Water (L),2407.29,5.53,False
2025-12-13T05:00:00,Wakanda,Medical Kits,735.14,4.15,False
2025-12-13T05:00:00,Sokovia,Vibranium (kg),2427.49,4.61,False
2025-12-13T05:00:00,Sokovia,Arc Reactor Cores,704.95,5.53,False
2025-12-13T05:00:00,Sokovia,Pym Particles,713.46,5.07,False
2025-12-13T05:00:00,Sokovia,Clean Water (L),2405.77,5.53,False
2025-12-13T05:00:00,Sokovia,Medical Kits,732.78,4.15,False
2025-12-13T05:00:00,Sanctum Sanctorum,Vibranium (kg),2427.83,4.61,False
2025-12-13T05:00:00,Sanctum Sanctorum,Arc Reactor Cores,703.35,5.53,False
2025-12-13T05:00:00,Sanctum Sanctorum,Pym Particles,712.54,5.07,False
2025-12-13T05:00:00,Sanctum Sanctorum,Clean Water (L),2404.19,5.53,False
2025-12-13T05:00:00,Sanctum Sanctorum,Medical Kits,737.51,4.15,False
2025-12-13T05:00:00,Avengers Compound,Vibranium (kg),2421.57,4.61,False
2025-12-13T05:00:00,Avengers Compound,Arc Reactor Cores,704.9,5.53,False
2025-12-13T05:00:00,Avengers Compound,Pym Particles,713.41,5.07,False
2025-12-13T05:00:00,Avengers Compound,Clean Water (L),2403.23,5.53,False
2025-12-13T05:00:00,Avengers Compound,Medical Kits,732.18,4.15,False
2025-12-13T06:00:00,New Asgard,Vibranium (kg),2429.86,5.0,False
2025-12-13T06:00:00,New Asgard,Arc Reactor Cores,706.96,6.0,False
2025-12-13T06:00:00,New Asgard,Pym Particles,717.85,5.5,False
2025-12-13T06:00:00,New Asgard,Clean Water (L),2406.52,6.0,False
2025-12-13T06:00:00,New Asgard,Medical Kits,732.96,4.5,False
2025-12-13T06:00:00,Wakanda,Vibranium (kg),2419.84,5.0,False
2025-12-13T06:00:00,Wakanda,Arc Reactor Cores,706.41,6.0,False
2025-12-13T06:00:00,Wakanda,Pym Particles,715.95,5.5,False
2025-12-13T06:00:00,Wakanda,Clean Water (L),2407.91,6.0,False
2025-12-13T06:00:00,Wakanda,Medical Kits,734.66,4.5,False
2025-12-13T06:00:00,Sokovia,Vibranium (kg),2427.44,5.0,False
2025-12-13T06:00:00,Sokovia,Arc Reactor Cores,705.35,6.0,False
2025-12-13T06:00:00,Sokovia,Pym Particles,714.44,5.5,False
2025-12-13T06:00:00,Sokovia,Clean Water (L),2404.92,6.0,False
2025-12-13T06:00:00,Sokovia,Medical Kits,732.45,4.5,False
2025-12-13T06:00:00,Sanctum Sanctorum,Vibranium (kg),2427.15,5.0,False
2025-12-13T06:00:00,Sanctum Sanctorum,Arc Reactor Cores,703.54,6.0,False
2025-12-13T06:00:00,Sanctum Sanctorum,Pym Particles,710.67,5.5,False
2025-12-13T06:00:00,Sanctum Sanctorum,Clean Water (L),2403.18,6.0,False
2025-12-13T06:00:00,Sanctum Sanctorum,Medical Kits,735.51,4.5,False
2025-12-13T06:00:00,Avengers Compound,Vibranium (kg),2422.25,5.0,False
2025-12-13T06:00:00,Avengers Compound,Arc Reactor Cores,705.27,6.0,False
2025-12-13T06:00:00,Avengers Compound,Pym Particles,711.88,5.5,False
2025-12-13T06:00:00,Avengers Compound,Clean Water (L),2401.34,6.0,False
2025-12-13T06:00:00,Avengers Compound,Medical Kits,730.8,4.5,False
2025-12-13T07:00:00,New Asgard,Vibranium (kg),2429.3,5.39,False
2025-12-13T07:00:00,New Asgard,Arc Reactor Cores,706.08,6.47,False
2025-12-13T07:00:00,New Asgard,Pym Particles,717.49,5.93,False
2025-12-13T07:00:00,New Asgard,Clean Water (L),2406.04,6.47,False
2025-12-13T07:00:00,New Asgard,Medical Kits,731.88,4.85,False
2025-12-13T07:00:00,Wakanda,Vibranium (kg),2419.05,5.39,False
2025-12-13T07:00:00,Wakanda,Arc Reactor Cores,706.77,6.47,False
2025-12-13T07:00:00,Wakanda,Pym Particles,714.98,5.93,False
2025-12-13T07:00:00,Wakanda,Clean Water (L),2405.44,6.47,False
2025-12-13T07:00:00,Wakanda,Medical Kits,733.16,4.85,False
2025-12-13T07:00:00,Sokovia,Vibranium (kg),2425.16,5.39,False
2025-12-13T07:00:00,Sokovia,Arc Reactor Cores,705.21,6.47,False
2025-12-13T07:00:00,Sokovia,Pym Particles,712.13,5.93,False
2025-12-13T07:00:00,Sokovia,Clean Water (L),2404.05,6.47,False
2025-12-13T07:00:00,Sokovia,Medical Kits,731.34,4.85,False
2025-12-13T07:00:00,Sanctum Sanctorum,Vibranium (kg),2426.92,5.39,False
2025-12-13T07:00:00,Sanctum Sanctorum,Arc Reactor Cores,702.96,6.47,False
2025-12-13T07:00:00,Sanctum Sanctorum,Pym Particles,710.01,5.93,False
2025-12-13T07:00:00,Sanctum Sanctorum,Clean Water (L),2402.31,6.47,False
2025-12-13T07:00:00,Sanctum Sanctorum,Medical Kits,735.46,4.85,False
2025-12-13T07:00:00,Avengers Compound,Vibranium (kg),2422.64,5.39,False
2025-12-13T07:00:00,Avengers Compound,Arc Reactor Cores,704.84,6.47,False
2025-12-13T07:00:00,Avengers Compound,Pym Particles,711.62,5.93,False
2025-12-13T07:00:00,Avengers Compound,Clean Water (L),2399.58,6.47,False
2025-12-13T07:00:00,Avengers Compound,Medical Kits,730.91,4.85,False
2025-12-13T08:00:00,New Asgard,Vibranium (kg),2429.83,5.75,False
2025-12-13T08:00:00,New Asgard,Arc Reactor Cores,705.06,6.9,False
2025-12-13T08:00:00,New Asgard,Pym Particles,715.45,6.32,False
2025-12-13T08:00:00,New Asgard,Clean Water (L),2405.24,6.9,False
2025-12-13T08:00:00,New Asgard,Medical Kits,731.38,5.17,False
2025-12-13T08:00:00,Wakanda,Vibranium (kg),2417.61,5.75,False
2025-12-13T08:00:00,Wakanda,Arc Reactor Cores,704.69,6.9,False
2025-12-13T08:00:00,Wakanda,Pym Particles,713.14,6.32,False
2025-12-13T08:00:00,Wakanda,Clean Water (L),2403.22,6.9,False
2025-12-13T08:00:00,Wakanda,Medical Kits,731.84,5.17,False
2025-12-13T08:00:00,Sokovia,Vibranium (kg),2423.78,5.75,False
2025-12-13T08:00:00,Sokovia,Arc Reactor Cores,704.8,6.9,False
2025-12-13T08:00:00,Sokovia,Pym Particles,711.35,6.32,False
2025-12-13T08:00:00,Sokovia,Clean Water (L),2403.47,6.9,False
2025-12-13T08:00:00,Sokovia,Medical Kits,729.67,5.17,False
2025-12-13T08:00:00,Sanctum Sanctorum,Vibranium (kg),2425.62,5.75,False
2025-12-13T08:00:00,Sanctum Sanctorum,Arc Reactor Cores,701.19,6.9,False
2025-12-13T08:00:00,Sanctum Sanctorum,Pym Particles,710.9,6.32,False
2025-12-13T08:00:00,Sanctum Sanctorum,Clean Water (L),2401.2,6.9,False
2025-12-13T08:00:00,Sanctum Sanctorum,Medical Kits,734.22,5.17,False
2025-12-13T08:00:00,Avengers Compound,Vibranium (kg),2421.94,5.75,False
2025-12-13T08:00:00,Avengers Compound,Arc Reactor Cores,704.75,6.9,False
2025-12-13T08:00:00,Avengers Compound,Pym Particles,710.39,6.32,False
2025-12-13T08:00:00,Avengers Compound,Clean Water (L),2398.11,6.9,False
2025-12-13T08:00:00,Avengers Compound,Medical Kits,731.15,5.17,False
2025-12-13T09:00:00,New Asgard,Vibranium (kg),2427.05,6.06,False
2025-12-13T09:00:00,New Asgard,Arc Reactor Cores,702.86,7.27,False
2025-12-13T09:00:00,New Asgard,Pym Particles,714.2,6.67,False
2025-12-13T09:00:00,New Asgard,Clean Water (L),2402.46,7.27,False
2025-12-13T09:00:00,New Asgard,Medical Kits,730.93,5.45,False
2025-12-13T09:00:00,Wakanda,Vibranium (kg),2416.11,6.06,False
2025-12-13T09:00:00,Wakanda,Arc Reactor Cores,702.66,7.27,False
2025-12-13T09:00:00,Wakanda,Pym Particles,712.67,6.67,False
2025-12-13T09:00:00,Wakanda,Clean Water (L),2402.26,7.27,False
2025-12-13T09:00:00,Wakanda,Medical Kits,730.51,5.45,False
2025-12-13T09:00:00,Sokovia,Vibranium (kg),2421.03,6.06,False
2025-12-13T09:00:00,Sokovia,Arc Reactor Cores,702.7,7.27,False
2025-12-13T09:00:00,Sokovia,Pym Particles,709.74,6.67,False
2025-12-13T09:00:00,Sokovia,Clean Water (L),2401.72,7.27,False
2025-12-13T09:00:00,Sokovia,Medical Kits,728.82,5.45,False
2025-12-13T09:00:00,Sanctum Sanctorum,Vibranium (kg),2423.82,6.06,False
2025-12-13T09:00:00,Sanctum Sanctorum,Arc Reactor Cores,699.16,7.27,False
2025-12-13T09:00:00,Sanctum Sanctorum,Pym Particles,710.78,6.67,False
2025-12-13T09:00:00,Sanctum Sanctorum,Clean Water (L),2399.75,7.27,False
2025-12-13T09:00:00,Sanctum Sanctorum,Medical Kits,733.21,5.45,False
2025-12-13T09:00:00,Avengers Compound,Vibranium (kg),2419.48,6.06,False
2025-12-13T09:00:00,Avengers Compound,Arc Reactor Cores,704.71,7.27,False
2025-12-13T09:00:00,Avengers Compound,Pym Particles,708.57,6.67,False
2025-12-13T09:00:00,Avengers Compound,Clean Water (L),2396.87,7.27,False
2025-12-13T09:00:00,Avengers Compound,Medical Kits,731.09,5.45,False
2025-12-13T10:00:00,New Asgard,Vibranium (kg),2426.0,6.3,False
2025-12-13T10:00:00,New Asgard,Arc Reactor Cores,701.35,7.56,False
2025-12-13T10:00:00,New Asgard,Pym Particles,711.86,6.93,False
2025-12-13T10:00:00,New Asgard,Clean Water (L),2401.61,7.56,False
2025-12-13T10:00:00,New Asgard,Medical Kits,729.19,5.67,False
2025-12-13T10:00:00,Wakanda,Vibranium (kg),2414.89,6.3,False
2025-12-13T10:00:00,Wakanda,Arc Reactor Cores,699.93,7.56,False
2025-12-13T10:00:00,Wakanda,Pym Particles,710.1,6.93,False
2025-12-13T10:00:00,Wakanda,Clean Water (L),2400.87,7.56,False
2025-12-13T10:00:00,Wakanda,Medical Kits,729.13,5.67,False
2025-12-13T10:00:00,Sokovia,Vibranium (kg),2419.89,6.3,False
2025-12-13T10:00:00,Sokovia,Arc Reactor Cores,700.59,7.56,False
2025-12-13T10:00:00,Sokovia,Pym Particles,708.93,6.93,False
2025-12-13T10:00:00,Sokovia,Clean Water (L),2399.57,7.56,False
2025-12-13T10:00:00,Sokovia,Medical Kits,729.34,5.67,False
2025-12-13T10:00:00,Sanctum Sanctorum,Vibranium (kg),2422.0,6.3,False
2025-12-13T10:00:00,Sanctum Sanctorum,Arc Reactor Cores,697.03,7.56,False
2025-12-13T10:00:00,Sanctum Sanctorum,Pym Particles,708.37,6.93,False
2025-12-13T10:00:00,Sanctum Sanctorum,Clean Water (L),2397.47,7.56,False
2025-12-13T10:00:00,Sanctum Sanctorum,Medical Kits,731.63,5.67,False
2025-12-13T10:00:00,Avengers Compound,Vibranium (kg),2419.29,6.3,False
2025-12-13T10:00:00,Avengers Compound,Arc Reactor Cores,702.42,7.56,False
2025-12-13T10:00:00,Avengers Compound,Pym Particles,707.17,6.93,False
2025-12-13T10:00:00,Avengers Compound,Clean Water (L),2395.81,7.56,False
2025-12-13T10:00:00,Avengers Compound,Medical Kits,729.61,5.67,False
2025-12-13T11:00:00,New Asgard,Vibranium (kg),2424.33,6.45,False
2025-12-13T11:00:00,New Asgard,Arc Reactor Cores,698.97,7.74,False
2025-12-13T11:00:00,New Asgard,Pym Particles,709.32,7.09,False
2025-12-13T11:00:00,New Asgard,Clean Water (L),2399.99,7.74,False
2025-12-13T11:00:00,New Asgard,Medical Kits,728.32,5.8,False
2025-12-13T11:00:00,Wakanda,Vibranium (kg),2413.94,6.45,False
2025-12-13T11:00:00,Wakanda,Arc Reactor Cores,698.02,7.74,False
2025-12-13T11:00:00,Wakanda,Pym Particles,708.37,7.09,False
2025-12-13T11:00:00,Wakanda,Clean Water (L),2400.18,7.74,False
2025-12-13T11:00:00,Wakanda,Medical Kits,727.61,5.8,False
2025-12-13T11:00:00,Sokovia,Vibranium (kg),2417.78,6.45,False
2025-12-13T11:00:00,Sokovia,Arc Reactor Cores,699.03,7.74,False
2025-12-13T11:00:00,Sokovia,Pym Particles,706.34,7.09,False
2025-12-13T11:00:00,Sokovia,Clean Water (L),2397.04,7.74,False
2025-12-13T11:00:00,Sokovia,Medical Kits,728.68,5.8,False
2025-12-13T11:00:00,Sanctum Sanctorum,Vibranium (kg),2421.83,6.45,False
2025-12-13T11:00:00,Sanctum Sanctorum,Arc Reactor Cores,695.76,7.74,False
2025-12-13T11:00:00,Sanctum Sanctorum,Pym Particles,706.35,7.09,False
2025-12-13T11:00:00,Sanctum Sanctorum,Clean Water (L),2394.7,7.74,False
2025-12-13T11:00:00,Sanctum Sanctorum,Medical Kits,730.33,5.8,False
2025-12-13T11:00:00,Avengers Compound,Vibranium (kg),2419.61,6.45,False
2025-12-13T11:00:00,Avengers Compound,Arc Reactor Cores,700.19,7.74,False
2025-12-13T11:00:00,Avengers Compound,Pym Particles,704.58,7.09,False
2025-12-13T11:00:00,Avengers Compound,Clean Water (L),2393.8,7.74,False
2025-12-13T11:00:00,Avengers Compound,Medical Kits,728.38,5.8,False
2025-12-13T12:00:00,New Asgard,Vibranium (kg),2423.06,6.5,False
2025-12-13T12:00:00,New Asgard,Arc Reactor Cores,696.61,7.8,False
2025-12-13T12:00:00,New Asgard,Pym Particles,708.97,7.15,False
2025-12-13T12:00:00,New Asgard,Clean Water (L),2398.0,7.8,False
2025-12-13T12:00:00,New Asgard,Medical Kits,727.33,5.85,False
2025-12-13T12:00:00,Wakanda,Vibranium (kg),2412.54,6.5,False
2025-12-13T12:00:00,Wakanda,Arc Reactor Cores,696.03,7.8,False
2025-12-13T12:00:00,Wakanda,Pym Particles,706.6,7.15,False
2025-12-13T12:00:00,Wakanda,Clean Water (L),2398.92,7.8,False
2025-12-13T12:00:00,Wakanda,Medical Kits,727.57,5.85,False
2025-12-13T12:00:00,Sokovia,Vibranium (kg),2415.86,6.5,False
2025-12-13T12:00:00,Sokovia,Arc Reactor Cores,695.55,7.8,False
2025-12-13T12:00:00,Sokovia,Pym Particles,705.18,7.15,False
2025-12-13T12:00:00,Sokovia,Clean Water (L),2394.42,7.8,False
2025-12-13T12:00:00,Sokovia,Medical Kits,727.86,5.85,False
2025-12-13T12:00:00,Sanctum Sanctorum,Vibranium (kg),2420.16,6.5,False
2025-12-13T12:00:00,Sanctum Sanctorum,Arc Reactor Cores,694.94,7.8,False
2025-12-13T12:00:00,Sanctum Sanctorum,Pym Particles,703.95,7.15,False
2025-12-13T12:00:00,Sanctum Sanctorum,Clean Water (L),2392.97,7.8,False
2025-12-13T12:00:00,Sanctum Sanctorum,Medical Kits,728.77,5.85,False
2025-12-13T12:00:00,Avengers Compound,Vibranium (kg),2418.4,6.5,False
2025-12-13T12:00:00,Avengers Compound,Arc Reactor Cores,697.99,7.8,False
2025-12-13T12:00:00,Avengers Compound,Pym Particles,704.04,7.15,False
2025-12-13T12:00:00,Avengers Compound,Clean Water (L),2392.44,7.8,False
2025-12-13T12:00:00,Avengers Compound,Medical Kits,726.5,5.85,False
2025-12-13T13:00:00,New Asgard,Vibranium (kg),2420.37,6.45,False
2025-12-13T13:00:00,New Asgard,Arc Reactor Cores,693.88,7.74,False
2025-12-13T13:00:00,New Asgard,Pym Particles,707.59,7.09,False
2025-12-13T13:00:00,New Asgard,Clean Water (L),2395.57,7.74,False
2025-12-13T13:00:00,New Asgard,Medical Kits,726.85,5.8,False
2025-12-13T13:00:00,Wakanda,Vibranium (kg),2412.07,6.45,False
2025-12-13T13:00:00,Wakanda,Arc Reactor Cores,694.45,7.74,False
2025-12-13T13:00:00,Wakanda,Pym Particles,706.02,7.09,False
2025-12-13T13:00:00,Wakanda,Clean Water (L),2398.57,7.74,False
2025-12-13T13:00:00,Wakanda,Medical Kits,725.56,5.8,False
2025-12-13T13:00:00,Sokovia,Vibranium (kg),2413.53,6.45,False
2025-12-13T13:00:00,Sokovia,Arc Reactor Cores,693.83,7.74,False
2025-12-13T13:00:00,Sokovia,Pym Particles,704.93,7.09,False
2025-12-13T13:00:00,Sokovia,Clean Water (L),2392.78,7.74,False
2025-12-13T13:00:00,Sokovia,Medical Kits,726.4,5.8,False
2025-12-13T13:00:00,Sanctum Sanctorum,Vibranium (kg),2418.22,6.45,False
2025-12-13T13:00:00,Sanctum Sanctorum,Arc Reactor Cores,694.97,7.74,False
2025-12-13T13:00:00,Sanctum Sanctorum,Pym Particles,702.15,7.09,False
2025-12-13T13:00:00,Sanctum Sanctorum,Clean Water (L),2393.55,7.74,False
2025-12-13T13:00:00,Sanctum Sanctorum,Medical Kits,727.68,5.8,False
2025-12-13T13:00:00,Avengers Compound,Vibranium (kg),2415.55,6.45,False
2025-12-13T13:00:00,Avengers Compound,Arc Reactor Cores,695.76,7.74,False
2025-12-13T13:00:00,Avengers Compound,Pym Particles,702.17,7.09,False
2025-12-13T13:00:00,Avengers Compound,Clean Water (L),2390.76,7.74,False
2025-12-13T13:00:00,Avengers Compound,Medical Kits,725.66,5.8,False
2025-12-13T14:00:00,New Asgard,Vibranium (kg),2419.26,6.3,False
2025-12-13T14:00:00,New Asgard,Arc Reactor Cores,692.27,7.56,False
2025-12-13T14:00:00,New Asgard,Pym Particles,706.09,6.93,False
2025-12-13T14:00:00,New Asgard,Clean Water (L),2394.17,7.56,False
2025-12-13T14:00:00,New Asgard,Medical Kits,725.45,5.67,False
2025-12-13T14:00:00,Wakanda,Vibranium (kg),2410.95,6.3,False
2025-12-13T14:00:00,Wakanda,Arc Reactor Cores,694.32,7.56,False
2025-12-13T14:00:00,Wakanda,Pym Particles,705.75,6.93,False
2025-12-13T14:00:00,Wakanda,Clean Water (L),2398.69,7.56,False
2025-12-13T14:00:00,Wakanda,Medical Kits,723.41,5.67,False
2025-12-13T14:00:00,Sokovia,Vibranium (kg),2411.7,6.3,False
2025-12-13T14:00:00,Sokovia,Arc Reactor Cores,692.55,7.56,False
2025-12-13T14:00:00,Sokovia,Pym Particles,704.4,6.93,False
2025-12-13T14:00:00,Sokovia,Clean Water (L),2393.18,7.56,False
2025-12-13T14:00:00,Sokovia,Medical Kits,725.3,5.67,False
2025-12-13T14:00:00,Sanctum Sanctorum,Vibranium (kg),2417.41,6.3,False
2025-12-13T14:00:00,Sanctum Sanctorum,Arc Reactor Cores,693.22,7.56,False
2025-12-13T14:00:00,Sanctum Sanctorum,Pym Particles,700.95,6.93,False
2025-12-13T14:00:00,Sanctum Sanctorum,Clean Water (L),2392.1,7.56,False
2025-12-13T14:00:00,Sanctum Sanctorum,Medical Kits,727.89,5.67,False
2025-12-13T14:00:00,Avengers Compound,Vibranium (kg),2412.67,6.3,False
2025-12-13T14:00:00,Avengers Compound,Arc Reactor Cores,694.09,7.56,False
2025-12-13T14:00:00,Avengers Compound,Pym Particles,700.9,6.93,False
2025-12-13T14:00:00,Avengers Compound,Clean Water (L),2389.83,7.56,False
2025-12-13T14:00:00,Avengers Compound,Medical Kits,725.38,5.67,False
2025-12-13T15:00:00,New Asgard,Vibranium (kg),2417.12,6.06,False
2025-12-13T15:00:00,New Asgard,Arc Reactor Cores,691.47,7.27,False
2025-12-13T15:00:00,New Asgard,Pym Particles,704.47,6.67,False
2025-12-13T15:00:00,New Asgard,Clean Water (L),2393.58,7.27,False
2025-12-13T15:00:00,New Asgard,Medical Kits,726.24,5.45,False
2025-12-13T15:00:00,Wakanda,Vibranium (kg),2410.59,6.06,False
2025-12-13T15:00:00,Wakanda,Arc Reactor Cores,693.41,7.27,False
2025-12-13T15:00:00,Wakanda,Pym Particles,703.58,6.67,False
2025-12-13T15:00:00,Wakanda,Clean Water (L),2398.33,7.27,False
2025-12-13T15:00:00,Wakanda,Medical Kits,721.63,5.45,False
2025-12-13T15:00:00,Sokovia,Vibranium (kg),2411.64,6.06,False
2025-12-13T15:00:00,Sokovia,Arc Reactor Cores,691.59,7.27,False
2025-12-13T15:00:00,Sokovia,Pym Particles,703.16,6.67,False
2025-12-13T15:00:00,Sokovia,Clean Water (L),2393.03,7.27,False
2025-12-13T15:00:00,Sokovia,Medical Kits,723.71,5.45,False
2025-12-13T15:00:00,Sanctum Sanctorum,Vibranium (kg),2416.48,6.06,False
2025-12-13T15:00:00,Sanctum Sanctorum,Arc Reactor Cores,692.98,7.27,False
2025-12-13T15:00:00,Sanctum Sanctorum,Pym Particles,700.83,6.67,False
2025-12-13T15:00:00,Sanctum Sanctorum,Clean Water (L),2391.21,7.27,False
2025-12-13T15:00:00,Sanctum Sanctorum,Medical Kits,727.24,5.45,False
2025-12-13T15:00:00,Avengers Compound,Vibranium (kg),2411.43,6.06,False
2025-12-13T15:00:00,Avengers Compound,Arc Reactor Cores,692.91,7.27,False
2025-12-13T15:00:00,Avengers Compound,Pym Particles,699.72,6.67,False
2025-12-13T15:00:00,Avengers Compound,Clean Water (L),2388.57,7.27,False
2025-12-13T15:00:00,Avengers Compound,Medical Kits,724.94,5.45,False
2025-12-13T16:00:00,New Asgard,Vibranium (kg),2417.5,5.75,False
2025-12-13T16:00:00,New Asgard,Arc Reactor Cores,691.33,6.9,False
2025-12-13T16:00:00,New Asgard,Pym Particles,703.81,6.32,False
2025-12-13T16:00:00,New Asgard,Clean Water (L),2392.7,6.9,False
2025-12-13T16:00:00,New Asgard,Medical Kits,724.38,5.17,False
2025-12-13T16:00:00,Wakanda,Vibranium (kg),2409.54,5.75,False
2025-12-13T16:00:00,Wakanda,Arc Reactor Cores,692.95,6.9,False
2025-12-13T16:00:00,Wakanda,Pym Particles,701.89,6.32,False
2025-12-13T16:00:00,Wakanda,Clean Water (L),2396.84,6.9,False
2025-12-13T16:00:00,Wakanda,Medical Kits,721.21,5.17,False
2025-12-13T16:00:00,Sokovia,Vibranium (kg),2410.51,5.75,False
2025-12-13T16:00:00,Sokovia,Arc Reactor Cores,692.61,6.9,False
2025-12-13T16:00:00,Sokovia,Pym Particles,701.99,6.32,False
2025-12-13T16:00:00,Sokovia,Clean Water (L),2391.85,6.9,False
2025-12-13T16:00:00,Sokovia,Medical Kits,722.36,5.17,False
2025-12-13T16:00:00,Sanctum Sanctorum,Vibranium (kg),2415.38,5.75,False
2025-12-13T16:00:00,Sanctum Sanctorum,Arc Reactor Cores,692.67,6.9,False
2025-12-13T16:00:00,Sanctum Sanctorum,Pym Particles,699.29,6.32,False
2025-12-13T16:00:00,Sanctum Sanctorum,Clean Water (L),2389.76,6.9,False
2025-12-13T16:00:00,Sanctum Sanctorum,Medical Kits,726.74,5.17,False
2025-12-13T16:00:00,Avengers Compound,Vibranium (kg),2411.21,5.75,False
2025-12-13T16:00:00,Avengers Compound,Arc Reactor Cores,693.99,6.9,False
2025-12-13T16:00:00,Avengers Compound,Pym Particles,697.97,6.32,False
2025-12-13T16:00:00,Avengers Compound,Clean Water (L),2389.66,6.9,False
2025-12-13T16:00:00,Avengers Compound,Medical Kits,725.48,5.17,False
2025-12-13T17:00:00,New Asgard,Vibranium (kg),2417.58,5.39,False
2025-12-13T17:00:00,New Asgard,Arc Reactor Cores,692.47,6.47,False
2025-12-13T17:00:00,New Asgard,Pym Particles,702.68,5.93,False
2025-12-13T17:00:00,New Asgard,Clean Water (L),2391.68,6.47,False
2025-12-13T17:00:00,New Asgard,Medical Kits,722.96,4.85,False
2025-12-13T17:00:00,Wakanda,Vibranium (kg),2409.58,5.39,False
2025-12-13T17:00:00,Wakanda,Arc Reactor Cores,692.45,6.47,False
2025-12-13T17:00:00,Wakanda,Pym Particles,702.42,5.93,False
2025-12-13T17:00:00,Wakanda,Clean Water (L),2397.21,6.47,False
2025-12-13T17:00:00,Wakanda,Medical Kits,721.12,4.85,False
2025-12-13T17:00:00,Sokovia,Vibranium (kg),2411.18,5.39,False
2025-12-13T17:00:00,Sokovia,Arc Reactor Cores,691.37,6.47,False
2025-12-13T17:00:00,Sokovia,Pym Particles,703.04,5.93,False
2025-12-13T17:00:00,Sokovia,Clean Water (L),2391.97,6.47,False
2025-12-13T17:00:00,Sokovia,Medical Kits,723.78,4.85,False
2025-12-13T17:00:00,Sanctum Sanctorum,Vibranium (kg),2414.02,5.39,False
2025-12-13T17:00:00,Sanctum Sanctorum,Arc Reactor Cores,694.14,6.47,False
2025-12-13T17:00:00,Sanctum Sanctorum,Pym Particles,700.61,5.93,False
2025-12-13T17:00:00,Sanctum Sanctorum,Clean Water (L),2388.61,6.47,False
2025-12-13T17:00:00,Sanctum Sanctorum,Medical Kits,727.44,4.85,False
2025-12-13T17:00:00,Avengers Compound,Vibranium (kg),2411.66,5.39,False
2025-12-13T17:00:00,Avengers Compound,Arc Reactor Cores,693.46,6.47,False
2025-12-13T17:00:00,Avengers Compound,Pym Particles,697.46,5.93,False
2025-12-13T17:00:00,Avengers Compound,Clean Water (L),2390.01,6.47,False
2025-12-13T17:00:00,Avengers Compound,Medical Kits,725.52,4.85,False
2025-12-13T18:00:00,New Asgard,Vibranium (kg),2418.21,5.0,False
2025-12-13T18:00:00,New Asgard,Arc Reactor Cores,694.01,6.0,False
2025-12-13T18:00:00,New Asgard,Pym Particles,702.3,5.5,False
2025-12-13T18:00:00,New Asgard,Clean Water (L),2391.59,6.0,False
2025-12-13T18:00:00,New Asgard,Medical Kits,723.34,4.5,False
2025-12-13T18:00:00,Wakanda,Vibranium (kg),2410.08,5.0,False
2025-12-13T18:00:00,Wakanda,Arc Reactor Cores,693.07,6.0,False
2025-12-13T18:00:00,Wakanda,Pym Particles,704.01,5.5,False
2025-12-13T18:00:00,Wakanda,Clean Water (L),2397.69,6.0,False
2025-12-13T18:00:00,Wakanda,Medical Kits,721.86,4.5,False
2025-12-13T18:00:00,Sokovia,Vibranium (kg),2411.11,5.0,False
2025-12-13T18:00:00,Sokovia,Arc Reactor Cores,692.58,6.0,False
2025-12-13T18:00:00,Sokovia,Pym Particles,703.61,5.5,False
2025-12-13T18:00:00,Sokovia,Clean Water (L),2392.43,6.0,False
2025-12-13T18:00:00,Sokovia,Medical Kits,724.09,4.5,False
2025-12-13T18:00:00,Sanctum Sanctorum,Vibranium (kg),2413.89,5.0,False
2025-12-13T18:00:00,Sanctum Sanctorum,Arc Reactor Cores,692.78,6.0,False
2025-12-13T18:00:00,Sanctum Sanctorum,Pym Particles,701.5,5.5,False
2025-12-13T18:00:00,Sanctum Sanctorum,Clean Water (L),2389.17,6.0,False
2025-12-13T18:00:00,Sanctum Sanctorum,Medical Kits,728.3,4.5,False
2025-12-13T18:00:00,Avengers Compound,Vibranium (kg),2412.94,5.0,False
2025-12-13T18:00:00,Avengers Compound,Arc Reactor Cores,694.77,6.0,False
2025-12-13T18:00:00,Avengers Compound,Pym Particles,697.9,5.5,False
2025-12-13T18:00:00,Avengers Compound,Clean Water (L),2391.1,6.0,False
2025-12-13T18:00:00,Avengers Compound,Medical Kits,725.56,4.5,False
2025-12-13T19:00:00,New Asgard,Vibranium (kg),2419.45,4.61,False
2025-12-13T19:00:00,New Asgard,Arc Reactor Cores,695.44,5.53,False
2025-12-13T19:00:00,New Asgard,Pym Particles,703.16,5.07,False
2025-12-13T19:00:00,New Asgard,Clean Water (L),2392.02,5.53,False
2025-12-13T19:00:00,New Asgard,Medical Kits,725.25,4.15,False
2025-12-13T19:00:00,Wakanda,Vibranium (kg),2410.88,4.61,False
2025-12-13T19:00:00,Wakanda,Arc Reactor Cores,693.72,5.53,False
2025-12-13T19:00:00,Wakanda,Pym Particles,705.42,5.07,False
2025-12-13T19:00:00,Wakanda,Clean Water (L),2398.71,5.53,False
2025-12-13T19:00:00,Wakanda,Medical Kits,721.6,4.15,False
2025-12-13T19:00:00,Sokovia,Vibranium (kg),2412.32,4.61,False
2025-12-13T19:00:00,Sokovia,Arc Reactor Cores,694.1,5.53,False
2025-12-13T19:00:00,Sokovia,Pym Particles,703.73,5.07,False
2025-12-13T19:00:00,Sokovia,Clean Water (L),2394.27,5.53,False
2025-12-13T19:00:00,Sokovia,Medical Kits,723.84,4.15,False
2025-12-13T19:00:00,Sanctum Sanctorum,Vibranium (kg),2414.27,4.61,False
2025-12-13T19:00:00,Sanctum Sanctorum,Arc Reactor Cores,693.01,5.53,False
2025-12-13T19:00:00,Sanctum Sanctorum,Pym Particles,701.36,5.07,False
2025-12-13T19:00:00,Sanctum Sanctorum,Clean Water (L),2390.81,5.53,False
2025-12-13T19:00:00,Sanctum Sanctorum,Medical Kits,727.68,4.15,False
2025-12-13T19:00:00,Avengers Compound,Vibranium (kg),2412.88,4.61,False
2025-12-13T19:00:00,Avengers Compound,Arc Reactor Cores,695.57,5.53,False
2025-12-13T19:00:00,Avengers Compound,Pym Particles,698.51,5.07,False
2025-12-13T19:00:00,Avengers Compound,Clean Water (L),2391.05,5.53,False
2025-12-13T19:00:00,Avengers Compound,Medical Kits,725.65,4.15,False
2025-12-13T20:00:00,New Asgard,Vibranium (kg),2421.54,4.25,False
2025-12-13T20:00:00,New Asgard,Arc Reactor Cores,696.64,5.1,False
2025-12-13T20:00:00,New Asgard,Pym Particles,704.52,4.68,False
2025-12-13T20:00:00,New Asgard,Clean Water (L),2392.04,5.1,False
2025-12-13T20:00:00,New Asgard,Medical Kits,727.1,3.83,False
2025-12-13T20:00:00,Wakanda,Vibranium (kg),2413.83,4.25,False
2025-12-13T20:00:00,Wakanda,Arc Reactor Cores,695.36,5.1,False
2025-12-13T20:00:00,Wakanda,Pym Particles,707.27,4.68,False
2025-12-13T20:00:00,Wakanda,Clean Water (L),2399.66,5.1,False
2025-12-13T20:00:00,Wakanda,Medical Kits,724.22,3.83,False
2025-12-13T20:00:00,Sokovia,Vibranium (kg),2413.42,4.25,False
2025-12-13T20:00:00,Sokovia,Arc Reactor Cores,695.24,5.1,False
2025-12-13T20:00:00,Sokovia,Pym Particles,706.58,4.68,False
2025-12-13T20:00:00,Sokovia,Clean Water (L),2395.53,5.1,False
2025-12-13T20:00:00,Sokovia,Medical Kits,724.22,3.83,False
2025-12-13T20:00:00,Sanctum Sanctorum,Vibranium (kg),2416.49,4.25,False
2025-12-13T20:00:00,Sanctum Sanctorum,Arc Reactor Cores,694.93,5.1,False
2025-12-13T20:00:00,Sanctum Sanctorum,Pym Particles,702.79,4.68,False
2025-12-13T20:00:00,Sanctum Sanctorum,Clean Water (L),2392.87,5.1,False
2025-12-13T20:00:00,Sanctum Sanctorum,Medical Kits,727.21,3.83,False
2025-12-13T20:00:00,Avengers Compound,Vibranium (kg),2415.21,4.25,False
2025-12-13T20:00:00,Avengers Compound,Arc Reactor Cores,695.68,5.1,False
2025-12-13T20:00:00,Avengers Compound,Pym Particles,699.48,4.68,False
2025-12-13T20:00:00,Avengers Compound,Clean Water (L),2391.26,5.1,False
2025-12-13T20:00:00,Avengers Compound,Medical Kits,725.82,3.83,False
2025-12-13T21:00:00,New Asgard,Vibranium (kg),2421.33,3.94,False
2025-12-13T21:00:00,New Asgard,Arc Reactor Cores,698.13,4.73,False
2025-12-13T21:00:00,New Asgard,Pym Particles,706.08,4.33,False
2025-12-13T21:00:00,New Asgard,Clean Water (L),2393.63,4.73,False
2025-12-13T21:00:00,New Asgard,Medical Kits,728.16,3.55,False
2025-12-13T21:00:00,Wakanda,Vibranium (kg),2414.62,3.94,False
2025-12-13T21:00:00,Wakanda,Arc Reactor Cores,698.53,4.73,False
2025-12-13T21:00:00,Wakanda,Pym Particles,707.77,4.33,False
2025-12-13T21:00:00,Wakanda,Clean Water (L),2401.68,4.73,False
2025-12-13T21:00:00,Wakanda,Medical Kits,725.51,3.55,False
2025-12-13T21:00:00,Sokovia,Vibranium (kg),2415.93,3.94,False
2025-12-13T21:00:00,Sokovia,Arc Reactor Cores,696.45,4.73,False
2025-12-13T21:00:00,Sokovia,Pym Particles,707.88,4.33,False
2025-12-13T21:00:00,Sokovia,Clean Water (L),2398.71,4.73,False
2025-12-13T21:00:00,Sokovia,Medical Kits,726.04,3.55,False
2025-12-13T21:00:00,Sanctum Sanctorum,Vibranium (kg),2416.63,3.94,False
2025-12-13T21:00:00,Sanctum Sanctorum,Arc Reactor Cores,696.76,4.73,False
2025-12-13T21:00:00,Sanctum Sanctorum,Pym Particles,703.89,4.33,False
2025-12-13T21:00:00,Sanctum Sanctorum,Clean Water (L),2395.13,4.73,False
2025-12-13T21:00:00,Sanctum Sanctorum,Medical Kits,728.5,3.55,False
2025-12-13T21:00:00,Avengers Compound,Vibranium (kg),2416.37,3.94,False
2025-12-13T21:00:00,Avengers Compound,Arc Reactor Cores,696.77,4.73,False
2025-12-13T21:00:00,Avengers Compound,Pym Particles,701.1,4.33,False
2025-12-13T21:00:00,Avengers Compound,Clean Water (L),2392.48,4.73,False
2025-12-13T21:00:00,Avengers Compound,Medical Kits,725.68,3.55,False
2025-12-13T22:00:00,New Asgard,Vibranium (kg),2422.99,3.7,False
2025-12-13T22:00:00,New Asgard,Arc Reactor Cores,698.49,4.44,False
2025-12-13T22:00:00,New Asgard,Pym Particles,708.68,4.07,False
2025-12-13T22:00:00,New Asgard,Clean Water (L),2394.62,4.44,False
2025-12-13T22:00:00,New Asgard,Medical Kits,730.29,3.33,False
2025-12-13T22:00:00,Wakanda,Vibranium (kg),2416.1,3.7,False
2025-12-13T22:00:00,Wakanda,Arc Reactor Cores,698.98,4.44,False
2025-12-13T22:00:00,Wakanda,Pym Particles,709.11,4.07,False
2025-12-13T22:00:00,Wakanda,Clean Water (L),2404.21,4.44,False
2025-12-13T22:00:00,Wakanda,Medical Kits,728.65,3.33,False
2025-12-13T22:00:00,Sokovia,Vibranium (kg),2416.93,3.7,False
2025-12-13T22:00:00,Sokovia,Arc Reactor Cores,698.45,4.44,False
2025-12-13T22:00:00,Sokovia,Pym Particles,709.77,4.07,False
2025-12-13T22:00:00,Sokovia,Clean Water (L),2400.5,4.44,False
2025-12-13T22:00:00,Sokovia,Medical Kits,727.33,3.33,False
2025-12-13T22:00:00,Sanctum Sanctorum,Vibranium (kg),2417.49,3.7,False
2025-12-13T22:00:00,Sanctum Sanctorum,Arc Reactor Cores,698.46,4.44,False
2025-12-13T22:00:00,Sanctum Sanctorum,Pym Particles,704.5,4.07,False
2025-12-13T22:00:00,Sanctum Sanctorum,Clean Water (L),2396.2,4.44,False
2025-12-13T22:00:00,Sanctum Sanctorum,Medical Kits,728.8,3.33,False
2025-12-13T22:00:00,Avengers Compound,Vibranium (kg),2417.58,3.7,False
2025-12-13T22:00:00,Avengers Compound,Arc Reactor Cores,699.25,4.44,False
2025-12-13T22:00:00,Avengers Compound,Pym Particles,702.52,4.07,False
2025-12-13T22:00:00,Avengers Compound,Clean Water (L),2394.23,4.44,False
2025-12-13T22:00:00,Avengers Compound,Medical Kits,727.28,3.33,False
2025-12-13T23:00:00,New Asgard,Vibranium (kg),2424.45,3.55,False
2025-12-13T23:00:00,New Asgard,Arc Reactor Cores,700.23,4.26,False
2025-12-13T23:00:00,New Asgard,Pym Particles,708.91,3.91,False
2025-12-13T23:00:00,New Asgard,Clean Water (L),2396.58,4.26,False
2025-12-13T23:00:00,New Asgard,Medical Kits,731.37,3.2,False
2025-12-13T23:00:00,Wakanda,Vibranium (kg),2417.74,3.55,False
2025-12-13T23:00:00,Wakanda,Arc Reactor Cores,699.74,4.26,False
2025-12-13T23:00:00,Wakanda,Pym Particles,710.41,3.91,False
2025-12-13T23:00:00,Wakanda,Clean Water (L),2405.83,4.26,False
2025-12-13T23:00:00,Wakanda,Medical Kits,729.24,3.2,False
2025-12-13T23:00:00,Sokovia,Vibranium (kg),2418.27,3.55,False
2025-12-13T23:00:00,Sokovia,Arc Reactor Cores,698.56,4.26,False
2025-12-13T23:00:00,Sokovia,Pym Particles,710.04,3.91,False
2025-12-13T23:00:00,Sokovia,Clean Water (L),2401.72,4.26,False
2025-12-13T23:00:00,Sokovia,Medical Kits,728.13,3.2,False
2025-12-13T23:00:00,Sanctum Sanctorum,Vibranium (kg),2419.53,3.55,False
2025-12-13T23:00:00,Sanctum Sanctorum,Arc Reactor Cores,698.39,4.26,False
2025-12-13T23:00:00,Sanctum Sanctorum,Pym Particles,706.66,3.91,False
2025-12-13T23:00:00,Sanctum Sanctorum,Clean Water (L),2397.75,4.26,False
2025-12-13T23:00:00,Sanctum Sanctorum,Medical Kits,730.1,3.2,False
2025-12-13T23:00:00,Avengers Compound,Vibranium (kg),2418.52,3.55,False
2025-12-13T23:00:00,Avengers Compound,Arc Reactor Cores,701.11,4.26,False
2025-12-13T23:00:00,Avengers Compound,Pym Particles,705.74,3.91,False
2025-12-13T23:00:00,Avengers Compound,Clean Water (L),2397.07,4.26,False
2025-12-13T23:00:00,Avengers Compound,Medical Kits,729.88,3.2,False
2025-12-14T00:00:00,New Asgard,Vibranium (kg),2424.84,3.5,False
2025-12-14T00:00:00,New Asgard,Arc Reactor Cores,702.35,4.2,False
2025-12-14T00:00:00,New Asgard,Pym Particles,711.24,3.85,False
2025-12-14T00:00:00,New Asgard,Clean Water (L),2398.72,4.2,False
2025-12-14T00:00:00,New Asgard,Medical Kits,731.04,3.15,False
2025-12-14T00:00:00,Wakanda,Vibranium (kg),2419.72,3.5,False
2025-12-14T00:00:00,Wakanda,Arc Reactor Cores,701.21,4.2,False
2025-12-14T00:00:00,Wakanda,Pym Particles,711.51,3.85,False
2025-12-14T00:00:00,Wakanda,Clean Water (L),2408.03,4.2,False
2025-12-14T00:00:00,Wakanda,Medical Kits,731.46,3.15,False
2025-12-14T00:00:00,Sokovia,Vibranium (kg),2420.9,3.5,False
2025-12-14T00:00:00,Sokovia,Arc Reactor Cores,699.84,4.2,False
2025-12-14T00:00:00,Sokovia,Pym Particles,711.01,3.85,False
2025-12-14T00:00:00,Sokovia,Clean Water (L),2403.45,4.2,False
2025-12-14T00:00:00,Sokovia,Medical Kits,729.08,3.15,False
2025-12-14T00:00:00,Sanctum Sanctorum,Vibranium (kg),2420.71,3.5,False
2025-12-14T00:00:00,Sanctum Sanctorum,Arc Reactor Cores,701.22,4.2,False
2025-12-14T00:00:00,Sanctum Sanctorum,Pym Particles,708.12,3.85,False
2025-12-14T00:00:00,Sanctum Sanctorum,Clean Water (L),2401.23,4.2,False
2025-12-14T00:00:00,Sanctum Sanctorum,Medical Kits,730.93,3.15,False
2025-12-14T00:00:00,Avengers Compound,Vibranium (kg),2418.4,3.5,False
2025-12-14T00:00:00,Avengers Compound,Arc Reactor Cores,701.82,4.2,False
2025-12-14T00:00:00,Avengers Compound,Pym Particles,706.48,3.85,False
2025-12-14T00:00:00,Avengers Compound,Clean Water (L),2400.73,4.2,False
2025-12-14T00:00:00,Avengers Compound,Medical Kits,729.64,3.15,False
2025-12-14T01:00:00,New Asgard,Vibranium (kg),2425.41,3.55,False
2025-12-14T01:00:00,New Asgard,Arc Reactor Cores,704.36,4.26,False
2025-12-14T01:00:00,New Asgard,Pym Particles,714.67,3.91,False
2025-12-14T01:00:00,New Asgard,Clean Water (L),2401.01,4.26,False
2025-12-14T01:00:00,New Asgard,Medical Kits,732.98,3.2,False
2025-12-14T01:00:00,Wakanda,Vibranium (kg),2422.14,3.55,False
2025-12-14T01:00:00,Wakanda,Arc Reactor Cores,703.04,4.26,False
2025-12-14T01:00:00,Wakanda,Pym Particles,713.47,3.91,False
2025-12-14T01:00:00,Wakanda,Clean Water (L),2408.43,4.26,False
2025-12-14T01:00:00,Wakanda,Medical Kits,732.27,3.2,False
2025-12-14T01:00:00,Sokovia,Vibranium (kg),2422.39,3.55,False
2025-12-14T01:00:00,Sokovia,Arc Reactor Cores,700.08,4.26,False
2025-12-14T01:00:00,Sokovia,Pym Particles,713.36,3.91,False
2025-12-14T01:00:00,Sokovia,Clean Water (L),2404.81,4.26,False
2025-12-14T01:00:00,Sokovia,Medical Kits,730.94,3.2,False
2025-12-14T01:00:00,Sanctum Sanctorum,Vibranium (kg),2422.33,3.55,False
2025-12-14T01:00:00,Sanctum Sanctorum,Arc Reactor Cores,701.08,4.26,False
2025-12-14T01:00:00,Sanctum Sanctorum,Pym Particles,709.63,3.91,False
2025-12-14T01:00:00,Sanctum Sanctorum,Clean Water (L),2402.43,4.26,False
2025-12-14T01:00:00,Sanctum Sanctorum,Medical Kits,732.08,3.2,False
2025-12-14T01:00:00,Avengers Compound,Vibranium (kg),2421.52,3.55,False
2025-12-14T01:00:00,Avengers Compound,Arc Reactor Cores,703.76,4.26,False
2025-12-14T01:00:00,Avengers Compound,Pym Particles,707.79,3.91,False
2025-12-14T01:00:00,Avengers Compound,Clean Water (L),2401.86,4.26,False
2025-12-14T01:00:00,Avengers Compound,Medical Kits,730.74,3.2,False
2025-12-14T02:00:00,New Asgard,Vibranium (kg),2426.68,3.7,False
2025-12-14T02:00:00,New Asgard,Arc Reactor Cores,704.87,4.44,False
2025-12-14T02:00:00,New Asgard,Pym Particles,715.74,4.07,False
2025-12-14T02:00:00,New Asgard,Clean Water (L),2402.09,4.44,False
2025-12-14T02:00:00,New Asgard,Medical Kits,734.08,3.33,False
2025-12-14T02:00:00,Wakanda,Vibranium (kg),2423.18,3.7,False
2025-12-14T02:00:00,Wakanda,Arc Reactor Cores,704.19,4.44,False
2025-12-14T02:00:00,Wakanda,Pym Particles,715.05,4.07,False
2025-12-14T02:00:00,Wakanda,Clean Water (L),2410.24,4.44,False
2025-12-14T02:00:00,Wakanda,Medical Kits,733.7,3.33,False
2025-12-14T02:00:00,Sokovia,Vibranium (kg),2422.9,3.7,False
2025-12-14T02:00:00,Sokovia,Arc Reactor Cores,701.9,4.44,False
2025-12-14T02:00:00,Sokovia,Pym Particles,714.82,4.07,False
2025-12-14T02:00:00,Sokovia,Clean Water (L),2406.99,4.44,False
2025-12-14T02:00:00,Sokovia,Medical Kits,731.62,3.33,False
2025-12-14T02:00:00,Sanctum Sanctorum,Vibranium (kg),2423.09,3.7,False
2025-12-14T02:00:00,Sanctum Sanctorum,Arc Reactor Cores,701.42,4.44,False
2025-12-14T02:00:00,Sanctum Sanctorum,Pym Particles,710.72,4.07,False
2025-12-14T02:00:00,Sanctum Sanctorum,Clean Water (L),2404.85,4.44,False
2025-12-14T02:00:00,Sanctum Sanctorum,Medical Kits,733.19,3.33,False
2025-12-14T02:00:00,Avengers Compound,Vibranium (kg),2423.67,3.7,False
2025-12-14T02:00:00,Avengers Compound,Arc Reactor Cores,705.3,4.44,False
2025-12-14T02:00:00,Avengers Compound,Pym Particles,708.25,4.07,False
2025-12-14T02:00:00,Avengers Compound,Clean Water (L),2402.68,4.44,False
2025-12-14T02:00:00,Avengers Compound,Medical Kits,732.77,3.33,False
2025-12-14T03:00:00,New Asgard,Vibranium (kg),2427.71,3.94,False
2025-12-14T03:00:00,New Asgard,Arc Reactor Cores,704.63,4.73,False
2025-12-14T03:00:00,New Asgard,Pym Particles,716.88,4.33,False
2025-12-14T03:00:00,New Asgard,Clean Water (L),2403.76,4.73,False
2025-12-14T03:00:00,New Asgard,Medical Kits,734.67,3.55,False
2025-12-14T03:00:00,Wakanda,Vibranium (kg),2423.41,3.94,False
2025-12-14T03:00:00,Wakanda,Arc Reactor Cores,705.1,4.73,False
2025-12-14T03:00:00,Wakanda,Pym Particles,715.66,4.33,False
2025-12-14T03:00:00,Wakanda,Clean Water (L),2410.92,4.73,False
2025-12-14T03:00:00,Wakanda,Medical Kits,733.52,3.55,False
2025-12-14T03:00:00,Sokovia,Vibranium (kg),2423.92,3.94,False
2025-12-14T03:00:00,Sokovia,Arc Reactor Cores,703.94,4.73,False
2025-12-14T03:00:00,Sokovia,Pym Particles,715.64,4.33,False
2025-12-14T03:00:00,Sokovia,Clean Water (L),2409.38,4.73,False
2025-12-14T03:00:00,Sokovia,Medical Kits,731.79,3.55,False
2025-12-14T03:00:00,Sanctum Sanctorum,Vibranium (kg),2423.78,3.94,False
2025-12-14T03:00:00,Sanctum Sanctorum,Arc Reactor Cores,703.48,4.73,False
2025-12-14T03:00:00,Sanctum Sanctorum,Pym Particles,710.17,4.33,False
2025-12-14T03:00:00,Sanctum Sanctorum,Clean Water (L),2406.93,4.73,False
2025-12-14T03:00:00,Sanctum Sanctorum,Medical Kits,734.03,3.55,False
2025-12-14T03:00:00,Avengers Compound,Vibranium (kg),2424.0,3.94,False
2025-12-14T03:00:00,Avengers Compound,Arc Reactor Cores,706.32,4.73,False
2025-12-14T03:00:00,Avengers Compound,Pym Particles,708.5,4.33,False
2025-12-14T03:00:00,Avengers Compound,Clean Water (L),2402.8,4.73,False
2025-12-14T03:00:00,Avengers Compound,Medical Kits,732.99,3.55,False
2025-12-14T04:00:00,New Asgard,Vibranium (kg),2427.84,4.25,False
2025-12-14T04:00:00,New Asgard,Arc Reactor Cores,706.94,5.1,False
2025-12-14T04:00:00,New Asgard,Pym Particles,718.38,4.68,False
2025-12-14T04:00:00,New Asgard,Clean Water (L),2405.56,5.1,False
2025-12-14T04:00:00,New Asgard,Medical Kits,735.56,3.83,False
2025-12-14T04:00:00,Wakanda,Vibranium (kg),2424.67,4.25,False
2025-12-14T04:00:00,Wakanda,Arc Reactor Cores,705.68,5.1,False
2025-12-14T04:00:00,Wakanda,Pym Particles,716.95,4.68,False
2025-12-14T04:00:00,Wakanda,Clean Water (L),2411.12,5.1,False
2025-12-14T04:00:00,Wakanda,Medical Kits,733.7,3.83,False
2025-12-14T04:00:00,Sokovia,Vibranium (kg),2424.67,4.25,False
2025-12-14T04:00:00,Sokovia,Arc Reactor Cores,706.02,5.1,False
2025-12-14T04:00:00,Sokovia,Pym Particles,715.83,4.68,False
2025-12-14T04:00:00,Sokovia,Clean Water (L),2410.18,5.1,False
2025-12-14T04:00:00,Sokovia,Medical Kits,731.9,3.83,False
2025-12-14T04:00:00,Sanctum Sanctorum,Vibranium (kg),2423.41,4.25,False
2025-12-14T04:00:00,Sanctum Sanctorum,Arc Reactor Cores,705.03,5.1,False
2025-12-14T04:00:00,Sanctum Sanctorum,Pym Particles,711.64,4.68,False
2025-12-14T04:00:00,Sanctum Sanctorum,Clean Water (L),2407.59,5.1,False
2025-12-14T04:00:00,Sanctum Sanctorum,Medical Kits,734.3,3.83,False
2025-12-14T04:00:00,Avengers Compound,Vibranium (kg),2424.3,4.25,False
2025-12-14T04:00:00,Avengers Compound,Arc Reactor Cores,707.39,5.1,False
2025-12-14T04:00:00,Avengers Compound,Pym Particles,709.33,4.68,False
2025-12-14T04:00:00,Avengers Compound,Clean Water (L),2404.24,5.1,False
2025-12-14T04:00:00,Avengers Compound,Medical Kits,732.49,3.83,False
2025-12-14T05:00:00,New Asgard,Vibranium (kg),2429.79,4.61,False
2025-12-14T05:00:00,New Asgard,Arc Reactor Cores,706.96,5.53,False
2025-12-14T05:00:00,New Asgard,Pym Particles,716.95,5.07,False
2025-12-14T05:00:00,New Asgard,Clean Water (L),2404.39,5.53,False
2025-12-14T05:00:00,New Asgard,Medical Kits,734.52,4.15,False
2025-12-14T05:00:00,Wakanda,Vibranium (kg),2425.61,4.61,False
2025-12-14T05:00:00,Wakanda,Arc Reactor Cores,705.95,5.53,False
2025-12-14T05:00:00,Wakanda,Pym Particles,717.12,5.07,False
2025-12-14T05:00:00,Wakanda,Clean Water (L),2411.84,5.53,False
2025-12-14T05:00:00,Wakanda,Medical Kits,734.62,4.15,False
2025-12-14T05:00:00,Sokovia,Vibranium (kg),2424.83,4.61,False
2025-12-14T05:00:00,Sokovia,Arc Reactor Cores,705.33,5.53,False
2025-12-14T05:00:00,Sokovia,Pym Particles,715.37,5.07,False
2025-12-14T05:00:00,Sokovia,Clean Water (L),2410.11,5.53,False
2025-12-14T05:00:00,Sokovia,Medical Kits,732.27,4.15,False
2025-12-14T05:00:00,Sanctum Sanctorum,Vibranium (kg),2423.93,4.61,False
2025-12-14T05:00:00,Sanctum Sanctorum,Arc Reactor Cores,705.27,5.53,False
2025-12-14T05:00:00,Sanctum Sanctorum,Pym Particles,712.2,5.07,False
2025-12-14T05:00:00,Sanctum Sanctorum,Clean Water (L),2406.58,5.53,False
2025-12-14T05:00:00,Sanctum Sanctorum,Medical Kits,734.04,4.15,False
2025-12-14T05:00:00,Avengers Compound,Vibranium (kg),2424.07,4.61,False
2025-12-14T05:00:00,Avengers Compound,Arc Reactor Cores,709.06,5.53,False
2025-12-14T05:00:00,Avengers Compound,Pym Particles,708.17,5.07,False
2025-12-14T05:00:00,Avengers Compound,Clean Water (L),2406.35,5.53,False
2025-12-14T05:00:00,Avengers Compound,Medical Kits,733.45,4.15,False
2025-12-14T06:00:00,New Asgard,Vibranium (kg),2430.37,5.0,False
2025-12-14T06:00:00,New Asgard,Arc Reactor Cores,706.91,6.0,False
2025-12-14T06:00:00,New Asgard,Pym Particles,716.3,5.5,False
2025-12-14T06:00:00,New Asgard,Clean Water (L),2404.12,6.0,False
2025-12-14T06:00:00,New Asgard,Medical Kits,734.08,4.5,False
2025-12-14T06:00:00,Wakanda,Vibranium (kg),2427.2,5.0,False
2025-12-14T06:00:00,Wakanda,Arc Reactor Cores,704.53,6.0,False
2025-12-14T06:00:00,Wakanda,Pym Particles,716.77,5.5,False
2025-12-14T06:00:00,Wakanda,Clean Water (L),2412.0,6.0,False
2025-12-14T06:00:00,Wakanda,Medical Kits,734.3,4.5,False
2025-12-14T06:00:00,Sokovia,Vibranium (kg),2424.8,5.0,False
2025-12-14T06:00:00,Sokovia,Arc Reactor Cores,704.84,6.0,False
2025-12-14T06:00:00,Sokovia,Pym Particles,714.88,5.5,False
2025-12-14T06:00:00,Sokovia,Clean Water (L),2408.8,6.0,False
2025-12-14T06:00:00,Sokovia,Medical Kits,733.56,4.5,False
2025-12-14T06:00:00,Sanctum Sanctorum,Vibranium (kg),2422.5,5.0,False
2025-12-14T06:00:00,Sanctum Sanctorum,Arc Reactor Cores,706.83,6.0,False
2025-12-14T06:00:00,Sanctum Sanctorum,Pym Particles,710.68,5.5,False
2025-12-14T06:00:00,Sanctum Sanctorum,Clean Water (L),2405.45,6.0,False
2025-12-14T06:00:00,Sanctum Sanctorum,Medical Kits,733.0,4.5,False
2025-12-14T06:00:00,Avengers Compound,Vibranium (kg),2425.16,5.0,False
2025-12-14T06:00:00,Avengers Compound,Arc Reactor Cores,706.9,6.0,False
2025-12-14T06:00:00,Avengers Compound,Pym Particles,709.08,5.5,False
2025-12-14T06:00:00,Avengers Compound,Clean Water (L),2406.7,6.0,False
2025-12-14T06:00:00,Avengers Compound,Medical Kits,733.79,4.5,False
2025-12-14T07:00:00,New Asgard,Vibranium (kg),2428.28,5.39,False
2025-12-14T07:00:00,New Asgard,Arc Reactor Cores,706.23,6.47,False
2025-12-14T07:00:00,New Asgard,Pym Particles,715.65,5.93,False
2025-12-14T07:00:00,New Asgard,Clean Water (L),2403.74,6.47,False
2025-12-14T07:00:00,New Asgard,Medical Kits,733.92,4.85,False
2025-12-14T07:00:00,Wakanda,Vibranium (kg),2424.84,5.39,False
2025-12-14T07:00:00,Wakanda,Arc Reactor Cores,704.29,6.47,False
2025-12-14T07:00:00,Wakanda,Pym Particles,717.53,5.93,False
2025-12-14T07:00:00,Wakanda,Clean Water (L),2412.17,6.47,False
2025-12-14T07:00:00,Wakanda,Medical Kits,733.76,4.85,False
2025-12-14T07:00:00,Sokovia,Vibranium (kg),2424.45,5.39,False
2025-12-14T07:00:00,Sokovia,Arc Reactor Cores,705.15,6.47,False
2025-12-14T07:00:00,Sokovia,Pym Particles,713.48,5.93,False
2025-12-14T07:00:00,Sokovia,Clean Water (L),2408.1,6.47,False
2025-12-14T07:00:00,Sokovia,Medical Kits,733.46,4.85,False
2025-12-14T07:00:00,Sanctum Sanctorum,Vibranium (kg),2422.21,5.39,False
2025-12-14T07:00:00,Sanctum Sanctorum,Arc Reactor Cores,706.97,6.47,False
2025-12-14T07:00:00,Sanctum Sanctorum,Pym Particles,710.61,5.93,False
2025-12-14T07:00:00,Sanctum Sanctorum,Clean Water (L),2404.05,6.47,False
2025-12-14T07:00:00,Sanctum Sanctorum,Medical Kits,731.7,4.85,False
2025-12-14T07:00:00,Avengers Compound,Vibranium (kg),2424.43,5.39,False
2025-12-14T07:00:00,Avengers Compound,Arc Reactor Cores,706.18,6.47,False
2025-12-14T07:00:00,Avengers Compound,Pym Particles,708.2,5.93,False
2025-12-14T07:00:00,Avengers Compound,Clean Water (L),2405.72,6.47,False
2025-12-14T07:00:00,Avengers Compound,Medical Kits,734.56,4.85,False
2025-12-14T08:00:00,New Asgard,Vibranium (kg),2426.25,5.75,False
2025-12-14T08:00:00,New Asgard,Arc Reactor Cores,704.74,6.9,False
2025-12-14T08:00:00,New Asgard,Pym Particles,715.86,6.32,False
2025-12-14T08:00:00,New Asgard,Clean Water (L),2402.0,6.9,False
2025-12-14T08:00:00,New Asgard,Medical Kits,733.73,5.17,False
2025-12-14T08:00:00,Wakanda,Vibranium (kg),2425.21,5.75,False
2025-12-14T08:00:00,Wakanda,Arc Reactor Cores,703.83,6.9,False
2025-12-14T08:00:00,Wakanda,Pym Particles,716.8,6.32,False
2025-12-14T08:00:00,Wakanda,Clean Water (L),2409.21,6.9,False
2025-12-14T08:00:00,Wakanda,Medical Kits,731.81,5.17,False
2025-12-14T08:00:00,Sokovia,Vibranium (kg),2423.65,5.75,False
2025-12-14T08:00:00,Sokovia,Arc Reactor Cores,703.7,6.9,False
2025-12-14T08:00:00,Sokovia,Pym Particles,713.04,6.32,False
2025-12-14T08:00:00,Sokovia,Clean Water (L),2405.59,6.9,False
2025-12-14T08:00:00,Sokovia,Medical Kits,732.0,5.17,False
2025-12-14T08:00:00,Sanctum Sanctorum,Vibranium (kg),2421.83,5.75,False
2025-12-14T08:00:00,Sanctum Sanctorum,Arc Reactor Cores,705.94,6.9,False
2025-12-14T08:00:00,Sanctum Sanctorum,Pym Particles,709.65,6.32,False
2025-12-14T08:00:00,Sanctum Sanctorum,Clean Water (L),2404.09,6.9,False
2025-12-14T08:00:00,Sanctum Sanctorum,Medical Kits,731.17,5.17,False
2025-12-14T08:00:00,Avengers Compound,Vibranium (kg),2422.19,5.75,False
2025-12-14T08:00:00,Avengers Compound,Arc Reactor Cores,705.77,6.9,False
2025-12-14T08:00:00,Avengers Compound,Pym Particles,707.54,6.32,False
2025-12-14T08:00:00,Avengers Compound,Clean Water (L),2404.2,6.9,False
2025-12-14T08:00:00,Avengers Compound,Medical Kits,734.5,5.17,False
2025-12-14T09:00:00,New Asgard,Vibranium (kg),2424.8,6.06,False
2025-12-14T09:00:00,New Asgard,Arc Reactor Cores,702.98,7.27,False
2025-12-14T09:00:00,New Asgard,Pym Particles,713.2,6.67,False
2025-12-14T09:00:00,New Asgard,Clean Water (L),2400.48,7.27,False
2025-12-14T09:00:00,New Asgard,Medical Kits,734.12,5.45,False
2025-12-14T09:00:00,Wakanda,Vibranium (kg),2424.57,6.06,False
2025-12-14T09:00:00,Wakanda,Arc Reactor Cores,701.73,7.27,False
2025-12-14T09:00:00,Wakanda,Pym Particles,715.64,6.67,False
2025-12-14T09:00:00,Wakanda,Clean Water (L),2408.79,7.27,False
2025-12-14T09:00:00,Wakanda,Medical Kits,729.24,5.45,False
2025-12-14T09:00:00,Sokovia,Vibranium (kg),2423.12,6.06,False
2025-12-14T09:00:00,Sokovia,Arc Reactor Cores,701.75,7.27,False
2025-12-14T09:00:00,Sokovia,Pym Particles,710.66,6.67,False
2025-12-14T09:00:00,Sokovia,Clean Water (L),2402.89,7.27,False
2025-12-14T09:00:00,Sokovia,Medical Kits,731.19,5.45,False
2025-12-14T09:00:00,Sanctum Sanctorum,Vibranium (kg),2421.22,6.06,False
2025-12-14T09:00:00,Sanctum Sanctorum,Arc Reactor Cores,704.99,7.27,False
2025-12-14T09:00:00,Sanctum Sanctorum,Pym Particles,708.48,6.67,False
2025-12-14T09:00:00,Sanctum Sanctorum,Clean Water (L),2402.89,7.27,False
2025-12-14T09:00:00,Sanctum Sanctorum,Medical Kits,729.96,5.45,False
2025-12-14T09:00:00,Avengers Compound,Vibranium (kg),2421.53,6.06,False
2025-12-14T09:00:00,Avengers Compound,Arc Reactor Cores,703.15,7.27,False
2025-12-14T09:00:00,Avengers Compound,Pym Particles,705.6,6.67,False
2025-12-14T09:00:00,Avengers Compound,Clean Water (L),2403.0,7.27,False
2025-12-14T09:00:00,Avengers Compound,Medical Kits,733.66,5.45,False
2025-12-14T10:00:00,New Asgard,Vibranium (kg),2423.19,6.3,False
2025-12-14T10:00:00,New Asgard,Arc Reactor Cores,701.48,7.56,False
2025-12-14T10:00:00,New Asgard,Pym Particles,712.0,6.93,False
2025-12-14T10:00:00,New Asgard,Clean Water (L),2398.84,7.56,False
2025-12-14T10:00:00,New Asgard,Medical Kits,731.88,5.67,False
2025-12-14T10:00:00,Wakanda,Vibranium (kg),2423.46,6.3,False
2025-12-14T10:00:00,Wakanda,Arc Reactor Cores,700.03,7.56,False
2025-12-14T10:00:00,Wakanda,Pym Particles,713.8,6.93,False
2025-12-14T10:00:00,Wakanda,Clean Water (L),2407.31,7.56,False
2025-12-14T10:00:00,Wakanda,Medical Kits,727.54,5.67,False
2025-12-14T10:00:00,Sokovia,Vibranium (kg),2422.79,6.3,False
2025-12-14T10:00:00,Sokovia,Arc Reactor Cores,700.9,7.56,False
2025-12-14T10:00:00,Sokovia,Pym Particles,709.59,6.93,False
2025-12-14T10:00:00,Sokovia,Clean Water (L),2401.0,7.56,False
2025-12-14T10:00:00,Sokovia,Medical Kits,730.38,5.67,False
2025-12-14T10:00:00,Sanctum Sanctorum,Vibranium (kg),2420.07,6.3,False
2025-12-14T10:00:00,Sanctum Sanctorum,Arc Reactor Cores,703.34,7.56,False
2025-12-14T10:00:00,Sanctum Sanctorum,Pym Particles,708.06,6.93,False
2025-12-14T10:00:00,Sanctum Sanctorum,Clean Water (L),2400.85,7.56,False
2025-12-14T10:00:00,Sanctum Sanctorum,Medical Kits,728.91,5.67,False
2025-12-14T10:00:00,Avengers Compound,Vibranium (kg),2419.9,6.3,False
2025-12-14T10:00:00,Avengers Compound,Arc Reactor Cores,700.87,7.56,False
2025-12-14T10:00:00,Avengers Compound,Pym Particles,704.83,6.93,False
2025-12-14T10:00:00,Avengers Compound,Clean Water (L),2402.01,7.56,False
2025-12-14T10:00:00,Avengers Compound,Medical Kits,733.15,5.67,False
2025-12-14T11:00:00,New Asgard,Vibranium (kg),2422.6,6.45,False
2025-12-14T11:00:00,New Asgard,Arc Reactor Cores,698.8,7.74,False
2025-12-14T11:00:00,New Asgard,Pym Particles,711.0,7.09,False
2025-12-14T11:00:00,New Asgard,Clean Water (L),2396.09,7.74,False
2025-12-14T11:00:00,New Asgard,Medical Kits,729.43,5.8,False
2025-12-14T11:00:00,Wakanda,Vibranium (kg),2421.48,6.45,False
2025-12-14T11:00:00,Wakanda,Arc Reactor Cores,698.08,7.74,False
2025-12-14T11:00:00,Wakanda,Pym Particles,711.45,7.09,False
2025-12-14T11:00:00,Wakanda,Clean Water (L),2404.8,7.74,False
2025-12-14T11:00:00,Wakanda,Medical Kits,725.87,5.8,False
2025-12-14T11:00:00,Sokovia,Vibranium (kg),2421.24,6.45,False
2025-12-14T11:00:00,Sokovia,Arc Reactor Cores,697.97,7.74,False
2025-12-14T11:00:00,Sokovia,Pym Particles,709.3,7.09,False
2025-12-14T11:00:00,Sokovia,Clean Water (L),2398.96,7.74,False
2025-12-14T11:00:00,Sokovia,Medical Kits,729.85,5.8,False
2025-12-14T11:00:00,Sanctum Sanctorum,Vibranium (kg),2418.18,6.45,False
2025-12-14T11:00:00,Sanctum Sanctorum,Arc Reactor Cores,701.14,7.74,False
2025-12-14T11:00:00,Sanctum Sanctorum,Pym Particles,706.56,7.09,False
2025-12-14T11:00:00,Sanctum Sanctorum,Clean Water (L),2397.36,7.74,False
2025-12-14T11:00:00,Sanctum Sanctorum,Medical Kits,728.23,5.8,False
2025-12-14T11:00:00,Avengers Compound,Vibranium (kg),2417.81,6.45,False
2025-12-14T11:00:00,Avengers Compound,Arc Reactor Cores,698.62,7.74,False
2025-12-14T11:00:00,Avengers Compound,Pym Particles,702.98,7.09,False
2025-12-14T11:00:00,Avengers Compound,Clean Water (L),2400.09,7.74,False
2025-12-14T11:00:00,Avengers Compound,Medical Kits,731.47,5.8,False
2025-12-14T12:00:00,New Asgard,Vibranium (kg),2420.47,6.5,False
2025-12-14T12:00:00,New Asgard,Arc Reactor Cores,696.08,7.8,False
2025-12-14T12:00:00,New Asgard,Pym Particles,709.36,7.15,False
2025-12-14T12:00:00,New Asgard,Clean Water (L),2395.04,7.8,False
2025-12-14T12:00:00,New Asgard,Medical Kits,726.98,5.85,False
2025-12-14T12:00:00,Wakanda,Vibranium (kg),2419.77,6.5,False
2025-12-14T12:00:00,Wakanda,Arc Reactor Cores,696.69,7.8,False
2025-12-14T12:00:00,Wakanda,Pym Particles,709.05,7.15,False
2025-12-14T12:00:00,Wakanda,Clean Water (L),2401.57,7.8,False
2025-12-14T12:00:00,Wakanda,Medical Kits,724.81,5.85,False
2025-12-14T12:00:00,Sokovia,Vibranium (kg),2420.67,6.5,False
2025-12-14T12:00:00,Sokovia,Arc Reactor Cores,696.18,7.8,False
2025-12-14T12:00:00,Sokovia,Pym Particles,708.88,7.15,False
2025-12-14T12:00:00,Sokovia,Clean Water (L),2397.18,7.8,False
2025-12-14T12:00:00,Sokovia,Medical Kits,728.08,5.85,False
2025-12-14T12:00:00,Sanctum Sanctorum,Vibranium (kg),2415.62,6.5,False
2025-12-14T12:00:00,Sanctum Sanctorum,Arc Reactor Cores,698.25,7.8,False
2025-12-14T12:00:00,Sanctum Sanctorum,Pym Particles,705.6,7.15,False
2025-12-14T12:00:00,Sanctum Sanctorum,Clean Water (L),2394.71,7.8,False
2025-12-14T12:00:00,Sanctum Sanctorum,Medical Kits,726.95,5.85,False
2025-12-14T12:00:00,Avengers Compound,Vibranium (kg),2417.35,6.5,False
2025-12-14T12:00:00,Avengers Compound,Arc Reactor Cores,697.16,7.8,False
2025-12-14T12:00:00,Avengers Compound,Pym Particles,701.51,7.15,False
2025-12-14T12:00:00,Avengers Compound,Clean Water (L),2398.61,7.8,False
2025-12-14T12:00:00,Avengers Compound,Medical Kits,730.33,5.85,False
2025-12-14T13:00:00,New Asgard,Vibranium (kg),2418.59,6.45,False
2025-12-14T13:00:00,New Asgard,Arc Reactor Cores,694.98,7.74,False
2025-12-14T13:00:00,New Asgard,Pym Particles,707.84,7.09,False
2025-12-14T13:00:00,New Asgard,Clean Water (L),2393.68,7.74,False
2025-12-14T13:00:00,New Asgard,Medical Kits,726.19,5.8,False
2025-12-14T13:00:00,Wakanda,Vibranium (kg),2418.66,6.45,False
2025-12-14T13:00:00,Wakanda,Arc Reactor Cores,695.02,7.74,False
2025-12-14T13:00:00,Wakanda,Pym Particles,707.37,7.09,False
2025-12-14T13:00:00,Wakanda,Clean Water (L),2398.26,7.74,False
2025-12-14T13:00:00,Wakanda,Medical Kits,723.58,5.8,False
2025-12-14T13:00:00,Sokovia,Vibranium (kg),2420.12,6.45,False
2025-12-14T13:00:00,Sokovia,Arc Reactor Cores,695.15,7.74,False
2025-12-14T13:00:00,Sokovia,Pym Particles,707.12,7.09,False
2025-12-14T13:00:00,Sokovia,Clean Water (L),2394.68,7.74,False
2025-12-14T13:00:00,Sokovia,Medical Kits,728.57,5.8,False
2025-12-14T13:00:00,Sanctum Sanctorum,Vibranium (kg),2414.76,6.45,False
2025-12-14T13:00:00,Sanctum Sanctorum,Arc Reactor Cores,697.36,7.74,False
2025-12-14T13:00:00,Sanctum Sanctorum,Pym Particles,704.72,7.09,False
2025-12-14T13:00:00,Sanctum Sanctorum,Clean Water (L),2392.34,7.74,False
2025-12-14T13:00:00,Sanctum Sanctorum,Medical Kits,726.11,5.8,False
2025-12-14T13:00:00,Avengers Compound,Vibranium (kg),2416.32,6.45,False
2025-12-14T13:00:00,Avengers Compound,Arc Reactor Cores,694.0,7.74,False
2025-12-14T13:00:00,Avengers Compound,Pym Particles,699.37,7.09,False
2025-12-14T13:00:00,Avengers Compound,Clean Water (L),2396.38,7.74,False
2025-12-14T13:00:00,Avengers Compound,Medical Kits,728.24,5.8,False
2025-12-14T14:00:00,New Asgard,Vibranium (kg),2418.27,6.3,False
2025-12-14T14:00:00,New Asgard,Arc Reactor Cores,693.39,7.56,False
2025-12-14T14:00:00,New Asgard,Pym Particles,705.64,6.93,False
2025-12-14T14:00:00,New Asgard,Clean Water (L),2392.57,7.56,False
2025-12-14T14:00:00,New Asgard,Medical Kits,725.12,5.67,False
2025-12-14T14:00:00,Wakanda,Vibranium (kg),2416.63,6.3,False
2025-12-14T14:00:00,Wakanda,Arc Reactor Cores,694.39,7.56,False
2025-12-14T14:00:00,Wakanda,Pym Particles,705.99,6.93,False
2025-12-14T14:00:00,Wakanda,Clean Water (L),2397.33,7.56,False
2025-12-14T14:00:00,Wakanda,Medical Kits,724.0,5.67,False
2025-12-14T14:00:00,Sokovia,Vibranium (kg),2419.13,6.3,False
2025-12-14T14:00:00,Sokovia,Arc Reactor Cores,694.79,7.56,False
2025-12-14T14:00:00,Sokovia,Pym Particles,706.58,6.93,False
2025-12-14T14:00:00,Sokovia,Clean Water (L),2393.0,7.56,False
2025-12-14T14:00:00,Sokovia,Medical Kits,726.12,5.67,False
2025-12-14T14:00:00,Sanctum Sanctorum,Vibranium (kg),2414.1,6.3,False
2025-12-14T14:00:00,Sanctum Sanctorum,Arc Reactor Cores,697.14,7.56,False
2025-12-14T14:00:00,Sanctum Sanctorum,Pym Particles,704.4,6.93,False
2025-12-14T14:00:00,Sanctum Sanctorum,Clean Water (L),2391.82,7.56,False
2025-12-14T14:00:00,Sanctum Sanctorum,Medical Kits,725.83,5.67,False
2025-12-14T14:00:00,Avengers Compound,Vibranium (kg),2415.3,6.3,False
2025-12-14T14:00:00,Avengers Compound,Arc Reactor Cores,693.15,7.56,False
2025-12-14T14:00:00,Avengers Compound,Pym Particles,697.57,6.93,False
2025-12-14T14:00:00,Avengers Compound,Clean Water (L),2393.8,7.56,False
2025-12-14T14:00:00,Avengers Compound,Medical Kits,726.62,5.67,False
2025-12-14T15:00:00,New Asgard,Vibranium (kg),2416.95,6.06,False
2025-12-14T15:00:00,New Asgard,Arc Reactor Cores,691.36,7.27,False
2025-12-14T15:00:00,New Asgard,Pym Particles,703.85,6.67,False
2025-12-14T15:00:00,New Asgard,Clean Water (L),2391.48,7.27,False
2025-12-14T15:00:00,New Asgard,Medical Kits,724.2,5.45,False
2025-12-14T15:00:00,Wakanda,Vibranium (kg),2414.82,6.06,False
2025-12-14T15:00:00,Wakanda,Arc Reactor Cores,693.56,7.27,False
2025-12-14T15:00:00,Wakanda,Pym Particles,705.74,6.67,False
2025-12-14T15:00:00,Wakanda,Clean Water (L),2395.88,7.27,False
2025-12-14T15:00:00,Wakanda,Medical Kits,722.83,5.45,False
2025-12-14T15:00:00,Sokovia,Vibranium (kg),2418.72,6.06,False
2025-12-14T15:00:00,Sokovia,Arc Reactor Cores,692.65,7.27,False
2025-12-14T15:00:00,Sokovia,Pym Particles,706.34,6.67,False
2025-12-14T15:00:00,Sokovia,Clean Water (L),2393.16,7.27,False
2025-12-14T15:00:00,Sokovia,Medical Kits,724.57,5.45,False
2025-12-14T15:00:00,Sanctum Sanctorum,Vibranium (kg),2413.3,6.06,False
2025-12-14T15:00:00,Sanctum Sanctorum,Arc Reactor Cores,697.23,7.27,False
2025-12-14T15:00:00,Sanctum Sanctorum,Pym Particles,704.59,6.67,False
2025-12-14T15:00:00,Sanctum Sanctorum,Clean Water (L),2392.1,7.27,False
2025-12-14T15:00:00,Sanctum Sanctorum,Medical Kits,723.91,5.45,False
2025-12-14T15:00:00,Avengers Compound,Vibranium (kg),2413.62,6.06,False
2025-12-14T15:00:00,Avengers Compound,Arc Reactor Cores,690.79,7.27,False
2025-12-14T15:00:00,Avengers Compound,Pym Particles,697.08,6.67,False
2025-12-14T15:00:00,Avengers Compound,Clean Water (L),2394.41,7.27,False
2025-12-14T15:00:00,Avengers Compound,Medical Kits,726.44,5.45,False
2025-12-14T16:00:00,New Asgard,Vibranium (kg),2416.72,5.75,False
2025-12-14T16:00:00,New Asgard,Arc Reactor Cores,691.7,6.9,False
2025-12-14T16:00:00,New Asgard,Pym Particles,703.54,6.32,False
2025-12-14T16:00:00,New Asgard,Clean Water (L),2392.04,6.9,False
2025-12-14T16:00:00,New Asgard,Medical Kits,724.21,5.17,False
2025-12-14T16:00:00,Wakanda,Vibranium (kg),2413.73,5.75,False
2025-12-14T16:00:00,Wakanda,Arc Reactor Cores,691.85,6.9,False
2025-12-14T16:00:00,Wakanda,Pym Particles,703.61,6.32,False
2025-12-14T16:00:00,Wakanda,Clean Water (L),2394.49,6.9,False
2025-12-14T16:00:00,Wakanda,Medical Kits,723.26,5.17,False
2025-12-14T16:00:00,Sokovia,Vibranium (kg),2417.91,5.75,False
2025-12-14T16:00:00,Sokovia,Arc Reactor Cores,693.61,6.9,False
2025-12-14T16:00:00,Sokovia,Pym Particles,706.06,6.32,False
2025-12-14T16:00:00,Sokovia,Clean Water (L),2393.1,6.9,False
2025-12-14T16:00:00,Sokovia,Medical Kits,723.03,5.17,False
2025-12-14T16:00:00,Sanctum Sanctorum,Vibranium (kg),2412.24,5.75,False
2025-12-14T16:00:00,Sanctum Sanctorum,Arc Reactor Cores,696.16,6.9,False
2025-12-14T16:00:00,Sanctum Sanctorum,Pym Particles,704.07,6.32,False
2025-12-14T16:00:00,Sanctum Sanctorum,Clean Water (L),2391.03,6.9,False
2025-12-14T16:00:00,Sanctum Sanctorum,Medical Kits,723.03,5.17,False
2025-12-14T16:00:00,Avengers Compound,Vibranium (kg),2414.31,5.75,False
2025-12-14T16:00:00,Avengers Compound,Arc Reactor Cores,690.25,6.9,False
2025-12-14T16:00:00,Avengers Compound,Pym Particles,698.0,6.32,False
2025-12-14T16:00:00,Avengers Compound,Clean Water (L),2393.28,6.9,False
2025-12-14T16:00:00,Avengers Compound,Medical Kits,726.46,5.17,False
2025-12-14T17:00:00,New Asgard,Vibranium (kg),2416.0,5.39,False
2025-12-14T17:00:00,New Asgard,Arc Reactor Cores,690.69,6.47,False
2025-12-14T17:00:00,New Asgard,Pym Particles,702.57,5.93,False
2025-12-14T17:00:00,New Asgard,Clean Water (L),2391.71,6.47,False
2025-12-14T17:00:00,New Asgard,Medical Kits,724.1,4.85,False
2025-12-14T17:00:00,Wakanda,Vibranium (kg),2412.44,5.39,False
2025-12-14T17:00:00,Wakanda,Arc Reactor Cores,690.39,6.47,False
2025-12-14T17:00:00,Wakanda,Pym Particles,703.16,5.93,False
2025-12-14T17:00:00,Wakanda,Clean Water (L),2394.24,6.47,False
2025-12-14T17:00:00,Wakanda,Medical Kits,724.52,4.85,False
2025-12-14T17:00:00,Sokovia,Vibranium (kg),2417.44,5.39,False
2025-12-14T17:00:00,Sokovia,Arc Reactor Cores,694.19,6.47,False
2025-12-14T17:00:00,Sokovia,Pym Particles,706.41,5.93,False
2025-12-14T17:00:00,Sokovia,Clean Water (L),2393.09,6.47,False
2025-12-14T17:00:00,Sokovia,Medical Kits,723.26,4.85,False
2025-12-14T17:00:00,Sanctum Sanctorum,Vibranium (kg),2413.13,5.39,False
2025-12-14T17:00:00,Sanctum Sanctorum,Arc Reactor Cores,696.75,6.47,False
2025-12-14T17:00:00,Sanctum Sanctorum,Pym Particles,704.32,5.93,False
2025-12-14T17:00:00,Sanctum Sanctorum,Clean Water (L),2390.48,6.47,False
2025-12-14T17:00:00,Sanctum Sanctorum,Medical Kits,724.42,4.85,False
2025-12-14T17:00:00,Avengers Compound,Vibranium (kg),2414.65,5.39,False
2025-12-14T17:00:00,Avengers Compound,Arc Reactor Cores,690.45,6.47,False
2025-12-14T17:00:00,Avengers Compound,Pym Particles,698.92,5.93,False
2025-12-14T17:00:00,Avengers Compound,Clean Water (L),2392.49,6.47,False
2025-12-14T17:00:00,Avengers Compound,Medical Kits,726.97,4.85,False
2025-12-14T18:00:00,New Asgard,Vibranium (kg),2414.99,5.0,False
2025-12-14T18:00:00,New Asgard,Arc Reactor Cores,690.76,6.0,False
2025-12-14T18:00:00,New Asgard,Pym Particles,702.96,5.5,False
2025-12-14T18:00:00,New Asgard,Clean Water (L),2390.83,6.0,False
2025-12-14T18:00:00,New Asgard,Medical Kits,723.54,4.5,False
2025-12-14T18:00:00,Wakanda,Vibranium (kg),2412.13,5.0,False
2025-12-14T18:00:00,Wakanda,Arc Reactor Cores,691.86,6.0,False
2025-12-14T18:00:00,Wakanda,Pym Particles,703.03,5.5,False
2025-12-14T18:00:00,Wakanda,Clean Water (L),2394.92,6.0,False
2025-12-14T18:00:00,Wakanda,Medical Kits,724.95,4.5,False
2025-12-14T18:00:00,Sokovia,Vibranium (kg),2417.65,5.0,False
2025-12-14T18:00:00,Sokovia,Arc Reactor Cores,695.05,6.0,False
2025-12-14T18:00:00,Sokovia,Pym Particles,706.81,5.5,False
2025-12-14T18:00:00,Sokovia,Clean Water (L),2392.51,6.0,False
2025-12-14T18:00:00,Sokovia,Medical Kits,723.31,4.5,False
2025-12-14T18:00:00,Sanctum Sanctorum,Vibranium (kg),2414.5,5.0,False
2025-12-14T18:00:00,Sanctum Sanctorum,Arc Reactor Cores,697.44,6.0,False
2025-12-14T18:00:00,Sanctum Sanctorum,Pym Particles,704.76,5.5,False
2025-12-14T18:00:00,Sanctum Sanctorum,Clean Water (L),2391.15,6.0,False
2025-12-14T18:00:00,Sanctum Sanctorum,Medical Kits,725.07,4.5,False
2025-12-14T18:00:00,Avengers Compound,Vibranium (kg),2414.6,5.0,False
2025-12-14T18:00:00,Avengers Compound,Arc Reactor Cores,690.5,6.0,False
2025-12-14T18:00:00,Avengers Compound,Pym Particles,700.0,5.5,False
2025-12-14T18:00:00,Avengers Compound,Clean Water (L),2392.31,6.0,False
2025-12-14T18:00:00,Avengers Compound,Medical Kits,727.4,4.5,False
2025-12-14T19:00:00,New Asgard,Vibranium (kg),2416.02,4.61,False
2025-12-14T19:00:00,New Asgard,Arc Reactor Cores,690.95,5.53,False
2025-12-14T19:00:00,New Asgard,Pym Particles,704.52,5.07,False
2025-12-14T19:00:00,New Asgard,Clean Water (L),2392.16,5.53,False
2025-12-14T19:00:00,New Asgard,Medical Kits,724.13,4.15,False
2025-12-14T19:00:00,Wakanda,Vibranium (kg),2413.8,4.61,False
2025-12-14T19:00:00,Wakanda,Arc Reactor Cores,691.37,5.53,False
2025-12-14T19:00:00,Wakanda,Pym Particles,703.11,5.07,False
2025-12-14T19:00:00,Wakanda,Clean Water (L),2396.69,5.53,False
2025-12-14T19:00:00,Wakanda,Medical Kits,724.94,4.15,False
2025-12-14T19:00:00,Sokovia,Vibranium (kg),2418.87,4.61,False
2025-12-14T19:00:00,Sokovia,Arc Reactor Cores,695.65,5.53,False
2025-12-14T19:00:00,Sokovia,Pym Particles,708.19,5.07,False
2025-12-14T19:00:00,Sokovia,Clean Water (L),2394.51,5.53,False
2025-12-14T19:00:00,Sokovia,Medical Kits,725.37,4.15,False
2025-12-14T19:00:00,Sanctum Sanctorum,Vibranium (kg),2415.06,4.61,False
2025-12-14T19:00:00,Sanctum Sanctorum,Arc Reactor Cores,696.48,5.53,False
2025-12-14T19:00:00,Sanctum Sanctorum,Pym Particles,705.69,5.07,False
2025-12-14T19:00:00,Sanctum Sanctorum,Clean Water (L),2390.95,5.53,False
2025-12-14T19:00:00,Sanctum Sanctorum,Medical Kits,724.95,4.15,False
2025-12-14T19:00:00,Avengers Compound,Vibranium (kg),2416.68,4.61,False
2025-12-14T19:00:00,Avengers Compound,Arc Reactor Cores,690.02,5.53,False
2025-12-14T19:00:00,Avengers Compound,Pym Particles,702.17,5.07,False
2025-12-14T19:00:00,Avengers Compound,Clean Water (L),2393.4,5.53,False
2025-12-14T19:00:00,Avengers Compound,Medical Kits,726.24,4.15,False
2025-12-14T20:00:00,New Asgard,Vibranium (kg),2417.25,4.25,False
2025-12-14T20:00:00,New Asgard,Arc Reactor Cores,691.6,5.1,False
2025-12-14T20:00:00,New Asgard,Pym Particles,704.77,4.68,False
2025-12-14T20:00:00,New Asgard,Clean Water (L),2394.49,5.1,False
2025-12-14T20:00:00,New Asgard,Medical Kits,725.67,3.83,False
2025-12-14T20:00:00,Wakanda,Vibranium (kg),2414.36,4.25,False
2025-12-14T20:00:00,Wakanda,Arc Reactor Cores,692.86,5.1,False
2025-12-14T20:00:00,Wakanda,Pym Particles,705.64,4.68,False
2025-12-14T20:00:00,Wakanda,Clean Water (L),2398.07,5.1,False
2025-12-14T20:00:00,Wakanda,Medical Kits,724.25,3.83,False
2025-12-14T20:00:00,Sokovia,Vibranium (kg),2420.79,4.25,False
2025-12-14T20:00:00,Sokovia,Arc Reactor Cores,696.77,5.1,False
2025-12-14T20:00:00,Sokovia,Pym Particles,709.55,4.68,False
2025-12-14T20:00:00,Sokovia,Clean Water (L),2396.09,5.1,False
2025-12-14T20:00:00,Sokovia,Medical Kits,727.58,3.83,False
2025-12-14T20:00:00,Sanctum Sanctorum,Vibranium (kg),2416.57,4.25,False
2025-12-14T20:00:00,Sanctum Sanctorum,Arc Reactor Cores,696.14,5.1,False
2025-12-14T20:00:00,Sanctum Sanctorum,Pym Particles,705.33,4.68,False
2025-12-14T20:00:00,Sanctum Sanctorum,Clean Water (L),2392.74,5.1,False
2025-12-14T20:00:00,Sanctum Sanctorum,Medical Kits,725.69,3.83,False
2025-12-14T20:00:00,Avengers Compound,Vibranium (kg),2418.42,4.25,False
2025-12-14T20:00:00,Avengers Compound,Arc Reactor Cores,692.05,5.1,False
2025-12-14T20:00:00,Avengers Compound,Pym Particles,702.5,4.68,False
2025-12-14T20:00:00,Avengers Compound,Clean Water (L),2393.66,5.1,False
2025-12-14T20:00:00,Avengers Compound,Medical Kits,726.01,3.83,False
2025-12-14T21:00:00,New Asgard,Vibranium (kg),2419.33,3.94,False
2025-12-14T21:00:00,New Asgard,Arc Reactor Cores,694.68,4.73,False
2025-12-14T21:00:00,New Asgard,Pym Particles,707.65,4.33,False
2025-12-14T21:00:00,New Asgard,Clean Water (L),2396.25,4.73,False
2025-12-14T21:00:00,New Asgard,Medical Kits,727.07,3.55,False
2025-12-14T21:00:00,Wakanda,Vibranium (kg),2416.01,3.94,False
2025-12-14T21:00:00,Wakanda,Arc Reactor Cores,693.87,4.73,False
2025-12-14T21:00:00,Wakanda,Pym Particles,706.24,4.33,False
2025-12-14T21:00:00,Wakanda,Clean Water (L),2399.36,4.73,False
2025-12-14T21:00:00,Wakanda,Medical Kits,727.2,3.55,False
2025-12-14T21:00:00,Sokovia,Vibranium (kg),2423.73,3.94,False
2025-12-14T21:00:00,Sokovia,Arc Reactor Cores,697.09,4.73,False
2025-12-14T21:00:00,Sokovia,Pym Particles,710.05,4.33,False
2025-12-14T21:00:00,Sokovia,Clean Water (L),2398.34,4.73,False
2025-12-14T21:00:00,Sokovia,Medical Kits,727.66,3.55,False
2025-12-14T21:00:00,Sanctum Sanctorum,Vibranium (kg),2417.66,3.94,False
2025-12-14T21:00:00,Sanctum Sanctorum,Arc Reactor Cores,698.34,4.73,False
2025-12-14T21:00:00,Sanctum Sanctorum,Pym Particles,706.8,4.33,False
2025-12-14T21:00:00,Sanctum Sanctorum,Clean Water (L),2395.02,4.73,False
2025-12-14T21:00:00,Sanctum Sanctorum,Medical Kits,727.29,3.55,False
2025-12-14T21:00:00,Avengers Compound,Vibranium (kg),2419.2,3.94,False
2025-12-14T21:00:00,Avengers Compound,Arc Reactor Cores,693.71,4.73,False
2025-12-14T21:00:00,Avengers Compound,Pym Particles,703.14,4.33,False
2025-12-14T21:00:00,Avengers Compound,Clean Water (L),2394.55,4.73,False
2025-12-14T21:00:00,Avengers Compound,Medical Kits,727.62,3.55,False
2025-12-14T22:00:00,New Asgard,Vibranium (kg),2420.04,3.7,False
2025-12-14T22:00:00,New Asgard,Arc Reactor Cores,696.1,4.44,False
2025-12-14T22:00:00,New Asgard,Pym Particles,707.7,4.07,False
2025-12-14T22:00:00,New Asgard,Clean Water (L),2397.73,4.44,False
2025-12-14T22:00:00,New Asgard,Medical Kits,729.46,3.33,False
2025-12-14T22:00:00,Wakanda,Vibranium (kg),2418.7,3.7,False
2025-12-14T22:00:00,Wakanda,Arc Reactor Cores,695.93,4.44,False
2025-12-14T22:00:00,Wakanda,Pym Particles,706.15,4.07,False
2025-12-14T22:00:00,Wakanda,Clean Water (L),2400.91,4.44,False
2025-12-14T22:00:00,Wakanda,Medical Kits,727.89,3.33,False
2025-12-14T22:00:00,Sokovia,Vibranium (kg),2424.2,3.7,False
2025-12-14T22:00:00,Sokovia,Arc Reactor Cores,697.91,4.44,False
2025-12-14T22:00:00,Sokovia,Pym Particles,712.59,4.07,False
2025-12-14T22:00:00,Sokovia,Clean Water (L),2400.13,4.44,False
2025-12-14T22:00:00,Sokovia,Medical Kits,730.51,3.33,False
2025-12-14T22:00:00,Sanctum Sanctorum,Vibranium (kg),2419.95,3.7,False
2025-12-14T22:00:00,Sanctum Sanctorum,Arc Reactor Cores,699.46,4.44,False
2025-12-14T22:00:00,Sanctum Sanctorum,Pym Particles,708.99,4.07,False
2025-12-14T22:00:00,Sanctum Sanctorum,Clean Water (L),2396.82,4.44,False
2025-12-14T22:00:00,Sanctum Sanctorum,Medical Kits,728.18,3.33,False
2025-12-14T22:00:00,Avengers Compound,Vibranium (kg),2421.75,3.7,False
2025-12-14T22:00:00,Avengers Compound,Arc Reactor Cores,695.89,4.44,False
2025-12-14T22:00:00,Avengers Compound,Pym Particles,705.05,4.07,False
2025-12-14T22:00:00,Avengers Compound,Clean Water (L),2396.23,4.44,False
2025-12-14T22:00:00,Avengers Compound,Medical Kits,728.2,3.33,False
2025-12-14T23:00:00,New Asgard,Vibranium (kg),2421.75,3.55,False
2025-12-14T23:00:00,New Asgard,Arc Reactor Cores,699.56,4.26,False
2025-12-14T23:00:00,New Asgard,Pym Particles,708.0,3.91,False
2025-12-14T23:00:00,New Asgard,Clean Water (L),2399.67,4.26,False
2025-12-14T23:00:00,New Asgard,Medical Kits,730.65,3.2,False
2025-12-14T23:00:00,Wakanda,Vibranium (kg),2420.93,3.55,False
2025-12-14T23:00:00,Wakanda,Arc Reactor Cores,697.83,4.26,False
2025-12-14T23:00:00,Wakanda,Pym Particles,709.08,3.91,False
2025-12-14T23:00:00,Wakanda,Clean Water (L),2403.84,4.26,False
2025-12-14T23:00:00,Wakanda,Medical Kits,729.19,3.2,False
2025-12-14T23:00:00,Sokovia,Vibranium (kg),2424.43,3.55,False
2025-12-14T23:00:00,Sokovia,Arc Reactor Cores,699.82,4.26,False
2025-12-14T23:00:00,Sokovia,Pym Particles,712.96,3.91,False
2025-12-14T23:00:00,Sokovia,Clean Water (L),2401.45,4.26,False
2025-12-14T23:00:00,Sokovia,Medical Kits,732.77,3.2,False
2025-12-14T23:00:00,Sanctum Sanctorum,Vibranium (kg),2421.62,3.55,False
2025-12-14T23:00:00,Sanctum Sanctorum,Arc Reactor Cores,700.39,4.26,False
2025-12-14T23:00:00,Sanctum Sanctorum,Pym Particles,710.66,3.91,False
2025-12-14T23:00:00,Sanctum Sanctorum,Clean Water (L),2398.92,4.26,False
2025-12-14T23:00:00,Sanctum Sanctorum,Medical Kits,729.61,3.2,False
2025-12-14T23:00:00,Avengers Compound,Vibranium (kg),2423.16,3.55,False
2025-12-14T23:00:00,Avengers Compound,Arc Reactor Cores,698.82,4.26,False
2025-12-14T23:00:00,Avengers Compound,Pym Particles,705.34,3.91,False
2025-12-14T23:00:00,Avengers Compound,Clean Water (L),2399.63,4.26,False
2025-12-14T23:00:00,Avengers Compound,Medical Kits,730.02,3.2,False
2025-12-15T00:00:00,New Asgard,Vibranium (kg),2423.32,3.5,False
2025-12-15T00:00:00,New Asgard,Arc Reactor Cores,702.03,4.2,False
2025-12-15T00:00:00,New Asgard,Pym Particles,708.81,3.85,False
2025-12-15T00:00:00,New Asgard,Clean Water (L),2401.41,4.2,False
2025-12-15T00:00:00,New Asgard,Medical Kits,731.58,3.15,False
2025-12-15T00:00:00,Wakanda,Vibranium (kg),2423.12,3.5,False
2025-12-15T00:00:00,Wakanda,Arc Reactor Cores,700.32,4.2,False
2025-12-15T00:00:00,Wakanda,Pym Particles,709.97,3.85,False
2025-12-15T00:00:00,Wakanda,Clean Water (L),2406.67,4.2,False
2025-12-15T00:00:00,Wakanda,Medical Kits,730.91,3.15,False
2025-12-15T00:00:00,Sokovia,Vibranium (kg),2424.89,3.5,False
2025-12-15T00:00:00,Sokovia,Arc Reactor Cores,703.51,4.2,False
2025-12-15T00:00:00,Sokovia,Pym Particles,713.53,3.85,False
2025-12-15T00:00:00,Sokovia,Clean Water (L),2403.32,4.2,False
2025-12-15T00:00:00,Sokovia,Medical Kits,734.96,3.15,False
2025-12-15T00:00:00,Sanctum Sanctorum,Vibranium (kg),2421.95,3.5,False
2025-12-15T00:00:00,Sanctum Sanctorum,Arc Reactor Cores,703.61,4.2,False
2025-12-15T00:00:00,Sanctum Sanctorum,Pym Particles,713.1,3.85,False
2025-12-15T00:00:00,Sanctum Sanctorum,Clean Water (L),2401.99,4.2,False
2025-12-15T00:00:00,Sanctum Sanctorum,Medical Kits,732.35,3.15,False
2025-12-15T00:00:00,Avengers Compound,Vibranium (kg),2424.91,3.5,False
2025-12-15T00:00:00,Avengers Compound,Arc Reactor Cores,701.3,4.2,False
2025-12-15T00:00:00,Avengers Compound,Pym Particles,706.19,3.85,False
2025-12-15T00:00:00,Avengers Compound,Clean Water (L),2401.86,4.2,False
2025-12-15T00:00:00,Avengers Compound,Medical Kits,731.4,3.15,False
2025-12-15T01:00:00,New Asgard,Vibranium (kg),2424.35,3.55,False
2025-12-15T01:00:00,New Asgard,Arc Reactor Cores,705.22,4.26,False
2025-12-15T01:00:00,New Asgard,Pym Particles,710.24,3.91,False
2025-12-15T01:00:00,New Asgard,Clean Water (L),2402.57,4.26,False
2025-12-15T01:00:00,New Asgard,Medical Kits,731.34,3.2,False
2025-12-15T01:00:00,Wakanda,Vibranium (kg),2425.42,3.55,False
2025-12-15T01:00:00,Wakanda,Arc Reactor Cores,702.28,4.26,False
2025-12-15T01:00:00,Wakanda,Pym Particles,710.39,3.91,False
2025-12-15T01:00:00,Wakanda,Clean Water (L),2408.13,4.26,False
2025-12-15T01:00:00,Wakanda,Medical Kits,732.18,3.2,False
2025-12-15T01:00:00,Sokovia,Vibranium (kg),2427.32,3.55,False
2025-12-15T01:00:00,Sokovia,Arc Reactor Cores,705.95,4.26,False
2025-12-15T01:00:00,Sokovia,Pym Particles,715.45,3.91,False
2025-12-15T01:00:00,Sokovia,Clean Water (L),2403.47,4.26,False
2025-12-15T01:00:00,Sokovia,Medical Kits,735.25,3.2,False
2025-12-15T01:00:00,Sanctum Sanctorum,Vibranium (kg),2423.18,3.55,False
2025-12-15T01:00:00,Sanctum Sanctorum,Arc Reactor Cores,705.2,4.26,False
2025-12-15T01:00:00,Sanctum Sanctorum,Pym Particles,713.93,3.91,False
2025-12-15T01:00:00,Sanctum Sanctorum,Clean Water (L),2403.07,4.26,False
2025-12-15T01:00:00,Sanctum Sanctorum,Medical Kits,732.04,3.2,False
2025-12-15T01:00:00,Avengers Compound,Vibranium (kg),2426.06,3.55,False
2025-12-15T01:00:00,Avengers Compound,Arc Reactor Cores,702.52,4.26,False
2025-12-15T01:00:00,Avengers Compound,Pym Particles,708.1,3.91,False
2025-12-15T01:00:00,Avengers Compound,Clean Water (L),2403.16,4.26,False
2025-12-15T01:00:00,Avengers Compound,Medical Kits,733.5,3.2,False
2025-12-15T02:00:00,New Asgard,Vibranium (kg),2423.85,3.7,False
2025-12-15T02:00:00,New Asgard,Arc Reactor Cores,706.35,4.44,False
2025-12-15T02:00:00,New Asgard,Pym Particles,712.96,4.07,False
2025-12-15T02:00:00,New Asgard,Clean Water (L),2404.2,4.44,False
2025-12-15T02:00:00,New Asgard,Medical Kits,732.82,3.33,False
2025-12-15T02:00:00,Wakanda,Vibranium (kg),2428.07,3.7,False
2025-12-15T02:00:00,Wakanda,Arc Reactor Cores,703.37,4.44,False
2025-12-15T02:00:00,Wakanda,Pym Particles,710.29,4.07,False
2025-12-15T02:00:00,Wakanda,Clean Water (L),2407.36,4.44,False
2025-12-15T02:00:00,Wakanda,Medical Kits,733.55,3.33,False
2025-12-15T02:00:00,Sokovia,Vibranium (kg),2428.23,3.7,False
2025-12-15T02:00:00,Sokovia,Arc Reactor Cores,706.21,4.44,False
2025-12-15T02:00:00,Sokovia,Pym Particles,716.05,4.07,False
2025-12-15T02:00:00,Sokovia,Clean Water (L),2404.18,4.44,False
2025-12-15T02:00:00,Sokovia,Medical Kits,736.76,3.33,False
2025-12-15T02:00:00,Sanctum Sanctorum,Vibranium (kg),2424.54,3.7,False
2025-12-15T02:00:00,Sanctum Sanctorum,Arc Reactor Cores,705.74,4.44,False
2025-12-15T02:00:00,Sanctum Sanctorum,Pym Particles,714.92,4.07,False
2025-12-15T02:00:00,Sanctum Sanctorum,Clean Water (L),2403.27,4.44,False
2025-12-15T02:00:00,Sanctum Sanctorum,Medical Kits,733.11,3.33,False
2025-12-15T02:00:00,Avengers Compound,Vibranium (kg),2428.12,3.7,False
2025-12-15T02:00:00,Avengers Compound,Arc Reactor Cores,704.52,4.44,False
2025-12-15T02:00:00,Avengers Compound,Pym Particles,710.79,4.07,False
2025-12-15T02:00:00,Avengers Compound,Clean Water (L),2404.5,4.44,False
2025-12-15T02:00:00,Avengers Compound,Medical Kits,735.3,3.33,False
2025-12-15T03:00:00,New Asgard,Vibranium (kg),2425.32,3.94,False
2025-12-15T03:00:00,New Asgard,Arc Reactor Cores,708.12,4.73,False
2025-12-15T03:00:00,New Asgard,Pym Particles,714.78,4.33,False
2025-12-15T03:00:00,New Asgard,Clean Water (L),2407.18,4.73,False
2025-12-15T03:00:00,New Asgard,Medical Kits,734.1,3.55,False
2025-12-15T03:00:00,Wakanda,Vibranium (kg),2429.76,3.94,False
2025-12-15T03:00:00,Wakanda,Arc Reactor Cores,705.2,4.73,False
2025-12-15T03:00:00,Wakanda,Pym Particles,712.45,4.33,False
2025-12-15T03:00:00,Wakanda,Clean Water (L),2409.66,4.73,False
2025-12-15T03:00:00,Wakanda,Medical Kits,733.58,3.55,False
2025-12-15T03:00:00,Sokovia,Vibranium (kg),2430.76,3.94,False
2025-12-15T03:00:00,Sokovia,Arc Reactor Cores,706.59,4.73,False
2025-12-15T03:00:00,Sokovia,Pym Particles,717.03,4.33,False
2025-12-15T03:00:00,Sokovia,Clean Water (L),2403.59,4.73,False
2025-12-15T03:00:00,Sokovia,Medical Kits,737.32,3.55,False
2025-12-15T03:00:00,Sanctum Sanctorum,Vibranium (kg),2425.15,3.94,False
2025-12-15T03:00:00,Sanctum Sanctorum,Arc Reactor Cores,708.36,4.73,False
2025-12-15T03:00:00,Sanctum Sanctorum,Pym Particles,716.9,4.33,False
2025-12-15T03:00:00,Sanctum Sanctorum,Clean Water (L),2404.79,4.73,False
2025-12-15T03:00:00,Sanctum Sanctorum,Medical Kits,734.11,3.55,False
2025-12-15T03:00:00,Avengers Compound,Vibranium (kg),2430.28,3.94,False
2025-12-15T03:00:00,Avengers Compound,Arc Reactor Cores,704.54,4.73,False
2025-12-15T03:00:00,Avengers Compound,Pym Particles,711.45,4.33,False
2025-12-15T03:00:00,Avengers Compound,Clean Water (L),2405.24,4.73,False
2025-12-15T03:00:00,Avengers Compound,Medical Kits,736.01,3.55,False
2025-12-15T04:00:00,New Asgard,Vibranium (kg),2426.64,4.25,False
2025-12-15T04:00:00,New Asgard,Arc Reactor Cores,708.82,5.1,False
2025-12-15T04:00:00,New Asgard,Pym Particles,714.86,4.68,False
2025-12-15T04:00:00,New Asgard,Clean Water (L),2406.28,5.1,False
2025-12-15T04:00:00,New Asgard,Medical Kits,735.59,3.83,False
2025-12-15T04:00:00,Wakanda,Vibranium (kg),2429.75,4.25,False
2025-12-15T04:00:00,Wakanda,Arc Reactor Cores,707.33,5.1,False
2025-12-15T04:00:00,Wakanda,Pym Particles,712.39,4.68,False
2025-12-15T04:00:00,Wakanda,Clean Water (L),2409.91,5.1,False
2025-12-15T04:00:00,Wakanda,Medical Kits,735.42,3.83,False
2025-12-15T04:00:00,Sokovia,Vibranium (kg),2430.32,4.25,False
2025-12-15T04:00:00,Sokovia,Arc Reactor Cores,708.61,5.1,False
2025-12-15T04:00:00,Sokovia,Pym Particles,716.31,4.68,False
2025-12-15T04:00:00,Sokovia,Clean Water (L),2404.08,5.1,False
2025-12-15T04:00:00,Sokovia,Medical Kits,736.48,3.83,False
2025-12-15T04:00:00,Sanctum Sanctorum,Vibranium (kg),2424.26,4.25,False
2025-12-15T04:00:00,Sanctum Sanctorum,Arc Reactor Cores,708.16,5.1,False
2025-12-15T04:00:00,Sanctum Sanctorum,Pym Particles,717.84,4.68,False
2025-12-15T04:00:00,Sanctum Sanctorum,Clean Water (L),2405.07,5.1,False
2025-12-15T04:00:00,Sanctum Sanctorum,Medical Kits,734.15,3.83,False
2025-12-15T04:00:00,Avengers Compound,Vibranium (kg),2432.09,4.25,False
2025-12-15T04:00:00,Avengers Compound,Arc Reactor Cores,705.03,5.1,False
2025-12-15T04:00:00,Avengers Compound,Pym Particles,712.4,4.68,False
2025-12-15T04:00:00,Avengers Compound,Clean Water (L),2406.27,5.1,False
2025-12-15T04:00:00,Avengers Compound,Medical Kits,735.18,3.83,False
2025-12-15T05:00:00,New Asgard,Vibranium (kg),2424.87,4.61,False
2025-12-15T05:00:00,New Asgard,Arc Reactor Cores,708.29,5.53,False
2025-12-15T05:00:00,New Asgard,Pym Particles,715.87,5.07,False
2025-12-15T05:00:00,New Asgard,Clean Water (L),2405.43,5.53,False
2025-12-15T05:00:00,New Asgard,Medical Kits,734.73,4.15,False
2025-12-15T05:00:00,Wakanda,Vibranium (kg),2429.48,4.61,False
2025-12-15T05:00:00,Wakanda,Arc Reactor Cores,706.48,5.53,False
2025-12-15T05:00:00,Wakanda,Pym Particles,713.26,5.07,False
2025-12-15T05:00:00,Wakanda,Clean Water (L),2410.33,5.53,False
2025-12-15T05:00:00,Wakanda,Medical Kits,734.68,4.15,False
2025-12-15T05:00:00,Sokovia,Vibranium (kg),2429.91,4.61,False
2025-12-15T05:00:00,Sokovia,Arc Reactor Cores,706.83,5.53,False
2025-12-15T05:00:00,Sokovia,Pym Particles,715.09,5.07,False
2025-12-15T05:00:00,Sokovia,Clean Water (L),2403.98,5.53,False
2025-12-15T05:00:00,Sokovia,Medical Kits,736.52,4.15,False
2025-12-15T05:00:00,Sanctum Sanctorum,Vibranium (kg),2424.55,4.61,False
2025-12-15T05:00:00,Sanctum Sanctorum,Arc Reactor Cores,707.68,5.53,False
2025-12-15T05:00:00,Sanctum Sanctorum,Pym Particles,718.24,5.07,False
2025-12-15T05:00:00,Sanctum Sanctorum,Clean Water (L),2404.51,5.53,False
2025-12-15T05:00:00,Sanctum Sanctorum,Medical Kits,733.4,4.15,False
2025-12-15T05:00:00,Avengers Compound,Vibranium (kg),2431.9,4.61,False
2025-12-15T05:00:00,Avengers Compound,Arc Reactor Cores,705.08,5.53,False
2025-12-15T05:00:00,Avengers Compound,Pym Particles,712.41,5.07,False
2025-12-15T05:00:00,Avengers Compound,Clean Water (L),2406.8,5.53,False
2025-12-15T05:00:00,Avengers Compound,Medical Kits,736.13,4.15,False
2025-12-15T06:00:00,New Asgard,Vibranium (kg),2424.31,5.0,False
2025-12-15T06:00:00,New Asgard,Arc Reactor Cores,708.56,6.0,False
2025-12-15T06:00:00,New Asgard,Pym Particles,717.12,5.5,False
2025-12-15T06:00:00,New Asgard,Clean Water (L),2403.99,6.0,False
2025-12-15T06:00:00,New Asgard,Medical Kits,733.26,4.5,False
2025-12-15T06:00:00,Wakanda,Vibranium (kg),2429.29,5.0,False
2025-12-15T06:00:00,Wakanda,Arc Reactor Cores,706.7,6.0,False
2025-12-15T06:00:00,Wakanda,Pym Particles,713.13,5.5,False
2025-12-15T06:00:00,Wakanda,Clean Water (L),2409.92,6.0,False
2025-12-15T06:00:00,Wakanda,Medical Kits,733.86,4.5,False
2025-12-15T06:00:00,Sokovia,Vibranium (kg),2429.31,5.0,False
2025-12-15T06:00:00,Sokovia,Arc Reactor Cores,706.32,6.0,False
2025-12-15T06:00:00,Sokovia,Pym Particles,714.6,5.5,False
2025-12-15T06:00:00,Sokovia,Clean Water (L),2403.05,6.0,False
2025-12-15T06:00:00,Sokovia,Medical Kits,737.73,4.5,False
2025-12-15T06:00:00,Sanctum Sanctorum,Vibranium (kg),2423.61,5.0,False
2025-12-15T06:00:00,Sanctum Sanctorum,Arc Reactor Cores,707.7,6.0,False
2025-12-15T06:00:00,Sanctum Sanctorum,Pym Particles,717.83,5.5,False
2025-12-15T06:00:00,Sanctum Sanctorum,Clean Water (L),2404.46,6.0,False
2025-12-15T06:00:00,Sanctum Sanctorum,Medical Kits,732.89,4.5,False
2025-12-15T06:00:00,Avengers Compound,Vibranium (kg),2431.91,5.0,False
2025-12-15T06:00:00,Avengers Compound,Arc Reactor Cores,703.7,6.0,False
2025-12-15T06:00:00,Avengers Compound,Pym Particles,711.96,5.5,False
2025-12-15T06:00:00,Avengers Compound,Clean Water (L),2406.98,6.0,False
2025-12-15T06:00:00,Avengers Compound,Medical Kits,735.21,4.5,False
2025-12-15T07:00:00,New Asgard,Vibranium (kg),2423.45,5.39,False
2025-12-15T07:00:00,New Asgard,Arc Reactor Cores,708.3,6.47,False
2025-12-15T07:00:00,New Asgard,Pym Particles,715.59,5.93,False
2025-12-15T07:00:00,New Asgard,Clean Water (L),2404.08,6.47,False
2025-12-15T07:00:00,New Asgard,Medical Kits,732.36,4.85,False
2025-12-15T07:00:00,Wakanda,Vibranium (kg),2428.73,5.39,False
2025-12-15T07:00:00,Wakanda,Arc Reactor Cores,706.19,6.47,False
2025-12-15T07:00:00,Wakanda,Pym Particles,711.63,5.93,False
2025-12-15T07:00:00,Wakanda,Clean Water (L),2409.56,6.47,False
2025-12-15T07:00:00,Wakanda,Medical Kits,732.45,4.85,False
2025-12-15T07:00:00,Sokovia,Vibranium (kg),2427.92,5.39,False
2025-12-15T07:00:00,Sokovia,Arc Reactor Cores,706.78,6.47,False
2025-12-15T07:00:00,Sokovia,Pym Particles,715.38,5.93,False
2025-12-15T07:00:00,Sokovia,Clean Water (L),2400.96,6.47,False
2025-12-15T07:00:00,Sokovia,Medical Kits,737.51,4.85,False
2025-12-15T07:00:00,Sanctum Sanctorum,Vibranium (kg),2423.19,5.39,False
2025-12-15T07:00:00,Sanctum Sanctorum,Arc Reactor Cores,707.2,6.47,False
2025-12-15T07:00:00,Sanctum Sanctorum,Pym Particles,715.5,5.93,False
2025-12-15T07:00:00,Sanctum Sanctorum,Clean Water (L),2403.12,6.47,False
2025-12-15T07:00:00,Sanctum Sanctorum,Medical Kits,730.76,4.85,False
2025-12-15T07:00:00,Avengers Compound,Vibranium (kg),2432.1,5.39,False
2025-12-15T07:00:00,Avengers Compound,Arc Reactor Cores,703.93,6.47,False
2025-12-15T07:00:00,Avengers Compound,Pym Particles,711.54,5.93,False
2025-12-15T07:00:00,Avengers Compound,Clean Water (L),2406.89,6.47,False
2025-12-15T07:00:00,Avengers Compound,Medical Kits,734.67,4.85,False
2025-12-15T08:00:00,New Asgard,Vibranium (kg),2423.85,5.75,False
2025-12-15T08:00:00,New Asgard,Arc Reactor Cores,706.86,6.9,False
2025-12-15T08:00:00,New Asgard,Pym Particles,714.26,6.32,False
2025-12-15T08:00:00,New Asgard,Clean Water (L),2402.58,6.9,False
2025-12-15T08:00:00,New Asgard,Medical Kits,731.12,5.17,False
2025-12-15T08:00:00,Wakanda,Vibranium (kg),2427.29,5.75,False
2025-12-15T08:00:00,Wakanda,Arc Reactor Cores,706.71,6.9,False
2025-12-15T08:00:00,Wakanda,Pym Particles,711.73,6.32,False
2025-12-15T08:00:00,Wakanda,Clean Water (L),2407.27,6.9,False
2025-12-15T08:00:00,Wakanda,Medical Kits,730.43,5.17,False
2025-12-15T08:00:00,Sokovia,Vibranium (kg),2426.22,5.75,False
2025-12-15T08:00:00,Sokovia,Arc Reactor Cores,705.67,6.9,False
2025-12-15T08:00:00,Sokovia,Pym Particles,715.17,6.32,False
2025-12-15T08:00:00,Sokovia,Clean Water (L),2399.65,6.9,False
2025-12-15T08:00:00,Sokovia,Medical Kits,735.43,5.17,False
2025-12-15T08:00:00,Sanctum Sanctorum,Vibranium (kg),2421.83,5.75,False
2025-12-15T08:00:00,Sanctum Sanctorum,Arc Reactor Cores,705.88,6.9,False
2025-12-15T08:00:00,Sanctum Sanctorum,Pym Particles,715.75,6.32,False
2025-12-15T08:00:00,Sanctum Sanctorum,Clean Water (L),2401.68,6.9,False
2025-12-15T08:00:00,Sanctum Sanctorum,Medical Kits,730.17,5.17,False
2025-12-15T08:00:00,Avengers Compound,Vibranium (kg),2430.72,5.75,False
2025-12-15T08:00:00,Avengers Compound,Arc Reactor Cores,702.84,6.9,False
2025-12-15T08:00:00,Avengers Compound,Pym Particles,711.53,6.32,False
2025-12-15T08:00:00,Avengers Compound,Clean Water (L),2406.3,6.9,False
2025-12-15T08:00:00,Avengers Compound,Medical Kits,733.75,5.17,False
2025-12-15T09:00:00,New Asgard,Vibranium (kg),2420.9,6.06,False
2025-12-15T09:00:00,New Asgard,Arc Reactor Cores,705.28,7.27,False
2025-12-15T09:00:00,New Asgard,Pym Particles,712.13,6.67,False
2025-12-15T09:00:00,New Asgard,Clean Water (L),2400.99,7.27,False
2025-12-15T09:00:00,New Asgard,Medical Kits,729.3,5.45,False
2025-12-15T09:00:00,Wakanda,Vibranium (kg),2425.97,6.06,False
2025-12-15T09:00:00,Wakanda,Arc Reactor Cores,705.38,7.27,False
2025-12-15T09:00:00,Wakanda,Pym Particles,709.97,6.67,False
2025-12-15T09:00:00,Wakanda,Clean Water (L),2406.29,7.27,False
2025-12-15T09:00:00,Wakanda,Medical Kits,728.97,5.45,False
2025-12-15T09:00:00,Sokovia,Vibranium (kg),2424.67,6.06,False
2025-12-15T09:00:00,Sokovia,Arc Reactor Cores,703.6,7.27,False
2025-12-15T09:00:00,Sokovia,Pym Particles,715.3,6.67,False
2025-12-15T09:00:00,Sokovia,Clean Water (L),2398.92,7.27,False
2025-12-15T09:00:00,Sokovia,Medical Kits,734.22,5.45,False
2025-12-15T09:00:00,Sanctum Sanctorum,Vibranium (kg),2420.7,6.06,False
2025-12-15T09:00:00,Sanctum Sanctorum,Arc Reactor Cores,703.22,7.27,False
2025-12-15T09:00:00,Sanctum Sanctorum,Pym Particles,712.98,6.67,False
2025-12-15T09:00:00,Sanctum Sanctorum,Clean Water (L),2401.67,7.27,False
2025-12-15T09:00:00,Sanctum Sanctorum,Medical Kits,729.58,5.45,False
2025-12-15T09:00:00,Avengers Compound,Vibranium (kg),2427.94,6.06,False
2025-12-15T09:00:00,Avengers Compound,Arc Reactor Cores,700.3,7.27,False
2025-12-15T09:00:00,Avengers Compound,Pym Particles,710.96,6.67,False
2025-12-15T09:00:00,Avengers Compound,Clean Water (L),2403.89,7.27,False
2025-12-15T09:00:00,Avengers Compound,Medical Kits,731.77,5.45,False
2025-12-15T10:00:00,New Asgard,Vibranium (kg),2419.04,6.3,False
2025-12-15T10:00:00,New Asgard,Arc Reactor Cores,702.33,7.56,False
2025-12-15T10:00:00,New Asgard,Pym Particles,710.17,6.93,False
2025-12-15T10:00:00,New Asgard,Clean Water (L),2397.67,7.56,False
2025-12-15T10:00:00,New Asgard,Medical Kits,728.43,5.67,False
2025-12-15T10:00:00,Wakanda,Vibranium (kg),2424.38,6.3,False
2025-12-15T10:00:00,Wakanda,Arc Reactor Cores,704.9,7.56,False
2025-12-15T10:00:00,Wakanda,Pym Particles,708.31,6.93,False
2025-12-15T10:00:00,Wakanda,Clean Water (L),2405.49,7.56,False
2025-12-15T10:00:00,Wakanda,Medical Kits,728.28,5.67,False
2025-12-15T10:00:00,Sokovia,Vibranium (kg),2422.93,6.3,False
2025-12-15T10:00:00,Sokovia,Arc Reactor Cores,703.06,7.56,False
2025-12-15T10:00:00,Sokovia,Pym Particles,713.94,6.93,False
2025-12-15T10:00:00,Sokovia,Clean Water (L),2397.69,7.56,False
2025-12-15T10:00:00,Sokovia,Medical Kits,733.1,5.67,False
2025-12-15T10:00:00,Sanctum Sanctorum,Vibranium (kg),2420.3,6.3,False
2025-12-15T10:00:00,Sanctum Sanctorum,Arc Reactor Cores,702.12,7.56,False
2025-12-15T10:00:00,Sanctum Sanctorum,Pym Particles,709.76,6.93,False
2025-12-15T10:00:00,Sanctum Sanctorum,Clean Water (L),2401.15,7.56,False
2025-12-15T10:00:00,Sanctum Sanctorum,Medical Kits,727.77,5.67,False
2025-12-15T10:00:00,Avengers Compound,Vibranium (kg),2426.52,6.3,False
2025-12-15T10:00:00,Avengers Compound,Arc Reactor Cores,696.97,7.56,False
2025-12-15T10:00:00,Avengers Compound,Pym Particles,708.3,6.93,False
2025-12-15T10:00:00,Avengers Compound,Clean Water (L),2403.46,7.56,False
2025-12-15T10:00:00,Avengers Compound,Medical Kits,729.98,5.67,False
2025-12-15T11:00:00,New Asgard,Vibranium (kg),2418.08,6.45,False
2025-12-15T11:00:00,New Asgard,Arc Reactor Cores,701.12,7.74,False
2025-12-15T11:00:00,New Asgard,Pym Particles,709.63,7.09,False
2025-12-15T11:00:00,New Asgard,Clean Water (L),2395.37,7.74,False
2025-12-15T11:00:00,New Asgard,Medical Kits,726.78,5.8,False
2025-12-15T11:00:00,Wakanda,Vibranium (kg),2422.66,6.45,False
2025-12-15T11:00:00,Wakanda,Arc Reactor Cores,704.05,7.74,False
2025-12-15T11:00:00,Wakanda,Pym Particles,706.4,7.09,False
2025-12-15T11:00:00,Wakanda,Clean Water (L),2403.91,7.74,False
2025-12-15T11:00:00,Wakanda,Medical Kits,726.53,5.8,False
2025-12-15T11:00:00,Sokovia,Vibranium (kg),2420.9,6.45,False
2025-12-15T11:00:00,Sokovia,Arc Reactor Cores,701.27,7.74,False
2025-12-15T11:00:00,Sokovia,Pym Particles,712.26,7.09,False
2025-12-15T11:00:00,Sokovia,Clean Water (L),2397.09,7.74,False
2025-12-15T11:00:00,Sokovia,Medical Kits,731.62,5.8,False
2025-12-15T11:00:00,Sanctum Sanctorum,Vibranium (kg),2417.83,6.45,False
2025-12-15T11:00:00,Sanctum Sanctorum,Arc Reactor Cores,701.9,7.74,False
2025-12-15T11:00:00,Sanctum Sanctorum,Pym Particles,710.08,7.09,False
2025-12-15T11:00:00,Sanctum Sanctorum,Clean Water (L),2400.3,7.74,False
2025-12-15T11:00:00,Sanctum Sanctorum,Medical Kits,725.9,5.8,False
2025-12-15T11:00:00,Avengers Compound,Vibranium (kg),2423.43,6.45,False
2025-12-15T11:00:00,Avengers Compound,Arc Reactor Cores,695.24,7.74,False
2025-12-15T11:00:00,Avengers Compound,Pym Particles,706.02,7.09,False
2025-12-15T11:00:00,Avengers Compound,Clean Water (L),2401.36,7.74,False
2025-12-15T11:00:00,Avengers Compound,Medical Kits,728.36,5.8,False
2025-12-15T12:00:00,New Asgard,Vibranium (kg),2417.11,6.5,False
2025-12-15T12:00:00,New Asgard,Arc Reactor Cores,700.43,7.8,False
2025-12-15T12:00:00,New Asgard,Pym Particles,706.92,7.15,False
2025-12-15T12:00:00,New Asgard,Clean Water (L),2395.03,7.8,False
2025-12-15T12:00:00,New Asgard,Medical Kits,725.78,5.85,False
2025-12-15T12:00:00,Wakanda,Vibranium (kg),2422.15,6.5,False
2025-12-15T12:00:00,Wakanda,Arc Reactor Cores,702.46,7.8,False
2025-12-15T12:00:00,Wakanda,Pym Particles,703.73,7.15,False
2025-12-15T12:00:00,Wakanda,Clean Water (L),2402.61,7.8,False
2025-12-15T12:00:00,Wakanda,Medical Kits,726.27,5.85,False
2025-12-15T12:00:00,Sokovia,Vibranium (kg),2419.59,6.5,False
2025-12-15T12:00:00,Sokovia,Arc Reactor Cores,697.87,7.8,False
2025-12-15T12:00:00,Sokovia,Pym Particles,710.5,7.15,False
2025-12-15T12:00:00,Sokovia,Clean Water (L),2395.6,7.8,False
2025-12-15T12:00:00,Sokovia,Medical Kits,730.19,5.85,False
2025-12-15T12:00:00,Sanctum Sanctorum,Vibranium (kg),2416.3,6.5,False
2025-12-15T12:00:00,Sanctum Sanctorum,Arc Reactor Cores,698.81,7.8,False
2025-12-15T12:00:00,Sanctum Sanctorum,Pym Particles,707.88,7.15,False
2025-12-15T12:00:00,Sanctum Sanctorum,Clean Water (L),2397.81,7.8,False
2025-12-15T12:00:00,Sanctum Sanctorum,Medical Kits,724.19,5.85,False
2025-12-15T12:00:00,Avengers Compound,Vibranium (kg),2419.99,6.5,False
2025-12-15T12:00:00,Avengers Compound,Arc Reactor Cores,693.81,7.8,False
2025-12-15T12:00:00,Avengers Compound,Pym Particles,705.28,7.15,False
2025-12-15T12:00:00,Avengers Compound,Clean Water (L),2399.0,7.8,False
2025-12-15T12:00:00,Avengers Compound,Medical Kits,726.95,5.85,False
2025-12-15T13:00:00,New Asgard,Vibranium (kg),2416.53,6.45,False
2025-12-15T13:00:00,New Asgard,Arc Reactor Cores,697.61,7.74,False
2025-12-15T13:00:00,New Asgard,Pym Particles,705.21,7.09,False
2025-12-15T13:00:00,New Asgard,Clean Water (L),2392.61,7.74,False
2025-12-15T13:00:00,New Asgard,Medical Kits,725.34,5.8,False
2025-12-15T13:00:00,Wakanda,Vibranium (kg),2422.0,6.45,False
2025-12-15T13:00:00,Wakanda,Arc Reactor Cores,700.16,7.74,False
2025-12-15T13:00:00,Wakanda,Pym Particles,701.22,7.09,False
2025-12-15T13:00:00,Wakanda,Clean Water (L),2400.45,7.74,False
2025-12-15T13:00:00,Wakanda,Medical Kits,725.89,5.8,False
2025-12-15T13:00:00,Sokovia,Vibranium (kg),2417.66,6.45,False
2025-12-15T13:00:00,Sokovia,Arc Reactor Cores,697.94,7.74,False
2025-12-15T13:00:00,Sokovia,Pym Particles,708.46,7.09,False
2025-12-15T13:00:00,Sokovia,Clean Water (L),2393.9,7.74,False
2025-12-15T13:00:00,Sokovia,Medical Kits,728.44,5.8,False
2025-12-15T13:00:00,Sanctum Sanctorum,Vibranium (kg),2415.84,6.45,False
2025-12-15T13:00:00,Sanctum Sanctorum,Arc Reactor Cores,697.1,7.74,False
2025-12-15T13:00:00,Sanctum Sanctorum,Pym Particles,706.17,7.09,False
2025-12-15T13:00:00,Sanctum Sanctorum,Clean Water (L),2396.25,7.74,False
2025-12-15T13:00:00,Sanctum Sanctorum,Medical Kits,722.75,5.8,False
2025-12-15T13:00:00,Avengers Compound,Vibranium (kg),2418.3,6.45,False
2025-12-15T13:00:00,Avengers Compound,Arc Reactor Cores,691.5,7.74,False
2025-12-15T13:00:00,Avengers Compound,Pym Particles,703.73,7.09,False
2025-12-15T13:00:00,Avengers Compound,Clean Water (L),2397.32,7.74,False
2025-12-15T13:00:00,Avengers Compound,Medical Kits,725.88,5.8,False
2025-12-15T14:00:00,New Asgard,Vibranium (kg),2417.1,6.3,False
2025-12-15T14:00:00,New Asgard,Arc Reactor Cores,696.79,7.56,False
2025-12-15T14:00:00,New Asgard,Pym Particles,703.77,6.93,False
2025-12-15T14:00:00,New Asgard,Clean Water (L),2391.97,7.56,False
2025-12-15T14:00:00,New Asgard,Medical Kits,725.49,5.67,False
2025-12-15T14:00:00,Wakanda,Vibranium (kg),2421.05,6.3,False
2025-12-15T14:00:00,Wakanda,Arc Reactor Cores,696.88,7.56,False
2025-12-15T14:00:00,Wakanda,Pym Particles,701.32,6.93,False
2025-12-15T14:00:00,Wakanda,Clean Water (L),2397.45,7.56,False
2025-12-15T14:00:00,Wakanda,Medical Kits,725.17,5.67,False
2025-12-15T14:00:00,Sokovia,Vibranium (kg),2417.61,6.3,False
2025-12-15T14:00:00,Sokovia,Arc Reactor Cores,696.65,7.56,False
2025-12-15T14:00:00,Sokovia,Pym Particles,708.29,6.93,False
2025-12-15T14:00:00,Sokovia,Clean Water (L),2393.04,7.56,False
2025-12-15T14:00:00,Sokovia,Medical Kits,725.93,5.67,False
2025-12-15T14:00:00,Sanctum Sanctorum,Vibranium (kg),2414.85,6.3,False
2025-12-15T14:00:00,Sanctum Sanctorum,Arc Reactor Cores,695.11,7.56,False
2025-12-15T14:00:00,Sanctum Sanctorum,Pym Particles,704.72,6.93,False
2025-12-15T14:00:00,Sanctum Sanctorum,Clean Water (L),2396.08,7.56,False
2025-12-15T14:00:00,Sanctum Sanctorum,Medical Kits,721.58,5.67,False
2025-12-15T14:00:00,Avengers Compound,Vibranium (kg),2415.99,6.3,False
2025-12-15T14:00:00,Avengers Compound,Arc Reactor Cores,691.34,7.56,False
2025-12-15T14:00:00,Avengers Compound,Pym Particles,702.53,6.93,False
2025-12-15T14:00:00,Avengers Compound,Clean Water (L),2396.42,7.56,False
2025-12-15T14:00:00,Avengers Compound,Medical Kits,724.06,5.67,False
2025-12-15T15:00:00,New Asgard,Vibranium (kg),2417.59,6.06,False
2025-12-15T15:00:00,New Asgard,Arc Reactor Cores,695.24,7.27,False
2025-12-15T15:00:00,New Asgard,Pym Particles,703.95,6.67,False
2025-12-15T15:00:00,New Asgard,Clean Water (L),2390.87,7.27,False
2025-12-15T15:00:00,New Asgard,Medical Kits,725.5,5.45,False
2025-12-15T15:00:00,Wakanda,Vibranium (kg),2418.93,6.06,False
2025-12-15T15:00:00,Wakanda,Arc Reactor Cores,696.95,7.27,False
2025-12-15T15:00:00,Wakanda,Pym Particles,701.65,6.67,False
2025-12-15T15:00:00,Wakanda,Clean Water (L),2396.22,7.27,False
2025-12-15T15:00:00,Wakanda,Medical Kits,724.89,5.45,False
2025-12-15T15:00:00,Sokovia,Vibranium (kg),2415.6,6.06,False
2025-12-15T15:00:00,Sokovia,Arc Reactor Cores,694.5,7.27,False
2025-12-15T15:00:00,Sokovia,Pym Particles,707.65,6.67,False
2025-12-15T15:00:00,Sokovia,Clean Water (L),2392.99,7.27,False
2025-12-15T15:00:00,Sokovia,Medical Kits,725.08,5.45,False
2025-12-15T15:00:00,Sanctum Sanctorum,Vibranium (kg),2414.36,6.06,False
2025-12-15T15:00:00,Sanctum Sanctorum,Arc Reactor Cores,692.63,7.27,False
2025-12-15T15:00:00,Sanctum Sanctorum,Pym Particles,703.63,6.67,False
2025-12-15T15:00:00,Sanctum Sanctorum,Clean Water (L),2395.82,7.27,False
2025-12-15T15:00:00,Sanctum Sanctorum,Medical Kits,722.01,5.45,False
2025-12-15T15:00:00,Avengers Compound,Vibranium (kg),2415.84,6.06,False
2025-12-15T15:00:00,Avengers Compound,Arc Reactor Cores,689.03,7.27,False
2025-12-15T15:00:00,Avengers Compound,Pym Particles,702.61,6.67,False
2025-12-15T15:00:00,Avengers Compound,Clean Water (L),2395.4,7.27,False
2025-12-15T15:00:00,Avengers Compound,Medical Kits,724.09,5.45,False
2025-12-15T16:00:00,New Asgard,Vibranium (kg),2416.3,5.75,False
2025-12-15T16:00:00,New Asgard,Arc Reactor Cores,694.7,6.9,False
2025-12-15T16:00:00,New Asgard,Pym Particles,704.33,6.32,False
2025-12-15T16:00:00,New Asgard,Clean Water (L),2391.43,6.9,False
2025-12-15T16:00:00,New Asgard,Medical Kits,724.14,5.17,False
2025-12-15T16:00:00,Wakanda,Vibranium (kg),2417.97,5.75,False
2025-12-15T16:00:00,Wakanda,Arc Reactor Cores,695.64,6.9,False
2025-12-15T16:00:00,Wakanda,Pym Particles,700.97,6.32,False
2025-12-15T16:00:00,Wakanda,Clean Water (L),2396.28,6.9,False
2025-12-15T16:00:00,Wakanda,Medical Kits,724.16,5.17,False
2025-12-15T16:00:00,Sokovia,Vibranium (kg),2415.4,5.75,False
2025-12-15T16:00:00,Sokovia,Arc Reactor Cores,693.67,6.9,False
2025-12-15T16:00:00,Sokovia,Pym Particles,706.94,6.32,False
2025-12-15T16:00:00,Sokovia,Clean Water (L),2391.98,6.9,False
2025-12-15T16:00:00,Sokovia,Medical Kits,723.93,5.17,False
2025-12-15T16:00:00,Sanctum Sanctorum,Vibranium (kg),2414.12,5.75,False
2025-12-15T16:00:00,Sanctum Sanctorum,Arc Reactor Cores,692.43,6.9,False
2025-12-15T16:00:00,Sanctum Sanctorum,Pym Particles,703.45,6.32,False
2025-12-15T16:00:00,Sanctum Sanctorum,Clean Water (L),2395.84,6.9,False
2025-12-15T16:00:00,Sanctum Sanctorum,Medical Kits,721.82,5.17,False
2025-12-15T16:00:00,Avengers Compound,Vibranium (kg),2414.71,5.75,False
2025-12-15T16:00:00,Avengers Compound,Arc Reactor Cores,688.93,6.9,False
2025-12-15T16:00:00,Avengers Compound,Pym Particles,703.35,6.32,False
2025-12-15T16:00:00,Avengers Compound,Clean Water (L),2394.72,6.9,False
2025-12-15T16:00:00,Avengers Compound,Medical Kits,723.28,5.17,False
2025-12-15T17:00:00,New Asgard,Vibranium (kg),2415.31,5.39,False
2025-12-15T17:00:00,New Asgard,Arc Reactor Cores,695.03,6.47,False
2025-12-15T17:00:00,New Asgard,Pym Particles,704.18,5.93,False
2025-12-15T17:00:00,New Asgard,Clean Water (L),2392.75,6.47,False
2025-12-15T17:00:00,New Asgard,Medical Kits,723.94,4.85,False
2025-12-15T17:00:00,Wakanda,Vibranium (kg),2417.1,5.39,False
2025-12-15T17:00:00,Wakanda,Arc Reactor Cores,694.83,6.47,False
2025-12-15T17:00:00,Wakanda,Pym Particles,700.79,5.93,False
2025-12-15T17:00:00,Wakanda,Clean Water (L),2396.0,6.47,False
2025-12-15T17:00:00,Wakanda,Medical Kits,724.44,4.85,False
2025-12-15T17:00:00,Sokovia,Vibranium (kg),2415.27,5.39,False
2025-12-15T17:00:00,Sokovia,Arc Reactor Cores,693.38,6.47,False
2025-12-15T17:00:00,Sokovia,Pym Particles,706.6,5.93,False
2025-12-15T17:00:00,Sokovia,Clean Water (L),2390.65,6.47,False
2025-12-15T17:00:00,Sokovia,Medical Kits,723.49,4.85,False
2025-12-15T17:00:00,Sanctum Sanctorum,Vibranium (kg),2414.74,5.39,False
2025-12-15T17:00:00,Sanctum Sanctorum,Arc Reactor Cores,693.04,6.47,False
2025-12-15T17:00:00,Sanctum Sanctorum,Pym Particles,702.32,5.93,False
2025-12-15T17:00:00,Sanctum Sanctorum,Clean Water (L),2394.66,6.47,False
2025-12-15T17:00:00,Sanctum Sanctorum,Medical Kits,721.7,4.85,False
2025-12-15T17:00:00,Avengers Compound,Vibranium (kg),2414.91,5.39,False
2025-12-15T17:00:00,Avengers Compound,Arc Reactor Cores,689.46,6.47,False
2025-12-15T17:00:00,Avengers Compound,Pym Particles,703.01,5.93,False
2025-12-15T17:00:00,Avengers Compound,Clean Water (L),2394.88,6.47,False
2025-12-15T17:00:00,Avengers Compound,Medical Kits,722.55,4.85,False
2025-12-15T18:00:00,New Asgard,Vibranium (kg),2416.25,5.0,False
2025-12-15T18:00:00,New Asgard,Arc Reactor Cores,694.73,6.0,False
2025-12-15T18:00:00,New Asgard,Pym Particles,705.42,5.5,False
2025-12-15T18:00:00,New Asgard,Clean Water (L),2392.43,6.0,False
2025-12-15T18:00:00,New Asgard,Medical Kits,724.67,4.5,False
2025-12-15T18:00:00,Wakanda,Vibranium (kg),2417.33,5.0,False
2025-12-15T18:00:00,Wakanda,Arc Reactor Cores,694.24,6.0,False
2025-12-15T18:00:00,Wakanda,Pym Particles,701.47,5.5,False
2025-12-15T18:00:00,Wakanda,Clean Water (L),2394.84,6.0,False
2025-12-15T18:00:00,Wakanda,Medical Kits,723.27,4.5,False
2025-12-15T18:00:00,Sokovia,Vibranium (kg),2416.23,5.0,False
2025-12-15T18:00:00,Sokovia,Arc Reactor Cores,693.31,6.0,False
2025-12-15T18:00:00,Sokovia,Pym Particles,705.91,5.5,False
2025-12-15T18:00:00,Sokovia,Clean Water (L),2391.99,6.0,False
2025-12-15T18:00:00,Sokovia,Medical Kits,723.96,4.5,False
2025-12-15T18:00:00,Sanctum Sanctorum,Vibranium (kg),2414.46,5.0,False
2025-12-15T18:00:00,Sanctum Sanctorum,Arc Reactor Cores,694.37,6.0,False
2025-12-15T18:00:00,Sanctum Sanctorum,Pym Particles,703.23,5.5,False
2025-12-15T18:00:00,Sanctum Sanctorum,Clean Water (L),2395.65,6.0,False
2025-12-15T18:00:00,Sanctum Sanctorum,Medical Kits,722.71,4.5,False
2025-12-15T18:00:00,Avengers Compound,Vibranium (kg),2414.88,5.0,False
2025-12-15T18:00:00,Avengers Compound,Arc Reactor Cores,690.85,6.0,False
2025-12-15T18:00:00,Avengers Compound,Pym Particles,702.2,5.5,False
2025-12-15T18:00:00,Avengers Compound,Clean Water (L),2395.91,6.0,False
2025-12-15T18:00:00,Avengers Compound,Medical Kits,723.04,4.5,False
2025-12-15T19:00:00,New Asgard,Vibranium (kg),2418.21,4.61,False
2025-12-15T19:00:00,New Asgard,Arc Reactor Cores,696.18,5.53,False
2025-12-15T19:00:00,New Asgard,Pym Particles,706.15,5.07,False
2025-12-15T19:00:00,New Asgard,Clean Water (L),2392.8,5.53,False
2025-12-15T19:00:00,New Asgard,Medical Kits,724.38,4.15,False
2025-12-15T19:00:00,Wakanda,Vibranium (kg),2417.47,4.61,False
2025-12-15T19:00:00,Wakanda,Arc Reactor Cores,694.34,5.53,False
2025-12-15T19:00:00,Wakanda,Pym Particles,701.4,5.07,False
2025-12-15T19:00:00,Wakanda,Clean Water (L),2395.62,5.53,False
2025-12-15T19:00:00,Wakanda,Medical Kits,723.43,4.15,False
2025-12-15T19:00:00,Sokovia,Vibranium (kg),2417.73,4.61,False
2025-12-15T19:00:00,Sokovia,Arc Reactor Cores,694.03,5.53,False
2025-12-15T19:00:00,Sokovia,Pym Particles,704.99,5.07,False
2025-12-15T19:00:00,Sokovia,Clean Water (L),2392.92,5.53,False
2025-12-15T19:00:00,Sokovia,Medical Kits,725.17,4.15,False
2025-12-15T19:00:00,Sanctum Sanctorum,Vibranium (kg),2415.81,4.61,False
2025-12-15T19:00:00,Sanctum Sanctorum,Arc Reactor Cores,696.16,5.53,False
2025-12-15T19:00:00,Sanctum Sanctorum,Pym Particles,703.01,5.07,False
2025-12-15T19:00:00,Sanctum Sanctorum,Clean Water (L),2394.98,5.53,False
2025-12-15T19:00:00,Sanctum Sanctorum,Medical Kits,724.23,4.15,False
2025-12-15T19:00:00,Avengers Compound,Vibranium (kg),2417.07,4.61,False
2025-12-15T19:00:00,Avengers Compound,Arc Reactor Cores,692.54,5.53,False
2025-12-15T19:00:00,Avengers Compound,Pym Particles,703.04,5.07,False
2025-12-15T19:00:00,Avengers Compound,Clean Water (L),2398.02,5.53,False
2025-12-15T19:00:00,Avengers Compound,Medical Kits,723.87,4.15,False
2025-12-15T20:00:00,New Asgard,Vibranium (kg),2419.76,4.25,False
2025-12-15T20:00:00,New Asgard,Arc Reactor Cores,697.33,5.1,False
2025-12-15T20:00:00,New Asgard,Pym Particles,706.25,4.68,False
2025-12-15T20:00:00,New Asgard,Clean Water (L),2394.22,5.1,False
2025-12-15T20:00:00,New Asgard,Medical Kits,724.07,3.83,False
2025-12-15T20:00:00,Wakanda,Vibranium (kg),2417.55,4.25,False
2025-12-15T20:00:00,Wakanda,Arc Reactor Cores,696.34,5.1,False
2025-12-15T20:00:00,Wakanda,Pym Particles,702.18,4.68,False
2025-12-15T20:00:00,Wakanda,Clean Water (L),2397.06,5.1,False
2025-12-15T20:00:00,Wakanda,Medical Kits,724.39,3.83,False
2025-12-15T20:00:00,Sokovia,Vibranium (kg),2417.53,4.25,False
2025-12-15T20:00:00,Sokovia,Arc Reactor Cores,695.35,5.1,False
2025-12-15T20:00:00,Sokovia,Pym Particles,705.1,4.68,False
2025-12-15T20:00:00,Sokovia,Clean Water (L),2395.11,5.1,False
2025-12-15T20:00:00,Sokovia,Medical Kits,725.0,3.83,False
2025-12-15T20:00:00,Sanctum Sanctorum,Vibranium (kg),2416.84,4.25,False
2025-12-15T20:00:00,Sanctum Sanctorum,Arc Reactor Cores,696.41,5.1,False
2025-12-15T20:00:00,Sanctum Sanctorum,Pym Particles,703.35,4.68,False
2025-12-15T20:00:00,Sanctum Sanctorum,Clean Water (L),2394.72,5.1,False
2025-12-15T20:00:00,Sanctum Sanctorum,Medical Kits,726.12,3.83,False
2025-12-15T20:00:00,Avengers Compound,Vibranium (kg),2418.94,4.25,False
2025-12-15T20:00:00,Avengers Compound,Arc Reactor Cores,694.13,5.1,False
2025-12-15T20:00:00,Avengers Compound,Pym Particles,703.97,4.68,False
2025-12-15T20:00:00,Avengers Compound,Clean Water (L),2400.19,5.1,False
2025-12-15T20:00:00,Avengers Compound,Medical Kits,724.13,3.83,False
2025-12-15T21:00:00,New Asgard,Vibranium (kg),2419.23,3.94,False
2025-12-15T21:00:00,New Asgard,Arc Reactor Cores,699.13,4.73,False
2025-12-15T21:00:00,New Asgard,Pym Particles,706.33,4.33,False
2025-12-15T21:00:00,New Asgard,Clean Water (L),2396.59,4.73,False
2025-12-15T21:00:00,New Asgard,Medical Kits,726.44,3.55,False
2025-12-15T21:00:00,Wakanda,Vibranium (kg),2416.91,3.94,False
2025-12-15T21:00:00,Wakanda,Arc Reactor Cores,697.63,4.73,False
2025-12-15T21:00:00,Wakanda,Pym Particles,702.78,4.33,False
2025-12-15T21:00:00,Wakanda,Clean Water (L),2399.68,4.73,False
2025-12-15T21:00:00,Wakanda,Medical Kits,726.82,3.55,False
2025-12-15T21:00:00,Sokovia,Vibranium (kg),2420.35,3.94,False
2025-12-15T21:00:00,Sokovia,Arc Reactor Cores,696.49,4.73,False
2025-12-15T21:00:00,Sokovia,Pym Particles,705.36,4.33,False
2025-12-15T21:00:00,Sokovia,Clean Water (L),2396.25,4.73,False
2025-12-15T21:00:00,Sokovia,Medical Kits,726.79,3.55,False
2025-12-15T21:00:00,Sanctum Sanctorum,Vibranium (kg),2418.91,3.94,False
2025-12-15T21:00:00,Sanctum Sanctorum,Arc Reactor Cores,697.73,4.73,False
2025-12-15T21:00:00,Sanctum Sanctorum,Pym Particles,705.54,4.33,False
2025-12-15T21:00:00,Sanctum Sanctorum,Clean Water (L),2395.76,4.73,False
2025-12-15T21:00:00,Sanctum Sanctorum,Medical Kits,725.76,3.55,False
2025-12-15T21:00:00,Avengers Compound,Vibranium (kg),2420.37,3.94,False
2025-12-15T21:00:00,Avengers Compound,Arc Reactor Cores,694.61,4.73,False
2025-12-15T21:00:00,Avengers Compound,Pym Particles,704.37,4.33,False
2025-12-15T21:00:00,Avengers Compound,Clean Water (L),2401.69,4.73,False
2025-12-15T21:00:00,Avengers Compound,Medical Kits,725.56,3.55,False
2025-12-15T22:00:00,New Asgard,Vibranium (kg),2421.22,3.7,False
2025-12-15T22:00:00,New Asgard,Arc Reactor Cores,700.54,4.44,False
2025-12-15T22:00:00,New Asgard,Pym Particles,708.38,4.07,False
2025-12-15T22:00:00,New Asgard,Clean Water (L),2396.99,4.44,False
2025-12-15T22:00:00,New Asgard,Medical Kits,726.86,3.33,False
2025-12-15T22:00:00,Wakanda,Vibranium (kg),2417.09,3.7,False
2025-12-15T22:00:00,Wakanda,Arc Reactor Cores,699.41,4.44,False
2025-12-15T22:00:00,Wakanda,Pym Particles,704.64,4.07,False
2025-12-15T22:00:00,Wakanda,Clean Water (L),2402.1,4.44,False
2025-12-15T22:00:00,Wakanda,Medical Kits,729.18,3.33,False
2025-12-15T22:00:00,Sokovia,Vibranium (kg),2422.4,3.7,False
2025-12-15T22:00:00,Sokovia,Arc Reactor Cores,696.96,4.44,False
2025-12-15T22:00:00,Sokovia,Pym Particles,707.36,4.07,False
2025-12-15T22:00:00,Sokovia,Clean Water (L),2398.67,4.44,False
2025-12-15T22:00:00,Sokovia,Medical Kits,729.15,3.33,False
2025-12-15T22:00:00,Sanctum Sanctorum,Vibranium (kg),2419.43,3.7,False
2025-12-15T22:00:00,Sanctum Sanctorum,Arc Reactor Cores,699.46,4.44,False
2025-12-15T22:00:00,Sanctum Sanctorum,Pym Particles,705.76,4.07,False
2025-12-15T22:00:00,Sanctum Sanctorum,Clean Water (L),2396.35,4.44,False
2025-12-15T22:00:00,Sanctum Sanctorum,Medical Kits,727.39,3.33,False
2025-12-15T22:00:00,Avengers Compound,Vibranium (kg),2420.47,3.7,False
2025-12-15T22:00:00,Avengers Compound,Arc Reactor Cores,695.78,4.44,False
2025-12-15T22:00:00,Avengers Compound,Pym Particles,706.07,4.07,False
2025-12-15T22:00:00,Avengers Compound,Clean Water (L),2404.35,4.44,False
2025-12-15T22:00:00,Avengers Compound,Medical Kits,728.38,3.33,False
2025-12-15T23:00:00,New Asgard,Vibranium (kg),2422.24,3.55,False
2025-12-15T23:00:00,New Asgard,Arc Reactor Cores,701.54,4.26,False
2025-12-15T23:00:00,New Asgard,Pym Particles,709.3,3.91,False
2025-12-15T23:00:00,New Asgard,Clean Water (L),2399.93,4.26,False
2025-12-15T23:00:00,New Asgard,Medical Kits,727.32,3.2,False
2025-12-15T23:00:00,Wakanda,Vibranium (kg),2419.06,3.55,False
2025-12-15T23:00:00,Wakanda,Arc Reactor Cores,700.89,4.26,False
2025-12-15T23:00:00,Wakanda,Pym Particles,707.57,3.91,False
2025-12-15T23:00:00,Wakanda,Clean Water (L),2404.53,4.26,False
2025-12-15T23:00:00,Wakanda,Medical Kits,732.04,3.2,False
2025-12-15T23:00:00,Sokovia,Vibranium (kg),2424.55,3.55,False
2025-12-15T23:00:00,Sokovia,Arc Reactor Cores,697.97,4.26,False
2025-12-15T23:00:00,Sokovia,Pym Particles,709.53,3.91,False
2025-12-15T23:00:00,Sokovia,Clean Water (L),2400.86,4.26,False
2025-12-15T23:00:00,Sokovia,Medical Kits,729.99,3.2,False
2025-12-15T23:00:00,Sanctum Sanctorum,Vibranium (kg),2419.75,3.55,False
2025-12-15T23:00:00,Sanctum Sanctorum,Arc Reactor Cores,700.2,4.26,False
2025-12-15T23:00:00,Sanctum Sanctorum,Pym Particles,707.36,3.91,False
2025-12-15T23:00:00,Sanctum Sanctorum,Clean Water (L),2398.88,4.26,False
2025-12-15T23:00:00,Sanctum Sanctorum,Medical Kits,729.09,3.2,False
2025-12-15T23:00:00,Avengers Compound,Vibranium (kg),2420.89,3.55,False
2025-12-15T23:00:00,Avengers Compound,Arc Reactor Cores,697.35,4.26,False
2025-12-15T23:00:00,Avengers Compound,Pym Particles,707.03,3.91,False
2025-12-15T23:00:00,Avengers Compound,Clean Water (L),2406.7,4.26,False
2025-12-15T23:00:00,Avengers Compound,Medical Kits,728.11,3.2,False
2025-12-16T00:00:00,New Asgard,Vibranium (kg),2422.48,3.5,False
2025-12-16T00:00:00,New Asgard,Arc Reactor Cores,701.67,4.2,False
2025-12-16T00:00:00,New Asgard,Pym Particles,711.19,3.85,False
2025-12-16T00:00:00,New Asgard,Clean Water (L),2400.06,4.2,False
2025-12-16T00:00:00,New Asgard,Medical Kits,729.17,3.15,False
2025-12-16T00:00:00,Wakanda,Vibranium (kg),2419.43,3.5,False
2025-12-16T00:00:00,Wakanda,Arc Reactor Cores,702.3,4.2,False
2025-12-16T00:00:00,Wakanda,Pym Particles,708.04,3.85,False
2025-12-16T00:00:00,Wakanda,Clean Water (L),2404.96,4.2,False
2025-12-16T00:00:00,Wakanda,Medical Kits,734.46,3.15,False
2025-12-16T00:00:00,Sokovia,Vibranium (kg),2425.96,3.5,False
2025-12-16T00:00:00,Sokovia,Arc Reactor Cores,699.71,4.2,False
2025-12-16T00:00:00,Sokovia,Pym Particles,711.3,3.85,False
2025-12-16T00:00:00,Sokovia,Clean Water (L),2402.21,4.2,False
2025-12-16T00:00:00,Sokovia,Medical Kits,731.77,3.15,False
2025-12-16T00:00:00,Sanctum Sanctorum,Vibranium (kg),2419.99,3.5,False
2025-12-16T00:00:00,Sanctum Sanctorum,Arc Reactor Cores,701.04,4.2,False
2025-12-16T00:00:00,Sanctum Sanctorum,Pym Particles,709.61,3.85,False
2025-12-16T00:00:00,Sanctum Sanctorum,Clean Water (L),2401.26,4.2,False
2025-12-16T00:00:00,Sanctum Sanctorum,Medical Kits,730.17,3.15,False
2025-12-16T00:00:00,Avengers Compound,Vibranium (kg),2421.1,3.5,False
2025-12-16T00:00:00,Avengers Compound,Arc Reactor Cores,698.32,4.2,False
2025-12-16T00:00:00,Avengers Compound,Pym Particles,708.2,3.85,False
2025-12-16T00:00:00,Avengers Compound,Clean Water (L),2408.82,4.2,False
2025-12-16T00:00:00,Avengers Compound,Medical Kits,729.68,3.15,False
2025-12-16T01:00:00,New Asgard,Vibranium (kg),2424.42,3.55,False
2025-12-16T01:00:00,New Asgard,Arc Reactor Cores,703.12,4.26,False
2025-12-16T01:00:00,New Asgard,Pym Particles,713.3,3.91,False
2025-12-16T01:00:00,New Asgard,Clean Water (L),2402.22,4.26,False
2025-12-16T01:00:00,New Asgard,Medical Kits,729.91,3.2,False
2025-12-16T01:00:00,Wakanda,Vibranium (kg),2420.72,3.55,False
2025-12-16T01:00:00,Wakanda,Arc Reactor Cores,704.8,4.26,False
2025-12-16T01:00:00,Wakanda,Pym Particles,709.54,3.91,False
2025-12-16T01:00:00,Wakanda,Clean Water (L),2405.65,4.26,False
2025-12-16T01:00:00,Wakanda,Medical Kits,736.44,3.2,False
2025-12-16T01:00:00,Sokovia,Vibranium (kg),2426.62,3.55,False
2025-12-16T01:00:00,Sokovia,Arc Reactor Cores,702.45,4.26,False
2025-12-16T01:00:00,Sokovia,Pym Particles,714.09,3.91,False
2025-12-16T01:00:00,Sokovia,Clean Water (L),2404.56,4.26,False
2025-12-16T01:00:00,Sokovia,Medical Kits,732.61,3.2,False
2025-12-16T01:00:00,Sanctum Sanctorum,Vibranium (kg),2421.59,3.55,False
2025-12-16T01:00:00,Sanctum Sanctorum,Arc Reactor Cores,701.12,4.26,False
2025-12-16T01:00:00,Sanctum Sanctorum,Pym Particles,711.38,3.91,False
2025-12-16T01:00:00,Sanctum Sanctorum,Clean Water (L),2401.55,4.26,False
2025-12-16T01:00:00,Sanctum Sanctorum,Medical Kits,731.64,3.2,False
2025-12-16T01:00:00,Avengers Compound,Vibranium (kg),2422.04,3.55,False
2025-12-16T01:00:00,Avengers Compound,Arc Reactor Cores,698.98,4.26,False
2025-12-16T01:00:00,Avengers Compound,Pym Particles,710.49,3.91,False
2025-12-16T01:00:00,Avengers Compound,Clean Water (L),2410.55,4.26,False
2025-12-16T01:00:00,Avengers Compound,Medical Kits,730.49,3.2,False
2025-12-16T02:00:00,New Asgard,Vibranium (kg),2423.83,3.7,False
2025-12-16T02:00:00,New Asgard,Arc Reactor Cores,704.45,4.44,False
2025-12-16T02:00:00,New Asgard,Pym Particles,714.61,4.07,False
2025-12-16T02:00:00,New Asgard,Clean Water (L),2402.4,4.44,False
2025-12-16T02:00:00,New Asgard,Medical Kits,731.88,3.33,False
2025-12-16T02:00:00,Wakanda,Vibranium (kg),2422.23,3.7,False
2025-12-16T02:00:00,Wakanda,Arc Reactor Cores,705.63,4.44,False
2025-12-16T02:00:00,Wakanda,Pym Particles,711.68,4.07,False
2025-12-16T02:00:00,Wakanda,Clean Water (L),2406.95,4.44,False
2025-12-16T02:00:00,Wakanda,Medical Kits,735.93,3.33,False
2025-12-16T02:00:00,Sokovia,Vibranium (kg),2427.51,3.7,False
2025-12-16T02:00:00,Sokovia,Arc Reactor Cores,703.92,4.44,False
2025-12-16T02:00:00,Sokovia,Pym Particles,714.72,4.07,False
2025-12-16T02:00:00,Sokovia,Clean Water (L),2404.83,4.44,False
2025-12-16T02:00:00,Sokovia,Medical Kits,734.57,3.33,False
2025-12-16T02:00:00,Sanctum Sanctorum,Vibranium (kg),2423.23,3.7,False
2025-12-16T02:00:00,Sanctum Sanctorum,Arc Reactor Cores,703.09,4.44,False
2025-12-16T02:00:00,Sanctum Sanctorum,Pym Particles,713.87,4.07,False
2025-12-16T02:00:00,Sanctum Sanctorum,Clean Water (L),2402.54,4.44,False
2025-12-16T02:00:00,Sanctum Sanctorum,Medical Kits,733.26,3.33,False
2025-12-16T02:00:00,Avengers Compound,Vibranium (kg),2422.43,3.7,False
2025-12-16T02:00:00,Avengers Compound,Arc Reactor Cores,700.39,4.44,False
2025-12-16T02:00:00,Avengers Compound,Pym Particles,711.82,4.07,False
2025-12-16T02:00:00,Avengers Compound,Clean Water (L),2410.86,4.44,False
2025-12-16T02:00:00,Avengers Compound,Medical Kits,731.22,3.33,False
2025-12-16T03:00:00,New Asgard,Vibranium (kg),2424.74,3.94,False
2025-12-16T03:00:00,New Asgard,Arc Reactor Cores,705.14,4.73,False
2025-12-16T03:00:00,New Asgard,Pym Particles,716.92,4.33,False
2025-12-16T03:00:00,New Asgard,Clean Water (L),2403.27,4.73,False
2025-12-16T03:00:00,New Asgard,Medical Kits,732.13,3.55,False
2025-12-16T03:00:00,Wakanda,Vibranium (kg),2423.83,3.94,False
2025-12-16T03:00:00,Wakanda,Arc Reactor Cores,705.68,4.73,False
2025-12-16T03:00:00,Wakanda,Pym Particles,713.99,4.33,False
2025-12-16T03:00:00,Wakanda,Clean Water (L),2409.08,4.73,False
2025-12-16T03:00:00,Wakanda,Medical Kits,737.86,3.55,False
2025-12-16T03:00:00,Sokovia,Vibranium (kg),2428.36,3.94,False
2025-12-16T03:00:00,Sokovia,Arc Reactor Cores,704.34,4.73,False
2025-12-16T03:00:00,Sokovia,Pym Particles,714.37,4.33,False
2025-12-16T03:00:00,Sokovia,Clean Water (L),2404.44,4.73,False
2025-12-16T03:00:00,Sokovia,Medical Kits,737.16,3.55,False
2025-12-16T03:00:00,Sanctum Sanctorum,Vibranium (kg),2424.6,3.94,False
2025-12-16T03:00:00,Sanctum Sanctorum,Arc Reactor Cores,703.7,4.73,False
2025-12-16T03:00:00,Sanctum Sanctorum,Pym Particles,714.95,4.33,False
2025-12-16T03:00:00,Sanctum Sanctorum,Clean Water (L),2405.6,4.73,False
2025-12-16T03:00:00,Sanctum Sanctorum,Medical Kits,734.76,3.55,False
2025-12-16T03:00:00,Avengers Compound,Vibranium (kg),2423.25,3.94,False
2025-12-16T03:00:00,Avengers Compound,Arc Reactor Cores,701.1,4.73,False
2025-12-16T03:00:00,Avengers Compound,Pym Particles,713.8,4.33,False
2025-12-16T03:00:00,Avengers Compound,Clean Water (L),2411.08,4.73,False
2025-12-16T03:00:00,Avengers Compound,Medical Kits,732.47,3.55,False
2025-12-16T04:00:00,New Asgard,Vibranium (kg),2425.57,4.25,False
2025-12-16T04:00:00,New Asgard,Arc Reactor Cores,705.63,5.1,False
2025-12-16T04:00:00,New Asgard,Pym Particles,717.0,4.68,False
2025-12-16T04:00:00,New Asgard,Clean Water (L),2404.77,5.1,False
2025-12-16T04:00:00,New Asgard,Medical Kits,733.0,3.83,False
2025-12-16T04:00:00,Wakanda,Vibranium (kg),2424.65,4.25,False
2025-12-16T04:00:00,Wakanda,Arc Reactor Cores,706.3,5.1,False
2025-12-16T04:00:00,Wakanda,Pym Particles,714.22,4.68,False
2025-12-16T04:00:00,Wakanda,Clean Water (L),2410.08,5.1,False
2025-12-16T04:00:00,Wakanda,Medical Kits,737.6,3.83,False
2025-12-16T04:00:00,Sokovia,Vibranium (kg),2430.08,4.25,False
2025-12-16T04:00:00,Sokovia,Arc Reactor Cores,704.59,5.1,False
2025-12-16T04:00:00,Sokovia,Pym Particles,715.16,4.68,False
2025-12-16T04:00:00,Sokovia,Clean Water (L),2405.68,5.1,False
2025-12-16T04:00:00,Sokovia,Medical Kits,736.38,3.83,False
2025-12-16T04:00:00,Sanctum Sanctorum,Vibranium (kg),2424.54,4.25,False
2025-12-16T04:00:00,Sanctum Sanctorum,Arc Reactor Cores,704.0,5.1,False
2025-12-16T04:00:00,Sanctum Sanctorum,Pym Particles,714.95,4.68,False
2025-12-16T04:00:00,Sanctum Sanctorum,Clean Water (L),2407.04,5.1,False
2025-12-16T04:00:00,Sanctum Sanctorum,Medical Kits,735.4,3.83,False
2025-12-16T04:00:00,Avengers Compound,Vibranium (kg),2423.71,4.25,False
2025-12-16T04:00:00,Avengers Compound,Arc Reactor Cores,700.65,5.1,False
2025-12-16T04:00:00,Avengers Compound,Pym Particles,712.62,4.68,False
2025-12-16T04:00:00,Avengers Compound,Clean Water (L),2412.31,5.1,False
2025-12-16T04:00:00,Avengers Compound,Medical Kits,733.3,3.83,False
2025-12-16T05:00:00,New Asgard,Vibranium (kg),2426.44,4.61,False
2025-12-16T05:00:00,New Asgard,Arc Reactor Cores,706.23,5.53,False
2025-12-16T05:00:00,New Asgard,Pym Particles,717.44,5.07,False
2025-12-16T05:00:00,New Asgard,Clean Water (L),2406.01,5.53,False
2025-12-16T05:00:00,New Asgard,Medical Kits,734.85,4.15,False
2025-12-16T05:00:00,Wakanda,Vibranium (kg),2426.09,4.61,False
2025-12-16T05:00:00,Wakanda,Arc Reactor Cores,707.07,5.53,False
2025-12-16T05:00:00,Wakanda,Pym Particles,713.68,5.07,False
2025-12-16T05:00:00,Wakanda,Clean Water (L),2409.76,5.53,False
2025-12-16T05:00:00,Wakanda,Medical Kits,737.22,4.15,False
2025-12-16T05:00:00,Sokovia,Vibranium (kg),2428.52,4.61,False
2025-12-16T05:00:00,Sokovia,Arc Reactor Cores,705.0,5.53,False
2025-12-16T05:00:00,Sokovia,Pym Particles,714.26,5.07,False
2025-12-16T05:00:00,Sokovia,Clean Water (L),2404.61,5.53,False
2025-12-16T05:00:00,Sokovia,Medical Kits,735.82,4.15,False
2025-12-16T05:00:00,Sanctum Sanctorum,Vibranium (kg),2424.85,4.61,False
2025-12-16T05:00:00,Sanctum Sanctorum,Arc Reactor Cores,704.5,5.53,False
2025-12-16T05:00:00,Sanctum Sanctorum,Pym Particles,714.6,5.07,False
2025-12-16T05:00:00,Sanctum Sanctorum,Clean Water (L),2407.58,5.53,False
2025-12-16T05:00:00,Sanctum Sanctorum,Medical Kits,734.95,4.15,False
2025-12-16T05:00:00,Avengers Compound,Vibranium (kg),2423.67,4.61,False
2025-12-16T05:00:00,Avengers Compound,Arc Reactor Cores,701.94,5.53,False
2025-12-16T05:00:00,Avengers Compound,Pym Particles,712.94,5.07,False
2025-12-16T05:00:00,Avengers Compound,Clean Water (L),2411.27,5.53,False
2025-12-16T05:00:00,Avengers Compound,Medical Kits,732.85,4.15,False
2025-12-16T06:00:00,New Asgard,Vibranium (kg),2427.74,5.0,False
2025-12-16T06:00:00,New Asgard,Arc Reactor Cores,707.22,6.0,False
2025-12-16T06:00:00,New Asgard,Pym Particles,716.78,5.5,False
2025-12-16T06:00:00,New Asgard,Clean Water (L),2406.3,6.0,False
2025-12-16T06:00:00,New Asgard,Medical Kits,733.92,4.5,False
2025-12-16T06:00:00,Wakanda,Vibranium (kg),2425.63,5.0,False
2025-12-16T06:00:00,Wakanda,Arc Reactor Cores,705.12,6.0,False
2025-12-16T06:00:00,Wakanda,Pym Particles,713.76,5.5,False
2025-12-16T06:00:00,Wakanda,Clean Water (L),2409.24,6.0,False
2025-12-16T06:00:00,Wakanda,Medical Kits,736.11,4.5,False
2025-12-16T06:00:00,Sokovia,Vibranium (kg),2428.07,5.0,False
2025-12-16T06:00:00,Sokovia,Arc Reactor Cores,704.4,6.0,False
2025-12-16T06:00:00,Sokovia,Pym Particles,714.07,5.5,False
2025-12-16T06:00:00,Sokovia,Clean Water (L),2403.18,6.0,False
2025-12-16T06:00:00,Sokovia,Medical Kits,734.97,4.5,False
2025-12-16T06:00:00,Sanctum Sanctorum,Vibranium (kg),2424.62,5.0,False
2025-12-16T06:00:00,Sanctum Sanctorum,Arc Reactor Cores,704.77,6.0,False
2025-12-16T06:00:00,Sanctum Sanctorum,Pym Particles,716.11,5.5,False
2025-12-16T06:00:00,Sanctum Sanctorum,Clean Water (L),2406.78,6.0,False
2025-12-16T06:00:00,Sanctum Sanctorum,Medical Kits,734.16,4.5,False
2025-12-16T06:00:00,Avengers Compound,Vibranium (kg),2422.22,5.0,False
2025-12-16T06:00:00,Avengers Compound,Arc Reactor Cores,700.61,6.0,False
2025-12-16T06:00:00,Avengers Compound,Pym Particles,711.43,5.5,False
2025-12-16T06:00:00,Avengers Compound,Clean Water (L),2411.2,6.0,False
2025-12-16T06:00:00,Avengers Compound,Medical Kits,733.4,4.5,False
2025-12-16T07:00:00,New Asgard,Vibranium (kg),2426.21,5.39,False
2025-12-16T07:00:00,New Asgard,Arc Reactor Cores,705.6,6.47,False
2025-12-16T07:00:00,New Asgard,Pym Particles,716.24,5.93,False
2025-12-16T07:00:00,New Asgard,Clean Water (L),2405.98,6.47,False
2025-12-16T07:00:00,New Asgard,Medical Kits,734.02,4.85,False
2025-12-16T07:00:00,Wakanda,Vibranium (kg),2425.14,5.39,False
2025-12-16T07:00:00,Wakanda,Arc Reactor Cores,703.73,6.47,False
2025-12-16T07:00:00,Wakanda,Pym Particles,712.97,5.93,False
2025-12-16T07:00:00,Wakanda,Clean Water (L),2408.09,6.47,False
2025-12-16T07:00:00,Wakanda,Medical Kits,736.51,4.85,False
2025-12-16T07:00:00,Sokovia,Vibranium (kg),2427.96,5.39,False
2025-12-16T07:00:00,Sokovia,Arc Reactor Cores,703.89,6.47,False
2025-12-16T07:00:00,Sokovia,Pym Particles,714.31,5.93,False
2025-12-16T07:00:00,Sokovia,Clean Water (L),2401.62,6.47,False
2025-12-16T07:00:00,Sokovia,Medical Kits,734.71,4.85,False
2025-12-16T07:00:00,Sanctum Sanctorum,Vibranium (kg),2424.22,5.39,False
2025-12-16T07:00:00,Sanctum Sanctorum,Arc Reactor Cores,702.41,6.47,False
2025-12-16T07:00:00,Sanctum Sanctorum,Pym Particles,714.96,5.93,False
2025-12-16T07:00:00,Sanctum Sanctorum,Clean Water (L),2407.6,6.47,False
2025-12-16T07:00:00,Sanctum Sanctorum,Medical Kits,733.88,4.85,False
2025-12-16T07:00:00,Avengers Compound,Vibranium (kg),2422.04,5.39,False
2025-12-16T07:00:00,Avengers Compound,Arc Reactor Cores,700.81,6.47,False
2025-12-16T07:00:00,Avengers Compound,Pym Particles,712.05,5.93,False
2025-12-16T07:00:00,Avengers Compound,Clean Water (L),2409.6,6.47,False
2025-12-16T07:00:00,Avengers Compound,Medical Kits,733.25,4.85,False
2025-12-16T08:00:00,New Asgard,Vibranium (kg),2424.35,5.75,False
2025-12-16T08:00:00,New Asgard,Arc Reactor Cores,704.55,6.9,False
2025-12-16T08:00:00,New Asgard,Pym Particles,713.85,6.32,False
2025-12-16T08:00:00,New Asgard,Clean Water (L),2406.45,6.9,False
2025-12-16T08:00:00,New Asgard,Medical Kits,734.57,5.17,False
2025-12-16T08:00:00,Wakanda,Vibranium (kg),2424.84,5.75,False
2025-12-16T08:00:00,Wakanda,Arc Reactor Cores,702.54,6.9,False
2025-12-16T08:00:00,Wakanda,Pym Particles,712.72,6.32,False
2025-12-16T08:00:00,Wakanda,Clean Water (L),2407.45,6.9,False
2025-12-16T08:00:00,Wakanda,Medical Kits,736.59,5.17,False
2025-12-16T08:00:00,Sokovia,Vibranium (kg),2427.4,5.75,False
2025-12-16T08:00:00,Sokovia,Arc Reactor Cores,703.61,6.9,False
2025-12-16T08:00:00,Sokovia,Pym Particles,712.23,6.32,False
2025-12-16T08:00:00,Sokovia,Clean Water (L),2400.52,6.9,False
2025-12-16T08:00:00,Sokovia,Medical Kits,735.53,5.17,False
2025-12-16T08:00:00,Sanctum Sanctorum,Vibranium (kg),2424.07,5.75,False
2025-12-16T08:00:00,Sanctum Sanctorum,Arc Reactor Cores,701.74,6.9,False
2025-12-16T08:00:00,Sanctum Sanctorum,Pym Particles,713.63,6.32,False
2025-12-16T08:00:00,Sanctum Sanctorum,Clean Water (L),2406.91,6.9,False
2025-12-16T08:00:00,Sanctum Sanctorum,Medical Kits,731.92,5.17,False
2025-12-16T08:00:00,Avengers Compound,Vibranium (kg),2421.95,5.75,False
2025-12-16T08:00:00,Avengers Compound,Arc Reactor Cores,700.11,6.9,False
2025-12-16T08:00:00,Avengers Compound,Pym Particles,712.03,6.32,False
2025-12-16T08:00:00,Avengers Compound,Clean Water (L),2407.73,6.9,False
2025-12-16T08:00:00,Avengers Compound,Medical Kits,732.25,5.17,False
2025-12-16T09:00:00,New Asgard,Vibranium (kg),2422.96,6.06,False
2025-12-16T09:00:00,New Asgard,Arc Reactor Cores,702.72,7.27,False
2025-12-16T09:00:00,New Asgard,Pym Particles,712.9,6.67,False
2025-12-16T09:00:00,New Asgard,Clean Water (L),2405.3,7.27,False
2025-12-16T09:00:00,New Asgard,Medical Kits,733.19,5.45,False
2025-12-16T09:00:00,Wakanda,Vibranium (kg),2424.74,6.06,False
2025-12-16T09:00:00,Wakanda,Arc Reactor Cores,700.9,7.27,False
2025-12-16T09:00:00,Wakanda,Pym Particles,711.47,6.67,False
2025-12-16T09:00:00,Wakanda,Clean Water (L),2405.82,7.27,False
2025-12-16T09:00:00,Wakanda,Medical Kits,735.82,5.45,False
2025-12-16T09:00:00,Sokovia,Vibranium (kg),2425.81,6.06,False
2025-12-16T09:00:00,Sokovia,Arc Reactor Cores,702.84,7.27,False
2025-12-16T09:00:00,Sokovia,Pym Particles,711.76,6.67,False
2025-12-16T09:00:00,Sokovia,Clean Water (L),2399.21,7.27,False
2025-12-16T09:00:00,Sokovia,Medical Kits,734.4,5.45,False
2025-12-16T09:00:00,Sanctum Sanctorum,Vibranium (kg),2422.03,6.06,False
2025-12-16T09:00:00,Sanctum Sanctorum,Arc Reactor Cores,699.42,7.27,False
2025-12-16T09:00:00,Sanctum Sanctorum,Pym Particles,712.37,6.67,False
2025-12-16T09:00:00,Sanctum Sanctorum,Clean Water (L),2404.97,7.27,False
2025-12-16T09:00:00,Sanctum Sanctorum,Medical Kits,729.66,5.45,False
2025-12-16T09:00:00,Avengers Compound,Vibranium (kg),2421.59,6.06,False
2025-12-16T09:00:00,Avengers Compound,Arc Reactor Cores,699.8,7.27,False
2025-12-16T09:00:00,Avengers Compound,Pym Particles,710.22,6.67,False
2025-12-16T09:00:00,Avengers Compound,Clean Water (L),2405.14,7.27,False
2025-12-16T09:00:00,Avengers Compound,Medical Kits,731.01,5.45,False
2025-12-16T10:00:00,New Asgard,Vibranium (kg),2420.96,6.3,False
2025-12-16T10:00:00,New Asgard,Arc Reactor Cores,700.13,7.56,False
2025-12-16T10:00:00,New Asgard,Pym Particles,711.81,6.93,False
2025-12-16T10:00:00,New Asgard,Clean Water (L),2404.03,7.56,False
2025-12-16T10:00:00,New Asgard,Medical Kits,732.77,5.67,False
2025-12-16T10:00:00,Wakanda,Vibranium (kg),2423.24,6.3,False
2025-12-16T10:00:00,Wakanda,Arc Reactor Cores,700.85,7.56,False
2025-12-16T10:00:00,Wakanda,Pym Particles,710.34,6.93,False
2025-12-16T10:00:00,Wakanda,Clean Water (L),2402.29,7.56,False
2025-12-16T10:00:00,Wakanda,Medical Kits,735.36,5.67,False
2025-12-16T10:00:00,Sokovia,Vibranium (kg),2425.14,6.3,False
2025-12-16T10:00:00,Sokovia,Arc Reactor Cores,702.05,7.56,False
2025-12-16T10:00:00,Sokovia,Pym Particles,710.67,6.93,False
2025-12-16T10:00:00,Sokovia,Clean Water (L),2398.72,7.56,False
2025-12-16T10:00:00,Sokovia,Medical Kits,731.32,5.67,False
2025-12-16T10:00:00,Sanctum Sanctorum,Vibranium (kg),2420.97,6.3,False
2025-12-16T10:00:00,Sanctum Sanctorum,Arc Reactor Cores,699.08,7.56,False
2025-12-16T10:00:00,Sanctum Sanctorum,Pym Particles,710.5,6.93,False
2025-12-16T10:00:00,Sanctum Sanctorum,Clean Water (L),2403.51,7.56,False
2025-12-16T10:00:00,Sanctum Sanctorum,Medical Kits,729.82,5.67,False
2025-12-16T10:00:00,Avengers Compound,Vibranium (kg),2420.61,6.3,False
2025-12-16T10:00:00,Avengers Compound,Arc Reactor Cores,697.59,7.56,False
2025-12-16T10:00:00,Avengers Compound,Pym Particles,708.56,6.93,False
2025-12-16T10:00:00,Avengers Compound,Clean Water (L),2403.3,7.56,False
2025-12-16T10:00:00,Avengers Compound,Medical Kits,730.64,5.67,False
2025-12-16T11:00:00,New Asgard,Vibranium (kg),2419.26,6.45,False
2025-12-16T11:00:00,New Asgard,Arc Reactor Cores,699.36,7.74,False
2025-12-16T11:00:00,New Asgard,Pym Particles,711.07,7.09,False
2025-12-16T11:00:00,New Asgard,Clean Water (L),2402.08,7.74,False
2025-12-16T11:00:00,New Asgard,Medical Kits,730.59,5.8,False
2025-12-16T11:00:00,Wakanda,Vibranium (kg),2422.01,6.45,False
2025-12-16T11:00:00,Wakanda,Arc Reactor Cores,697.44,7.74,False
2025-12-16T11:00:00,Wakanda,Pym Particles,709.24,7.09,False
2025-12-16T11:00:00,Wakanda,Clean Water (L),2399.95,7.74,False
2025-12-16T11:00:00,Wakanda,Medical Kits,734.65,5.8,False
2025-12-16T11:00:00,Sokovia,Vibranium (kg),2423.75,6.45,False
2025-12-16T11:00:00,Sokovia,Arc Reactor Cores,699.89,7.74,False
2025-12-16T11:00:00,Sokovia,Pym Particles,709.43,7.09,False
2025-12-16T11:00:00,Sokovia,Clean Water (L),2398.33,7.74,False
2025-12-16T11:00:00,Sokovia,Medical Kits,729.63,5.8,False
2025-12-16T11:00:00,Sanctum Sanctorum,Vibranium (kg),2418.02,6.45,False
2025-12-16T11:00:00,Sanctum Sanctorum,Arc Reactor Cores,697.42,7.74,False
2025-12-16T11:00:00,Sanctum Sanctorum,Pym Particles,707.4,7.09,False
2025-12-16T11:00:00,Sanctum Sanctorum,Clean Water (L),2401.41,7.74,False
2025-12-16T11:00:00,Sanctum Sanctorum,Medical Kits,727.62,5.8,False
2025-12-16T11:00:00,Avengers Compound,Vibranium (kg),2418.98,6.45,False
2025-12-16T11:00:00,Avengers Compound,Arc Reactor Cores,696.78,7.74,False
2025-12-16T11:00:00,Avengers Compound,Pym Particles,707.28,7.09,False
2025-12-16T11:00:00,Avengers Compound,Clean Water (L),2402.39,7.74,False
2025-12-16T11:00:00,Avengers Compound,Medical Kits,730.2,5.8,False
2025-12-16T12:00:00,New Asgard,Vibranium (kg),2416.98,6.5,False
2025-12-16T12:00:00,New Asgard,Arc Reactor Cores,697.86,7.8,False
2025-12-16T12:00:00,New Asgard,Pym Particles,708.66,7.15,False
2025-12-16T12:00:00,New Asgard,Clean Water (L),2399.68,7.8,False
2025-12-16T12:00:00,New Asgard,Medical Kits,729.37,5.85,False
2025-12-16T12:00:00,Wakanda,Vibranium (kg),2420.45,6.5,False
2025-12-16T12:00:00,Wakanda,Arc Reactor Cores,695.72,7.8,False
2025-12-16T12:00:00,Wakanda,Pym Particles,708.82,7.15,False
2025-12-16T12:00:00,Wakanda,Clean Water (L),2397.68,7.8,False
2025-12-16T12:00:00,Wakanda,Medical Kits,733.46,5.85,False
2025-12-16T12:00:00,Sokovia,Vibranium (kg),2421.08,6.5,False
2025-12-16T12:00:00,Sokovia,Arc Reactor Cores,697.79,7.8,False
2025-12-16T12:00:00,Sokovia,Pym Particles,707.62,7.15,False
2025-12-16T12:00:00,Sokovia,Clean Water (L),2395.26,7.8,False
2025-12-16T12:00:00,Sokovia,Medical Kits,727.98,5.85,False
2025-12-16T12:00:00,Sanctum Sanctorum,Vibranium (kg),2415.96,6.5,False
2025-12-16T12:00:00,Sanctum Sanctorum,Arc Reactor Cores,694.2,7.8,False
2025-12-16T12:00:00,Sanctum Sanctorum,Pym Particles,705.79,7.15,False
2025-12-16T12:00:00,Sanctum Sanctorum,Clean Water (L),2401.17,7.8,False
2025-12-16T12:00:00,Sanctum Sanctorum,Medical Kits,724.54,5.85,False
2025-12-16T12:00:00,Avengers Compound,Vibranium (kg),2419.33,6.5,False
2025-12-16T12:00:00,Avengers Compound,Arc Reactor Cores,694.17,7.8,False
2025-12-16T12:00:00,Avengers Compound,Pym Particles,706.55,7.15,False
2025-12-16T12:00:00,Avengers Compound,Clean Water (L),2400.83,7.8,False
2025-12-16T12:00:00,Avengers Compound,Medical Kits,730.27,5.85,False
2025-12-16T13:00:00,New Asgard,Vibranium (kg),2416.05,6.45,False
2025-12-16T13:00:00,New Asgard,Arc Reactor Cores,697.6,7.74,False
2025-12-16T13:00:00,New Asgard,Pym Particles,707.17,7.09,False
2025-12-16T13:00:00,New Asgard,Clean Water (L),2396.76,7.74,False
2025-12-16T13:00:00,New Asgard,Medical Kits,726.93,5.8,False
2025-12-16T13:00:00,Wakanda,Vibranium (kg),2418.47,6.45,False
2025-12-16T13:00:00,Wakanda,Arc Reactor Cores,695.48,7.74,False
2025-12-16T13:00:00,Wakanda,Pym Particles,707.45,7.09,False
2025-12-16T13:00:00,Wakanda,Clean Water (L),2396.11,7.74,False
2025-12-16T13:00:00,Wakanda,Medical Kits,732.66,5.8,False
2025-12-16T13:00:00,Sokovia,Vibranium (kg),2420.35,6.45,False
2025-12-16T13:00:00,Sokovia,Arc Reactor Cores,695.99,7.74,False
2025-12-16T13:00:00,Sokovia,Pym Particles,705.06,7.09,False
2025-12-16T13:00:00,Sokovia,Clean Water (L),2393.9,7.74,False
2025-12-16T13:00:00,Sokovia,Medical Kits,725.32,5.8,False
2025-12-16T13:00:00,Sanctum Sanctorum,Vibranium (kg),2413.09,6.45,False
2025-12-16T13:00:00,Sanctum Sanctorum,Arc Reactor Cores,694.32,7.74,False
2025-12-16T13:00:00,Sanctum Sanctorum,Pym Particles,704.44,7.09,False
2025-12-16T13:00:00,Sanctum Sanctorum,Clean Water (L),2400.01,7.74,False
2025-12-16T13:00:00,Sanctum Sanctorum,Medical Kits,724.6,5.8,False
2025-12-16T13:00:00,Avengers Compound,Vibranium (kg),2419.42,6.45,False
2025-12-16T13:00:00,Avengers Compound,Arc Reactor Cores,691.05,7.74,False
2025-12-16T13:00:00,Avengers Compound,Pym Particles,705.18,7.09,False
2025-12-16T13:00:00,Avengers Compound,Clean Water (L),2398.73,7.74,False
2025-12-16T13:00:00,Avengers Compound,Medical Kits,727.65,5.8,False
2025-12-16T14:00:00,New Asgard,Vibranium (kg),2413.8,6.3,False
2025-12-16T14:00:00,New Asgard,Arc Reactor Cores,695.98,7.56,False
2025-12-16T14:00:00,New Asgard,Pym Particles,705.25,6.93,False
2025-12-16T14:00:00,New Asgard,Clean Water (L),2394.92,7.56,False
2025-12-16T14:00:00,New Asgard,Medical Kits,724.66,5.67,False
2025-12-16T14:00:00,Wakanda,Vibranium (kg),2417.6,6.3,False
2025-12-16T14:00:00,Wakanda,Arc Reactor Cores,693.61,7.56,False
2025-12-16T14:00:00,Wakanda,Pym Particles,705.97,6.93,False
2025-12-16T14:00:00,Wakanda,Clean Water (L),2395.27,7.56,False
2025-12-16T14:00:00,Wakanda,Medical Kits,730.39,5.67,False
2025-12-16T14:00:00,Sokovia,Vibranium (kg),2419.79,6.3,False
2025-12-16T14:00:00,Sokovia,Arc Reactor Cores,694.8,7.56,False
2025-12-16T14:00:00,Sokovia,Pym Particles,705.17,6.93,False
2025-12-16T14:00:00,Sokovia,Clean Water (L),2392.3,7.56,False
2025-12-16T14:00:00,Sokovia,Medical Kits,724.22,5.67,False
2025-12-16T14:00:00,Sanctum Sanctorum,Vibranium (kg),2413.5,6.3,False
2025-12-16T14:00:00,Sanctum Sanctorum,Arc Reactor Cores,694.95,7.56,False
2025-12-16T14:00:00,Sanctum Sanctorum,Pym Particles,703.25,6.93,False
2025-12-16T14:00:00,Sanctum Sanctorum,Clean Water (L),2399.13,7.56,False
2025-12-16T14:00:00,Sanctum Sanctorum,Medical Kits,724.19,5.67,False
2025-12-16T14:00:00,Avengers Compound,Vibranium (kg),2418.13,6.3,False
2025-12-16T14:00:00,Avengers Compound,Arc Reactor Cores,689.68,7.56,False
2025-12-16T14:00:00,Avengers Compound,Pym Particles,704.29,6.93,False
2025-12-16T14:00:00,Avengers Compound,Clean Water (L),2396.48,7.56,False
2025-12-16T14:00:00,Avengers Compound,Medical Kits,726.28,5.67,False
2025-12-16T15:00:00,New Asgard,Vibranium (kg),2411.85,6.06,False
2025-12-16T15:00:00,New Asgard,Arc Reactor Cores,694.0,7.27,False
2025-12-16T15:00:00,New Asgard,Pym Particles,702.58,6.67,False
2025-12-16T15:00:00,New Asgard,Clean Water (L),2394.41,7.27,False
2025-12-16T15:00:00,New Asgard,Medical Kits,722.9,5.45,False
2025-12-16T15:00:00,Wakanda,Vibranium (kg),2417.4,6.06,False
2025-12-16T15:00:00,Wakanda,Arc Reactor Cores,692.68,7.27,False
2025-12-16T15:00:00,Wakanda,Pym Particles,704.93,6.67,False
2025-12-16T15:00:00,Wakanda,Clean Water (L),2393.48,7.27,False
2025-12-16T15:00:00,Wakanda,Medical Kits,728.4,5.45,False
2025-12-16T15:00:00,Sokovia,Vibranium (kg),2419.19,6.06,False
2025-12-16T15:00:00,Sokovia,Arc Reactor Cores,692.88,7.27,False
2025-12-16T15:00:00,Sokovia,Pym Particles,703.83,6.67,False
2025-12-16T15:00:00,Sokovia,Clean Water (L),2391.35,7.27,False
2025-12-16T15:00:00,Sokovia,Medical Kits,723.13,5.45,False
2025-12-16T15:00:00,Sanctum Sanctorum,Vibranium (kg),2411.9,6.06,False
2025-12-16T15:00:00,Sanctum Sanctorum,Arc Reactor Cores,695.06,7.27,False
2025-12-16T15:00:00,Sanctum Sanctorum,Pym Particles,701.21,6.67,False
2025-12-16T15:00:00,Sanctum Sanctorum,Clean Water (L),2397.67,7.27,False
2025-12-16T15:00:00,Sanctum Sanctorum,Medical Kits,723.78,5.45,False
2025-12-16T15:00:00,Avengers Compound,Vibranium (kg),2415.85,6.06,False
2025-12-16T15:00:00,Avengers Compound,Arc Reactor Cores,688.73,7.27,False
2025-12-16T15:00:00,Avengers Compound,Pym Particles,701.87,6.67,False
2025-12-16T15:00:00,Avengers Compound,Clean Water (L),2395.56,7.27,False
2025-12-16T15:00:00,Avengers Compound,Medical Kits,725.11,5.45,False
2025-12-16T16:00:00,New Asgard,Vibranium (kg),2411.57,5.75,False
2025-12-16T16:00:00,New Asgard,Arc Reactor Cores,693.82,6.9,False
2025-12-16T16:00:00,New Asgard,Pym Particles,702.81,6.32,False
2025-12-16T16:00:00,New Asgard,Clean Water (L),2394.16,6.9,False
2025-12-16T16:00:00,New Asgard,Medical Kits,722.05,5.17,False
2025-12-16T16:00:00,Wakanda,Vibranium (kg),2417.25,5.75,False
2025-12-16T16:00:00,Wakanda,Arc Reactor Cores,691.99,6.9,False
2025-12-16T16:00:00,Wakanda,Pym Particles,704.42,6.32,False
2025-12-16T16:00:00,Wakanda,Clean Water (L),2391.85,6.9,False
2025-12-16T16:00:00,Wakanda,Medical Kits,728.7,5.17,False
2025-12-16T16:00:00,Sokovia,Vibranium (kg),2419.44,5.75,False
2025-12-16T16:00:00,Sokovia,Arc Reactor Cores,692.81,6.9,False
2025-12-16T16:00:00,Sokovia,Pym Particles,703.01,6.32,False
2025-12-16T16:00:00,Sokovia,Clean Water (L),2390.73,6.9,False
2025-12-16T16:00:00,Sokovia,Medical Kits,721.62,5.17,False
2025-12-16T16:00:00,Sanctum Sanctorum,Vibranium (kg),2412.36,5.75,False
2025-12-16T16:00:00,Sanctum Sanctorum,Arc Reactor Cores,693.99,6.9,False
2025-12-16T16:00:00,Sanctum Sanctorum,Pym Particles,701.55,6.32,False
2025-12-16T16:00:00,Sanctum Sanctorum,Clean Water (L),2396.74,6.9,False
2025-12-16T16:00:00,Sanctum Sanctorum,Medical Kits,724.36,5.17,False
2025-12-16T16:00:00,Avengers Compound,Vibranium (kg),2416.34,5.75,False
2025-12-16T16:00:00,Avengers Compound,Arc Reactor Cores,689.11,6.9,False
2025-12-16T16:00:00,Avengers Compound,Pym Particles,701.6,6.32,False
2025-12-16T16:00:00,Avengers Compound,Clean Water (L),2395.45,6.9,False
2025-12-16T16:00:00,Avengers Compound,Medical Kits,724.57,5.17,False
2025-12-16T17:00:00,New Asgard,Vibranium (kg),2410.31,5.39,False
2025-12-16T17:00:00,New Asgard,Arc Reactor Cores,691.93,6.47,False
2025-12-16T17:00:00,New Asgard,Pym Particles,703.46,5.93,False
2025-12-16T17:00:00,New Asgard,Clean Water (L),2392.79,6.47,False
2025-12-16T17:00:00,New Asgard,Medical Kits,721.9,4.85,False
2025-12-16T17:00:00,Wakanda,Vibranium (kg),2417.2,5.39,False
2025-12-16T17:00:00,Wakanda,Arc Reactor Cores,691.79,6.47,False
2025-12-16T17:00:00,Wakanda,Pym Particles,704.0,5.93,False
2025-12-16T17:00:00,Wakanda,Clean Water (L),2390.58,6.47,False
2025-12-16T17:00:00,Wakanda,Medical Kits,728.12,4.85,False
2025-12-16T17:00:00,Sokovia,Vibranium (kg),2418.12,5.39,False
2025-12-16T17:00:00,Sokovia,Arc Reactor Cores,692.62,6.47,False
2025-12-16T17:00:00,Sokovia,Pym Particles,703.38,5.93,False
2025-12-16T17:00:00,Sokovia,Clean Water (L),2391.39,6.47,False
2025-12-16T17:00:00,Sokovia,Medical Kits,722.93,4.85,False
2025-12-16T17:00:00,Sanctum Sanctorum,Vibranium (kg),2412.38,5.39,False
2025-12-16T17:00:00,Sanctum Sanctorum,Arc Reactor Cores,693.27,6.47,False
2025-12-16T17:00:00,Sanctum Sanctorum,Pym Particles,701.84,5.93,False
2025-12-16T17:00:00,Sanctum Sanctorum,Clean Water (L),2396.69,6.47,False
2025-12-16T17:00:00,Sanctum Sanctorum,Medical Kits,723.24,4.85,False
2025-12-16T17:00:00,Avengers Compound,Vibranium (kg),2416.34,5.39,False
2025-12-16T17:00:00,Avengers Compound,Arc Reactor Cores,690.07,6.47,False
2025-12-16T17:00:00,Avengers Compound,Pym Particles,701.16,5.93,False
2025-12-16T17:00:00,Avengers Compound,Clean Water (L),2397.06,6.47,False
2025-12-16T17:00:00,Avengers Compound,Medical Kits,724.09,4.85,False
2025-12-16T18:00:00,New Asgard,Vibranium (kg),2411.07,5.0,False
2025-12-16T18:00:00,New Asgard,Arc Reactor Cores,692.38,6.0,False
2025-12-16T18:00:00,New Asgard,Pym Particles,705.13,5.5,False
2025-12-16T18:00:00,New Asgard,Clean Water (L),2393.96,6.0,False
2025-12-16T18:00:00,New Asgard,Medical Kits,723.22,4.5,False
2025-12-16T18:00:00,Wakanda,Vibranium (kg),2416.32,5.0,False
2025-12-16T18:00:00,Wakanda,Arc Reactor Cores,693.42,6.0,False
2025-12-16T18:00:00,Wakanda,Pym Particles,705.17,5.5,False
2025-12-16T18:00:00,Wakanda,Clean Water (L),2390.19,6.0,False
2025-12-16T18:00:00,Wakanda,Medical Kits,728.94,4.5,False
2025-12-16T18:00:00,Sokovia,Vibranium (kg),2417.93,5.0,False
2025-12-16T18:00:00,Sokovia,Arc Reactor Cores,692.62,6.0,False
2025-12-16T18:00:00,Sokovia,Pym Particles,702.88,5.5,False
2025-12-16T18:00:00,Sokovia,Clean Water (L),2391.98,6.0,False
2025-12-16T18:00:00,Sokovia,Medical Kits,723.43,4.5,False
2025-12-16T18:00:00,Sanctum Sanctorum,Vibranium (kg),2413.53,5.0,False
2025-12-16T18:00:00,Sanctum Sanctorum,Arc Reactor Cores,692.88,6.0,False
2025-12-16T18:00:00,Sanctum Sanctorum,Pym Particles,702.86,5.5,False
2025-12-16T18:00:00,Sanctum Sanctorum,Clean Water (L),2397.28,6.0,False
2025-12-16T18:00:00,Sanctum Sanctorum,Medical Kits,723.33,4.5,False
2025-12-16T18:00:00,Avengers Compound,Vibranium (kg),2416.94,5.0,False
2025-12-16T18:00:00,Avengers Compound,Arc Reactor Cores,690.52,6.0,False
2025-12-16T18:00:00,Avengers Compound,Pym Particles,699.8,5.5,False
2025-12-16T18:00:00,Avengers Compound,Clean Water (L),2397.73,6.0,False
2025-12-16T18:00:00,Avengers Compound,Medical Kits,723.83,4.5,False
2025-12-16T19:00:00,New Asgard,Vibranium (kg),2411.06,4.61,False
2025-12-16T19:00:00,New Asgard,Arc Reactor Cores,693.64,5.53,False
2025-12-16T19:00:00,New Asgard,Pym Particles,705.65,5.07,False
2025-12-16T19:00:00,New Asgard,Clean Water (L),2393.71,5.53,False
2025-12-16T19:00:00,New Asgard,Medical Kits,724.15,4.15,False
2025-12-16T19:00:00,Wakanda,Vibranium (kg),2417.7,4.61,False
2025-12-16T19:00:00,Wakanda,Arc Reactor Cores,694.78,5.53,False
2025-12-16T19:00:00,Wakanda,Pym Particles,707.08,5.07,False
2025-12-16T19:00:00,Wakanda,Clean Water (L),2389.43,5.53,False
2025-12-16T19:00:00,Wakanda,Medical Kits,728.6,4.15,False
2025-12-16T19:00:00,Sokovia,Vibranium (kg),2418.0,4.61,False
2025-12-16T19:00:00,Sokovia,Arc Reactor Cores,694.44,5.53,False
2025-12-16T19:00:00,Sokovia,Pym Particles,703.33,5.07,False
2025-12-16T19:00:00,Sokovia,Clean Water (L),2393.87,5.53,False
2025-12-16T19:00:00,Sokovia,Medical Kits,723.39,4.15,False
2025-12-16T19:00:00,Sanctum Sanctorum,Vibranium (kg),2414.01,4.61,False
2025-12-16T19:00:00,Sanctum Sanctorum,Arc Reactor Cores,693.92,5.53,False
2025-12-16T19:00:00,Sanctum Sanctorum,Pym Particles,702.61,5.07,False
2025-12-16T19:00:00,Sanctum Sanctorum,Clean Water (L),2399.61,5.53,False
2025-12-16T19:00:00,Sanctum Sanctorum,Medical Kits,722.9,4.15,False
2025-12-16T19:00:00,Avengers Compound,Vibranium (kg),2416.33,4.61,False
2025-12-16T19:00:00,Avengers Compound,Arc Reactor Cores,690.69,5.53,False
2025-12-16T19:00:00,Avengers Compound,Pym Particles,700.88,5.07,False
2025-12-16T19:00:00,Avengers Compound,Clean Water (L),2397.98,5.53,False
2025-12-16T19:00:00,Avengers Compound,Medical Kits,726.15,4.15,False
2025-12-16T20:00:00,New Asgard,Vibranium (kg),2410.88,4.25,False
2025-12-16T20:00:00,New Asgard,Arc Reactor Cores,694.55,5.1,False
2025-12-16T20:00:00,New Asgard,Pym Particles,707.59,4.68,False
2025-12-16T20:00:00,New Asgard,Clean Water (L),2395.52,5.1,False
2025-12-16T20:00:00,New Asgard,Medical Kits,724.71,3.83,False
2025-12-16T20:00:00,Wakanda,Vibranium (kg),2417.31,4.25,False
2025-12-16T20:00:00,Wakanda,Arc Reactor Cores,696.11,5.1,False
2025-12-16T20:00:00,Wakanda,Pym Particles,709.32,4.68,False
2025-12-16T20:00:00,Wakanda,Clean Water (L),2390.75,5.1,False
2025-12-16T20:00:00,Wakanda,Medical Kits,729.43,3.83,False
2025-12-16T20:00:00,Sokovia,Vibranium (kg),2419.23,4.25,False
2025-12-16T20:00:00,Sokovia,Arc Reactor Cores,696.92,5.1,False
2025-12-16T20:00:00,Sokovia,Pym Particles,704.73,4.68,False
2025-12-16T20:00:00,Sokovia,Clean Water (L),2395.08,5.1,False
2025-12-16T20:00:00,Sokovia,Medical Kits,725.1,3.83,False
2025-12-16T20:00:00,Sanctum Sanctorum,Vibranium (kg),2415.23,4.25,False
2025-12-16T20:00:00,Sanctum Sanctorum,Arc Reactor Cores,694.7,5.1,False
2025-12-16T20:00:00,Sanctum Sanctorum,Pym Particles,704.32,4.68,False
2025-12-16T20:00:00,Sanctum Sanctorum,Clean Water (L),2400.7,5.1,False
2025-12-16T20:00:00,Sanctum Sanctorum,Medical Kits,723.41,3.83,False
2025-12-16T20:00:00,Avengers Compound,Vibranium (kg),2416.77,4.25,False
2025-12-16T20:00:00,Avengers Compound,Arc Reactor Cores,692.42,5.1,False
2025-12-16T20:00:00,Avengers Compound,Pym Particles,702.11,4.68,False
2025-12-16T20:00:00,Avengers Compound,Clean Water (L),2398.61,5.1,False
2025-12-16T20:00:00,Avengers Compound,Medical Kits,727.03,3.83,False
2025-12-16T21:00:00,New Asgard,Vibranium (kg),2413.82,3.94,False
2025-12-16T21:00:00,New Asgard,Arc Reactor Cores,695.99,4.73,False
2025-12-16T21:00:00,New Asgard,Pym Particles,709.0,4.33,False
2025-12-16T21:00:00,New Asgard,Clean Water (L),2397.25,4.73,False
2025-12-16T21:00:00,New Asgard,Medical Kits,724.46,3.55,False
2025-12-16T21:00:00,Wakanda,Vibranium (kg),2418.14,3.94,False
2025-12-16T21:00:00,Wakanda,Arc Reactor Cores,697.52,4.73,False
2025-12-16T21:00:00,Wakanda,Pym Particles,710.97,4.33,False
2025-12-16T21:00:00,Wakanda,Clean Water (L),2391.68,4.73,False
2025-12-16T21:00:00,Wakanda,Medical Kits,731.15,3.55,False
2025-12-16T21:00:00,Sokovia,Vibranium (kg),2419.38,3.94,False
2025-12-16T21:00:00,Sokovia,Arc Reactor Cores,698.73,4.73,False
2025-12-16T21:00:00,Sokovia,Pym Particles,707.16,4.33,False
2025-12-16T21:00:00,Sokovia,Clean Water (L),2396.89,4.73,False
2025-12-16T21:00:00,Sokovia,Medical Kits,725.35,3.55,False
2025-12-16T21:00:00,Sanctum Sanctorum,Vibranium (kg),2415.11,3.94,False
2025-12-16T21:00:00,Sanctum Sanctorum,Arc Reactor Cores,697.65,4.73,False
2025-12-16T21:00:00,Sanctum Sanctorum,Pym Particles,706.24,4.33,False
2025-12-16T21:00:00,Sanctum Sanctorum,Clean Water (L),2402.49,4.73,False
2025-12-16T21:00:00,Sanctum Sanctorum,Medical Kits,724.44,3.55,False
2025-12-16T21:00:00,Avengers Compound,Vibranium (kg),2419.33,3.94,False
2025-12-16T21:00:00,Avengers Compound,Arc Reactor Cores,693.69,4.73,False
2025-12-16T21:00:00,Avengers Compound,Pym Particles,704.41,4.33,False
2025-12-16T21:00:00,Avengers Compound,Clean Water (L),2401.12,4.73,False
2025-12-16T21:00:00,Avengers Compound,Medical Kits,729.07,3.55,False
2025-12-16T22:00:00,New Asgard,Vibranium (kg),2415.22,3.7,False
2025-12-16T22:00:00,New Asgard,Arc Reactor Cores,697.43,4.44,False
2025-12-16T22:00:00,New Asgard,Pym Particles,711.83,4.07,False
2025-12-16T22:00:00,New Asgard,Clean Water (L),2400.05,4.44,False
2025-12-16T22:00:00,New Asgard,Medical Kits,727.69,3.33,False
2025-12-16T22:00:00,Wakanda,Vibranium (kg),2419.58,3.7,False
2025-12-16T22:00:00,Wakanda,Arc Reactor Cores,697.86,4.44,False
2025-12-16T22:00:00,Wakanda,Pym Particles,712.09,4.07,False
2025-12-16T22:00:00,Wakanda,Clean Water (L),2393.08,4.44,False
2025-12-16T22:00:00,Wakanda,Medical Kits,733.59,3.33,False
2025-12-16T22:00:00,Sokovia,Vibranium (kg),2420.7,3.7,False
2025-12-16T22:00:00,Sokovia,Arc Reactor Cores,701.28,4.44,False
2025-12-16T22:00:00,Sokovia,Pym Particles,708.13,4.07,False
2025-12-16T22:00:00,Sokovia,Clean Water (L),2399.87,4.44,False
2025-12-16T22:00:00,Sokovia,Medical Kits,727.9,3.33,False
2025-12-16T22:00:00,Sanctum Sanctorum,Vibranium (kg),2416.44,3.7,False
2025-12-16T22:00:00,Sanctum Sanctorum,Arc Reactor Cores,699.45,4.44,False
2025-12-16T22:00:00,Sanctum Sanctorum,Pym Particles,708.26,4.07,False
2025-12-16T22:00:00,Sanctum Sanctorum,Clean Water (L),2402.94,4.44,False
2025-12-16T22:00:00,Sanctum Sanctorum,Medical Kits,726.54,3.33,False
2025-12-16T22:00:00,Avengers Compound,Vibranium (kg),2420.72,3.7,False
2025-12-16T22:00:00,Avengers Compound,Arc Reactor Cores,694.68,4.44,False
2025-12-16T22:00:00,Avengers Compound,Pym Particles,706.62,4.07,False
2025-12-16T22:00:00,Avengers Compound,Clean Water (L),2403.62,4.44,False
2025-12-16T22:00:00,Avengers Compound,Medical Kits,730.48,3.33,False
2025-12-16T23:00:00,New Asgard,Vibranium (kg),2418.3,3.55,False
2025-12-16T23:00:00,New Asgard,Arc Reactor Cores,698.01,4.26,False
2025-12-16T23:00:00,New Asgard,Pym Particles,713.99,3.91,False
2025-12-16T23:00:00,New Asgard,Clean Water (L),2402.48,4.26,False
2025-12-16T23:00:00,New Asgard,Medical Kits,729.24,3.2,False
2025-12-16T23:00:00,Wakanda,Vibranium (kg),2421.59,3.55,False
2025-12-16T23:00:00,Wakanda,Arc Reactor Cores,700.34,4.26,False
2025-12-16T23:00:00,Wakanda,Pym Particles,714.51,3.91,False
2025-12-16T23:00:00,Wakanda,Clean Water (L),2395.3,4.26,False
2025-12-16T23:00:00,Wakanda,Medical Kits,733.1,3.2,False
2025-12-16T23:00:00,Sokovia,Vibranium (kg),2421.92,3.55,False
2025-12-16T23:00:00,Sokovia,Arc Reactor Cores,702.73,4.26,False
2025-12-16T23:00:00,Sokovia,Pym Particles,709.81,3.91,False
2025-12-16T23:00:00,Sokovia,Clean Water (L),2401.05,4.26,False
2025-12-16T23:00:00,Sokovia,Medical Kits,729.06,3.2,False
2025-12-16T23:00:00,Sanctum Sanctorum,Vibranium (kg),2417.2,3.55,False
2025-12-16T23:00:00,Sanctum Sanctorum,Arc Reactor Cores,702.24,4.26,False
2025-12-16T23:00:00,Sanctum Sanctorum,Pym Particles,710.14,3.91,False
2025-12-16T23:00:00,Sanctum Sanctorum,Clean Water (L),2403.83,4.26,False
2025-12-16T23:00:00,Sanctum Sanctorum,Medical Kits,727.39,3.2,False
2025-12-16T23:00:00,Avengers Compound,Vibranium (kg),2422.47,3.55,False
2025-12-16T23:00:00,Avengers Compound,Arc Reactor Cores,695.95,4.26,False
2025-12-16T23:00:00,Avengers Compound,Pym Particles,708.34,3.91,False
2025-12-16T23:00:00,Avengers Compound,Clean Water (L),2405.98,4.26,False
2025-12-16T23:00:00,Avengers Compound,Medical Kits,731.83,3.2,False
2025-12-17T00:00:00,New Asgard,Vibranium (kg),2419.66,3.5,False
2025-12-17T00:00:00,New Asgard,Arc Reactor Cores,700.55,4.2,False
2025-12-17T00:00:00,New Asgard,Pym Particles,713.57,3.85,False
2025-12-17T00:00:00,New Asgard,Clean Water (L),2405.17,4.2,False
2025-12-17T00:00:00,New Asgard,Medical Kits,729.72,3.15,False
2025-12-17T00:00:00,Wakanda,Vibranium (kg),2422.7,3.5,False
2025-12-17T00:00:00,Wakanda,Arc Reactor Cores,702.93,4.2,False
2025-12-17T00:00:00,Wakanda,Pym Particles,714.82,3.85,False
2025-12-17T00:00:00,Wakanda,Clean Water (L),2397.28,4.2,False
2025-12-17T00:00:00,Wakanda,Medical Kits,733.61,3.15,False
2025-12-17T00:00:00,Sokovia,Vibranium (kg),2423.65,3.5,False
2025-12-17T00:00:00,Sokovia,Arc Reactor Cores,703.69,4.2,False
2025-12-17T00:00:00,Sokovia,Pym Particles,710.64,3.85,False
2025-12-17T00:00:00,Sokovia,Clean Water (L),2402.19,4.2,False
2025-12-17T00:00:00,Sokovia,Medical Kits,729.71,3.15,False
2025-12-17T00:00:00,Sanctum Sanctorum,Vibranium (kg),2419.05,3.5,False
2025-12-17T00:00:00,Sanctum Sanctorum,Arc Reactor Cores,704.2,4.2,False
2025-12-17T00:00:00,Sanctum Sanctorum,Pym Particles,711.14,3.85,False
2025-12-17T00:00:00,Sanctum Sanctorum,Clean Water (L),2404.64,4.2,False
2025-12-17T00:00:00,Sanctum Sanctorum,Medical Kits,728.69,3.15,False
2025-12-17T00:00:00,Avengers Compound,Vibranium (kg),2423.5,3.5,False
2025-12-17T00:00:00,Avengers Compound,Arc Reactor Cores,697.63,4.2,False
2025-12-17T00:00:00,Avengers Compound,Pym Particles,708.88,3.85,False
2025-12-17T00:00:00,Avengers Compound,Clean Water (L),2408.45,4.2,False
2025-12-17T00:00:00,Avengers Compound,Medical Kits,734.22,3.15,False
2025-12-17T01:00:00,New Asgard,Vibranium (kg),2421.13,3.55,False
2025-12-17T01:00:00,New Asgard,Arc Reactor Cores,701.67,4.26,False
2025-12-17T01:00:00,New Asgard,Pym Particles,713.31,3.91,False
2025-12-17T01:00:00,New Asgard,Clean Water (L),2406.58,4.26,False
2025-12-17T01:00:00,New Asgard,Medical Kits,730.85,3.2,False
2025-12-17T01:00:00,Wakanda,Vibranium (kg),2424.27,3.55,False
2025-12-17T01:00:00,Wakanda,Arc Reactor Cores,703.15,4.26,False
2025-12-17T01:00:00,Wakanda,Pym Particles,716.39,3.91,False
2025-12-17T01:00:00,Wakanda,Clean Water (L),2398.73,4.26,False
2025-12-17T01:00:00,Wakanda,Medical Kits,736.01,3.2,False
2025-12-17T01:00:00,Sokovia,Vibranium (kg),2424.68,3.55,False
2025-12-17T01:00:00,Sokovia,Arc Reactor Cores,704.1,4.26,False
2025-12-17T01:00:00,Sokovia,Pym Particles,711.17,3.91,False
2025-12-17T01:00:00,Sokovia,Clean Water (L),2404.05,4.26,False
2025-12-17T01:00:00,Sokovia,Medical Kits,731.16,3.2,False
2025-12-17T01:00:00,Sanctum Sanctorum,Vibranium (kg),2420.1,3.55,False
2025-12-17T01:00:00,Sanctum Sanctorum,Arc Reactor Cores,706.82,4.26,False
2025-12-17T01:00:00,Sanctum Sanctorum,Pym Particles,712.43,3.91,False
2025-12-17T01:00:00,Sanctum Sanctorum,Clean Water (L),2407.58,4.26,False
2025-12-17T01:00:00,Sanctum Sanctorum,Medical Kits,729.95,3.2,False
2025-12-17T01:00:00,Avengers Compound,Vibranium (kg),2424.47,3.55,False
2025-12-17T01:00:00,Avengers Compound,Arc Reactor Cores,700.79,4.26,False
2025-12-17T01:00:00,Avengers Compound,Pym Particles,710.17,3.91,False
2025-12-17T01:00:00,Avengers Compound,Clean Water (L),2410.15,4.26,False
2025-12-17T01:00:00,Avengers Compound,Medical Kits,734.6,3.2,False
2025-12-17T02:00:00,New Asgard,Vibranium (kg),2422.43,3.7,False
2025-12-17T02:00:00,New Asgard,Arc Reactor Cores,703.66,4.44,False
2025-12-17T02:00:00,New Asgard,Pym Particles,714.78,4.07,False
2025-12-17T02:00:00,New Asgard,Clean Water (L),2406.03,4.44,False
2025-12-17T02:00:00,New Asgard,Medical Kits,732.0,3.33,False
2025-12-17T02:00:00,Wakanda,Vibranium (kg),2425.49,3.7,False
2025-12-17T02:00:00,Wakanda,Arc Reactor Cores,703.64,4.44,False
2025-12-17T02:00:00,Wakanda,Pym Particles,717.23,4.07,False
2025-12-17T02:00:00,Wakanda,Clean Water (L),2402.14,4.44,False
2025-12-17T02:00:00,Wakanda,Medical Kits,736.15,3.33,False
2025-12-17T02:00:00,Sokovia,Vibranium (kg),2425.22,3.7,False
2025-12-17T02:00:00,Sokovia,Arc Reactor Cores,703.57,4.44,False
2025-12-17T02:00:00,Sokovia,Pym Particles,713.54,4.07,False
2025-12-17T02:00:00,Sokovia,Clean Water (L),2404.15,4.44,False
2025-12-17T02:00:00,Sokovia,Medical Kits,732.65,3.33,False
2025-12-17T02:00:00,Sanctum Sanctorum,Vibranium (kg),2421.47,3.7,False
2025-12-17T02:00:00,Sanctum Sanctorum,Arc Reactor Cores,707.57,4.44,False
2025-12-17T02:00:00,Sanctum Sanctorum,Pym Particles,714.71,4.07,False
2025-12-17T02:00:00,Sanctum Sanctorum,Clean Water (L),2407.25,4.44,False
2025-12-17T02:00:00,Sanctum Sanctorum,Medical Kits,729.55,3.33,False
2025-12-17T02:00:00,Avengers Compound,Vibranium (kg),2426.92,3.7,False
2025-12-17T02:00:00,Avengers Compound,Arc Reactor Cores,701.87,4.44,False
2025-12-17T02:00:00,Avengers Compound,Pym Particles,711.83,4.07,False
2025-12-17T02:00:00,Avengers Compound,Clean Water (L),2410.28,4.44,False
2025-12-17T02:00:00,Avengers Compound,Medical Kits,734.62,3.33,False
2025-12-17T03:00:00,New Asgard,Vibranium (kg),2422.77,3.94,False
2025-12-17T03:00:00,New Asgard,Arc Reactor Cores,702.98,4.73,False
2025-12-17T03:00:00,New Asgard,Pym Particles,716.53,4.33,False
2025-12-17T03:00:00,New Asgard,Clean Water (L),2406.73,4.73,False
2025-12-17T03:00:00,New Asgard,Medical Kits,731.68,3.55,False
2025-12-17T03:00:00,Wakanda,Vibranium (kg),2425.98,3.94,False
2025-12-17T03:00:00,Wakanda,Arc Reactor Cores,704.74,4.73,False
2025-12-17T03:00:00,Wakanda,Pym Particles,717.94,4.33,False
2025-12-17T03:00:00,Wakanda,Clean Water (L),2402.27,4.73,False
2025-12-17T03:00:00,Wakanda,Medical Kits,736.39,3.55,False
2025-12-17T03:00:00,Sokovia,Vibranium (kg),2426.78,3.94,False
2025-12-17T03:00:00,Sokovia,Arc Reactor Cores,705.66,4.73,False
2025-12-17T03:00:00,Sokovia,Pym Particles,715.43,4.33,False
2025-12-17T03:00:00,Sokovia,Clean Water (L),2406.1,4.73,False
2025-12-17T03:00:00,Sokovia,Medical Kits,733.44,3.55,False
2025-12-17T03:00:00,Sanctum Sanctorum,Vibranium (kg),2422.72,3.94,False
2025-12-17T03:00:00,Sanctum Sanctorum,Arc Reactor Cores,710.04,4.73,False
2025-12-17T03:00:00,Sanctum Sanctorum,Pym Particles,716.17,4.33,False
2025-12-17T03:00:00,Sanctum Sanctorum,Clean Water (L),2408.66,4.73,False
2025-12-17T03:00:00,Sanctum Sanctorum,Medical Kits,731.53,3.55,False
2025-12-17T03:00:00,Avengers Compound,Vibranium (kg),2427.79,3.94,False
2025-12-17T03:00:00,Avengers Compound,Arc Reactor Cores,702.6,4.73,False
2025-12-17T03:00:00,Avengers Compound,Pym Particles,713.86,4.33,False
2025-12-17T03:00:00,Avengers Compound,Clean Water (L),2409.96,4.73,False
2025-12-17T03:00:00,Avengers Compound,Medical Kits,735.3,3.55,False
2025-12-17T04:00:00,New Asgard,Vibranium (kg),2424.34,4.25,False
2025-12-17T04:00:00,New Asgard,Arc Reactor Cores,704.45,5.1,False
2025-12-17T04:00:00,New Asgard,Pym Particles,716.47,4.68,False
2025-12-17T04:00:00,New Asgard,Clean Water (L),2407.49,5.1,False
2025-12-17T04:00:00,New Asgard,Medical Kits,733.95,3.83,False
2025-12-17T04:00:00,Wakanda,Vibranium (kg),2427.13,4.25,False
2025-12-17T04:00:00,Wakanda,Arc Reactor Cores,704.65,5.1,False
2025-12-17T04:00:00,Wakanda,Pym Particles,718.02,4.68,False
2025-12-17T04:00:00,Wakanda,Clean Water (L),2402.6,5.1,False
2025-12-17T04:00:00,Wakanda,Medical Kits,735.89,3.83,False
2025-12-17T04:00:00,Sokovia,Vibranium (kg),2427.65,4.25,False
2025-12-17T04:00:00,Sokovia,Arc Reactor Cores,706.71,5.1,False
2025-12-17T04:00:00,Sokovia,Pym Particles,714.43,4.68,False
2025-12-17T04:00:00,Sokovia,Clean Water (L),2407.55,5.1,False
2025-12-17T04:00:00,Sokovia,Medical Kits,733.38,3.83,False
2025-12-17T04:00:00,Sanctum Sanctorum,Vibranium (kg),2422.48,4.25,False
2025-12-17T04:00:00,Sanctum Sanctorum,Arc Reactor Cores,709.07,5.1,False
2025-12-17T04:00:00,Sanctum Sanctorum,Pym Particles,717.16,4.68,False
2025-12-17T04:00:00,Sanctum Sanctorum,Clean Water (L),2409.03,5.1,False
2025-12-17T04:00:00,Sanctum Sanctorum,Medical Kits,731.35,3.83,False
2025-12-17T04:00:00,Avengers Compound,Vibranium (kg),2428.56,4.25,False
2025-12-17T04:00:00,Avengers Compound,Arc Reactor Cores,704.11,5.1,False
2025-12-17T04:00:00,Avengers Compound,Pym Particles,715.5,4.68,False
2025-12-17T04:00:00,Avengers Compound,Clean Water (L),2410.5,5.1,False
2025-12-17T04:00:00,Avengers Compound,Medical Kits,735.98,3.83,False
2025-12-17T05:00:00,New Asgard,Vibranium (kg),2424.4,4.61,False
2025-12-17T05:00:00,New Asgard,Arc Reactor Cores,704.76,5.53,False
2025-12-17T05:00:00,New Asgard,Pym Particles,716.82,5.07,False
2025-12-17T05:00:00,New Asgard,Clean Water (L),2408.61,5.53,False
2025-12-17T05:00:00,New Asgard,Medical Kits,734.6,4.15,False
2025-12-17T05:00:00,Wakanda,Vibranium (kg),2426.83,4.61,False
2025-12-17T05:00:00,Wakanda,Arc Reactor Cores,705.45,5.53,False
2025-12-17T05:00:00,Wakanda,Pym Particles,717.94,5.07,False
2025-12-17T05:00:00,Wakanda,Clean Water (L),2402.64,5.53,False
2025-12-17T05:00:00,Wakanda,Medical Kits,736.42,4.15,False
2025-12-17T05:00:00,Sokovia,Vibranium (kg),2427.85,4.61,False
2025-12-17T05:00:00,Sokovia,Arc Reactor Cores,705.34,5.53,False
2025-12-17T05:00:00,Sokovia,Pym Particles,715.13,5.07,False
2025-12-17T05:00:00,Sokovia,Clean Water (L),2408.67,5.53,False
2025-12-17T05:00:00,Sokovia,Medical Kits,732.55,4.15,False
2025-12-17T05:00:00,Sanctum Sanctorum,Vibranium (kg),2422.03,4.61,False
2025-12-17T05:00:00,Sanctum Sanctorum,Arc Reactor Cores,710.71,5.53,False
2025-12-17T05:00:00,Sanctum Sanctorum,Pym Particles,718.49,5.07,False
2025-12-17T05:00:00,Sanctum Sanctorum,Clean Water (L),2408.89,5.53,False
2025-12-17T05:00:00,Sanctum Sanctorum,Medical Kits,732.5,4.15,False
2025-12-17T05:00:00,Avengers Compound,Vibranium (kg),2428.21,4.61,False
2025-12-17T05:00:00,Avengers Compound,Arc Reactor Cores,703.7,5.53,False
2025-12-17T05:00:00,Avengers Compound,Pym Particles,716.23,5.07,False
2025-12-17T05:00:00,Avengers Compound,Clean Water (L),2411.36,5.53,False
2025-12-17T05:00:00,Avengers Compound,Medical Kits,735.93,4.15,False
2025-12-17T06:00:00,New Asgard,Vibranium (kg),2425.17,5.0,False
2025-12-17T06:00:00,New Asgard,Arc Reactor Cores,705.2,6.0,False
2025-12-17T06:00:00,New Asgard,Pym Particles,716.95,5.5,False
2025-12-17T06:00:00,New Asgard,Clean Water (L),2409.26,6.0,False
2025-12-17T06:00:00,New Asgard,Medical Kits,733.52,4.5,False
2025-12-17T06:00:00,Wakanda,Vibranium (kg),2427.33,5.0,False
2025-12-17T06:00:00,Wakanda,Arc Reactor Cores,706.21,6.0,False
2025-12-17T06:00:00,Wakanda,Pym Particles,716.73,5.5,False
2025-12-17T06:00:00,Wakanda,Clean Water (L),2402.42,6.0,False
2025-12-17T06:00:00,Wakanda,Medical Kits,734.94,4.5,False
2025-12-17T06:00:00,Sokovia,Vibranium (kg),2427.24,5.0,False
2025-12-17T06:00:00,Sokovia,Arc Reactor Cores,704.55,6.0,False
2025-12-17T06:00:00,Sokovia,Pym Particles,714.75,5.5,False
2025-12-17T06:00:00,Sokovia,Clean Water (L),2409.35,6.0,False
2025-12-17T06:00:00,Sokovia,Medical Kits,733.12,4.5,False
2025-12-17T06:00:00,Sanctum Sanctorum,Vibranium (kg),2421.39,5.0,False
2025-12-17T06:00:00,Sanctum Sanctorum,Arc Reactor Cores,708.9,6.0,False
2025-12-17T06:00:00,Sanctum Sanctorum,Pym Particles,718.49,5.5,False
2025-12-17T06:00:00,Sanctum Sanctorum,Clean Water (L),2408.41,6.0,False
2025-12-17T06:00:00,Sanctum Sanctorum,Medical Kits,734.01,4.5,False
2025-12-17T06:00:00,Avengers Compound,Vibranium (kg),2427.06,5.0,False
2025-12-17T06:00:00,Avengers Compound,Arc Reactor Cores,704.77,6.0,False
2025-12-17T06:00:00,Avengers Compound,Pym Particles,715.28,5.5,False
2025-12-17T06:00:00,Avengers Compound,Clean Water (L),2410.59,6.0,False
2025-12-17T06:00:00,Avengers Compound,Medical Kits,735.42,4.5,False
2025-12-17T07:00:00,New Asgard,Vibranium (kg),2422.77,5.39,False
2025-12-17T07:00:00,New Asgard,Arc Reactor Cores,703.14,6.47,False
2025-12-17T07:00:00,New Asgard,Pym Particles,716.23,5.93,False
2025-12-17T07:00:00,New Asgard,Clean Water (L),2407.21,6.47,False
2025-12-17T07:00:00,New Asgard,Medical Kits,734.27,4.85,False
2025-12-17T07:00:00,Wakanda,Vibranium (kg),2425.64,5.39,False
2025-12-17T07:00:00,Wakanda,Arc Reactor Cores,705.48,6.47,False
2025-12-17T07:00:00,Wakanda,Pym Particles,716.8,5.93,False
2025-12-17T07:00:00,Wakanda,Clean Water (L),2401.95,6.47,False
2025-12-17T07:00:00,Wakanda,Medical Kits,735.27,4.85,False
2025-12-17T07:00:00,Sokovia,Vibranium (kg),2427.03,5.39,False
2025-12-17T07:00:00,Sokovia,Arc Reactor Cores,703.46,6.47,False
2025-12-17T07:00:00,Sokovia,Pym Particles,713.45,5.93,False
2025-12-17T07:00:00,Sokovia,Clean Water (L),2409.76,6.47,False
2025-12-17T07:00:00,Sokovia,Medical Kits,733.78,4.85,False
2025-12-17T07:00:00,Sanctum Sanctorum,Vibranium (kg),2420.93,5.39,False
2025-12-17T07:00:00,Sanctum Sanctorum,Arc Reactor Cores,708.06,6.47,False
2025-12-17T07:00:00,Sanctum Sanctorum,Pym Particles,716.55,5.93,False
2025-12-17T07:00:00,Sanctum Sanctorum,Clean Water (L),2407.2,6.47,False
2025-12-17T07:00:00,Sanctum Sanctorum,Medical Kits,734.58,4.85,False
2025-12-17T07:00:00,Avengers Compound,Vibranium (kg),2427.25,5.39,False
2025-12-17T07:00:00,Avengers Compound,Arc Reactor Cores,705.31,6.47,False
2025-12-17T07:00:00,Avengers Compound,Pym Particles,715.55,5.93,False
2025-12-17T07:00:00,Avengers Compound,Clean Water (L),2408.07,6.47,False
2025-12-17T07:00:00,Avengers Compound,Medical Kits,734.59,4.85,False
2025-12-17T08:00:00,New Asgard,Vibranium (kg),2421.16,5.75,False
2025-12-17T08:00:00,New Asgard,Arc Reactor Cores,701.33,6.9,False
2025-12-17T08:00:00,New Asgard,Pym Particles,713.53,6.32,False
2025-12-17T08:00:00,New Asgard,Clean Water (L),2406.79,6.9,False
2025-12-17T08:00:00,New Asgard,Medical Kits,733.52,5.17,False
2025-12-17T08:00:00,Wakanda,Vibranium (kg),2424.63,5.75,False
2025-12-17T08:00:00,Wakanda,Arc Reactor Cores,704.93,6.9,False
2025-12-17T08:00:00,Wakanda,Pym Particles,715.13,6.32,False
2025-12-17T08:00:00,Wakanda,Clean Water (L),2401.13,6.9,False
2025-12-17T08:00:00,Wakanda,Medical Kits,734.32,5.17,False
2025-12-17T08:00:00,Sokovia,Vibranium (kg),2426.79,5.75,False
2025-12-17T08:00:00,Sokovia,Arc Reactor Cores,703.23,6.9,False
2025-12-17T08:00:00,Sokovia,Pym Particles,713.68,6.32,False
2025-12-17T08:00:00,Sokovia,Clean Water (L),2406.94,6.9,False
2025-12-17T08:00:00,Sokovia,Medical Kits,731.16,5.17,False
2025-12-17T08:00:00,Sanctum Sanctorum,Vibranium (kg),2421.94,5.75,False
2025-12-17T08:00:00,Sanctum Sanctorum,Arc Reactor Cores,706.84,6.9,False
2025-12-17T08:00:00,Sanctum Sanctorum,Pym Particles,715.25,6.32,False
2025-12-17T08:00:00,Sanctum Sanctorum,Clean Water (L),2405.23,6.9,False
2025-12-17T08:00:00,Sanctum Sanctorum,Medical Kits,733.95,5.17,False
2025-12-17T08:00:00,Avengers Compound,Vibranium (kg),2424.5,5.75,False
2025-12-17T08:00:00,Avengers Compound,Arc Reactor Cores,703.97,6.9,False
2025-12-17T08:00:00,Avengers Compound,Pym Particles,713.54,6.32,False
2025-12-17T08:00:00,Avengers Compound,Clean Water (L),2406.61,6.9,False
2025-12-17T08:00:00,Avengers Compound,Medical Kits,733.36,5.17,False
2025-12-17T09:00:00,New Asgard,Vibranium (kg),2420.0,6.06,False
2025-12-17T09:00:00,New Asgard,Arc Reactor Cores,700.08,7.27,False
2025-12-17T09:00:00,New Asgard,Pym Particles,712.68,6.67,False
2025-12-17T09:00:00,New Asgard,Clean Water (L),2406.0,7.27,False
2025-12-17T09:00:00,New Asgard,Medical Kits,730.82,5.45,False
2025-12-17T09:00:00,Wakanda,Vibranium (kg),2423.7,6.06,False
2025-12-17T09:00:00,Wakanda,Arc Reactor Cores,702.81,7.27,False
2025-12-17T09:00:00,Wakanda,Pym Particles,713.59,6.67,False
2025-12-17T09:00:00,Wakanda,Clean Water (L),2399.66,7.27,False
2025-12-17T09:00:00,Wakanda,Medical Kits,734.32,5.45,False
2025-12-17T09:00:00,Sokovia,Vibranium (kg),2424.87,6.06,False
2025-12-17T09:00:00,Sokovia,Arc Reactor Cores,702.41,7.27,False
2025-12-17T09:00:00,Sokovia,Pym Particles,711.54,6.67,False
2025-12-17T09:00:00,Sokovia,Clean Water (L),2404.44,7.27,False
2025-12-17T09:00:00,Sokovia,Medical Kits,729.04,5.45,False
2025-12-17T09:00:00,Sanctum Sanctorum,Vibranium (kg),2420.28,6.06,False
2025-12-17T09:00:00,Sanctum Sanctorum,Arc Reactor Cores,705.23,7.27,False
2025-12-17T09:00:00,Sanctum Sanctorum,Pym Particles,713.62,6.67,False
2025-12-17T09:00:00,Sanctum Sanctorum,Clean Water (L),2403.71,7.27,False
2025-12-17T09:00:00,Sanctum Sanctorum,Medical Kits,731.43,5.45,False
2025-12-17T09:00:00,Avengers Compound,Vibranium (kg),2424.08,6.06,False
2025-12-17T09:00:00,Avengers Compound,Arc Reactor Cores,701.2,7.27,False
2025-12-17T09:00:00,Avengers Compound,Pym Particles,711.31,6.67,False
2025-12-17T09:00:00,Avengers Compound,Clean Water (L),2403.68,7.27,False
2025-12-17T09:00:00,Avengers Compound,Medical Kits,732.07,5.45,False
2025-12-17T10:00:00,New Asgard,Vibranium (kg),2418.04,6.3,False
2025-12-17T10:00:00,New Asgard,Arc Reactor Cores,697.44,7.56,False
2025-12-17T10:00:00,New Asgard,Pym Particles,710.42,6.93,False
2025-12-17T10:00:00,New Asgard,Clean Water (L),2404.66,7.56,False
2025-12-17T10:00:00,New Asgard,Medical Kits,730.47,5.67,False
2025-12-17T10:00:00,Wakanda,Vibranium (kg),2422.0,6.3,False
2025-12-17T10:00:00,Wakanda,Arc Reactor Cores,700.77,7.56,False
2025-12-17T10:00:00,Wakanda,Pym Particles,712.72,6.93,False
2025-12-17T10:00:00,Wakanda,Clean Water (L),2399.33,7.56,False
2025-12-17T10:00:00,Wakanda,Medical Kits,733.6,5.67,False
2025-12-17T10:00:00,Sokovia,Vibranium (kg),2424.61,6.3,False
2025-12-17T10:00:00,Sokovia,Arc Reactor Cores,700.21,7.56,False
2025-12-17T10:00:00,Sokovia,Pym Particles,709.37,6.93,False
2025-12-17T10:00:00,Sokovia,Clean Water (L),2402.95,7.56,False
2025-12-17T10:00:00,Sokovia,Medical Kits,728.33,5.67,False
2025-12-17T10:00:00,Sanctum Sanctorum,Vibranium (kg),2420.42,6.3,False
2025-12-17T10:00:00,Sanctum Sanctorum,Arc Reactor Cores,702.75,7.56,False
2025-12-17T10:00:00,Sanctum Sanctorum,Pym Particles,713.06,6.93,False
2025-12-17T10:00:00,Sanctum Sanctorum,Clean Water (L),2402.2,7.56,False
2025-12-17T10:00:00,Sanctum Sanctorum,Medical Kits,730.62,5.67,False
2025-12-17T10:00:00,Avengers Compound,Vibranium (kg),2421.67,6.3,False
2025-12-17T10:00:00,Avengers Compound,Arc Reactor Cores,698.98,7.56,False
2025-12-17T10:00:00,Avengers Compound,Pym Particles,710.02,6.93,False
2025-12-17T10:00:00,Avengers Compound,Clean Water (L),2401.24,7.56,False
2025-12-17T10:00:00,Avengers Compound,Medical Kits,730.96,5.67,False
2025-12-17T11:00:00,New Asgard,Vibranium (kg),2416.32,6.45,False
2025-12-17T11:00:00,New Asgard,Arc Reactor Cores,696.94,7.74,False
2025-12-17T11:00:00,New Asgard,Pym Particles,709.73,7.09,False
2025-12-17T11:00:00,New Asgard,Clean Water (L),2403.2,7.74,False
2025-12-17T11:00:00,New Asgard,Medical Kits,729.9,5.8,False
2025-12-17T11:00:00,Wakanda,Vibranium (kg),2419.66,6.45,False
2025-12-17T11:00:00,Wakanda,Arc Reactor Cores,699.48,7.74,False
2025-12-17T11:00:00,Wakanda,Pym Particles,710.92,7.09,False
2025-12-17T11:00:00,Wakanda,Clean Water (L),2397.53,7.74,False
2025-12-17T11:00:00,Wakanda,Medical Kits,732.12,5.8,False
2025-12-17T11:00:00,Sokovia,Vibranium (kg),2421.22,6.45,False
2025-12-17T11:00:00,Sokovia,Arc Reactor Cores,698.63,7.74,False
2025-12-17T11:00:00,Sokovia,Pym Particles,709.22,7.09,False
2025-12-17T11:00:00,Sokovia,Clean Water (L),2402.07,7.74,False
2025-12-17T11:00:00,Sokovia,Medical Kits,726.87,5.8,False
2025-12-17T11:00:00,Sanctum Sanctorum,Vibranium (kg),2419.6,6.45,False
2025-12-17T11:00:00,Sanctum Sanctorum,Arc Reactor Cores,700.96,7.74,False
2025-12-17T11:00:00,Sanctum Sanctorum,Pym Particles,711.14,7.09,False
2025-12-17T11:00:00,Sanctum Sanctorum,Clean Water (L),2400.63,7.74,False
2025-12-17T11:00:00,Sanctum Sanctorum,Medical Kits,729.29,5.8,False
2025-12-17T11:00:00,Avengers Compound,Vibranium (kg),2418.94,6.45,False
2025-12-17T11:00:00,Avengers Compound,Arc Reactor Cores,697.48,7.74,False
2025-12-17T11:00:00,Avengers Compound,Pym Particles,708.19,7.09,False
2025-12-17T11:00:00,Avengers Compound,Clean Water (L),2400.35,7.74,False
2025-12-17T11:00:00,Avengers Compound,Medical Kits,729.51,5.8,False
2025-12-17T12:00:00,New Asgard,Vibranium (kg),2414.91,6.5,False
2025-12-17T12:00:00,New Asgard,Arc Reactor Cores,695.55,7.8,False
2025-12-17T12:00:00,New Asgard,Pym Particles,708.62,7.15,False
2025-12-17T12:00:00,New Asgard,Clean Water (L),2402.1,7.8,False
2025-12-17T12:00:00,New Asgard,Medical Kits,727.2,5.85,False
2025-12-17T12:00:00,Wakanda,Vibranium (kg),2418.36,6.5,False
2025-12-17T12:00:00,Wakanda,Arc Reactor Cores,699.2,7.8,False
2025-12-17T12:00:00,Wakanda,Pym Particles,708.85,7.15,False
2025-12-17T12:00:00,Wakanda,Clean Water (L),2396.35,7.8,False
2025-12-17T12:00:00,Wakanda,Medical Kits,730.16,5.85,False
2025-12-17T12:00:00,Sokovia,Vibranium (kg),2419.39,6.5,False
2025-12-17T12:00:00,Sokovia,Arc Reactor Cores,697.09,7.8,False
2025-12-17T12:00:00,Sokovia,Pym Particles,708.21,7.15,False
2025-12-17T12:00:00,Sokovia,Clean Water (L),2399.3,7.8,False
2025-12-17T12:00:00,Sokovia,Medical Kits,726.41,5.85,False
2025-12-17T12:00:00,Sanctum Sanctorum,Vibranium (kg),2419.71,6.5,False
2025-12-17T12:00:00,Sanctum Sanctorum,Arc Reactor Cores,699.43,7.8,False
2025-12-17T12:00:00,Sanctum Sanctorum,Pym Particles,707.94,7.15,False
2025-12-17T12:00:00,Sanctum Sanctorum,Clean Water (L),2397.99,7.8,False
2025-12-17T12:00:00,Sanctum Sanctorum,Medical Kits,728.18,5.85,False
2025-12-17T12:00:00,Avengers Compound,Vibranium (kg),2417.96,6.5,False
2025-12-17T12:00:00,Avengers Compound,Arc Reactor Cores,697.11,7.8,False
2025-12-17T12:00:00,Avengers Compound,Pym Particles,705.2,7.15,False
2025-12-17T12:00:00,Avengers Compound,Clean Water (L),2398.65,7.8,False
2025-12-17T12:00:00,Avengers Compound,Medical Kits,727.06,5.85,False
2025-12-17T13:00:00,New Asgard,Vibranium (kg),2413.72,6.45,False
2025-12-17T13:00:00,New Asgard,Arc Reactor Cores,694.36,7.74,False
2025-12-17T13:00:00,New Asgard,Pym Particles,706.24,7.09,False
2025-12-17T13:00:00,New Asgard,Clean Water (L),2400.66,7.74,False
2025-12-17T13:00:00,New Asgard,Medical Kits,724.34,5.8,False
2025-12-17T13:00:00,Wakanda,Vibranium (kg),2417.64,6.45,False
2025-12-17T13:00:00,Wakanda,Arc Reactor Cores,696.74,7.74,False
2025-12-17T13:00:00,Wakanda,Pym Particles,707.02,7.09,False
2025-12-17T13:00:00,Wakanda,Clean Water (L),2394.64,7.74,False
2025-12-17T13:00:00,Wakanda,Medical Kits,728.18,5.8,False
2025-12-17T13:00:00,Sokovia,Vibranium (kg),2416.82,6.45,False
2025-12-17T13:00:00,Sokovia,Arc Reactor Cores,696.44,7.74,False
2025-12-17T13:00:00,Sokovia,Pym Particles,706.93,7.09,False
2025-12-17T13:00:00,Sokovia,Clean Water (L),2398.25,7.74,False
2025-12-17T13:00:00,Sokovia,Medical Kits,725.49,5.8,False
2025-12-17T13:00:00,Sanctum Sanctorum,Vibranium (kg),2416.94,6.45,False
2025-12-17T13:00:00,Sanctum Sanctorum,Arc Reactor Cores,698.4,7.74,False
2025-12-17T13:00:00,Sanctum Sanctorum,Pym Particles,705.57,7.09,False
2025-12-17T13:00:00,Sanctum Sanctorum,Clean Water (L),2395.59,7.74,False
2025-12-17T13:00:00,Sanctum Sanctorum,Medical Kits,727.39,5.8,False
2025-12-17T13:00:00,Avengers Compound,Vibranium (kg),2416.97,6.45,False
2025-12-17T13:00:00,Avengers Compound,Arc Reactor Cores,695.3,7.74,False
2025-12-17T13:00:00,Avengers Compound,Pym Particles,704.98,7.09,False
2025-12-17T13:00:00,Avengers Compound,Clean Water (L),2395.28,7.74,False
2025-12-17T13:00:00,Avengers Compound,Medical Kits,725.87,5.8,False
2025-12-17T14:00:00,New Asgard,Vibranium (kg),2413.84,6.3,False
2025-12-17T14:00:00,New Asgard,Arc Reactor Cores,692.75,7.56,False
2025-12-17T14:00:00,New Asgard,Pym Particles,705.72,6.93,False
2025-12-17T14:00:00,New Asgard,Clean Water (L),2398.74,7.56,False
2025-12-17T14:00:00,New Asgard,Medical Kits,721.81,5.67,False
2025-12-17T14:00:00,Wakanda,Vibranium (kg),2417.05,6.3,False
2025-12-17T14:00:00,Wakanda,Arc Reactor Cores,696.04,7.56,False
2025-12-17T14:00:00,Wakanda,Pym Particles,706.35,6.93,False
2025-12-17T14:00:00,Wakanda,Clean Water (L),2393.11,7.56,False
2025-12-17T14:00:00,Wakanda,Medical Kits,725.84,5.67,False
2025-12-17T14:00:00,Sokovia,Vibranium (kg),2417.35,6.3,False
2025-12-17T14:00:00,Sokovia,Arc Reactor Cores,695.58,7.56,False
2025-12-17T14:00:00,Sokovia,Pym Particles,705.19,6.93,False
2025-12-17T14:00:00,Sokovia,Clean Water (L),2396.49,7.56,False
2025-12-17T14:00:00,Sokovia,Medical Kits,724.15,5.67,False
2025-12-17T14:00:00,Sanctum Sanctorum,Vibranium (kg),2415.34,6.3,False
2025-12-17T14:00:00,Sanctum Sanctorum,Arc Reactor Cores,696.35,7.56,False
2025-12-17T14:00:00,Sanctum Sanctorum,Pym Particles,705.55,6.93,False
2025-12-17T14:00:00,Sanctum Sanctorum,Clean Water (L),2393.44,7.56,False
2025-12-17T14:00:00,Sanctum Sanctorum,Medical Kits,727.44,5.67,False
2025-12-17T14:00:00,Avengers Compound,Vibranium (kg),2415.79,6.3,False
2025-12-17T14:00:00,Avengers Compound,Arc Reactor Cores,693.85,7.56,False
2025-12-17T14:00:00,Avengers Compound,Pym Particles,704.09,6.93,False
2025-12-17T14:00:00,Avengers Compound,Clean Water (L),2395.2,7.56,False
2025-12-17T14:00:00,Avengers Compound,Medical Kits,724.8,5.67,False
2025-12-17T15:00:00,New Asgard,Vibranium (kg),2414.01,6.06,False
2025-12-17T15:00:00,New Asgard,Arc Reactor Cores,691.21,7.27,False
2025-12-17T15:00:00,New Asgard,Pym Particles,704.23,6.67,False
2025-12-17T15:00:00,New Asgard,Clean Water (L),2398.33,7.27,False
2025-12-17T15:00:00,New Asgard,Medical Kits,719.82,5.45,False
2025-12-17T15:00:00,Wakanda,Vibranium (kg),2416.04,6.06,False
2025-12-17T15:00:00,Wakanda,Arc Reactor Cores,694.98,7.27,False
2025-12-17T15:00:00,Wakanda,Pym Particles,705.39,6.67,False
2025-12-17T15:00:00,Wakanda,Clean Water (L),2391.86,7.27,False
2025-12-17T15:00:00,Wakanda,Medical Kits,725.42,5.45,False
2025-12-17T15:00:00,Sokovia,Vibranium (kg),2418.01,6.06,False
2025-12-17T15:00:00,Sokovia,Arc Reactor Cores,694.88,7.27,False
2025-12-17T15:00:00,Sokovia,Pym Particles,703.61,6.67,False
2025-12-17T15:00:00,Sokovia,Clean Water (L),2395.87,7.27,False
2025-12-17T15:00:00,Sokovia,Medical Kits,723.72,5.45,False
2025-12-17T15:00:00,Sanctum Sanctorum,Vibranium (kg),2415.5,6.06,False
2025-12-17T15:00:00,Sanctum Sanctorum,Arc Reactor Cores,695.01,7.27,False
2025-12-17T15:00:00,Sanctum Sanctorum,Pym Particles,704.44,6.67,False
2025-12-17T15:00:00,Sanctum Sanctorum,Clean Water (L),2391.93,7.27,False
2025-12-17T15:00:00,Sanctum Sanctorum,Medical Kits,725.74,5.45,False
2025-12-17T15:00:00,Avengers Compound,Vibranium (kg),2414.61,6.06,False
2025-12-17T15:00:00,Avengers Compound,Arc Reactor Cores,693.61,7.27,False
2025-12-17T15:00:00,Avengers Compound,Pym Particles,701.85,6.67,False
2025-12-17T15:00:00,Avengers Compound,Clean Water (L),2394.71,7.27,False
2025-12-17T15:00:00,Avengers Compound,Medical Kits,723.74,5.45,False
2025-12-17T16:00:00,New Asgard,Vibranium (kg),2414.4,5.75,False
2025-12-17T16:00:00,New Asgard,Arc Reactor Cores,691.5,6.9,False
2025-12-17T16:00:00,New Asgard,Pym Particles,702.79,6.32,False
2025-12-17T16:00:00,New Asgard,Clean Water (L),2396.89,6.9,False
2025-12-17T16:00:00,New Asgard,Medical Kits,719.78,5.17,False
2025-12-17T16:00:00,Wakanda,Vibranium (kg),2416.44,5.75,False
2025-12-17T16:00:00,Wakanda,Arc Reactor Cores,694.18,6.9,False
2025-12-17T16:00:00,Wakanda,Pym Particles,703.76,6.32,False
2025-12-17T16:00:00,Wakanda,Clean Water (L),2389.85,6.9,False
2025-12-17T16:00:00,Wakanda,Medical Kits,724.68,5.17,False
2025-12-17T16:00:00,Sokovia,Vibranium (kg),2417.49,5.75,False
2025-12-17T16:00:00,Sokovia,Arc Reactor Cores,693.9,6.9,False
2025-12-17T16:00:00,Sokovia,Pym Particles,703.53,6.32,False
2025-12-17T16:00:00,Sokovia,Clean Water (L),2394.58,6.9,False
2025-12-17T16:00:00,Sokovia,Medical Kits,723.43,5.17,False
2025-12-17T16:00:00,Sanctum Sanctorum,Vibranium (kg),2415.79,5.75,False
2025-12-17T16:00:00,Sanctum Sanctorum,Arc Reactor Cores,695.04,6.9,False
2025-12-17T16:00:00,Sanctum Sanctorum,Pym Particles,703.49,6.32,False
2025-12-17T16:00:00,Sanctum Sanctorum,Clean Water (L),2391.3,6.9,False
2025-12-17T16:00:00,Sanctum Sanctorum,Medical Kits,725.28,5.17,False
2025-12-17T16:00:00,Avengers Compound,Vibranium (kg),2415.38,5.75,False
2025-12-17T16:00:00,Avengers Compound,Arc Reactor Cores,693.25,6.9,False
2025-12-17T16:00:00,Avengers Compound,Pym Particles,700.73,6.32,False
2025-12-17T16:00:00,Avengers Compound,Clean Water (L),2394.71,6.9,False
2025-12-17T16:00:00,Avengers Compound,Medical Kits,722.89,5.17,False
2025-12-17T17:00:00,New Asgard,Vibranium (kg),2415.6,5.39,False
2025-12-17T17:00:00,New Asgard,Arc Reactor Cores,691.6,6.47,False
2025-12-17T17:00:00,New Asgard,Pym Particles,703.49,5.93,False
2025-12-17T17:00:00,New Asgard,Clean Water (L),2394.73,6.47,False
2025-12-17T17:00:00,New Asgard,Medical Kits,719.45,4.85,False
2025-12-17T17:00:00,Wakanda,Vibranium (kg),2415.46,5.39,False
2025-12-17T17:00:00,Wakanda,Arc Reactor Cores,693.6,6.47,False
2025-12-17T17:00:00,Wakanda,Pym Particles,703.88,5.93,False
2025-12-17T17:00:00,Wakanda,Clean Water (L),2388.74,6.47,False
2025-12-17T17:00:00,Wakanda,Medical Kits,725.18,4.85,False
2025-12-17T17:00:00,Sokovia,Vibranium (kg),2417.75,5.39,False
2025-12-17T17:00:00,Sokovia,Arc Reactor Cores,693.09,6.47,False
2025-12-17T17:00:00,Sokovia,Pym Particles,702.37,5.93,False
2025-12-17T17:00:00,Sokovia,Clean Water (L),2394.69,6.47,False
2025-12-17T17:00:00,Sokovia,Medical Kits,722.93,4.85,False
2025-12-17T17:00:00,Sanctum Sanctorum,Vibranium (kg),2414.82,5.39,False
2025-12-17T17:00:00,Sanctum Sanctorum,Arc Reactor Cores,695.56,6.47,False
2025-12-17T17:00:00,Sanctum Sanctorum,Pym Particles,704.3,5.93,False
2025-12-17T17:00:00,Sanctum Sanctorum,Clean Water (L),2391.48,6.47,False
2025-12-17T17:00:00,Sanctum Sanctorum,Medical Kits,725.56,4.85,False
2025-12-17T17:00:00,Avengers Compound,Vibranium (kg),2416.07,5.39,False
2025-12-17T17:00:00,Avengers Compound,Arc Reactor Cores,694.88,6.47,False
2025-12-17T17:00:00,Avengers Compound,Pym Particles,701.88,5.93,False
2025-12-17T17:00:00,Avengers Compound,Clean Water (L),2394.29,6.47,False
2025-12-17T17:00:00,Avengers Compound,Medical Kits,722.72,4.85,False
2025-12-17T18:00:00,New Asgard,Vibranium (kg),2414.56,5.0,False
2025-12-17T18:00:00,New Asgard,Arc Reactor Cores,692.18,6.0,False
2025-12-17T18:00:00,New Asgard,Pym Particles,703.14,5.5,False
2025-12-17T18:00:00,New Asgard,Clean Water (L),2395.89,6.0,False
2025-12-17T18:00:00,New Asgard,Medical Kits,719.52,4.5,False
2025-12-17T18:00:00,Wakanda,Vibranium (kg),2414.46,5.0,False
2025-12-17T18:00:00,Wakanda,Arc Reactor Cores,693.05,6.0,False
2025-12-17T18:00:00,Wakanda,Pym Particles,703.14,5.5,False
2025-12-17T18:00:00,Wakanda,Clean Water (L),2389.07,6.0,False
2025-12-17T18:00:00,Wakanda,Medical Kits,724.85,4.5,False
2025-12-17T18:00:00,Sokovia,Vibranium (kg),2418.59,5.0,False
2025-12-17T18:00:00,Sokovia,Arc Reactor Cores,694.16,6.0,False
2025-12-17T18:00:00,Sokovia,Pym Particles,703.46,5.5,False
2025-12-17T18:00:00,Sokovia,Clean Water (L),2394.25,6.0,False
2025-12-17T18:00:00,Sokovia,Medical Kits,722.73,4.5,False
2025-12-17T18:00:00,Sanctum Sanctorum,Vibranium (kg),2415.68,5.0,False
2025-12-17T18:00:00,Sanctum Sanctorum,Arc Reactor Cores,696.42,6.0,False
2025-12-17T18:00:00,Sanctum Sanctorum,Pym Particles,704.38,5.5,False
2025-12-17T18:00:00,Sanctum Sanctorum,Clean Water (L),2392.05,6.0,False
2025-12-17T18:00:00,Sanctum Sanctorum,Medical Kits,726.2,4.5,False
2025-12-17T18:00:00,Avengers Compound,Vibranium (kg),2415.6,5.0,False
2025-12-17T18:00:00,Avengers Compound,Arc Reactor Cores,695.15,6.0,False
2025-12-17T18:00:00,Avengers Compound,Pym Particles,701.89,5.5,False
2025-12-17T18:00:00,Avengers Compound,Clean Water (L),2393.79,6.0,False
2025-12-17T18:00:00,Avengers Compound,Medical Kits,721.82,4.5,False
2025-12-17T19:00:00,New Asgard,Vibranium (kg),2415.94,4.61,False
2025-12-17T19:00:00,New Asgard,Arc Reactor Cores,693.39,5.53,False
2025-12-17T19:00:00,New Asgard,Pym Particles,704.54,5.07,False
2025-12-17T19:00:00,New Asgard,Clean Water (L),2395.99,5.53,False
2025-12-17T19:00:00,New Asgard,Medical Kits,720.95,4.15,False
2025-12-17T19:00:00,Wakanda,Vibranium (kg),2415.73,4.61,False
2025-12-17T19:00:00,Wakanda,Arc Reactor Cores,692.99,5.53,False
2025-12-17T19:00:00,Wakanda,Pym Particles,703.11,5.07,False
2025-12-17T19:00:00,Wakanda,Clean Water (L),2390.46,5.53,False
2025-12-17T19:00:00,Wakanda,Medical Kits,724.97,4.15,False
2025-12-17T19:00:00,Sokovia,Vibranium (kg),2420.24,4.61,False
2025-12-17T19:00:00,Sokovia,Arc Reactor Cores,694.03,5.53,False
2025-12-17T19:00:00,Sokovia,Pym Particles,703.95,5.07,False
2025-12-17T19:00:00,Sokovia,Clean Water (L),2395.53,5.53,False
2025-12-17T19:00:00,Sokovia,Medical Kits,724.78,4.15,False
2025-12-17T19:00:00,Sanctum Sanctorum,Vibranium (kg),2416.47,4.61,False
2025-12-17T19:00:00,Sanctum Sanctorum,Arc Reactor Cores,697.19,5.53,False
2025-12-17T19:00:00,Sanctum Sanctorum,Pym Particles,703.18,5.07,False
2025-12-17T19:00:00,Sanctum Sanctorum,Clean Water (L),2392.5,5.53,False
2025-12-17T19:00:00,Sanctum Sanctorum,Medical Kits,727.19,4.15,False
2025-12-17T19:00:00,Avengers Compound,Vibranium (kg),2414.82,4.61,False
2025-12-17T19:00:00,Avengers Compound,Arc Reactor Cores,696.16,5.53,False
2025-12-17T19:00:00,Avengers Compound,Pym Particles,702.26,5.07,False
2025-12-17T19:00:00,Avengers Compound,Clean Water (L),2393.82,5.53,False
2025-12-17T19:00:00,Avengers Compound,Medical Kits,720.89,4.15,False
2025-12-17T20:00:00,New Asgard,Vibranium (kg),2416.7,4.25,False
2025-12-17T20:00:00,New Asgard,Arc Reactor Cores,693.99,5.1,False
2025-12-17T20:00:00,New Asgard,Pym Particles,705.57,4.68,False
2025-12-17T20:00:00,New Asgard,Clean Water (L),2397.31,5.1,False
2025-12-17T20:00:00,New Asgard,Medical Kits,721.38,3.83,False
2025-12-17T20:00:00,Wakanda,Vibranium (kg),2416.23,4.25,False
2025-12-17T20:00:00,Wakanda,Arc Reactor Cores,692.96,5.1,False
2025-12-17T20:00:00,Wakanda,Pym Particles,703.7,4.68,False
2025-12-17T20:00:00,Wakanda,Clean Water (L),2392.28,5.1,False
2025-12-17T20:00:00,Wakanda,Medical Kits,726.49,3.83,False
2025-12-17T20:00:00,Sokovia,Vibranium (kg),2421.23,4.25,False
2025-12-17T20:00:00,Sokovia,Arc Reactor Cores,695.2,5.1,False
2025-12-17T20:00:00,Sokovia,Pym Particles,705.54,4.68,False
2025-12-17T20:00:00,Sokovia,Clean Water (L),2397.49,5.1,False
2025-12-17T20:00:00,Sokovia,Medical Kits,725.63,3.83,False
2025-12-17T20:00:00,Sanctum Sanctorum,Vibranium (kg),2417.49,4.25,False
2025-12-17T20:00:00,Sanctum Sanctorum,Arc Reactor Cores,697.71,5.1,False
2025-12-17T20:00:00,Sanctum Sanctorum,Pym Particles,703.13,4.68,False
2025-12-17T20:00:00,Sanctum Sanctorum,Clean Water (L),2394.82,5.1,False
2025-12-17T20:00:00,Sanctum Sanctorum,Medical Kits,728.9,3.83,False
2025-12-17T20:00:00,Avengers Compound,Vibranium (kg),2415.57,4.25,False
2025-12-17T20:00:00,Avengers Compound,Arc Reactor Cores,696.42,5.1,False
2025-12-17T20:00:00,Avengers Compound,Pym Particles,703.8,4.68,False
2025-12-17T20:00:00,Avengers Compound,Clean Water (L),2394.71,5.1,False
2025-12-17T20:00:00,Avengers Compound,Medical Kits,721.84,3.83,False
2025-12-17T21:00:00,New Asgard,Vibranium (kg),2417.41,3.94,False
2025-12-17T21:00:00,New Asgard,Arc Reactor Cores,696.52,4.73,False
2025-12-17T21:00:00,New Asgard,Pym Particles,707.65,4.33,False
2025-12-17T21:00:00,New Asgard,Clean Water (L),2398.59,4.73,False
2025-12-17T21:00:00,New Asgard,Medical Kits,721.58,3.55,False
2025-12-17T21:00:00,Wakanda,Vibranium (kg),2418.38,3.94,False
2025-12-17T21:00:00,Wakanda,Arc Reactor Cores,694.52,4.73,False
2025-12-17T21:00:00,Wakanda,Pym Particles,704.86,4.33,False
2025-12-17T21:00:00,Wakanda,Clean Water (L),2393.99,4.73,False
2025-12-17T21:00:00,Wakanda,Medical Kits,726.85,3.55,False
2025-12-17T21:00:00,Sokovia,Vibranium (kg),2421.73,3.94,False
2025-12-17T21:00:00,Sokovia,Arc Reactor Cores,697.02,4.73,False
2025-12-17T21:00:00,Sokovia,Pym Particles,707.34,4.33,False
2025-12-17T21:00:00,Sokovia,Clean Water (L),2398.8,4.73,False
2025-12-17T21:00:00,Sokovia,Medical Kits,728.01,3.55,False
2025-12-17T21:00:00,Sanctum Sanctorum,Vibranium (kg),2419.03,3.94,False
2025-12-17T21:00:00,Sanctum Sanctorum,Arc Reactor Cores,700.3,4.73,False
2025-12-17T21:00:00,Sanctum Sanctorum,Pym Particles,703.55,4.33,False
2025-12-17T21:00:00,Sanctum Sanctorum,Clean Water (L),2396.85,4.73,False
2025-12-17T21:00:00,Sanctum Sanctorum,Medical Kits,729.35,3.55,False
2025-12-17T21:00:00,Avengers Compound,Vibranium (kg),2416.59,3.94,False
2025-12-17T21:00:00,Avengers Compound,Arc Reactor Cores,696.43,4.73,False
2025-12-17T21:00:00,Avengers Compound,Pym Particles,705.53,4.33,False
2025-12-17T21:00:00,Avengers Compound,Clean Water (L),2397.13,4.73,False
2025-12-17T21:00:00,Avengers Compound,Medical Kits,723.58,3.55,False
2025-12-17T22:00:00,New Asgard,Vibranium (kg),2419.25,3.7,False
2025-12-17T22:00:00,New Asgard,Arc Reactor Cores,698.46,4.44,False
2025-12-17T22:00:00,New Asgard,Pym Particles,709.55,4.07,False
2025-12-17T22:00:00,New Asgard,Clean Water (L),2400.78,4.44,False
2025-12-17T22:00:00,New Asgard,Medical Kits,724.09,3.33,False
2025-12-17T22:00:00,Wakanda,Vibranium (kg),2421.51,3.7,False
2025-12-17T22:00:00,Wakanda,Arc Reactor Cores,696.33,4.44,False
2025-12-17T22:00:00,Wakanda,Pym Particles,707.57,4.07,False
2025-12-17T22:00:00,Wakanda,Clean Water (L),2395.47,4.44,False
2025-12-17T22:00:00,Wakanda,Medical Kits,727.97,3.33,False
2025-12-17T22:00:00,Sokovia,Vibranium (kg),2422.96,3.7,False
2025-12-17T22:00:00,Sokovia,Arc Reactor Cores,698.97,4.44,False
2025-12-17T22:00:00,Sokovia,Pym Particles,709.63,4.07,False
2025-12-17T22:00:00,Sokovia,Clean Water (L),2401.08,4.44,False
2025-12-17T22:00:00,Sokovia,Medical Kits,729.74,3.33,False
2025-12-17T22:00:00,Sanctum Sanctorum,Vibranium (kg),2420.71,3.7,False
2025-12-17T22:00:00,Sanctum Sanctorum,Arc Reactor Cores,702.99,4.44,False
2025-12-17T22:00:00,Sanctum Sanctorum,Pym Particles,705.1,4.07,False
2025-12-17T22:00:00,Sanctum Sanctorum,Clean Water (L),2398.61,4.44,False
2025-12-17T22:00:00,Sanctum Sanctorum,Medical Kits,730.15,3.33,False
2025-12-17T22:00:00,Avengers Compound,Vibranium (kg),2418.12,3.7,False
2025-12-17T22:00:00,Avengers Compound,Arc Reactor Cores,696.44,4.44,False
2025-12-17T22:00:00,Avengers Compound,Pym Particles,706.92,4.07,False
2025-12-17T22:00:00,Avengers Compound,Clean Water (L),2397.6,4.44,False
2025-12-17T22:00:00,Avengers Compound,Medical Kits,724.22,3.33,False
2025-12-17T23:00:00,New Asgard,Vibranium (kg),2421.26,3.55,False
2025-12-17T23:00:00,New Asgard,Arc Reactor Cores,700.88,4.26,False
2025-12-17T23:00:00,New Asgard,Pym Particles,711.12,3.91,False
2025-12-17T23:00:00,New Asgard,Clean Water (L),2402.63,4.26,False
2025-12-17T23:00:00,New Asgard,Medical Kits,724.73,3.2,False
2025-12-17T23:00:00,Wakanda,Vibranium (kg),2422.45,3.55,False
2025-12-17T23:00:00,Wakanda,Arc Reactor Cores,696.43,4.26,False
2025-12-17T23:00:00,Wakanda,Pym Particles,708.22,3.91,False
2025-12-17T23:00:00,Wakanda,Clean Water (L),2398.44,4.26,False
2025-12-17T23:00:00,Wakanda,Medical Kits,727.88,3.2,False
2025-12-17T23:00:00,Sokovia,Vibranium (kg),2424.69,3.55,False
2025-12-17T23:00:00,Sokovia,Arc Reactor Cores,701.12,4.26,False
2025-12-17T23:00:00,Sokovia,Pym Particles,710.89,3.91,False
2025-12-17T23:00:00,Sokovia,Clean Water (L),2402.84,4.26,False
2025-12-17T23:00:00,Sokovia,Medical Kits,730.44,3.2,False
2025-12-17T23:00:00,Sanctum Sanctorum,Vibranium (kg),2420.95,3.55,False
2025-12-17T23:00:00,Sanctum Sanctorum,Arc Reactor Cores,705.34,4.26,False
2025-12-17T23:00:00,Sanctum Sanctorum,Pym Particles,707.16,3.91,False
2025-12-17T23:00:00,Sanctum Sanctorum,Clean Water (L),2400.21,4.26,False
2025-12-17T23:00:00,Sanctum Sanctorum,Medical Kits,730.16,3.2,False
2025-12-17T23:00:00,Avengers Compound,Vibranium (kg),2420.1,3.55,False
2025-12-17T23:00:00,Avengers Compound,Arc Reactor Cores,699.66,4.26,False
2025-12-17T23:00:00,Avengers Compound,Pym Particles,708.79,3.91,False
2025-12-17T23:00:00,Avengers Compound,Clean Water (L),2399.58,4.26,False
2025-12-17T23:00:00,Avengers Compound,Medical Kits,726.45,3.2,False
2025-12-18T00:00:00,New Asgard,Vibranium (kg),2421.53,3.5,False
2025-12-18T00:00:00,New Asgard,Arc Reactor Cores,701.81,4.2,False
2025-12-18T00:00:00,New Asgard,Pym Particles,712.88,3.85,False
2025-12-18T00:00:00,New Asgard,Clean Water (L),2404.64,4.2,False
2025-12-18T00:00:00,New Asgard,Medical Kits,726.76,3.15,False
2025-12-18T00:00:00,Wakanda,Vibranium (kg),2424.14,3.5,False
2025-12-18T00:00:00,Wakanda,Arc Reactor Cores,697.41,4.2,False
2025-12-18T00:00:00,Wakanda,Pym Particles,708.79,3.85,False
2025-12-18T00:00:00,Wakanda,Clean Water (L),2401.96,4.2,False
2025-12-18T00:00:00,Wakanda,Medical Kits,729.69,3.15,False
2025-12-18T00:00:00,Sokovia,Vibranium (kg),2426.04,3.5,False
2025-12-18T00:00:00,Sokovia,Arc Reactor Cores,703.86,4.2,False
2025-12-18T00:00:00,Sokovia,Pym Particles,713.39,3.85,False
2025-12-18T00:00:00,Sokovia,Clean Water (L),2405.43,4.2,False
2025-12-18T00:00:00,Sokovia,Medical Kits,730.5,3.15,False
2025-12-18T00:00:00,Sanctum Sanctorum,Vibranium (kg),2422.57,3.5,False
2025-12-18T00:00:00,Sanctum Sanctorum,Arc Reactor Cores,706.89,4.2,False
2025-12-18T00:00:00,Sanctum Sanctorum,Pym Particles,709.3,3.85,False
2025-12-18T00:00:00,Sanctum Sanctorum,Clean Water (L),2403.64,4.2,False
2025-12-18T00:00:00,Sanctum Sanctorum,Medical Kits,732.4,3.15,False
2025-12-18T00:00:00,Avengers Compound,Vibranium (kg),2420.49,3.5,False
2025-12-18T00:00:00,Avengers Compound,Arc Reactor Cores,703.1,4.2,False
2025-12-18T00:00:00,Avengers Compound,Pym Particles,708.59,3.85,False
2025-12-18T00:00:00,Avengers Compound,Clean Water (L),2401.31,4.2,False
2025-12-18T00:00:00,Avengers Compound,Medical Kits,727.44,3.15,False
2025-12-18T01:00:00,New Asgard,Vibranium (kg),2422.42,3.55,False
2025-12-18T01:00:00,New Asgard,Arc Reactor Cores,702.2,4.26,False
2025-12-18T01:00:00,New Asgard,Pym Particles,713.0,3.91,False
2025-12-18T01:00:00,New Asgard,Clean Water (L),2406.06,4.26,False
2025-12-18T01:00:00,New Asgard,Medical Kits,728.08,3.2,False
2025-12-18T01:00:00,Wakanda,Vibranium (kg),2426.09,3.55,False
2025-12-18T01:00:00,Wakanda,Arc Reactor Cores,698.19,4.26,False
2025-12-18T01:00:00,Wakanda,Pym Particles,709.48,3.91,False
2025-12-18T01:00:00,Wakanda,Clean Water (L),2402.78,4.26,False
2025-12-18T01:00:00,Wakanda,Medical Kits,730.21,3.2,False
2025-12-18T01:00:00,Sokovia,Vibranium (kg),2427.77,3.55,False
2025-12-18T01:00:00,Sokovia,Arc Reactor Cores,705.22,4.26,False
2025-12-18T01:00:00,Sokovia,Pym Particles,716.48,3.91,False
2025-12-18T01:00:00,Sokovia,Clean Water (L),2408.44,4.26,False
2025-12-18T01:00:00,Sokovia,Medical Kits,732.67,3.2,False
2025-12-18T01:00:00,Sanctum Sanctorum,Vibranium (kg),2423.31,3.55,False
2025-12-18T01:00:00,Sanctum Sanctorum,Arc Reactor Cores,708.32,4.26,False
2025-12-18T01:00:00,Sanctum Sanctorum,Pym Particles,709.44,3.91,False
2025-12-18T01:00:00,Sanctum Sanctorum,Clean Water (L),2403.97,4.26,False
2025-12-18T01:00:00,Sanctum Sanctorum,Medical Kits,733.43,3.2,False
2025-12-18T01:00:00,Avengers Compound,Vibranium (kg),2422.14,3.55,False
2025-12-18T01:00:00,Avengers Compound,Arc Reactor Cores,704.98,4.26,False
2025-12-18T01:00:00,Avengers Compound,Pym Particles,711.06,3.91,False
2025-12-18T01:00:00,Avengers Compound,Clean Water (L),2402.01,4.26,False
2025-12-18T01:00:00,Avengers Compound,Medical Kits,728.66,3.2,False
2025-12-18T02:00:00,New Asgard,Vibranium (kg),2423.82,3.7,False
2025-12-18T02:00:00,New Asgard,Arc Reactor Cores,703.13,4.44,False
2025-12-18T02:00:00,New Asgard,Pym Particles,713.83,4.07,False
2025-12-18T02:00:00,New Asgard,Clean Water (L),2408.05,4.44,False
2025-12-18T02:00:00,New Asgard,Medical Kits,729.18,3.33,False
2025-12-18T02:00:00,Wakanda,Vibranium (kg),2427.51,3.7,False
2025-12-18T02:00:00,Wakanda,Arc Reactor Cores,699.31,4.44,False
2025-12-18T02:00:00,Wakanda,Pym Particles,710.71,4.07,False
2025-12-18T02:00:00,Wakanda,Clean Water (L),2403.0,4.44,False
2025-12-18T02:00:00,Wakanda,Medical Kits,730.19,3.33,False
2025-12-18T02:00:00,Sokovia,Vibranium (kg),2427.85,3.7,False
2025-12-18T02:00:00,Sokovia,Arc Reactor Cores,706.34,4.44,False
2025-12-18T02:00:00,Sokovia,Pym Particles,717.06,4.07,False
2025-12-18T02:00:00,Sokovia,Clean Water (L),2411.18,4.44,False
2025-12-18T02:00:00,Sokovia,Medical Kits,734.59,3.33,False
2025-12-18T02:00:00,Sanctum Sanctorum,Vibranium (kg),2425.1,3.7,False
2025-12-18T02:00:00,Sanctum Sanctorum,Arc Reactor Cores,709.09,4.44,False
2025-12-18T02:00:00,Sanctum Sanctorum,Pym Particles,710.05,4.07,False
2025-12-18T02:00:00,Sanctum Sanctorum,Clean Water (L),2404.84,4.44,False
2025-12-18T02:00:00,Sanctum Sanctorum,Medical Kits,734.99,3.33,False
2025-12-18T02:00:00,Avengers Compound,Vibranium (kg),2424.64,3.7,False
2025-12-18T02:00:00,Avengers Compound,Arc Reactor Cores,706.33,4.44,False
2025-12-18T02:00:00,Avengers Compound,Pym Particles,713.3,4.07,False
2025-12-18T02:00:00,Avengers Compound,Clean Water (L),2402.69,4.44,False
2025-12-18T02:00:00,Avengers Compound,Medical Kits,729.38,3.33,False
2025-12-18T03:00:00,New Asgard,Vibranium (kg),2423.46,3.94,False
2025-12-18T03:00:00,New Asgard,Arc Reactor Cores,704.68,4.73,False
2025-12-18T03:00:00,New Asgard,Pym Particles,714.79,4.33,False
2025-12-18T03:00:00,New Asgard,Clean Water (L),2408.9,4.73,False
2025-12-18T03:00:00,New Asgard,Medical Kits,729.53,3.55,False
2025-12-18T03:00:00,Wakanda,Vibranium (kg),2427.71,3.94,False
2025-12-18T03:00:00,Wakanda,Arc Reactor Cores,700.34,4.73,False
2025-12-18T03:00:00,Wakanda,Pym Particles,711.98,4.33,False
2025-12-18T03:00:00,Wakanda,Clean Water (L),2405.13,4.73,False
2025-12-18T03:00:00,Wakanda,Medical Kits,732.15,3.55,False
2025-12-18T03:00:00,Sokovia,Vibranium (kg),2428.55,3.94,False
2025-12-18T03:00:00,Sokovia,Arc Reactor Cores,708.1,4.73,False
2025-12-18T03:00:00,Sokovia,Pym Particles,718.66,4.33,False
2025-12-18T03:00:00,Sokovia,Clean Water (L),2411.7,4.73,False
2025-12-18T03:00:00,Sokovia,Medical Kits,734.08,3.55,False
2025-12-18T03:00:00,Sanctum Sanctorum,Vibranium (kg),2426.51,3.94,False
2025-12-18T03:00:00,Sanctum Sanctorum,Arc Reactor Cores,709.69,4.73,False
2025-12-18T03:00:00,Sanctum Sanctorum,Pym Particles,710.02,4.33,False
2025-12-18T03:00:00,Sanctum Sanctorum,Clean Water (L),2406.75,4.73,False
2025-12-18T03:00:00,Sanctum Sanctorum,Medical Kits,736.39,3.55,False
2025-12-18T03:00:00,Avengers Compound,Vibranium (kg),2426.54,3.94,False
2025-12-18T03:00:00,Avengers Compound,Arc Reactor Cores,706.97,4.73,False
2025-12-18T03:00:00,Avengers Compound,Pym Particles,715.5,4.33,False
2025-12-18T03:00:00,Avengers Compound,Clean Water (L),2404.63,4.73,False
2025-12-18T03:00:00,Avengers Compound,Medical Kits,729.5,3.55,False
2025-12-18T04:00:00,New Asgard,Vibranium (kg),2425.05,4.25,False
2025-12-18T04:00:00,New Asgard,Arc Reactor Cores,705.65,5.1,False
2025-12-18T04:00:00,New Asgard,Pym Particles,714.53,4.68,False
2025-12-18T04:00:00,New Asgard,Clean Water (L),2410.91,5.1,False
2025-12-18T04:00:00,New Asgard,Medical Kits,729.21,3.83,False
2025-12-18T04:00:00,Wakanda,Vibranium (kg),2428.05,4.25,False
2025-12-18T04:00:00,Wakanda,Arc Reactor Cores,701.09,5.1,False
2025-12-18T04:00:00,Wakanda,Pym Particles,712.53,4.68,False
2025-12-18T04:00:00,Wakanda,Clean Water (L),2406.52,5.1,False
2025-12-18T04:00:00,Wakanda,Medical Kits,731.99,3.83,False
2025-12-18T04:00:00,Sokovia,Vibranium (kg),2430.26,4.25,False
2025-12-18T04:00:00,Sokovia,Arc Reactor Cores,710.13,5.1,False
2025-12-18T04:00:00,Sokovia,Pym Particles,719.61,4.68,False
2025-12-18T04:00:00,Sokovia,Clean Water (L),2412.98,5.1,False
2025-12-18T04:00:00,Sokovia,Medical Kits,734.61,3.83,False
2025-12-18T04:00:00,Sanctum Sanctorum,Vibranium (kg),2426.53,4.25,False
2025-12-18T04:00:00,Sanctum Sanctorum,Arc Reactor Cores,711.53,5.1,False
2025-12-18T04:00:00,Sanctum Sanctorum,Pym Particles,711.71,4.68,False
2025-12-18T04:00:00,Sanctum Sanctorum,Clean Water (L),2408.25,5.1,False
2025-12-18T04:00:00,Sanctum Sanctorum,Medical Kits,738.32,3.83,False
2025-12-18T04:00:00,Avengers Compound,Vibranium (kg),2426.96,4.25,False
2025-12-18T04:00:00,Avengers Compound,Arc Reactor Cores,706.19,5.1,False
2025-12-18T04:00:00,Avengers Compound,Pym Particles,716.08,4.68,False
2025-12-18T04:00:00,Avengers Compound,Clean Water (L),2404.2,5.1,False
2025-12-18T04:00:00,Avengers Compound,Medical Kits,729.96,3.83,False
2025-12-18T05:00:00,New Asgard,Vibranium (kg),2424.21,4.61,False
2025-12-18T05:00:00,New Asgard,Arc Reactor Cores,706.85,5.53,False
2025-12-18T05:00:00,New Asgard,Pym Particles,715.19,5.07,False
2025-12-18T05:00:00,New Asgard,Clean Water (L),2411.66,5.53,False
2025-12-18T05:00:00,New Asgard,Medical Kits,730.24,4.15,False
2025-12-18T05:00:00,Wakanda,Vibranium (kg),2428.46,4.61,False
2025-12-18T05:00:00,Wakanda,Arc Reactor Cores,701.27,5.53,False
2025-12-18T05:00:00,Wakanda,Pym Particles,711.81,5.07,False
2025-12-18T05:00:00,Wakanda,Clean Water (L),2406.64,5.53,False
2025-12-18T05:00:00,Wakanda,Medical Kits,731.21,4.15,False
2025-12-18T05:00:00,Sokovia,Vibranium (kg),2430.47,4.61,False
2025-12-18T05:00:00,Sokovia,Arc Reactor Cores,711.26,5.53,False
2025-12-18T05:00:00,Sokovia,Pym Particles,719.12,5.07,False
2025-12-18T05:00:00,Sokovia,Clean Water (L),2413.52,5.53,False
2025-12-18T05:00:00,Sokovia,Medical Kits,735.72,4.15,False
2025-12-18T05:00:00,Sanctum Sanctorum,Vibranium (kg),2427.0,4.61,False
2025-12-18T05:00:00,Sanctum Sanctorum,Arc Reactor Cores,711.54,5.53,False
2025-12-18T05:00:00,Sanctum Sanctorum,Pym Particles,712.03,5.07,False
2025-12-18T05:00:00,Sanctum Sanctorum,Clean Water (L),2407.84,5.53,False
2025-12-18T05:00:00,Sanctum Sanctorum,Medical Kits,740.04,4.15,False
2025-12-18T05:00:00,Avengers Compound,Vibranium (kg),2427.09,4.61,False
2025-12-18T05:00:00,Avengers Compound,Arc Reactor Cores,706.83,5.53,False
2025-12-18T05:00:00,Avengers Compound,Pym Particles,714.77,5.07,False
2025-12-18T05:00:00,Avengers Compound,Clean Water (L),2403.75,5.53,False
2025-12-18T05:00:00,Avengers Compound,Medical Kits,730.51,4.15,False
2025-12-18T06:00:00,New Asgard,Vibranium (kg),2423.53,5.0,False
2025-12-18T06:00:00,New Asgard,Arc Reactor Cores,707.14,6.0,False
2025-12-18T06:00:00,New Asgard,Pym Particles,714.43,5.5,False
2025-12-18T06:00:00,New Asgard,Clean Water (L),2410.08,6.0,False
2025-12-18T06:00:00,New Asgard,Medical Kits,730.58,4.5,False
2025-12-18T06:00:00,Wakanda,Vibranium (kg),2427.78,5.0,False
2025-12-18T06:00:00,Wakanda,Arc Reactor Cores,700.63,6.0,False
2025-12-18T06:00:00,Wakanda,Pym Particles,711.67,5.5,False
2025-12-18T06:00:00,Wakanda,Clean Water (L),2406.23,6.0,False
2025-12-18T06:00:00,Wakanda,Medical Kits,731.2,4.5,False
2025-12-18T06:00:00,Sokovia,Vibranium (kg),2431.17,5.0,False
2025-12-18T06:00:00,Sokovia,Arc Reactor Cores,710.5,6.0,False
2025-12-18T06:00:00,Sokovia,Pym Particles,717.7,5.5,False
2025-12-18T06:00:00,Sokovia,Clean Water (L),2411.41,6.0,False
2025-12-18T06:00:00,Sokovia,Medical Kits,735.1,4.5,False
2025-12-18T06:00:00,Sanctum Sanctorum,Vibranium (kg),2426.75,5.0,False
2025-12-18T06:00:00,Sanctum Sanctorum,Arc Reactor Cores,709.98,6.0,False
2025-12-18T06:00:00,Sanctum Sanctorum,Pym Particles,712.1,5.5,False
2025-12-18T06:00:00,Sanctum Sanctorum,Clean Water (L),2408.89,6.0,False
2025-12-18T06:00:00,Sanctum Sanctorum,Medical Kits,739.62,4.5,False
2025-12-18T06:00:00,Avengers Compound,Vibranium (kg),2425.64,5.0,False
2025-12-18T06:00:00,Avengers Compound,Arc Reactor Cores,706.19,6.0,False
2025-12-18T06:00:00,Avengers Compound,Pym Particles,714.45,5.5,False
2025-12-18T06:00:00,Avengers Compound,Clean Water (L),2403.87,6.0,False
2025-12-18T06:00:00,Avengers Compound,Medical Kits,731.25,4.5,False
2025-12-18T07:00:00,New Asgard,Vibranium (kg),2423.85,5.39,False
2025-12-18T07:00:00,New Asgard,Arc Reactor Cores,705.15,6.47,False
2025-12-18T07:00:00,New Asgard,Pym Particles,714.47,5.93,False
2025-12-18T07:00:00,New Asgard,Clean Water (L),2409.05,6.47,False
2025-12-18T07:00:00,New Asgard,Medical Kits,731.61,4.85,False
2025-12-18T07:00:00,Wakanda,Vibranium (kg),2427.99,5.39,False
2025-12-18T07:00:00,Wakanda,Arc Reactor Cores,699.43,6.47,False
2025-12-18T07:00:00,Wakanda,Pym Particles,711.96,5.93,False
2025-12-18T07:00:00,Wakanda,Clean Water (L),2406.97,6.47,False
2025-12-18T07:00:00,Wakanda,Medical Kits,732.33,4.85,False
2025-12-18T07:00:00,Sokovia,Vibranium (kg),2428.9,5.39,False
2025-12-18T07:00:00,Sokovia,Arc Reactor Cores,709.28,6.47,False
2025-12-18T07:00:00,Sokovia,Pym Particles,717.22,5.93,False
2025-12-18T07:00:00,Sokovia,Clean Water (L),2410.61,6.47,False
2025-12-18T07:00:00,Sokovia,Medical Kits,734.42,4.85,False
2025-12-18T07:00:00,Sanctum Sanctorum,Vibranium (kg),2425.76,5.39,False
2025-12-18T07:00:00,Sanctum Sanctorum,Arc Reactor Cores,710.77,6.47,False
2025-12-18T07:00:00,Sanctum Sanctorum,Pym Particles,711.66,5.93,False
2025-12-18T07:00:00,Sanctum Sanctorum,Clean Water (L),2407.84,6.47,False
2025-12-18T07:00:00,Sanctum Sanctorum,Medical Kits,738.03,4.85,False
2025-12-18T07:00:00,Avengers Compound,Vibranium (kg),2425.77,5.39,False
2025-12-18T07:00:00,Avengers Compound,Arc Reactor Cores,704.39,6.47,False
2025-12-18T07:00:00,Avengers Compound,Pym Particles,713.76,5.93,False
2025-12-18T07:00:00,Avengers Compound,Clean Water (L),2402.48,6.47,False
2025-12-18T07:00:00,Avengers Compound,Medical Kits,729.35,4.85,False
2025-12-18T08:00:00,New Asgard,Vibranium (kg),2422.81,5.75,False
2025-12-18T08:00:00,New Asgard,Arc Reactor Cores,704.98,6.9,False
2025-12-18T08:00:00,New Asgard,Pym Particles,713.9,6.32,False
2025-12-18T08:00:00,New Asgard,Clean Water (L),2407.6,6.9,False
2025-12-18T08:00:00,New Asgard,Medical Kits,732.06,5.17,False
2025-12-18T08:00:00,Wakanda,Vibranium (kg),2427.63,5.75,False
2025-12-18T08:00:00,Wakanda,Arc Reactor Cores,698.12,6.9,False
2025-12-18T08:00:00,Wakanda,Pym Particles,710.34,6.32,False
2025-12-18T08:00:00,Wakanda,Clean Water (L),2405.1,6.9,False
2025-12-18T08:00:00,Wakanda,Medical Kits,730.37,5.17,False
2025-12-18T08:00:00,Sokovia,Vibranium (kg),2426.87,5.75,False
2025-12-18T08:00:00,Sokovia,Arc Reactor Cores,707.84,6.9,False
2025-12-18T08:00:00,Sokovia,Pym Particles,716.78,6.32,False
2025-12-18T08:00:00,Sokovia,Clean Water (L),2409.67,6.9,False
2025-12-18T08:00:00,Sokovia,Medical Kits,734.94,5.17,False
2025-12-18T08:00:00,Sanctum Sanctorum,Vibranium (kg),2424.33,5.75,False
2025-12-18T08:00:00,Sanctum Sanctorum,Arc Reactor Cores,709.47,6.9,False
2025-12-18T08:00:00,Sanctum Sanctorum,Pym Particles,709.46,6.32,False
2025-12-18T08:00:00,Sanctum Sanctorum,Clean Water (L),2407.16,6.9,False
2025-12-18T08:00:00,Sanctum Sanctorum,Medical Kits,736.38,5.17,False
2025-12-18T08:00:00,Avengers Compound,Vibranium (kg),2426.4,5.75,False
2025-12-18T08:00:00,Avengers Compound,Arc Reactor Cores,704.87,6.9,False
2025-12-18T08:00:00,Avengers Compound,Pym Particles,713.18,6.32,False
2025-12-18T08:00:00,Avengers Compound,Clean Water (L),2402.13,6.9,False
2025-12-18T08:00:00,Avengers Compound,Medical Kits,728.19,5.17,False
