timestamp,sector_id,resource_type,stock_level,usage_rate_hourly,event_detected
2023-05-01T00:00:00,New Asgard,Vibranium (kg),2497.18,3.5,False
2023-05-01T00:00:00,New Asgard,Arc Reactor Cores,797.78,4.2,False
2023-05-01T00:00:00,New Asgard,Pym Particles,798.15,3.85,False
2023-05-01T00:00:00,New Asgard,Clean Water (L),2496.97,4.2,False
2023-05-01T00:00:00,New Asgard,Medical Kits,796.81,3.15,False
2023-05-01T00:00:00,Wakanda,Vibranium (kg),2497.21,3.5,False
2023-05-01T00:00:00,Wakanda,Arc Reactor Cores,798.61,4.2,False
2023-05-01T00:00:00,Wakanda,Pym Particles,798.02,3.85,False
2023-05-01T00:00:00,Wakanda,Clean Water (L),2497.35,4.2,False
2023-05-01T00:00:00,Wakanda,Medical Kits,797.21,3.15,False
2023-05-01T00:00:00,Sokovia,Vibranium (kg),2498.36,3.5,False
2023-05-01T00:00:00,Sokovia,Arc Reactor Cores,795.81,4.2,False
2023-05-01T00:00:00,Sokovia,Pym Particles,798.21,3.85,False
2023-05-01T00:00:00,Sokovia,Clean Water (L),2497.76,4.2,False
2023-05-01T00:00:00,Sokovia,Medical Kits,796.67,3.15,False
2023-05-01T00:00:00,Sanctum Sanctorum,Vibranium (kg),2499.13,3.5,False
2023-05-01T00:00:00,Sanctum Sanctorum,Arc Reactor Cores,796.48,4.2,False
2023-05-01T00:00:00,Sanctum Sanctorum,Pym Particles,798.61,3.85,False
2023-05-01T00:00:00,Sanctum Sanctorum,Clean Water (L),2495.64,4.2,False
2023-05-01T00:00:00,Sanctum Sanctorum,Medical Kits,797.53,3.15,False
2023-05-01T00:00:00,Avengers Compound,Vibranium (kg),2498.1,3.5,False
2023-05-01T00:00:00,Avengers Compound,Arc Reactor Cores,798.36,4.2,False
2023-05-01T00:00:00,Avengers Compound,Pym Particles,797.19,3.85,False
2023-05-01T00:00:00,Avengers Compound,Clean Water (L),2497.06,4.2,False
2023-05-01T00:00:00,Avengers Compound,Medical Kits,799.14,3.15,False
2023-05-01T01:00:00,New Asgard,Vibranium (kg),2495.07,3.55,False
2023-05-01T01:00:00,New Asgard,Arc Reactor Cores,794.21,4.26,False
2023-05-01T01:00:00,New Asgard,Pym Particles,795.35,3.91,False
2023-05-01T01:00:00,New Asgard,Clean Water (L),2493.29,4.26,False
2023-05-01T01:00:00,New Asgard,Medical Kits,795.18,3.2,False
2023-05-01T01:00:00,Wakanda,Vibranium (kg),2495.13,3.55,False
2023-05-01T01:00:00,Wakanda,Arc Reactor Cores,796.48,4.26,False
2023-05-01T01:00:00,Wakanda,Pym Particles,795.46,3.91,False
2023-05-01T01:00:00,Wakanda,Clean Water (L),2495.34,4.26,False
2023-05-01T01:00:00,Wakanda,Medical Kits,794.56,3.2,False
2023-05-01T01:00:00,Sokovia,Vibranium (kg),2496.58,3.55,False
2023-05-01T01:00:00,Sokovia,Arc Reactor Cores,794.09,4.26,False
2023-05-01T01:00:00,Sokovia,Pym Particles,794.98,3.91,False
2023-05-01T01:00:00,Sokovia,Clean Water (L),2495.6,4.26,False
2023-05-01T01:00:00,Sokovia,Medical Kits,793.72,3.2,False
2023-05-01T01:00:00,Sanctum Sanctorum,Vibranium (kg),2496.53,3.55,False
2023-05-01T01:00:00,Sanctum Sanctorum,Arc Reactor Cores,793.79,4.26,False
2023-05-01T01:00:00,Sanctum Sanctorum,Pym Particles,796.25,3.91,False
2023-05-01T01:00:00,Sanctum Sanctorum,Clean Water (L),2492.79,4.26,False
2023-05-01T01:00:00,Sanctum Sanctorum,Medical Kits,794.42,3.2,False
2023-05-01T01:00:00,Avengers Compound,Vibranium (kg),2496.09,3.55,False
2023-05-01T01:00:00,Avengers Compound,Arc Reactor Cores,795.31,4.26,False
2023-05-01T01:00:00,Avengers Compound,Pym Particles,793.49,3.91,False
2023-05-01T01:00:00,Avengers Compound,Clean Water (L),2494.5,4.26,False
2023-05-01T01:00:00,Avengers Compound,Medical Kits,798.09,3.2,False
2023-05-01T02:00:00,New Asgard,Vibranium (kg),2492.88,3.7,False
2023-05-01T02:00:00,New Asgard,Arc Reactor Cores,789.18,4.44,False
2023-05-01T02:00:00,New Asgard,Pym Particles,792.74,4.07,False
2023-05-01T02:00:00,New Asgard,Clean Water (L),2490.36,4.44,False
2023-05-01T02:00:00,New Asgard,Medical Kits,792.31,3.33,False
2023-05-01T02:00:00,Wakanda,Vibranium (kg),2491.55,3.7,False
2023-05-01T02:00:00,Wakanda,Arc Reactor Cores,793.68,4.44,False
2023-05-01T02:00:00,Wakanda,Pym Particles,792.39,4.07,False
2023-05-01T02:00:00,Wakanda,Clean Water (L),2491.56,4.44,False
2023-05-01T02:00:00,Wakanda,Medical Kits,792.82,3.33,False
2023-05-01T02:00:00,Sokovia,Vibranium (kg),2494.35,3.7,False
2023-05-01T02:00:00,Sokovia,Arc Reactor Cores,790.5,4.44,False
2023-05-01T02:00:00,Sokovia,Pym Particles,792.01,4.07,False
2023-05-01T02:00:00,Sokovia,Clean Water (L),2492.08,4.44,False
2023-05-01T02:00:00,Sokovia,Medical Kits,792.21,3.33,False
2023-05-01T02:00:00,Sanctum Sanctorum,Vibranium (kg),2494.9,3.7,False
2023-05-01T02:00:00,Sanctum Sanctorum,Arc Reactor Cores,791.42,4.44,False
2023-05-01T02:00:00,Sanctum Sanctorum,Pym Particles,794.61,4.07,False
2023-05-01T02:00:00,Sanctum Sanctorum,Clean Water (L),2488.19,4.44,False
2023-05-01T02:00:00,Sanctum Sanctorum,Medical Kits,793.13,3.33,False
2023-05-01T02:00:00,Avengers Compound,Vibranium (kg),2493.31,3.7,False
2023-05-01T02:00:00,Avengers Compound,Arc Reactor Cores,792.51,4.44,False
2023-05-01T02:00:00,Avengers Compound,Pym Particles,791.25,4.07,False
2023-05-01T02:00:00,Avengers Compound,Clean Water (L),2492.14,4.44,False
2023-05-01T02:00:00,Avengers Compound,Medical Kits,794.61,3.33,False
2023-05-01T03:00:00,New Asgard,Vibranium (kg),2491.22,3.94,False
2023-05-01T03:00:00,New Asgard,Arc Reactor Cores,784.71,4.73,False
2023-05-01T03:00:00,New Asgard,Pym Particles,789.34,4.33,False
2023-05-01T03:00:00,New Asgard,Clean Water (L),2485.75,4.73,False
2023-05-01T03:00:00,New Asgard,Medical Kits,790.04,3.55,False
2023-05-01T03:00:00,Wakanda,Vibranium (kg),2490.52,3.94,False
2023-05-01T03:00:00,Wakanda,Arc Reactor Cores,790.28,4.73,False
2023-05-01T03:00:00,Wakanda,Pym Particles,789.16,4.33,False
2023-05-01T03:00:00,Wakanda,Clean Water (L),2487.58,4.73,False
2023-05-01T03:00:00,Wakanda,Medical Kits,791.61,3.55,False
2023-05-01T03:00:00,Sokovia,Vibranium (kg),2492.8,3.94,False
2023-05-01T03:00:00,Sokovia,Arc Reactor Cores,786.82,4.73,False
2023-05-01T03:00:00,Sokovia,Pym Particles,788.94,4.33,False
2023-05-01T03:00:00,Sokovia,Clean Water (L),2487.06,4.73,False
2023-05-01T03:00:00,Sokovia,Medical Kits,791.52,3.55,False
2023-05-01T03:00:00,Sanctum Sanctorum,Vibranium (kg),2491.82,3.94,False
2023-05-01T03:00:00,Sanctum Sanctorum,Arc Reactor Cores,786.53,4.73,False
2023-05-01T03:00:00,Sanctum Sanctorum,Pym Particles,791.82,4.33,False
2023-05-01T03:00:00,Sanctum Sanctorum,Clean Water (L),2485.95,4.73,False
2023-05-01T03:00:00,Sanctum Sanctorum,Medical Kits,792.62,3.55,False
2023-05-01T03:00:00,Avengers Compound,Vibranium (kg),2491.06,3.94,False
2023-05-01T03:00:00,Avengers Compound,Arc Reactor Cores,787.7,4.73,False
2023-05-01T03:00:00,Avengers Compound,Pym Particles,786.65,4.33,False
2023-05-01T03:00:00,Avengers Compound,Clean Water (L),2489.15,4.73,False
2023-05-01T03:00:00,Avengers Compound,Medical Kits,792.97,3.55,False
2023-05-01T04:00:00,New Asgard,Vibranium (kg),2488.19,4.25,False
2023-05-01T04:00:00,New Asgard,Arc Reactor Cores,780.78,5.1,False
2023-05-01T04:00:00,New Asgard,Pym Particles,785.9,4.68,False
2023-05-01T04:00:00,New Asgard,Clean Water (L),2482.61,5.1,False
2023-05-01T04:00:00,New Asgard,Medical Kits,788.65,3.83,False
2023-05-01T04:00:00,Wakanda,Vibranium (kg),2486.56,4.25,False
2023-05-01T04:00:00,Wakanda,Arc Reactor Cores,786.06,5.1,False
2023-05-01T04:00:00,Wakanda,Pym Particles,787.56,4.68,False
2023-05-01T04:00:00,Wakanda,Clean Water (L),2483.91,5.1,False
2023-05-01T04:00:00,Wakanda,Medical Kits,789.99,3.83,False
2023-05-01T04:00:00,Sokovia,Vibranium (kg),2489.83,4.25,False
2023-05-01T04:00:00,Sokovia,Arc Reactor Cores,784.55,5.1,False
2023-05-01T04:00:00,Sokovia,Pym Particles,786.59,4.68,False
2023-05-01T04:00:00,Sokovia,Clean Water (L),2484.36,5.1,False
2023-05-01T04:00:00,Sokovia,Medical Kits,788.88,3.83,False
2023-05-01T04:00:00,Sanctum Sanctorum,Vibranium (kg),2488.35,4.25,False
2023-05-01T04:00:00,Sanctum Sanctorum,Arc Reactor Cores,782.38,5.1,False
2023-05-01T04:00:00,Sanctum Sanctorum,Pym Particles,788.44,4.68,False
2023-05-01T04:00:00,Sanctum Sanctorum,Clean Water (L),2481.3,5.1,False
2023-05-01T04:00:00,Sanctum Sanctorum,Medical Kits,790.6,3.83,False
2023-05-01T04:00:00,Avengers Compound,Vibranium (kg),2488.59,4.25,False
2023-05-01T04:00:00,Avengers Compound,Arc Reactor Cores,784.17,5.1,False
2023-05-01T04:00:00,Avengers Compound,Pym Particles,782.97,4.68,False
2023-05-01T04:00:00,Avengers Compound,Clean Water (L),2486.0,5.1,False
2023-05-01T04:00:00,Avengers Compound,Medical Kits,789.83,3.83,False
2023-05-01T05:00:00,New Asgard,Vibranium (kg),2485.81,4.61,False
2023-05-01T05:00:00,New Asgard,Arc Reactor Cores,777.25,5.53,False
2023-05-01T05:00:00,New Asgard,Pym Particles,782.62,5.07,False
2023-05-01T05:00:00,New Asgard,Clean Water (L),2479.78,5.53,False
2023-05-01T05:00:00,New Asgard,Medical Kits,785.04,4.15,False
2023-05-01T05:00:00,Wakanda,Vibranium (kg),2482.67,4.61,False
2023-05-01T05:00:00,Wakanda,Arc Reactor Cores,781.91,5.53,False
2023-05-01T05:00:00,Wakanda,Pym Particles,784.63,5.07,False
2023-05-01T05:00:00,Wakanda,Clean Water (L),2479.28,5.53,False
2023-05-01T05:00:00,Wakanda,Medical Kits,787.85,4.15,False
2023-05-01T05:00:00,Sokovia,Vibranium (kg),2487.73,4.61,False
2023-05-01T05:00:00,Sokovia,Arc Reactor Cores,780.88,5.53,False
2023-05-01T05:00:00,Sokovia,Pym Particles,783.41,5.07,False
2023-05-01T05:00:00,Sokovia,Clean Water (L),2482.21,5.53,False
2023-05-01T05:00:00,Sokovia,Medical Kits,786.39,4.15,False
2023-05-01T05:00:00,Sanctum Sanctorum,Vibranium (kg),2486.93,4.61,False
2023-05-01T05:00:00,Sanctum Sanctorum,Arc Reactor Cores,779.81,5.53,False
2023-05-01T05:00:00,Sanctum Sanctorum,Pym Particles,785.65,5.07,False
2023-05-01T05:00:00,Sanctum Sanctorum,Clean Water (L),2477.48,5.53,False
2023-05-01T05:00:00,Sanctum Sanctorum,Medical Kits,787.45,4.15,False
2023-05-01T05:00:00,Avengers Compound,Vibranium (kg),2486.56,4.61,False
2023-05-01T05:00:00,Avengers Compound,Arc Reactor Cores,781.08,5.53,False
2023-05-01T05:00:00,Avengers Compound,Pym Particles,779.82,5.07,False
2023-05-01T05:00:00,Avengers Compound,Clean Water (L),2483.6,5.53,False
2023-05-01T05:00:00,Avengers Compound,Medical Kits,786.35,4.15,False
2023-05-01T06:00:00,New Asgard,Vibranium (kg),2480.83,5.0,False
2023-05-01T06:00:00,New Asgard,Arc Reactor Cores,774.84,6.0,False
2023-05-01T06:00:00,New Asgard,Pym Particles,777.25,5.5,False
2023-05-01T06:00:00,New Asgard,Clean Water (L),2475.58,6.0,False
2023-05-01T06:00:00,New Asgard,Medical Kits,782.18,4.5,False
2023-05-01T06:00:00,Wakanda,Vibranium (kg),2479.26,5.0,False
2023-05-01T06:00:00,Wakanda,Arc Reactor Cores,778.59,6.0,False
2023-05-01T06:00:00,Wakanda,Pym Particles,780.36,5.5,False
2023-05-01T06:00:00,Wakanda,Clean Water (L),2475.49,6.0,False
2023-05-01T06:00:00,Wakanda,Medical Kits,784.9,4.5,False
2023-05-01T06:00:00,Sokovia,Vibranium (kg),2484.76,5.0,False
2023-05-01T06:00:00,Sokovia,Arc Reactor Cores,776.37,6.0,False
2023-05-01T06:00:00,Sokovia,Pym Particles,780.24,5.5,False
2023-05-01T06:00:00,Sokovia,Clean Water (L),2476.78,6.0,False
2023-05-01T06:00:00,Sokovia,Medical Kits,782.84,4.5,False
2023-05-01T06:00:00,Sanctum Sanctorum,Vibranium (kg),2483.48,5.0,False
2023-05-01T06:00:00,Sanctum Sanctorum,Arc Reactor Cores,777.07,6.0,False
2023-05-01T06:00:00,Sanctum Sanctorum,Pym Particles,782.16,5.5,False
2023-05-01T06:00:00,Sanctum Sanctorum,Clean Water (L),2474.7,6.0,False
2023-05-01T06:00:00,Sanctum Sanctorum,Medical Kits,784.45,4.5,False
2023-05-01T06:00:00,Avengers Compound,Vibranium (kg),2483.5,5.0,False
2023-05-01T06:00:00,Avengers Compound,Arc Reactor Cores,777.36,6.0,False
2023-05-01T06:00:00,Avengers Compound,Pym Particles,776.28,5.5,False
2023-05-01T06:00:00,Avengers Compound,Clean Water (L),2480.03,6.0,False
2023-05-01T06:00:00,Avengers Compound,Medical Kits,782.81,4.5,False
2023-05-01T07:00:00,New Asgard,Vibranium (kg),2478.88,5.39,False
2023-05-01T07:00:00,New Asgard,Arc Reactor Cores,771.7,6.47,False
2023-05-01T07:00:00,New Asgard,Pym Particles,774.86,5.93,False
2023-05-01T07:00:00,New Asgard,Clean Water (L),2472.74,6.47,False
2023-05-01T07:00:00,New Asgard,Medical Kits,778.97,4.85,False
2023-05-01T07:00:00,Wakanda,Vibranium (kg),2475.19,5.39,False
2023-05-01T07:00:00,Wakanda,Arc Reactor Cores,774.08,6.47,False
2023-05-01T07:00:00,Wakanda,Pym Particles,776.98,5.93,False
2023-05-01T07:00:00,Wakanda,Clean Water (L),2472.25,6.47,False
2023-05-01T07:00:00,Wakanda,Medical Kits,781.64,4.85,False
2023-05-01T07:00:00,Sokovia,Vibranium (kg),2479.59,5.39,False
2023-05-01T07:00:00,Sokovia,Arc Reactor Cores,771.48,6.47,False
2023-05-01T07:00:00,Sokovia,Pym Particles,775.6,5.93,False
2023-05-01T07:00:00,Sokovia,Clean Water (L),2472.43,6.47,False
2023-05-01T07:00:00,Sokovia,Medical Kits,779.75,4.85,False
2023-05-01T07:00:00,Sanctum Sanctorum,Vibranium (kg),2479.32,5.39,False
2023-05-01T07:00:00,Sanctum Sanctorum,Arc Reactor Cores,772.11,6.47,False
2023-05-01T07:00:00,Sanctum Sanctorum,Pym Particles,779.35,5.93,False
2023-05-01T07:00:00,Sanctum Sanctorum,Clean Water (L),2470.32,6.47,False
2023-05-01T07:00:00,Sanctum Sanctorum,Medical Kits,780.45,4.85,False
2023-05-01T07:00:00,Avengers Compound,Vibranium (kg),2478.67,5.39,False
2023-05-01T07:00:00,Avengers Compound,Arc Reactor Cores,771.63,6.47,False
2023-05-01T07:00:00,Avengers Compound,Pym Particles,773.94,5.93,False
2023-05-01T07:00:00,Avengers Compound,Clean Water (L),2475.4,6.47,False
2023-05-01T07:00:00,Avengers Compound,Medical Kits,779.83,4.85,False
2023-05-01T08:00:00,New Asgard,Vibranium (kg),2475.86,5.75,False
2023-05-01T08:00:00,New Asgard,Arc Reactor Cores,765.25,6.9,False
2023-05-01T08:00:00,New Asgard,Pym Particles,771.67,6.32,False
2023-05-01T08:00:00,New Asgard,Clean Water (L),2469.04,6.9,False
2023-05-01T08:00:00,New Asgard,Medical Kits,776.53,5.17,False
2023-05-01T08:00:00,Wakanda,Vibranium (kg),2472.92,5.75,False
2023-05-01T08:00:00,Wakanda,Arc Reactor Cores,768.67,6.9,False
2023-05-01T08:00:00,Wakanda,Pym Particles,772.49,6.32,False
2023-05-01T08:00:00,Wakanda,Clean Water (L),2468.76,6.9,False
2023-05-01T08:00:00,Wakanda,Medical Kits,777.91,5.17,False
2023-05-01T08:00:00,Sokovia,Vibranium (kg),2474.39,5.75,False
2023-05-01T08:00:00,Sokovia,Arc Reactor Cores,768.22,6.9,False
2023-05-01T08:00:00,Sokovia,Pym Particles,773.0,6.32,False
2023-05-01T08:00:00,Sokovia,Clean Water (L),2468.26,6.9,False
2023-05-01T08:00:00,Sokovia,Medical Kits,777.47,5.17,False
2023-05-01T08:00:00,Sanctum Sanctorum,Vibranium (kg),2475.38,5.75,False
2023-05-01T08:00:00,Sanctum Sanctorum,Arc Reactor Cores,766.84,6.9,False
2023-05-01T08:00:00,Sanctum Sanctorum,Pym Particles,775.09,6.32,False
2023-05-01T08:00:00,Sanctum Sanctorum,Clean Water (L),2466.59,6.9,False
2023-05-01T08:00:00,Sanctum Sanctorum,Medical Kits,777.45,5.17,False
2023-05-01T08:00:00,Avengers Compound,Vibranium (kg),2474.3,5.75,False
2023-05-01T08:00:00,Avengers Compound,Arc Reactor Cores,767.52,6.9,False
2023-05-01T08:00:00,Avengers Compound,Pym Particles,770.78,6.32,False
2023-05-01T08:00:00,Avengers Compound,Clean Water (L),2470.29,6.9,False
2023-05-01T08:00:00,Avengers Compound,Medical Kits,775.58,5.17,False
2023-05-01T09:00:00,New Asgard,Vibranium (kg),2472.68,6.06,False
2023-05-01T09:00:00,New Asgard,Arc Reactor Cores,761.03,7.27,False
2023-05-01T09:00:00,New Asgard,Pym Particles,767.47,6.67,False
2023-05-01T09:00:00,New Asgard,Clean Water (L),2465.1,7.27,False
2023-05-01T09:00:00,New Asgard,Medical Kits,772.13,5.45,False
2023-05-01T09:00:00,Wakanda,Vibranium (kg),2469.36,6.06,False
2023-05-01T09:00:00,Wakanda,Arc Reactor Cores,763.02,7.27,False
2023-05-01T09:00:00,Wakanda,Pym Particles,768.8,6.67,False
2023-05-01T09:00:00,Wakanda,Clean Water (L),2465.43,7.27,False
2023-05-01T09:00:00,Wakanda,Medical Kits,774.79,5.45,False
2023-05-01T09:00:00,Sokovia,Vibranium (kg),2471.28,6.06,False
2023-05-01T09:00:00,Sokovia,Arc Reactor Cores,764.93,7.27,False
2023-05-01T09:00:00,Sokovia,Pym Particles,768.06,6.67,False
2023-05-01T09:00:00,Sokovia,Clean Water (L),2462.74,7.27,False
2023-05-01T09:00:00,Sokovia,Medical Kits,776.03,5.45,False
2023-05-01T09:00:00,Sanctum Sanctorum,Vibranium (kg),2472.68,6.06,False
2023-05-01T09:00:00,Sanctum Sanctorum,Arc Reactor Cores,762.06,7.27,False
2023-05-01T09:00:00,Sanctum Sanctorum,Pym Particles,769.39,6.67,False
2023-05-01T09:00:00,Sanctum Sanctorum,Clean Water (L),2460.84,7.27,False
2023-05-01T09:00:00,Sanctum Sanctorum,Medical Kits,774.64,5.45,False
2023-05-01T09:00:00,Avengers Compound,Vibranium (kg),2470.7,6.06,False
2023-05-01T09:00:00,Avengers Compound,Arc Reactor Cores,764.06,7.27,False
2023-05-01T09:00:00,Avengers Compound,Pym Particles,766.68,6.67,False
2023-05-01T09:00:00,Avengers Compound,Clean Water (L),2465.89,7.27,False
2023-05-01T09:00:00,Avengers Compound,Medical Kits,772.57,5.45,False
2023-05-01T10:00:00,New Asgard,Vibranium (kg),2469.21,6.3,False
2023-05-01T10:00:00,New Asgard,Arc Reactor Cores,756.31,7.56,False
2023-05-01T10:00:00,New Asgard,Pym Particles,764.45,6.93,False
2023-05-01T10:00:00,New Asgard,Clean Water (L),2461.3,7.56,False
2023-05-01T10:00:00,New Asgard,Medical Kits,768.38,5.67,False
2023-05-01T10:00:00,Wakanda,Vibranium (kg),2464.33,6.3,False
2023-05-01T10:00:00,Wakanda,Arc Reactor Cores,758.9,7.56,False
2023-05-01T10:00:00,Wakanda,Pym Particles,764.19,6.93,False
2023-05-01T10:00:00,Wakanda,Clean Water (L),2460.05,7.56,False
2023-05-01T10:00:00,Wakanda,Medical Kits,772.19,5.67,False
2023-05-01T10:00:00,Sokovia,Vibranium (kg),2467.06,6.3,False
2023-05-01T10:00:00,Sokovia,Arc Reactor Cores,760.68,7.56,False
2023-05-01T10:00:00,Sokovia,Pym Particles,765.0,6.93,False
2023-05-01T10:00:00,Sokovia,Clean Water (L),2457.88,7.56,False
2023-05-01T10:00:00,Sokovia,Medical Kits,772.32,5.67,False
2023-05-01T10:00:00,Sanctum Sanctorum,Vibranium (kg),2468.65,6.3,False
2023-05-01T10:00:00,Sanctum Sanctorum,Arc Reactor Cores,757.42,7.56,False
2023-05-01T10:00:00,Sanctum Sanctorum,Pym Particles,765.63,6.93,False
2023-05-01T10:00:00,Sanctum Sanctorum,Clean Water (L),2454.65,7.56,False
2023-05-01T10:00:00,Sanctum Sanctorum,Medical Kits,770.15,5.67,False
2023-05-01T10:00:00,Avengers Compound,Vibranium (kg),2468.08,6.3,False
2023-05-01T10:00:00,Avengers Compound,Arc Reactor Cores,758.16,7.56,False
2023-05-01T10:00:00,Avengers Compound,Pym Particles,763.1,6.93,False
2023-05-01T10:00:00,Avengers Compound,Clean Water (L),2461.08,7.56,False
2023-05-01T10:00:00,Avengers Compound,Medical Kits,769.02,5.67,False
2023-05-01T11:00:00,New Asgard,Vibranium (kg),2465.07,6.45,False
2023-05-01T11:00:00,New Asgard,Arc Reactor Cores,752.44,7.74,False
2023-05-01T11:00:00,New Asgard,Pym Particles,759.96,7.09,False
2023-05-01T11:00:00,New Asgard,Clean Water (L),2456.27,7.74,False
2023-05-01T11:00:00,New Asgard,Medical Kits,764.62,5.8,False
2023-05-01T11:00:00,Wakanda,Vibranium (kg),2461.2,6.45,False
2023-05-01T11:00:00,Wakanda,Arc Reactor Cores,754.6,7.74,False
2023-05-01T11:00:00,Wakanda,Pym Particles,759.56,7.09,False
2023-05-01T11:00:00,Wakanda,Clean Water (L),2455.48,7.74,False
2023-05-01T11:00:00,Wakanda,Medical Kits,768.39,5.8,False
2023-05-01T11:00:00,Sokovia,Vibranium (kg),2463.29,6.45,False
2023-05-01T11:00:00,Sokovia,Arc Reactor Cores,755.81,7.74,False
2023-05-01T11:00:00,Sokovia,Pym Particles,760.56,7.09,False
2023-05-01T11:00:00,Sokovia,Clean Water (L),2452.96,7.74,False
2023-05-01T11:00:00,Sokovia,Medical Kits,767.42,5.8,False
2023-05-01T11:00:00,Sanctum Sanctorum,Vibranium (kg),2464.78,6.45,False
2023-05-01T11:00:00,Sanctum Sanctorum,Arc Reactor Cores,753.2,7.74,False
2023-05-01T11:00:00,Sanctum Sanctorum,Pym Particles,760.56,7.09,False
2023-05-01T11:00:00,Sanctum Sanctorum,Clean Water (L),2451.02,7.74,False
2023-05-01T11:00:00,Sanctum Sanctorum,Medical Kits,768.11,5.8,False
2023-05-01T11:00:00,Avengers Compound,Vibranium (kg),2463.54,6.45,False
2023-05-01T11:00:00,Avengers Compound,Arc Reactor Cores,752.21,7.74,False
2023-05-01T11:00:00,Avengers Compound,Pym Particles,758.85,7.09,False
2023-05-01T11:00:00,Avengers Compound,Clean Water (L),2455.02,7.74,False
2023-05-01T11:00:00,Avengers Compound,Medical Kits,764.93,5.8,False
2023-05-01T12:00:00,New Asgard,Vibranium (kg),2460.55,6.5,False
2023-05-01T12:00:00,New Asgard,Arc Reactor Cores,748.24,7.8,False
2023-05-01T12:00:00,New Asgard,Pym Particles,756.06,7.15,False
2023-05-01T12:00:00,New Asgard,Clean Water (L),2452.18,7.8,False
2023-05-01T12:00:00,New Asgard,Medical Kits,762.16,5.85,False
2023-05-01T12:00:00,Wakanda,Vibranium (kg),2458.72,6.5,False
2023-05-01T12:00:00,Wakanda,Arc Reactor Cores,750.83,7.8,False
2023-05-01T12:00:00,Wakanda,Pym Particles,754.04,7.15,False
2023-05-01T12:00:00,Wakanda,Clean Water (L),2451.26,7.8,False
2023-05-01T12:00:00,Wakanda,Medical Kits,765.51,5.85,False
2023-05-01T12:00:00,Sokovia,Vibranium (kg),2458.9,6.5,False
2023-05-01T12:00:00,Sokovia,Arc Reactor Cores,751.8,7.8,False
2023-05-01T12:00:00,Sokovia,Pym Particles,757.88,7.15,False
2023-05-01T12:00:00,Sokovia,Clean Water (L),2449.82,7.8,False
2023-05-01T12:00:00,Sokovia,Medical Kits,763.69,5.85,False
2023-05-01T12:00:00,Sanctum Sanctorum,Vibranium (kg),2461.1,6.5,False
2023-05-01T12:00:00,Sanctum Sanctorum,Arc Reactor Cores,747.48,7.8,False
2023-05-01T12:00:00,Sanctum Sanctorum,Pym Particles,754.93,7.15,False
2023-05-01T12:00:00,Sanctum Sanctorum,Clean Water (L),2445.49,7.8,False
2023-05-01T12:00:00,Sanctum Sanctorum,Medical Kits,764.34,5.85,False
2023-05-01T12:00:00,Avengers Compound,Vibranium (kg),2459.38,6.5,False
2023-05-01T12:00:00,Avengers Compound,Arc Reactor Cores,748.31,7.8,False
2023-05-01T12:00:00,Avengers Compound,Pym Particles,754.68,7.15,False
2023-05-01T12:00:00,Avengers Compound,Clean Water (L),2450.61,7.8,False
2023-05-01T12:00:00,Avengers Compound,Medical Kits,761.62,5.85,False
2023-05-01T13:00:00,New Asgard,Vibranium (kg),2458.22,6.45,False
2023-05-01T13:00:00,New Asgard,Arc Reactor Cores,744.94,7.74,False
2023-05-01T13:00:00,New Asgard,Pym Particles,752.28,7.09,False
2023-05-01T13:00:00,New Asgard,Clean Water (L),2447.81,7.74,False
2023-05-01T13:00:00,New Asgard,Medical Kits,758.73,5.8,False
2023-05-01T13:00:00,Wakanda,Vibranium (kg),2455.22,6.45,False
2023-05-01T13:00:00,Wakanda,Arc Reactor Cores,747.26,7.74,False
2023-05-01T13:00:00,Wakanda,Pym Particles,750.25,7.09,False
2023-05-01T13:00:00,Wakanda,Clean Water (L),2446.55,7.74,False
2023-05-01T13:00:00,Wakanda,Medical Kits,763.02,5.8,False
2023-05-01T13:00:00,Sokovia,Vibranium (kg),2455.33,6.45,False
2023-05-01T13:00:00,Sokovia,Arc Reactor Cores,747.44,7.74,False
2023-05-01T13:00:00,Sokovia,Pym Particles,754.65,7.09,False
2023-05-01T13:00:00,Sokovia,Clean Water (L),2446.69,7.74,False
2023-05-01T13:00:00,Sokovia,Medical Kits,759.6,5.8,False
2023-05-01T13:00:00,Sanctum Sanctorum,Vibranium (kg),2456.14,6.45,False
2023-05-01T13:00:00,Sanctum Sanctorum,Arc Reactor Cores,743.67,7.74,False
2023-05-01T13:00:00,Sanctum Sanctorum,Pym Particles,750.8,7.09,False
2023-05-01T13:00:00,Sanctum Sanctorum,Clean Water (L),2443.26,7.74,False
2023-05-01T13:00:00,Sanctum Sanctorum,Medical Kits,760.6,5.8,False
2023-05-01T13:00:00,Avengers Compound,Vibranium (kg),2454.76,6.45,False
2023-05-01T13:00:00,Avengers Compound,Arc Reactor Cores,744.62,7.74,False
2023-05-01T13:00:00,Avengers Compound,Pym Particles,751.89,7.09,False
2023-05-01T13:00:00,Avengers Compound,Clean Water (L),2446.33,7.74,False
2023-05-01T13:00:00,Avengers Compound,Medical Kits,759.19,5.8,False
2023-05-01T14:00:00,New Asgard,Vibranium (kg),2455.42,6.3,False
2023-05-01T14:00:00,New Asgard,Arc Reactor Cores,740.68,7.56,False
2023-05-01T14:00:00,New Asgard,Pym Particles,748.37,6.93,False
2023-05-01T14:00:00,New Asgard,Clean Water (L),2445.23,7.56,False
2023-05-01T14:00:00,New Asgard,Medical Kits,756.44,5.67,False
2023-05-01T14:00:00,Wakanda,Vibranium (kg),2452.21,6.3,False
2023-05-01T14:00:00,Wakanda,Arc Reactor Cores,742.3,7.56,False
2023-05-01T14:00:00,Wakanda,Pym Particles,746.25,6.93,False
2023-05-01T14:00:00,Wakanda,Clean Water (L),2443.99,7.56,False
2023-05-01T14:00:00,Wakanda,Medical Kits,761.79,5.67,False
2023-05-01T14:00:00,Sokovia,Vibranium (kg),2452.12,6.3,False
2023-05-01T14:00:00,Sokovia,Arc Reactor Cores,743.41,7.56,False
2023-05-01T14:00:00,Sokovia,Pym Particles,751.29,6.93,False
2023-05-01T14:00:00,Sokovia,Clean Water (L),2443.42,7.56,False
2023-05-01T14:00:00,Sokovia,Medical Kits,756.96,5.67,False
2023-05-01T14:00:00,Sanctum Sanctorum,Vibranium (kg),2453.71,6.3,False
2023-05-01T14:00:00,Sanctum Sanctorum,Arc Reactor Cores,738.52,7.56,False
2023-05-01T14:00:00,Sanctum Sanctorum,Pym Particles,746.82,6.93,False
2023-05-01T14:00:00,Sanctum Sanctorum,Clean Water (L),2439.94,7.56,False
2023-05-01T14:00:00,Sanctum Sanctorum,Medical Kits,757.15,5.67,False
2023-05-01T14:00:00,Avengers Compound,Vibranium (kg),2452.63,6.3,False
2023-05-01T14:00:00,Avengers Compound,Arc Reactor Cores,742.03,7.56,False
2023-05-01T14:00:00,Avengers Compound,Pym Particles,748.98,6.93,False
2023-05-01T14:00:00,Avengers Compound,Clean Water (L),2441.18,7.56,False
2023-05-01T14:00:00,Avengers Compound,Medical Kits,756.57,5.67,False
2023-05-01T15:00:00,New Asgard,Vibranium (kg),2452.98,6.06,False
2023-05-01T15:00:00,New Asgard,Arc Reactor Cores,737.62,7.27,False
2023-05-01T15:00:00,New Asgard,Pym Particles,744.57,6.67,False
2023-05-01T15:00:00,New Asgard,Clean Water (L),2440.99,7.27,False
2023-05-01T15:00:00,New Asgard,Medical Kits,754.8,5.45,False
2023-05-01T15:00:00,Wakanda,Vibranium (kg),2448.95,6.06,False
2023-05-01T15:00:00,Wakanda,Arc Reactor Cores,739.33,7.27,False
2023-05-01T15:00:00,Wakanda,Pym Particles,742.92,6.67,False
2023-05-01T15:00:00,Wakanda,Clean Water (L),2441.21,7.27,False
2023-05-01T15:00:00,Wakanda,Medical Kits,759.22,5.45,False
2023-05-01T15:00:00,Sokovia,Vibranium (kg),2448.89,6.06,False
2023-05-01T15:00:00,Sokovia,Arc Reactor Cores,741.26,7.27,False
2023-05-01T15:00:00,Sokovia,Pym Particles,746.92,6.67,False
2023-05-01T15:00:00,Sokovia,Clean Water (L),2440.47,7.27,False
2023-05-01T15:00:00,Sokovia,Medical Kits,754.46,5.45,False
2023-05-01T15:00:00,Sanctum Sanctorum,Vibranium (kg),2449.21,6.06,False
2023-05-01T15:00:00,Sanctum Sanctorum,Arc Reactor Cores,736.38,7.27,False
2023-05-01T15:00:00,Sanctum Sanctorum,Pym Particles,743.8,6.67,False
2023-05-01T15:00:00,Sanctum Sanctorum,Clean Water (L),2436.37,7.27,False
2023-05-01T15:00:00,Sanctum Sanctorum,Medical Kits,753.47,5.45,False
2023-05-01T15:00:00,Avengers Compound,Vibranium (kg),2450.02,6.06,False
2023-05-01T15:00:00,Avengers Compound,Arc Reactor Cores,738.61,7.27,False
2023-05-01T15:00:00,Avengers Compound,Pym Particles,745.49,6.67,False
2023-05-01T15:00:00,Avengers Compound,Clean Water (L),2436.21,7.27,False
2023-05-01T15:00:00,Avengers Compound,Medical Kits,753.71,5.45,False
2023-05-01T16:00:00,New Asgard,Vibranium (kg),2450.75,5.75,False
2023-05-01T16:00:00,New Asgard,Arc Reactor Cores,733.79,6.9,False
2023-05-01T16:00:00,New Asgard,Pym Particles,742.21,6.32,False
2023-05-01T16:00:00,New Asgard,Clean Water (L),2437.56,6.9,False
2023-05-01T16:00:00,New Asgard,Medical Kits,753.18,5.17,False
2023-05-01T16:00:00,Wakanda,Vibranium (kg),2447.42,5.75,False
2023-05-01T16:00:00,Wakanda,Arc Reactor Cores,736.96,6.9,False
2023-05-01T16:00:00,Wakanda,Pym Particles,739.3,6.32,False
2023-05-01T16:00:00,Wakanda,Clean Water (L),2438.59,6.9,False
2023-05-01T16:00:00,Wakanda,Medical Kits,757.82,5.17,False
2023-05-01T16:00:00,Sokovia,Vibranium (kg),2446.49,5.75,False
2023-05-01T16:00:00,Sokovia,Arc Reactor Cores,738.93,6.9,False
2023-05-01T16:00:00,Sokovia,Pym Particles,742.88,6.32,False
2023-05-01T16:00:00,Sokovia,Clean Water (L),2438.97,6.9,False
2023-05-01T16:00:00,Sokovia,Medical Kits,752.63,5.17,False
2023-05-01T16:00:00,Sanctum Sanctorum,Vibranium (kg),2447.9,5.75,False
2023-05-01T16:00:00,Sanctum Sanctorum,Arc Reactor Cores,733.92,6.9,False
2023-05-01T16:00:00,Sanctum Sanctorum,Pym Particles,740.16,6.32,False
2023-05-01T16:00:00,Sanctum Sanctorum,Clean Water (L),2433.84,6.9,False
2023-05-01T16:00:00,Sanctum Sanctorum,Medical Kits,751.92,5.17,False
2023-05-01T16:00:00,Avengers Compound,Vibranium (kg),2447.18,5.75,False
2023-05-01T16:00:00,Avengers Compound,Arc Reactor Cores,736.89,6.9,False
2023-05-01T16:00:00,Avengers Compound,Pym Particles,742.92,6.32,False
2023-05-01T16:00:00,Avengers Compound,Clean Water (L),2432.32,6.9,False
2023-05-01T16:00:00,Avengers Compound,Medical Kits,753.47,5.17,False
2023-05-01T17:00:00,New Asgard,Vibranium (kg),2450.27,5.39,False
2023-05-01T17:00:00,New Asgard,Arc Reactor Cores,730.88,6.47,False
2023-05-01T17:00:00,New Asgard,Pym Particles,739.2,5.93,False
2023-05-01T17:00:00,New Asgard,Clean Water (L),2434.55,6.47,False
2023-05-01T17:00:00,New Asgard,Medical Kits,752.98,4.85,False
2023-05-01T17:00:00,Wakanda,Vibranium (kg),2446.36,5.39,False
2023-05-01T17:00:00,Wakanda,Arc Reactor Cores,734.51,6.47,False
2023-05-01T17:00:00,Wakanda,Pym Particles,738.24,5.93,False
2023-05-01T17:00:00,Wakanda,Clean Water (L),2437.43,6.47,False
2023-05-01T17:00:00,Wakanda,Medical Kits,756.31,4.85,False
2023-05-01T17:00:00,Sokovia,Vibranium (kg),2444.36,5.39,False
2023-05-01T17:00:00,Sokovia,Arc Reactor Cores,738.22,6.47,False
2023-05-01T17:00:00,Sokovia,Pym Particles,741.01,5.93,False
2023-05-01T17:00:00,Sokovia,Clean Water (L),2437.3,6.47,False
2023-05-01T17:00:00,Sokovia,Medical Kits,751.89,4.85,False
2023-05-01T17:00:00,Sanctum Sanctorum,Vibranium (kg),2445.58,5.39,False
2023-05-01T17:00:00,Sanctum Sanctorum,Arc Reactor Cores,731.2,6.47,False
2023-05-01T17:00:00,Sanctum Sanctorum,Pym Particles,739.55,5.93,False
2023-05-01T17:00:00,Sanctum Sanctorum,Clean Water (L),2431.79,6.47,False
2023-05-01T17:00:00,Sanctum Sanctorum,Medical Kits,749.47,4.85,False
2023-05-01T17:00:00,Avengers Compound,Vibranium (kg),2444.87,5.39,False
2023-05-01T17:00:00,Avengers Compound,Arc Reactor Cores,735.38,6.47,False
2023-05-01T17:00:00,Avengers Compound,Pym Particles,740.28,5.93,False
2023-05-01T17:00:00,Avengers Compound,Clean Water (L),2428.94,6.47,False
2023-05-01T17:00:00,Avengers Compound,Medical Kits,750.72,4.85,False
2023-05-01T18:00:00,New Asgard,Vibranium (kg),2449.13,5.0,False
2023-05-01T18:00:00,New Asgard,Arc Reactor Cores,730.21,6.0,False
2023-05-01T18:00:00,New Asgard,Pym Particles,737.82,5.5,False
2023-05-01T18:00:00,New Asgard,Clean Water (L),2433.82,6.0,False
2023-05-01T18:00:00,New Asgard,Medical Kits,751.92,4.5,False
2023-05-01T18:00:00,Wakanda,Vibranium (kg),2445.45,5.0,False
2023-05-01T18:00:00,Wakanda,Arc Reactor Cores,733.0,6.0,False
2023-05-01T18:00:00,Wakanda,Pym Particles,736.56,5.5,False
2023-05-01T18:00:00,Wakanda,Clean Water (L),2436.05,6.0,False
2023-05-01T18:00:00,Wakanda,Medical Kits,754.26,4.5,False
2023-05-01T18:00:00,Sokovia,Vibranium (kg),2443.93,5.0,False
2023-05-01T18:00:00,Sokovia,Arc Reactor Cores,734.88,6.0,False
2023-05-01T18:00:00,Sokovia,Pym Particles,739.7,5.5,False
2023-05-01T18:00:00,Sokovia,Clean Water (L),2434.79,6.0,False
2023-05-01T18:00:00,Sokovia,Medical Kits,751.34,4.5,False
2023-05-01T18:00:00,Sanctum Sanctorum,Vibranium (kg),2445.42,5.0,False
2023-05-01T18:00:00,Sanctum Sanctorum,Arc Reactor Cores,730.65,6.0,False
2023-05-01T18:00:00,Sanctum Sanctorum,Pym Particles,737.81,5.5,False
2023-05-01T18:00:00,Sanctum Sanctorum,Clean Water (L),2429.95,6.0,False
2023-05-01T18:00:00,Sanctum Sanctorum,Medical Kits,749.34,4.5,False
2023-05-01T18:00:00,Avengers Compound,Vibranium (kg),2444.61,5.0,False
2023-05-01T18:00:00,Avengers Compound,Arc Reactor Cores,734.64,6.0,False
2023-05-01T18:00:00,Avengers Compound,Pym Particles,739.37,5.5,False
2023-05-01T18:00:00,Avengers Compound,Clean Water (L),2427.46,6.0,False
2023-05-01T18:00:00,Avengers Compound,Medical Kits,749.82,4.5,False
2023-05-01T19:00:00,New Asgard,Vibranium (kg),2449.05,4.61,False
2023-05-01T19:00:00,New Asgard,Arc Reactor Cores,730.24,5.53,False
2023-05-01T19:00:00,New Asgard,Pym Particles,736.8,5.07,False
2023-05-01T19:00:00,New Asgard,Clean Water (L),2432.26,5.53,False
2023-05-01T19:00:00,New Asgard,Medical Kits,752.42,4.15,False
2023-05-01T19:00:00,Wakanda,Vibranium (kg),2444.7,4.61,False
2023-05-01T19:00:00,Wakanda,Arc Reactor Cores,731.93,5.53,False
2023-05-01T19:00:00,Wakanda,Pym Particles,736.52,5.07,False
2023-05-01T19:00:00,Wakanda,Clean Water (L),2434.39,5.53,False
2023-05-01T19:00:00,Wakanda,Medical Kits,752.87,4.15,False
2023-05-01T19:00:00,Sokovia,Vibranium (kg),2442.39,4.61,False
2023-05-01T19:00:00,Sokovia,Arc Reactor Cores,733.05,5.53,False
2023-05-01T19:00:00,Sokovia,Pym Particles,739.41,5.07,False
2023-05-01T19:00:00,Sokovia,Clean Water (L),2434.32,5.53,False
2023-05-01T19:00:00,Sokovia,Medical Kits,750.62,4.15,False
2023-05-01T19:00:00,Sanctum Sanctorum,Vibranium (kg),2444.68,4.61,False
2023-05-01T19:00:00,Sanctum Sanctorum,Arc Reactor Cores,730.37,5.53,False
2023-05-01T19:00:00,Sanctum Sanctorum,Pym Particles,735.74,5.07,False
2023-05-01T19:00:00,Sanctum Sanctorum,Clean Water (L),2428.43,5.53,False
2023-05-01T19:00:00,Sanctum Sanctorum,Medical Kits,748.13,4.15,False
2023-05-01T19:00:00,Avengers Compound,Vibranium (kg),2442.99,4.61,False
2023-05-01T19:00:00,Avengers Compound,Arc Reactor Cores,733.37,5.53,False
2023-05-01T19:00:00,Avengers Compound,Pym Particles,739.56,5.07,False
2023-05-01T19:00:00,Avengers Compound,Clean Water (L),2426.48,5.53,False
2023-05-01T19:00:00,Avengers Compound,Medical Kits,748.86,4.15,False
2023-05-01T20:00:00,New Asgard,Vibranium (kg),2448.48,4.25,False
2023-05-01T20:00:00,New Asgard,Arc Reactor Cores,729.75,5.1,False
2023-05-01T20:00:00,New Asgard,Pym Particles,735.81,4.68,False
2023-05-01T20:00:00,New Asgard,Clean Water (L),2431.55,5.1,False
2023-05-01T20:00:00,New Asgard,Medical Kits,751.47,3.83,False
2023-05-01T20:00:00,Wakanda,Vibranium (kg),2444.26,4.25,False
2023-05-01T20:00:00,Wakanda,Arc Reactor Cores,729.39,5.1,False
2023-05-01T20:00:00,Wakanda,Pym Particles,734.73,4.68,False
2023-05-01T20:00:00,Wakanda,Clean Water (L),2432.24,5.1,False
2023-05-01T20:00:00,Wakanda,Medical Kits,751.86,3.83,False
2023-05-01T20:00:00,Sokovia,Vibranium (kg),2442.35,4.25,False
2023-05-01T20:00:00,Sokovia,Arc Reactor Cores,731.7,5.1,False
2023-05-01T20:00:00,Sokovia,Pym Particles,738.72,4.68,False
2023-05-01T20:00:00,Sokovia,Clean Water (L),2433.39,5.1,False
2023-05-01T20:00:00,Sokovia,Medical Kits,749.87,3.83,False
2023-05-01T20:00:00,Sanctum Sanctorum,Vibranium (kg),2443.47,4.25,False
2023-05-01T20:00:00,Sanctum Sanctorum,Arc Reactor Cores,728.25,5.1,False
2023-05-01T20:00:00,Sanctum Sanctorum,Pym Particles,736.23,4.68,False
2023-05-01T20:00:00,Sanctum Sanctorum,Clean Water (L),2427.21,5.1,False
2023-05-01T20:00:00,Sanctum Sanctorum,Medical Kits,749.05,3.83,False
2023-05-01T20:00:00,Avengers Compound,Vibranium (kg),2442.94,4.25,False
2023-05-01T20:00:00,Avengers Compound,Arc Reactor Cores,733.96,5.1,False
2023-05-01T20:00:00,Avengers Compound,Pym Particles,739.06,4.68,False
2023-05-01T20:00:00,Avengers Compound,Clean Water (L),2425.55,5.1,False
2023-05-01T20:00:00,Avengers Compound,Medical Kits,748.31,3.83,False
2023-05-01T21:00:00,New Asgard,Vibranium (kg),2446.27,3.94,False
2023-05-01T21:00:00,New Asgard,Arc Reactor Cores,729.81,4.73,False
2023-05-01T21:00:00,New Asgard,Pym Particles,736.68,4.33,False
2023-05-01T21:00:00,New Asgard,Clean Water (L),2431.66,4.73,False
2023-05-01T21:00:00,New Asgard,Medical Kits,750.2,3.55,False
2023-05-01T21:00:00,Wakanda,Vibranium (kg),2443.33,3.94,False
2023-05-01T21:00:00,Wakanda,Arc Reactor Cores,729.47,4.73,False
2023-05-01T21:00:00,Wakanda,Pym Particles,735.58,4.33,False
2023-05-01T21:00:00,Wakanda,Clean Water (L),2431.5,4.73,False
2023-05-01T21:00:00,Wakanda,Medical Kits,752.68,3.55,False
2023-05-01T21:00:00,Sokovia,Vibranium (kg),2443.02,3.94,False
2023-05-01T21:00:00,Sokovia,Arc Reactor Cores,730.43,4.73,False
2023-05-01T21:00:00,Sokovia,Pym Particles,739.6,4.33,False
2023-05-01T21:00:00,Sokovia,Clean Water (L),2432.47,4.73,False
2023-05-01T21:00:00,Sokovia,Medical Kits,751.37,3.55,False
2023-05-01T21:00:00,Sanctum Sanctorum,Vibranium (kg),2442.67,3.94,False
2023-05-01T21:00:00,Sanctum Sanctorum,Arc Reactor Cores,727.11,4.73,False
2023-05-01T21:00:00,Sanctum Sanctorum,Pym Particles,735.49,4.33,False
2023-05-01T21:00:00,Sanctum Sanctorum,Clean Water (L),2426.48,4.73,False
2023-05-01T21:00:00,Sanctum Sanctorum,Medical Kits,749.6,3.55,False
2023-05-01T21:00:00,Avengers Compound,Vibranium (kg),2443.61,3.94,False
2023-05-01T21:00:00,Avengers Compound,Arc Reactor Cores,733.34,4.73,False
2023-05-01T21:00:00,Avengers Compound,Pym Particles,740.4,4.33,False
2023-05-01T21:00:00,Avengers Compound,Clean Water (L),2426.88,4.73,False
2023-05-01T21:00:00,Avengers Compound,Medical Kits,748.15,3.55,False
2023-05-01T22:00:00,New Asgard,Vibranium (kg),2445.86,3.7,False
2023-05-01T22:00:00,New Asgard,Arc Reactor Cores,730.29,4.44,False
2023-05-01T22:00:00,New Asgard,Pym Particles,737.18,4.07,False
2023-05-01T22:00:00,New Asgard,Clean Water (L),2431.5,4.44,False
2023-05-01T22:00:00,New Asgard,Medical Kits,750.86,3.33,False
2023-05-01T22:00:00,Wakanda,Vibranium (kg),2442.13,3.7,False
2023-05-01T22:00:00,Wakanda,Arc Reactor Cores,729.13,4.44,False
2023-05-01T22:00:00,Wakanda,Pym Particles,735.84,4.07,False
2023-05-01T22:00:00,Wakanda,Clean Water (L),2431.81,4.44,False
2023-05-01T22:00:00,Wakanda,Medical Kits,751.04,3.33,False
2023-05-01T22:00:00,Sokovia,Vibranium (kg),2443.79,3.7,False
2023-05-01T22:00:00,Sokovia,Arc Reactor Cores,730.4,4.44,False
2023-05-01T22:00:00,Sokovia,Pym Particles,740.06,4.07,False
2023-05-01T22:00:00,Sokovia,Clean Water (L),2432.04,4.44,False
2023-05-01T22:00:00,Sokovia,Medical Kits,751.52,3.33,False
2023-05-01T22:00:00,Sanctum Sanctorum,Vibranium (kg),2442.41,3.7,False
2023-05-01T22:00:00,Sanctum Sanctorum,Arc Reactor Cores,727.58,4.44,False
2023-05-01T22:00:00,Sanctum Sanctorum,Pym Particles,735.38,4.07,False
2023-05-01T22:00:00,Sanctum Sanctorum,Clean Water (L),2426.88,4.44,False
2023-05-01T22:00:00,Sanctum Sanctorum,Medical Kits,749.86,3.33,False
2023-05-01T22:00:00,Avengers Compound,Vibranium (kg),2443.84,3.7,False
2023-05-01T22:00:00,Avengers Compound,Arc Reactor Cores,733.99,4.44,False
2023-05-01T22:00:00,Avengers Compound,Pym Particles,741.29,4.07,False
2023-05-01T22:00:00,Avengers Compound,Clean Water (L),2426.62,4.44,False
2023-05-01T22:00:00,Avengers Compound,Medical Kits,748.68,3.33,False
2023-05-01T23:00:00,New Asgard,Vibranium (kg),2444.49,3.55,False
2023-05-01T23:00:00,New Asgard,Arc Reactor Cores,730.62,4.26,False
2023-05-01T23:00:00,New Asgard,Pym Particles,737.43,3.91,False
2023-05-01T23:00:00,New Asgard,Clean Water (L),2431.88,4.26,False
2023-05-01T23:00:00,New Asgard,Medical Kits,751.23,3.2,False
2023-05-01T23:00:00,Wakanda,Vibranium (kg),2441.93,3.55,False
2023-05-01T23:00:00,Wakanda,Arc Reactor Cores,729.65,4.26,False
2023-05-01T23:00:00,Wakanda,Pym Particles,736.09,3.91,False
2023-05-01T23:00:00,Wakanda,Clean Water (L),2431.48,4.26,False
2023-05-01T23:00:00,Wakanda,Medical Kits,750.79,3.2,False
2023-05-01T23:00:00,Sokovia,Vibranium (kg),2443.65,3.55,False
2023-05-01T23:00:00,Sokovia,Arc Reactor Cores,732.1,4.26,False
2023-05-01T23:00:00,Sokovia,Pym Particles,740.1,3.91,False
2023-05-01T23:00:00,Sokovia,Clean Water (L),2432.88,4.26,False
2023-05-01T23:00:00,Sokovia,Medical Kits,751.81,3.2,False
2023-05-01T23:00:00,Sanctum Sanctorum,Vibranium (kg),2441.42,3.55,False
2023-05-01T23:00:00,Sanctum Sanctorum,Arc Reactor Cores,728.0,4.26,False
2023-05-01T23:00:00,Sanctum Sanctorum,Pym Particles,734.15,3.91,False
2023-05-01T23:00:00,Sanctum Sanctorum,Clean Water (L),2427.38,4.26,False
2023-05-01T23:00:00,Sanctum Sanctorum,Medical Kits,749.7,3.2,False
2023-05-01T23:00:00,Avengers Compound,Vibranium (kg),2444.13,3.55,False
2023-05-01T23:00:00,Avengers Compound,Arc Reactor Cores,733.25,4.26,False
2023-05-01T23:00:00,Avengers Compound,Pym Particles,740.57,3.91,False
2023-05-01T23:00:00,Avengers Compound,Clean Water (L),2426.89,4.26,False
2023-05-01T23:00:00,Avengers Compound,Medical Kits,749.37,3.2,False
2023-05-02T00:00:00,New Asgard,Vibranium (kg),2444.91,3.5,False
2023-05-02T00:00:00,New Asgard,Arc Reactor Cores,731.21,4.2,False
2023-05-02T00:00:00,New Asgard,Pym Particles,736.89,3.85,False
2023-05-02T00:00:00,New Asgard,Clean Water (L),2432.34,4.2,False
2023-05-02T00:00:00,New Asgard,Medical Kits,751.27,3.15,False
2023-05-02T00:00:00,Wakanda,Vibranium (kg),2442.05,3.5,False
2023-05-02T00:00:00,Wakanda,Arc Reactor Cores,730.58,4.2,False
2023-05-02T00:00:00,Wakanda,Pym Particles,736.87,3.85,False
2023-05-02T00:00:00,Wakanda,Clean Water (L),2433.26,4.2,False
2023-05-02T00:00:00,Wakanda,Medical Kits,750.52,3.15,False
2023-05-02T00:00:00,Sokovia,Vibranium (kg),2443.48,3.5,False
2023-05-02T00:00:00,Sokovia,Arc Reactor Cores,732.64,4.2,False
2023-05-02T00:00:00,Sokovia,Pym Particles,741.05,3.85,False
2023-05-02T00:00:00,Sokovia,Clean Water (L),2433.02,4.2,False
2023-05-02T00:00:00,Sokovia,Medical Kits,752.92,3.15,False
2023-05-02T00:00:00,Sanctum Sanctorum,Vibranium (kg),2441.37,3.5,False
2023-05-02T00:00:00,Sanctum Sanctorum,Arc Reactor Cores,728.85,4.2,False
2023-05-02T00:00:00,Sanctum Sanctorum,Pym Particles,735.51,3.85,False
2023-05-02T00:00:00,Sanctum Sanctorum,Clean Water (L),2427.13,4.2,False
2023-05-02T00:00:00,Sanctum Sanctorum,Medical Kits,750.41,3.15,False
2023-05-02T00:00:00,Avengers Compound,Vibranium (kg),2443.53,3.5,False
2023-05-02T00:00:00,Avengers Compound,Arc Reactor Cores,732.85,4.2,False
2023-05-02T00:00:00,Avengers Compound,Pym Particles,741.6,3.85,False
2023-05-02T00:00:00,Avengers Compound,Clean Water (L),2427.99,4.2,False
2023-05-02T00:00:00,Avengers Compound,Medical Kits,748.84,3.15,False
2023-05-02T01:00:00,New Asgard,Vibranium (kg),2444.21,3.55,False
2023-05-02T01:00:00,New Asgard,Arc Reactor Cores,730.91,4.26,False
2023-05-02T01:00:00,New Asgard,Pym Particles,736.91,3.91,False
2023-05-02T01:00:00,New Asgard,Clean Water (L),2432.98,4.26,False
2023-05-02T01:00:00,New Asgard,Medical Kits,752.85,3.2,False
2023-05-02T01:00:00,Wakanda,Vibranium (kg),2442.09,3.55,False
2023-05-02T01:00:00,Wakanda,Arc Reactor Cores,730.19,4.26,False
2023-05-02T01:00:00,Wakanda,Pym Particles,737.68,3.91,False
2023-05-02T01:00:00,Wakanda,Clean Water (L),2432.83,4.26,False
2023-05-02T01:00:00,Wakanda,Medical Kits,750.67,3.2,False
2023-05-02T01:00:00,Sokovia,Vibranium (kg),2443.51,3.55,False
2023-05-02T01:00:00,Sokovia,Arc Reactor Cores,732.72,4.26,False
2023-05-02T01:00:00,Sokovia,Pym Particles,742.19,3.91,False
2023-05-02T01:00:00,Sokovia,Clean Water (L),2432.37,4.26,False
2023-05-02T01:00:00,Sokovia,Medical Kits,753.12,3.2,False
2023-05-02T01:00:00,Sanctum Sanctorum,Vibranium (kg),2441.49,3.55,False
2023-05-02T01:00:00,Sanctum Sanctorum,Arc Reactor Cores,730.37,4.26,False
2023-05-02T01:00:00,Sanctum Sanctorum,Pym Particles,737.05,3.91,False
2023-05-02T01:00:00,Sanctum Sanctorum,Clean Water (L),2427.55,4.26,False
2023-05-02T01:00:00,Sanctum Sanctorum,Medical Kits,749.05,3.2,False
2023-05-02T01:00:00,Avengers Compound,Vibranium (kg),2445.58,3.55,False
2023-05-02T01:00:00,Avengers Compound,Arc Reactor Cores,731.56,4.26,False
2023-05-02T01:00:00,Avengers Compound,Pym Particles,741.03,3.91,False
2023-05-02T01:00:00,Avengers Compound,Clean Water (L),2428.23,4.26,False
2023-05-02T01:00:00,Avengers Compound,Medical Kits,747.66,3.2,False
2023-05-02T02:00:00,New Asgard,Vibranium (kg),2443.84,3.7,False
2023-05-02T02:00:00,New Asgard,Arc Reactor Cores,731.73,4.44,False
2023-05-02T02:00:00,New Asgard,Pym Particles,735.79,4.07,False
2023-05-02T02:00:00,New Asgard,Clean Water (L),2432.25,4.44,False
2023-05-02T02:00:00,New Asgard,Medical Kits,753.74,3.33,False
2023-05-02T02:00:00,Wakanda,Vibranium (kg),2443.57,3.7,False
2023-05-02T02:00:00,Wakanda,Arc Reactor Cores,728.67,4.44,False
2023-05-02T02:00:00,Wakanda,Pym Particles,737.39,4.07,False
2023-05-02T02:00:00,Wakanda,Clean Water (L),2434.37,4.44,False
2023-05-02T02:00:00,Wakanda,Medical Kits,750.81,3.33,False
2023-05-02T02:00:00,Sokovia,Vibranium (kg),2444.08,3.7,False
2023-05-02T02:00:00,Sokovia,Arc Reactor Cores,733.21,4.44,False
2023-05-02T02:00:00,Sokovia,Pym Particles,742.4,4.07,False
2023-05-02T02:00:00,Sokovia,Clean Water (L),2432.82,4.44,False
2023-05-02T02:00:00,Sokovia,Medical Kits,753.18,3.33,False
2023-05-02T02:00:00,Sanctum Sanctorum,Vibranium (kg),2441.59,3.7,False
2023-05-02T02:00:00,Sanctum Sanctorum,Arc Reactor Cores,729.95,4.44,False
2023-05-02T02:00:00,Sanctum Sanctorum,Pym Particles,737.14,4.07,False
2023-05-02T02:00:00,Sanctum Sanctorum,Clean Water (L),2428.35,4.44,False
2023-05-02T02:00:00,Sanctum Sanctorum,Medical Kits,750.6,3.33,False
2023-05-02T02:00:00,Avengers Compound,Vibranium (kg),2447.22,3.7,False
2023-05-02T02:00:00,Avengers Compound,Arc Reactor Cores,731.08,4.44,False
2023-05-02T02:00:00,Avengers Compound,Pym Particles,740.93,4.07,False
2023-05-02T02:00:00,Avengers Compound,Clean Water (L),2426.49,4.44,False
2023-05-02T02:00:00,Avengers Compound,Medical Kits,747.37,3.33,False
2023-05-02T03:00:00,New Asgard,Vibranium (kg),2444.3,3.94,False
2023-05-02T03:00:00,New Asgard,Arc Reactor Cores,732.53,4.73,False
2023-05-02T03:00:00,New Asgard,Pym Particles,734.1,4.33,False
2023-05-02T03:00:00,New Asgard,Clean Water (L),2431.66,4.73,False
2023-05-02T03:00:00,New Asgard,Medical Kits,753.62,3.55,False
2023-05-02T03:00:00,Wakanda,Vibranium (kg),2442.14,3.94,False
2023-05-02T03:00:00,Wakanda,Arc Reactor Cores,729.13,4.73,False
2023-05-02T03:00:00,Wakanda,Pym Particles,736.91,4.33,False
2023-05-02T03:00:00,Wakanda,Clean Water (L),2434.67,4.73,False
2023-05-02T03:00:00,Wakanda,Medical Kits,750.07,3.55,False
2023-05-02T03:00:00,Sokovia,Vibranium (kg),2444.36,3.94,False
2023-05-02T03:00:00,Sokovia,Arc Reactor Cores,734.31,4.73,False
2023-05-02T03:00:00,Sokovia,Pym Particles,741.23,4.33,False
2023-05-02T03:00:00,Sokovia,Clean Water (L),2431.47,4.73,False
2023-05-02T03:00:00,Sokovia,Medical Kits,751.69,3.55,False
2023-05-02T03:00:00,Sanctum Sanctorum,Vibranium (kg),2440.24,3.94,False
2023-05-02T03:00:00,Sanctum Sanctorum,Arc Reactor Cores,728.55,4.73,False
2023-05-02T03:00:00,Sanctum Sanctorum,Pym Particles,737.58,4.33,False
2023-05-02T03:00:00,Sanctum Sanctorum,Clean Water (L),2428.91,4.73,False
2023-05-02T03:00:00,Sanctum Sanctorum,Medical Kits,751.42,3.55,False
2023-05-02T03:00:00,Avengers Compound,Vibranium (kg),2447.17,3.94,False
2023-05-02T03:00:00,Avengers Compound,Arc Reactor Cores,730.76,4.73,False
2023-05-02T03:00:00,Avengers Compound,Pym Particles,739.03,4.33,False
2023-05-02T03:00:00,Avengers Compound,Clean Water (L),2426.93,4.73,False
2023-05-02T03:00:00,Avengers Compound,Medical Kits,747.59,3.55,False
2023-05-02T04:00:00,New Asgard,Vibranium (kg),2443.62,4.25,False
2023-05-02T04:00:00,New Asgard,Arc Reactor Cores,731.56,5.1,False
2023-05-02T04:00:00,New Asgard,Pym Particles,734.26,4.68,False
2023-05-02T04:00:00,New Asgard,Clean Water (L),2430.35,5.1,False
2023-05-02T04:00:00,New Asgard,Medical Kits,753.59,3.83,False
2023-05-02T04:00:00,Wakanda,Vibranium (kg),2442.29,4.25,False
2023-05-02T04:00:00,Wakanda,Arc Reactor Cores,728.01,5.1,False
2023-05-02T04:00:00,Wakanda,Pym Particles,735.11,4.68,False
2023-05-02T04:00:00,Wakanda,Clean Water (L),2433.76,5.1,False
2023-05-02T04:00:00,Wakanda,Medical Kits,750.57,3.83,False
2023-05-02T04:00:00,Sokovia,Vibranium (kg),2444.56,4.25,False
2023-05-02T04:00:00,Sokovia,Arc Reactor Cores,734.31,5.1,False
2023-05-02T04:00:00,Sokovia,Pym Particles,740.19,4.68,False
2023-05-02T04:00:00,Sokovia,Clean Water (L),2430.26,5.1,False
2023-05-02T04:00:00,Sokovia,Medical Kits,753.12,3.83,False
2023-05-02T04:00:00,Sanctum Sanctorum,Vibranium (kg),2439.87,4.25,False
2023-05-02T04:00:00,Sanctum Sanctorum,Arc Reactor Cores,728.86,5.1,False
2023-05-02T04:00:00,Sanctum Sanctorum,Pym Particles,737.59,4.68,False
2023-05-02T04:00:00,Sanctum Sanctorum,Clean Water (L),2428.51,5.1,False
2023-05-02T04:00:00,Sanctum Sanctorum,Medical Kits,751.69,3.83,False
2023-05-02T04:00:00,Avengers Compound,Vibranium (kg),2446.69,4.25,False
2023-05-02T04:00:00,Avengers Compound,Arc Reactor Cores,731.44,5.1,False
2023-05-02T04:00:00,Avengers Compound,Pym Particles,739.18,4.68,False
2023-05-02T04:00:00,Avengers Compound,Clean Water (L),2425.39,5.1,False
2023-05-02T04:00:00,Avengers Compound,Medical Kits,748.54,3.83,False
2023-05-02T05:00:00,New Asgard,Vibranium (kg),2442.31,4.61,False
2023-05-02T05:00:00,New Asgard,Arc Reactor Cores,730.22,5.53,False
2023-05-02T05:00:00,New Asgard,Pym Particles,733.47,5.07,False
2023-05-02T05:00:00,New Asgard,Clean Water (L),2429.98,5.53,False
2023-05-02T05:00:00,New Asgard,Medical Kits,753.11,4.15,False
2023-05-02T05:00:00,Wakanda,Vibranium (kg),2441.19,4.61,False
2023-05-02T05:00:00,Wakanda,Arc Reactor Cores,726.67,5.53,False
2023-05-02T05:00:00,Wakanda,Pym Particles,734.74,5.07,False
2023-05-02T05:00:00,Wakanda,Clean Water (L),2432.67,5.53,False
2023-05-02T05:00:00,Wakanda,Medical Kits,751.41,4.15,False
2023-05-02T05:00:00,Sokovia,Vibranium (kg),2443.75,4.61,False
2023-05-02T05:00:00,Sokovia,Arc Reactor Cores,733.49,5.53,False
2023-05-02T05:00:00,Sokovia,Pym Particles,740.37,5.07,False
2023-05-02T05:00:00,Sokovia,Clean Water (L),2428.91,5.53,False
2023-05-02T05:00:00,Sokovia,Medical Kits,753.1,4.15,False
2023-05-02T05:00:00,Sanctum Sanctorum,Vibranium (kg),2440.74,4.61,False
2023-05-02T05:00:00,Sanctum Sanctorum,Arc Reactor Cores,727.3,5.53,False
2023-05-02T05:00:00,Sanctum Sanctorum,Pym Particles,736.77,5.07,False
2023-05-02T05:00:00,Sanctum Sanctorum,Clean Water (L),2427.72,5.53,False
2023-05-02T05:00:00,Sanctum Sanctorum,Medical Kits,751.02,4.15,False
2023-05-02T05:00:00,Avengers Compound,Vibranium (kg),2444.48,4.61,False
2023-05-02T05:00:00,Avengers Compound,Arc Reactor Cores,730.71,5.53,False
2023-05-02T05:00:00,Avengers Compound,Pym Particles,738.09,5.07,False
2023-05-02T05:00:00,Avengers Compound,Clean Water (L),2425.5,5.53,False
2023-05-02T05:00:00,Avengers Compound,Medical Kits,747.91,4.15,False
2023-05-02T06:00:00,New Asgard,Vibranium (kg),2441.63,5.0,False
2023-05-02T06:00:00,New Asgard,Arc Reactor Cores,727.23,6.0,False
2023-05-02T06:00:00,New Asgard,Pym Particles,731.41,5.5,False
2023-05-02T06:00:00,New Asgard,Clean Water (L),2427.79,6.0,False
2023-05-02T06:00:00,New Asgard,Medical Kits,751.43,4.5,False
2023-05-02T06:00:00,Wakanda,Vibranium (kg),2441.77,5.0,False
2023-05-02T06:00:00,Wakanda,Arc Reactor Cores,724.88,6.0,False
2023-05-02T06:00:00,Wakanda,Pym Particles,733.82,5.5,False
2023-05-02T06:00:00,Wakanda,Clean Water (L),2430.03,6.0,False
2023-05-02T06:00:00,Wakanda,Medical Kits,748.77,4.5,False
2023-05-02T06:00:00,Sokovia,Vibranium (kg),2444.06,5.0,False
2023-05-02T06:00:00,Sokovia,Arc Reactor Cores,730.01,6.0,False
2023-05-02T06:00:00,Sokovia,Pym Particles,739.42,5.5,False
2023-05-02T06:00:00,Sokovia,Clean Water (L),2428.79,6.0,False
2023-05-02T06:00:00,Sokovia,Medical Kits,751.61,4.5,False
2023-05-02T06:00:00,Sanctum Sanctorum,Vibranium (kg),2440.85,5.0,False
2023-05-02T06:00:00,Sanctum Sanctorum,Arc Reactor Cores,724.9,6.0,False
2023-05-02T06:00:00,Sanctum Sanctorum,Pym Particles,735.2,5.5,False
2023-05-02T06:00:00,Sanctum Sanctorum,Clean Water (L),2426.06,6.0,False
2023-05-02T06:00:00,Sanctum Sanctorum,Medical Kits,749.45,4.5,False
2023-05-02T06:00:00,Avengers Compound,Vibranium (kg),2443.01,5.0,False
2023-05-02T06:00:00,Avengers Compound,Arc Reactor Cores,729.55,6.0,False
2023-05-02T06:00:00,Avengers Compound,Pym Particles,735.4,5.5,False
2023-05-02T06:00:00,Avengers Compound,Clean Water (L),2423.77,6.0,False
2023-05-02T06:00:00,Avengers Compound,Medical Kits,747.41,4.5,False
2023-05-02T07:00:00,New Asgard,Vibranium (kg),2440.38,5.39,False
2023-05-02T07:00:00,New Asgard,Arc Reactor Cores,725.98,6.47,False
2023-05-02T07:00:00,New Asgard,Pym Particles,730.49,5.93,False
2023-05-02T07:00:00,New Asgard,Clean Water (L),2427.09,6.47,False
2023-05-02T07:00:00,New Asgard,Medical Kits,750.1,4.85,False
2023-05-02T07:00:00,Wakanda,Vibranium (kg),2439.63,5.39,False
2023-05-02T07:00:00,Wakanda,Arc Reactor Cores,724.65,6.47,False
2023-05-02T07:00:00,Wakanda,Pym Particles,733.38,5.93,False
2023-05-02T07:00:00,Wakanda,Clean Water (L),2427.89,6.47,False
2023-05-02T07:00:00,Wakanda,Medical Kits,748.77,4.85,False
2023-05-02T07:00:00,Sokovia,Vibranium (kg),2441.97,5.39,False
2023-05-02T07:00:00,Sokovia,Arc Reactor Cores,727.8,6.47,False
2023-05-02T07:00:00,Sokovia,Pym Particles,736.18,5.93,False
2023-05-02T07:00:00,Sokovia,Clean Water (L),2425.3,6.47,False
2023-05-02T07:00:00,Sokovia,Medical Kits,749.26,4.85,False
2023-05-02T07:00:00,Sanctum Sanctorum,Vibranium (kg),2439.26,5.39,False
2023-05-02T07:00:00,Sanctum Sanctorum,Arc Reactor Cores,723.88,6.47,False
2023-05-02T07:00:00,Sanctum Sanctorum,Pym Particles,733.3,5.93,False
2023-05-02T07:00:00,Sanctum Sanctorum,Clean Water (L),2424.41,6.47,False
2023-05-02T07:00:00,Sanctum Sanctorum,Medical Kits,747.38,4.85,False
2023-05-02T07:00:00,Avengers Compound,Vibranium (kg),2440.4,5.39,False
2023-05-02T07:00:00,Avengers Compound,Arc Reactor Cores,729.03,6.47,False
2023-05-02T07:00:00,Avengers Compound,Pym Particles,733.44,5.93,False
2023-05-02T07:00:00,Avengers Compound,Clean Water (L),2421.78,6.47,False
2023-05-02T07:00:00,Avengers Compound,Medical Kits,747.04,4.85,False
2023-05-02T08:00:00,New Asgard,Vibranium (kg),2438.04,5.75,False
2023-05-02T08:00:00,New Asgard,Arc Reactor Cores,724.24,6.9,False
2023-05-02T08:00:00,New Asgard,Pym Particles,727.82,6.32,False
2023-05-02T08:00:00,New Asgard,Clean Water (L),2425.73,6.9,False
2023-05-02T08:00:00,New Asgard,Medical Kits,748.91,5.17,False
2023-05-02T08:00:00,Wakanda,Vibranium (kg),2438.91,5.75,False
2023-05-02T08:00:00,Wakanda,Arc Reactor Cores,721.99,6.9,False
2023-05-02T08:00:00,Wakanda,Pym Particles,730.26,6.32,False
2023-05-02T08:00:00,Wakanda,Clean Water (L),2425.78,6.9,False
2023-05-02T08:00:00,Wakanda,Medical Kits,746.55,5.17,False
2023-05-02T08:00:00,Sokovia,Vibranium (kg),2439.46,5.75,False
2023-05-02T08:00:00,Sokovia,Arc Reactor Cores,726.1,6.9,False
2023-05-02T08:00:00,Sokovia,Pym Particles,732.79,6.32,False
2023-05-02T08:00:00,Sokovia,Clean Water (L),2423.6,6.9,False
2023-05-02T08:00:00,Sokovia,Medical Kits,748.97,5.17,False
2023-05-02T08:00:00,Sanctum Sanctorum,Vibranium (kg),2437.14,5.75,False
2023-05-02T08:00:00,Sanctum Sanctorum,Arc Reactor Cores,720.79,6.9,False
2023-05-02T08:00:00,Sanctum Sanctorum,Pym Particles,731.53,6.32,False
2023-05-02T08:00:00,Sanctum Sanctorum,Clean Water (L),2421.48,6.9,False
2023-05-02T08:00:00,Sanctum Sanctorum,Medical Kits,746.71,5.17,False
2023-05-02T08:00:00,Avengers Compound,Vibranium (kg),2437.37,5.75,False
2023-05-02T08:00:00,Avengers Compound,Arc Reactor Cores,726.33,6.9,False
2023-05-02T08:00:00,Avengers Compound,Pym Particles,732.01,6.32,False
2023-05-02T08:00:00,Avengers Compound,Clean Water (L),2420.07,6.9,False
2023-05-02T08:00:00,Avengers Compound,Medical Kits,744.6,5.17,False
2023-05-02T09:00:00,New Asgard,Vibranium (kg),2437.95,6.06,False
2023-05-02T09:00:00,New Asgard,Arc Reactor Cores,722.44,7.27,False
2023-05-02T09:00:00,New Asgard,Pym Particles,726.66,6.67,False
2023-05-02T09:00:00,New Asgard,Clean Water (L),2423.37,7.27,False
2023-05-02T09:00:00,New Asgard,Medical Kits,746.9,5.45,False
2023-05-02T09:00:00,Wakanda,Vibranium (kg),2435.36,6.06,False
2023-05-02T09:00:00,Wakanda,Arc Reactor Cores,719.29,7.27,False
2023-05-02T09:00:00,Wakanda,Pym Particles,728.14,6.67,False
2023-05-02T09:00:00,Wakanda,Clean Water (L),2423.25,7.27,False
2023-05-02T09:00:00,Wakanda,Medical Kits,744.74,5.45,False
2023-05-02T09:00:00,Sokovia,Vibranium (kg),2437.1,6.06,False
2023-05-02T09:00:00,Sokovia,Arc Reactor Cores,723.47,7.27,False
2023-05-02T09:00:00,Sokovia,Pym Particles,731.38,6.67,False
2023-05-02T09:00:00,Sokovia,Clean Water (L),2421.07,7.27,False
2023-05-02T09:00:00,Sokovia,Medical Kits,748.58,5.45,False
2023-05-02T09:00:00,Sanctum Sanctorum,Vibranium (kg),2435.58,6.06,False
2023-05-02T09:00:00,Sanctum Sanctorum,Arc Reactor Cores,718.99,7.27,False
2023-05-02T09:00:00,Sanctum Sanctorum,Pym Particles,730.69,6.67,False
2023-05-02T09:00:00,Sanctum Sanctorum,Clean Water (L),2419.12,7.27,False
2023-05-02T09:00:00,Sanctum Sanctorum,Medical Kits,744.61,5.45,False
2023-05-02T09:00:00,Avengers Compound,Vibranium (kg),2436.19,6.06,False
2023-05-02T09:00:00,Avengers Compound,Arc Reactor Cores,722.35,7.27,False
2023-05-02T09:00:00,Avengers Compound,Pym Particles,729.69,6.67,False
2023-05-02T09:00:00,Avengers Compound,Clean Water (L),2416.99,7.27,False
2023-05-02T09:00:00,Avengers Compound,Medical Kits,741.24,5.45,False
2023-05-02T10:00:00,New Asgard,Vibranium (kg),2436.37,6.3,False
2023-05-02T10:00:00,New Asgard,Arc Reactor Cores,718.98,7.56,False
2023-05-02T10:00:00,New Asgard,Pym Particles,724.38,6.93,False
2023-05-02T10:00:00,New Asgard,Clean Water (L),2421.2,7.56,False
2023-05-02T10:00:00,New Asgard,Medical Kits,745.04,5.67,False
2023-05-02T10:00:00,Wakanda,Vibranium (kg),2433.62,6.3,False
2023-05-02T10:00:00,Wakanda,Arc Reactor Cores,716.56,7.56,False
2023-05-02T10:00:00,Wakanda,Pym Particles,725.82,6.93,False
2023-05-02T10:00:00,Wakanda,Clean Water (L),2420.07,7.56,False
2023-05-02T10:00:00,Wakanda,Medical Kits,743.71,5.67,False
2023-05-02T10:00:00,Sokovia,Vibranium (kg),2433.8,6.3,False
2023-05-02T10:00:00,Sokovia,Arc Reactor Cores,720.24,7.56,False
2023-05-02T10:00:00,Sokovia,Pym Particles,730.16,6.93,False
2023-05-02T10:00:00,Sokovia,Clean Water (L),2419.77,7.56,False
2023-05-02T10:00:00,Sokovia,Medical Kits,746.42,5.67,False
2023-05-02T10:00:00,Sanctum Sanctorum,Vibranium (kg),2432.78,6.3,False
2023-05-02T10:00:00,Sanctum Sanctorum,Arc Reactor Cores,715.57,7.56,False
2023-05-02T10:00:00,Sanctum Sanctorum,Pym Particles,728.12,6.93,False
2023-05-02T10:00:00,Sanctum Sanctorum,Clean Water (L),2416.91,7.56,False
2023-05-02T10:00:00,Sanctum Sanctorum,Medical Kits,741.3,5.67,False
2023-05-02T10:00:00,Avengers Compound,Vibranium (kg),2434.06,6.3,False
2023-05-02T10:00:00,Avengers Compound,Arc Reactor Cores,718.96,7.56,False
2023-05-02T10:00:00,Avengers Compound,Pym Particles,727.96,6.93,False
2023-05-02T10:00:00,Avengers Compound,Clean Water (L),2414.36,7.56,False
2023-05-02T10:00:00,Avengers Compound,Medical Kits,741.41,5.67,False
2023-05-02T11:00:00,New Asgard,Vibranium (kg),2434.91,6.45,False
2023-05-02T11:00:00,New Asgard,Arc Reactor Cores,715.92,7.74,False
2023-05-02T11:00:00,New Asgard,Pym Particles,722.95,7.09,False
2023-05-02T11:00:00,New Asgard,Clean Water (L),2418.55,7.74,False
2023-05-02T11:00:00,New Asgard,Medical Kits,743.57,5.8,False
2023-05-02T11:00:00,Wakanda,Vibranium (kg),2432.26,6.45,False
2023-05-02T11:00:00,Wakanda,Arc Reactor Cores,712.35,7.74,False
2023-05-02T11:00:00,Wakanda,Pym Particles,722.62,7.09,False
2023-05-02T11:00:00,Wakanda,Clean Water (L),2416.89,7.74,False
2023-05-02T11:00:00,Wakanda,Medical Kits,742.41,5.8,False
2023-05-02T11:00:00,Sokovia,Vibranium (kg),2431.57,6.45,False
2023-05-02T11:00:00,Sokovia,Arc Reactor Cores,716.73,7.74,False
2023-05-02T11:00:00,Sokovia,Pym Particles,728.22,7.09,False
2023-05-02T11:00:00,Sokovia,Clean Water (L),2416.9,7.74,False
2023-05-02T11:00:00,Sokovia,Medical Kits,742.96,5.8,False
2023-05-02T11:00:00,Sanctum Sanctorum,Vibranium (kg),2429.59,6.45,False
2023-05-02T11:00:00,Sanctum Sanctorum,Arc Reactor Cores,714.28,7.74,False
2023-05-02T11:00:00,Sanctum Sanctorum,Pym Particles,724.86,7.09,False
2023-05-02T11:00:00,Sanctum Sanctorum,Clean Water (L),2414.74,7.74,False
2023-05-02T11:00:00,Sanctum Sanctorum,Medical Kits,740.54,5.8,False
2023-05-02T11:00:00,Avengers Compound,Vibranium (kg),2431.42,6.45,False
2023-05-02T11:00:00,Avengers Compound,Arc Reactor Cores,716.98,7.74,False
2023-05-02T11:00:00,Avengers Compound,Pym Particles,725.77,7.09,False
2023-05-02T11:00:00,Avengers Compound,Clean Water (L),2411.47,7.74,False
2023-05-02T11:00:00,Avengers Compound,Medical Kits,740.31,5.8,False
2023-05-02T12:00:00,New Asgard,Vibranium (kg),2433.7,6.5,False
2023-05-02T12:00:00,New Asgard,Arc Reactor Cores,711.54,7.8,False
2023-05-02T12:00:00,New Asgard,Pym Particles,721.06,7.15,False
2023-05-02T12:00:00,New Asgard,Clean Water (L),2417.11,7.8,False
2023-05-02T12:00:00,New Asgard,Medical Kits,741.74,5.85,False
2023-05-02T12:00:00,Wakanda,Vibranium (kg),2431.44,6.5,False
2023-05-02T12:00:00,Wakanda,Arc Reactor Cores,710.62,7.8,False
2023-05-02T12:00:00,Wakanda,Pym Particles,720.91,7.15,False
2023-05-02T12:00:00,Wakanda,Clean Water (L),2414.67,7.8,False
2023-05-02T12:00:00,Wakanda,Medical Kits,740.67,5.85,False
2023-05-02T12:00:00,Sokovia,Vibranium (kg),2429.81,6.5,False
2023-05-02T12:00:00,Sokovia,Arc Reactor Cores,714.66,7.8,False
2023-05-02T12:00:00,Sokovia,Pym Particles,724.48,7.15,False
2023-05-02T12:00:00,Sokovia,Clean Water (L),2413.9,7.8,False
2023-05-02T12:00:00,Sokovia,Medical Kits,742.73,5.85,False
2023-05-02T12:00:00,Sanctum Sanctorum,Vibranium (kg),2427.46,6.5,False
2023-05-02T12:00:00,Sanctum Sanctorum,Arc Reactor Cores,711.25,7.8,False
2023-05-02T12:00:00,Sanctum Sanctorum,Pym Particles,722.46,7.15,False
2023-05-02T12:00:00,Sanctum Sanctorum,Clean Water (L),2412.23,7.8,False
2023-05-02T12:00:00,Sanctum Sanctorum,Medical Kits,739.02,5.85,False
2023-05-02T12:00:00,Avengers Compound,Vibranium (kg),2430.41,6.5,False
2023-05-02T12:00:00,Avengers Compound,Arc Reactor Cores,713.63,7.8,False
2023-05-02T12:00:00,Avengers Compound,Pym Particles,724.09,7.15,False
2023-05-02T12:00:00,Avengers Compound,Clean Water (L),2409.22,7.8,False
2023-05-02T12:00:00,Avengers Compound,Medical Kits,737.97,5.85,False
2023-05-02T13:00:00,New Asgard,Vibranium (kg),2431.88,6.45,False
2023-05-02T13:00:00,New Asgard,Arc Reactor Cores,709.13,7.74,False
2023-05-02T13:00:00,New Asgard,Pym Particles,719.32,7.09,False
2023-05-02T13:00:00,New Asgard,Clean Water (L),2413.86,7.74,False
2023-05-02T13:00:00,New Asgard,Medical Kits,738.71,5.8,False
2023-05-02T13:00:00,Wakanda,Vibranium (kg),2429.92,6.45,False
2023-05-02T13:00:00,Wakanda,Arc Reactor Cores,706.99,7.74,False
2023-05-02T13:00:00,Wakanda,Pym Particles,719.56,7.09,False
2023-05-02T13:00:00,Wakanda,Clean Water (L),2412.96,7.74,False
2023-05-02T13:00:00,Wakanda,Medical Kits,738.01,5.8,False
2023-05-02T13:00:00,Sokovia,Vibranium (kg),2427.42,6.45,False
2023-05-02T13:00:00,Sokovia,Arc Reactor Cores,712.34,7.74,False
2023-05-02T13:00:00,Sokovia,Pym Particles,721.9,7.09,False
2023-05-02T13:00:00,Sokovia,Clean Water (L),2411.13,7.74,False
2023-05-02T13:00:00,Sokovia,Medical Kits,740.94,5.8,False
2023-05-02T13:00:00,Sanctum Sanctorum,Vibranium (kg),2426.25,6.45,False
2023-05-02T13:00:00,Sanctum Sanctorum,Arc Reactor Cores,709.72,7.74,False
2023-05-02T13:00:00,Sanctum Sanctorum,Pym Particles,721.71,7.09,False
2023-05-02T13:00:00,Sanctum Sanctorum,Clean Water (L),2410.68,7.74,False
2023-05-02T13:00:00,Sanctum Sanctorum,Medical Kits,736.3,5.8,False
2023-05-02T13:00:00,Avengers Compound,Vibranium (kg),2427.9,6.45,False
2023-05-02T13:00:00,Avengers Compound,Arc Reactor Cores,710.69,7.74,False
2023-05-02T13:00:00,Avengers Compound,Pym Particles,719.91,7.09,False
2023-05-02T13:00:00,Avengers Compound,Clean Water (L),2407.9,7.74,False
2023-05-02T13:00:00,Avengers Compound,Medical Kits,737.3,5.8,False
2023-05-02T14:00:00,New Asgard,Vibranium (kg),2430.2,6.3,False
2023-05-02T14:00:00,New Asgard,Arc Reactor Cores,707.54,7.56,False
2023-05-02T14:00:00,New Asgard,Pym Particles,717.01,6.93,False
2023-05-02T14:00:00,New Asgard,Clean Water (L),2412.5,7.56,False
2023-05-02T14:00:00,New Asgard,Medical Kits,736.7,5.67,False
2023-05-02T14:00:00,Wakanda,Vibranium (kg),2428.35,6.3,False
2023-05-02T14:00:00,Wakanda,Arc Reactor Cores,705.44,7.56,False
2023-05-02T14:00:00,Wakanda,Pym Particles,716.32,6.93,False
2023-05-02T14:00:00,Wakanda,Clean Water (L),2410.03,7.56,False
2023-05-02T14:00:00,Wakanda,Medical Kits,736.13,5.67,False
2023-05-02T14:00:00,Sokovia,Vibranium (kg),2425.63,6.3,False
2023-05-02T14:00:00,Sokovia,Arc Reactor Cores,709.96,7.56,False
2023-05-02T14:00:00,Sokovia,Pym Particles,719.62,6.93,False
2023-05-02T14:00:00,Sokovia,Clean Water (L),2408.64,7.56,False
2023-05-02T14:00:00,Sokovia,Medical Kits,739.65,5.67,False
2023-05-02T14:00:00,Sanctum Sanctorum,Vibranium (kg),2425.89,6.3,False
2023-05-02T14:00:00,Sanctum Sanctorum,Arc Reactor Cores,707.72,7.56,False
2023-05-02T14:00:00,Sanctum Sanctorum,Pym Particles,719.37,6.93,False
2023-05-02T14:00:00,Sanctum Sanctorum,Clean Water (L),2408.49,7.56,False
2023-05-02T14:00:00,Sanctum Sanctorum,Medical Kits,734.13,5.67,False
2023-05-02T14:00:00,Avengers Compound,Vibranium (kg),2425.63,6.3,False
2023-05-02T14:00:00,Avengers Compound,Arc Reactor Cores,709.47,7.56,False
2023-05-02T14:00:00,Avengers Compound,Pym Particles,718.0,6.93,False
2023-05-02T14:00:00,Avengers Compound,Clean Water (L),2405.27,7.56,False
2023-05-02T14:00:00,Avengers Compound,Medical Kits,735.67,5.67,False
2023-05-02T15:00:00,New Asgard,Vibranium (kg),2427.86,6.06,False
2023-05-02T15:00:00,New Asgard,Arc Reactor Cores,705.18,7.27,False
2023-05-02T15:00:00,New Asgard,Pym Particles,714.34,6.67,False
2023-05-02T15:00:00,New Asgard,Clean Water (L),2410.57,7.27,False
2023-05-02T15:00:00,New Asgard,Medical Kits,734.51,5.45,False
2023-05-02T15:00:00,Wakanda,Vibranium (kg),2426.59,6.06,False
2023-05-02T15:00:00,Wakanda,Arc Reactor Cores,705.12,7.27,False
2023-05-02T15:00:00,Wakanda,Pym Particles,714.98,6.67,False
2023-05-02T15:00:00,Wakanda,Clean Water (L),2407.97,7.27,False
2023-05-02T15:00:00,Wakanda,Medical Kits,735.47,5.45,False
2023-05-02T15:00:00,Sokovia,Vibranium (kg),2423.74,6.06,False
2023-05-02T15:00:00,Sokovia,Arc Reactor Cores,707.93,7.27,False
2023-05-02T15:00:00,Sokovia,Pym Particles,717.72,6.67,False
2023-05-02T15:00:00,Sokovia,Clean Water (L),2407.49,7.27,False
2023-05-02T15:00:00,Sokovia,Medical Kits,737.91,5.45,False
2023-05-02T15:00:00,Sanctum Sanctorum,Vibranium (kg),2425.14,6.06,False
2023-05-02T15:00:00,Sanctum Sanctorum,Arc Reactor Cores,705.51,7.27,False
2023-05-02T15:00:00,Sanctum Sanctorum,Pym Particles,718.45,6.67,False
2023-05-02T15:00:00,Sanctum Sanctorum,Clean Water (L),2407.71,7.27,False
2023-05-02T15:00:00,Sanctum Sanctorum,Medical Kits,733.82,5.45,False
2023-05-02T15:00:00,Avengers Compound,Vibranium (kg),2424.5,6.06,False
2023-05-02T15:00:00,Avengers Compound,Arc Reactor Cores,709.45,7.27,False
2023-05-02T15:00:00,Avengers Compound,Pym Particles,714.7,6.67,False
2023-05-02T15:00:00,Avengers Compound,Clean Water (L),2402.59,7.27,False
2023-05-02T15:00:00,Avengers Compound,Medical Kits,734.33,5.45,False
2023-05-02T16:00:00,New Asgard,Vibranium (kg),2427.64,5.75,False
2023-05-02T16:00:00,New Asgard,Arc Reactor Cores,704.15,6.9,False
2023-05-02T16:00:00,New Asgard,Pym Particles,711.79,6.32,False
2023-05-02T16:00:00,New Asgard,Clean Water (L),2409.15,6.9,False
2023-05-02T16:00:00,New Asgard,Medical Kits,733.49,5.17,False
2023-05-02T16:00:00,Wakanda,Vibranium (kg),2426.4,5.75,False
2023-05-02T16:00:00,Wakanda,Arc Reactor Cores,704.98,6.9,False
2023-05-02T16:00:00,Wakanda,Pym Particles,713.83,6.32,False
2023-05-02T16:00:00,Wakanda,Clean Water (L),2407.11,6.9,False
2023-05-02T16:00:00,Wakanda,Medical Kits,733.78,5.17,False
2023-05-02T16:00:00,Sokovia,Vibranium (kg),2422.5,5.75,False
2023-05-02T16:00:00,Sokovia,Arc Reactor Cores,707.37,6.9,False
2023-05-02T16:00:00,Sokovia,Pym Particles,716.11,6.32,False
2023-05-02T16:00:00,Sokovia,Clean Water (L),2405.99,6.9,False
2023-05-02T16:00:00,Sokovia,Medical Kits,736.12,5.17,False
2023-05-02T16:00:00,Sanctum Sanctorum,Vibranium (kg),2425.58,5.75,False
2023-05-02T16:00:00,Sanctum Sanctorum,Arc Reactor Cores,704.2,6.9,False
2023-05-02T16:00:00,Sanctum Sanctorum,Pym Particles,717.65,6.32,False
2023-05-02T16:00:00,Sanctum Sanctorum,Clean Water (L),2406.01,6.9,False
2023-05-02T16:00:00,Sanctum Sanctorum,Medical Kits,732.74,5.17,False
2023-05-02T16:00:00,Avengers Compound,Vibranium (kg),2423.1,5.75,False
2023-05-02T16:00:00,Avengers Compound,Arc Reactor Cores,707.93,6.9,False
2023-05-02T16:00:00,Avengers Compound,Pym Particles,712.45,6.32,False
2023-05-02T16:00:00,Avengers Compound,Clean Water (L),2402.87,6.9,False
2023-05-02T16:00:00,Avengers Compound,Medical Kits,734.68,5.17,False
2023-05-02T17:00:00,New Asgard,Vibranium (kg),2426.29,5.39,False
2023-05-02T17:00:00,New Asgard,Arc Reactor Cores,703.59,6.47,False
2023-05-02T17:00:00,New Asgard,Pym Particles,711.97,5.93,False
2023-05-02T17:00:00,New Asgard,Clean Water (L),2408.17,6.47,False
2023-05-02T17:00:00,New Asgard,Medical Kits,732.84,4.85,False
2023-05-02T17:00:00,Wakanda,Vibranium (kg),2425.82,5.39,False
2023-05-02T17:00:00,Wakanda,Arc Reactor Cores,702.73,6.47,False
2023-05-02T17:00:00,Wakanda,Pym Particles,714.61,5.93,False
2023-05-02T17:00:00,Wakanda,Clean Water (L),2406.15,6.47,False
2023-05-02T17:00:00,Wakanda,Medical Kits,732.97,4.85,False
2023-05-02T17:00:00,Sokovia,Vibranium (kg),2422.57,5.39,False
2023-05-02T17:00:00,Sokovia,Arc Reactor Cores,704.56,6.47,False
2023-05-02T17:00:00,Sokovia,Pym Particles,715.49,5.93,False
2023-05-02T17:00:00,Sokovia,Clean Water (L),2404.65,6.47,False
2023-05-02T17:00:00,Sokovia,Medical Kits,734.4,4.85,False
2023-05-02T17:00:00,Sanctum Sanctorum,Vibranium (kg),2424.24,5.39,False
2023-05-02T17:00:00,Sanctum Sanctorum,Arc Reactor Cores,704.19,6.47,False
2023-05-02T17:00:00,Sanctum Sanctorum,Pym Particles,715.96,5.93,False
2023-05-02T17:00:00,Sanctum Sanctorum,Clean Water (L),2404.2,6.47,False
2023-05-02T17:00:00,Sanctum Sanctorum,Medical Kits,731.59,4.85,False
2023-05-02T17:00:00,Avengers Compound,Vibranium (kg),2422.54,5.39,False
2023-05-02T17:00:00,Avengers Compound,Arc Reactor Cores,707.38,6.47,False
2023-05-02T17:00:00,Avengers Compound,Pym Particles,710.92,5.93,False
2023-05-02T17:00:00,Avengers Compound,Clean Water (L),2403.39,6.47,False
2023-05-02T17:00:00,Avengers Compound,Medical Kits,734.04,4.85,False
2023-05-02T18:00:00,New Asgard,Vibranium (kg),2427.54,5.0,False
2023-05-02T18:00:00,New Asgard,Arc Reactor Cores,703.83,6.0,False
2023-05-02T18:00:00,New Asgard,Pym Particles,713.3,5.5,False
2023-05-02T18:00:00,New Asgard,Clean Water (L),2407.31,6.0,False
2023-05-02T18:00:00,New Asgard,Medical Kits,732.49,4.5,False
2023-05-02T18:00:00,Wakanda,Vibranium (kg),2425.77,5.0,False
2023-05-02T18:00:00,Wakanda,Arc Reactor Cores,703.12,6.0,False
2023-05-02T18:00:00,Wakanda,Pym Particles,712.79,5.5,False
2023-05-02T18:00:00,Wakanda,Clean Water (L),2405.21,6.0,False
2023-05-02T18:00:00,Wakanda,Medical Kits,732.63,4.5,False
2023-05-02T18:00:00,Sokovia,Vibranium (kg),2423.51,5.0,False
2023-05-02T18:00:00,Sokovia,Arc Reactor Cores,704.82,6.0,False
2023-05-02T18:00:00,Sokovia,Pym Particles,715.28,5.5,False
2023-05-02T18:00:00,Sokovia,Clean Water (L),2404.41,6.0,False
2023-05-02T18:00:00,Sokovia,Medical Kits,734.54,4.5,False
2023-05-02T18:00:00,Sanctum Sanctorum,Vibranium (kg),2423.56,5.0,False
2023-05-02T18:00:00,Sanctum Sanctorum,Arc Reactor Cores,703.55,6.0,False
2023-05-02T18:00:00,Sanctum Sanctorum,Pym Particles,715.66,5.5,False
2023-05-02T18:00:00,Sanctum Sanctorum,Clean Water (L),2402.84,6.0,False
2023-05-02T18:00:00,Sanctum Sanctorum,Medical Kits,730.77,4.5,False
2023-05-02T18:00:00,Avengers Compound,Vibranium (kg),2423.97,5.0,False
2023-05-02T18:00:00,Avengers Compound,Arc Reactor Cores,707.34,6.0,False
2023-05-02T18:00:00,Avengers Compound,Pym Particles,710.86,5.5,False
2023-05-02T18:00:00,Avengers Compound,Clean Water (L),2402.9,6.0,False
2023-05-02T18:00:00,Avengers Compound,Medical Kits,735.25,4.5,False
2023-05-02T19:00:00,New Asgard,Vibranium (kg),2427.38,4.61,False
2023-05-02T19:00:00,New Asgard,Arc Reactor Cores,703.04,5.53,False
2023-05-02T19:00:00,New Asgard,Pym Particles,713.8,5.07,False
2023-05-02T19:00:00,New Asgard,Clean Water (L),2406.87,5.53,False
2023-05-02T19:00:00,New Asgard,Medical Kits,732.36,4.15,False
2023-05-02T19:00:00,Wakanda,Vibranium (kg),2425.8,4.61,False
2023-05-02T19:00:00,Wakanda,Arc Reactor Cores,702.45,5.53,False
2023-05-02T19:00:00,Wakanda,Pym Particles,714.1,5.07,False
2023-05-02T19:00:00,Wakanda,Clean Water (L),2405.75,5.53,False
2023-05-02T19:00:00,Wakanda,Medical Kits,732.46,4.15,False
2023-05-02T19:00:00,Sokovia,Vibranium (kg),2423.77,4.61,False
2023-05-02T19:00:00,Sokovia,Arc Reactor Cores,704.04,5.53,False
2023-05-02T19:00:00,Sokovia,Pym Particles,715.37,5.07,False
2023-05-02T19:00:00,Sokovia,Clean Water (L),2404.49,5.53,False
2023-05-02T19:00:00,Sokovia,Medical Kits,735.21,4.15,False
2023-05-02T19:00:00,Sanctum Sanctorum,Vibranium (kg),2424.74,4.61,False
2023-05-02T19:00:00,Sanctum Sanctorum,Arc Reactor Cores,703.35,5.53,False
2023-05-02T19:00:00,Sanctum Sanctorum,Pym Particles,715.76,5.07,False
2023-05-02T19:00:00,Sanctum Sanctorum,Clean Water (L),2402.93,5.53,False
2023-05-02T19:00:00,Sanctum Sanctorum,Medical Kits,729.69,4.15,False
2023-05-02T19:00:00,Avengers Compound,Vibranium (kg),2424.06,4.61,False
2023-05-02T19:00:00,Avengers Compound,Arc Reactor Cores,708.04,5.53,False
2023-05-02T19:00:00,Avengers Compound,Pym Particles,712.75,5.07,False
2023-05-02T19:00:00,Avengers Compound,Clean Water (L),2403.98,5.53,False
2023-05-02T19:00:00,Avengers Compound,Medical Kits,733.99,4.15,False
2023-05-02T20:00:00,New Asgard,Vibranium (kg),2429.1,4.25,False
2023-05-02T20:00:00,New Asgard,Arc Reactor Cores,702.79,5.1,False
2023-05-02T20:00:00,New Asgard,Pym Particles,715.04,4.68,False
2023-05-02T20:00:00,New Asgard,Clean Water (L),2408.46,5.1,False
2023-05-02T20:00:00,New Asgard,Medical Kits,733.32,3.83,False
2023-05-02T20:00:00,Wakanda,Vibranium (kg),2426.33,4.25,False
2023-05-02T20:00:00,Wakanda,Arc Reactor Cores,703.09,5.1,False
2023-05-02T20:00:00,Wakanda,Pym Particles,716.13,4.68,False
2023-05-02T20:00:00,Wakanda,Clean Water (L),2405.85,5.1,False
2023-05-02T20:00:00,Wakanda,Medical Kits,733.97,3.83,False
2023-05-02T20:00:00,Sokovia,Vibranium (kg),2424.42,4.25,False
2023-05-02T20:00:00,Sokovia,Arc Reactor Cores,704.58,5.1,False
2023-05-02T20:00:00,Sokovia,Pym Particles,715.36,4.68,False
2023-05-02T20:00:00,Sokovia,Clean Water (L),2405.54,5.1,False
2023-05-02T20:00:00,Sokovia,Medical Kits,734.86,3.83,False
2023-05-02T20:00:00,Sanctum Sanctorum,Vibranium (kg),2426.47,4.25,False
2023-05-02T20:00:00,Sanctum Sanctorum,Arc Reactor Cores,703.29,5.1,False
2023-05-02T20:00:00,Sanctum Sanctorum,Pym Particles,716.32,4.68,False
2023-05-02T20:00:00,Sanctum Sanctorum,Clean Water (L),2403.54,5.1,False
2023-05-02T20:00:00,Sanctum Sanctorum,Medical Kits,730.88,3.83,False
2023-05-02T20:00:00,Avengers Compound,Vibranium (kg),2425.25,4.25,False
2023-05-02T20:00:00,Avengers Compound,Arc Reactor Cores,707.5,5.1,False
2023-05-02T20:00:00,Avengers Compound,Pym Particles,713.76,4.68,False
2023-05-02T20:00:00,Avengers Compound,Clean Water (L),2403.93,5.1,False
2023-05-02T20:00:00,Avengers Compound,Medical Kits,734.83,3.83,False
2023-05-02T21:00:00,New Asgard,Vibranium (kg),2431.3,3.94,False
2023-05-02T21:00:00,New Asgard,Arc Reactor Cores,703.17,4.73,False
2023-05-02T21:00:00,New Asgard,Pym Particles,715.98,4.33,False
2023-05-02T21:00:00,New Asgard,Clean Water (L),2408.4,4.73,False
2023-05-02T21:00:00,New Asgard,Medical Kits,734.77,3.55,False
2023-05-02T21:00:00,Wakanda,Vibranium (kg),2425.42,3.94,False
2023-05-02T21:00:00,Wakanda,Arc Reactor Cores,704.49,4.73,False
2023-05-02T21:00:00,Wakanda,Pym Particles,717.4,4.33,False
2023-05-02T21:00:00,Wakanda,Clean Water (L),2406.03,4.73,False
2023-05-02T21:00:00,Wakanda,Medical Kits,733.08,3.55,False
2023-05-02T21:00:00,Sokovia,Vibranium (kg),2426.42,3.94,False
2023-05-02T21:00:00,Sokovia,Arc Reactor Cores,704.58,4.73,False
2023-05-02T21:00:00,Sokovia,Pym Particles,716.99,4.33,False
2023-05-02T21:00:00,Sokovia,Clean Water (L),2407.89,4.73,False
2023-05-02T21:00:00,Sokovia,Medical Kits,734.98,3.55,False
2023-05-02T21:00:00,Sanctum Sanctorum,Vibranium (kg),2426.93,3.94,False
2023-05-02T21:00:00,Sanctum Sanctorum,Arc Reactor Cores,704.95,4.73,False
2023-05-02T21:00:00,Sanctum Sanctorum,Pym Particles,717.33,4.33,False
2023-05-02T21:00:00,Sanctum Sanctorum,Clean Water (L),2404.69,4.73,False
2023-05-02T21:00:00,Sanctum Sanctorum,Medical Kits,732.32,3.55,False
2023-05-02T21:00:00,Avengers Compound,Vibranium (kg),2427.08,3.94,False
2023-05-02T21:00:00,Avengers Compound,Arc Reactor Cores,708.44,4.73,False
2023-05-02T21:00:00,Avengers Compound,Pym Particles,714.18,4.33,False
2023-05-02T21:00:00,Avengers Compound,Clean Water (L),2403.68,4.73,False
2023-05-02T21:00:00,Avengers Compound,Medical Kits,737.1,3.55,False
2023-05-02T22:00:00,New Asgard,Vibranium (kg),2431.64,3.7,False
2023-05-02T22:00:00,New Asgard,Arc Reactor Cores,704.35,4.44,False
2023-05-02T22:00:00,New Asgard,Pym Particles,716.08,4.07,False
2023-05-02T22:00:00,New Asgard,Clean Water (L),2408.34,4.44,False
2023-05-02T22:00:00,New Asgard,Medical Kits,735.28,3.33,False
2023-05-02T22:00:00,Wakanda,Vibranium (kg),2426.32,3.7,False
2023-05-02T22:00:00,Wakanda,Arc Reactor Cores,706.07,4.44,False
2023-05-02T22:00:00,Wakanda,Pym Particles,717.33,4.07,False
2023-05-02T22:00:00,Wakanda,Clean Water (L),2407.54,4.44,False
2023-05-02T22:00:00,Wakanda,Medical Kits,735.31,3.33,False
2023-05-02T22:00:00,Sokovia,Vibranium (kg),2428.01,3.7,False
2023-05-02T22:00:00,Sokovia,Arc Reactor Cores,705.82,4.44,False
2023-05-02T22:00:00,Sokovia,Pym Particles,719.55,4.07,False
2023-05-02T22:00:00,Sokovia,Clean Water (L),2409.01,4.44,False
2023-05-02T22:00:00,Sokovia,Medical Kits,736.6,3.33,False
2023-05-02T22:00:00,Sanctum Sanctorum,Vibranium (kg),2428.05,3.7,False
2023-05-02T22:00:00,Sanctum Sanctorum,Arc Reactor Cores,707.29,4.44,False
2023-05-02T22:00:00,Sanctum Sanctorum,Pym Particles,718.46,4.07,False
2023-05-02T22:00:00,Sanctum Sanctorum,Clean Water (L),2406.53,4.44,False
2023-05-02T22:00:00,Sanctum Sanctorum,Medical Kits,733.73,3.33,False
2023-05-02T22:00:00,Avengers Compound,Vibranium (kg),2427.93,3.7,False
2023-05-02T22:00:00,Avengers Compound,Arc Reactor Cores,708.73,4.44,False
2023-05-02T22:00:00,Avengers Compound,Pym Particles,714.6,4.07,False
2023-05-02T22:00:00,Avengers Compound,Clean Water (L),2403.89,4.44,False
2023-05-02T22:00:00,Avengers Compound,Medical Kits,738.11,3.33,False
2023-05-02T23:00:00,New Asgard,Vibranium (kg),2434.06,3.55,False
2023-05-02T23:00:00,New Asgard,Arc Reactor Cores,705.91,4.26,False
2023-05-02T23:00:00,New Asgard,Pym Particles,716.75,3.91,False
2023-05-02T23:00:00,New Asgard,Clean Water (L),2410.67,4.26,False
2023-05-02T23:00:00,New Asgard,Medical Kits,735.16,3.2,False
2023-05-02T23:00:00,Wakanda,Vibranium (kg),2427.77,3.55,False
2023-05-02T23:00:00,Wakanda,Arc Reactor Cores,707.02,4.26,False
2023-05-02T23:00:00,Wakanda,Pym Particles,718.18,3.91,False
2023-05-02T23:00:00,Wakanda,Clean Water (L),2408.41,4.26,False
2023-05-02T23:00:00,Wakanda,Medical Kits,736.4,3.2,False
2023-05-02T23:00:00,Sokovia,Vibranium (kg),2429.77,3.55,False
2023-05-02T23:00:00,Sokovia,Arc Reactor Cores,707.08,4.26,False
2023-05-02T23:00:00,Sokovia,Pym Particles,722.28,3.91,False
2023-05-02T23:00:00,Sokovia,Clean Water (L),2411.72,4.26,False
2023-05-02T23:00:00,Sokovia,Medical Kits,738.27,3.2,False
2023-05-02T23:00:00,Sanctum Sanctorum,Vibranium (kg),2429.92,3.55,False
2023-05-02T23:00:00,Sanctum Sanctorum,Arc Reactor Cores,708.09,4.26,False
2023-05-02T23:00:00,Sanctum Sanctorum,Pym Particles,719.98,3.91,False
2023-05-02T23:00:00,Sanctum Sanctorum,Clean Water (L),2406.8,4.26,False
2023-05-02T23:00:00,Sanctum Sanctorum,Medical Kits,734.85,3.2,False
2023-05-02T23:00:00,Avengers Compound,Vibranium (kg),2427.88,3.55,False
2023-05-02T23:00:00,Avengers Compound,Arc Reactor Cores,711.55,4.26,False
2023-05-02T23:00:00,Avengers Compound,Pym Particles,715.6,3.91,False
2023-05-02T23:00:00,Avengers Compound,Clean Water (L),2404.98,4.26,False
2023-05-02T23:00:00,Avengers Compound,Medical Kits,739.9,3.2,False
2023-05-03T00:00:00,New Asgard,Vibranium (kg),2435.02,3.5,False
2023-05-03T00:00:00,New Asgard,Arc Reactor Cores,707.51,4.2,False
2023-05-03T00:00:00,New Asgard,Pym Particles,717.37,3.85,False
2023-05-03T00:00:00,New Asgard,Clean Water (L),2410.96,4.2,False
2023-05-03T00:00:00,New Asgard,Medical Kits,737.06,3.15,False
2023-05-03T00:00:00,Wakanda,Vibranium (kg),2428.55,3.5,False
2023-05-03T00:00:00,Wakanda,Arc Reactor Cores,708.71,4.2,False
2023-05-03T00:00:00,Wakanda,Pym Particles,720.48,3.85,False
2023-05-03T00:00:00,Wakanda,Clean Water (L),2410.54,4.2,False
2023-05-03T00:00:00,Wakanda,Medical Kits,738.92,3.15,False
2023-05-03T00:00:00,Sokovia,Vibranium (kg),2430.64,3.5,False
2023-05-03T00:00:00,Sokovia,Arc Reactor Cores,708.54,4.2,False
2023-05-03T00:00:00,Sokovia,Pym Particles,724.33,3.85,False
2023-05-03T00:00:00,Sokovia,Clean Water (L),2411.12,4.2,False
2023-05-03T00:00:00,Sokovia,Medical Kits,738.26,3.15,False
2023-05-03T00:00:00,Sanctum Sanctorum,Vibranium (kg),2429.86,3.5,False
2023-05-03T00:00:00,Sanctum Sanctorum,Arc Reactor Cores,709.72,4.2,False
2023-05-03T00:00:00,Sanctum Sanctorum,Pym Particles,721.85,3.85,False
2023-05-03T00:00:00,Sanctum Sanctorum,Clean Water (L),2408.01,4.2,False
2023-05-03T00:00:00,Sanctum Sanctorum,Medical Kits,737.33,3.15,False
2023-05-03T00:00:00,Avengers Compound,Vibranium (kg),2430.29,3.5,False
2023-05-03T00:00:00,Avengers Compound,Arc Reactor Cores,713.43,4.2,False
2023-05-03T00:00:00,Avengers Compound,Pym Particles,716.04,3.85,False
2023-05-03T00:00:00,Avengers Compound,Clean Water (L),2406.93,4.2,False
2023-05-03T00:00:00,Avengers Compound,Medical Kits,739.05,3.15,False
2023-05-03T01:00:00,New Asgard,Vibranium (kg),2435.45,3.55,False
2023-05-03T01:00:00,New Asgard,Arc Reactor Cores,707.43,4.26,False
2023-05-03T01:00:00,New Asgard,Pym Particles,717.97,3.91,False
2023-05-03T01:00:00,New Asgard,Clean Water (L),2412.22,4.26,False
2023-05-03T01:00:00,New Asgard,Medical Kits,738.73,3.2,False
2023-05-03T01:00:00,Wakanda,Vibranium (kg),2429.74,3.55,False
2023-05-03T01:00:00,Wakanda,Arc Reactor Cores,710.1,4.26,False
2023-05-03T01:00:00,Wakanda,Pym Particles,721.84,3.91,False
2023-05-03T01:00:00,Wakanda,Clean Water (L),2411.19,4.26,False
2023-05-03T01:00:00,Wakanda,Medical Kits,740.52,3.2,False
2023-05-03T01:00:00,Sokovia,Vibranium (kg),2430.1,3.55,False
2023-05-03T01:00:00,Sokovia,Arc Reactor Cores,711.05,4.26,False
2023-05-03T01:00:00,Sokovia,Pym Particles,724.36,3.91,False
2023-05-03T01:00:00,Sokovia,Clean Water (L),2413.31,4.26,False
2023-05-03T01:00:00,Sokovia,Medical Kits,739.98,3.2,False
2023-05-03T01:00:00,Sanctum Sanctorum,Vibranium (kg),2430.09,3.55,False
2023-05-03T01:00:00,Sanctum Sanctorum,Arc Reactor Cores,712.35,4.26,False
2023-05-03T01:00:00,Sanctum Sanctorum,Pym Particles,723.27,3.91,False
2023-05-03T01:00:00,Sanctum Sanctorum,Clean Water (L),2409.99,4.26,False
2023-05-03T01:00:00,Sanctum Sanctorum,Medical Kits,737.11,3.2,False
2023-05-03T01:00:00,Avengers Compound,Vibranium (kg),2430.84,3.55,False
2023-05-03T01:00:00,Avengers Compound,Arc Reactor Cores,713.66,4.26,False
2023-05-03T01:00:00,Avengers Compound,Pym Particles,717.21,3.91,False
2023-05-03T01:00:00,Avengers Compound,Clean Water (L),2407.54,4.26,False
2023-05-03T01:00:00,Avengers Compound,Medical Kits,739.02,3.2,False
2023-05-03T02:00:00,New Asgard,Vibranium (kg),2436.24,3.7,False
2023-05-03T02:00:00,New Asgard,Arc Reactor Cores,708.41,4.44,False
2023-05-03T02:00:00,New Asgard,Pym Particles,718.26,4.07,False
2023-05-03T02:00:00,New Asgard,Clean Water (L),2413.51,4.44,False
2023-05-03T02:00:00,New Asgard,Medical Kits,738.06,3.33,False
2023-05-03T02:00:00,Wakanda,Vibranium (kg),2430.31,3.7,False
2023-05-03T02:00:00,Wakanda,Arc Reactor Cores,712.64,4.44,False
2023-05-03T02:00:00,Wakanda,Pym Particles,722.95,4.07,False
2023-05-03T02:00:00,Wakanda,Clean Water (L),2412.56,4.44,False
2023-05-03T02:00:00,Wakanda,Medical Kits,741.92,3.33,False
2023-05-03T02:00:00,Sokovia,Vibranium (kg),2429.85,3.7,False
2023-05-03T02:00:00,Sokovia,Arc Reactor Cores,710.73,4.44,False
2023-05-03T02:00:00,Sokovia,Pym Particles,724.94,4.07,False
2023-05-03T02:00:00,Sokovia,Clean Water (L),2412.71,4.44,False
2023-05-03T02:00:00,Sokovia,Medical Kits,741.75,3.33,False
2023-05-03T02:00:00,Sanctum Sanctorum,Vibranium (kg),2430.44,3.7,False
2023-05-03T02:00:00,Sanctum Sanctorum,Arc Reactor Cores,714.3,4.44,False
2023-05-03T02:00:00,Sanctum Sanctorum,Pym Particles,724.34,4.07,False
2023-05-03T02:00:00,Sanctum Sanctorum,Clean Water (L),2411.01,4.44,False
2023-05-03T02:00:00,Sanctum Sanctorum,Medical Kits,737.7,3.33,False
2023-05-03T02:00:00,Avengers Compound,Vibranium (kg),2431.52,3.7,False
2023-05-03T02:00:00,Avengers Compound,Arc Reactor Cores,714.55,4.44,False
2023-05-03T02:00:00,Avengers Compound,Pym Particles,719.22,4.07,False
2023-05-03T02:00:00,Avengers Compound,Clean Water (L),2409.09,4.44,False
2023-05-03T02:00:00,Avengers Compound,Medical Kits,740.72,3.33,False
2023-05-03T03:00:00,New Asgard,Vibranium (kg),2436.78,3.94,False
2023-05-03T03:00:00,New Asgard,Arc Reactor Cores,709.36,4.73,False
2023-05-03T03:00:00,New Asgard,Pym Particles,719.12,4.33,False
2023-05-03T03:00:00,New Asgard,Clean Water (L),2414.49,4.73,False
2023-05-03T03:00:00,New Asgard,Medical Kits,737.63,3.55,False
2023-05-03T03:00:00,Wakanda,Vibranium (kg),2429.69,3.94,False
2023-05-03T03:00:00,Wakanda,Arc Reactor Cores,713.31,4.73,False
2023-05-03T03:00:00,Wakanda,Pym Particles,723.63,4.33,False
2023-05-03T03:00:00,Wakanda,Clean Water (L),2413.51,4.73,False
2023-05-03T03:00:00,Wakanda,Medical Kits,742.68,3.55,False
2023-05-03T03:00:00,Sokovia,Vibranium (kg),2431.03,3.94,False
2023-05-03T03:00:00,Sokovia,Arc Reactor Cores,711.15,4.73,False
2023-05-03T03:00:00,Sokovia,Pym Particles,725.83,4.33,False
2023-05-03T03:00:00,Sokovia,Clean Water (L),2412.03,4.73,False
2023-05-03T03:00:00,Sokovia,Medical Kits,743.46,3.55,False
2023-05-03T03:00:00,Sanctum Sanctorum,Vibranium (kg),2430.68,3.94,False
2023-05-03T03:00:00,Sanctum Sanctorum,Arc Reactor Cores,713.56,4.73,False
2023-05-03T03:00:00,Sanctum Sanctorum,Pym Particles,724.23,4.33,False
2023-05-03T03:00:00,Sanctum Sanctorum,Clean Water (L),2410.56,4.73,False
2023-05-03T03:00:00,Sanctum Sanctorum,Medical Kits,737.89,3.55,False
2023-05-03T03:00:00,Avengers Compound,Vibranium (kg),2432.55,3.94,False
2023-05-03T03:00:00,Avengers Compound,Arc Reactor Cores,714.49,4.73,False
2023-05-03T03:00:00,Avengers Compound,Pym Particles,719.54,4.33,False
2023-05-03T03:00:00,Avengers Compound,Clean Water (L),2411.03,4.73,False
2023-05-03T03:00:00,Avengers Compound,Medical Kits,740.39,3.55,False
2023-05-03T04:00:00,New Asgard,Vibranium (kg),2435.85,4.25,False
2023-05-03T04:00:00,New Asgard,Arc Reactor Cores,711.48,5.1,False
2023-05-03T04:00:00,New Asgard,Pym Particles,719.62,4.68,False
2023-05-03T04:00:00,New Asgard,Clean Water (L),2415.57,5.1,False
2023-05-03T04:00:00,New Asgard,Medical Kits,738.46,3.83,False
2023-05-03T04:00:00,Wakanda,Vibranium (kg),2429.98,4.25,False
2023-05-03T04:00:00,Wakanda,Arc Reactor Cores,713.54,5.1,False
2023-05-03T04:00:00,Wakanda,Pym Particles,722.02,4.68,False
2023-05-03T04:00:00,Wakanda,Clean Water (L),2412.55,5.1,False
2023-05-03T04:00:00,Wakanda,Medical Kits,744.47,3.83,False
2023-05-03T04:00:00,Sokovia,Vibranium (kg),2432.65,4.25,False
2023-05-03T04:00:00,Sokovia,Arc Reactor Cores,710.4,5.1,False
2023-05-03T04:00:00,Sokovia,Pym Particles,725.54,4.68,False
2023-05-03T04:00:00,Sokovia,Clean Water (L),2413.42,5.1,False
2023-05-03T04:00:00,Sokovia,Medical Kits,743.78,3.83,False
2023-05-03T04:00:00,Sanctum Sanctorum,Vibranium (kg),2432.1,4.25,False
2023-05-03T04:00:00,Sanctum Sanctorum,Arc Reactor Cores,714.58,5.1,False
2023-05-03T04:00:00,Sanctum Sanctorum,Pym Particles,723.65,4.68,False
2023-05-03T04:00:00,Sanctum Sanctorum,Clean Water (L),2411.17,5.1,False
2023-05-03T04:00:00,Sanctum Sanctorum,Medical Kits,737.38,3.83,False
2023-05-03T04:00:00,Avengers Compound,Vibranium (kg),2433.41,4.25,False
2023-05-03T04:00:00,Avengers Compound,Arc Reactor Cores,714.08,5.1,False
2023-05-03T04:00:00,Avengers Compound,Pym Particles,719.92,4.68,False
2023-05-03T04:00:00,Avengers Compound,Clean Water (L),2411.3,5.1,False
2023-05-03T04:00:00,Avengers Compound,Medical Kits,741.73,3.83,False
2023-05-03T05:00:00,New Asgard,Vibranium (kg),2435.39,4.61,False
2023-05-03T05:00:00,New Asgard,Arc Reactor Cores,712.97,5.53,False
2023-05-03T05:00:00,New Asgard,Pym Particles,717.99,5.07,False
2023-05-03T05:00:00,New Asgard,Clean Water (L),2413.84,5.53,False
2023-05-03T05:00:00,New Asgard,Medical Kits,737.55,4.15,False
2023-05-03T05:00:00,Wakanda,Vibranium (kg),2430.81,4.61,False
2023-05-03T05:00:00,Wakanda,Arc Reactor Cores,713.89,5.53,False
2023-05-03T05:00:00,Wakanda,Pym Particles,721.08,5.07,False
2023-05-03T05:00:00,Wakanda,Clean Water (L),2412.59,5.53,False
2023-05-03T05:00:00,Wakanda,Medical Kits,743.56,4.15,False
2023-05-03T05:00:00,Sokovia,Vibranium (kg),2430.54,4.61,False
2023-05-03T05:00:00,Sokovia,Arc Reactor Cores,710.17,5.53,False
2023-05-03T05:00:00,Sokovia,Pym Particles,723.61,5.07,False
2023-05-03T05:00:00,Sokovia,Clean Water (L),2412.85,5.53,False
2023-05-03T05:00:00,Sokovia,Medical Kits,744.21,4.15,False
2023-05-03T05:00:00,Sanctum Sanctorum,Vibranium (kg),2431.15,4.61,False
2023-05-03T05:00:00,Sanctum Sanctorum,Arc Reactor Cores,714.58,5.53,False
2023-05-03T05:00:00,Sanctum Sanctorum,Pym Particles,721.61,5.07,False
2023-05-03T05:00:00,Sanctum Sanctorum,Clean Water (L),2411.8,5.53,False
2023-05-03T05:00:00,Sanctum Sanctorum,Medical Kits,736.48,4.15,False
2023-05-03T05:00:00,Avengers Compound,Vibranium (kg),2433.12,4.61,False
2023-05-03T05:00:00,Avengers Compound,Arc Reactor Cores,713.52,5.53,False
2023-05-03T05:00:00,Avengers Compound,Pym Particles,720.54,5.07,False
2023-05-03T05:00:00,Avengers Compound,Clean Water (L),2412.18,5.53,False
2023-05-03T05:00:00,Avengers Compound,Medical Kits,742.2,4.15,False
2023-05-03T06:00:00,New Asgard,Vibranium (kg),2435.78,5.0,False
2023-05-03T06:00:00,New Asgard,Arc Reactor Cores,712.63,6.0,False
2023-05-03T06:00:00,New Asgard,Pym Particles,718.92,5.5,False
2023-05-03T06:00:00,New Asgard,Clean Water (L),2413.12,6.0,False
2023-05-03T06:00:00,New Asgard,Medical Kits,737.22,4.5,False
2023-05-03T06:00:00,Wakanda,Vibranium (kg),2430.36,5.0,False
2023-05-03T06:00:00,Wakanda,Arc Reactor Cores,713.69,6.0,False
2023-05-03T06:00:00,Wakanda,Pym Particles,720.32,5.5,False
2023-05-03T06:00:00,Wakanda,Clean Water (L),2412.67,6.0,False
2023-05-03T06:00:00,Wakanda,Medical Kits,742.56,4.5,False
2023-05-03T06:00:00,Sokovia,Vibranium (kg),2428.67,5.0,False
2023-05-03T06:00:00,Sokovia,Arc Reactor Cores,710.74,6.0,False
2023-05-03T06:00:00,Sokovia,Pym Particles,722.12,5.5,False
2023-05-03T06:00:00,Sokovia,Clean Water (L),2411.97,6.0,False
2023-05-03T06:00:00,Sokovia,Medical Kits,743.52,4.5,False
2023-05-03T06:00:00,Sanctum Sanctorum,Vibranium (kg),2431.2,5.0,False
2023-05-03T06:00:00,Sanctum Sanctorum,Arc Reactor Cores,714.0,6.0,False
2023-05-03T06:00:00,Sanctum Sanctorum,Pym Particles,720.78,5.5,False
2023-05-03T06:00:00,Sanctum Sanctorum,Clean Water (L),2410.26,6.0,False
2023-05-03T06:00:00,Sanctum Sanctorum,Medical Kits,737.82,4.5,False
2023-05-03T06:00:00,Avengers Compound,Vibranium (kg),2431.68,5.0,False
2023-05-03T06:00:00,Avengers Compound,Arc Reactor Cores,712.93,6.0,False
2023-05-03T06:00:00,Avengers Compound,Pym Particles,721.1,5.5,False
2023-05-03T06:00:00,Avengers Compound,Clean Water (L),2411.95,6.0,False
2023-05-03T06:00:00,Avengers Compound,Medical Kits,741.04,4.5,False
2023-05-03T07:00:00,New Asgard,Vibranium (kg),2433.61,5.39,False
2023-05-03T07:00:00,New Asgard,Arc Reactor Cores,710.96,6.47,False
2023-05-03T07:00:00,New Asgard,Pym Particles,717.64,5.93,False
2023-05-03T07:00:00,New Asgard,Clean Water (L),2411.04,6.47,False
2023-05-03T07:00:00,New Asgard,Medical Kits,736.4,4.85,False
2023-05-03T07:00:00,Wakanda,Vibranium (kg),2429.09,5.39,False
2023-05-03T07:00:00,Wakanda,Arc Reactor Cores,713.04,6.47,False
2023-05-03T07:00:00,Wakanda,Pym Particles,719.65,5.93,False
2023-05-03T07:00:00,Wakanda,Clean Water (L),2410.36,6.47,False
2023-05-03T07:00:00,Wakanda,Medical Kits,742.35,4.85,False
2023-05-03T07:00:00,Sokovia,Vibranium (kg),2426.68,5.39,False
2023-05-03T07:00:00,Sokovia,Arc Reactor Cores,710.62,6.47,False
2023-05-03T07:00:00,Sokovia,Pym Particles,720.59,5.93,False
2023-05-03T07:00:00,Sokovia,Clean Water (L),2412.6,6.47,False
2023-05-03T07:00:00,Sokovia,Medical Kits,742.83,4.85,False
2023-05-03T07:00:00,Sanctum Sanctorum,Vibranium (kg),2430.2,5.39,False
2023-05-03T07:00:00,Sanctum Sanctorum,Arc Reactor Cores,711.81,6.47,False
2023-05-03T07:00:00,Sanctum Sanctorum,Pym Particles,719.43,5.93,False
2023-05-03T07:00:00,Sanctum Sanctorum,Clean Water (L),2409.11,6.47,False
2023-05-03T07:00:00,Sanctum Sanctorum,Medical Kits,736.66,4.85,False
2023-05-03T07:00:00,Avengers Compound,Vibranium (kg),2431.73,5.39,False
2023-05-03T07:00:00,Avengers Compound,Arc Reactor Cores,712.16,6.47,False
2023-05-03T07:00:00,Avengers Compound,Pym Particles,721.61,5.93,False
2023-05-03T07:00:00,Avengers Compound,Clean Water (L),2410.77,6.47,False
2023-05-03T07:00:00,Avengers Compound,Medical Kits,739.64,4.85,False
2023-05-03T08:00:00,New Asgard,Vibranium (kg),2431.92,5.75,False
2023-05-03T08:00:00,New Asgard,Arc Reactor Cores,710.49,6.9,False
2023-05-03T08:00:00,New Asgard,Pym Particles,715.99,6.32,False
2023-05-03T08:00:00,New Asgard,Clean Water (L),2410.33,6.9,False
2023-05-03T08:00:00,New Asgard,Medical Kits,734.99,5.17,False
2023-05-03T08:00:00,Wakanda,Vibranium (kg),2427.36,5.75,False
2023-05-03T08:00:00,Wakanda,Arc Reactor Cores,710.24,6.9,False
2023-05-03T08:00:00,Wakanda,Pym Particles,717.73,6.32,False
2023-05-03T08:00:00,Wakanda,Clean Water (L),2409.05,6.9,False
2023-05-03T08:00:00,Wakanda,Medical Kits,740.9,5.17,False
2023-05-03T08:00:00,Sokovia,Vibranium (kg),2424.76,5.75,False
2023-05-03T08:00:00,Sokovia,Arc Reactor Cores,709.34,6.9,False
2023-05-03T08:00:00,Sokovia,Pym Particles,717.87,6.32,False
2023-05-03T08:00:00,Sokovia,Clean Water (L),2412.71,6.9,False
2023-05-03T08:00:00,Sokovia,Medical Kits,741.57,5.17,False
2023-05-03T08:00:00,Sanctum Sanctorum,Vibranium (kg),2428.98,5.75,False
2023-05-03T08:00:00,Sanctum Sanctorum,Arc Reactor Cores,710.71,6.9,False
2023-05-03T08:00:00,Sanctum Sanctorum,Pym Particles,718.74,6.32,False
2023-05-03T08:00:00,Sanctum Sanctorum,Clean Water (L),2406.42,6.9,False
2023-05-03T08:00:00,Sanctum Sanctorum,Medical Kits,735.68,5.17,False
2023-05-03T08:00:00,Avengers Compound,Vibranium (kg),2431.62,5.75,False
2023-05-03T08:00:00,Avengers Compound,Arc Reactor Cores,711.53,6.9,False
2023-05-03T08:00:00,Avengers Compound,Pym Particles,720.92,6.32,False
2023-05-03T08:00:00,Avengers Compound,Clean Water (L),2408.02,6.9,False
2023-05-03T08:00:00,Avengers Compound,Medical Kits,738.11,5.17,False
2023-05-03T09:00:00,New Asgard,Vibranium (kg),2429.38,6.06,False
2023-05-03T09:00:00,New Asgard,Arc Reactor Cores,708.38,7.27,False
2023-05-03T09:00:00,New Asgard,Pym Particles,714.39,6.67,False
2023-05-03T09:00:00,New Asgard,Clean Water (L),2407.19,7.27,False
2023-05-03T09:00:00,New Asgard,Medical Kits,733.97,5.45,False
2023-05-03T09:00:00,Wakanda,Vibranium (kg),2425.11,6.06,False
2023-05-03T09:00:00,Wakanda,Arc Reactor Cores,706.8,7.27,False
2023-05-03T09:00:00,Wakanda,Pym Particles,717.24,6.67,False
2023-05-03T09:00:00,Wakanda,Clean Water (L),2407.97,7.27,False
2023-05-03T09:00:00,Wakanda,Medical Kits,739.16,5.45,False
2023-05-03T09:00:00,Sokovia,Vibranium (kg),2422.92,6.06,False
2023-05-03T09:00:00,Sokovia,Arc Reactor Cores,708.61,7.27,False
2023-05-03T09:00:00,Sokovia,Pym Particles,715.07,6.67,False
2023-05-03T09:00:00,Sokovia,Clean Water (L),2410.29,7.27,False
2023-05-03T09:00:00,Sokovia,Medical Kits,740.23,5.45,False
2023-05-03T09:00:00,Sanctum Sanctorum,Vibranium (kg),2428.02,6.06,False
2023-05-03T09:00:00,Sanctum Sanctorum,Arc Reactor Cores,709.33,7.27,False
2023-05-03T09:00:00,Sanctum Sanctorum,Pym Particles,716.18,6.67,False
2023-05-03T09:00:00,Sanctum Sanctorum,Clean Water (L),2405.23,7.27,False
2023-05-03T09:00:00,Sanctum Sanctorum,Medical Kits,732.95,5.45,False
2023-05-03T09:00:00,Avengers Compound,Vibranium (kg),2428.9,6.06,False
2023-05-03T09:00:00,Avengers Compound,Arc Reactor Cores,709.87,7.27,False
2023-05-03T09:00:00,Avengers Compound,Pym Particles,719.65,6.67,False
2023-05-03T09:00:00,Avengers Compound,Clean Water (L),2406.39,7.27,False
2023-05-03T09:00:00,Avengers Compound,Medical Kits,737.47,5.45,False
2023-05-03T10:00:00,New Asgard,Vibranium (kg),2426.03,6.3,False
2023-05-03T10:00:00,New Asgard,Arc Reactor Cores,705.31,7.56,False
2023-05-03T10:00:00,New Asgard,Pym Particles,713.27,6.93,False
2023-05-03T10:00:00,New Asgard,Clean Water (L),2405.81,7.56,False
2023-05-03T10:00:00,New Asgard,Medical Kits,731.64,5.67,False
2023-05-03T10:00:00,Wakanda,Vibranium (kg),2424.05,6.3,False
2023-05-03T10:00:00,Wakanda,Arc Reactor Cores,704.48,7.56,False
2023-05-03T10:00:00,Wakanda,Pym Particles,715.96,6.93,False
2023-05-03T10:00:00,Wakanda,Clean Water (L),2405.73,7.56,False
2023-05-03T10:00:00,Wakanda,Medical Kits,736.93,5.67,False
2023-05-03T10:00:00,Sokovia,Vibranium (kg),2420.72,6.3,False
2023-05-03T10:00:00,Sokovia,Arc Reactor Cores,707.77,7.56,False
2023-05-03T10:00:00,Sokovia,Pym Particles,713.49,6.93,False
2023-05-03T10:00:00,Sokovia,Clean Water (L),2408.75,7.56,False
2023-05-03T10:00:00,Sokovia,Medical Kits,738.27,5.67,False
2023-05-03T10:00:00,Sanctum Sanctorum,Vibranium (kg),2425.99,6.3,False
2023-05-03T10:00:00,Sanctum Sanctorum,Arc Reactor Cores,706.94,7.56,False
2023-05-03T10:00:00,Sanctum Sanctorum,Pym Particles,715.44,6.93,False
2023-05-03T10:00:00,Sanctum Sanctorum,Clean Water (L),2403.04,7.56,False
2023-05-03T10:00:00,Sanctum Sanctorum,Medical Kits,729.85,5.67,False
2023-05-03T10:00:00,Avengers Compound,Vibranium (kg),2429.03,6.3,False
2023-05-03T10:00:00,Avengers Compound,Arc Reactor Cores,706.87,7.56,False
2023-05-03T10:00:00,Avengers Compound,Pym Particles,718.13,6.93,False
2023-05-03T10:00:00,Avengers Compound,Clean Water (L),2404.36,7.56,False
2023-05-03T10:00:00,Avengers Compound,Medical Kits,735.45,5.67,False
2023-05-03T11:00:00,New Asgard,Vibranium (kg),2423.1,6.45,False
2023-05-03T11:00:00,New Asgard,Arc Reactor Cores,702.34,7.74,False
2023-05-03T11:00:00,New Asgard,Pym Particles,711.57,7.09,False
2023-05-03T11:00:00,New Asgard,Clean Water (L),2403.95,7.74,False
2023-05-03T11:00:00,New Asgard,Medical Kits,730.27,5.8,False
2023-05-03T11:00:00,Wakanda,Vibranium (kg),2421.22,6.45,False
2023-05-03T11:00:00,Wakanda,Arc Reactor Cores,702.52,7.74,False
2023-05-03T11:00:00,Wakanda,Pym Particles,714.47,7.09,False
2023-05-03T11:00:00,Wakanda,Clean Water (L),2403.64,7.74,False
2023-05-03T11:00:00,Wakanda,Medical Kits,736.61,5.8,False
2023-05-03T11:00:00,Sokovia,Vibranium (kg),2420.36,6.45,False
2023-05-03T11:00:00,Sokovia,Arc Reactor Cores,706.04,7.74,False
2023-05-03T11:00:00,Sokovia,Pym Particles,710.56,7.09,False
2023-05-03T11:00:00,Sokovia,Clean Water (L),2406.71,7.74,False
2023-05-03T11:00:00,Sokovia,Medical Kits,736.34,5.8,False
2023-05-03T11:00:00,Sanctum Sanctorum,Vibranium (kg),2423.53,6.45,False
2023-05-03T11:00:00,Sanctum Sanctorum,Arc Reactor Cores,704.41,7.74,False
2023-05-03T11:00:00,Sanctum Sanctorum,Pym Particles,713.32,7.09,False
2023-05-03T11:00:00,Sanctum Sanctorum,Clean Water (L),2399.98,7.74,False
2023-05-03T11:00:00,Sanctum Sanctorum,Medical Kits,728.82,5.8,False
2023-05-03T11:00:00,Avengers Compound,Vibranium (kg),2425.98,6.45,False
2023-05-03T11:00:00,Avengers Compound,Arc Reactor Cores,705.29,7.74,False
2023-05-03T11:00:00,Avengers Compound,Pym Particles,715.86,7.09,False
2023-05-03T11:00:00,Avengers Compound,Clean Water (L),2403.56,7.74,False
2023-05-03T11:00:00,Avengers Compound,Medical Kits,734.35,5.8,False
2023-05-03T12:00:00,New Asgard,Vibranium (kg),2421.4,6.5,False
2023-05-03T12:00:00,New Asgard,Arc Reactor Cores,700.8,7.8,False
2023-05-03T12:00:00,New Asgard,Pym Particles,709.69,7.15,False
2023-05-03T12:00:00,New Asgard,Clean Water (L),2401.74,7.8,False
2023-05-03T12:00:00,New Asgard,Medical Kits,729.96,5.85,False
2023-05-03T12:00:00,Wakanda,Vibranium (kg),2419.59,6.5,False
2023-05-03T12:00:00,Wakanda,Arc Reactor Cores,700.7,7.8,False
2023-05-03T12:00:00,Wakanda,Pym Particles,713.56,7.15,False
2023-05-03T12:00:00,Wakanda,Clean Water (L),2402.34,7.8,False
2023-05-03T12:00:00,Wakanda,Medical Kits,735.1,5.85,False
2023-05-03T12:00:00,Sokovia,Vibranium (kg),2418.35,6.5,False
2023-05-03T12:00:00,Sokovia,Arc Reactor Cores,702.88,7.8,False
2023-05-03T12:00:00,Sokovia,Pym Particles,708.03,7.15,False
2023-05-03T12:00:00,Sokovia,Clean Water (L),2404.66,7.8,False
2023-05-03T12:00:00,Sokovia,Medical Kits,734.0,5.85,False
2023-05-03T12:00:00,Sanctum Sanctorum,Vibranium (kg),2422.89,6.5,False
2023-05-03T12:00:00,Sanctum Sanctorum,Arc Reactor Cores,702.14,7.8,False
2023-05-03T12:00:00,Sanctum Sanctorum,Pym Particles,712.09,7.15,False
2023-05-03T12:00:00,Sanctum Sanctorum,Clean Water (L),2397.49,7.8,False
2023-05-03T12:00:00,Sanctum Sanctorum,Medical Kits,727.17,5.85,False
2023-05-03T12:00:00,Avengers Compound,Vibranium (kg),2424.78,6.5,False
2023-05-03T12:00:00,Avengers Compound,Arc Reactor Cores,702.16,7.8,False
2023-05-03T12:00:00,Avengers Compound,Pym Particles,713.4,7.15,False
2023-05-03T12:00:00,Avengers Compound,Clean Water (L),2400.36,7.8,False
2023-05-03T12:00:00,Avengers Compound,Medical Kits,733.45,5.85,False
2023-05-03T13:00:00,New Asgard,Vibranium (kg),2420.08,6.45,False
2023-05-03T13:00:00,New Asgard,Arc Reactor Cores,700.14,7.74,False
2023-05-03T13:00:00,New Asgard,Pym Particles,706.66,7.09,False
2023-05-03T13:00:00,New Asgard,Clean Water (L),2401.04,7.74,False
2023-05-03T13:00:00,New Asgard,Medical Kits,728.94,5.8,False
2023-05-03T13:00:00,Wakanda,Vibranium (kg),2418.71,6.45,False
2023-05-03T13:00:00,Wakanda,Arc Reactor Cores,699.05,7.74,False
2023-05-03T13:00:00,Wakanda,Pym Particles,711.17,7.09,False
2023-05-03T13:00:00,Wakanda,Clean Water (L),2401.15,7.74,False
2023-05-03T13:00:00,Wakanda,Medical Kits,735.2,5.8,False
2023-05-03T13:00:00,Sokovia,Vibranium (kg),2416.47,6.45,False
2023-05-03T13:00:00,Sokovia,Arc Reactor Cores,700.44,7.74,False
2023-05-03T13:00:00,Sokovia,Pym Particles,707.21,7.09,False
2023-05-03T13:00:00,Sokovia,Clean Water (L),2400.96,7.74,False
2023-05-03T13:00:00,Sokovia,Medical Kits,730.56,5.8,False
2023-05-03T13:00:00,Sanctum Sanctorum,Vibranium (kg),2421.51,6.45,False
2023-05-03T13:00:00,Sanctum Sanctorum,Arc Reactor Cores,701.61,7.74,False
2023-05-03T13:00:00,Sanctum Sanctorum,Pym Particles,710.78,7.09,False
2023-05-03T13:00:00,Sanctum Sanctorum,Clean Water (L),2396.99,7.74,False
2023-05-03T13:00:00,Sanctum Sanctorum,Medical Kits,725.27,5.8,False
2023-05-03T13:00:00,Avengers Compound,Vibranium (kg),2422.6,6.45,False
2023-05-03T13:00:00,Avengers Compound,Arc Reactor Cores,700.08,7.74,False
2023-05-03T13:00:00,Avengers Compound,Pym Particles,711.78,7.09,False
2023-05-03T13:00:00,Avengers Compound,Clean Water (L),2398.89,7.74,False
2023-05-03T13:00:00,Avengers Compound,Medical Kits,731.47,5.8,False
2023-05-03T14:00:00,New Asgard,Vibranium (kg),2419.28,6.3,False
2023-05-03T14:00:00,New Asgard,Arc Reactor Cores,697.86,7.56,False
2023-05-03T14:00:00,New Asgard,Pym Particles,704.05,6.93,False
2023-05-03T14:00:00,New Asgard,Clean Water (L),2399.87,7.56,False
2023-05-03T14:00:00,New Asgard,Medical Kits,728.72,5.67,False
2023-05-03T14:00:00,Wakanda,Vibranium (kg),2418.68,6.3,False
2023-05-03T14:00:00,Wakanda,Arc Reactor Cores,698.99,7.56,False
2023-05-03T14:00:00,Wakanda,Pym Particles,709.92,6.93,False
2023-05-03T14:00:00,Wakanda,Clean Water (L),2399.22,7.56,False
2023-05-03T14:00:00,Wakanda,Medical Kits,733.23,5.67,False
2023-05-03T14:00:00,Sokovia,Vibranium (kg),2416.09,6.3,False
2023-05-03T14:00:00,Sokovia,Arc Reactor Cores,698.86,7.56,False
2023-05-03T14:00:00,Sokovia,Pym Particles,707.83,6.93,False
2023-05-03T14:00:00,Sokovia,Clean Water (L),2399.82,7.56,False
2023-05-03T14:00:00,Sokovia,Medical Kits,729.61,5.67,False
2023-05-03T14:00:00,Sanctum Sanctorum,Vibranium (kg),2419.1,6.3,False
2023-05-03T14:00:00,Sanctum Sanctorum,Arc Reactor Cores,698.32,7.56,False
2023-05-03T14:00:00,Sanctum Sanctorum,Pym Particles,708.7,6.93,False
2023-05-03T14:00:00,Sanctum Sanctorum,Clean Water (L),2395.03,7.56,False
2023-05-03T14:00:00,Sanctum Sanctorum,Medical Kits,725.22,5.67,False
2023-05-03T14:00:00,Avengers Compound,Vibranium (kg),2421.53,6.3,False
2023-05-03T14:00:00,Avengers Compound,Arc Reactor Cores,697.64,7.56,False
2023-05-03T14:00:00,Avengers Compound,Pym Particles,710.72,6.93,False
2023-05-03T14:00:00,Avengers Compound,Clean Water (L),2397.59,7.56,False
2023-05-03T14:00:00,Avengers Compound,Medical Kits,730.66,5.67,False
2023-05-03T15:00:00,New Asgard,Vibranium (kg),2418.41,6.06,False
2023-05-03T15:00:00,New Asgard,Arc Reactor Cores,697.62,7.27,False
2023-05-03T15:00:00,New Asgard,Pym Particles,703.51,6.67,False
2023-05-03T15:00:00,New Asgard,Clean Water (L),2399.89,7.27,False
2023-05-03T15:00:00,New Asgard,Medical Kits,728.37,5.45,False
2023-05-03T15:00:00,Wakanda,Vibranium (kg),2417.11,6.06,False
2023-05-03T15:00:00,Wakanda,Arc Reactor Cores,697.84,7.27,False
2023-05-03T15:00:00,Wakanda,Pym Particles,709.54,6.67,False
2023-05-03T15:00:00,Wakanda,Clean Water (L),2397.18,7.27,False
2023-05-03T15:00:00,Wakanda,Medical Kits,732.5,5.45,False
2023-05-03T15:00:00,Sokovia,Vibranium (kg),2414.83,6.06,False
2023-05-03T15:00:00,Sokovia,Arc Reactor Cores,698.34,7.27,False
2023-05-03T15:00:00,Sokovia,Pym Particles,705.9,6.67,False
2023-05-03T15:00:00,Sokovia,Clean Water (L),2397.9,7.27,False
2023-05-03T15:00:00,Sokovia,Medical Kits,729.34,5.45,False
2023-05-03T15:00:00,Sanctum Sanctorum,Vibranium (kg),2418.12,6.06,False
2023-05-03T15:00:00,Sanctum Sanctorum,Arc Reactor Cores,697.5,7.27,False
2023-05-03T15:00:00,Sanctum Sanctorum,Pym Particles,709.2,6.67,False
2023-05-03T15:00:00,Sanctum Sanctorum,Clean Water (L),2394.86,7.27,False
2023-05-03T15:00:00,Sanctum Sanctorum,Medical Kits,723.87,5.45,False
2023-05-03T15:00:00,Avengers Compound,Vibranium (kg),2420.31,6.06,False
2023-05-03T15:00:00,Avengers Compound,Arc Reactor Cores,697.16,7.27,False
2023-05-03T15:00:00,Avengers Compound,Pym Particles,709.25,6.67,False
2023-05-03T15:00:00,Avengers Compound,Clean Water (L),2396.58,7.27,False
2023-05-03T15:00:00,Avengers Compound,Medical Kits,729.28,5.45,False
2023-05-03T16:00:00,New Asgard,Vibranium (kg),2417.11,5.75,False
2023-05-03T16:00:00,New Asgard,Arc Reactor Cores,696.73,6.9,False
2023-05-03T16:00:00,New Asgard,Pym Particles,701.22,6.32,False
2023-05-03T16:00:00,New Asgard,Clean Water (L),2398.63,6.9,False
2023-05-03T16:00:00,New Asgard,Medical Kits,727.79,5.17,False
2023-05-03T16:00:00,Wakanda,Vibranium (kg),2416.29,5.75,False
2023-05-03T16:00:00,Wakanda,Arc Reactor Cores,696.42,6.9,False
2023-05-03T16:00:00,Wakanda,Pym Particles,707.42,6.32,False
2023-05-03T16:00:00,Wakanda,Clean Water (L),2396.63,6.9,False
2023-05-03T16:00:00,Wakanda,Medical Kits,732.53,5.17,False
2023-05-03T16:00:00,Sokovia,Vibranium (kg),2413.93,5.75,False
2023-05-03T16:00:00,Sokovia,Arc Reactor Cores,696.74,6.9,False
2023-05-03T16:00:00,Sokovia,Pym Particles,703.5,6.32,False
2023-05-03T16:00:00,Sokovia,Clean Water (L),2396.77,6.9,False
2023-05-03T16:00:00,Sokovia,Medical Kits,728.28,5.17,False
2023-05-03T16:00:00,Sanctum Sanctorum,Vibranium (kg),2415.73,5.75,False
2023-05-03T16:00:00,Sanctum Sanctorum,Arc Reactor Cores,696.99,6.9,False
2023-05-03T16:00:00,Sanctum Sanctorum,Pym Particles,707.45,6.32,False
2023-05-03T16:00:00,Sanctum Sanctorum,Clean Water (L),2394.9,6.9,False
2023-05-03T16:00:00,Sanctum Sanctorum,Medical Kits,725.18,5.17,False
2023-05-03T16:00:00,Avengers Compound,Vibranium (kg),2419.22,5.75,False
2023-05-03T16:00:00,Avengers Compound,Arc Reactor Cores,695.39,6.9,False
2023-05-03T16:00:00,Avengers Compound,Pym Particles,708.97,6.32,False
2023-05-03T16:00:00,Avengers Compound,Clean Water (L),2397.39,6.9,False
2023-05-03T16:00:00,Avengers Compound,Medical Kits,727.85,5.17,False
2023-05-03T17:00:00,New Asgard,Vibranium (kg),2418.54,5.39,False
2023-05-03T17:00:00,New Asgard,Arc Reactor Cores,697.47,6.47,False
2023-05-03T17:00:00,New Asgard,Pym Particles,700.75,5.93,False
2023-05-03T17:00:00,New Asgard,Clean Water (L),2398.94,6.47,False
2023-05-03T17:00:00,New Asgard,Medical Kits,726.2,4.85,False
2023-05-03T17:00:00,Wakanda,Vibranium (kg),2414.78,5.39,False
2023-05-03T17:00:00,Wakanda,Arc Reactor Cores,696.07,6.47,False
2023-05-03T17:00:00,Wakanda,Pym Particles,706.31,5.93,False
2023-05-03T17:00:00,Wakanda,Clean Water (L),2396.82,6.47,False
2023-05-03T17:00:00,Wakanda,Medical Kits,733.16,4.85,False
2023-05-03T17:00:00,Sokovia,Vibranium (kg),2413.13,5.39,False
2023-05-03T17:00:00,Sokovia,Arc Reactor Cores,696.1,6.47,False
2023-05-03T17:00:00,Sokovia,Pym Particles,702.74,5.93,False
2023-05-03T17:00:00,Sokovia,Clean Water (L),2397.75,6.47,False
2023-05-03T17:00:00,Sokovia,Medical Kits,727.16,4.85,False
2023-05-03T17:00:00,Sanctum Sanctorum,Vibranium (kg),2415.29,5.39,False
2023-05-03T17:00:00,Sanctum Sanctorum,Arc Reactor Cores,696.43,6.47,False
2023-05-03T17:00:00,Sanctum Sanctorum,Pym Particles,707.07,5.93,False
2023-05-03T17:00:00,Sanctum Sanctorum,Clean Water (L),2394.07,6.47,False
2023-05-03T17:00:00,Sanctum Sanctorum,Medical Kits,724.79,4.85,False
2023-05-03T17:00:00,Avengers Compound,Vibranium (kg),2420.76,5.39,False
2023-05-03T17:00:00,Avengers Compound,Arc Reactor Cores,694.72,6.47,False
2023-05-03T17:00:00,Avengers Compound,Pym Particles,707.73,5.93,False
2023-05-03T17:00:00,Avengers Compound,Clean Water (L),2396.04,6.47,False
2023-05-03T17:00:00,Avengers Compound,Medical Kits,729.42,4.85,False
2023-05-03T18:00:00,New Asgard,Vibranium (kg),2418.94,5.0,False
2023-05-03T18:00:00,New Asgard,Arc Reactor Cores,698.01,6.0,False
2023-05-03T18:00:00,New Asgard,Pym Particles,699.61,5.5,False
2023-05-03T18:00:00,New Asgard,Clean Water (L),2398.76,6.0,False
2023-05-03T18:00:00,New Asgard,Medical Kits,727.24,4.5,False
2023-05-03T18:00:00,Wakanda,Vibranium (kg),2414.01,5.0,False
2023-05-03T18:00:00,Wakanda,Arc Reactor Cores,696.08,6.0,False
2023-05-03T18:00:00,Wakanda,Pym Particles,707.33,5.5,False
2023-05-03T18:00:00,Wakanda,Clean Water (L),2396.89,6.0,False
2023-05-03T18:00:00,Wakanda,Medical Kits,731.7,4.5,False
2023-05-03T18:00:00,Sokovia,Vibranium (kg),2412.13,5.0,False
2023-05-03T18:00:00,Sokovia,Arc Reactor Cores,696.54,6.0,False
2023-05-03T18:00:00,Sokovia,Pym Particles,702.96,5.5,False
2023-05-03T18:00:00,Sokovia,Clean Water (L),2397.5,6.0,False
2023-05-03T18:00:00,Sokovia,Medical Kits,726.92,4.5,False
2023-05-03T18:00:00,Sanctum Sanctorum,Vibranium (kg),2414.22,5.0,False
2023-05-03T18:00:00,Sanctum Sanctorum,Arc Reactor Cores,697.53,6.0,False
2023-05-03T18:00:00,Sanctum Sanctorum,Pym Particles,706.5,5.5,False
2023-05-03T18:00:00,Sanctum Sanctorum,Clean Water (L),2394.83,6.0,False
2023-05-03T18:00:00,Sanctum Sanctorum,Medical Kits,725.47,4.5,False
2023-05-03T18:00:00,Avengers Compound,Vibranium (kg),2420.32,5.0,False
2023-05-03T18:00:00,Avengers Compound,Arc Reactor Cores,696.26,6.0,False
2023-05-03T18:00:00,Avengers Compound,Pym Particles,707.43,5.5,False
2023-05-03T18:00:00,Avengers Compound,Clean Water (L),2396.02,6.0,False
2023-05-03T18:00:00,Avengers Compound,Medical Kits,729.55,4.5,False
2023-05-03T19:00:00,New Asgard,Vibranium (kg),2419.47,4.61,False
2023-05-03T19:00:00,New Asgard,Arc Reactor Cores,698.72,5.53,False
2023-05-03T19:00:00,New Asgard,Pym Particles,699.86,5.07,False
2023-05-03T19:00:00,New Asgard,Clean Water (L),2399.46,5.53,False
2023-05-03T19:00:00,New Asgard,Medical Kits,727.75,4.15,False
2023-05-03T19:00:00,Wakanda,Vibranium (kg),2414.46,4.61,False
2023-05-03T19:00:00,Wakanda,Arc Reactor Cores,696.74,5.53,False
2023-05-03T19:00:00,Wakanda,Pym Particles,707.13,5.07,False
2023-05-03T19:00:00,Wakanda,Clean Water (L),2395.94,5.53,False
2023-05-03T19:00:00,Wakanda,Medical Kits,732.71,4.15,False
2023-05-03T19:00:00,Sokovia,Vibranium (kg),2412.66,4.61,False
2023-05-03T19:00:00,Sokovia,Arc Reactor Cores,698.66,5.53,False
2023-05-03T19:00:00,Sokovia,Pym Particles,703.4,5.07,False
2023-05-03T19:00:00,Sokovia,Clean Water (L),2397.8,5.53,False
2023-05-03T19:00:00,Sokovia,Medical Kits,728.21,4.15,False
2023-05-03T19:00:00,Sanctum Sanctorum,Vibranium (kg),2414.42,4.61,False
2023-05-03T19:00:00,Sanctum Sanctorum,Arc Reactor Cores,698.56,5.53,False
2023-05-03T19:00:00,Sanctum Sanctorum,Pym Particles,705.86,5.07,False
2023-05-03T19:00:00,Sanctum Sanctorum,Clean Water (L),2394.38,5.53,False
2023-05-03T19:00:00,Sanctum Sanctorum,Medical Kits,726.13,4.15,False
2023-05-03T19:00:00,Avengers Compound,Vibranium (kg),2421.05,4.61,False
2023-05-03T19:00:00,Avengers Compound,Arc Reactor Cores,697.49,5.53,False
2023-05-03T19:00:00,Avengers Compound,Pym Particles,709.48,5.07,False
2023-05-03T19:00:00,Avengers Compound,Clean Water (L),2396.2,5.53,False
2023-05-03T19:00:00,Avengers Compound,Medical Kits,729.61,4.15,False
2023-05-03T20:00:00,New Asgard,Vibranium (kg),2419.86,4.25,False
2023-05-03T20:00:00,New Asgard,Arc Reactor Cores,701.34,5.1,False
2023-05-03T20:00:00,New Asgard,Pym Particles,701.8,4.68,False
2023-05-03T20:00:00,New Asgard,Clean Water (L),2400.36,5.1,False
2023-05-03T20:00:00,New Asgard,Medical Kits,728.54,3.83,False
2023-05-03T20:00:00,Wakanda,Vibranium (kg),2415.45,4.25,False
2023-05-03T20:00:00,Wakanda,Arc Reactor Cores,698.47,5.1,False
2023-05-03T20:00:00,Wakanda,Pym Particles,708.79,4.68,False
2023-05-03T20:00:00,Wakanda,Clean Water (L),2396.18,5.1,False
2023-05-03T20:00:00,Wakanda,Medical Kits,733.25,3.83,False
2023-05-03T20:00:00,Sokovia,Vibranium (kg),2413.84,4.25,False
2023-05-03T20:00:00,Sokovia,Arc Reactor Cores,699.71,5.1,False
2023-05-03T20:00:00,Sokovia,Pym Particles,704.76,4.68,False
2023-05-03T20:00:00,Sokovia,Clean Water (L),2398.91,5.1,False
2023-05-03T20:00:00,Sokovia,Medical Kits,729.19,3.83,False
2023-05-03T20:00:00,Sanctum Sanctorum,Vibranium (kg),2415.42,4.25,False
2023-05-03T20:00:00,Sanctum Sanctorum,Arc Reactor Cores,699.86,5.1,False
2023-05-03T20:00:00,Sanctum Sanctorum,Pym Particles,707.71,4.68,False
2023-05-03T20:00:00,Sanctum Sanctorum,Clean Water (L),2396.52,5.1,False
2023-05-03T20:00:00,Sanctum Sanctorum,Medical Kits,727.07,3.83,False
2023-05-03T20:00:00,Avengers Compound,Vibranium (kg),2422.54,4.25,False
2023-05-03T20:00:00,Avengers Compound,Arc Reactor Cores,697.8,5.1,False
2023-05-03T20:00:00,Avengers Compound,Pym Particles,710.13,4.68,False
2023-05-03T20:00:00,Avengers Compound,Clean Water (L),2397.4,5.1,False
2023-05-03T20:00:00,Avengers Compound,Medical Kits,731.58,3.83,False
2023-05-03T21:00:00,New Asgard,Vibranium (kg),2420.8,3.94,False
2023-05-03T21:00:00,New Asgard,Arc Reactor Cores,702.56,4.73,False
2023-05-03T21:00:00,New Asgard,Pym Particles,705.1,4.33,False
2023-05-03T21:00:00,New Asgard,Clean Water (L),2400.97,4.73,False
2023-05-03T21:00:00,New Asgard,Medical Kits,730.17,3.55,False
2023-05-03T21:00:00,Wakanda,Vibranium (kg),2417.66,3.94,False
2023-05-03T21:00:00,Wakanda,Arc Reactor Cores,699.35,4.73,False
2023-05-03T21:00:00,Wakanda,Pym Particles,709.52,4.33,False
2023-05-03T21:00:00,Wakanda,Clean Water (L),2398.45,4.73,False
2023-05-03T21:00:00,Wakanda,Medical Kits,734.67,3.55,False
2023-05-03T21:00:00,Sokovia,Vibranium (kg),2416.82,3.94,False
2023-05-03T21:00:00,Sokovia,Arc Reactor Cores,700.5,4.73,False
2023-05-03T21:00:00,Sokovia,Pym Particles,706.14,4.33,False
2023-05-03T21:00:00,Sokovia,Clean Water (L),2401.04,4.73,False
2023-05-03T21:00:00,Sokovia,Medical Kits,731.98,3.55,False
2023-05-03T21:00:00,Sanctum Sanctorum,Vibranium (kg),2416.88,3.94,False
2023-05-03T21:00:00,Sanctum Sanctorum,Arc Reactor Cores,700.56,4.73,False
2023-05-03T21:00:00,Sanctum Sanctorum,Pym Particles,709.7,4.33,False
2023-05-03T21:00:00,Sanctum Sanctorum,Clean Water (L),2398.67,4.73,False
2023-05-03T21:00:00,Sanctum Sanctorum,Medical Kits,728.57,3.55,False
2023-05-03T21:00:00,Avengers Compound,Vibranium (kg),2424.69,3.94,False
2023-05-03T21:00:00,Avengers Compound,Arc Reactor Cores,699.8,4.73,False
2023-05-03T21:00:00,Avengers Compound,Pym Particles,710.87,4.33,False
2023-05-03T21:00:00,Avengers Compound,Clean Water (L),2398.7,4.73,False
2023-05-03T21:00:00,Avengers Compound,Medical Kits,733.12,3.55,False
2023-05-03T22:00:00,New Asgard,Vibranium (kg),2422.69,3.7,False
2023-05-03T22:00:00,New Asgard,Arc Reactor Cores,705.49,4.44,False
2023-05-03T22:00:00,New Asgard,Pym Particles,706.97,4.07,False
2023-05-03T22:00:00,New Asgard,Clean Water (L),2402.21,4.44,False
2023-05-03T22:00:00,New Asgard,Medical Kits,731.37,3.33,False
2023-05-03T22:00:00,Wakanda,Vibranium (kg),2418.29,3.7,False
2023-05-03T22:00:00,Wakanda,Arc Reactor Cores,701.33,4.44,False
2023-05-03T22:00:00,Wakanda,Pym Particles,711.14,4.07,False
2023-05-03T22:00:00,Wakanda,Clean Water (L),2400.22,4.44,False
2023-05-03T22:00:00,Wakanda,Medical Kits,736.59,3.33,False
2023-05-03T22:00:00,Sokovia,Vibranium (kg),2417.43,3.7,False
2023-05-03T22:00:00,Sokovia,Arc Reactor Cores,702.03,4.44,False
2023-05-03T22:00:00,Sokovia,Pym Particles,708.61,4.07,False
2023-05-03T22:00:00,Sokovia,Clean Water (L),2401.12,4.44,False
2023-05-03T22:00:00,Sokovia,Medical Kits,732.4,3.33,False
2023-05-03T22:00:00,Sanctum Sanctorum,Vibranium (kg),2418.8,3.7,False
2023-05-03T22:00:00,Sanctum Sanctorum,Arc Reactor Cores,701.02,4.44,False
2023-05-03T22:00:00,Sanctum Sanctorum,Pym Particles,711.46,4.07,False
2023-05-03T22:00:00,Sanctum Sanctorum,Clean Water (L),2400.83,4.44,False
2023-05-03T22:00:00,Sanctum Sanctorum,Medical Kits,729.74,3.33,False
2023-05-03T22:00:00,Avengers Compound,Vibranium (kg),2425.83,3.7,False
2023-05-03T22:00:00,Avengers Compound,Arc Reactor Cores,700.95,4.44,False
2023-05-03T22:00:00,Avengers Compound,Pym Particles,711.71,4.07,False
2023-05-03T22:00:00,Avengers Compound,Clean Water (L),2400.25,4.44,False
2023-05-03T22:00:00,Avengers Compound,Medical Kits,734.39,3.33,False
2023-05-03T23:00:00,New Asgard,Vibranium (kg),2424.1,3.55,False
2023-05-03T23:00:00,New Asgard,Arc Reactor Cores,707.7,4.26,False
2023-05-03T23:00:00,New Asgard,Pym Particles,709.86,3.91,False
2023-05-03T23:00:00,New Asgard,Clean Water (L),2403.01,4.26,False
2023-05-03T23:00:00,New Asgard,Medical Kits,733.49,3.2,False
2023-05-03T23:00:00,Wakanda,Vibranium (kg),2419.12,3.55,False
2023-05-03T23:00:00,Wakanda,Arc Reactor Cores,702.09,4.26,False
2023-05-03T23:00:00,Wakanda,Pym Particles,713.11,3.91,False
2023-05-03T23:00:00,Wakanda,Clean Water (L),2402.33,4.26,False
2023-05-03T23:00:00,Wakanda,Medical Kits,738.09,3.2,False
2023-05-03T23:00:00,Sokovia,Vibranium (kg),2418.63,3.55,False
2023-05-03T23:00:00,Sokovia,Arc Reactor Cores,705.54,4.26,False
2023-05-03T23:00:00,Sokovia,Pym Particles,710.51,3.91,False
2023-05-03T23:00:00,Sokovia,Clean Water (L),2403.31,4.26,False
2023-05-03T23:00:00,Sokovia,Medical Kits,734.47,3.2,False
2023-05-03T23:00:00,Sanctum Sanctorum,Vibranium (kg),2420.34,3.55,False
2023-05-03T23:00:00,Sanctum Sanctorum,Arc Reactor Cores,702.84,4.26,False
2023-05-03T23:00:00,Sanctum Sanctorum,Pym Particles,712.56,3.91,False
2023-05-03T23:00:00,Sanctum Sanctorum,Clean Water (L),2402.49,4.26,False
2023-05-03T23:00:00,Sanctum Sanctorum,Medical Kits,730.79,3.2,False
2023-05-03T23:00:00,Avengers Compound,Vibranium (kg),2426.52,3.55,False
2023-05-03T23:00:00,Avengers Compound,Arc Reactor Cores,703.87,4.26,False
2023-05-03T23:00:00,Avengers Compound,Pym Particles,713.11,3.91,False
2023-05-03T23:00:00,Avengers Compound,Clean Water (L),2403.86,4.26,False
2023-05-03T23:00:00,Avengers Compound,Medical Kits,735.38,3.2,False
2023-05-04T00:00:00,New Asgard,Vibranium (kg),2425.34,3.5,False
2023-05-04T00:00:00,New Asgard,Arc Reactor Cores,709.89,4.2,False
2023-05-04T00:00:00,New Asgard,Pym Particles,712.64,3.85,False
2023-05-04T00:00:00,New Asgard,Clean Water (L),2405.89,4.2,False
2023-05-04T00:00:00,New Asgard,Medical Kits,735.1,3.15,False
2023-05-04T00:00:00,Wakanda,Vibranium (kg),2422.12,3.5,False
2023-05-04T00:00:00,Wakanda,Arc Reactor Cores,703.41,4.2,False
2023-05-04T00:00:00,Wakanda,Pym Particles,713.3,3.85,False
2023-05-04T00:00:00,Wakanda,Clean Water (L),2403.79,4.2,False
2023-05-04T00:00:00,Wakanda,Medical Kits,740.27,3.15,False
2023-05-04T00:00:00,Sokovia,Vibranium (kg),2420.13,3.5,False
2023-05-04T00:00:00,Sokovia,Arc Reactor Cores,707.91,4.2,False
2023-05-04T00:00:00,Sokovia,Pym Particles,711.52,3.85,False
2023-05-04T00:00:00,Sokovia,Clean Water (L),2405.52,4.2,False
2023-05-04T00:00:00,Sokovia,Medical Kits,736.87,3.15,False
2023-05-04T00:00:00,Sanctum Sanctorum,Vibranium (kg),2421.65,3.5,False
2023-05-04T00:00:00,Sanctum Sanctorum,Arc Reactor Cores,702.98,4.2,False
2023-05-04T00:00:00,Sanctum Sanctorum,Pym Particles,715.29,3.85,False
2023-05-04T00:00:00,Sanctum Sanctorum,Clean Water (L),2402.8,4.2,False
2023-05-04T00:00:00,Sanctum Sanctorum,Medical Kits,732.02,3.15,False
2023-05-04T00:00:00,Avengers Compound,Vibranium (kg),2427.86,3.5,False
2023-05-04T00:00:00,Avengers Compound,Arc Reactor Cores,706.75,4.2,False
2023-05-04T00:00:00,Avengers Compound,Pym Particles,714.09,3.85,False
2023-05-04T00:00:00,Avengers Compound,Clean Water (L),2405.56,4.2,False
2023-05-04T00:00:00,Avengers Compound,Medical Kits,737.96,3.15,False
2023-05-04T01:00:00,New Asgard,Vibranium (kg),2425.28,3.55,False
2023-05-04T01:00:00,New Asgard,Arc Reactor Cores,710.08,4.26,False
2023-05-04T01:00:00,New Asgard,Pym Particles,715.28,3.91,False
2023-05-04T01:00:00,New Asgard,Clean Water (L),2409.26,4.26,False
2023-05-04T01:00:00,New Asgard,Medical Kits,737.26,3.2,False
2023-05-04T01:00:00,Wakanda,Vibranium (kg),2423.8,3.55,False
2023-05-04T01:00:00,Wakanda,Arc Reactor Cores,705.99,4.26,False
2023-05-04T01:00:00,Wakanda,Pym Particles,715.14,3.91,False
2023-05-04T01:00:00,Wakanda,Clean Water (L),2405.19,4.26,False
2023-05-04T01:00:00,Wakanda,Medical Kits,740.66,3.2,False
2023-05-04T01:00:00,Sokovia,Vibranium (kg),2422.46,3.55,False
2023-05-04T01:00:00,Sokovia,Arc Reactor Cores,709.09,4.26,False
2023-05-04T01:00:00,Sokovia,Pym Particles,712.75,3.91,False
2023-05-04T01:00:00,Sokovia,Clean Water (L),2405.72,4.26,False
2023-05-04T01:00:00,Sokovia,Medical Kits,738.04,3.2,False
2023-05-04T01:00:00,Sanctum Sanctorum,Vibranium (kg),2422.09,3.55,False
2023-05-04T01:00:00,Sanctum Sanctorum,Arc Reactor Cores,704.69,4.26,False
2023-05-04T01:00:00,Sanctum Sanctorum,Pym Particles,716.38,3.91,False
2023-05-04T01:00:00,Sanctum Sanctorum,Clean Water (L),2403.54,4.26,False
2023-05-04T01:00:00,Sanctum Sanctorum,Medical Kits,734.57,3.2,False
2023-05-04T01:00:00,Avengers Compound,Vibranium (kg),2429.05,3.55,False
2023-05-04T01:00:00,Avengers Compound,Arc Reactor Cores,708.23,4.26,False
2023-05-04T01:00:00,Avengers Compound,Pym Particles,713.75,3.91,False
2023-05-04T01:00:00,Avengers Compound,Clean Water (L),2407.53,4.26,False
2023-05-04T01:00:00,Avengers Compound,Medical Kits,738.17,3.2,False
2023-05-04T02:00:00,New Asgard,Vibranium (kg),2426.28,3.7,False
2023-05-04T02:00:00,New Asgard,Arc Reactor Cores,711.16,4.44,False
2023-05-04T02:00:00,New Asgard,Pym Particles,716.19,4.07,False
2023-05-04T02:00:00,New Asgard,Clean Water (L),2411.42,4.44,False
2023-05-04T02:00:00,New Asgard,Medical Kits,737.6,3.33,False
2023-05-04T02:00:00,Wakanda,Vibranium (kg),2425.01,3.7,False
2023-05-04T02:00:00,Wakanda,Arc Reactor Cores,709.0,4.44,False
2023-05-04T02:00:00,Wakanda,Pym Particles,715.5,4.07,False
2023-05-04T02:00:00,Wakanda,Clean Water (L),2406.13,4.44,False
2023-05-04T02:00:00,Wakanda,Medical Kits,740.69,3.33,False
2023-05-04T02:00:00,Sokovia,Vibranium (kg),2425.13,3.7,False
2023-05-04T02:00:00,Sokovia,Arc Reactor Cores,711.75,4.44,False
2023-05-04T02:00:00,Sokovia,Pym Particles,715.52,4.07,False
2023-05-04T02:00:00,Sokovia,Clean Water (L),2408.46,4.44,False
2023-05-04T02:00:00,Sokovia,Medical Kits,739.83,3.33,False
2023-05-04T02:00:00,Sanctum Sanctorum,Vibranium (kg),2421.75,3.7,False
2023-05-04T02:00:00,Sanctum Sanctorum,Arc Reactor Cores,705.25,4.44,False
2023-05-04T02:00:00,Sanctum Sanctorum,Pym Particles,717.8,4.07,False
2023-05-04T02:00:00,Sanctum Sanctorum,Clean Water (L),2403.41,4.44,False
2023-05-04T02:00:00,Sanctum Sanctorum,Medical Kits,736.5,3.33,False
2023-05-04T02:00:00,Avengers Compound,Vibranium (kg),2429.45,3.7,False
2023-05-04T02:00:00,Avengers Compound,Arc Reactor Cores,708.46,4.44,False
2023-05-04T02:00:00,Avengers Compound,Pym Particles,714.85,4.07,False
2023-05-04T02:00:00,Avengers Compound,Clean Water (L),2407.92,4.44,False
2023-05-04T02:00:00,Avengers Compound,Medical Kits,739.08,3.33,False
2023-05-04T03:00:00,New Asgard,Vibranium (kg),2426.12,3.94,False
2023-05-04T03:00:00,New Asgard,Arc Reactor Cores,710.03,4.73,False
2023-05-04T03:00:00,New Asgard,Pym Particles,716.02,4.33,False
2023-05-04T03:00:00,New Asgard,Clean Water (L),2412.73,4.73,False
2023-05-04T03:00:00,New Asgard,Medical Kits,738.65,3.55,False
2023-05-04T03:00:00,Wakanda,Vibranium (kg),2425.55,3.94,False
2023-05-04T03:00:00,Wakanda,Arc Reactor Cores,708.95,4.73,False
2023-05-04T03:00:00,Wakanda,Pym Particles,716.13,4.33,False
2023-05-04T03:00:00,Wakanda,Clean Water (L),2405.31,4.73,False
2023-05-04T03:00:00,Wakanda,Medical Kits,741.84,3.55,False
2023-05-04T03:00:00,Sokovia,Vibranium (kg),2426.24,3.94,False
2023-05-04T03:00:00,Sokovia,Arc Reactor Cores,711.91,4.73,False
2023-05-04T03:00:00,Sokovia,Pym Particles,714.73,4.33,False
2023-05-04T03:00:00,Sokovia,Clean Water (L),2408.95,4.73,False
2023-05-04T03:00:00,Sokovia,Medical Kits,740.81,3.55,False
2023-05-04T03:00:00,Sanctum Sanctorum,Vibranium (kg),2422.17,3.94,False
2023-05-04T03:00:00,Sanctum Sanctorum,Arc Reactor Cores,705.77,4.73,False
2023-05-04T03:00:00,Sanctum Sanctorum,Pym Particles,719.43,4.33,False
2023-05-04T03:00:00,Sanctum Sanctorum,Clean Water (L),2406.19,4.73,False
2023-05-04T03:00:00,Sanctum Sanctorum,Medical Kits,735.95,3.55,False
2023-05-04T03:00:00,Avengers Compound,Vibranium (kg),2428.91,3.94,False
2023-05-04T03:00:00,Avengers Compound,Arc Reactor Cores,710.03,4.73,False
2023-05-04T03:00:00,Avengers Compound,Pym Particles,715.11,4.33,False
2023-05-04T03:00:00,Avengers Compound,Clean Water (L),2407.66,4.73,False
2023-05-04T03:00:00,Avengers Compound,Medical Kits,740.42,3.55,False
2023-05-04T04:00:00,New Asgard,Vibranium (kg),2426.05,4.25,False
2023-05-04T04:00:00,New Asgard,Arc Reactor Cores,709.9,5.1,False
2023-05-04T04:00:00,New Asgard,Pym Particles,716.84,4.68,False
2023-05-04T04:00:00,New Asgard,Clean Water (L),2413.28,5.1,False
2023-05-04T04:00:00,New Asgard,Medical Kits,739.18,3.83,False
2023-05-04T04:00:00,Wakanda,Vibranium (kg),2426.08,4.25,False
2023-05-04T04:00:00,Wakanda,Arc Reactor Cores,709.24,5.1,False
2023-05-04T04:00:00,Wakanda,Pym Particles,717.58,4.68,False
2023-05-04T04:00:00,Wakanda,Clean Water (L),2405.78,5.1,False
2023-05-04T04:00:00,Wakanda,Medical Kits,743.44,3.83,False
2023-05-04T04:00:00,Sokovia,Vibranium (kg),2427.42,4.25,False
2023-05-04T04:00:00,Sokovia,Arc Reactor Cores,713.4,5.1,False
2023-05-04T04:00:00,Sokovia,Pym Particles,714.66,4.68,False
2023-05-04T04:00:00,Sokovia,Clean Water (L),2410.6,5.1,False
2023-05-04T04:00:00,Sokovia,Medical Kits,741.01,3.83,False
2023-05-04T04:00:00,Sanctum Sanctorum,Vibranium (kg),2422.52,4.25,False
2023-05-04T04:00:00,Sanctum Sanctorum,Arc Reactor Cores,705.95,5.1,False
2023-05-04T04:00:00,Sanctum Sanctorum,Pym Particles,720.39,4.68,False
2023-05-04T04:00:00,Sanctum Sanctorum,Clean Water (L),2407.54,5.1,False
2023-05-04T04:00:00,Sanctum Sanctorum,Medical Kits,736.77,3.83,False
2023-05-04T04:00:00,Avengers Compound,Vibranium (kg),2429.15,4.25,False
2023-05-04T04:00:00,Avengers Compound,Arc Reactor Cores,710.48,5.1,False
2023-05-04T04:00:00,Avengers Compound,Pym Particles,715.39,4.68,False
2023-05-04T04:00:00,Avengers Compound,Clean Water (L),2408.39,5.1,False
2023-05-04T04:00:00,Avengers Compound,Medical Kits,740.77,3.83,False
2023-05-04T05:00:00,New Asgard,Vibranium (kg),2427.81,4.61,False
2023-05-04T05:00:00,New Asgard,Arc Reactor Cores,708.45,5.53,False
2023-05-04T05:00:00,New Asgard,Pym Particles,716.23,5.07,False
2023-05-04T05:00:00,New Asgard,Clean Water (L),2413.79,5.53,False
2023-05-04T05:00:00,New Asgard,Medical Kits,738.34,4.15,False
2023-05-04T05:00:00,Wakanda,Vibranium (kg),2426.21,4.61,False
2023-05-04T05:00:00,Wakanda,Arc Reactor Cores,709.12,5.53,False
2023-05-04T05:00:00,Wakanda,Pym Particles,717.6,5.07,False
2023-05-04T05:00:00,Wakanda,Clean Water (L),2405.83,5.53,False
2023-05-04T05:00:00,Wakanda,Medical Kits,744.48,4.15,False
2023-05-04T05:00:00,Sokovia,Vibranium (kg),2427.22,4.61,False
2023-05-04T05:00:00,Sokovia,Arc Reactor Cores,713.14,5.53,False
2023-05-04T05:00:00,Sokovia,Pym Particles,716.15,5.07,False
2023-05-04T05:00:00,Sokovia,Clean Water (L),2411.65,5.53,False
2023-05-04T05:00:00,Sokovia,Medical Kits,740.61,4.15,False
2023-05-04T05:00:00,Sanctum Sanctorum,Vibranium (kg),2423.11,4.61,False
2023-05-04T05:00:00,Sanctum Sanctorum,Arc Reactor Cores,705.8,5.53,False
2023-05-04T05:00:00,Sanctum Sanctorum,Pym Particles,720.99,5.07,False
2023-05-04T05:00:00,Sanctum Sanctorum,Clean Water (L),2408.16,5.53,False
2023-05-04T05:00:00,Sanctum Sanctorum,Medical Kits,736.99,4.15,False
2023-05-04T05:00:00,Avengers Compound,Vibranium (kg),2430.67,4.61,False
2023-05-04T05:00:00,Avengers Compound,Arc Reactor Cores,709.91,5.53,False
2023-05-04T05:00:00,Avengers Compound,Pym Particles,715.91,5.07,False
2023-05-04T05:00:00,Avengers Compound,Clean Water (L),2408.81,5.53,False
2023-05-04T05:00:00,Avengers Compound,Medical Kits,741.0,4.15,False
2023-05-04T06:00:00,New Asgard,Vibranium (kg),2428.1,5.0,False
2023-05-04T06:00:00,New Asgard,Arc Reactor Cores,707.8,6.0,False
2023-05-04T06:00:00,New Asgard,Pym Particles,715.4,5.5,False
2023-05-04T06:00:00,New Asgard,Clean Water (L),2413.37,6.0,False
2023-05-04T06:00:00,New Asgard,Medical Kits,738.01,4.5,False
2023-05-04T06:00:00,Wakanda,Vibranium (kg),2427.13,5.0,False
2023-05-04T06:00:00,Wakanda,Arc Reactor Cores,709.18,6.0,False
2023-05-04T06:00:00,Wakanda,Pym Particles,716.68,5.5,False
2023-05-04T06:00:00,Wakanda,Clean Water (L),2405.27,6.0,False
2023-05-04T06:00:00,Wakanda,Medical Kits,743.08,4.5,False
2023-05-04T06:00:00,Sokovia,Vibranium (kg),2427.41,5.0,False
2023-05-04T06:00:00,Sokovia,Arc Reactor Cores,712.44,6.0,False
2023-05-04T06:00:00,Sokovia,Pym Particles,717.74,5.5,False
2023-05-04T06:00:00,Sokovia,Clean Water (L),2410.14,6.0,False
2023-05-04T06:00:00,Sokovia,Medical Kits,741.51,4.5,False
2023-05-04T06:00:00,Sanctum Sanctorum,Vibranium (kg),2421.84,5.0,False
2023-05-04T06:00:00,Sanctum Sanctorum,Arc Reactor Cores,705.86,6.0,False
2023-05-04T06:00:00,Sanctum Sanctorum,Pym Particles,721.19,5.5,False
2023-05-04T06:00:00,Sanctum Sanctorum,Clean Water (L),2408.65,6.0,False
2023-05-04T06:00:00,Sanctum Sanctorum,Medical Kits,736.09,4.5,False
2023-05-04T06:00:00,Avengers Compound,Vibranium (kg),2429.69,5.0,False
2023-05-04T06:00:00,Avengers Compound,Arc Reactor Cores,709.8,6.0,False
2023-05-04T06:00:00,Avengers Compound,Pym Particles,715.43,5.5,False
2023-05-04T06:00:00,Avengers Compound,Clean Water (L),2407.95,6.0,False
2023-05-04T06:00:00,Avengers Compound,Medical Kits,739.79,4.5,False
2023-05-04T07:00:00,New Asgard,Vibranium (kg),2427.38,5.39,False
2023-05-04T07:00:00,New Asgard,Arc Reactor Cores,706.64,6.47,False
2023-05-04T07:00:00,New Asgard,Pym Particles,715.06,5.93,False
2023-05-04T07:00:00,New Asgard,Clean Water (L),2411.27,6.47,False
2023-05-04T07:00:00,New Asgard,Medical Kits,737.6,4.85,False
2023-05-04T07:00:00,Wakanda,Vibranium (kg),2426.03,5.39,False
2023-05-04T07:00:00,Wakanda,Arc Reactor Cores,707.02,6.47,False
2023-05-04T07:00:00,Wakanda,Pym Particles,716.71,5.93,False
2023-05-04T07:00:00,Wakanda,Clean Water (L),2405.43,6.47,False
2023-05-04T07:00:00,Wakanda,Medical Kits,742.34,4.85,False
2023-05-04T07:00:00,Sokovia,Vibranium (kg),2427.41,5.39,False
2023-05-04T07:00:00,Sokovia,Arc Reactor Cores,712.67,6.47,False
2023-05-04T07:00:00,Sokovia,Pym Particles,717.39,5.93,False
2023-05-04T07:00:00,Sokovia,Clean Water (L),2408.82,6.47,False
2023-05-04T07:00:00,Sokovia,Medical Kits,740.77,4.85,False
2023-05-04T07:00:00,Sanctum Sanctorum,Vibranium (kg),2420.8,5.39,False
2023-05-04T07:00:00,Sanctum Sanctorum,Arc Reactor Cores,704.47,6.47,False
2023-05-04T07:00:00,Sanctum Sanctorum,Pym Particles,720.82,5.93,False
2023-05-04T07:00:00,Sanctum Sanctorum,Clean Water (L),2407.61,6.47,False
2023-05-04T07:00:00,Sanctum Sanctorum,Medical Kits,734.94,4.85,False
2023-05-04T07:00:00,Avengers Compound,Vibranium (kg),2428.56,5.39,False
2023-05-04T07:00:00,Avengers Compound,Arc Reactor Cores,709.22,6.47,False
2023-05-04T07:00:00,Avengers Compound,Pym Particles,716.05,5.93,False
2023-05-04T07:00:00,Avengers Compound,Clean Water (L),2407.56,6.47,False
2023-05-04T07:00:00,Avengers Compound,Medical Kits,739.89,4.85,False
2023-05-04T08:00:00,New Asgard,Vibranium (kg),2426.77,5.75,False
2023-05-04T08:00:00,New Asgard,Arc Reactor Cores,706.15,6.9,False
2023-05-04T08:00:00,New Asgard,Pym Particles,712.85,6.32,False
2023-05-04T08:00:00,New Asgard,Clean Water (L),2409.04,6.9,False
2023-05-04T08:00:00,New Asgard,Medical Kits,734.99,5.17,False
2023-05-04T08:00:00,Wakanda,Vibranium (kg),2424.67,5.75,False
2023-05-04T08:00:00,Wakanda,Arc Reactor Cores,705.71,6.9,False
2023-05-04T08:00:00,Wakanda,Pym Particles,716.22,6.32,False
2023-05-04T08:00:00,Wakanda,Clean Water (L),2405.22,6.9,False
2023-05-04T08:00:00,Wakanda,Medical Kits,740.51,5.17,False
2023-05-04T08:00:00,Sokovia,Vibranium (kg),2426.9,5.75,False
2023-05-04T08:00:00,Sokovia,Arc Reactor Cores,710.9,6.9,False
2023-05-04T08:00:00,Sokovia,Pym Particles,716.03,6.32,False
2023-05-04T08:00:00,Sokovia,Clean Water (L),2407.88,6.9,False
2023-05-04T08:00:00,Sokovia,Medical Kits,739.84,5.17,False
2023-05-04T08:00:00,Sanctum Sanctorum,Vibranium (kg),2420.69,5.75,False
2023-05-04T08:00:00,Sanctum Sanctorum,Arc Reactor Cores,703.95,6.9,False
2023-05-04T08:00:00,Sanctum Sanctorum,Pym Particles,720.13,6.32,False
2023-05-04T08:00:00,Sanctum Sanctorum,Clean Water (L),2405.85,6.9,False
2023-05-04T08:00:00,Sanctum Sanctorum,Medical Kits,735.76,5.17,False
2023-05-04T08:00:00,Avengers Compound,Vibranium (kg),2425.84,5.75,False
2023-05-04T08:00:00,Avengers Compound,Arc Reactor Cores,708.01,6.9,False
2023-05-04T08:00:00,Avengers Compound,Pym Particles,714.01,6.32,False
2023-05-04T08:00:00,Avengers Compound,Clean Water (L),2405.82,6.9,False
2023-05-04T08:00:00,Avengers Compound,Medical Kits,739.57,5.17,False
2023-05-04T09:00:00,New Asgard,Vibranium (kg),2424.9,6.06,False
2023-05-04T09:00:00,New Asgard,Arc Reactor Cores,705.22,7.27,False
2023-05-04T09:00:00,New Asgard,Pym Particles,711.43,6.67,False
2023-05-04T09:00:00,New Asgard,Clean Water (L),2407.31,7.27,False
2023-05-04T09:00:00,New Asgard,Medical Kits,733.94,5.45,False
2023-05-04T09:00:00,Wakanda,Vibranium (kg),2424.04,6.06,False
2023-05-04T09:00:00,Wakanda,Arc Reactor Cores,703.77,7.27,False
2023-05-04T09:00:00,Wakanda,Pym Particles,713.77,6.67,False
2023-05-04T09:00:00,Wakanda,Clean Water (L),2403.12,7.27,False
2023-05-04T09:00:00,Wakanda,Medical Kits,739.98,5.45,False
2023-05-04T09:00:00,Sokovia,Vibranium (kg),2425.37,6.06,False
2023-05-04T09:00:00,Sokovia,Arc Reactor Cores,709.97,7.27,False
2023-05-04T09:00:00,Sokovia,Pym Particles,715.99,6.67,False
2023-05-04T09:00:00,Sokovia,Clean Water (L),2407.12,7.27,False
2023-05-04T09:00:00,Sokovia,Medical Kits,737.72,5.45,False
2023-05-04T09:00:00,Sanctum Sanctorum,Vibranium (kg),2420.58,6.06,False
2023-05-04T09:00:00,Sanctum Sanctorum,Arc Reactor Cores,702.46,7.27,False
2023-05-04T09:00:00,Sanctum Sanctorum,Pym Particles,716.7,6.67,False
2023-05-04T09:00:00,Sanctum Sanctorum,Clean Water (L),2403.82,7.27,False
2023-05-04T09:00:00,Sanctum Sanctorum,Medical Kits,734.07,5.45,False
2023-05-04T09:00:00,Avengers Compound,Vibranium (kg),2424.59,6.06,False
2023-05-04T09:00:00,Avengers Compound,Arc Reactor Cores,706.54,7.27,False
2023-05-04T09:00:00,Avengers Compound,Pym Particles,712.71,6.67,False
2023-05-04T09:00:00,Avengers Compound,Clean Water (L),2404.0,7.27,False
2023-05-04T09:00:00,Avengers Compound,Medical Kits,738.35,5.45,False
2023-05-04T10:00:00,New Asgard,Vibranium (kg),2423.36,6.3,False
2023-05-04T10:00:00,New Asgard,Arc Reactor Cores,701.94,7.56,False
2023-05-04T10:00:00,New Asgard,Pym Particles,710.27,6.93,False
2023-05-04T10:00:00,New Asgard,Clean Water (L),2405.15,7.56,False
2023-05-04T10:00:00,New Asgard,Medical Kits,733.21,5.67,False
2023-05-04T10:00:00,Wakanda,Vibranium (kg),2421.58,6.3,False
2023-05-04T10:00:00,Wakanda,Arc Reactor Cores,702.82,7.56,False
2023-05-04T10:00:00,Wakanda,Pym Particles,711.7,6.93,False
2023-05-04T10:00:00,Wakanda,Clean Water (L),2401.37,7.56,False
2023-05-04T10:00:00,Wakanda,Medical Kits,737.65,5.67,False
2023-05-04T10:00:00,Sokovia,Vibranium (kg),2423.9,6.3,False
2023-05-04T10:00:00,Sokovia,Arc Reactor Cores,707.33,7.56,False
2023-05-04T10:00:00,Sokovia,Pym Particles,713.61,6.93,False
2023-05-04T10:00:00,Sokovia,Clean Water (L),2403.75,7.56,False
2023-05-04T10:00:00,Sokovia,Medical Kits,735.64,5.67,False
2023-05-04T10:00:00,Sanctum Sanctorum,Vibranium (kg),2418.92,6.3,False
2023-05-04T10:00:00,Sanctum Sanctorum,Arc Reactor Cores,700.42,7.56,False
2023-05-04T10:00:00,Sanctum Sanctorum,Pym Particles,714.7,6.93,False
2023-05-04T10:00:00,Sanctum Sanctorum,Clean Water (L),2401.65,7.56,False
2023-05-04T10:00:00,Sanctum Sanctorum,Medical Kits,731.54,5.67,False
2023-05-04T10:00:00,Avengers Compound,Vibranium (kg),2423.06,6.3,False
2023-05-04T10:00:00,Avengers Compound,Arc Reactor Cores,706.45,7.56,False
2023-05-04T10:00:00,Avengers Compound,Pym Particles,710.98,6.93,False
2023-05-04T10:00:00,Avengers Compound,Clean Water (L),2402.22,7.56,False
2023-05-04T10:00:00,Avengers Compound,Medical Kits,737.11,5.67,False
2023-05-04T11:00:00,New Asgard,Vibranium (kg),2420.78,6.45,False
2023-05-04T11:00:00,New Asgard,Arc Reactor Cores,700.27,7.74,False
2023-05-04T11:00:00,New Asgard,Pym Particles,709.4,7.09,False
2023-05-04T11:00:00,New Asgard,Clean Water (L),2402.34,7.74,False
2023-05-04T11:00:00,New Asgard,Medical Kits,731.74,5.8,False
2023-05-04T11:00:00,Wakanda,Vibranium (kg),2418.93,6.45,False
2023-05-04T11:00:00,Wakanda,Arc Reactor Cores,700.2,7.74,False
2023-05-04T11:00:00,Wakanda,Pym Particles,709.09,7.09,False
2023-05-04T11:00:00,Wakanda,Clean Water (L),2399.19,7.74,False
2023-05-04T11:00:00,Wakanda,Medical Kits,736.38,5.8,False
2023-05-04T11:00:00,Sokovia,Vibranium (kg),2422.75,6.45,False
2023-05-04T11:00:00,Sokovia,Arc Reactor Cores,704.5,7.74,False
2023-05-04T11:00:00,Sokovia,Pym Particles,711.59,7.09,False
2023-05-04T11:00:00,Sokovia,Clean Water (L),2400.7,7.74,False
2023-05-04T11:00:00,Sokovia,Medical Kits,732.2,5.8,False
2023-05-04T11:00:00,Sanctum Sanctorum,Vibranium (kg),2417.98,6.45,False
2023-05-04T11:00:00,Sanctum Sanctorum,Arc Reactor Cores,699.54,7.74,False
2023-05-04T11:00:00,Sanctum Sanctorum,Pym Particles,712.85,7.09,False
2023-05-04T11:00:00,Sanctum Sanctorum,Clean Water (L),2399.59,7.74,False
2023-05-04T11:00:00,Sanctum Sanctorum,Medical Kits,729.31,5.8,False
2023-05-04T11:00:00,Avengers Compound,Vibranium (kg),2420.55,6.45,False
2023-05-04T11:00:00,Avengers Compound,Arc Reactor Cores,705.44,7.74,False
2023-05-04T11:00:00,Avengers Compound,Pym Particles,708.51,7.09,False
2023-05-04T11:00:00,Avengers Compound,Clean Water (L),2399.93,7.74,False
2023-05-04T11:00:00,Avengers Compound,Medical Kits,735.17,5.8,False
2023-05-04T12:00:00,New Asgard,Vibranium (kg),2419.98,6.5,False
2023-05-04T12:00:00,New Asgard,Arc Reactor Cores,698.81,7.8,False
2023-05-04T12:00:00,New Asgard,Pym Particles,707.37,7.15,False
2023-05-04T12:00:00,New Asgard,Clean Water (L),2400.46,7.8,False
2023-05-04T12:00:00,New Asgard,Medical Kits,730.15,5.85,False
2023-05-04T12:00:00,Wakanda,Vibranium (kg),2416.94,6.5,False
2023-05-04T12:00:00,Wakanda,Arc Reactor Cores,696.52,7.8,False
2023-05-04T12:00:00,Wakanda,Pym Particles,706.65,7.15,False
2023-05-04T12:00:00,Wakanda,Clean Water (L),2398.72,7.8,False
2023-05-04T12:00:00,Wakanda,Medical Kits,734.26,5.85,False
2023-05-04T12:00:00,Sokovia,Vibranium (kg),2419.77,6.5,False
2023-05-04T12:00:00,Sokovia,Arc Reactor Cores,702.0,7.8,False
2023-05-04T12:00:00,Sokovia,Pym Particles,710.38,7.15,False
2023-05-04T12:00:00,Sokovia,Clean Water (L),2398.19,7.8,False
2023-05-04T12:00:00,Sokovia,Medical Kits,731.04,5.85,False
2023-05-04T12:00:00,Sanctum Sanctorum,Vibranium (kg),2418.27,6.5,False
2023-05-04T12:00:00,Sanctum Sanctorum,Arc Reactor Cores,697.58,7.8,False
2023-05-04T12:00:00,Sanctum Sanctorum,Pym Particles,710.34,7.15,False
2023-05-04T12:00:00,Sanctum Sanctorum,Clean Water (L),2399.14,7.8,False
2023-05-04T12:00:00,Sanctum Sanctorum,Medical Kits,728.21,5.85,False
2023-05-04T12:00:00,Avengers Compound,Vibranium (kg),2418.01,6.5,False
2023-05-04T12:00:00,Avengers Compound,Arc Reactor Cores,704.6,7.8,False
2023-05-04T12:00:00,Avengers Compound,Pym Particles,705.83,7.15,False
2023-05-04T12:00:00,Avengers Compound,Clean Water (L),2398.23,7.8,False
2023-05-04T12:00:00,Avengers Compound,Medical Kits,733.71,5.85,False
2023-05-04T13:00:00,New Asgard,Vibranium (kg),2419.52,6.45,False
2023-05-04T13:00:00,New Asgard,Arc Reactor Cores,698.21,7.74,False
2023-05-04T13:00:00,New Asgard,Pym Particles,705.44,7.09,False
2023-05-04T13:00:00,New Asgard,Clean Water (L),2399.21,7.74,False
2023-05-04T13:00:00,New Asgard,Medical Kits,727.5,5.8,False
2023-05-04T13:00:00,Wakanda,Vibranium (kg),2416.34,6.45,False
2023-05-04T13:00:00,Wakanda,Arc Reactor Cores,696.4,7.74,False
2023-05-04T13:00:00,Wakanda,Pym Particles,704.1,7.09,False
2023-05-04T13:00:00,Wakanda,Clean Water (L),2398.16,7.74,False
2023-05-04T13:00:00,Wakanda,Medical Kits,732.87,5.8,False
2023-05-04T13:00:00,Sokovia,Vibranium (kg),2417.35,6.45,False
2023-05-04T13:00:00,Sokovia,Arc Reactor Cores,700.89,7.74,False
2023-05-04T13:00:00,Sokovia,Pym Particles,708.58,7.09,False
2023-05-04T13:00:00,Sokovia,Clean Water (L),2395.33,7.74,False
2023-05-04T13:00:00,Sokovia,Medical Kits,730.79,5.8,False
2023-05-04T13:00:00,Sanctum Sanctorum,Vibranium (kg),2417.6,6.45,False
2023-05-04T13:00:00,Sanctum Sanctorum,Arc Reactor Cores,696.6,7.74,False
2023-05-04T13:00:00,Sanctum Sanctorum,Pym Particles,707.28,7.09,False
2023-05-04T13:00:00,Sanctum Sanctorum,Clean Water (L),2397.55,7.74,False
2023-05-04T13:00:00,Sanctum Sanctorum,Medical Kits,727.22,5.8,False
2023-05-04T13:00:00,Avengers Compound,Vibranium (kg),2416.18,6.45,False
2023-05-04T13:00:00,Avengers Compound,Arc Reactor Cores,702.36,7.74,False
2023-05-04T13:00:00,Avengers Compound,Pym Particles,703.7,7.09,False
2023-05-04T13:00:00,Avengers Compound,Clean Water (L),2396.23,7.74,False
2023-05-04T13:00:00,Avengers Compound,Medical Kits,732.3,5.8,False
2023-05-04T14:00:00,New Asgard,Vibranium (kg),2418.95,6.3,False
2023-05-04T14:00:00,New Asgard,Arc Reactor Cores,696.94,7.56,False
2023-05-04T14:00:00,New Asgard,Pym Particles,703.92,6.93,False
2023-05-04T14:00:00,New Asgard,Clean Water (L),2396.95,7.56,False
2023-05-04T14:00:00,New Asgard,Medical Kits,725.76,5.67,False
2023-05-04T14:00:00,Wakanda,Vibranium (kg),2415.43,6.3,False
2023-05-04T14:00:00,Wakanda,Arc Reactor Cores,695.89,7.56,False
2023-05-04T14:00:00,Wakanda,Pym Particles,703.37,6.93,False
2023-05-04T14:00:00,Wakanda,Clean Water (L),2396.06,7.56,False
2023-05-04T14:00:00,Wakanda,Medical Kits,731.9,5.67,False
2023-05-04T14:00:00,Sokovia,Vibranium (kg),2416.03,6.3,False
2023-05-04T14:00:00,Sokovia,Arc Reactor Cores,698.45,7.56,False
2023-05-04T14:00:00,Sokovia,Pym Particles,706.58,6.93,False
2023-05-04T14:00:00,Sokovia,Clean Water (L),2392.68,7.56,False
2023-05-04T14:00:00,Sokovia,Medical Kits,730.97,5.67,False
2023-05-04T14:00:00,Sanctum Sanctorum,Vibranium (kg),2416.19,6.3,False
2023-05-04T14:00:00,Sanctum Sanctorum,Arc Reactor Cores,696.02,7.56,False
2023-05-04T14:00:00,Sanctum Sanctorum,Pym Particles,706.62,6.93,False
2023-05-04T14:00:00,Sanctum Sanctorum,Clean Water (L),2395.69,7.56,False
2023-05-04T14:00:00,Sanctum Sanctorum,Medical Kits,726.21,5.67,False
2023-05-04T14:00:00,Avengers Compound,Vibranium (kg),2414.96,6.3,False
2023-05-04T14:00:00,Avengers Compound,Arc Reactor Cores,702.24,7.56,False
2023-05-04T14:00:00,Avengers Compound,Pym Particles,701.24,6.93,False
2023-05-04T14:00:00,Avengers Compound,Clean Water (L),2394.4,7.56,False
2023-05-04T14:00:00,Avengers Compound,Medical Kits,731.61,5.67,False
2023-05-04T15:00:00,New Asgard,Vibranium (kg),2417.07,6.06,False
2023-05-04T15:00:00,New Asgard,Arc Reactor Cores,694.57,7.27,False
2023-05-04T15:00:00,New Asgard,Pym Particles,702.83,6.67,False
2023-05-04T15:00:00,New Asgard,Clean Water (L),2396.34,7.27,False
2023-05-04T15:00:00,New Asgard,Medical Kits,723.85,5.45,False
2023-05-04T15:00:00,Wakanda,Vibranium (kg),2415.54,6.06,False
2023-05-04T15:00:00,Wakanda,Arc Reactor Cores,694.16,7.27,False
2023-05-04T15:00:00,Wakanda,Pym Particles,701.9,6.67,False
2023-05-04T15:00:00,Wakanda,Clean Water (L),2394.74,7.27,False
2023-05-04T15:00:00,Wakanda,Medical Kits,729.43,5.45,False
2023-05-04T15:00:00,Sokovia,Vibranium (kg),2416.93,6.06,False
2023-05-04T15:00:00,Sokovia,Arc Reactor Cores,697.79,7.27,False
2023-05-04T15:00:00,Sokovia,Pym Particles,705.39,6.67,False
2023-05-04T15:00:00,Sokovia,Clean Water (L),2390.2,7.27,False
2023-05-04T15:00:00,Sokovia,Medical Kits,730.88,5.45,False
2023-05-04T15:00:00,Sanctum Sanctorum,Vibranium (kg),2414.6,6.06,False
2023-05-04T15:00:00,Sanctum Sanctorum,Arc Reactor Cores,695.24,7.27,False
2023-05-04T15:00:00,Sanctum Sanctorum,Pym Particles,705.43,6.67,False
2023-05-04T15:00:00,Sanctum Sanctorum,Clean Water (L),2394.29,7.27,False
2023-05-04T15:00:00,Sanctum Sanctorum,Medical Kits,725.39,5.45,False
2023-05-04T15:00:00,Avengers Compound,Vibranium (kg),2414.29,6.06,False
2023-05-04T15:00:00,Avengers Compound,Arc Reactor Cores,701.13,7.27,False
2023-05-04T15:00:00,Avengers Compound,Pym Particles,701.69,6.67,False
2023-05-04T15:00:00,Avengers Compound,Clean Water (L),2393.44,7.27,False
2023-05-04T15:00:00,Avengers Compound,Medical Kits,729.81,5.45,False
2023-05-04T16:00:00,New Asgard,Vibranium (kg),2416.57,5.75,False
2023-05-04T16:00:00,New Asgard,Arc Reactor Cores,694.18,6.9,False
2023-05-04T16:00:00,New Asgard,Pym Particles,702.47,6.32,False
2023-05-04T16:00:00,New Asgard,Clean Water (L),2395.3,6.9,False
2023-05-04T16:00:00,New Asgard,Medical Kits,724.27,5.17,False
2023-05-04T16:00:00,Wakanda,Vibranium (kg),2416.06,5.75,False
2023-05-04T16:00:00,Wakanda,Arc Reactor Cores,694.07,6.9,False
2023-05-04T16:00:00,Wakanda,Pym Particles,702.57,6.32,False
2023-05-04T16:00:00,Wakanda,Clean Water (L),2393.13,6.9,False
2023-05-04T16:00:00,Wakanda,Medical Kits,728.22,5.17,False
2023-05-04T16:00:00,Sokovia,Vibranium (kg),2416.11,5.75,False
2023-05-04T16:00:00,Sokovia,Arc Reactor Cores,697.34,6.9,False
2023-05-04T16:00:00,Sokovia,Pym Particles,705.49,6.32,False
2023-05-04T16:00:00,Sokovia,Clean Water (L),2390.65,6.9,False
2023-05-04T16:00:00,Sokovia,Medical Kits,729.53,5.17,False
2023-05-04T16:00:00,Sanctum Sanctorum,Vibranium (kg),2414.67,5.75,False
2023-05-04T16:00:00,Sanctum Sanctorum,Arc Reactor Cores,694.44,6.9,False
2023-05-04T16:00:00,Sanctum Sanctorum,Pym Particles,704.57,6.32,False
2023-05-04T16:00:00,Sanctum Sanctorum,Clean Water (L),2392.13,6.9,False
2023-05-04T16:00:00,Sanctum Sanctorum,Medical Kits,724.27,5.17,False
2023-05-04T16:00:00,Avengers Compound,Vibranium (kg),2413.86,5.75,False
2023-05-04T16:00:00,Avengers Compound,Arc Reactor Cores,700.01,6.9,False
2023-05-04T16:00:00,Avengers Compound,Pym Particles,701.61,6.32,False
2023-05-04T16:00:00,Avengers Compound,Clean Water (L),2392.43,6.9,False
2023-05-04T16:00:00,Avengers Compound,Medical Kits,728.95,5.17,False
2023-05-04T17:00:00,New Asgard,Vibranium (kg),2417.23,5.39,False
2023-05-04T17:00:00,New Asgard,Arc Reactor Cores,695.2,6.47,False
2023-05-04T17:00:00,New Asgard,Pym Particles,700.94,5.93,False
2023-05-04T17:00:00,New Asgard,Clean Water (L),2394.18,6.47,False
2023-05-04T17:00:00,New Asgard,Medical Kits,725.35,4.85,False
2023-05-04T17:00:00,Wakanda,Vibranium (kg),2416.05,5.39,False
2023-05-04T17:00:00,Wakanda,Arc Reactor Cores,694.16,6.47,False
2023-05-04T17:00:00,Wakanda,Pym Particles,701.19,5.93,False
2023-05-04T17:00:00,Wakanda,Clean Water (L),2393.96,6.47,False
2023-05-04T17:00:00,Wakanda,Medical Kits,727.62,4.85,False
2023-05-04T17:00:00,Sokovia,Vibranium (kg),2414.6,5.39,False
2023-05-04T17:00:00,Sokovia,Arc Reactor Cores,696.3,6.47,False
2023-05-04T17:00:00,Sokovia,Pym Particles,703.69,5.93,False
2023-05-04T17:00:00,Sokovia,Clean Water (L),2389.91,6.47,False
2023-05-04T17:00:00,Sokovia,Medical Kits,731.1,4.85,False
2023-05-04T17:00:00,Sanctum Sanctorum,Vibranium (kg),2413.68,5.39,False
2023-05-04T17:00:00,Sanctum Sanctorum,Arc Reactor Cores,695.0,6.47,False
2023-05-04T17:00:00,Sanctum Sanctorum,Pym Particles,705.14,5.93,False
2023-05-04T17:00:00,Sanctum Sanctorum,Clean Water (L),2390.72,6.47,False
2023-05-04T17:00:00,Sanctum Sanctorum,Medical Kits,723.21,4.85,False
2023-05-04T17:00:00,Avengers Compound,Vibranium (kg),2414.11,5.39,False
2023-05-04T17:00:00,Avengers Compound,Arc Reactor Cores,700.28,6.47,False
2023-05-04T17:00:00,Avengers Compound,Pym Particles,700.93,5.93,False
2023-05-04T17:00:00,Avengers Compound,Clean Water (L),2392.89,6.47,False
2023-05-04T17:00:00,Avengers Compound,Medical Kits,729.02,4.85,False
2023-05-04T18:00:00,New Asgard,Vibranium (kg),2417.6,5.0,False
2023-05-04T18:00:00,New Asgard,Arc Reactor Cores,694.1,6.0,False
2023-05-04T18:00:00,New Asgard,Pym Particles,699.86,5.5,False
2023-05-04T18:00:00,New Asgard,Clean Water (L),2395.98,6.0,False
2023-05-04T18:00:00,New Asgard,Medical Kits,724.36,4.5,False
2023-05-04T18:00:00,Wakanda,Vibranium (kg),2417.2,5.0,False
2023-05-04T18:00:00,Wakanda,Arc Reactor Cores,695.16,6.0,False
2023-05-04T18:00:00,Wakanda,Pym Particles,700.83,5.5,False
2023-05-04T18:00:00,Wakanda,Clean Water (L),2393.57,6.0,False
2023-05-04T18:00:00,Wakanda,Medical Kits,727.51,4.5,False
2023-05-04T18:00:00,Sokovia,Vibranium (kg),2415.96,5.0,False
2023-05-04T18:00:00,Sokovia,Arc Reactor Cores,695.64,6.0,False
2023-05-04T18:00:00,Sokovia,Pym Particles,705.1,5.5,False
2023-05-04T18:00:00,Sokovia,Clean Water (L),2390.71,6.0,False
2023-05-04T18:00:00,Sokovia,Medical Kits,731.34,4.5,False
2023-05-04T18:00:00,Sanctum Sanctorum,Vibranium (kg),2412.51,5.0,False
2023-05-04T18:00:00,Sanctum Sanctorum,Arc Reactor Cores,694.05,6.0,False
2023-05-04T18:00:00,Sanctum Sanctorum,Pym Particles,705.62,5.5,False
2023-05-04T18:00:00,Sanctum Sanctorum,Clean Water (L),2392.76,6.0,False
2023-05-04T18:00:00,Sanctum Sanctorum,Medical Kits,723.78,4.5,False
2023-05-04T18:00:00,Avengers Compound,Vibranium (kg),2413.48,5.0,False
2023-05-04T18:00:00,Avengers Compound,Arc Reactor Cores,701.58,6.0,False
2023-05-04T18:00:00,Avengers Compound,Pym Particles,700.79,5.5,False
2023-05-04T18:00:00,Avengers Compound,Clean Water (L),2394.32,6.0,False
2023-05-04T18:00:00,Avengers Compound,Medical Kits,729.27,4.5,False
2023-05-04T19:00:00,New Asgard,Vibranium (kg),2418.34,4.61,False
2023-05-04T19:00:00,New Asgard,Arc Reactor Cores,694.67,5.53,False
2023-05-04T19:00:00,New Asgard,Pym Particles,699.7,5.07,False
2023-05-04T19:00:00,New Asgard,Clean Water (L),2395.75,5.53,False
2023-05-04T19:00:00,New Asgard,Medical Kits,725.04,4.15,False
2023-05-04T19:00:00,Wakanda,Vibranium (kg),2416.12,4.61,False
2023-05-04T19:00:00,Wakanda,Arc Reactor Cores,695.12,5.53,False
2023-05-04T19:00:00,Wakanda,Pym Particles,699.94,5.07,False
2023-05-04T19:00:00,Wakanda,Clean Water (L),2395.21,5.53,False
2023-05-04T19:00:00,Wakanda,Medical Kits,727.01,4.15,False
2023-05-04T19:00:00,Sokovia,Vibranium (kg),2417.42,4.61,False
2023-05-04T19:00:00,Sokovia,Arc Reactor Cores,696.83,5.53,False
2023-05-04T19:00:00,Sokovia,Pym Particles,706.16,5.07,False
2023-05-04T19:00:00,Sokovia,Clean Water (L),2391.01,5.53,False
2023-05-04T19:00:00,Sokovia,Medical Kits,731.45,4.15,False
2023-05-04T19:00:00,Sanctum Sanctorum,Vibranium (kg),2414.15,4.61,False
2023-05-04T19:00:00,Sanctum Sanctorum,Arc Reactor Cores,694.45,5.53,False
2023-05-04T19:00:00,Sanctum Sanctorum,Pym Particles,706.29,5.07,False
2023-05-04T19:00:00,Sanctum Sanctorum,Clean Water (L),2393.88,5.53,False
2023-05-04T19:00:00,Sanctum Sanctorum,Medical Kits,723.77,4.15,False
2023-05-04T19:00:00,Avengers Compound,Vibranium (kg),2413.73,4.61,False
2023-05-04T19:00:00,Avengers Compound,Arc Reactor Cores,703.77,5.53,False
2023-05-04T19:00:00,Avengers Compound,Pym Particles,701.02,5.07,False
2023-05-04T19:00:00,Avengers Compound,Clean Water (L),2394.57,5.53,False
2023-05-04T19:00:00,Avengers Compound,Medical Kits,730.8,4.15,False
2023-05-04T20:00:00,New Asgard,Vibranium (kg),2419.77,4.25,False
2023-05-04T20:00:00,New Asgard,Arc Reactor Cores,696.89,5.1,False
2023-05-04T20:00:00,New Asgard,Pym Particles,700.77,4.68,False
2023-05-04T20:00:00,New Asgard,Clean Water (L),2395.84,5.1,False
2023-05-04T20:00:00,New Asgard,Medical Kits,726.91,3.83,False
2023-05-04T20:00:00,Wakanda,Vibranium (kg),2416.43,4.25,False
2023-05-04T20:00:00,Wakanda,Arc Reactor Cores,695.66,5.1,False
2023-05-04T20:00:00,Wakanda,Pym Particles,700.19,4.68,False
2023-05-04T20:00:00,Wakanda,Clean Water (L),2396.38,5.1,False
2023-05-04T20:00:00,Wakanda,Medical Kits,728.55,3.83,False
2023-05-04T20:00:00,Sokovia,Vibranium (kg),2418.73,4.25,False
2023-05-04T20:00:00,Sokovia,Arc Reactor Cores,699.26,5.1,False
2023-05-04T20:00:00,Sokovia,Pym Particles,708.46,4.68,False
2023-05-04T20:00:00,Sokovia,Clean Water (L),2392.41,5.1,False
2023-05-04T20:00:00,Sokovia,Medical Kits,733.68,3.83,False
2023-05-04T20:00:00,Sanctum Sanctorum,Vibranium (kg),2415.65,4.25,False
2023-05-04T20:00:00,Sanctum Sanctorum,Arc Reactor Cores,695.7,5.1,False
2023-05-04T20:00:00,Sanctum Sanctorum,Pym Particles,707.38,4.68,False
2023-05-04T20:00:00,Sanctum Sanctorum,Clean Water (L),2396.33,5.1,False
2023-05-04T20:00:00,Sanctum Sanctorum,Medical Kits,724.9,3.83,False
2023-05-04T20:00:00,Avengers Compound,Vibranium (kg),2414.22,4.25,False
2023-05-04T20:00:00,Avengers Compound,Arc Reactor Cores,703.96,5.1,False
2023-05-04T20:00:00,Avengers Compound,Pym Particles,702.29,4.68,False
2023-05-04T20:00:00,Avengers Compound,Clean Water (L),2395.05,5.1,False
2023-05-04T20:00:00,Avengers Compound,Medical Kits,730.57,3.83,False
2023-05-04T21:00:00,New Asgard,Vibranium (kg),2421.21,3.94,False
2023-05-04T21:00:00,New Asgard,Arc Reactor Cores,697.8,4.73,False
2023-05-04T21:00:00,New Asgard,Pym Particles,701.92,4.33,False
2023-05-04T21:00:00,New Asgard,Clean Water (L),2395.83,4.73,False
2023-05-04T21:00:00,New Asgard,Medical Kits,726.94,3.55,False
2023-05-04T21:00:00,Wakanda,Vibranium (kg),2416.7,3.94,False
2023-05-04T21:00:00,Wakanda,Arc Reactor Cores,696.48,4.73,False
2023-05-04T21:00:00,Wakanda,Pym Particles,701.95,4.33,False
2023-05-04T21:00:00,Wakanda,Clean Water (L),2396.63,4.73,False
2023-05-04T21:00:00,Wakanda,Medical Kits,730.23,3.55,False
2023-05-04T21:00:00,Sokovia,Vibranium (kg),2420.87,3.94,False
2023-05-04T21:00:00,Sokovia,Arc Reactor Cores,700.98,4.73,False
2023-05-04T21:00:00,Sokovia,Pym Particles,709.89,4.33,False
2023-05-04T21:00:00,Sokovia,Clean Water (L),2394.29,4.73,False
2023-05-04T21:00:00,Sokovia,Medical Kits,734.11,3.55,False
2023-05-04T21:00:00,Sanctum Sanctorum,Vibranium (kg),2415.49,3.94,False
2023-05-04T21:00:00,Sanctum Sanctorum,Arc Reactor Cores,696.56,4.73,False
2023-05-04T21:00:00,Sanctum Sanctorum,Pym Particles,708.6,4.33,False
2023-05-04T21:00:00,Sanctum Sanctorum,Clean Water (L),2397.81,4.73,False
2023-05-04T21:00:00,Sanctum Sanctorum,Medical Kits,726.71,3.55,False
2023-05-04T21:00:00,Avengers Compound,Vibranium (kg),2414.18,3.94,False
2023-05-04T21:00:00,Avengers Compound,Arc Reactor Cores,705.44,4.73,False
2023-05-04T21:00:00,Avengers Compound,Pym Particles,704.29,4.33,False
2023-05-04T21:00:00,Avengers Compound,Clean Water (L),2398.04,4.73,False
2023-05-04T21:00:00,Avengers Compound,Medical Kits,731.34,3.55,False
2023-05-04T22:00:00,New Asgard,Vibranium (kg),2421.71,3.7,False
2023-05-04T22:00:00,New Asgard,Arc Reactor Cores,700.53,4.44,False
2023-05-04T22:00:00,New Asgard,Pym Particles,704.5,4.07,False
2023-05-04T22:00:00,New Asgard,Clean Water (L),2398.88,4.44,False
2023-05-04T22:00:00,New Asgard,Medical Kits,727.34,3.33,False
2023-05-04T22:00:00,Wakanda,Vibranium (kg),2418.6,3.7,False
2023-05-04T22:00:00,Wakanda,Arc Reactor Cores,698.29,4.44,False
2023-05-04T22:00:00,Wakanda,Pym Particles,703.32,4.07,False
2023-05-04T22:00:00,Wakanda,Clean Water (L),2398.51,4.44,False
2023-05-04T22:00:00,Wakanda,Medical Kits,731.3,3.33,False
2023-05-04T22:00:00,Sokovia,Vibranium (kg),2422.0,3.7,False
2023-05-04T22:00:00,Sokovia,Arc Reactor Cores,703.57,4.44,False
2023-05-04T22:00:00,Sokovia,Pym Particles,712.49,4.07,False
2023-05-04T22:00:00,Sokovia,Clean Water (L),2396.41,4.44,False
2023-05-04T22:00:00,Sokovia,Medical Kits,734.57,3.33,False
2023-05-04T22:00:00,Sanctum Sanctorum,Vibranium (kg),2416.32,3.7,False
2023-05-04T22:00:00,Sanctum Sanctorum,Arc Reactor Cores,698.64,4.44,False
2023-05-04T22:00:00,Sanctum Sanctorum,Pym Particles,710.47,4.07,False
2023-05-04T22:00:00,Sanctum Sanctorum,Clean Water (L),2398.16,4.44,False
2023-05-04T22:00:00,Sanctum Sanctorum,Medical Kits,728.4,3.33,False
2023-05-04T22:00:00,Avengers Compound,Vibranium (kg),2416.21,3.7,False
2023-05-04T22:00:00,Avengers Compound,Arc Reactor Cores,705.93,4.44,False
2023-05-04T22:00:00,Avengers Compound,Pym Particles,704.7,4.07,False
2023-05-04T22:00:00,Avengers Compound,Clean Water (L),2398.41,4.44,False
2023-05-04T22:00:00,Avengers Compound,Medical Kits,732.4,3.33,False
2023-05-04T23:00:00,New Asgard,Vibranium (kg),2422.64,3.55,False
2023-05-04T23:00:00,New Asgard,Arc Reactor Cores,703.14,4.26,False
2023-05-04T23:00:00,New Asgard,Pym Particles,706.47,3.91,False
2023-05-04T23:00:00,New Asgard,Clean Water (L),2400.01,4.26,False
2023-05-04T23:00:00,New Asgard,Medical Kits,728.5,3.2,False
2023-05-04T23:00:00,Wakanda,Vibranium (kg),2419.53,3.55,False
2023-05-04T23:00:00,Wakanda,Arc Reactor Cores,700.08,4.26,False
2023-05-04T23:00:00,Wakanda,Pym Particles,704.84,3.91,False
2023-05-04T23:00:00,Wakanda,Clean Water (L),2399.76,4.26,False
2023-05-04T23:00:00,Wakanda,Medical Kits,732.25,3.2,False
2023-05-04T23:00:00,Sokovia,Vibranium (kg),2423.26,3.55,False
2023-05-04T23:00:00,Sokovia,Arc Reactor Cores,706.48,4.26,False
2023-05-04T23:00:00,Sokovia,Pym Particles,714.28,3.91,False
2023-05-04T23:00:00,Sokovia,Clean Water (L),2397.62,4.26,False
2023-05-04T23:00:00,Sokovia,Medical Kits,737.24,3.2,False
2023-05-04T23:00:00,Sanctum Sanctorum,Vibranium (kg),2418.05,3.55,False
2023-05-04T23:00:00,Sanctum Sanctorum,Arc Reactor Cores,700.28,4.26,False
2023-05-04T23:00:00,Sanctum Sanctorum,Pym Particles,712.71,3.91,False
2023-05-04T23:00:00,Sanctum Sanctorum,Clean Water (L),2400.05,4.26,False
2023-05-04T23:00:00,Sanctum Sanctorum,Medical Kits,730.2,3.2,False
2023-05-04T23:00:00,Avengers Compound,Vibranium (kg),2416.39,3.55,False
2023-05-04T23:00:00,Avengers Compound,Arc Reactor Cores,707.56,4.26,False
2023-05-04T23:00:00,Avengers Compound,Pym Particles,706.93,3.91,False
2023-05-04T23:00:00,Avengers Compound,Clean Water (L),2400.15,4.26,False
2023-05-04T23:00:00,Avengers Compound,Medical Kits,733.54,3.2,False
2023-05-05T00:00:00,New Asgard,Vibranium (kg),2395.71,26.25,True
2023-05-05T00:00:00,New Asgard,Arc Reactor Cores,682.8,21.0,True
2023-05-05T00:00:00,New Asgard,Pym Particles,667.24,38.5,True
2023-05-05T00:00:00,New Asgard,Clean Water (L),2337.26,63.0,True
2023-05-05T00:00:00,New Asgard,Medical Kits,688.15,39.38,True
2023-05-05T00:00:00,Wakanda,Vibranium (kg),2392.55,26.25,True
2023-05-05T00:00:00,Wakanda,Arc Reactor Cores,678.12,21.0,True
2023-05-05T00:00:00,Wakanda,Pym Particles,666.94,38.5,True
2023-05-05T00:00:00,Wakanda,Clean Water (L),2337.0,63.0,True
2023-05-05T00:00:00,Wakanda,Medical Kits,693.51,39.38,True
2023-05-05T00:00:00,Sokovia,Vibranium (kg),2397.55,26.25,True
2023-05-05T00:00:00,Sokovia,Arc Reactor Cores,686.1,21.0,True
2023-05-05T00:00:00,Sokovia,Pym Particles,676.73,38.5,True
2023-05-05T00:00:00,Sokovia,Clean Water (L),2334.14,63.0,True
2023-05-05T00:00:00,Sokovia,Medical Kits,698.42,39.38,True
2023-05-05T00:00:00,Sanctum Sanctorum,Vibranium (kg),2390.93,26.25,True
2023-05-05T00:00:00,Sanctum Sanctorum,Arc Reactor Cores,680.03,21.0,True
2023-05-05T00:00:00,Sanctum Sanctorum,Pym Particles,673.45,38.5,True
2023-05-05T00:00:00,Sanctum Sanctorum,Clean Water (L),2336.33,63.0,True
2023-05-05T00:00:00,Sanctum Sanctorum,Medical Kits,689.83,39.38,True
2023-05-05T00:00:00,Avengers Compound,Vibranium (kg),2389.93,26.25,True
2023-05-05T00:00:00,Avengers Compound,Arc Reactor Cores,686.52,21.0,True
2023-05-05T00:00:00,Avengers Compound,Pym Particles,668.42,38.5,True
2023-05-05T00:00:00,Avengers Compound,Clean Water (L),2336.34,63.0,True
2023-05-05T00:00:00,Avengers Compound,Medical Kits,695.04,39.38,True
2023-05-05T01:00:00,New Asgard,Vibranium (kg),2369.63,26.63,True
2023-05-05T01:00:00,New Asgard,Arc Reactor Cores,660.93,21.31,True
2023-05-05T01:00:00,New Asgard,Pym Particles,627.91,39.06,True
2023-05-05T01:00:00,New Asgard,Clean Water (L),2272.82,63.92,True
2023-05-05T01:00:00,New Asgard,Medical Kits,647.6,39.95,True
2023-05-05T01:00:00,Wakanda,Vibranium (kg),2365.67,26.63,True
2023-05-05T01:00:00,Wakanda,Arc Reactor Cores,657.59,21.31,True
2023-05-05T01:00:00,Wakanda,Pym Particles,628.24,39.06,True
2023-05-05T01:00:00,Wakanda,Clean Water (L),2272.71,63.92,True
2023-05-05T01:00:00,Wakanda,Medical Kits,652.64,39.95,True
2023-05-05T01:00:00,Sokovia,Vibranium (kg),2371.23,26.63,True
2023-05-05T01:00:00,Sokovia,Arc Reactor Cores,665.37,21.31,True
2023-05-05T01:00:00,Sokovia,Pym Particles,638.47,39.06,True
2023-05-05T01:00:00,Sokovia,Clean Water (L),2269.79,63.92,True
2023-05-05T01:00:00,Sokovia,Medical Kits,658.35,39.95,True
2023-05-05T01:00:00,Sanctum Sanctorum,Vibranium (kg),2364.28,26.63,True
2023-05-05T01:00:00,Sanctum Sanctorum,Arc Reactor Cores,658.17,21.31,True
2023-05-05T01:00:00,Sanctum Sanctorum,Pym Particles,633.74,39.06,True
2023-05-05T01:00:00,Sanctum Sanctorum,Clean Water (L),2273.24,63.92,True
2023-05-05T01:00:00,Sanctum Sanctorum,Medical Kits,649.44,39.95,True
2023-05-05T01:00:00,Avengers Compound,Vibranium (kg),2362.91,26.63,True
2023-05-05T01:00:00,Avengers Compound,Arc Reactor Cores,665.95,21.31,True
2023-05-05T01:00:00,Avengers Compound,Pym Particles,628.44,39.06,True
2023-05-05T01:00:00,Avengers Compound,Clean Water (L),2273.39,63.92,True
2023-05-05T01:00:00,Avengers Compound,Medical Kits,654.38,39.95,True
2023-05-05T02:00:00,New Asgard,Vibranium (kg),2340.99,27.76,True
2023-05-05T02:00:00,New Asgard,Arc Reactor Cores,637.98,22.21,True
2023-05-05T02:00:00,New Asgard,Pym Particles,587.94,40.71,True
2023-05-05T02:00:00,New Asgard,Clean Water (L),2207.16,66.62,True
2023-05-05T02:00:00,New Asgard,Medical Kits,606.26,41.64,True
2023-05-05T02:00:00,Wakanda,Vibranium (kg),2337.72,27.76,True
2023-05-05T02:00:00,Wakanda,Arc Reactor Cores,635.57,22.21,True
2023-05-05T02:00:00,Wakanda,Pym Particles,588.11,40.71,True
2023-05-05T02:00:00,Wakanda,Clean Water (L),2206.53,66.62,True
2023-05-05T02:00:00,Wakanda,Medical Kits,610.72,41.64,True
2023-05-05T02:00:00,Sokovia,Vibranium (kg),2342.77,27.76,True
2023-05-05T02:00:00,Sokovia,Arc Reactor Cores,642.55,22.21,True
2023-05-05T02:00:00,Sokovia,Pym Particles,596.77,40.71,True
2023-05-05T02:00:00,Sokovia,Clean Water (L),2203.23,66.62,True
2023-05-05T02:00:00,Sokovia,Medical Kits,616.03,41.64,True
2023-05-05T02:00:00,Sanctum Sanctorum,Vibranium (kg),2337.25,27.76,True
2023-05-05T02:00:00,Sanctum Sanctorum,Arc Reactor Cores,636.83,22.21,True
2023-05-05T02:00:00,Sanctum Sanctorum,Pym Particles,593.13,40.71,True
2023-05-05T02:00:00,Sanctum Sanctorum,Clean Water (L),2206.85,66.62,True
2023-05-05T02:00:00,Sanctum Sanctorum,Medical Kits,607.47,41.64,True
2023-05-05T02:00:00,Avengers Compound,Vibranium (kg),2335.18,27.76,True
2023-05-05T02:00:00,Avengers Compound,Arc Reactor Cores,643.83,22.21,True
2023-05-05T02:00:00,Avengers Compound,Pym Particles,588.55,40.71,True
2023-05-05T02:00:00,Avengers Compound,Clean Water (L),2206.77,66.62,True
2023-05-05T02:00:00,Avengers Compound,Medical Kits,611.98,41.64,True
2023-05-05T03:00:00,New Asgard,Vibranium (kg),2312.11,29.55,True
2023-05-05T03:00:00,New Asgard,Arc Reactor Cores,615.22,23.64,True
2023-05-05T03:00:00,New Asgard,Pym Particles,544.3,43.33,True
2023-05-05T03:00:00,New Asgard,Clean Water (L),2136.73,70.91,True
2023-05-05T03:00:00,New Asgard,Medical Kits,562.3,44.32,True
2023-05-05T03:00:00,Wakanda,Vibranium (kg),2307.97,29.55,True
2023-05-05T03:00:00,Wakanda,Arc Reactor Cores,612.42,23.64,True
2023-05-05T03:00:00,Wakanda,Pym Particles,543.81,43.33,True
2023-05-05T03:00:00,Wakanda,Clean Water (L),2135.57,70.91,True
2023-05-05T03:00:00,Wakanda,Medical Kits,566.73,44.32,True
2023-05-05T03:00:00,Sokovia,Vibranium (kg),2312.43,29.55,True
2023-05-05T03:00:00,Sokovia,Arc Reactor Cores,619.05,23.64,True
2023-05-05T03:00:00,Sokovia,Pym Particles,553.88,43.33,True
2023-05-05T03:00:00,Sokovia,Clean Water (L),2132.63,70.91,True
2023-05-05T03:00:00,Sokovia,Medical Kits,571.89,44.32,True
2023-05-05T03:00:00,Sanctum Sanctorum,Vibranium (kg),2308.62,29.55,True
2023-05-05T03:00:00,Sanctum Sanctorum,Arc Reactor Cores,612.94,23.64,True
2023-05-05T03:00:00,Sanctum Sanctorum,Pym Particles,549.51,43.33,True
2023-05-05T03:00:00,Sanctum Sanctorum,Clean Water (L),2135.9,70.91,True
2023-05-05T03:00:00,Sanctum Sanctorum,Medical Kits,563.56,44.32,True
2023-05-05T03:00:00,Avengers Compound,Vibranium (kg),2306.62,29.55,True
2023-05-05T03:00:00,Avengers Compound,Arc Reactor Cores,621.07,23.64,True
2023-05-05T03:00:00,Avengers Compound,Pym Particles,545.68,43.33,True
2023-05-05T03:00:00,Avengers Compound,Clean Water (L),2136.3,70.91,True
2023-05-05T03:00:00,Avengers Compound,Medical Kits,567.73,44.32,True
2023-05-05T04:00:00,New Asgard,Vibranium (kg),2279.45,31.88,True
2023-05-05T04:00:00,New Asgard,Arc Reactor Cores,589.85,25.5,True
2023-05-05T04:00:00,New Asgard,Pym Particles,496.81,46.75,True
2023-05-05T04:00:00,New Asgard,Clean Water (L),2060.87,76.5,True
2023-05-05T04:00:00,New Asgard,Medical Kits,513.83,47.81,True
2023-05-05T04:00:00,Wakanda,Vibranium (kg),2276.07,31.88,True
2023-05-05T04:00:00,Wakanda,Arc Reactor Cores,586.25,25.5,True
2023-05-05T04:00:00,Wakanda,Pym Particles,496.62,46.75,True
2023-05-05T04:00:00,Wakanda,Clean Water (L),2059.64,76.5,True
2023-05-05T04:00:00,Wakanda,Medical Kits,518.42,47.81,True
2023-05-05T04:00:00,Sokovia,Vibranium (kg),2279.78,31.88,True
2023-05-05T04:00:00,Sokovia,Arc Reactor Cores,594.54,25.5,True
2023-05-05T04:00:00,Sokovia,Pym Particles,507.47,46.75,True
2023-05-05T04:00:00,Sokovia,Clean Water (L),2056.74,76.5,True
2023-05-05T04:00:00,Sokovia,Medical Kits,523.6,47.81,True
2023-05-05T04:00:00,Sanctum Sanctorum,Vibranium (kg),2276.79,31.88,True
2023-05-05T04:00:00,Sanctum Sanctorum,Arc Reactor Cores,587.41,25.5,True
2023-05-05T04:00:00,Sanctum Sanctorum,Pym Particles,502.52,46.75,True
2023-05-05T04:00:00,Sanctum Sanctorum,Clean Water (L),2058.69,76.5,True
2023-05-05T04:00:00,Sanctum Sanctorum,Medical Kits,515.84,47.81,True
2023-05-05T04:00:00,Avengers Compound,Vibranium (kg),2275.2,31.88,True
2023-05-05T04:00:00,Avengers Compound,Arc Reactor Cores,594.66,25.5,True
2023-05-05T04:00:00,Avengers Compound,Pym Particles,498.35,46.75,True
2023-05-05T04:00:00,Avengers Compound,Clean Water (L),2060.69,76.5,True
2023-05-05T04:00:00,Avengers Compound,Medical Kits,519.29,47.81,True
2023-05-05T05:00:00,New Asgard,Vibranium (kg),2245.52,34.59,True
2023-05-05T05:00:00,New Asgard,Arc Reactor Cores,561.99,27.67,True
2023-05-05T05:00:00,New Asgard,Pym Particles,445.82,50.73,True
2023-05-05T05:00:00,New Asgard,Clean Water (L),1977.04,83.01,True
2023-05-05T05:00:00,New Asgard,Medical Kits,461.1,51.88,True
2023-05-05T05:00:00,Wakanda,Vibranium (kg),2241.45,34.59,True
2023-05-05T05:00:00,Wakanda,Arc Reactor Cores,558.63,27.67,True
2023-05-05T05:00:00,Wakanda,Pym Particles,446.0,50.73,True
2023-05-05T05:00:00,Wakanda,Clean Water (L),1976.45,83.01,True
2023-05-05T05:00:00,Wakanda,Medical Kits,465.83,51.88,True
2023-05-05T05:00:00,Sokovia,Vibranium (kg),2244.29,34.59,True
2023-05-05T05:00:00,Sokovia,Arc Reactor Cores,567.81,27.67,True
2023-05-05T05:00:00,Sokovia,Pym Particles,456.86,50.73,True
2023-05-05T05:00:00,Sokovia,Clean Water (L),1972.9,83.01,True
2023-05-05T05:00:00,Sokovia,Medical Kits,471.21,51.88,True
2023-05-05T05:00:00,Sanctum Sanctorum,Vibranium (kg),2242.68,34.59,True
2023-05-05T05:00:00,Sanctum Sanctorum,Arc Reactor Cores,558.91,27.67,True
2023-05-05T05:00:00,Sanctum Sanctorum,Pym Particles,451.09,50.73,True
2023-05-05T05:00:00,Sanctum Sanctorum,Clean Water (L),1976.31,83.01,True
2023-05-05T05:00:00,Sanctum Sanctorum,Medical Kits,463.43,51.88,True
2023-05-05T05:00:00,Avengers Compound,Vibranium (kg),2240.34,34.59,True
2023-05-05T05:00:00,Avengers Compound,Arc Reactor Cores,566.97,27.67,True
2023-05-05T05:00:00,Avengers Compound,Pym Particles,447.09,50.73,True
2023-05-05T05:00:00,Avengers Compound,Clean Water (L),1978.42,83.01,True
2023-05-05T05:00:00,Avengers Compound,Medical Kits,467.07,51.88,True
2023-05-05T06:00:00,New Asgard,Vibranium (kg),2207.3,37.5,True
2023-05-05T06:00:00,New Asgard,Arc Reactor Cores,530.99,30.0,True
2023-05-05T06:00:00,New Asgard,Pym Particles,390.92,55.0,True
2023-05-05T06:00:00,New Asgard,Clean Water (L),1886.25,90.0,True
2023-05-05T06:00:00,New Asgard,Medical Kits,403.95,56.25,True
2023-05-05T06:00:00,Wakanda,Vibranium (kg),2203.85,37.5,True
2023-05-05T06:00:00,Wakanda,Arc Reactor Cores,528.96,30.0,True
2023-05-05T06:00:00,Wakanda,Pym Particles,391.14,55.0,True
2023-05-05T06:00:00,Wakanda,Clean Water (L),1885.6,90.0,True
2023-05-05T06:00:00,Wakanda,Medical Kits,408.98,56.25,True
2023-05-05T06:00:00,Sokovia,Vibranium (kg),2207.77,37.5,True
2023-05-05T06:00:00,Sokovia,Arc Reactor Cores,538.62,30.0,True
2023-05-05T06:00:00,Sokovia,Pym Particles,401.63,55.0,True
2023-05-05T06:00:00,Sokovia,Clean Water (L),1882.93,90.0,True
2023-05-05T06:00:00,Sokovia,Medical Kits,414.2,56.25,True
2023-05-05T06:00:00,Sanctum Sanctorum,Vibranium (kg),2205.02,37.5,True
2023-05-05T06:00:00,Sanctum Sanctorum,Arc Reactor Cores,528.84,30.0,True
2023-05-05T06:00:00,Sanctum Sanctorum,Pym Particles,396.29,55.0,True
2023-05-05T06:00:00,Sanctum Sanctorum,Clean Water (L),1885.69,90.0,True
2023-05-05T06:00:00,Sanctum Sanctorum,Medical Kits,407.15,56.25,True
2023-05-05T06:00:00,Avengers Compound,Vibranium (kg),2203.48,37.5,True
2023-05-05T06:00:00,Avengers Compound,Arc Reactor Cores,536.95,30.0,True
2023-05-05T06:00:00,Avengers Compound,Pym Particles,391.93,55.0,True
2023-05-05T06:00:00,Avengers Compound,Clean Water (L),1889.32,90.0,True
2023-05-05T06:00:00,Avengers Compound,Medical Kits,410.77,56.25,True
2023-05-05T07:00:00,New Asgard,Vibranium (kg),2166.87,40.41,True
2023-05-05T07:00:00,New Asgard,Arc Reactor Cores,499.08,32.33,True
2023-05-05T07:00:00,New Asgard,Pym Particles,332.28,59.27,True
2023-05-05T07:00:00,New Asgard,Clean Water (L),1789.6,96.99,True
2023-05-05T07:00:00,New Asgard,Medical Kits,342.34,60.62,True
2023-05-05T07:00:00,Wakanda,Vibranium (kg),2162.51,40.41,True
2023-05-05T07:00:00,Wakanda,Arc Reactor Cores,497.15,32.33,True
2023-05-05T07:00:00,Wakanda,Pym Particles,332.24,59.27,True
2023-05-05T07:00:00,Wakanda,Clean Water (L),1788.62,96.99,True
2023-05-05T07:00:00,Wakanda,Medical Kits,348.51,60.62,True
2023-05-05T07:00:00,Sokovia,Vibranium (kg),2168.06,40.41,True
2023-05-05T07:00:00,Sokovia,Arc Reactor Cores,505.78,32.33,True
2023-05-05T07:00:00,Sokovia,Pym Particles,342.58,59.27,True
2023-05-05T07:00:00,Sokovia,Clean Water (L),1785.69,96.99,True
2023-05-05T07:00:00,Sokovia,Medical Kits,353.77,60.62,True
2023-05-05T07:00:00,Sanctum Sanctorum,Vibranium (kg),2163.66,40.41,True
2023-05-05T07:00:00,Sanctum Sanctorum,Arc Reactor Cores,495.85,32.33,True
2023-05-05T07:00:00,Sanctum Sanctorum,Pym Particles,337.48,59.27,True
2023-05-05T07:00:00,Sanctum Sanctorum,Clean Water (L),1789.42,96.99,True
2023-05-05T07:00:00,Sanctum Sanctorum,Medical Kits,346.16,60.62,True
2023-05-05T07:00:00,Avengers Compound,Vibranium (kg),2162.67,40.41,True
2023-05-05T07:00:00,Avengers Compound,Arc Reactor Cores,504.64,32.33,True
2023-05-05T07:00:00,Avengers Compound,Pym Particles,332.17,59.27,True
2023-05-05T07:00:00,Avengers Compound,Clean Water (L),1791.69,96.99,True
2023-05-05T07:00:00,Avengers Compound,Medical Kits,350.47,60.62,True
2023-05-05T08:00:00,New Asgard,Vibranium (kg),2122.98,43.12,True
2023-05-05T08:00:00,New Asgard,Arc Reactor Cores,464.19,34.5,True
2023-05-05T08:00:00,New Asgard,Pym Particles,268.24,63.25,True
2023-05-05T08:00:00,New Asgard,Clean Water (L),1686.17,103.5,True
2023-05-05T08:00:00,New Asgard,Medical Kits,278.19,64.69,True
2023-05-05T08:00:00,Wakanda,Vibranium (kg),2118.62,43.12,True
2023-05-05T08:00:00,Wakanda,Arc Reactor Cores,463.64,34.5,True
2023-05-05T08:00:00,Wakanda,Pym Particles,269.97,63.25,True
2023-05-05T08:00:00,Wakanda,Clean Water (L),1684.74,103.5,True
2023-05-05T08:00:00,Wakanda,Medical Kits,282.82,64.69,True
2023-05-05T08:00:00,Sokovia,Vibranium (kg),2125.6,43.12,True
2023-05-05T08:00:00,Sokovia,Arc Reactor Cores,471.02,34.5,True
2023-05-05T08:00:00,Sokovia,Pym Particles,278.38,63.25,True
2023-05-05T08:00:00,Sokovia,Clean Water (L),1682.04,103.5,True
2023-05-05T08:00:00,Sokovia,Medical Kits,288.78,64.69,True
2023-05-05T08:00:00,Sanctum Sanctorum,Vibranium (kg),2121.43,43.12,True
2023-05-05T08:00:00,Sanctum Sanctorum,Arc Reactor Cores,461.93,34.5,True
2023-05-05T08:00:00,Sanctum Sanctorum,Pym Particles,274.17,63.25,True
2023-05-05T08:00:00,Sanctum Sanctorum,Clean Water (L),1684.96,103.5,True
2023-05-05T08:00:00,Sanctum Sanctorum,Medical Kits,282.24,64.69,True
2023-05-05T08:00:00,Avengers Compound,Vibranium (kg),2119.44,43.12,True
2023-05-05T08:00:00,Avengers Compound,Arc Reactor Cores,471.03,34.5,True
2023-05-05T08:00:00,Avengers Compound,Pym Particles,269.05,63.25,True
2023-05-05T08:00:00,Avengers Compound,Clean Water (L),1688.76,103.5,True
2023-05-05T08:00:00,Avengers Compound,Medical Kits,286.74,64.69,True
2023-05-05T09:00:00,New Asgard,Vibranium (kg),2076.7,45.45,True
2023-05-05T09:00:00,New Asgard,Arc Reactor Cores,427.5,36.36,True
2023-05-05T09:00:00,New Asgard,Pym Particles,201.86,66.67,True
2023-05-05T09:00:00,New Asgard,Clean Water (L),1576.88,109.09,True
2023-05-05T09:00:00,New Asgard,Medical Kits,209.07,68.18,True
2023-05-05T09:00:00,Wakanda,Vibranium (kg),2073.2,45.45,True
2023-05-05T09:00:00,Wakanda,Arc Reactor Cores,427.77,36.36,True
2023-05-05T09:00:00,Wakanda,Pym Particles,202.81,66.67,True
2023-05-05T09:00:00,Wakanda,Clean Water (L),1574.84,109.09,True
2023-05-05T09:00:00,Wakanda,Medical Kits,214.45,68.18,True
2023-05-05T09:00:00,Sokovia,Vibranium (kg),2080.12,45.45,True
2023-05-05T09:00:00,Sokovia,Arc Reactor Cores,433.75,36.36,True
2023-05-05T09:00:00,Sokovia,Pym Particles,210.72,66.67,True
2023-05-05T09:00:00,Sokovia,Clean Water (L),1572.89,109.09,True
2023-05-05T09:00:00,Sokovia,Medical Kits,221.5,68.18,True
2023-05-05T09:00:00,Sanctum Sanctorum,Vibranium (kg),2076.64,45.45,True
2023-05-05T09:00:00,Sanctum Sanctorum,Arc Reactor Cores,425.82,36.36,True
2023-05-05T09:00:00,Sanctum Sanctorum,Pym Particles,206.58,66.67,True
2023-05-05T09:00:00,Sanctum Sanctorum,Clean Water (L),1576.48,109.09,True
2023-05-05T09:00:00,Sanctum Sanctorum,Medical Kits,214.65,68.18,True
2023-05-05T09:00:00,Avengers Compound,Vibranium (kg),2073.45,45.45,True
2023-05-05T09:00:00,Avengers Compound,Arc Reactor Cores,433.69,36.36,True
2023-05-05T09:00:00,Avengers Compound,Pym Particles,202.92,66.67,True
2023-05-05T09:00:00,Avengers Compound,Clean Water (L),1579.01,109.09,True
2023-05-05T09:00:00,Avengers Compound,Medical Kits,218.23,68.18,True
2023-05-05T10:00:00,New Asgard,Vibranium (kg),2030.2,47.24,True
2023-05-05T10:00:00,New Asgard,Arc Reactor Cores,390.13,37.79,True
2023-05-05T10:00:00,New Asgard,Pym Particles,133.26,69.29,True
2023-05-05T10:00:00,New Asgard,Clean Water (L),1463.63,113.38,True
2023-05-05T10:00:00,New Asgard,Medical Kits,137.69,70.86,True
2023-05-05T10:00:00,Wakanda,Vibranium (kg),2026.19,47.24,True
2023-05-05T10:00:00,Wakanda,Arc Reactor Cores,389.86,37.79,True
2023-05-05T10:00:00,Wakanda,Pym Particles,133.86,69.29,True
2023-05-05T10:00:00,Wakanda,Clean Water (L),1462.34,113.38,True
2023-05-05T10:00:00,Wakanda,Medical Kits,143.79,70.86,True
2023-05-05T10:00:00,Sokovia,Vibranium (kg),2033.55,47.24,True
2023-05-05T10:00:00,Sokovia,Arc Reactor Cores,396.23,37.79,True
2023-05-05T10:00:00,Sokovia,Pym Particles,140.85,69.29,True
2023-05-05T10:00:00,Sokovia,Clean Water (L),1460.33,113.38,True
2023-05-05T10:00:00,Sokovia,Medical Kits,151.21,70.86,True
2023-05-05T10:00:00,Sanctum Sanctorum,Vibranium (kg),2028.64,47.24,True
2023-05-05T10:00:00,Sanctum Sanctorum,Arc Reactor Cores,387.26,37.79,True
2023-05-05T10:00:00,Sanctum Sanctorum,Pym Particles,138.27,69.29,True
2023-05-05T10:00:00,Sanctum Sanctorum,Clean Water (L),1462.15,113.38,True
2023-05-05T10:00:00,Sanctum Sanctorum,Medical Kits,143.12,70.86,True
2023-05-05T10:00:00,Avengers Compound,Vibranium (kg),2026.01,47.24,True
2023-05-05T10:00:00,Avengers Compound,Arc Reactor Cores,395.26,37.79,True
2023-05-05T10:00:00,Avengers Compound,Pym Particles,133.29,69.29,True
2023-05-05T10:00:00,Avengers Compound,Clean Water (L),1465.33,113.38,True
2023-05-05T10:00:00,Avengers Compound,Medical Kits,147.28,70.86,True
2023-05-05T11:00:00,New Asgard,Vibranium (kg),1981.28,48.37,True
2023-05-05T11:00:00,New Asgard,Arc Reactor Cores,351.6,38.69,True
2023-05-05T11:00:00,New Asgard,Pym Particles,61.55,70.94,True
2023-05-05T11:00:00,New Asgard,Clean Water (L),1347.4,116.08,True
2023-05-05T11:00:00,New Asgard,Medical Kits,64.29,72.55,True
2023-05-05T11:00:00,Wakanda,Vibranium (kg),1978.01,48.37,True
2023-05-05T11:00:00,Wakanda,Arc Reactor Cores,350.29,38.69,True
2023-05-05T11:00:00,Wakanda,Pym Particles,62.47,70.94,True
2023-05-05T11:00:00,Wakanda,Clean Water (L),1346.16,116.08,True
2023-05-05T11:00:00,Wakanda,Medical Kits,71.33,72.55,True
2023-05-05T11:00:00,Sokovia,Vibranium (kg),1985.66,48.37,True
2023-05-05T11:00:00,Sokovia,Arc Reactor Cores,358.09,38.69,True
2023-05-05T11:00:00,Sokovia,Pym Particles,69.11,70.94,True
2023-05-05T11:00:00,Sokovia,Clean Water (L),1343.61,116.08,True
2023-05-05T11:00:00,Sokovia,Medical Kits,77.67,72.55,True
2023-05-05T11:00:00,Sanctum Sanctorum,Vibranium (kg),1979.43,48.37,True
2023-05-05T11:00:00,Sanctum Sanctorum,Arc Reactor Cores,349.43,38.69,True
2023-05-05T11:00:00,Sanctum Sanctorum,Pym Particles,67.36,70.94,True
2023-05-05T11:00:00,Sanctum Sanctorum,Clean Water (L),1346.17,116.08,True
2023-05-05T11:00:00,Sanctum Sanctorum,Medical Kits,69.74,72.55,True
2023-05-05T11:00:00,Avengers Compound,Vibranium (kg),1978.49,48.37,True
2023-05-05T11:00:00,Avengers Compound,Arc Reactor Cores,356.16,38.69,True
2023-05-05T11:00:00,Avengers Compound,Pym Particles,62.1,70.94,True
2023-05-05T11:00:00,Avengers Compound,Clean Water (L),1350.02,116.08,True
2023-05-05T11:00:00,Avengers Compound,Medical Kits,74.31,72.55,True
2023-05-05T12:00:00,New Asgard,Vibranium (kg),2001.7,6.5,False
2023-05-05T12:00:00,New Asgard,Arc Reactor Cores,367.1,7.8,False
2023-05-05T12:00:00,New Asgard,Pym Particles,91.62,7.15,False
2023-05-05T12:00:00,New Asgard,Clean Water (L),1398.93,7.8,False
2023-05-05T12:00:00,New Asgard,Medical Kits,95.92,5.85,False
2023-05-05T12:00:00,Wakanda,Vibranium (kg),1997.39,6.5,False
2023-05-05T12:00:00,Wakanda,Arc Reactor Cores,364.96,7.8,False
2023-05-05T12:00:00,Wakanda,Pym Particles,92.87,7.15,False
2023-05-05T12:00:00,Wakanda,Clean Water (L),1397.63,7.8,False
2023-05-05T12:00:00,Wakanda,Medical Kits,103.29,5.85,False
2023-05-05T12:00:00,Sokovia,Vibranium (kg),2005.03,6.5,False
2023-05-05T12:00:00,Sokovia,Arc Reactor Cores,374.48,7.8,False
2023-05-05T12:00:00,Sokovia,Pym Particles,98.96,7.15,False
2023-05-05T12:00:00,Sokovia,Clean Water (L),1394.04,7.8,False
2023-05-05T12:00:00,Sokovia,Medical Kits,108.94,5.85,False
2023-05-05T12:00:00,Sanctum Sanctorum,Vibranium (kg),1998.85,6.5,False
2023-05-05T12:00:00,Sanctum Sanctorum,Arc Reactor Cores,364.2,7.8,False
2023-05-05T12:00:00,Sanctum Sanctorum,Pym Particles,96.74,7.15,False
2023-05-05T12:00:00,Sanctum Sanctorum,Clean Water (L),1396.96,7.8,False
2023-05-05T12:00:00,Sanctum Sanctorum,Medical Kits,100.79,5.85,False
2023-05-05T12:00:00,Avengers Compound,Vibranium (kg),1999.23,6.5,False
2023-05-05T12:00:00,Avengers Compound,Arc Reactor Cores,372.7,7.8,False
2023-05-05T12:00:00,Avengers Compound,Pym Particles,93.43,7.15,False
2023-05-05T12:00:00,Avengers Compound,Clean Water (L),1402.18,7.8,False
2023-05-05T12:00:00,Avengers Compound,Medical Kits,106.49,5.85,False
2023-05-05T13:00:00,New Asgard,Vibranium (kg),2022.82,6.45,False
2023-05-05T13:00:00,New Asgard,Arc Reactor Cores,382.98,7.74,False
2023-05-05T13:00:00,New Asgard,Pym Particles,120.95,7.09,False
2023-05-05T13:00:00,New Asgard,Clean Water (L),1447.31,7.74,False
2023-05-05T13:00:00,New Asgard,Medical Kits,124.93,5.8,False
2023-05-05T13:00:00,Wakanda,Vibranium (kg),2017.41,6.45,False
2023-05-05T13:00:00,Wakanda,Arc Reactor Cores,379.61,7.74,False
2023-05-05T13:00:00,Wakanda,Pym Particles,123.02,7.09,False
2023-05-05T13:00:00,Wakanda,Clean Water (L),1446.58,7.74,False
2023-05-05T13:00:00,Wakanda,Medical Kits,133.35,5.8,False
2023-05-05T13:00:00,Sokovia,Vibranium (kg),2024.82,6.45,False
2023-05-05T13:00:00,Sokovia,Arc Reactor Cores,387.95,7.74,False
2023-05-05T13:00:00,Sokovia,Pym Particles,127.52,7.09,False
2023-05-05T13:00:00,Sokovia,Clean Water (L),1441.39,7.74,False
2023-05-05T13:00:00,Sokovia,Medical Kits,137.73,5.8,False
2023-05-05T13:00:00,Sanctum Sanctorum,Vibranium (kg),2018.13,6.45,False
2023-05-05T13:00:00,Sanctum Sanctorum,Arc Reactor Cores,379.72,7.74,False
2023-05-05T13:00:00,Sanctum Sanctorum,Pym Particles,125.54,7.09,False
2023-05-05T13:00:00,Sanctum Sanctorum,Clean Water (L),1443.73,7.74,False
2023-05-05T13:00:00,Sanctum Sanctorum,Medical Kits,131.07,5.8,False
2023-05-05T13:00:00,Avengers Compound,Vibranium (kg),2017.55,6.45,False
2023-05-05T13:00:00,Avengers Compound,Arc Reactor Cores,387.22,7.74,False
2023-05-05T13:00:00,Avengers Compound,Pym Particles,121.66,7.09,False
2023-05-05T13:00:00,Avengers Compound,Clean Water (L),1451.67,7.74,False
2023-05-05T13:00:00,Avengers Compound,Medical Kits,136.64,5.8,False
2023-05-05T14:00:00,New Asgard,Vibranium (kg),2041.65,6.3,False
2023-05-05T14:00:00,New Asgard,Arc Reactor Cores,397.1,7.56,False
2023-05-05T14:00:00,New Asgard,Pym Particles,147.99,6.93,False
2023-05-05T14:00:00,New Asgard,Clean Water (L),1492.39,7.56,False
2023-05-05T14:00:00,New Asgard,Medical Kits,153.9,5.67,False
2023-05-05T14:00:00,Wakanda,Vibranium (kg),2036.01,6.3,False
2023-05-05T14:00:00,Wakanda,Arc Reactor Cores,394.43,7.56,False
2023-05-05T14:00:00,Wakanda,Pym Particles,151.0,6.93,False
2023-05-05T14:00:00,Wakanda,Clean Water (L),1492.81,7.56,False
2023-05-05T14:00:00,Wakanda,Medical Kits,160.68,5.67,False
2023-05-05T14:00:00,Sokovia,Vibranium (kg),2044.81,6.3,False
2023-05-05T14:00:00,Sokovia,Arc Reactor Cores,402.12,7.56,False
2023-05-05T14:00:00,Sokovia,Pym Particles,154.8,6.93,False
2023-05-05T14:00:00,Sokovia,Clean Water (L),1488.18,7.56,False
2023-05-05T14:00:00,Sokovia,Medical Kits,164.97,5.67,False
2023-05-05T14:00:00,Sanctum Sanctorum,Vibranium (kg),2037.75,6.3,False
2023-05-05T14:00:00,Sanctum Sanctorum,Arc Reactor Cores,394.33,7.56,False
2023-05-05T14:00:00,Sanctum Sanctorum,Pym Particles,152.47,6.93,False
2023-05-05T14:00:00,Sanctum Sanctorum,Clean Water (L),1491.49,7.56,False
2023-05-05T14:00:00,Sanctum Sanctorum,Medical Kits,159.88,5.67,False
2023-05-05T14:00:00,Avengers Compound,Vibranium (kg),2036.14,6.3,False
2023-05-05T14:00:00,Avengers Compound,Arc Reactor Cores,400.86,7.56,False
2023-05-05T14:00:00,Avengers Compound,Pym Particles,149.05,6.93,False
2023-05-05T14:00:00,Avengers Compound,Clean Water (L),1498.4,7.56,False
2023-05-05T14:00:00,Avengers Compound,Medical Kits,163.94,5.67,False
2023-05-05T15:00:00,New Asgard,Vibranium (kg),2060.94,6.06,False
2023-05-05T15:00:00,New Asgard,Arc Reactor Cores,410.93,7.27,False
2023-05-05T15:00:00,New Asgard,Pym Particles,174.92,6.67,False
2023-05-05T15:00:00,New Asgard,Clean Water (L),1537.85,7.27,False
2023-05-05T15:00:00,New Asgard,Medical Kits,181.38,5.45,False
2023-05-05T15:00:00,Wakanda,Vibranium (kg),2054.15,6.06,False
2023-05-05T15:00:00,Wakanda,Arc Reactor Cores,408.81,7.27,False
2023-05-05T15:00:00,Wakanda,Pym Particles,177.87,6.67,False
2023-05-05T15:00:00,Wakanda,Clean Water (L),1537.19,7.27,False
2023-05-05T15:00:00,Wakanda,Medical Kits,188.76,5.45,False
2023-05-05T15:00:00,Sokovia,Vibranium (kg),2062.63,6.06,False
2023-05-05T15:00:00,Sokovia,Arc Reactor Cores,414.88,7.27,False
2023-05-05T15:00:00,Sokovia,Pym Particles,179.86,6.67,False
2023-05-05T15:00:00,Sokovia,Clean Water (L),1532.75,7.27,False
2023-05-05T15:00:00,Sokovia,Medical Kits,190.83,5.45,False
2023-05-05T15:00:00,Sanctum Sanctorum,Vibranium (kg),2055.33,6.06,False
2023-05-05T15:00:00,Sanctum Sanctorum,Arc Reactor Cores,408.05,7.27,False
2023-05-05T15:00:00,Sanctum Sanctorum,Pym Particles,179.43,6.67,False
2023-05-05T15:00:00,Sanctum Sanctorum,Clean Water (L),1535.47,7.27,False
2023-05-05T15:00:00,Sanctum Sanctorum,Medical Kits,188.42,5.45,False
2023-05-05T15:00:00,Avengers Compound,Vibranium (kg),2054.74,6.06,False
2023-05-05T15:00:00,Avengers Compound,Arc Reactor Cores,414.89,7.27,False
2023-05-05T15:00:00,Avengers Compound,Pym Particles,176.67,6.67,False
2023-05-05T15:00:00,Avengers Compound,Clean Water (L),1542.74,7.27,False
2023-05-05T15:00:00,Avengers Compound,Medical Kits,191.2,5.45,False
2023-05-05T16:00:00,New Asgard,Vibranium (kg),2078.73,5.75,False
2023-05-05T16:00:00,New Asgard,Arc Reactor Cores,425.8,6.9,False
2023-05-05T16:00:00,New Asgard,Pym Particles,199.39,6.32,False
2023-05-05T16:00:00,New Asgard,Clean Water (L),1579.96,6.9,False
2023-05-05T16:00:00,New Asgard,Medical Kits,207.17,5.17,False
2023-05-05T16:00:00,Wakanda,Vibranium (kg),2070.94,5.75,False
2023-05-05T16:00:00,Wakanda,Arc Reactor Cores,421.92,6.9,False
2023-05-05T16:00:00,Wakanda,Pym Particles,202.85,6.32,False
2023-05-05T16:00:00,Wakanda,Clean Water (L),1578.66,6.9,False
2023-05-05T16:00:00,Wakanda,Medical Kits,214.52,5.17,False
2023-05-05T16:00:00,Sokovia,Vibranium (kg),2078.9,5.75,False
2023-05-05T16:00:00,Sokovia,Arc Reactor Cores,428.76,6.9,False
2023-05-05T16:00:00,Sokovia,Pym Particles,204.7,6.32,False
2023-05-05T16:00:00,Sokovia,Clean Water (L),1574.36,6.9,False
2023-05-05T16:00:00,Sokovia,Medical Kits,218.15,5.17,False
2023-05-05T16:00:00,Sanctum Sanctorum,Vibranium (kg),2072.39,5.75,False
2023-05-05T16:00:00,Sanctum Sanctorum,Arc Reactor Cores,421.94,6.9,False
2023-05-05T16:00:00,Sanctum Sanctorum,Pym Particles,204.11,6.32,False
2023-05-05T16:00:00,Sanctum Sanctorum,Clean Water (L),1577.44,6.9,False
2023-05-05T16:00:00,Sanctum Sanctorum,Medical Kits,214.49,5.17,False
2023-05-05T16:00:00,Avengers Compound,Vibranium (kg),2073.09,5.75,False
2023-05-05T16:00:00,Avengers Compound,Arc Reactor Cores,427.26,6.9,False
2023-05-05T16:00:00,Avengers Compound,Pym Particles,201.84,6.32,False
2023-05-05T16:00:00,Avengers Compound,Clean Water (L),1584.02,6.9,False
2023-05-05T16:00:00,Avengers Compound,Medical Kits,217.61,5.17,False
2023-05-05T17:00:00,New Asgard,Vibranium (kg),2093.74,5.39,False
2023-05-05T17:00:00,New Asgard,Arc Reactor Cores,440.03,6.47,False
2023-05-05T17:00:00,New Asgard,Pym Particles,225.28,5.93,False
2023-05-05T17:00:00,New Asgard,Clean Water (L),1621.84,6.47,False
2023-05-05T17:00:00,New Asgard,Medical Kits,232.63,4.85,False
2023-05-05T17:00:00,Wakanda,Vibranium (kg),2088.03,5.39,False
2023-05-05T17:00:00,Wakanda,Arc Reactor Cores,435.36,6.47,False
2023-05-05T17:00:00,Wakanda,Pym Particles,227.87,5.93,False
2023-05-05T17:00:00,Wakanda,Clean Water (L),1618.21,6.47,False
2023-05-05T17:00:00,Wakanda,Medical Kits,238.78,4.85,False
2023-05-05T17:00:00,Sokovia,Vibranium (kg),2094.64,5.39,False
2023-05-05T17:00:00,Sokovia,Arc Reactor Cores,442.75,6.47,False
2023-05-05T17:00:00,Sokovia,Pym Particles,230.66,5.93,False
2023-05-05T17:00:00,Sokovia,Clean Water (L),1614.8,6.47,False
2023-05-05T17:00:00,Sokovia,Medical Kits,244.12,4.85,False
2023-05-05T17:00:00,Sanctum Sanctorum,Vibranium (kg),2088.82,5.39,False
2023-05-05T17:00:00,Sanctum Sanctorum,Arc Reactor Cores,435.18,6.47,False
2023-05-05T17:00:00,Sanctum Sanctorum,Pym Particles,228.1,5.93,False
2023-05-05T17:00:00,Sanctum Sanctorum,Clean Water (L),1617.63,6.47,False
2023-05-05T17:00:00,Sanctum Sanctorum,Medical Kits,239.91,4.85,False
2023-05-05T17:00:00,Avengers Compound,Vibranium (kg),2089.56,5.39,False
2023-05-05T17:00:00,Avengers Compound,Arc Reactor Cores,440.51,6.47,False
2023-05-05T17:00:00,Avengers Compound,Pym Particles,226.16,5.93,False
2023-05-05T17:00:00,Avengers Compound,Clean Water (L),1623.16,6.47,False
2023-05-05T17:00:00,Avengers Compound,Medical Kits,241.71,4.85,False
2023-05-05T18:00:00,New Asgard,Vibranium (kg),2110.19,5.0,False
2023-05-05T18:00:00,New Asgard,Arc Reactor Cores,452.65,6.0,False
2023-05-05T18:00:00,New Asgard,Pym Particles,248.52,5.5,False
2023-05-05T18:00:00,New Asgard,Clean Water (L),1661.33,6.0,False
2023-05-05T18:00:00,New Asgard,Medical Kits,256.29,4.5,False
2023-05-05T18:00:00,Wakanda,Vibranium (kg),2104.95,5.0,False
2023-05-05T18:00:00,Wakanda,Arc Reactor Cores,449.46,6.0,False
2023-05-05T18:00:00,Wakanda,Pym Particles,251.85,5.5,False
2023-05-05T18:00:00,Wakanda,Clean Water (L),1658.09,6.0,False
2023-05-05T18:00:00,Wakanda,Medical Kits,262.75,4.5,False
2023-05-05T18:00:00,Sokovia,Vibranium (kg),2110.15,5.0,False
2023-05-05T18:00:00,Sokovia,Arc Reactor Cores,456.54,6.0,False
2023-05-05T18:00:00,Sokovia,Pym Particles,254.34,5.5,False
2023-05-05T18:00:00,Sokovia,Clean Water (L),1654.54,6.0,False
2023-05-05T18:00:00,Sokovia,Medical Kits,267.49,4.5,False
2023-05-05T18:00:00,Sanctum Sanctorum,Vibranium (kg),2105.16,5.0,False
2023-05-05T18:00:00,Sanctum Sanctorum,Arc Reactor Cores,449.17,6.0,False
2023-05-05T18:00:00,Sanctum Sanctorum,Pym Particles,253.17,5.5,False
2023-05-05T18:00:00,Sanctum Sanctorum,Clean Water (L),1656.68,6.0,False
2023-05-05T18:00:00,Sanctum Sanctorum,Medical Kits,264.1,4.5,False
2023-05-05T18:00:00,Avengers Compound,Vibranium (kg),2106.67,5.0,False
2023-05-05T18:00:00,Avengers Compound,Arc Reactor Cores,452.45,6.0,False
2023-05-05T18:00:00,Avengers Compound,Pym Particles,250.94,5.5,False
2023-05-05T18:00:00,Avengers Compound,Clean Water (L),1662.76,6.0,False
2023-05-05T18:00:00,Avengers Compound,Medical Kits,265.95,4.5,False
2023-05-05T19:00:00,New Asgard,Vibranium (kg),2127.89,4.61,False
2023-05-05T19:00:00,New Asgard,Arc Reactor Cores,466.07,5.53,False
2023-05-05T19:00:00,New Asgard,Pym Particles,270.67,5.07,False
2023-05-05T19:00:00,New Asgard,Clean Water (L),1699.22,5.53,False
2023-05-05T19:00:00,New Asgard,Medical Kits,280.09,4.15,False
2023-05-05T19:00:00,Wakanda,Vibranium (kg),2120.08,4.61,False
2023-05-05T19:00:00,Wakanda,Arc Reactor Cores,462.11,5.53,False
2023-05-05T19:00:00,Wakanda,Pym Particles,276.01,5.07,False
2023-05-05T19:00:00,Wakanda,Clean Water (L),1695.5,5.53,False
2023-05-05T19:00:00,Wakanda,Medical Kits,287.27,4.15,False
2023-05-05T19:00:00,Sokovia,Vibranium (kg),2126.16,4.61,False
2023-05-05T19:00:00,Sokovia,Arc Reactor Cores,468.78,5.53,False
2023-05-05T19:00:00,Sokovia,Pym Particles,277.51,5.07,False
2023-05-05T19:00:00,Sokovia,Clean Water (L),1693.93,5.53,False
2023-05-05T19:00:00,Sokovia,Medical Kits,291.07,4.15,False
2023-05-05T19:00:00,Sanctum Sanctorum,Vibranium (kg),2120.95,4.61,False
2023-05-05T19:00:00,Sanctum Sanctorum,Arc Reactor Cores,461.73,5.53,False
2023-05-05T19:00:00,Sanctum Sanctorum,Pym Particles,276.12,5.07,False
2023-05-05T19:00:00,Sanctum Sanctorum,Clean Water (L),1693.26,5.53,False
2023-05-05T19:00:00,Sanctum Sanctorum,Medical Kits,287.2,4.15,False
2023-05-05T19:00:00,Avengers Compound,Vibranium (kg),2121.39,4.61,False
2023-05-05T19:00:00,Avengers Compound,Arc Reactor Cores,464.94,5.53,False
2023-05-05T19:00:00,Avengers Compound,Pym Particles,275.47,5.07,False
2023-05-05T19:00:00,Avengers Compound,Clean Water (L),1698.93,5.53,False
2023-05-05T19:00:00,Avengers Compound,Medical Kits,290.89,4.15,False
2023-05-05T20:00:00,New Asgard,Vibranium (kg),2143.14,4.25,False
2023-05-05T20:00:00,New Asgard,Arc Reactor Cores,478.41,5.1,False
2023-05-05T20:00:00,New Asgard,Pym Particles,293.23,4.68,False
2023-05-05T20:00:00,New Asgard,Clean Water (L),1735.49,5.1,False
2023-05-05T20:00:00,New Asgard,Medical Kits,304.57,3.83,False
2023-05-05T20:00:00,Wakanda,Vibranium (kg),2136.61,4.25,False
2023-05-05T20:00:00,Wakanda,Arc Reactor Cores,475.56,5.1,False
2023-05-05T20:00:00,Wakanda,Pym Particles,299.68,4.68,False
2023-05-05T20:00:00,Wakanda,Clean Water (L),1732.33,5.1,False
2023-05-05T20:00:00,Wakanda,Medical Kits,309.55,3.83,False
2023-05-05T20:00:00,Sokovia,Vibranium (kg),2143.41,4.25,False
2023-05-05T20:00:00,Sokovia,Arc Reactor Cores,481.53,5.1,False
2023-05-05T20:00:00,Sokovia,Pym Particles,301.32,4.68,False
2023-05-05T20:00:00,Sokovia,Clean Water (L),1728.84,5.1,False
2023-05-05T20:00:00,Sokovia,Medical Kits,313.48,3.83,False
2023-05-05T20:00:00,Sanctum Sanctorum,Vibranium (kg),2136.37,4.25,False
2023-05-05T20:00:00,Sanctum Sanctorum,Arc Reactor Cores,475.92,5.1,False
2023-05-05T20:00:00,Sanctum Sanctorum,Pym Particles,300.01,4.68,False
2023-05-05T20:00:00,Sanctum Sanctorum,Clean Water (L),1730.0,5.1,False
2023-05-05T20:00:00,Sanctum Sanctorum,Medical Kits,309.39,3.83,False
2023-05-05T20:00:00,Avengers Compound,Vibranium (kg),2138.52,4.25,False
2023-05-05T20:00:00,Avengers Compound,Arc Reactor Cores,477.05,5.1,False
2023-05-05T20:00:00,Avengers Compound,Pym Particles,299.44,4.68,False
2023-05-05T20:00:00,Avengers Compound,Clean Water (L),1734.0,5.1,False
2023-05-05T20:00:00,Avengers Compound,Medical Kits,314.14,3.83,False
2023-05-05T21:00:00,New Asgard,Vibranium (kg),2157.7,3.94,False
2023-05-05T21:00:00,New Asgard,Arc Reactor Cores,489.89,4.73,False
2023-05-05T21:00:00,New Asgard,Pym Particles,314.82,4.33,False
2023-05-05T21:00:00,New Asgard,Clean Water (L),1771.12,4.73,False
2023-05-05T21:00:00,New Asgard,Medical Kits,327.56,3.55,False
2023-05-05T21:00:00,Wakanda,Vibranium (kg),2150.95,3.94,False
2023-05-05T21:00:00,Wakanda,Arc Reactor Cores,487.46,4.73,False
2023-05-05T21:00:00,Wakanda,Pym Particles,320.73,4.33,False
2023-05-05T21:00:00,Wakanda,Clean Water (L),1766.91,4.73,False
2023-05-05T21:00:00,Wakanda,Medical Kits,332.51,3.55,False
2023-05-05T21:00:00,Sokovia,Vibranium (kg),2159.99,3.94,False
2023-05-05T21:00:00,Sokovia,Arc Reactor Cores,493.29,4.73,False
2023-05-05T21:00:00,Sokovia,Pym Particles,322.19,4.33,False
2023-05-05T21:00:00,Sokovia,Clean Water (L),1763.77,4.73,False
2023-05-05T21:00:00,Sokovia,Medical Kits,335.52,3.55,False
2023-05-05T21:00:00,Sanctum Sanctorum,Vibranium (kg),2151.07,3.94,False
2023-05-05T21:00:00,Sanctum Sanctorum,Arc Reactor Cores,488.74,4.73,False
2023-05-05T21:00:00,Sanctum Sanctorum,Pym Particles,323.29,4.33,False
2023-05-05T21:00:00,Sanctum Sanctorum,Clean Water (L),1764.68,4.73,False
2023-05-05T21:00:00,Sanctum Sanctorum,Medical Kits,333.1,3.55,False
2023-05-05T21:00:00,Avengers Compound,Vibranium (kg),2152.16,3.94,False
2023-05-05T21:00:00,Avengers Compound,Arc Reactor Cores,490.1,4.73,False
2023-05-05T21:00:00,Avengers Compound,Pym Particles,321.83,4.33,False
2023-05-05T21:00:00,Avengers Compound,Clean Water (L),1767.96,4.73,False
2023-05-05T21:00:00,Avengers Compound,Medical Kits,335.89,3.55,False
2023-05-05T22:00:00,New Asgard,Vibranium (kg),2172.45,3.7,False
2023-05-05T22:00:00,New Asgard,Arc Reactor Cores,503.73,4.44,False
2023-05-05T22:00:00,New Asgard,Pym Particles,334.71,4.07,False
2023-05-05T22:00:00,New Asgard,Clean Water (L),1802.66,4.44,False
2023-05-05T22:00:00,New Asgard,Medical Kits,347.95,3.33,False
2023-05-05T22:00:00,Wakanda,Vibranium (kg),2164.76,3.7,False
2023-05-05T22:00:00,Wakanda,Arc Reactor Cores,500.44,4.44,False
2023-05-05T22:00:00,Wakanda,Pym Particles,341.81,4.07,False
2023-05-05T22:00:00,Wakanda,Clean Water (L),1798.67,4.44,False
2023-05-05T22:00:00,Wakanda,Medical Kits,354.21,3.33,False
2023-05-05T22:00:00,Sokovia,Vibranium (kg),2172.85,3.7,False
2023-05-05T22:00:00,Sokovia,Arc Reactor Cores,504.31,4.44,False
2023-05-05T22:00:00,Sokovia,Pym Particles,343.54,4.07,False
2023-05-05T22:00:00,Sokovia,Clean Water (L),1795.76,4.44,False
2023-05-05T22:00:00,Sokovia,Medical Kits,356.38,3.33,False
2023-05-05T22:00:00,Sanctum Sanctorum,Vibranium (kg),2165.63,3.7,False
2023-05-05T22:00:00,Sanctum Sanctorum,Arc Reactor Cores,501.22,4.44,False
2023-05-05T22:00:00,Sanctum Sanctorum,Pym Particles,343.91,4.07,False
2023-05-05T22:00:00,Sanctum Sanctorum,Clean Water (L),1799.39,4.44,False
2023-05-05T22:00:00,Sanctum Sanctorum,Medical Kits,353.4,3.33,False
2023-05-05T22:00:00,Avengers Compound,Vibranium (kg),2165.59,3.7,False
2023-05-05T22:00:00,Avengers Compound,Arc Reactor Cores,501.97,4.44,False
2023-05-05T22:00:00,Avengers Compound,Pym Particles,342.5,4.07,False
2023-05-05T22:00:00,Avengers Compound,Clean Water (L),1800.11,4.44,False
2023-05-05T22:00:00,Avengers Compound,Medical Kits,357.6,3.33,False
2023-05-05T23:00:00,New Asgard,Vibranium (kg),2185.28,3.55,False
2023-05-05T23:00:00,New Asgard,Arc Reactor Cores,515.15,4.26,False
2023-05-05T23:00:00,New Asgard,Pym Particles,355.52,3.91,False
2023-05-05T23:00:00,New Asgard,Clean Water (L),1834.52,4.26,False
2023-05-05T23:00:00,New Asgard,Medical Kits,369.78,3.2,False
2023-05-05T23:00:00,Wakanda,Vibranium (kg),2179.71,3.55,False
2023-05-05T23:00:00,Wakanda,Arc Reactor Cores,511.25,4.26,False
2023-05-05T23:00:00,Wakanda,Pym Particles,362.36,3.91,False
2023-05-05T23:00:00,Wakanda,Clean Water (L),1829.9,4.26,False
2023-05-05T23:00:00,Wakanda,Medical Kits,374.78,3.2,False
2023-05-05T23:00:00,Sokovia,Vibranium (kg),2185.79,3.55,False
2023-05-05T23:00:00,Sokovia,Arc Reactor Cores,515.71,4.26,False
2023-05-05T23:00:00,Sokovia,Pym Particles,362.63,3.91,False
2023-05-05T23:00:00,Sokovia,Clean Water (L),1828.46,4.26,False
2023-05-05T23:00:00,Sokovia,Medical Kits,376.71,3.2,False
2023-05-05T23:00:00,Sanctum Sanctorum,Vibranium (kg),2179.95,3.55,False
2023-05-05T23:00:00,Sanctum Sanctorum,Arc Reactor Cores,513.06,4.26,False
2023-05-05T23:00:00,Sanctum Sanctorum,Pym Particles,363.17,3.91,False
2023-05-05T23:00:00,Sanctum Sanctorum,Clean Water (L),1830.95,4.26,False
2023-05-05T23:00:00,Sanctum Sanctorum,Medical Kits,374.77,3.2,False
2023-05-05T23:00:00,Avengers Compound,Vibranium (kg),2179.31,3.55,False
2023-05-05T23:00:00,Avengers Compound,Arc Reactor Cores,513.24,4.26,False
2023-05-05T23:00:00,Avengers Compound,Pym Particles,361.56,3.91,False
2023-05-05T23:00:00,Avengers Compound,Clean Water (L),1832.09,4.26,False
2023-05-05T23:00:00,Avengers Compound,Medical Kits,375.96,3.2,False
2023-05-06T00:00:00,New Asgard,Vibranium (kg),2198.21,3.5,False
2023-05-06T00:00:00,New Asgard,Arc Reactor Cores,525.16,4.2,False
2023-05-06T00:00:00,New Asgard,Pym Particles,376.32,3.85,False
2023-05-06T00:00:00,New Asgard,Clean Water (L),1865.57,4.2,False
2023-05-06T00:00:00,New Asgard,Medical Kits,389.02,3.15,False
2023-05-06T00:00:00,Wakanda,Vibranium (kg),2193.95,3.5,False
2023-05-06T00:00:00,Wakanda,Arc Reactor Cores,521.84,4.2,False
2023-05-06T00:00:00,Wakanda,Pym Particles,380.8,3.85,False
2023-05-06T00:00:00,Wakanda,Clean Water (L),1859.91,4.2,False
2023-05-06T00:00:00,Wakanda,Medical Kits,394.28,3.15,False
2023-05-06T00:00:00,Sokovia,Vibranium (kg),2199.34,3.5,False
2023-05-06T00:00:00,Sokovia,Arc Reactor Cores,526.75,4.2,False
2023-05-06T00:00:00,Sokovia,Pym Particles,380.52,3.85,False
2023-05-06T00:00:00,Sokovia,Clean Water (L),1857.95,4.2,False
2023-05-06T00:00:00,Sokovia,Medical Kits,395.04,3.15,False
2023-05-06T00:00:00,Sanctum Sanctorum,Vibranium (kg),2192.37,3.5,False
2023-05-06T00:00:00,Sanctum Sanctorum,Arc Reactor Cores,524.49,4.2,False
2023-05-06T00:00:00,Sanctum Sanctorum,Pym Particles,381.64,3.85,False
2023-05-06T00:00:00,Sanctum Sanctorum,Clean Water (L),1861.76,4.2,False
2023-05-06T00:00:00,Sanctum Sanctorum,Medical Kits,394.96,3.15,False
2023-05-06T00:00:00,Avengers Compound,Vibranium (kg),2193.96,3.5,False
2023-05-06T00:00:00,Avengers Compound,Arc Reactor Cores,525.71,4.2,False
2023-05-06T00:00:00,Avengers Compound,Pym Particles,380.77,3.85,False
2023-05-06T00:00:00,Avengers Compound,Clean Water (L),1861.17,4.2,False
2023-05-06T00:00:00,Avengers Compound,Medical Kits,395.92,3.15,False
2023-05-06T01:00:00,New Asgard,Vibranium (kg),2211.65,3.55,False
2023-05-06T01:00:00,New Asgard,Arc Reactor Cores,535.66,4.26,False
2023-05-06T01:00:00,New Asgard,Pym Particles,394.97,3.91,False
2023-05-06T01:00:00,New Asgard,Clean Water (L),1894.76,4.26,False
2023-05-06T01:00:00,New Asgard,Medical Kits,406.1,3.2,False
2023-05-06T01:00:00,Wakanda,Vibranium (kg),2205.31,3.55,False
2023-05-06T01:00:00,Wakanda,Arc Reactor Cores,532.67,4.26,False
2023-05-06T01:00:00,Wakanda,Pym Particles,399.78,3.91,False
2023-05-06T01:00:00,Wakanda,Clean Water (L),1888.17,4.26,False
2023-05-06T01:00:00,Wakanda,Medical Kits,414.17,3.2,False
2023-05-06T01:00:00,Sokovia,Vibranium (kg),2213.37,3.55,False
2023-05-06T01:00:00,Sokovia,Arc Reactor Cores,536.78,4.26,False
2023-05-06T01:00:00,Sokovia,Pym Particles,398.24,3.91,False
2023-05-06T01:00:00,Sokovia,Clean Water (L),1886.44,4.26,False
2023-05-06T01:00:00,Sokovia,Medical Kits,412.43,3.2,False
2023-05-06T01:00:00,Sanctum Sanctorum,Vibranium (kg),2205.15,3.55,False
2023-05-06T01:00:00,Sanctum Sanctorum,Arc Reactor Cores,535.06,4.26,False
2023-05-06T01:00:00,Sanctum Sanctorum,Pym Particles,398.71,3.91,False
2023-05-06T01:00:00,Sanctum Sanctorum,Clean Water (L),1891.17,4.26,False
2023-05-06T01:00:00,Sanctum Sanctorum,Medical Kits,413.52,3.2,False
2023-05-06T01:00:00,Avengers Compound,Vibranium (kg),2208.02,3.55,False
2023-05-06T01:00:00,Avengers Compound,Arc Reactor Cores,535.94,4.26,False
2023-05-06T01:00:00,Avengers Compound,Pym Particles,399.58,3.91,False
2023-05-06T01:00:00,Avengers Compound,Clean Water (L),1888.93,4.26,False
2023-05-06T01:00:00,Avengers Compound,Medical Kits,414.31,3.2,False
2023-05-06T02:00:00,New Asgard,Vibranium (kg),2224.25,3.7,False
2023-05-06T02:00:00,New Asgard,Arc Reactor Cores,545.58,4.44,False
2023-05-06T02:00:00,New Asgard,Pym Particles,411.04,4.07,False
2023-05-06T02:00:00,New Asgard,Clean Water (L),1921.14,4.44,False
2023-05-06T02:00:00,New Asgard,Medical Kits,423.44,3.33,False
2023-05-06T02:00:00,Wakanda,Vibranium (kg),2217.67,3.7,False
2023-05-06T02:00:00,Wakanda,Arc Reactor Cores,542.9,4.44,False
2023-05-06T02:00:00,Wakanda,Pym Particles,416.69,4.07,False
2023-05-06T02:00:00,Wakanda,Clean Water (L),1913.98,4.44,False
2023-05-06T02:00:00,Wakanda,Medical Kits,431.31,3.33,False
2023-05-06T02:00:00,Sokovia,Vibranium (kg),2225.26,3.7,False
2023-05-06T02:00:00,Sokovia,Arc Reactor Cores,545.02,4.44,False
2023-05-06T02:00:00,Sokovia,Pym Particles,415.22,4.07,False
2023-05-06T02:00:00,Sokovia,Clean Water (L),1913.35,4.44,False
2023-05-06T02:00:00,Sokovia,Medical Kits,430.36,3.33,False
2023-05-06T02:00:00,Sanctum Sanctorum,Vibranium (kg),2217.54,3.7,False
2023-05-06T02:00:00,Sanctum Sanctorum,Arc Reactor Cores,546.54,4.44,False
2023-05-06T02:00:00,Sanctum Sanctorum,Pym Particles,416.29,4.07,False
2023-05-06T02:00:00,Sanctum Sanctorum,Clean Water (L),1917.62,4.44,False
2023-05-06T02:00:00,Sanctum Sanctorum,Medical Kits,430.09,3.33,False
2023-05-06T02:00:00,Avengers Compound,Vibranium (kg),2221.12,3.7,False
2023-05-06T02:00:00,Avengers Compound,Arc Reactor Cores,544.63,4.44,False
2023-05-06T02:00:00,Avengers Compound,Pym Particles,416.77,4.07,False
2023-05-06T02:00:00,Avengers Compound,Clean Water (L),1917.06,4.44,False
2023-05-06T02:00:00,Avengers Compound,Medical Kits,429.87,3.33,False
2023-05-06T03:00:00,New Asgard,Vibranium (kg),2235.24,3.94,False
2023-05-06T03:00:00,New Asgard,Arc Reactor Cores,554.06,4.73,False
2023-05-06T03:00:00,New Asgard,Pym Particles,427.45,4.33,False
2023-05-06T03:00:00,New Asgard,Clean Water (L),1945.02,4.73,False
2023-05-06T03:00:00,New Asgard,Medical Kits,439.74,3.55,False
2023-05-06T03:00:00,Wakanda,Vibranium (kg),2230.16,3.94,False
2023-05-06T03:00:00,Wakanda,Arc Reactor Cores,551.61,4.73,False
2023-05-06T03:00:00,Wakanda,Pym Particles,431.88,4.33,False
2023-05-06T03:00:00,Wakanda,Clean Water (L),1939.57,4.73,False
2023-05-06T03:00:00,Wakanda,Medical Kits,447.33,3.55,False
2023-05-06T03:00:00,Sokovia,Vibranium (kg),2235.12,3.94,False
2023-05-06T03:00:00,Sokovia,Arc Reactor Cores,554.21,4.73,False
2023-05-06T03:00:00,Sokovia,Pym Particles,429.36,4.33,False
2023-05-06T03:00:00,Sokovia,Clean Water (L),1939.22,4.73,False
2023-05-06T03:00:00,Sokovia,Medical Kits,446.69,3.55,False
2023-05-06T03:00:00,Sanctum Sanctorum,Vibranium (kg),2229.11,3.94,False
2023-05-06T03:00:00,Sanctum Sanctorum,Arc Reactor Cores,554.65,4.73,False
2023-05-06T03:00:00,Sanctum Sanctorum,Pym Particles,433.09,4.33,False
2023-05-06T03:00:00,Sanctum Sanctorum,Clean Water (L),1943.34,4.73,False
2023-05-06T03:00:00,Sanctum Sanctorum,Medical Kits,447.59,3.55,False
2023-05-06T03:00:00,Avengers Compound,Vibranium (kg),2231.61,3.94,False
2023-05-06T03:00:00,Avengers Compound,Arc Reactor Cores,553.59,4.73,False
2023-05-06T03:00:00,Avengers Compound,Pym Particles,431.76,4.33,False
2023-05-06T03:00:00,Avengers Compound,Clean Water (L),1942.46,4.73,False
2023-05-06T03:00:00,Avengers Compound,Medical Kits,447.07,3.55,False
2023-05-06T04:00:00,New Asgard,Vibranium (kg),2243.75,4.25,False
2023-05-06T04:00:00,New Asgard,Arc Reactor Cores,563.87,5.1,False
2023-05-06T04:00:00,New Asgard,Pym Particles,442.9,4.68,False
2023-05-06T04:00:00,New Asgard,Clean Water (L),1967.91,5.1,False
2023-05-06T04:00:00,New Asgard,Medical Kits,454.55,3.83,False
2023-05-06T04:00:00,Wakanda,Vibranium (kg),2240.87,4.25,False
2023-05-06T04:00:00,Wakanda,Arc Reactor Cores,560.3,5.1,False
2023-05-06T04:00:00,Wakanda,Pym Particles,446.57,4.68,False
2023-05-06T04:00:00,Wakanda,Clean Water (L),1963.56,5.1,False
2023-05-06T04:00:00,Wakanda,Medical Kits,461.52,3.83,False
2023-05-06T04:00:00,Sokovia,Vibranium (kg),2244.37,4.25,False
2023-05-06T04:00:00,Sokovia,Arc Reactor Cores,564.28,5.1,False
2023-05-06T04:00:00,Sokovia,Pym Particles,444.59,4.68,False
2023-05-06T04:00:00,Sokovia,Clean Water (L),1963.56,5.1,False
2023-05-06T04:00:00,Sokovia,Medical Kits,459.99,3.83,False
2023-05-06T04:00:00,Sanctum Sanctorum,Vibranium (kg),2239.15,4.25,False
2023-05-06T04:00:00,Sanctum Sanctorum,Arc Reactor Cores,563.45,5.1,False
2023-05-06T04:00:00,Sanctum Sanctorum,Pym Particles,447.08,4.68,False
2023-05-06T04:00:00,Sanctum Sanctorum,Clean Water (L),1966.97,5.1,False
2023-05-06T04:00:00,Sanctum Sanctorum,Medical Kits,463.49,3.83,False
2023-05-06T04:00:00,Avengers Compound,Vibranium (kg),2242.42,4.25,False
2023-05-06T04:00:00,Avengers Compound,Arc Reactor Cores,561.4,5.1,False
2023-05-06T04:00:00,Avengers Compound,Pym Particles,445.21,4.68,False
2023-05-06T04:00:00,Avengers Compound,Clean Water (L),1965.54,5.1,False
2023-05-06T04:00:00,Avengers Compound,Medical Kits,460.4,3.83,False
2023-05-06T05:00:00,New Asgard,Vibranium (kg),2252.12,4.61,False
2023-05-06T05:00:00,New Asgard,Arc Reactor Cores,571.29,5.53,False
2023-05-06T05:00:00,New Asgard,Pym Particles,456.27,5.07,False
2023-05-06T05:00:00,New Asgard,Clean Water (L),1989.98,5.53,False
2023-05-06T05:00:00,New Asgard,Medical Kits,469.45,4.15,False
2023-05-06T05:00:00,Wakanda,Vibranium (kg),2250.08,4.61,False
2023-05-06T05:00:00,Wakanda,Arc Reactor Cores,568.02,5.53,False
2023-05-06T05:00:00,Wakanda,Pym Particles,459.41,5.07,False
2023-05-06T05:00:00,Wakanda,Clean Water (L),1986.07,5.53,False
2023-05-06T05:00:00,Wakanda,Medical Kits,474.44,4.15,False
2023-05-06T05:00:00,Sokovia,Vibranium (kg),2254.61,4.61,False
2023-05-06T05:00:00,Sokovia,Arc Reactor Cores,572.42,5.53,False
2023-05-06T05:00:00,Sokovia,Pym Particles,457.88,5.07,False
2023-05-06T05:00:00,Sokovia,Clean Water (L),1984.72,5.53,False
2023-05-06T05:00:00,Sokovia,Medical Kits,474.3,4.15,False
2023-05-06T05:00:00,Sanctum Sanctorum,Vibranium (kg),2248.31,4.61,False
2023-05-06T05:00:00,Sanctum Sanctorum,Arc Reactor Cores,570.83,5.53,False
2023-05-06T05:00:00,Sanctum Sanctorum,Pym Particles,461.15,5.07,False
2023-05-06T05:00:00,Sanctum Sanctorum,Clean Water (L),1990.3,5.53,False
2023-05-06T05:00:00,Sanctum Sanctorum,Medical Kits,476.01,4.15,False
2023-05-06T05:00:00,Avengers Compound,Vibranium (kg),2252.35,4.61,False
2023-05-06T05:00:00,Avengers Compound,Arc Reactor Cores,568.49,5.53,False
2023-05-06T05:00:00,Avengers Compound,Pym Particles,460.32,5.07,False
2023-05-06T05:00:00,Avengers Compound,Clean Water (L),1987.76,5.53,False
2023-05-06T05:00:00,Avengers Compound,Medical Kits,474.01,4.15,False
2023-05-06T06:00:00,New Asgard,Vibranium (kg),2259.62,5.0,False
2023-05-06T06:00:00,New Asgard,Arc Reactor Cores,576.98,6.0,False
2023-05-06T06:00:00,New Asgard,Pym Particles,470.29,5.5,False
2023-05-06T06:00:00,New Asgard,Clean Water (L),2010.1,6.0,False
2023-05-06T06:00:00,New Asgard,Medical Kits,483.77,4.5,False
2023-05-06T06:00:00,Wakanda,Vibranium (kg),2260.03,5.0,False
2023-05-06T06:00:00,Wakanda,Arc Reactor Cores,575.2,6.0,False
2023-05-06T06:00:00,Wakanda,Pym Particles,472.09,5.5,False
2023-05-06T06:00:00,Wakanda,Clean Water (L),2006.33,6.0,False
2023-05-06T06:00:00,Wakanda,Medical Kits,486.28,4.5,False
2023-05-06T06:00:00,Sokovia,Vibranium (kg),2262.88,5.0,False
2023-05-06T06:00:00,Sokovia,Arc Reactor Cores,578.38,6.0,False
2023-05-06T06:00:00,Sokovia,Pym Particles,470.21,5.5,False
2023-05-06T06:00:00,Sokovia,Clean Water (L),2004.36,6.0,False
2023-05-06T06:00:00,Sokovia,Medical Kits,486.56,4.5,False
2023-05-06T06:00:00,Sanctum Sanctorum,Vibranium (kg),2255.64,5.0,False
2023-05-06T06:00:00,Sanctum Sanctorum,Arc Reactor Cores,576.79,6.0,False
2023-05-06T06:00:00,Sanctum Sanctorum,Pym Particles,473.54,5.5,False
2023-05-06T06:00:00,Sanctum Sanctorum,Clean Water (L),2011.0,6.0,False
2023-05-06T06:00:00,Sanctum Sanctorum,Medical Kits,488.83,4.5,False
2023-05-06T06:00:00,Avengers Compound,Vibranium (kg),2260.33,5.0,False
2023-05-06T06:00:00,Avengers Compound,Arc Reactor Cores,574.11,6.0,False
2023-05-06T06:00:00,Avengers Compound,Pym Particles,473.64,5.5,False
2023-05-06T06:00:00,Avengers Compound,Clean Water (L),2007.98,6.0,False
2023-05-06T06:00:00,Avengers Compound,Medical Kits,486.07,4.5,False
2023-05-06T07:00:00,New Asgard,Vibranium (kg),2267.57,5.39,False
2023-05-06T07:00:00,New Asgard,Arc Reactor Cores,583.0,6.47,False
2023-05-06T07:00:00,New Asgard,Pym Particles,482.06,5.93,False
2023-05-06T07:00:00,New Asgard,Clean Water (L),2029.67,6.47,False
2023-05-06T07:00:00,New Asgard,Medical Kits,496.35,4.85,False
2023-05-06T07:00:00,Wakanda,Vibranium (kg),2266.61,5.39,False
2023-05-06T07:00:00,Wakanda,Arc Reactor Cores,580.38,6.47,False
2023-05-06T07:00:00,Wakanda,Pym Particles,484.63,5.93,False
2023-05-06T07:00:00,Wakanda,Clean Water (L),2026.27,6.47,False
2023-05-06T07:00:00,Wakanda,Medical Kits,498.26,4.85,False
2023-05-06T07:00:00,Sokovia,Vibranium (kg),2270.77,5.39,False
2023-05-06T07:00:00,Sokovia,Arc Reactor Cores,582.34,6.47,False
2023-05-06T07:00:00,Sokovia,Pym Particles,481.77,5.93,False
2023-05-06T07:00:00,Sokovia,Clean Water (L),2023.11,6.47,False
2023-05-06T07:00:00,Sokovia,Medical Kits,498.46,4.85,False
2023-05-06T07:00:00,Sanctum Sanctorum,Vibranium (kg),2263.68,5.39,False
2023-05-06T07:00:00,Sanctum Sanctorum,Arc Reactor Cores,582.26,6.47,False
2023-05-06T07:00:00,Sanctum Sanctorum,Pym Particles,485.86,5.93,False
2023-05-06T07:00:00,Sanctum Sanctorum,Clean Water (L),2030.25,6.47,False
2023-05-06T07:00:00,Sanctum Sanctorum,Medical Kits,499.17,4.85,False
2023-05-06T07:00:00,Avengers Compound,Vibranium (kg),2268.23,5.39,False
2023-05-06T07:00:00,Avengers Compound,Arc Reactor Cores,580.07,6.47,False
2023-05-06T07:00:00,Avengers Compound,Pym Particles,484.83,5.93,False
2023-05-06T07:00:00,Avengers Compound,Clean Water (L),2027.81,6.47,False
2023-05-06T07:00:00,Avengers Compound,Medical Kits,498.7,4.85,False
2023-05-06T08:00:00,New Asgard,Vibranium (kg),2275.21,5.75,False
2023-05-06T08:00:00,New Asgard,Arc Reactor Cores,587.02,6.9,False
2023-05-06T08:00:00,New Asgard,Pym Particles,493.42,6.32,False
2023-05-06T08:00:00,New Asgard,Clean Water (L),2046.81,6.9,False
2023-05-06T08:00:00,New Asgard,Medical Kits,508.52,5.17,False
2023-05-06T08:00:00,Wakanda,Vibranium (kg),2274.47,5.75,False
2023-05-06T08:00:00,Wakanda,Arc Reactor Cores,585.23,6.9,False
2023-05-06T08:00:00,Wakanda,Pym Particles,494.12,6.32,False
2023-05-06T08:00:00,Wakanda,Clean Water (L),2044.29,6.9,False
2023-05-06T08:00:00,Wakanda,Medical Kits,510.26,5.17,False
2023-05-06T08:00:00,Sokovia,Vibranium (kg),2277.36,5.75,False
2023-05-06T08:00:00,Sokovia,Arc Reactor Cores,587.12,6.9,False
2023-05-06T08:00:00,Sokovia,Pym Particles,491.63,6.32,False
2023-05-06T08:00:00,Sokovia,Clean Water (L),2041.93,6.9,False
2023-05-06T08:00:00,Sokovia,Medical Kits,509.1,5.17,False
2023-05-06T08:00:00,Sanctum Sanctorum,Vibranium (kg),2271.61,5.75,False
2023-05-06T08:00:00,Sanctum Sanctorum,Arc Reactor Cores,586.81,6.9,False
2023-05-06T08:00:00,Sanctum Sanctorum,Pym Particles,494.89,6.32,False
2023-05-06T08:00:00,Sanctum Sanctorum,Clean Water (L),2048.01,6.9,False
2023-05-06T08:00:00,Sanctum Sanctorum,Medical Kits,509.62,5.17,False
2023-05-06T08:00:00,Avengers Compound,Vibranium (kg),2275.14,5.75,False
2023-05-06T08:00:00,Avengers Compound,Arc Reactor Cores,585.42,6.9,False
2023-05-06T08:00:00,Avengers Compound,Pym Particles,495.28,6.32,False
2023-05-06T08:00:00,Avengers Compound,Clean Water (L),2045.17,6.9,False
2023-05-06T08:00:00,Avengers Compound,Medical Kits,510.49,5.17,False
2023-05-06T09:00:00,New Asgard,Vibranium (kg),2281.99,6.06,False
2023-05-06T09:00:00,New Asgard,Arc Reactor Cores,590.54,7.27,False
2023-05-06T09:00:00,New Asgard,Pym Particles,501.69,6.67,False
2023-05-06T09:00:00,New Asgard,Clean Water (L),2062.9,7.27,False
2023-05-06T09:00:00,New Asgard,Medical Kits,520.01,5.45,False
2023-05-06T09:00:00,Wakanda,Vibranium (kg),2280.74,6.06,False
2023-05-06T09:00:00,Wakanda,Arc Reactor Cores,588.57,7.27,False
2023-05-06T09:00:00,Wakanda,Pym Particles,503.66,6.67,False
2023-05-06T09:00:00,Wakanda,Clean Water (L),2061.31,7.27,False
2023-05-06T09:00:00,Wakanda,Medical Kits,520.93,5.45,False
2023-05-06T09:00:00,Sokovia,Vibranium (kg),2282.52,6.06,False
2023-05-06T09:00:00,Sokovia,Arc Reactor Cores,591.22,7.27,False
2023-05-06T09:00:00,Sokovia,Pym Particles,500.43,6.67,False
2023-05-06T09:00:00,Sokovia,Clean Water (L),2057.99,7.27,False
2023-05-06T09:00:00,Sokovia,Medical Kits,518.37,5.45,False
2023-05-06T09:00:00,Sanctum Sanctorum,Vibranium (kg),2276.18,6.06,False
2023-05-06T09:00:00,Sanctum Sanctorum,Arc Reactor Cores,592.15,7.27,False
2023-05-06T09:00:00,Sanctum Sanctorum,Pym Particles,505.39,6.67,False
2023-05-06T09:00:00,Sanctum Sanctorum,Clean Water (L),2064.83,7.27,False
2023-05-06T09:00:00,Sanctum Sanctorum,Medical Kits,519.52,5.45,False
2023-05-06T09:00:00,Avengers Compound,Vibranium (kg),2280.64,6.06,False
2023-05-06T09:00:00,Avengers Compound,Arc Reactor Cores,590.52,7.27,False
2023-05-06T09:00:00,Avengers Compound,Pym Particles,505.11,6.67,False
2023-05-06T09:00:00,Avengers Compound,Clean Water (L),2060.86,7.27,False
2023-05-06T09:00:00,Avengers Compound,Medical Kits,520.3,5.45,False
2023-05-06T10:00:00,New Asgard,Vibranium (kg),2287.94,6.3,False
2023-05-06T10:00:00,New Asgard,Arc Reactor Cores,595.17,7.56,False
2023-05-06T10:00:00,New Asgard,Pym Particles,509.8,6.93,False
2023-05-06T10:00:00,New Asgard,Clean Water (L),2077.16,7.56,False
2023-05-06T10:00:00,New Asgard,Medical Kits,530.27,5.67,False
2023-05-06T10:00:00,Wakanda,Vibranium (kg),2284.69,6.3,False
2023-05-06T10:00:00,Wakanda,Arc Reactor Cores,592.03,7.56,False
2023-05-06T10:00:00,Wakanda,Pym Particles,511.94,6.93,False
2023-05-06T10:00:00,Wakanda,Clean Water (L),2077.49,7.56,False
2023-05-06T10:00:00,Wakanda,Medical Kits,530.33,5.67,False
2023-05-06T10:00:00,Sokovia,Vibranium (kg),2287.57,6.3,False
2023-05-06T10:00:00,Sokovia,Arc Reactor Cores,595.6,7.56,False
2023-05-06T10:00:00,Sokovia,Pym Particles,510.47,6.93,False
2023-05-06T10:00:00,Sokovia,Clean Water (L),2073.46,7.56,False
2023-05-06T10:00:00,Sokovia,Medical Kits,528.71,5.67,False
2023-05-06T10:00:00,Sanctum Sanctorum,Vibranium (kg),2282.15,6.3,False
2023-05-06T10:00:00,Sanctum Sanctorum,Arc Reactor Cores,596.95,7.56,False
2023-05-06T10:00:00,Sanctum Sanctorum,Pym Particles,515.66,6.93,False
2023-05-06T10:00:00,Sanctum Sanctorum,Clean Water (L),2079.03,7.56,False
2023-05-06T10:00:00,Sanctum Sanctorum,Medical Kits,527.61,5.67,False
2023-05-06T10:00:00,Avengers Compound,Vibranium (kg),2287.58,6.3,False
2023-05-06T10:00:00,Avengers Compound,Arc Reactor Cores,593.86,7.56,False
2023-05-06T10:00:00,Avengers Compound,Pym Particles,513.35,6.93,False
2023-05-06T10:00:00,Avengers Compound,Clean Water (L),2075.11,7.56,False
2023-05-06T10:00:00,Avengers Compound,Medical Kits,529.69,5.67,False
2023-05-06T11:00:00,New Asgard,Vibranium (kg),2292.78,6.45,False
2023-05-06T11:00:00,New Asgard,Arc Reactor Cores,599.93,7.74,False
2023-05-06T11:00:00,New Asgard,Pym Particles,517.42,7.09,False
2023-05-06T11:00:00,New Asgard,Clean Water (L),2091.27,7.74,False
2023-05-06T11:00:00,New Asgard,Medical Kits,539.29,5.8,False
2023-05-06T11:00:00,Wakanda,Vibranium (kg),2289.94,6.45,False
2023-05-06T11:00:00,Wakanda,Arc Reactor Cores,594.88,7.74,False
2023-05-06T11:00:00,Wakanda,Pym Particles,521.85,7.09,False
2023-05-06T11:00:00,Wakanda,Clean Water (L),2090.05,7.74,False
2023-05-06T11:00:00,Wakanda,Medical Kits,537.85,5.8,False
2023-05-06T11:00:00,Sokovia,Vibranium (kg),2291.75,6.45,False
2023-05-06T11:00:00,Sokovia,Arc Reactor Cores,599.62,7.74,False
2023-05-06T11:00:00,Sokovia,Pym Particles,517.69,7.09,False
2023-05-06T11:00:00,Sokovia,Clean Water (L),2086.96,7.74,False
2023-05-06T11:00:00,Sokovia,Medical Kits,538.94,5.8,False
2023-05-06T11:00:00,Sanctum Sanctorum,Vibranium (kg),2288.75,6.45,False
2023-05-06T11:00:00,Sanctum Sanctorum,Arc Reactor Cores,599.36,7.74,False
2023-05-06T11:00:00,Sanctum Sanctorum,Pym Particles,523.15,7.09,False
2023-05-06T11:00:00,Sanctum Sanctorum,Clean Water (L),2091.96,7.74,False
2023-05-06T11:00:00,Sanctum Sanctorum,Medical Kits,535.26,5.8,False
2023-05-06T11:00:00,Avengers Compound,Vibranium (kg),2293.56,6.45,False
2023-05-06T11:00:00,Avengers Compound,Arc Reactor Cores,597.63,7.74,False
2023-05-06T11:00:00,Avengers Compound,Pym Particles,522.73,7.09,False
2023-05-06T11:00:00,Avengers Compound,Clean Water (L),2090.31,7.74,False
2023-05-06T11:00:00,Avengers Compound,Medical Kits,539.14,5.8,False
2023-05-06T12:00:00,New Asgard,Vibranium (kg),2296.4,6.5,False
2023-05-06T12:00:00,New Asgard,Arc Reactor Cores,603.11,7.8,False
2023-05-06T12:00:00,New Asgard,Pym Particles,524.93,7.15,False
2023-05-06T12:00:00,New Asgard,Clean Water (L),2104.95,7.8,False
2023-05-06T12:00:00,New Asgard,Medical Kits,547.48,5.85,False
2023-05-06T12:00:00,Wakanda,Vibranium (kg),2294.8,6.5,False
2023-05-06T12:00:00,Wakanda,Arc Reactor Cores,598.52,7.8,False
2023-05-06T12:00:00,Wakanda,Pym Particles,529.55,7.15,False
2023-05-06T12:00:00,Wakanda,Clean Water (L),2101.97,7.8,False
2023-05-06T12:00:00,Wakanda,Medical Kits,546.06,5.85,False
2023-05-06T12:00:00,Sokovia,Vibranium (kg),2298.37,6.5,False
2023-05-06T12:00:00,Sokovia,Arc Reactor Cores,602.82,7.8,False
2023-05-06T12:00:00,Sokovia,Pym Particles,525.06,7.15,False
2023-05-06T12:00:00,Sokovia,Clean Water (L),2100.61,7.8,False
2023-05-06T12:00:00,Sokovia,Medical Kits,546.48,5.85,False
2023-05-06T12:00:00,Sanctum Sanctorum,Vibranium (kg),2293.31,6.5,False
2023-05-06T12:00:00,Sanctum Sanctorum,Arc Reactor Cores,601.35,7.8,False
2023-05-06T12:00:00,Sanctum Sanctorum,Pym Particles,530.43,7.15,False
2023-05-06T12:00:00,Sanctum Sanctorum,Clean Water (L),2106.13,7.8,False
2023-05-06T12:00:00,Sanctum Sanctorum,Medical Kits,544.25,5.85,False
2023-05-06T12:00:00,Avengers Compound,Vibranium (kg),2299.13,6.5,False
2023-05-06T12:00:00,Avengers Compound,Arc Reactor Cores,600.01,7.8,False
2023-05-06T12:00:00,Avengers Compound,Pym Particles,530.47,7.15,False
2023-05-06T12:00:00,Avengers Compound,Clean Water (L),2103.29,7.8,False
2023-05-06T12:00:00,Avengers Compound,Medical Kits,548.33,5.85,False
2023-05-06T13:00:00,New Asgard,Vibranium (kg),2299.62,6.45,False
2023-05-06T13:00:00,New Asgard,Arc Reactor Cores,604.8,7.74,False
2023-05-06T13:00:00,New Asgard,Pym Particles,532.43,7.09,False
2023-05-06T13:00:00,New Asgard,Clean Water (L),2117.78,7.74,False
2023-05-06T13:00:00,New Asgard,Medical Kits,554.52,5.8,False
2023-05-06T13:00:00,Wakanda,Vibranium (kg),2298.87,6.45,False
2023-05-06T13:00:00,Wakanda,Arc Reactor Cores,601.11,7.74,False
2023-05-06T13:00:00,Wakanda,Pym Particles,536.79,7.09,False
2023-05-06T13:00:00,Wakanda,Clean Water (L),2114.89,7.74,False
2023-05-06T13:00:00,Wakanda,Medical Kits,553.86,5.8,False
2023-05-06T13:00:00,Sokovia,Vibranium (kg),2301.88,6.45,False
2023-05-06T13:00:00,Sokovia,Arc Reactor Cores,605.86,7.74,False
2023-05-06T13:00:00,Sokovia,Pym Particles,531.94,7.09,False
2023-05-06T13:00:00,Sokovia,Clean Water (L),2115.67,7.74,False
2023-05-06T13:00:00,Sokovia,Medical Kits,552.8,5.8,False
2023-05-06T13:00:00,Sanctum Sanctorum,Vibranium (kg),2298.0,6.45,False
2023-05-06T13:00:00,Sanctum Sanctorum,Arc Reactor Cores,604.54,7.74,False
2023-05-06T13:00:00,Sanctum Sanctorum,Pym Particles,538.15,7.09,False
2023-05-06T13:00:00,Sanctum Sanctorum,Clean Water (L),2117.51,7.74,False
2023-05-06T13:00:00,Sanctum Sanctorum,Medical Kits,553.07,5.8,False
2023-05-06T13:00:00,Avengers Compound,Vibranium (kg),2302.88,6.45,False
2023-05-06T13:00:00,Avengers Compound,Arc Reactor Cores,603.9,7.74,False
2023-05-06T13:00:00,Avengers Compound,Pym Particles,539.06,7.09,False
2023-05-06T13:00:00,Avengers Compound,Clean Water (L),2114.92,7.74,False
2023-05-06T13:00:00,Avengers Compound,Medical Kits,556.15,5.8,False
2023-05-06T14:00:00,New Asgard,Vibranium (kg),2303.23,6.3,False
2023-05-06T14:00:00,New Asgard,Arc Reactor Cores,609.61,7.56,False
2023-05-06T14:00:00,New Asgard,Pym Particles,539.0,6.93,False
2023-05-06T14:00:00,New Asgard,Clean Water (L),2130.19,7.56,False
2023-05-06T14:00:00,New Asgard,Medical Kits,562.48,5.67,False
2023-05-06T14:00:00,Wakanda,Vibranium (kg),2304.87,6.3,False
2023-05-06T14:00:00,Wakanda,Arc Reactor Cores,605.7,7.56,False
2023-05-06T14:00:00,Wakanda,Pym Particles,544.45,6.93,False
2023-05-06T14:00:00,Wakanda,Clean Water (L),2127.63,7.56,False
2023-05-06T14:00:00,Wakanda,Medical Kits,560.58,5.67,False
2023-05-06T14:00:00,Sokovia,Vibranium (kg),2307.53,6.3,False
2023-05-06T14:00:00,Sokovia,Arc Reactor Cores,608.33,7.56,False
2023-05-06T14:00:00,Sokovia,Pym Particles,539.71,6.93,False
2023-05-06T14:00:00,Sokovia,Clean Water (L),2128.64,7.56,False
2023-05-06T14:00:00,Sokovia,Medical Kits,560.86,5.67,False
2023-05-06T14:00:00,Sanctum Sanctorum,Vibranium (kg),2301.72,6.3,False
2023-05-06T14:00:00,Sanctum Sanctorum,Arc Reactor Cores,607.63,7.56,False
2023-05-06T14:00:00,Sanctum Sanctorum,Pym Particles,545.73,6.93,False
2023-05-06T14:00:00,Sanctum Sanctorum,Clean Water (L),2129.86,7.56,False
2023-05-06T14:00:00,Sanctum Sanctorum,Medical Kits,560.66,5.67,False
2023-05-06T14:00:00,Avengers Compound,Vibranium (kg),2307.42,6.3,False
2023-05-06T14:00:00,Avengers Compound,Arc Reactor Cores,608.46,7.56,False
2023-05-06T14:00:00,Avengers Compound,Pym Particles,545.57,6.93,False
2023-05-06T14:00:00,Avengers Compound,Clean Water (L),2129.16,7.56,False
2023-05-06T14:00:00,Avengers Compound,Medical Kits,564.02,5.67,False
2023-05-06T15:00:00,New Asgard,Vibranium (kg),2307.0,6.06,False
2023-05-06T15:00:00,New Asgard,Arc Reactor Cores,612.77,7.27,False
2023-05-06T15:00:00,New Asgard,Pym Particles,545.18,6.67,False
2023-05-06T15:00:00,New Asgard,Clean Water (L),2143.0,7.27,False
2023-05-06T15:00:00,New Asgard,Medical Kits,569.8,5.45,False
2023-05-06T15:00:00,Wakanda,Vibranium (kg),2309.4,6.06,False
2023-05-06T15:00:00,Wakanda,Arc Reactor Cores,608.51,7.27,False
2023-05-06T15:00:00,Wakanda,Pym Particles,552.29,6.67,False
2023-05-06T15:00:00,Wakanda,Clean Water (L),2140.98,7.27,False
2023-05-06T15:00:00,Wakanda,Medical Kits,569.69,5.45,False
2023-05-06T15:00:00,Sokovia,Vibranium (kg),2313.86,6.06,False
2023-05-06T15:00:00,Sokovia,Arc Reactor Cores,610.33,7.27,False
2023-05-06T15:00:00,Sokovia,Pym Particles,546.54,6.67,False
2023-05-06T15:00:00,Sokovia,Clean Water (L),2139.83,7.27,False
2023-05-06T15:00:00,Sokovia,Medical Kits,569.48,5.45,False
2023-05-06T15:00:00,Sanctum Sanctorum,Vibranium (kg),2306.19,6.06,False
2023-05-06T15:00:00,Sanctum Sanctorum,Arc Reactor Cores,609.64,7.27,False
2023-05-06T15:00:00,Sanctum Sanctorum,Pym Particles,554.65,6.67,False
2023-05-06T15:00:00,Sanctum Sanctorum,Clean Water (L),2141.89,7.27,False
2023-05-06T15:00:00,Sanctum Sanctorum,Medical Kits,569.65,5.45,False
2023-05-06T15:00:00,Avengers Compound,Vibranium (kg),2310.94,6.06,False
2023-05-06T15:00:00,Avengers Compound,Arc Reactor Cores,612.08,7.27,False
2023-05-06T15:00:00,Avengers Compound,Pym Particles,552.0,6.67,False
2023-05-06T15:00:00,Avengers Compound,Clean Water (L),2141.15,7.27,False
2023-05-06T15:00:00,Avengers Compound,Medical Kits,572.42,5.45,False
2023-05-06T16:00:00,New Asgard,Vibranium (kg),2312.19,5.75,False
2023-05-06T16:00:00,New Asgard,Arc Reactor Cores,616.25,6.9,False
2023-05-06T16:00:00,New Asgard,Pym Particles,552.81,6.32,False
2023-05-06T16:00:00,New Asgard,Clean Water (L),2155.12,6.9,False
2023-05-06T16:00:00,New Asgard,Medical Kits,576.82,5.17,False
2023-05-06T16:00:00,Wakanda,Vibranium (kg),2313.65,5.75,False
2023-05-06T16:00:00,Wakanda,Arc Reactor Cores,613.67,6.9,False
2023-05-06T16:00:00,Wakanda,Pym Particles,560.39,6.32,False
2023-05-06T16:00:00,Wakanda,Clean Water (L),2153.24,6.9,False
2023-05-06T16:00:00,Wakanda,Medical Kits,576.3,5.17,False
2023-05-06T16:00:00,Sokovia,Vibranium (kg),2318.97,5.75,False
2023-05-06T16:00:00,Sokovia,Arc Reactor Cores,614.67,6.9,False
2023-05-06T16:00:00,Sokovia,Pym Particles,553.37,6.32,False
2023-05-06T16:00:00,Sokovia,Clean Water (L),2151.24,6.9,False
2023-05-06T16:00:00,Sokovia,Medical Kits,576.75,5.17,False
2023-05-06T16:00:00,Sanctum Sanctorum,Vibranium (kg),2311.39,5.75,False
2023-05-06T16:00:00,Sanctum Sanctorum,Arc Reactor Cores,613.66,6.9,False
2023-05-06T16:00:00,Sanctum Sanctorum,Pym Particles,562.16,6.32,False
2023-05-06T16:00:00,Sanctum Sanctorum,Clean Water (L),2153.47,6.9,False
2023-05-06T16:00:00,Sanctum Sanctorum,Medical Kits,576.88,5.17,False
2023-05-06T16:00:00,Avengers Compound,Vibranium (kg),2316.02,5.75,False
2023-05-06T16:00:00,Avengers Compound,Arc Reactor Cores,615.15,6.9,False
2023-05-06T16:00:00,Avengers Compound,Pym Particles,559.19,6.32,False
2023-05-06T16:00:00,Avengers Compound,Clean Water (L),2153.06,6.9,False
2023-05-06T16:00:00,Avengers Compound,Medical Kits,580.04,5.17,False
2023-05-06T17:00:00,New Asgard,Vibranium (kg),2317.19,5.39,False
2023-05-06T17:00:00,New Asgard,Arc Reactor Cores,619.89,6.47,False
2023-05-06T17:00:00,New Asgard,Pym Particles,559.77,5.93,False
2023-05-06T17:00:00,New Asgard,Clean Water (L),2166.31,6.47,False
2023-05-06T17:00:00,New Asgard,Medical Kits,584.71,4.85,False
2023-05-06T17:00:00,Wakanda,Vibranium (kg),2319.06,5.39,False
2023-05-06T17:00:00,Wakanda,Arc Reactor Cores,616.71,6.47,False
2023-05-06T17:00:00,Wakanda,Pym Particles,568.42,5.93,False
2023-05-06T17:00:00,Wakanda,Clean Water (L),2164.66,6.47,False
2023-05-06T17:00:00,Wakanda,Medical Kits,583.69,4.85,False
2023-05-06T17:00:00,Sokovia,Vibranium (kg),2322.26,5.39,False
2023-05-06T17:00:00,Sokovia,Arc Reactor Cores,618.84,6.47,False
2023-05-06T17:00:00,Sokovia,Pym Particles,560.72,5.93,False
2023-05-06T17:00:00,Sokovia,Clean Water (L),2163.19,6.47,False
2023-05-06T17:00:00,Sokovia,Medical Kits,584.44,4.85,False
2023-05-06T17:00:00,Sanctum Sanctorum,Vibranium (kg),2317.55,5.39,False
2023-05-06T17:00:00,Sanctum Sanctorum,Arc Reactor Cores,616.35,6.47,False
2023-05-06T17:00:00,Sanctum Sanctorum,Pym Particles,568.47,5.93,False
2023-05-06T17:00:00,Sanctum Sanctorum,Clean Water (L),2167.14,6.47,False
2023-05-06T17:00:00,Sanctum Sanctorum,Medical Kits,585.57,4.85,False
2023-05-06T17:00:00,Avengers Compound,Vibranium (kg),2319.98,5.39,False
2023-05-06T17:00:00,Avengers Compound,Arc Reactor Cores,619.02,6.47,False
2023-05-06T17:00:00,Avengers Compound,Pym Particles,567.39,5.93,False
2023-05-06T17:00:00,Avengers Compound,Clean Water (L),2165.44,6.47,False
2023-05-06T17:00:00,Avengers Compound,Medical Kits,587.63,4.85,False
2023-05-06T18:00:00,New Asgard,Vibranium (kg),2323.41,5.0,False
2023-05-06T18:00:00,New Asgard,Arc Reactor Cores,625.73,6.0,False
2023-05-06T18:00:00,New Asgard,Pym Particles,566.53,5.5,False
2023-05-06T18:00:00,New Asgard,Clean Water (L),2177.04,6.0,False
2023-05-06T18:00:00,New Asgard,Medical Kits,593.5,4.5,False
2023-05-06T18:00:00,Wakanda,Vibranium (kg),2323.08,5.0,False
2023-05-06T18:00:00,Wakanda,Arc Reactor Cores,620.35,6.0,False
2023-05-06T18:00:00,Wakanda,Pym Particles,575.06,5.5,False
2023-05-06T18:00:00,Wakanda,Clean Water (L),2177.43,6.0,False
2023-05-06T18:00:00,Wakanda,Medical Kits,589.68,4.5,False
2023-05-06T18:00:00,Sokovia,Vibranium (kg),2326.59,5.0,False
2023-05-06T18:00:00,Sokovia,Arc Reactor Cores,623.68,6.0,False
2023-05-06T18:00:00,Sokovia,Pym Particles,567.43,5.5,False
2023-05-06T18:00:00,Sokovia,Clean Water (L),2174.4,6.0,False
2023-05-06T18:00:00,Sokovia,Medical Kits,591.45,4.5,False
2023-05-06T18:00:00,Sanctum Sanctorum,Vibranium (kg),2322.34,5.0,False
2023-05-06T18:00:00,Sanctum Sanctorum,Arc Reactor Cores,619.34,6.0,False
2023-05-06T18:00:00,Sanctum Sanctorum,Pym Particles,574.26,5.5,False
2023-05-06T18:00:00,Sanctum Sanctorum,Clean Water (L),2179.89,6.0,False
2023-05-06T18:00:00,Sanctum Sanctorum,Medical Kits,594.18,4.5,False
2023-05-06T18:00:00,Avengers Compound,Vibranium (kg),2324.5,5.0,False
2023-05-06T18:00:00,Avengers Compound,Arc Reactor Cores,623.47,6.0,False
2023-05-06T18:00:00,Avengers Compound,Pym Particles,573.23,5.5,False
2023-05-06T18:00:00,Avengers Compound,Clean Water (L),2178.81,6.0,False
2023-05-06T18:00:00,Avengers Compound,Medical Kits,593.66,4.5,False
2023-05-06T19:00:00,New Asgard,Vibranium (kg),2327.85,4.61,False
2023-05-06T19:00:00,New Asgard,Arc Reactor Cores,629.97,5.53,False
2023-05-06T19:00:00,New Asgard,Pym Particles,573.12,5.07,False
2023-05-06T19:00:00,New Asgard,Clean Water (L),2188.44,5.53,False
2023-05-06T19:00:00,New Asgard,Medical Kits,600.37,4.15,False
2023-05-06T19:00:00,Wakanda,Vibranium (kg),2329.51,4.61,False
2023-05-06T19:00:00,Wakanda,Arc Reactor Cores,625.64,5.53,False
2023-05-06T19:00:00,Wakanda,Pym Particles,581.47,5.07,False
2023-05-06T19:00:00,Wakanda,Clean Water (L),2188.98,5.53,False
2023-05-06T19:00:00,Wakanda,Medical Kits,598.14,4.15,False
2023-05-06T19:00:00,Sokovia,Vibranium (kg),2331.0,4.61,False
2023-05-06T19:00:00,Sokovia,Arc Reactor Cores,628.64,5.53,False
2023-05-06T19:00:00,Sokovia,Pym Particles,573.94,5.07,False
2023-05-06T19:00:00,Sokovia,Clean Water (L),2185.1,5.53,False
2023-05-06T19:00:00,Sokovia,Medical Kits,598.31,4.15,False
2023-05-06T19:00:00,Sanctum Sanctorum,Vibranium (kg),2327.94,4.61,False
2023-05-06T19:00:00,Sanctum Sanctorum,Arc Reactor Cores,625.03,5.53,False
2023-05-06T19:00:00,Sanctum Sanctorum,Pym Particles,582.01,5.07,False
2023-05-06T19:00:00,Sanctum Sanctorum,Clean Water (L),2191.06,5.53,False
2023-05-06T19:00:00,Sanctum Sanctorum,Medical Kits,599.76,4.15,False
2023-05-06T19:00:00,Avengers Compound,Vibranium (kg),2329.5,4.61,False
2023-05-06T19:00:00,Avengers Compound,Arc Reactor Cores,628.02,5.53,False
2023-05-06T19:00:00,Avengers Compound,Pym Particles,580.76,5.07,False
2023-05-06T19:00:00,Avengers Compound,Clean Water (L),2191.89,5.53,False
2023-05-06T19:00:00,Avengers Compound,Medical Kits,600.98,4.15,False
2023-05-06T20:00:00,New Asgard,Vibranium (kg),2333.67,4.25,False
2023-05-06T20:00:00,New Asgard,Arc Reactor Cores,632.94,5.1,False
2023-05-06T20:00:00,New Asgard,Pym Particles,581.38,4.68,False
2023-05-06T20:00:00,New Asgard,Clean Water (L),2200.46,5.1,False
2023-05-06T20:00:00,New Asgard,Medical Kits,607.48,3.83,False
2023-05-06T20:00:00,Wakanda,Vibranium (kg),2335.36,4.25,False
2023-05-06T20:00:00,Wakanda,Arc Reactor Cores,628.96,5.1,False
2023-05-06T20:00:00,Wakanda,Pym Particles,588.05,4.68,False
2023-05-06T20:00:00,Wakanda,Clean Water (L),2200.74,5.1,False
2023-05-06T20:00:00,Wakanda,Medical Kits,605.02,3.83,False
2023-05-06T20:00:00,Sokovia,Vibranium (kg),2334.9,4.25,False
2023-05-06T20:00:00,Sokovia,Arc Reactor Cores,633.24,5.1,False
2023-05-06T20:00:00,Sokovia,Pym Particles,581.78,4.68,False
2023-05-06T20:00:00,Sokovia,Clean Water (L),2197.22,5.1,False
2023-05-06T20:00:00,Sokovia,Medical Kits,606.31,3.83,False
2023-05-06T20:00:00,Sanctum Sanctorum,Vibranium (kg),2332.81,4.25,False
2023-05-06T20:00:00,Sanctum Sanctorum,Arc Reactor Cores,629.25,5.1,False
2023-05-06T20:00:00,Sanctum Sanctorum,Pym Particles,588.54,4.68,False
2023-05-06T20:00:00,Sanctum Sanctorum,Clean Water (L),2202.58,5.1,False
2023-05-06T20:00:00,Sanctum Sanctorum,Medical Kits,606.71,3.83,False
2023-05-06T20:00:00,Avengers Compound,Vibranium (kg),2333.75,4.25,False
2023-05-06T20:00:00,Avengers Compound,Arc Reactor Cores,633.07,5.1,False
2023-05-06T20:00:00,Avengers Compound,Pym Particles,588.16,4.68,False
2023-05-06T20:00:00,Avengers Compound,Clean Water (L),2203.71,5.1,False
2023-05-06T20:00:00,Avengers Compound,Medical Kits,607.82,3.83,False
2023-05-06T21:00:00,New Asgard,Vibranium (kg),2338.95,3.94,False
2023-05-06T21:00:00,New Asgard,Arc Reactor Cores,637.58,4.73,False
2023-05-06T21:00:00,New Asgard,Pym Particles,590.77,4.33,False
2023-05-06T21:00:00,New Asgard,Clean Water (L),2211.46,4.73,False
2023-05-06T21:00:00,New Asgard,Medical Kits,614.07,3.55,False
2023-05-06T21:00:00,Wakanda,Vibranium (kg),2340.81,3.94,False
2023-05-06T21:00:00,Wakanda,Arc Reactor Cores,634.52,4.73,False
2023-05-06T21:00:00,Wakanda,Pym Particles,594.29,4.33,False
2023-05-06T21:00:00,Wakanda,Clean Water (L),2212.44,4.73,False
2023-05-06T21:00:00,Wakanda,Medical Kits,611.17,3.55,False
2023-05-06T21:00:00,Sokovia,Vibranium (kg),2339.73,3.94,False
2023-05-06T21:00:00,Sokovia,Arc Reactor Cores,637.24,4.73,False
2023-05-06T21:00:00,Sokovia,Pym Particles,589.99,4.33,False
2023-05-06T21:00:00,Sokovia,Clean Water (L),2209.83,4.73,False
2023-05-06T21:00:00,Sokovia,Medical Kits,613.32,3.55,False
2023-05-06T21:00:00,Sanctum Sanctorum,Vibranium (kg),2339.77,3.94,False
2023-05-06T21:00:00,Sanctum Sanctorum,Arc Reactor Cores,632.6,4.73,False
2023-05-06T21:00:00,Sanctum Sanctorum,Pym Particles,595.89,4.33,False
2023-05-06T21:00:00,Sanctum Sanctorum,Clean Water (L),2214.17,4.73,False
2023-05-06T21:00:00,Sanctum Sanctorum,Medical Kits,614.38,3.55,False
2023-05-06T21:00:00,Avengers Compound,Vibranium (kg),2340.03,3.94,False
2023-05-06T21:00:00,Avengers Compound,Arc Reactor Cores,637.67,4.73,False
2023-05-06T21:00:00,Avengers Compound,Pym Particles,595.53,4.33,False
2023-05-06T21:00:00,Avengers Compound,Clean Water (L),2213.3,4.73,False
2023-05-06T21:00:00,Avengers Compound,Medical Kits,615.84,3.55,False
2023-05-06T22:00:00,New Asgard,Vibranium (kg),2345.97,3.7,False
2023-05-06T22:00:00,New Asgard,Arc Reactor Cores,641.98,4.44,False
2023-05-06T22:00:00,New Asgard,Pym Particles,599.46,4.07,False
2023-05-06T22:00:00,New Asgard,Clean Water (L),2222.29,4.44,False
2023-05-06T22:00:00,New Asgard,Medical Kits,619.49,3.33,False
2023-05-06T22:00:00,Wakanda,Vibranium (kg),2346.72,3.7,False
2023-05-06T22:00:00,Wakanda,Arc Reactor Cores,639.0,4.44,False
2023-05-06T22:00:00,Wakanda,Pym Particles,601.16,4.07,False
2023-05-06T22:00:00,Wakanda,Clean Water (L),2222.45,4.44,False
2023-05-06T22:00:00,Wakanda,Medical Kits,618.17,3.33,False
2023-05-06T22:00:00,Sokovia,Vibranium (kg),2344.39,3.7,False
2023-05-06T22:00:00,Sokovia,Arc Reactor Cores,641.75,4.44,False
2023-05-06T22:00:00,Sokovia,Pym Particles,596.82,4.07,False
2023-05-06T22:00:00,Sokovia,Clean Water (L),2220.89,4.44,False
2023-05-06T22:00:00,Sokovia,Medical Kits,621.36,3.33,False
2023-05-06T22:00:00,Sanctum Sanctorum,Vibranium (kg),2344.84,3.7,False
2023-05-06T22:00:00,Sanctum Sanctorum,Arc Reactor Cores,637.0,4.44,False
2023-05-06T22:00:00,Sanctum Sanctorum,Pym Particles,602.22,4.07,False
2023-05-06T22:00:00,Sanctum Sanctorum,Clean Water (L),2225.11,4.44,False
2023-05-06T22:00:00,Sanctum Sanctorum,Medical Kits,621.18,3.33,False
2023-05-06T22:00:00,Avengers Compound,Vibranium (kg),2346.9,3.7,False
2023-05-06T22:00:00,Avengers Compound,Arc Reactor Cores,642.88,4.44,False
2023-05-06T22:00:00,Avengers Compound,Pym Particles,601.55,4.07,False
2023-05-06T22:00:00,Avengers Compound,Clean Water (L),2224.63,4.44,False
2023-05-06T22:00:00,Avengers Compound,Medical Kits,624.14,3.33,False
2023-05-06T23:00:00,New Asgard,Vibranium (kg),2351.03,3.55,False
2023-05-06T23:00:00,New Asgard,Arc Reactor Cores,646.57,4.26,False
2023-05-06T23:00:00,New Asgard,Pym Particles,606.88,3.91,False
2023-05-06T23:00:00,New Asgard,Clean Water (L),2233.44,4.26,False
2023-05-06T23:00:00,New Asgard,Medical Kits,627.34,3.2,False
2023-05-06T23:00:00,Wakanda,Vibranium (kg),2350.92,3.55,False
2023-05-06T23:00:00,Wakanda,Arc Reactor Cores,645.02,4.26,False
2023-05-06T23:00:00,Wakanda,Pym Particles,608.41,3.91,False
2023-05-06T23:00:00,Wakanda,Clean Water (L),2232.27,4.26,False
2023-05-06T23:00:00,Wakanda,Medical Kits,625.5,3.2,False
2023-05-06T23:00:00,Sokovia,Vibranium (kg),2349.54,3.55,False
2023-05-06T23:00:00,Sokovia,Arc Reactor Cores,646.84,4.26,False
2023-05-06T23:00:00,Sokovia,Pym Particles,602.7,3.91,False
2023-05-06T23:00:00,Sokovia,Clean Water (L),2232.73,4.26,False
2023-05-06T23:00:00,Sokovia,Medical Kits,628.37,3.2,False
2023-05-06T23:00:00,Sanctum Sanctorum,Vibranium (kg),2351.42,3.55,False
2023-05-06T23:00:00,Sanctum Sanctorum,Arc Reactor Cores,641.99,4.26,False
2023-05-06T23:00:00,Sanctum Sanctorum,Pym Particles,608.97,3.91,False
2023-05-06T23:00:00,Sanctum Sanctorum,Clean Water (L),2233.88,4.26,False
2023-05-06T23:00:00,Sanctum Sanctorum,Medical Kits,628.16,3.2,False
2023-05-06T23:00:00,Avengers Compound,Vibranium (kg),2352.97,3.55,False
2023-05-06T23:00:00,Avengers Compound,Arc Reactor Cores,647.46,4.26,False
2023-05-06T23:00:00,Avengers Compound,Pym Particles,607.94,3.91,False
2023-05-06T23:00:00,Avengers Compound,Clean Water (L),2235.34,4.26,False
2023-05-06T23:00:00,Avengers Compound,Medical Kits,630.38,3.2,False
2023-05-07T00:00:00,New Asgard,Vibranium (kg),2354.98,3.5,False
2023-05-07T00:00:00,New Asgard,Arc Reactor Cores,650.9,4.2,False
2023-05-07T00:00:00,New Asgard,Pym Particles,614.61,3.85,False
2023-05-07T00:00:00,New Asgard,Clean Water (L),2243.8,4.2,False
2023-05-07T00:00:00,New Asgard,Medical Kits,634.57,3.15,False
2023-05-07T00:00:00,Wakanda,Vibranium (kg),2355.73,3.5,False
2023-05-07T00:00:00,Wakanda,Arc Reactor Cores,650.7,4.2,False
2023-05-07T00:00:00,Wakanda,Pym Particles,615.05,3.85,False
2023-05-07T00:00:00,Wakanda,Clean Water (L),2242.42,4.2,False
2023-05-07T00:00:00,Wakanda,Medical Kits,632.61,3.15,False
2023-05-07T00:00:00,Sokovia,Vibranium (kg),2355.58,3.5,False
2023-05-07T00:00:00,Sokovia,Arc Reactor Cores,651.98,4.2,False
2023-05-07T00:00:00,Sokovia,Pym Particles,608.09,3.85,False
2023-05-07T00:00:00,Sokovia,Clean Water (L),2242.02,4.2,False
2023-05-07T00:00:00,Sokovia,Medical Kits,635.41,3.15,False
2023-05-07T00:00:00,Sanctum Sanctorum,Vibranium (kg),2357.53,3.5,False
2023-05-07T00:00:00,Sanctum Sanctorum,Arc Reactor Cores,646.33,4.2,False
2023-05-07T00:00:00,Sanctum Sanctorum,Pym Particles,616.55,3.85,False
2023-05-07T00:00:00,Sanctum Sanctorum,Clean Water (L),2245.18,4.2,False
2023-05-07T00:00:00,Sanctum Sanctorum,Medical Kits,635.25,3.15,False
2023-05-07T00:00:00,Avengers Compound,Vibranium (kg),2358.3,3.5,False
2023-05-07T00:00:00,Avengers Compound,Arc Reactor Cores,651.19,4.2,False
2023-05-07T00:00:00,Avengers Compound,Pym Particles,615.13,3.85,False
2023-05-07T00:00:00,Avengers Compound,Clean Water (L),2246.59,4.2,False
2023-05-07T00:00:00,Avengers Compound,Medical Kits,636.78,3.15,False
2023-05-07T01:00:00,New Asgard,Vibranium (kg),2359.75,3.55,False
2023-05-07T01:00:00,New Asgard,Arc Reactor Cores,654.9,4.26,False
2023-05-07T01:00:00,New Asgard,Pym Particles,619.52,3.91,False
2023-05-07T01:00:00,New Asgard,Clean Water (L),2254.34,4.26,False
2023-05-07T01:00:00,New Asgard,Medical Kits,639.0,3.2,False
2023-05-07T01:00:00,Wakanda,Vibranium (kg),2362.33,3.55,False
2023-05-07T01:00:00,Wakanda,Arc Reactor Cores,654.0,4.26,False
2023-05-07T01:00:00,Wakanda,Pym Particles,622.03,3.91,False
2023-05-07T01:00:00,Wakanda,Clean Water (L),2252.28,4.26,False
2023-05-07T01:00:00,Wakanda,Medical Kits,638.05,3.2,False
2023-05-07T01:00:00,Sokovia,Vibranium (kg),2360.14,3.55,False
2023-05-07T01:00:00,Sokovia,Arc Reactor Cores,656.42,4.26,False
2023-05-07T01:00:00,Sokovia,Pym Particles,615.33,3.91,False
2023-05-07T01:00:00,Sokovia,Clean Water (L),2249.77,4.26,False
2023-05-07T01:00:00,Sokovia,Medical Kits,640.8,3.2,False
2023-05-07T01:00:00,Sanctum Sanctorum,Vibranium (kg),2362.07,3.55,False
2023-05-07T01:00:00,Sanctum Sanctorum,Arc Reactor Cores,651.92,4.26,False
2023-05-07T01:00:00,Sanctum Sanctorum,Pym Particles,621.94,3.91,False
2023-05-07T01:00:00,Sanctum Sanctorum,Clean Water (L),2254.68,4.26,False
2023-05-07T01:00:00,Sanctum Sanctorum,Medical Kits,640.63,3.2,False
2023-05-07T01:00:00,Avengers Compound,Vibranium (kg),2362.74,3.55,False
2023-05-07T01:00:00,Avengers Compound,Arc Reactor Cores,655.14,4.26,False
2023-05-07T01:00:00,Avengers Compound,Pym Particles,621.7,3.91,False
2023-05-07T01:00:00,Avengers Compound,Clean Water (L),2256.18,4.26,False
2023-05-07T01:00:00,Avengers Compound,Medical Kits,642.63,3.2,False
2023-05-07T02:00:00,New Asgard,Vibranium (kg),2364.55,3.7,False
2023-05-07T02:00:00,New Asgard,Arc Reactor Cores,657.12,4.44,False
2023-05-07T02:00:00,New Asgard,Pym Particles,625.68,4.07,False
2023-05-07T02:00:00,New Asgard,Clean Water (L),2264.27,4.44,False
2023-05-07T02:00:00,New Asgard,Medical Kits,644.44,3.33,False
2023-05-07T02:00:00,Wakanda,Vibranium (kg),2366.53,3.7,False
2023-05-07T02:00:00,Wakanda,Arc Reactor Cores,658.5,4.44,False
2023-05-07T02:00:00,Wakanda,Pym Particles,628.21,4.07,False
2023-05-07T02:00:00,Wakanda,Clean Water (L),2261.97,4.44,False
2023-05-07T02:00:00,Wakanda,Medical Kits,645.35,3.33,False
2023-05-07T02:00:00,Sokovia,Vibranium (kg),2364.48,3.7,False
2023-05-07T02:00:00,Sokovia,Arc Reactor Cores,659.39,4.44,False
2023-05-07T02:00:00,Sokovia,Pym Particles,620.26,4.07,False
2023-05-07T02:00:00,Sokovia,Clean Water (L),2259.82,4.44,False
2023-05-07T02:00:00,Sokovia,Medical Kits,647.58,3.33,False
2023-05-07T02:00:00,Sanctum Sanctorum,Vibranium (kg),2365.54,3.7,False
2023-05-07T02:00:00,Sanctum Sanctorum,Arc Reactor Cores,655.72,4.44,False
2023-05-07T02:00:00,Sanctum Sanctorum,Pym Particles,628.18,4.07,False
2023-05-07T02:00:00,Sanctum Sanctorum,Clean Water (L),2263.53,4.44,False
2023-05-07T02:00:00,Sanctum Sanctorum,Medical Kits,646.19,3.33,False
2023-05-07T02:00:00,Avengers Compound,Vibranium (kg),2367.26,3.7,False
2023-05-07T02:00:00,Avengers Compound,Arc Reactor Cores,658.15,4.44,False
2023-05-07T02:00:00,Avengers Compound,Pym Particles,627.32,4.07,False
2023-05-07T02:00:00,Avengers Compound,Clean Water (L),2264.95,4.44,False
2023-05-07T02:00:00,Avengers Compound,Medical Kits,649.73,3.33,False
2023-05-07T03:00:00,New Asgard,Vibranium (kg),2368.54,3.94,False
2023-05-07T03:00:00,New Asgard,Arc Reactor Cores,660.04,4.73,False
2023-05-07T03:00:00,New Asgard,Pym Particles,631.4,4.33,False
2023-05-07T03:00:00,New Asgard,Clean Water (L),2272.04,4.73,False
2023-05-07T03:00:00,New Asgard,Medical Kits,650.45,3.55,False
2023-05-07T03:00:00,Wakanda,Vibranium (kg),2370.32,3.94,False
2023-05-07T03:00:00,Wakanda,Arc Reactor Cores,660.76,4.73,False
2023-05-07T03:00:00,Wakanda,Pym Particles,633.83,4.33,False
2023-05-07T03:00:00,Wakanda,Clean Water (L),2270.41,4.73,False
2023-05-07T03:00:00,Wakanda,Medical Kits,649.65,3.55,False
2023-05-07T03:00:00,Sokovia,Vibranium (kg),2367.3,3.94,False
2023-05-07T03:00:00,Sokovia,Arc Reactor Cores,661.74,4.73,False
2023-05-07T03:00:00,Sokovia,Pym Particles,625.51,4.33,False
2023-05-07T03:00:00,Sokovia,Clean Water (L),2269.92,4.73,False
2023-05-07T03:00:00,Sokovia,Medical Kits,654.1,3.55,False
2023-05-07T03:00:00,Sanctum Sanctorum,Vibranium (kg),2369.73,3.94,False
2023-05-07T03:00:00,Sanctum Sanctorum,Arc Reactor Cores,658.18,4.73,False
2023-05-07T03:00:00,Sanctum Sanctorum,Pym Particles,634.48,4.33,False
2023-05-07T03:00:00,Sanctum Sanctorum,Clean Water (L),2271.47,4.73,False
2023-05-07T03:00:00,Sanctum Sanctorum,Medical Kits,652.33,3.55,False
2023-05-07T03:00:00,Avengers Compound,Vibranium (kg),2370.46,3.94,False
2023-05-07T03:00:00,Avengers Compound,Arc Reactor Cores,662.75,4.73,False
2023-05-07T03:00:00,Avengers Compound,Pym Particles,632.84,4.33,False
2023-05-07T03:00:00,Avengers Compound,Clean Water (L),2272.57,4.73,False
2023-05-07T03:00:00,Avengers Compound,Medical Kits,653.34,3.55,False
2023-05-07T04:00:00,New Asgard,Vibranium (kg),2372.24,4.25,False
2023-05-07T04:00:00,New Asgard,Arc Reactor Cores,663.15,5.1,False
2023-05-07T04:00:00,New Asgard,Pym Particles,635.27,4.68,False
2023-05-07T04:00:00,New Asgard,Clean Water (L),2278.79,5.1,False
2023-05-07T04:00:00,New Asgard,Medical Kits,655.67,3.83,False
2023-05-07T04:00:00,Wakanda,Vibranium (kg),2374.21,4.25,False
2023-05-07T04:00:00,Wakanda,Arc Reactor Cores,664.13,5.1,False
2023-05-07T04:00:00,Wakanda,Pym Particles,638.45,4.68,False
2023-05-07T04:00:00,Wakanda,Clean Water (L),2277.84,5.1,False
2023-05-07T04:00:00,Wakanda,Medical Kits,654.03,3.83,False
2023-05-07T04:00:00,Sokovia,Vibranium (kg),2370.26,4.25,False
2023-05-07T04:00:00,Sokovia,Arc Reactor Cores,664.82,5.1,False
2023-05-07T04:00:00,Sokovia,Pym Particles,631.57,4.68,False
2023-05-07T04:00:00,Sokovia,Clean Water (L),2276.54,5.1,False
2023-05-07T04:00:00,Sokovia,Medical Kits,658.56,3.83,False
2023-05-07T04:00:00,Sanctum Sanctorum,Vibranium (kg),2371.51,4.25,False
2023-05-07T04:00:00,Sanctum Sanctorum,Arc Reactor Cores,661.71,5.1,False
2023-05-07T04:00:00,Sanctum Sanctorum,Pym Particles,640.9,4.68,False
2023-05-07T04:00:00,Sanctum Sanctorum,Clean Water (L),2280.5,5.1,False
2023-05-07T04:00:00,Sanctum Sanctorum,Medical Kits,656.28,3.83,False
2023-05-07T04:00:00,Avengers Compound,Vibranium (kg),2371.81,4.25,False
2023-05-07T04:00:00,Avengers Compound,Arc Reactor Cores,665.91,5.1,False
2023-05-07T04:00:00,Avengers Compound,Pym Particles,638.55,4.68,False
2023-05-07T04:00:00,Avengers Compound,Clean Water (L),2279.76,5.1,False
2023-05-07T04:00:00,Avengers Compound,Medical Kits,657.81,3.83,False
2023-05-07T05:00:00,New Asgard,Vibranium (kg),2374.66,4.61,False
2023-05-07T05:00:00,New Asgard,Arc Reactor Cores,665.53,5.53,False
2023-05-07T05:00:00,New Asgard,Pym Particles,640.03,5.07,False
2023-05-07T05:00:00,New Asgard,Clean Water (L),2285.62,5.53,False
2023-05-07T05:00:00,New Asgard,Medical Kits,660.72,4.15,False
2023-05-07T05:00:00,Wakanda,Vibranium (kg),2378.33,4.61,False
2023-05-07T05:00:00,Wakanda,Arc Reactor Cores,666.71,5.53,False
2023-05-07T05:00:00,Wakanda,Pym Particles,643.77,5.07,False
2023-05-07T05:00:00,Wakanda,Clean Water (L),2284.96,5.53,False
2023-05-07T05:00:00,Wakanda,Medical Kits,658.52,4.15,False
2023-05-07T05:00:00,Sokovia,Vibranium (kg),2372.24,4.61,False
2023-05-07T05:00:00,Sokovia,Arc Reactor Cores,666.81,5.53,False
2023-05-07T05:00:00,Sokovia,Pym Particles,635.53,5.07,False
2023-05-07T05:00:00,Sokovia,Clean Water (L),2283.73,5.53,False
2023-05-07T05:00:00,Sokovia,Medical Kits,662.96,4.15,False
2023-05-07T05:00:00,Sanctum Sanctorum,Vibranium (kg),2374.38,4.61,False
2023-05-07T05:00:00,Sanctum Sanctorum,Arc Reactor Cores,663.66,5.53,False
2023-05-07T05:00:00,Sanctum Sanctorum,Pym Particles,644.08,5.07,False
2023-05-07T05:00:00,Sanctum Sanctorum,Clean Water (L),2286.93,5.53,False
2023-05-07T05:00:00,Sanctum Sanctorum,Medical Kits,660.21,4.15,False
2023-05-07T05:00:00,Avengers Compound,Vibranium (kg),2375.38,4.61,False
2023-05-07T05:00:00,Avengers Compound,Arc Reactor Cores,666.96,5.53,False
2023-05-07T05:00:00,Avengers Compound,Pym Particles,643.54,5.07,False
2023-05-07T05:00:00,Avengers Compound,Clean Water (L),2286.53,5.53,False
2023-05-07T05:00:00,Avengers Compound,Medical Kits,661.68,4.15,False
2023-05-07T06:00:00,New Asgard,Vibranium (kg),2375.47,5.0,False
2023-05-07T06:00:00,New Asgard,Arc Reactor Cores,667.41,6.0,False
2023-05-07T06:00:00,New Asgard,Pym Particles,643.27,5.5,False
2023-05-07T06:00:00,New Asgard,Clean Water (L),2290.93,6.0,False
2023-05-07T06:00:00,New Asgard,Medical Kits,662.49,4.5,False
2023-05-07T06:00:00,Wakanda,Vibranium (kg),2380.94,5.0,False
2023-05-07T06:00:00,Wakanda,Arc Reactor Cores,669.14,6.0,False
2023-05-07T06:00:00,Wakanda,Pym Particles,646.27,5.5,False
2023-05-07T06:00:00,Wakanda,Clean Water (L),2290.01,6.0,False
2023-05-07T06:00:00,Wakanda,Medical Kits,662.24,4.5,False
2023-05-07T06:00:00,Sokovia,Vibranium (kg),2373.63,5.0,False
2023-05-07T06:00:00,Sokovia,Arc Reactor Cores,668.75,6.0,False
2023-05-07T06:00:00,Sokovia,Pym Particles,641.19,5.5,False
2023-05-07T06:00:00,Sokovia,Clean Water (L),2288.72,6.0,False
2023-05-07T06:00:00,Sokovia,Medical Kits,666.64,4.5,False
2023-05-07T06:00:00,Sanctum Sanctorum,Vibranium (kg),2376.52,5.0,False
2023-05-07T06:00:00,Sanctum Sanctorum,Arc Reactor Cores,665.82,6.0,False
2023-05-07T06:00:00,Sanctum Sanctorum,Pym Particles,647.42,5.5,False
2023-05-07T06:00:00,Sanctum Sanctorum,Clean Water (L),2293.36,6.0,False
2023-05-07T06:00:00,Sanctum Sanctorum,Medical Kits,664.05,4.5,False
2023-05-07T06:00:00,Avengers Compound,Vibranium (kg),2378.96,5.0,False
2023-05-07T06:00:00,Avengers Compound,Arc Reactor Cores,667.66,6.0,False
2023-05-07T06:00:00,Avengers Compound,Pym Particles,645.93,5.5,False
2023-05-07T06:00:00,Avengers Compound,Clean Water (L),2292.26,6.0,False
2023-05-07T06:00:00,Avengers Compound,Medical Kits,664.77,4.5,False
2023-05-07T07:00:00,New Asgard,Vibranium (kg),2377.51,5.39,False
2023-05-07T07:00:00,New Asgard,Arc Reactor Cores,670.2,6.47,False
2023-05-07T07:00:00,New Asgard,Pym Particles,644.66,5.93,False
2023-05-07T07:00:00,New Asgard,Clean Water (L),2296.59,6.47,False
2023-05-07T07:00:00,New Asgard,Medical Kits,664.56,4.85,False
2023-05-07T07:00:00,Wakanda,Vibranium (kg),2382.9,5.39,False
2023-05-07T07:00:00,Wakanda,Arc Reactor Cores,671.54,6.47,False
2023-05-07T07:00:00,Wakanda,Pym Particles,649.26,5.93,False
2023-05-07T07:00:00,Wakanda,Clean Water (L),2294.53,6.47,False
2023-05-07T07:00:00,Wakanda,Medical Kits,665.28,4.85,False
2023-05-07T07:00:00,Sokovia,Vibranium (kg),2375.71,5.39,False
2023-05-07T07:00:00,Sokovia,Arc Reactor Cores,670.19,6.47,False
2023-05-07T07:00:00,Sokovia,Pym Particles,644.27,5.93,False
2023-05-07T07:00:00,Sokovia,Clean Water (L),2293.22,6.47,False
2023-05-07T07:00:00,Sokovia,Medical Kits,668.69,4.85,False
2023-05-07T07:00:00,Sanctum Sanctorum,Vibranium (kg),2378.49,5.39,False
2023-05-07T07:00:00,Sanctum Sanctorum,Arc Reactor Cores,667.12,6.47,False
2023-05-07T07:00:00,Sanctum Sanctorum,Pym Particles,651.7,5.93,False
2023-05-07T07:00:00,Sanctum Sanctorum,Clean Water (L),2297.8,6.47,False
2023-05-07T07:00:00,Sanctum Sanctorum,Medical Kits,665.61,4.85,False
2023-05-07T07:00:00,Avengers Compound,Vibranium (kg),2380.49,5.39,False
2023-05-07T07:00:00,Avengers Compound,Arc Reactor Cores,667.93,6.47,False
2023-05-07T07:00:00,Avengers Compound,Pym Particles,648.08,5.93,False
2023-05-07T07:00:00,Avengers Compound,Clean Water (L),2297.8,6.47,False
2023-05-07T07:00:00,Avengers Compound,Medical Kits,668.38,4.85,False
2023-05-07T08:00:00,New Asgard,Vibranium (kg),2377.83,5.75,False
2023-05-07T08:00:00,New Asgard,Arc Reactor Cores,671.99,6.9,False
2023-05-07T08:00:00,New Asgard,Pym Particles,646.76,6.32,False
2023-05-07T08:00:00,New Asgard,Clean Water (L),2300.63,6.9,False
2023-05-07T08:00:00,New Asgard,Medical Kits,668.77,5.17,False
2023-05-07T08:00:00,Wakanda,Vibranium (kg),2383.0,5.75,False
2023-05-07T08:00:00,Wakanda,Arc Reactor Cores,671.78,6.9,False
2023-05-07T08:00:00,Wakanda,Pym Particles,651.44,6.32,False
2023-05-07T08:00:00,Wakanda,Clean Water (L),2298.2,6.9,False
2023-05-07T08:00:00,Wakanda,Medical Kits,667.52,5.17,False
2023-05-07T08:00:00,Sokovia,Vibranium (kg),2376.99,5.75,False
2023-05-07T08:00:00,Sokovia,Arc Reactor Cores,670.28,6.9,False
2023-05-07T08:00:00,Sokovia,Pym Particles,646.66,6.32,False
2023-05-07T08:00:00,Sokovia,Clean Water (L),2297.35,6.9,False
2023-05-07T08:00:00,Sokovia,Medical Kits,671.0,5.17,False
2023-05-07T08:00:00,Sanctum Sanctorum,Vibranium (kg),2380.24,5.75,False
2023-05-07T08:00:00,Sanctum Sanctorum,Arc Reactor Cores,666.53,6.9,False
2023-05-07T08:00:00,Sanctum Sanctorum,Pym Particles,653.21,6.32,False
2023-05-07T08:00:00,Sanctum Sanctorum,Clean Water (L),2301.47,6.9,False
2023-05-07T08:00:00,Sanctum Sanctorum,Medical Kits,667.85,5.17,False
2023-05-07T08:00:00,Avengers Compound,Vibranium (kg),2381.15,5.75,False
2023-05-07T08:00:00,Avengers Compound,Arc Reactor Cores,668.17,6.9,False
2023-05-07T08:00:00,Avengers Compound,Pym Particles,650.64,6.32,False
2023-05-07T08:00:00,Avengers Compound,Clean Water (L),2302.06,6.9,False
2023-05-07T08:00:00,Avengers Compound,Medical Kits,670.66,5.17,False
2023-05-07T09:00:00,New Asgard,Vibranium (kg),2379.63,6.06,False
2023-05-07T09:00:00,New Asgard,Arc Reactor Cores,672.95,7.27,False
2023-05-07T09:00:00,New Asgard,Pym Particles,648.08,6.67,False
2023-05-07T09:00:00,New Asgard,Clean Water (L),2304.73,7.27,False
2023-05-07T09:00:00,New Asgard,Medical Kits,671.24,5.45,False
2023-05-07T09:00:00,Wakanda,Vibranium (kg),2382.87,6.06,False
2023-05-07T09:00:00,Wakanda,Arc Reactor Cores,672.51,7.27,False
2023-05-07T09:00:00,Wakanda,Pym Particles,653.39,6.67,False
2023-05-07T09:00:00,Wakanda,Clean Water (L),2301.43,7.27,False
2023-05-07T09:00:00,Wakanda,Medical Kits,668.08,5.45,False
2023-05-07T09:00:00,Sokovia,Vibranium (kg),2378.26,6.06,False
2023-05-07T09:00:00,Sokovia,Arc Reactor Cores,671.56,7.27,False
2023-05-07T09:00:00,Sokovia,Pym Particles,648.2,6.67,False
2023-05-07T09:00:00,Sokovia,Clean Water (L),2302.04,7.27,False
2023-05-07T09:00:00,Sokovia,Medical Kits,674.34,5.45,False
2023-05-07T09:00:00,Sanctum Sanctorum,Vibranium (kg),2381.79,6.06,False
2023-05-07T09:00:00,Sanctum Sanctorum,Arc Reactor Cores,665.74,7.27,False
2023-05-07T09:00:00,Sanctum Sanctorum,Pym Particles,655.8,6.67,False
2023-05-07T09:00:00,Sanctum Sanctorum,Clean Water (L),2304.94,7.27,False
2023-05-07T09:00:00,Sanctum Sanctorum,Medical Kits,670.06,5.45,False
2023-05-07T09:00:00,Avengers Compound,Vibranium (kg),2382.31,6.06,False
2023-05-07T09:00:00,Avengers Compound,Arc Reactor Cores,669.61,7.27,False
2023-05-07T09:00:00,Avengers Compound,Pym Particles,652.71,6.67,False
2023-05-07T09:00:00,Avengers Compound,Clean Water (L),2306.22,7.27,False
2023-05-07T09:00:00,Avengers Compound,Medical Kits,671.96,5.45,False
2023-05-07T10:00:00,New Asgard,Vibranium (kg),2379.68,6.3,False
2023-05-07T10:00:00,New Asgard,Arc Reactor Cores,673.86,7.56,False
2023-05-07T10:00:00,New Asgard,Pym Particles,650.28,6.93,False
2023-05-07T10:00:00,New Asgard,Clean Water (L),2307.52,7.56,False
2023-05-07T10:00:00,New Asgard,Medical Kits,673.24,5.67,False
2023-05-07T10:00:00,Wakanda,Vibranium (kg),2384.57,6.3,False
2023-05-07T10:00:00,Wakanda,Arc Reactor Cores,671.88,7.56,False
2023-05-07T10:00:00,Wakanda,Pym Particles,654.21,6.93,False
2023-05-07T10:00:00,Wakanda,Clean Water (L),2304.63,7.56,False
2023-05-07T10:00:00,Wakanda,Medical Kits,670.39,5.67,False
2023-05-07T10:00:00,Sokovia,Vibranium (kg),2378.3,6.3,False
2023-05-07T10:00:00,Sokovia,Arc Reactor Cores,672.26,7.56,False
2023-05-07T10:00:00,Sokovia,Pym Particles,650.57,6.93,False
2023-05-07T10:00:00,Sokovia,Clean Water (L),2306.76,7.56,False
2023-05-07T10:00:00,Sokovia,Medical Kits,677.61,5.67,False
2023-05-07T10:00:00,Sanctum Sanctorum,Vibranium (kg),2381.19,6.3,False
2023-05-07T10:00:00,Sanctum Sanctorum,Arc Reactor Cores,666.47,7.56,False
2023-05-07T10:00:00,Sanctum Sanctorum,Pym Particles,655.74,6.93,False
2023-05-07T10:00:00,Sanctum Sanctorum,Clean Water (L),2308.14,7.56,False
2023-05-07T10:00:00,Sanctum Sanctorum,Medical Kits,671.72,5.67,False
2023-05-07T10:00:00,Avengers Compound,Vibranium (kg),2382.86,6.3,False
2023-05-07T10:00:00,Avengers Compound,Arc Reactor Cores,668.13,7.56,False
2023-05-07T10:00:00,Avengers Compound,Pym Particles,652.36,6.93,False
2023-05-07T10:00:00,Avengers Compound,Clean Water (L),2307.48,7.56,False
2023-05-07T10:00:00,Avengers Compound,Medical Kits,673.58,5.67,False
2023-05-07T11:00:00,New Asgard,Vibranium (kg),2379.36,6.45,False
2023-05-07T11:00:00,New Asgard,Arc Reactor Cores,672.73,7.74,False
2023-05-07T11:00:00,New Asgard,Pym Particles,651.34,7.09,False
2023-05-07T11:00:00,New Asgard,Clean Water (L),2311.02,7.74,False
2023-05-07T11:00:00,New Asgard,Medical Kits,675.73,5.8,False
2023-05-07T11:00:00,Wakanda,Vibranium (kg),2384.18,6.45,False
2023-05-07T11:00:00,Wakanda,Arc Reactor Cores,672.36,7.74,False
2023-05-07T11:00:00,Wakanda,Pym Particles,656.68,7.09,False
2023-05-07T11:00:00,Wakanda,Clean Water (L),2309.17,7.74,False
2023-05-07T11:00:00,Wakanda,Medical Kits,672.93,5.8,False
2023-05-07T11:00:00,Sokovia,Vibranium (kg),2379.68,6.45,False
2023-05-07T11:00:00,Sokovia,Arc Reactor Cores,672.57,7.74,False
2023-05-07T11:00:00,Sokovia,Pym Particles,652.1,7.09,False
2023-05-07T11:00:00,Sokovia,Clean Water (L),2309.54,7.74,False
2023-05-07T11:00:00,Sokovia,Medical Kits,678.76,5.8,False
2023-05-07T11:00:00,Sanctum Sanctorum,Vibranium (kg),2382.43,6.45,False
2023-05-07T11:00:00,Sanctum Sanctorum,Arc Reactor Cores,666.77,7.74,False
2023-05-07T11:00:00,Sanctum Sanctorum,Pym Particles,656.92,7.09,False
2023-05-07T11:00:00,Sanctum Sanctorum,Clean Water (L),2312.36,7.74,False
2023-05-07T11:00:00,Sanctum Sanctorum,Medical Kits,673.5,5.8,False
2023-05-07T11:00:00,Avengers Compound,Vibranium (kg),2382.34,6.45,False
2023-05-07T11:00:00,Avengers Compound,Arc Reactor Cores,668.5,7.74,False
2023-05-07T11:00:00,Avengers Compound,Pym Particles,652.41,7.09,False
2023-05-07T11:00:00,Avengers Compound,Clean Water (L),2309.27,7.74,False
2023-05-07T11:00:00,Avengers Compound,Medical Kits,676.17,5.8,False
2023-05-07T12:00:00,New Asgard,Vibranium (kg),2381.5,6.5,False
2023-05-07T12:00:00,New Asgard,Arc Reactor Cores,671.86,7.8,False
2023-05-07T12:00:00,New Asgard,Pym Particles,652.41,7.15,False
2023-05-07T12:00:00,New Asgard,Clean Water (L),2315.03,7.8,False
2023-05-07T12:00:00,New Asgard,Medical Kits,676.43,5.85,False
2023-05-07T12:00:00,Wakanda,Vibranium (kg),2384.17,6.5,False
2023-05-07T12:00:00,Wakanda,Arc Reactor Cores,672.03,7.8,False
2023-05-07T12:00:00,Wakanda,Pym Particles,657.91,7.15,False
2023-05-07T12:00:00,Wakanda,Clean Water (L),2310.5,7.8,False
2023-05-07T12:00:00,Wakanda,Medical Kits,674.36,5.85,False
2023-05-07T12:00:00,Sokovia,Vibranium (kg),2381.67,6.5,False
2023-05-07T12:00:00,Sokovia,Arc Reactor Cores,673.48,7.8,False
2023-05-07T12:00:00,Sokovia,Pym Particles,652.61,7.15,False
2023-05-07T12:00:00,Sokovia,Clean Water (L),2312.23,7.8,False
2023-05-07T12:00:00,Sokovia,Medical Kits,680.18,5.85,False
2023-05-07T12:00:00,Sanctum Sanctorum,Vibranium (kg),2383.14,6.5,False
2023-05-07T12:00:00,Sanctum Sanctorum,Arc Reactor Cores,667.55,7.8,False
2023-05-07T12:00:00,Sanctum Sanctorum,Pym Particles,658.14,7.15,False
2023-05-07T12:00:00,Sanctum Sanctorum,Clean Water (L),2314.19,7.8,False
2023-05-07T12:00:00,Sanctum Sanctorum,Medical Kits,674.75,5.85,False
2023-05-07T12:00:00,Avengers Compound,Vibranium (kg),2383.99,6.5,False
2023-05-07T12:00:00,Avengers Compound,Arc Reactor Cores,668.37,7.8,False
2023-05-07T12:00:00,Avengers Compound,Pym Particles,653.79,7.15,False
2023-05-07T12:00:00,Avengers Compound,Clean Water (L),2312.76,7.8,False
2023-05-07T12:00:00,Avengers Compound,Medical Kits,678.09,5.85,False
2023-05-07T13:00:00,New Asgard,Vibranium (kg),2383.04,6.45,False
2023-05-07T13:00:00,New Asgard,Arc Reactor Cores,671.35,7.74,False
2023-05-07T13:00:00,New Asgard,Pym Particles,653.83,7.09,False
2023-05-07T13:00:00,New Asgard,Clean Water (L),2318.08,7.74,False
2023-05-07T13:00:00,New Asgard,Medical Kits,676.23,5.8,False
2023-05-07T13:00:00,Wakanda,Vibranium (kg),2383.76,6.45,False
2023-05-07T13:00:00,Wakanda,Arc Reactor Cores,672.08,7.74,False
2023-05-07T13:00:00,Wakanda,Pym Particles,657.05,7.09,False
2023-05-07T13:00:00,Wakanda,Clean Water (L),2313.04,7.74,False
2023-05-07T13:00:00,Wakanda,Medical Kits,676.51,5.8,False
2023-05-07T13:00:00,Sokovia,Vibranium (kg),2382.31,6.45,False
2023-05-07T13:00:00,Sokovia,Arc Reactor Cores,674.49,7.74,False
2023-05-07T13:00:00,Sokovia,Pym Particles,654.01,7.09,False
2023-05-07T13:00:00,Sokovia,Clean Water (L),2314.47,7.74,False
2023-05-07T13:00:00,Sokovia,Medical Kits,681.78,5.8,False
2023-05-07T13:00:00,Sanctum Sanctorum,Vibranium (kg),2383.25,6.45,False
2023-05-07T13:00:00,Sanctum Sanctorum,Arc Reactor Cores,667.22,7.74,False
2023-05-07T13:00:00,Sanctum Sanctorum,Pym Particles,657.81,7.09,False
2023-05-07T13:00:00,Sanctum Sanctorum,Clean Water (L),2316.09,7.74,False
2023-05-07T13:00:00,Sanctum Sanctorum,Medical Kits,675.44,5.8,False
2023-05-07T13:00:00,Avengers Compound,Vibranium (kg),2385.76,6.45,False
2023-05-07T13:00:00,Avengers Compound,Arc Reactor Cores,669.42,7.74,False
2023-05-07T13:00:00,Avengers Compound,Pym Particles,655.86,7.09,False
2023-05-07T13:00:00,Avengers Compound,Clean Water (L),2314.54,7.74,False
2023-05-07T13:00:00,Avengers Compound,Medical Kits,679.26,5.8,False
2023-05-07T14:00:00,New Asgard,Vibranium (kg),2383.14,6.3,False
2023-05-07T14:00:00,New Asgard,Arc Reactor Cores,672.46,7.56,False
2023-05-07T14:00:00,New Asgard,Pym Particles,655.13,6.93,False
2023-05-07T14:00:00,New Asgard,Clean Water (L),2320.19,7.56,False
2023-05-07T14:00:00,New Asgard,Medical Kits,677.93,5.67,False
2023-05-07T14:00:00,Wakanda,Vibranium (kg),2385.4,6.3,False
2023-05-07T14:00:00,Wakanda,Arc Reactor Cores,671.53,7.56,False
2023-05-07T14:00:00,Wakanda,Pym Particles,656.98,6.93,False
2023-05-07T14:00:00,Wakanda,Clean Water (L),2314.88,7.56,False
2023-05-07T14:00:00,Wakanda,Medical Kits,677.49,5.67,False
2023-05-07T14:00:00,Sokovia,Vibranium (kg),2381.51,6.3,False
2023-05-07T14:00:00,Sokovia,Arc Reactor Cores,675.07,7.56,False
2023-05-07T14:00:00,Sokovia,Pym Particles,656.07,6.93,False
2023-05-07T14:00:00,Sokovia,Clean Water (L),2317.32,7.56,False
2023-05-07T14:00:00,Sokovia,Medical Kits,682.54,5.67,False
2023-05-07T14:00:00,Sanctum Sanctorum,Vibranium (kg),2384.19,6.3,False
2023-05-07T14:00:00,Sanctum Sanctorum,Arc Reactor Cores,666.51,7.56,False
2023-05-07T14:00:00,Sanctum Sanctorum,Pym Particles,660.38,6.93,False
2023-05-07T14:00:00,Sanctum Sanctorum,Clean Water (L),2317.87,7.56,False
2023-05-07T14:00:00,Sanctum Sanctorum,Medical Kits,676.26,5.67,False
2023-05-07T14:00:00,Avengers Compound,Vibranium (kg),2384.47,6.3,False
2023-05-07T14:00:00,Avengers Compound,Arc Reactor Cores,669.18,7.56,False
2023-05-07T14:00:00,Avengers Compound,Pym Particles,657.14,6.93,False
2023-05-07T14:00:00,Avengers Compound,Clean Water (L),2318.77,7.56,False
2023-05-07T14:00:00,Avengers Compound,Medical Kits,680.11,5.67,False
2023-05-07T15:00:00,New Asgard,Vibranium (kg),2384.51,6.06,False
2023-05-07T15:00:00,New Asgard,Arc Reactor Cores,672.45,7.27,False
2023-05-07T15:00:00,New Asgard,Pym Particles,656.03,6.67,False
2023-05-07T15:00:00,New Asgard,Clean Water (L),2322.75,7.27,False
2023-05-07T15:00:00,New Asgard,Medical Kits,678.68,5.45,False
2023-05-07T15:00:00,Wakanda,Vibranium (kg),2385.47,6.06,False
2023-05-07T15:00:00,Wakanda,Arc Reactor Cores,672.26,7.27,False
2023-05-07T15:00:00,Wakanda,Pym Particles,658.23,6.67,False
2023-05-07T15:00:00,Wakanda,Clean Water (L),2318.02,7.27,False
2023-05-07T15:00:00,Wakanda,Medical Kits,679.56,5.45,False
2023-05-07T15:00:00,Sokovia,Vibranium (kg),2382.62,6.06,False
2023-05-07T15:00:00,Sokovia,Arc Reactor Cores,675.84,7.27,False
2023-05-07T15:00:00,Sokovia,Pym Particles,657.31,6.67,False
2023-05-07T15:00:00,Sokovia,Clean Water (L),2321.13,7.27,False
2023-05-07T15:00:00,Sokovia,Medical Kits,684.55,5.45,False
2023-05-07T15:00:00,Sanctum Sanctorum,Vibranium (kg),2383.63,6.06,False
2023-05-07T15:00:00,Sanctum Sanctorum,Arc Reactor Cores,666.43,7.27,False
2023-05-07T15:00:00,Sanctum Sanctorum,Pym Particles,661.89,6.67,False
2023-05-07T15:00:00,Sanctum Sanctorum,Clean Water (L),2319.59,7.27,False
2023-05-07T15:00:00,Sanctum Sanctorum,Medical Kits,676.74,5.45,False
2023-05-07T15:00:00,Avengers Compound,Vibranium (kg),2385.68,6.06,False
2023-05-07T15:00:00,Avengers Compound,Arc Reactor Cores,671.14,7.27,False
2023-05-07T15:00:00,Avengers Compound,Pym Particles,659.55,6.67,False
2023-05-07T15:00:00,Avengers Compound,Clean Water (L),2321.21,7.27,False
2023-05-07T15:00:00,Avengers Compound,Medical Kits,682.05,5.45,False
2023-05-07T16:00:00,New Asgard,Vibranium (kg),2385.33,5.75,False
2023-05-07T16:00:00,New Asgard,Arc Reactor Cores,672.95,6.9,False
2023-05-07T16:00:00,New Asgard,Pym Particles,656.61,6.32,False
2023-05-07T16:00:00,New Asgard,Clean Water (L),2324.98,6.9,False
2023-05-07T16:00:00,New Asgard,Medical Kits,682.31,5.17,False
2023-05-07T16:00:00,Wakanda,Vibranium (kg),2387.86,5.75,False
2023-05-07T16:00:00,Wakanda,Arc Reactor Cores,672.63,6.9,False
2023-05-07T16:00:00,Wakanda,Pym Particles,660.8,6.32,False
2023-05-07T16:00:00,Wakanda,Clean Water (L),2322.5,6.9,False
2023-05-07T16:00:00,Wakanda,Medical Kits,680.52,5.17,False
2023-05-07T16:00:00,Sokovia,Vibranium (kg),2383.26,5.75,False
2023-05-07T16:00:00,Sokovia,Arc Reactor Cores,676.73,6.9,False
2023-05-07T16:00:00,Sokovia,Pym Particles,659.77,6.32,False
2023-05-07T16:00:00,Sokovia,Clean Water (L),2324.46,6.9,False
2023-05-07T16:00:00,Sokovia,Medical Kits,686.07,5.17,False
2023-05-07T16:00:00,Sanctum Sanctorum,Vibranium (kg),2385.34,5.75,False
2023-05-07T16:00:00,Sanctum Sanctorum,Arc Reactor Cores,667.14,6.9,False
2023-05-07T16:00:00,Sanctum Sanctorum,Pym Particles,664.92,6.32,False
2023-05-07T16:00:00,Sanctum Sanctorum,Clean Water (L),2321.35,6.9,False
2023-05-07T16:00:00,Sanctum Sanctorum,Medical Kits,679.21,5.17,False
2023-05-07T16:00:00,Avengers Compound,Vibranium (kg),2386.47,5.75,False
2023-05-07T16:00:00,Avengers Compound,Arc Reactor Cores,671.73,6.9,False
2023-05-07T16:00:00,Avengers Compound,Pym Particles,660.66,6.32,False
2023-05-07T16:00:00,Avengers Compound,Clean Water (L),2323.6,6.9,False
2023-05-07T16:00:00,Avengers Compound,Medical Kits,683.99,5.17,False
2023-05-07T17:00:00,New Asgard,Vibranium (kg),2385.69,5.39,False
2023-05-07T17:00:00,New Asgard,Arc Reactor Cores,675.29,6.47,False
2023-05-07T17:00:00,New Asgard,Pym Particles,658.01,5.93,False
2023-05-07T17:00:00,New Asgard,Clean Water (L),2327.35,6.47,False
2023-05-07T17:00:00,New Asgard,Medical Kits,684.03,4.85,False
2023-05-07T17:00:00,Wakanda,Vibranium (kg),2388.83,5.39,False
2023-05-07T17:00:00,Wakanda,Arc Reactor Cores,673.96,6.47,False
2023-05-07T17:00:00,Wakanda,Pym Particles,662.35,5.93,False
2023-05-07T17:00:00,Wakanda,Clean Water (L),2325.52,6.47,False
2023-05-07T17:00:00,Wakanda,Medical Kits,683.58,4.85,False
2023-05-07T17:00:00,Sokovia,Vibranium (kg),2383.69,5.39,False
2023-05-07T17:00:00,Sokovia,Arc Reactor Cores,676.85,6.47,False
2023-05-07T17:00:00,Sokovia,Pym Particles,662.92,5.93,False
2023-05-07T17:00:00,Sokovia,Clean Water (L),2328.73,6.47,False
2023-05-07T17:00:00,Sokovia,Medical Kits,687.59,4.85,False
2023-05-07T17:00:00,Sanctum Sanctorum,Vibranium (kg),2385.83,5.39,False
2023-05-07T17:00:00,Sanctum Sanctorum,Arc Reactor Cores,669.15,6.47,False
2023-05-07T17:00:00,Sanctum Sanctorum,Pym Particles,666.84,5.93,False
2023-05-07T17:00:00,Sanctum Sanctorum,Clean Water (L),2325.43,6.47,False
2023-05-07T17:00:00,Sanctum Sanctorum,Medical Kits,681.9,4.85,False
2023-05-07T17:00:00,Avengers Compound,Vibranium (kg),2386.76,5.39,False
2023-05-07T17:00:00,Avengers Compound,Arc Reactor Cores,672.34,6.47,False
2023-05-07T17:00:00,Avengers Compound,Pym Particles,663.08,5.93,False
2023-05-07T17:00:00,Avengers Compound,Clean Water (L),2327.39,6.47,False
2023-05-07T17:00:00,Avengers Compound,Medical Kits,684.45,4.85,False
2023-05-07T18:00:00,New Asgard,Vibranium (kg),2387.72,5.0,False
2023-05-07T18:00:00,New Asgard,Arc Reactor Cores,676.53,6.0,False
2023-05-07T18:00:00,New Asgard,Pym Particles,661.42,5.5,False
2023-05-07T18:00:00,New Asgard,Clean Water (L),2331.85,6.0,False
2023-05-07T18:00:00,New Asgard,Medical Kits,685.29,4.5,False
2023-05-07T18:00:00,Wakanda,Vibranium (kg),2390.16,5.0,False
2023-05-07T18:00:00,Wakanda,Arc Reactor Cores,675.25,6.0,False
2023-05-07T18:00:00,Wakanda,Pym Particles,664.84,5.5,False
2023-05-07T18:00:00,Wakanda,Clean Water (L),2328.4,6.0,False
2023-05-07T18:00:00,Wakanda,Medical Kits,686.12,4.5,False
2023-05-07T18:00:00,Sokovia,Vibranium (kg),2384.76,5.0,False
2023-05-07T18:00:00,Sokovia,Arc Reactor Cores,676.76,6.0,False
2023-05-07T18:00:00,Sokovia,Pym Particles,665.4,5.5,False
2023-05-07T18:00:00,Sokovia,Clean Water (L),2334.12,6.0,False
2023-05-07T18:00:00,Sokovia,Medical Kits,689.68,4.5,False
2023-05-07T18:00:00,Sanctum Sanctorum,Vibranium (kg),2388.26,5.0,False
2023-05-07T18:00:00,Sanctum Sanctorum,Arc Reactor Cores,671.18,6.0,False
2023-05-07T18:00:00,Sanctum Sanctorum,Pym Particles,670.07,5.5,False
2023-05-07T18:00:00,Sanctum Sanctorum,Clean Water (L),2329.56,6.0,False
2023-05-07T18:00:00,Sanctum Sanctorum,Medical Kits,684.13,4.5,False
2023-05-07T18:00:00,Avengers Compound,Vibranium (kg),2387.01,5.0,False
2023-05-07T18:00:00,Avengers Compound,Arc Reactor Cores,673.68,6.0,False
2023-05-07T18:00:00,Avengers Compound,Pym Particles,666.71,5.5,False
2023-05-07T18:00:00,Avengers Compound,Clean Water (L),2330.44,6.0,False
2023-05-07T18:00:00,Avengers Compound,Medical Kits,685.61,4.5,False
2023-05-07T19:00:00,New Asgard,Vibranium (kg),2391.17,4.61,False
2023-05-07T19:00:00,New Asgard,Arc Reactor Cores,676.86,5.53,False
2023-05-07T19:00:00,New Asgard,Pym Particles,663.95,5.07,False
2023-05-07T19:00:00,New Asgard,Clean Water (L),2335.03,5.53,False
2023-05-07T19:00:00,New Asgard,Medical Kits,687.08,4.15,False
2023-05-07T19:00:00,Wakanda,Vibranium (kg),2392.56,4.61,False
2023-05-07T19:00:00,Wakanda,Arc Reactor Cores,678.35,5.53,False
2023-05-07T19:00:00,Wakanda,Pym Particles,668.8,5.07,False
2023-05-07T19:00:00,Wakanda,Clean Water (L),2333.39,5.53,False
2023-05-07T19:00:00,Wakanda,Medical Kits,686.95,4.15,False
2023-05-07T19:00:00,Sokovia,Vibranium (kg),2387.25,4.61,False
2023-05-07T19:00:00,Sokovia,Arc Reactor Cores,678.5,5.53,False
2023-05-07T19:00:00,Sokovia,Pym Particles,667.62,5.07,False
2023-05-07T19:00:00,Sokovia,Clean Water (L),2337.82,5.53,False
2023-05-07T19:00:00,Sokovia,Medical Kits,693.65,4.15,False
2023-05-07T19:00:00,Sanctum Sanctorum,Vibranium (kg),2389.22,4.61,False
2023-05-07T19:00:00,Sanctum Sanctorum,Arc Reactor Cores,671.83,5.53,False
2023-05-07T19:00:00,Sanctum Sanctorum,Pym Particles,671.63,5.07,False
2023-05-07T19:00:00,Sanctum Sanctorum,Clean Water (L),2335.21,5.53,False
2023-05-07T19:00:00,Sanctum Sanctorum,Medical Kits,685.12,4.15,False
2023-05-07T19:00:00,Avengers Compound,Vibranium (kg),2388.7,4.61,False
2023-05-07T19:00:00,Avengers Compound,Arc Reactor Cores,674.83,5.53,False
2023-05-07T19:00:00,Avengers Compound,Pym Particles,670.37,5.07,False
2023-05-07T19:00:00,Avengers Compound,Clean Water (L),2333.87,5.53,False
2023-05-07T19:00:00,Avengers Compound,Medical Kits,689.15,4.15,False
2023-05-07T20:00:00,New Asgard,Vibranium (kg),2392.38,4.25,False
2023-05-07T20:00:00,New Asgard,Arc Reactor Cores,678.83,5.1,False
2023-05-07T20:00:00,New Asgard,Pym Particles,667.89,4.68,False
2023-05-07T20:00:00,New Asgard,Clean Water (L),2338.89,5.1,False
2023-05-07T20:00:00,New Asgard,Medical Kits,690.84,3.83,False
2023-05-07T20:00:00,Wakanda,Vibranium (kg),2396.48,4.25,False
2023-05-07T20:00:00,Wakanda,Arc Reactor Cores,681.36,5.1,False
2023-05-07T20:00:00,Wakanda,Pym Particles,671.9,4.68,False
2023-05-07T20:00:00,Wakanda,Clean Water (L),2336.14,5.1,False
2023-05-07T20:00:00,Wakanda,Medical Kits,689.67,3.83,False
2023-05-07T20:00:00,Sokovia,Vibranium (kg),2389.65,4.25,False
2023-05-07T20:00:00,Sokovia,Arc Reactor Cores,679.9,5.1,False
2023-05-07T20:00:00,Sokovia,Pym Particles,670.68,4.68,False
2023-05-07T20:00:00,Sokovia,Clean Water (L),2342.12,5.1,False
2023-05-07T20:00:00,Sokovia,Medical Kits,697.32,3.83,False
2023-05-07T20:00:00,Sanctum Sanctorum,Vibranium (kg),2390.27,4.25,False
2023-05-07T20:00:00,Sanctum Sanctorum,Arc Reactor Cores,674.91,5.1,False
2023-05-07T20:00:00,Sanctum Sanctorum,Pym Particles,675.38,4.68,False
2023-05-07T20:00:00,Sanctum Sanctorum,Clean Water (L),2339.87,5.1,False
2023-05-07T20:00:00,Sanctum Sanctorum,Medical Kits,687.74,3.83,False
2023-05-07T20:00:00,Avengers Compound,Vibranium (kg),2390.37,4.25,False
2023-05-07T20:00:00,Avengers Compound,Arc Reactor Cores,677.0,5.1,False
2023-05-07T20:00:00,Avengers Compound,Pym Particles,673.66,4.68,False
2023-05-07T20:00:00,Avengers Compound,Clean Water (L),2338.68,5.1,False
2023-05-07T20:00:00,Avengers Compound,Medical Kits,691.32,3.83,False
2023-05-07T21:00:00,New Asgard,Vibranium (kg),2393.88,3.94,False
2023-05-07T21:00:00,New Asgard,Arc Reactor Cores,681.53,4.73,False
2023-05-07T21:00:00,New Asgard,Pym Particles,671.22,4.33,False
2023-05-07T21:00:00,New Asgard,Clean Water (L),2343.48,4.73,False
2023-05-07T21:00:00,New Asgard,Medical Kits,692.38,3.55,False
2023-05-07T21:00:00,Wakanda,Vibranium (kg),2397.58,3.94,False
2023-05-07T21:00:00,Wakanda,Arc Reactor Cores,683.93,4.73,False
2023-05-07T21:00:00,Wakanda,Pym Particles,673.77,4.33,False
2023-05-07T21:00:00,Wakanda,Clean Water (L),2340.66,4.73,False
2023-05-07T21:00:00,Wakanda,Medical Kits,691.94,3.55,False
2023-05-07T21:00:00,Sokovia,Vibranium (kg),2392.06,3.94,False
2023-05-07T21:00:00,Sokovia,Arc Reactor Cores,683.01,4.73,False
2023-05-07T21:00:00,Sokovia,Pym Particles,673.74,4.33,False
2023-05-07T21:00:00,Sokovia,Clean Water (L),2346.29,4.73,False
2023-05-07T21:00:00,Sokovia,Medical Kits,699.53,3.55,False
2023-05-07T21:00:00,Sanctum Sanctorum,Vibranium (kg),2392.94,3.94,False
2023-05-07T21:00:00,Sanctum Sanctorum,Arc Reactor Cores,678.17,4.73,False
2023-05-07T21:00:00,Sanctum Sanctorum,Pym Particles,677.64,4.33,False
2023-05-07T21:00:00,Sanctum Sanctorum,Clean Water (L),2344.02,4.73,False
2023-05-07T21:00:00,Sanctum Sanctorum,Medical Kits,691.14,3.55,False
2023-05-07T21:00:00,Avengers Compound,Vibranium (kg),2392.17,3.94,False
2023-05-07T21:00:00,Avengers Compound,Arc Reactor Cores,679.4,4.73,False
2023-05-07T21:00:00,Avengers Compound,Pym Particles,676.85,4.33,False
2023-05-07T21:00:00,Avengers Compound,Clean Water (L),2343.16,4.73,False
2023-05-07T21:00:00,Avengers Compound,Medical Kits,693.54,3.55,False
2023-05-07T22:00:00,New Asgard,Vibranium (kg),2397.18,3.7,False
2023-05-07T22:00:00,New Asgard,Arc Reactor Cores,684.62,4.44,False
2023-05-07T22:00:00,New Asgard,Pym Particles,674.85,4.07,False
2023-05-07T22:00:00,New Asgard,Clean Water (L),2348.07,4.44,False
2023-05-07T22:00:00,New Asgard,Medical Kits,696.31,3.33,False
2023-05-07T22:00:00,Wakanda,Vibranium (kg),2401.4,3.7,False
2023-05-07T22:00:00,Wakanda,Arc Reactor Cores,685.8,4.44,False
2023-05-07T22:00:00,Wakanda,Pym Particles,676.69,4.07,False
2023-05-07T22:00:00,Wakanda,Clean Water (L),2345.16,4.44,False
2023-05-07T22:00:00,Wakanda,Medical Kits,696.45,3.33,False
2023-05-07T22:00:00,Sokovia,Vibranium (kg),2394.97,3.7,False
2023-05-07T22:00:00,Sokovia,Arc Reactor Cores,686.22,4.44,False
2023-05-07T22:00:00,Sokovia,Pym Particles,677.1,4.07,False
2023-05-07T22:00:00,Sokovia,Clean Water (L),2349.3,4.44,False
2023-05-07T22:00:00,Sokovia,Medical Kits,700.89,3.33,False
2023-05-07T22:00:00,Sanctum Sanctorum,Vibranium (kg),2395.73,3.7,False
2023-05-07T22:00:00,Sanctum Sanctorum,Arc Reactor Cores,681.51,4.44,False
2023-05-07T22:00:00,Sanctum Sanctorum,Pym Particles,680.24,4.07,False
2023-05-07T22:00:00,Sanctum Sanctorum,Clean Water (L),2348.29,4.44,False
2023-05-07T22:00:00,Sanctum Sanctorum,Medical Kits,694.49,3.33,False
2023-05-07T22:00:00,Avengers Compound,Vibranium (kg),2395.5,3.7,False
2023-05-07T22:00:00,Avengers Compound,Arc Reactor Cores,683.49,4.44,False
2023-05-07T22:00:00,Avengers Compound,Pym Particles,679.74,4.07,False
2023-05-07T22:00:00,Avengers Compound,Clean Water (L),2347.32,4.44,False
2023-05-07T22:00:00,Avengers Compound,Medical Kits,697.44,3.33,False
2023-05-07T23:00:00,New Asgard,Vibranium (kg),2400.41,3.55,False
2023-05-07T23:00:00,New Asgard,Arc Reactor Cores,687.93,4.26,False
2023-05-07T23:00:00,New Asgard,Pym Particles,679.33,3.91,False
2023-05-07T23:00:00,New Asgard,Clean Water (L),2352.52,4.26,False
2023-05-07T23:00:00,New Asgard,Medical Kits,698.94,3.2,False
2023-05-07T23:00:00,Wakanda,Vibranium (kg),2402.7,3.55,False
2023-05-07T23:00:00,Wakanda,Arc Reactor Cores,687.6,4.26,False
2023-05-07T23:00:00,Wakanda,Pym Particles,679.85,3.91,False
2023-05-07T23:00:00,Wakanda,Clean Water (L),2350.57,4.26,False
2023-05-07T23:00:00,Wakanda,Medical Kits,699.39,3.2,False
2023-05-07T23:00:00,Sokovia,Vibranium (kg),2396.44,3.55,False
2023-05-07T23:00:00,Sokovia,Arc Reactor Cores,688.53,4.26,False
2023-05-07T23:00:00,Sokovia,Pym Particles,679.47,3.91,False
2023-05-07T23:00:00,Sokovia,Clean Water (L),2353.01,4.26,False
2023-05-07T23:00:00,Sokovia,Medical Kits,703.1,3.2,False
2023-05-07T23:00:00,Sanctum Sanctorum,Vibranium (kg),2398.67,3.55,False
2023-05-07T23:00:00,Sanctum Sanctorum,Arc Reactor Cores,684.54,4.26,False
2023-05-07T23:00:00,Sanctum Sanctorum,Pym Particles,683.44,3.91,False
2023-05-07T23:00:00,Sanctum Sanctorum,Clean Water (L),2352.87,4.26,False
2023-05-07T23:00:00,Sanctum Sanctorum,Medical Kits,698.6,3.2,False
2023-05-07T23:00:00,Avengers Compound,Vibranium (kg),2397.64,3.55,False
2023-05-07T23:00:00,Avengers Compound,Arc Reactor Cores,687.36,4.26,False
2023-05-07T23:00:00,Avengers Compound,Pym Particles,682.27,3.91,False
2023-05-07T23:00:00,Avengers Compound,Clean Water (L),2349.99,4.26,False
2023-05-07T23:00:00,Avengers Compound,Medical Kits,700.56,3.2,False
2023-05-08T00:00:00,New Asgard,Vibranium (kg),2403.84,3.5,False
2023-05-08T00:00:00,New Asgard,Arc Reactor Cores,691.11,4.2,False
2023-05-08T00:00:00,New Asgard,Pym Particles,681.72,3.85,False
2023-05-08T00:00:00,New Asgard,Clean Water (L),2357.99,4.2,False
2023-05-08T00:00:00,New Asgard,Medical Kits,701.18,3.15,False
2023-05-08T00:00:00,Wakanda,Vibranium (kg),2403.96,3.5,False
2023-05-08T00:00:00,Wakanda,Arc Reactor Cores,690.07,4.2,False
2023-05-08T00:00:00,Wakanda,Pym Particles,682.33,3.85,False
2023-05-08T00:00:00,Wakanda,Clean Water (L),2355.59,4.2,False
2023-05-08T00:00:00,Wakanda,Medical Kits,701.65,3.15,False
2023-05-08T00:00:00,Sokovia,Vibranium (kg),2399.87,3.5,False
2023-05-08T00:00:00,Sokovia,Arc Reactor Cores,690.22,4.2,False
2023-05-08T00:00:00,Sokovia,Pym Particles,682.07,3.85,False
2023-05-08T00:00:00,Sokovia,Clean Water (L),2357.15,4.2,False
2023-05-08T00:00:00,Sokovia,Medical Kits,705.05,3.15,False
2023-05-08T00:00:00,Sanctum Sanctorum,Vibranium (kg),2401.08,3.5,False
2023-05-08T00:00:00,Sanctum Sanctorum,Arc Reactor Cores,685.98,4.2,False
2023-05-08T00:00:00,Sanctum Sanctorum,Pym Particles,685.28,3.85,False
2023-05-08T00:00:00,Sanctum Sanctorum,Clean Water (L),2356.24,4.2,False
2023-05-08T00:00:00,Sanctum Sanctorum,Medical Kits,701.65,3.15,False
2023-05-08T00:00:00,Avengers Compound,Vibranium (kg),2400.98,3.5,False
2023-05-08T00:00:00,Avengers Compound,Arc Reactor Cores,689.21,4.2,False
2023-05-08T00:00:00,Avengers Compound,Pym Particles,685.93,3.85,False
2023-05-08T00:00:00,Avengers Compound,Clean Water (L),2354.27,4.2,False
2023-05-08T00:00:00,Avengers Compound,Medical Kits,703.21,3.15,False
2023-05-08T01:00:00,New Asgard,Vibranium (kg),2405.93,3.55,False
2023-05-08T01:00:00,New Asgard,Arc Reactor Cores,692.96,4.26,False
2023-05-08T01:00:00,New Asgard,Pym Particles,683.73,3.91,False
2023-05-08T01:00:00,New Asgard,Clean Water (L),2361.2,4.26,False
2023-05-08T01:00:00,New Asgard,Medical Kits,704.26,3.2,False
2023-05-08T01:00:00,Wakanda,Vibranium (kg),2406.11,3.55,False
2023-05-08T01:00:00,Wakanda,Arc Reactor Cores,691.78,4.26,False
2023-05-08T01:00:00,Wakanda,Pym Particles,684.39,3.91,False
2023-05-08T01:00:00,Wakanda,Clean Water (L),2360.21,4.26,False
2023-05-08T01:00:00,Wakanda,Medical Kits,704.57,3.2,False
2023-05-08T01:00:00,Sokovia,Vibranium (kg),2402.01,3.55,False
2023-05-08T01:00:00,Sokovia,Arc Reactor Cores,693.27,4.26,False
2023-05-08T01:00:00,Sokovia,Pym Particles,685.13,3.91,False
2023-05-08T01:00:00,Sokovia,Clean Water (L),2360.3,4.26,False
2023-05-08T01:00:00,Sokovia,Medical Kits,708.44,3.2,False
2023-05-08T01:00:00,Sanctum Sanctorum,Vibranium (kg),2405.18,3.55,False
2023-05-08T01:00:00,Sanctum Sanctorum,Arc Reactor Cores,689.31,4.26,False
2023-05-08T01:00:00,Sanctum Sanctorum,Pym Particles,688.53,3.91,False
2023-05-08T01:00:00,Sanctum Sanctorum,Clean Water (L),2361.03,4.26,False
2023-05-08T01:00:00,Sanctum Sanctorum,Medical Kits,704.15,3.2,False
2023-05-08T01:00:00,Avengers Compound,Vibranium (kg),2403.33,3.55,False
2023-05-08T01:00:00,Avengers Compound,Arc Reactor Cores,690.79,4.26,False
2023-05-08T01:00:00,Avengers Compound,Pym Particles,689.41,3.91,False
2023-05-08T01:00:00,Avengers Compound,Clean Water (L),2359.22,4.26,False
2023-05-08T01:00:00,Avengers Compound,Medical Kits,705.39,3.2,False
2023-05-08T02:00:00,New Asgard,Vibranium (kg),2407.9,3.7,False
2023-05-08T02:00:00,New Asgard,Arc Reactor Cores,695.44,4.44,False
2023-05-08T02:00:00,New Asgard,Pym Particles,686.7,4.07,False
2023-05-08T02:00:00,New Asgard,Clean Water (L),2365.7,4.44,False
2023-05-08T02:00:00,New Asgard,Medical Kits,706.48,3.33,False
2023-05-08T02:00:00,Wakanda,Vibranium (kg),2409.11,3.7,False
2023-05-08T02:00:00,Wakanda,Arc Reactor Cores,692.85,4.44,False
2023-05-08T02:00:00,Wakanda,Pym Particles,687.03,4.07,False
2023-05-08T02:00:00,Wakanda,Clean Water (L),2362.77,4.44,False
2023-05-08T02:00:00,Wakanda,Medical Kits,707.84,3.33,False
2023-05-08T02:00:00,Sokovia,Vibranium (kg),2405.21,3.7,False
2023-05-08T02:00:00,Sokovia,Arc Reactor Cores,695.61,4.44,False
2023-05-08T02:00:00,Sokovia,Pym Particles,689.61,4.07,False
2023-05-08T02:00:00,Sokovia,Clean Water (L),2364.04,4.44,False
2023-05-08T02:00:00,Sokovia,Medical Kits,711.32,3.33,False
2023-05-08T02:00:00,Sanctum Sanctorum,Vibranium (kg),2407.41,3.7,False
2023-05-08T02:00:00,Sanctum Sanctorum,Arc Reactor Cores,691.51,4.44,False
2023-05-08T02:00:00,Sanctum Sanctorum,Pym Particles,690.37,4.07,False
2023-05-08T02:00:00,Sanctum Sanctorum,Clean Water (L),2363.14,4.44,False
2023-05-08T02:00:00,Sanctum Sanctorum,Medical Kits,705.01,3.33,False
2023-05-08T02:00:00,Avengers Compound,Vibranium (kg),2405.6,3.7,False
2023-05-08T02:00:00,Avengers Compound,Arc Reactor Cores,691.66,4.44,False
2023-05-08T02:00:00,Avengers Compound,Pym Particles,691.72,4.07,False
2023-05-08T02:00:00,Avengers Compound,Clean Water (L),2362.8,4.44,False
2023-05-08T02:00:00,Avengers Compound,Medical Kits,708.23,3.33,False
2023-05-08T03:00:00,New Asgard,Vibranium (kg),2409.77,3.94,False
2023-05-08T03:00:00,New Asgard,Arc Reactor Cores,697.31,4.73,False
2023-05-08T03:00:00,New Asgard,Pym Particles,687.87,4.33,False
2023-05-08T03:00:00,New Asgard,Clean Water (L),2369.75,4.73,False
2023-05-08T03:00:00,New Asgard,Medical Kits,709.6,3.55,False
2023-05-08T03:00:00,Wakanda,Vibranium (kg),2409.7,3.94,False
2023-05-08T03:00:00,Wakanda,Arc Reactor Cores,694.47,4.73,False
2023-05-08T03:00:00,Wakanda,Pym Particles,690.03,4.33,False
2023-05-08T03:00:00,Wakanda,Clean Water (L),2366.79,4.73,False
2023-05-08T03:00:00,Wakanda,Medical Kits,711.02,3.55,False
2023-05-08T03:00:00,Sokovia,Vibranium (kg),2406.68,3.94,False
2023-05-08T03:00:00,Sokovia,Arc Reactor Cores,697.96,4.73,False
2023-05-08T03:00:00,Sokovia,Pym Particles,691.35,4.33,False
2023-05-08T03:00:00,Sokovia,Clean Water (L),2367.08,4.73,False
2023-05-08T03:00:00,Sokovia,Medical Kits,714.61,3.55,False
2023-05-08T03:00:00,Sanctum Sanctorum,Vibranium (kg),2407.79,3.94,False
2023-05-08T03:00:00,Sanctum Sanctorum,Arc Reactor Cores,692.31,4.73,False
2023-05-08T03:00:00,Sanctum Sanctorum,Pym Particles,692.15,4.33,False
2023-05-08T03:00:00,Sanctum Sanctorum,Clean Water (L),2367.13,4.73,False
2023-05-08T03:00:00,Sanctum Sanctorum,Medical Kits,708.35,3.55,False
2023-05-08T03:00:00,Avengers Compound,Vibranium (kg),2408.93,3.94,False
2023-05-08T03:00:00,Avengers Compound,Arc Reactor Cores,694.34,4.73,False
2023-05-08T03:00:00,Avengers Compound,Pym Particles,695.05,4.33,False
2023-05-08T03:00:00,Avengers Compound,Clean Water (L),2365.42,4.73,False
2023-05-08T03:00:00,Avengers Compound,Medical Kits,710.07,3.55,False
2023-05-08T04:00:00,New Asgard,Vibranium (kg),2411.1,4.25,False
2023-05-08T04:00:00,New Asgard,Arc Reactor Cores,697.2,5.1,False
2023-05-08T04:00:00,New Asgard,Pym Particles,688.68,4.68,False
2023-05-08T04:00:00,New Asgard,Clean Water (L),2372.17,5.1,False
2023-05-08T04:00:00,New Asgard,Medical Kits,711.18,3.83,False
2023-05-08T04:00:00,Wakanda,Vibranium (kg),2411.54,4.25,False
2023-05-08T04:00:00,Wakanda,Arc Reactor Cores,697.19,5.1,False
2023-05-08T04:00:00,Wakanda,Pym Particles,691.74,4.68,False
2023-05-08T04:00:00,Wakanda,Clean Water (L),2369.99,5.1,False
2023-05-08T04:00:00,Wakanda,Medical Kits,712.18,3.83,False
2023-05-08T04:00:00,Sokovia,Vibranium (kg),2408.89,4.25,False
2023-05-08T04:00:00,Sokovia,Arc Reactor Cores,699.87,5.1,False
2023-05-08T04:00:00,Sokovia,Pym Particles,692.87,4.68,False
2023-05-08T04:00:00,Sokovia,Clean Water (L),2368.73,5.1,False
2023-05-08T04:00:00,Sokovia,Medical Kits,716.36,3.83,False
2023-05-08T04:00:00,Sanctum Sanctorum,Vibranium (kg),2407.77,4.25,False
2023-05-08T04:00:00,Sanctum Sanctorum,Arc Reactor Cores,693.4,5.1,False
2023-05-08T04:00:00,Sanctum Sanctorum,Pym Particles,693.37,4.68,False
2023-05-08T04:00:00,Sanctum Sanctorum,Clean Water (L),2369.74,5.1,False
2023-05-08T04:00:00,Sanctum Sanctorum,Medical Kits,709.03,3.83,False
2023-05-08T04:00:00,Avengers Compound,Vibranium (kg),2409.78,4.25,False
2023-05-08T04:00:00,Avengers Compound,Arc Reactor Cores,694.58,5.1,False
2023-05-08T04:00:00,Avengers Compound,Pym Particles,697.08,4.68,False
2023-05-08T04:00:00,Avengers Compound,Clean Water (L),2368.37,5.1,False
2023-05-08T04:00:00,Avengers Compound,Medical Kits,710.18,3.83,False
2023-05-08T05:00:00,New Asgard,Vibranium (kg),2411.45,4.61,False
2023-05-08T05:00:00,New Asgard,Arc Reactor Cores,696.38,5.53,False
2023-05-08T05:00:00,New Asgard,Pym Particles,688.65,5.07,False
2023-05-08T05:00:00,New Asgard,Clean Water (L),2373.47,5.53,False
2023-05-08T05:00:00,New Asgard,Medical Kits,713.14,4.15,False
2023-05-08T05:00:00,Wakanda,Vibranium (kg),2411.47,4.61,False
2023-05-08T05:00:00,Wakanda,Arc Reactor Cores,698.21,5.53,False
2023-05-08T05:00:00,Wakanda,Pym Particles,694.32,5.07,False
2023-05-08T05:00:00,Wakanda,Clean Water (L),2372.16,5.53,False
2023-05-08T05:00:00,Wakanda,Medical Kits,713.58,4.15,False
2023-05-08T05:00:00,Sokovia,Vibranium (kg),2410.88,4.61,False
2023-05-08T05:00:00,Sokovia,Arc Reactor Cores,700.94,5.53,False
2023-05-08T05:00:00,Sokovia,Pym Particles,693.92,5.07,False
2023-05-08T05:00:00,Sokovia,Clean Water (L),2370.93,5.53,False
2023-05-08T05:00:00,Sokovia,Medical Kits,717.92,4.15,False
2023-05-08T05:00:00,Sanctum Sanctorum,Vibranium (kg),2408.52,4.61,False
2023-05-08T05:00:00,Sanctum Sanctorum,Arc Reactor Cores,694.45,5.53,False
2023-05-08T05:00:00,Sanctum Sanctorum,Pym Particles,694.4,5.07,False
2023-05-08T05:00:00,Sanctum Sanctorum,Clean Water (L),2371.18,5.53,False
2023-05-08T05:00:00,Sanctum Sanctorum,Medical Kits,709.49,4.15,False
2023-05-08T05:00:00,Avengers Compound,Vibranium (kg),2412.3,4.61,False
2023-05-08T05:00:00,Avengers Compound,Arc Reactor Cores,694.36,5.53,False
2023-05-08T05:00:00,Avengers Compound,Pym Particles,698.45,5.07,False
2023-05-08T05:00:00,Avengers Compound,Clean Water (L),2372.05,5.53,False
2023-05-08T05:00:00,Avengers Compound,Medical Kits,712.25,4.15,False
2023-05-08T06:00:00,New Asgard,Vibranium (kg),2411.36,5.0,False
2023-05-08T06:00:00,New Asgard,Arc Reactor Cores,697.34,6.0,False
2023-05-08T06:00:00,New Asgard,Pym Particles,689.92,5.5,False
2023-05-08T06:00:00,New Asgard,Clean Water (L),2374.98,6.0,False
2023-05-08T06:00:00,New Asgard,Medical Kits,714.22,4.5,False
2023-05-08T06:00:00,Wakanda,Vibranium (kg),2411.55,5.0,False
2023-05-08T06:00:00,Wakanda,Arc Reactor Cores,699.52,6.0,False
2023-05-08T06:00:00,Wakanda,Pym Particles,695.9,5.5,False
2023-05-08T06:00:00,Wakanda,Clean Water (L),2372.65,6.0,False
2023-05-08T06:00:00,Wakanda,Medical Kits,713.81,4.5,False
2023-05-08T06:00:00,Sokovia,Vibranium (kg),2411.29,5.0,False
2023-05-08T06:00:00,Sokovia,Arc Reactor Cores,701.14,6.0,False
2023-05-08T06:00:00,Sokovia,Pym Particles,694.36,5.5,False
2023-05-08T06:00:00,Sokovia,Clean Water (L),2372.68,6.0,False
2023-05-08T06:00:00,Sokovia,Medical Kits,717.3,4.5,False
2023-05-08T06:00:00,Sanctum Sanctorum,Vibranium (kg),2409.73,5.0,False
2023-05-08T06:00:00,Sanctum Sanctorum,Arc Reactor Cores,695.53,6.0,False
2023-05-08T06:00:00,Sanctum Sanctorum,Pym Particles,695.18,5.5,False
2023-05-08T06:00:00,Sanctum Sanctorum,Clean Water (L),2371.06,6.0,False
2023-05-08T06:00:00,Sanctum Sanctorum,Medical Kits,710.84,4.5,False
2023-05-08T06:00:00,Avengers Compound,Vibranium (kg),2411.28,5.0,False
2023-05-08T06:00:00,Avengers Compound,Arc Reactor Cores,694.57,6.0,False
2023-05-08T06:00:00,Avengers Compound,Pym Particles,698.86,5.5,False
2023-05-08T06:00:00,Avengers Compound,Clean Water (L),2373.88,6.0,False
2023-05-08T06:00:00,Avengers Compound,Medical Kits,713.35,4.5,False
2023-05-08T07:00:00,New Asgard,Vibranium (kg),2410.29,5.39,False
2023-05-08T07:00:00,New Asgard,Arc Reactor Cores,697.57,6.47,False
2023-05-08T07:00:00,New Asgard,Pym Particles,690.45,5.93,False
2023-05-08T07:00:00,New Asgard,Clean Water (L),2377.05,6.47,False
2023-05-08T07:00:00,New Asgard,Medical Kits,714.71,4.85,False
2023-05-08T07:00:00,Wakanda,Vibranium (kg),2411.64,5.39,False
2023-05-08T07:00:00,Wakanda,Arc Reactor Cores,697.77,6.47,False
2023-05-08T07:00:00,Wakanda,Pym Particles,696.94,5.93,False
2023-05-08T07:00:00,Wakanda,Clean Water (L),2372.61,6.47,False
2023-05-08T07:00:00,Wakanda,Medical Kits,713.68,4.85,False
2023-05-08T07:00:00,Sokovia,Vibranium (kg),2411.91,5.39,False
2023-05-08T07:00:00,Sokovia,Arc Reactor Cores,701.25,6.47,False
2023-05-08T07:00:00,Sokovia,Pym Particles,695.53,5.93,False
2023-05-08T07:00:00,Sokovia,Clean Water (L),2374.37,6.47,False
2023-05-08T07:00:00,Sokovia,Medical Kits,718.08,4.85,False
2023-05-08T07:00:00,Sanctum Sanctorum,Vibranium (kg),2409.35,5.39,False
2023-05-08T07:00:00,Sanctum Sanctorum,Arc Reactor Cores,694.22,6.47,False
2023-05-08T07:00:00,Sanctum Sanctorum,Pym Particles,696.35,5.93,False
2023-05-08T07:00:00,Sanctum Sanctorum,Clean Water (L),2371.57,6.47,False
2023-05-08T07:00:00,Sanctum Sanctorum,Medical Kits,712.51,4.85,False
2023-05-08T07:00:00,Avengers Compound,Vibranium (kg),2411.97,5.39,False
2023-05-08T07:00:00,Avengers Compound,Arc Reactor Cores,693.61,6.47,False
2023-05-08T07:00:00,Avengers Compound,Pym Particles,698.09,5.93,False
2023-05-08T07:00:00,Avengers Compound,Clean Water (L),2374.69,6.47,False
2023-05-08T07:00:00,Avengers Compound,Medical Kits,713.59,4.85,False
2023-05-08T08:00:00,New Asgard,Vibranium (kg),2410.2,5.75,False
2023-05-08T08:00:00,New Asgard,Arc Reactor Cores,696.77,6.9,False
2023-05-08T08:00:00,New Asgard,Pym Particles,691.18,6.32,False
2023-05-08T08:00:00,New Asgard,Clean Water (L),2377.85,6.9,False
2023-05-08T08:00:00,New Asgard,Medical Kits,713.52,5.17,False
2023-05-08T08:00:00,Wakanda,Vibranium (kg),2411.86,5.75,False
2023-05-08T08:00:00,Wakanda,Arc Reactor Cores,696.88,6.9,False
2023-05-08T08:00:00,Wakanda,Pym Particles,695.08,6.32,False
2023-05-08T08:00:00,Wakanda,Clean Water (L),2373.33,6.9,False
2023-05-08T08:00:00,Wakanda,Medical Kits,712.74,5.17,False
2023-05-08T08:00:00,Sokovia,Vibranium (kg),2411.87,5.75,False
2023-05-08T08:00:00,Sokovia,Arc Reactor Cores,701.34,6.9,False
2023-05-08T08:00:00,Sokovia,Pym Particles,694.26,6.32,False
2023-05-08T08:00:00,Sokovia,Clean Water (L),2374.48,6.9,False
2023-05-08T08:00:00,Sokovia,Medical Kits,718.69,5.17,False
2023-05-08T08:00:00,Sanctum Sanctorum,Vibranium (kg),2407.47,5.75,False
2023-05-08T08:00:00,Sanctum Sanctorum,Arc Reactor Cores,693.18,6.9,False
2023-05-08T08:00:00,Sanctum Sanctorum,Pym Particles,695.28,6.32,False
2023-05-08T08:00:00,Sanctum Sanctorum,Clean Water (L),2372.4,6.9,False
2023-05-08T08:00:00,Sanctum Sanctorum,Medical Kits,712.31,5.17,False
2023-05-08T08:00:00,Avengers Compound,Vibranium (kg),2412.71,5.75,False
2023-05-08T08:00:00,Avengers Compound,Arc Reactor Cores,693.71,6.9,False
2023-05-08T08:00:00,Avengers Compound,Pym Particles,697.47,6.32,False
2023-05-08T08:00:00,Avengers Compound,Clean Water (L),2376.3,6.9,False
2023-05-08T08:00:00,Avengers Compound,Medical Kits,714.43,5.17,False
2023-05-08T09:00:00,New Asgard,Vibranium (kg),2410.24,6.06,False
2023-05-08T09:00:00,New Asgard,Arc Reactor Cores,695.15,7.27,False
2023-05-08T09:00:00,New Asgard,Pym Particles,690.93,6.67,False
2023-05-08T09:00:00,New Asgard,Clean Water (L),2377.04,7.27,False
2023-05-08T09:00:00,New Asgard,Medical Kits,712.12,5.45,False
2023-05-08T09:00:00,Wakanda,Vibranium (kg),2411.19,6.06,False
2023-05-08T09:00:00,Wakanda,Arc Reactor Cores,695.53,7.27,False
2023-05-08T09:00:00,Wakanda,Pym Particles,694.48,6.67,False
2023-05-08T09:00:00,Wakanda,Clean Water (L),2372.17,7.27,False
2023-05-08T09:00:00,Wakanda,Medical Kits,712.18,5.45,False
2023-05-08T09:00:00,Sokovia,Vibranium (kg),2411.05,6.06,False
2023-05-08T09:00:00,Sokovia,Arc Reactor Cores,699.39,7.27,False
2023-05-08T09:00:00,Sokovia,Pym Particles,692.62,6.67,False
2023-05-08T09:00:00,Sokovia,Clean Water (L),2374.39,7.27,False
2023-05-08T09:00:00,Sokovia,Medical Kits,719.36,5.45,False
2023-05-08T09:00:00,Sanctum Sanctorum,Vibranium (kg),2407.88,6.06,False
2023-05-08T09:00:00,Sanctum Sanctorum,Arc Reactor Cores,691.89,7.27,False
2023-05-08T09:00:00,Sanctum Sanctorum,Pym Particles,694.71,6.67,False
2023-05-08T09:00:00,Sanctum Sanctorum,Clean Water (L),2372.65,7.27,False
2023-05-08T09:00:00,Sanctum Sanctorum,Medical Kits,710.57,5.45,False
2023-05-08T09:00:00,Avengers Compound,Vibranium (kg),2413.14,6.06,False
2023-05-08T09:00:00,Avengers Compound,Arc Reactor Cores,693.19,7.27,False
2023-05-08T09:00:00,Avengers Compound,Pym Particles,695.21,6.67,False
2023-05-08T09:00:00,Avengers Compound,Clean Water (L),2377.06,7.27,False
2023-05-08T09:00:00,Avengers Compound,Medical Kits,715.15,5.45,False
2023-05-08T10:00:00,New Asgard,Vibranium (kg),2408.28,6.3,False
2023-05-08T10:00:00,New Asgard,Arc Reactor Cores,694.5,7.56,False
2023-05-08T10:00:00,New Asgard,Pym Particles,691.09,6.93,False
2023-05-08T10:00:00,New Asgard,Clean Water (L),2377.98,7.56,False
2023-05-08T10:00:00,New Asgard,Medical Kits,711.17,5.67,False
2023-05-08T10:00:00,Wakanda,Vibranium (kg),2411.35,6.3,False
2023-05-08T10:00:00,Wakanda,Arc Reactor Cores,693.17,7.56,False
2023-05-08T10:00:00,Wakanda,Pym Particles,692.92,6.93,False
2023-05-08T10:00:00,Wakanda,Clean Water (L),2370.56,7.56,False
2023-05-08T10:00:00,Wakanda,Medical Kits,710.39,5.67,False
2023-05-08T10:00:00,Sokovia,Vibranium (kg),2409.08,6.3,False
2023-05-08T10:00:00,Sokovia,Arc Reactor Cores,697.7,7.56,False
2023-05-08T10:00:00,Sokovia,Pym Particles,690.94,6.93,False
2023-05-08T10:00:00,Sokovia,Clean Water (L),2373.09,7.56,False
2023-05-08T10:00:00,Sokovia,Medical Kits,719.76,5.67,False
2023-05-08T10:00:00,Sanctum Sanctorum,Vibranium (kg),2408.29,6.3,False
2023-05-08T10:00:00,Sanctum Sanctorum,Arc Reactor Cores,689.18,7.56,False
2023-05-08T10:00:00,Sanctum Sanctorum,Pym Particles,694.41,6.93,False
2023-05-08T10:00:00,Sanctum Sanctorum,Clean Water (L),2372.91,7.56,False
2023-05-08T10:00:00,Sanctum Sanctorum,Medical Kits,711.06,5.67,False
2023-05-08T10:00:00,Avengers Compound,Vibranium (kg),2411.54,6.3,False
2023-05-08T10:00:00,Avengers Compound,Arc Reactor Cores,692.99,7.56,False
2023-05-08T10:00:00,Avengers Compound,Pym Particles,694.24,6.93,False
2023-05-08T10:00:00,Avengers Compound,Clean Water (L),2376.7,7.56,False
2023-05-08T10:00:00,Avengers Compound,Medical Kits,716.11,5.67,False
2023-05-08T11:00:00,New Asgard,Vibranium (kg),2406.78,6.45,False
2023-05-08T11:00:00,New Asgard,Arc Reactor Cores,692.84,7.74,False
2023-05-08T11:00:00,New Asgard,Pym Particles,690.41,7.09,False
2023-05-08T11:00:00,New Asgard,Clean Water (L),2376.84,7.74,False
2023-05-08T11:00:00,New Asgard,Medical Kits,709.04,5.8,False
2023-05-08T11:00:00,Wakanda,Vibranium (kg),2409.68,6.45,False
2023-05-08T11:00:00,Wakanda,Arc Reactor Cores,691.62,7.74,False
2023-05-08T11:00:00,Wakanda,Pym Particles,693.63,7.09,False
2023-05-08T11:00:00,Wakanda,Clean Water (L),2370.45,7.74,False
2023-05-08T11:00:00,Wakanda,Medical Kits,710.02,5.8,False
2023-05-08T11:00:00,Sokovia,Vibranium (kg),2407.82,6.45,False
2023-05-08T11:00:00,Sokovia,Arc Reactor Cores,695.93,7.74,False
2023-05-08T11:00:00,Sokovia,Pym Particles,690.52,7.09,False
2023-05-08T11:00:00,Sokovia,Clean Water (L),2371.23,7.74,False
2023-05-08T11:00:00,Sokovia,Medical Kits,717.96,5.8,False
2023-05-08T11:00:00,Sanctum Sanctorum,Vibranium (kg),2407.27,6.45,False
2023-05-08T11:00:00,Sanctum Sanctorum,Arc Reactor Cores,688.12,7.74,False
2023-05-08T11:00:00,Sanctum Sanctorum,Pym Particles,694.36,7.09,False
2023-05-08T11:00:00,Sanctum Sanctorum,Clean Water (L),2373.02,7.74,False
2023-05-08T11:00:00,Sanctum Sanctorum,Medical Kits,710.03,5.8,False
2023-05-08T11:00:00,Avengers Compound,Vibranium (kg),2411.66,6.45,False
2023-05-08T11:00:00,Avengers Compound,Arc Reactor Cores,693.01,7.74,False
2023-05-08T11:00:00,Avengers Compound,Pym Particles,694.94,7.09,False
2023-05-08T11:00:00,Avengers Compound,Clean Water (L),2376.44,7.74,False
2023-05-08T11:00:00,Avengers Compound,Medical Kits,714.19,5.8,False
2023-05-08T12:00:00,New Asgard,Vibranium (kg),2406.93,6.5,False
2023-05-08T12:00:00,New Asgard,Arc Reactor Cores,692.49,7.8,False
2023-05-08T12:00:00,New Asgard,Pym Particles,689.69,7.15,False
2023-05-08T12:00:00,New Asgard,Clean Water (L),2375.32,7.8,False
2023-05-08T12:00:00,New Asgard,Medical Kits,709.94,5.85,False
2023-05-08T12:00:00,Wakanda,Vibranium (kg),2407.14,6.5,False
2023-05-08T12:00:00,Wakanda,Arc Reactor Cores,690.37,7.8,False
2023-05-08T12:00:00,Wakanda,Pym Particles,693.46,7.15,False
2023-05-08T12:00:00,Wakanda,Clean Water (L),2368.96,7.8,False
2023-05-08T12:00:00,Wakanda,Medical Kits,710.32,5.85,False
2023-05-08T12:00:00,Sokovia,Vibranium (kg),2407.97,6.5,False
2023-05-08T12:00:00,Sokovia,Arc Reactor Cores,695.75,7.8,False
2023-05-08T12:00:00,Sokovia,Pym Particles,691.04,7.15,False
2023-05-08T12:00:00,Sokovia,Clean Water (L),2370.67,7.8,False
2023-05-08T12:00:00,Sokovia,Medical Kits,717.7,5.85,False
2023-05-08T12:00:00,Sanctum Sanctorum,Vibranium (kg),2406.19,6.5,False
2023-05-08T12:00:00,Sanctum Sanctorum,Arc Reactor Cores,687.12,7.8,False
2023-05-08T12:00:00,Sanctum Sanctorum,Pym Particles,695.42,7.15,False
2023-05-08T12:00:00,Sanctum Sanctorum,Clean Water (L),2373.46,7.8,False
2023-05-08T12:00:00,Sanctum Sanctorum,Medical Kits,709.19,5.85,False
2023-05-08T12:00:00,Avengers Compound,Vibranium (kg),2409.3,6.5,False
2023-05-08T12:00:00,Avengers Compound,Arc Reactor Cores,691.94,7.8,False
2023-05-08T12:00:00,Avengers Compound,Pym Particles,694.99,7.15,False
2023-05-08T12:00:00,Avengers Compound,Clean Water (L),2376.07,7.8,False
2023-05-08T12:00:00,Avengers Compound,Medical Kits,713.91,5.85,False
2023-05-08T13:00:00,New Asgard,Vibranium (kg),2406.11,6.45,False
2023-05-08T13:00:00,New Asgard,Arc Reactor Cores,691.14,7.74,False
2023-05-08T13:00:00,New Asgard,Pym Particles,689.4,7.09,False
2023-05-08T13:00:00,New Asgard,Clean Water (L),2375.62,7.74,False
2023-05-08T13:00:00,New Asgard,Medical Kits,710.19,5.8,False
2023-05-08T13:00:00,Wakanda,Vibranium (kg),2406.32,6.45,False
2023-05-08T13:00:00,Wakanda,Arc Reactor Cores,689.07,7.74,False
2023-05-08T13:00:00,Wakanda,Pym Particles,693.59,7.09,False
2023-05-08T13:00:00,Wakanda,Clean Water (L),2370.45,7.74,False
2023-05-08T13:00:00,Wakanda,Medical Kits,711.12,5.8,False
2023-05-08T13:00:00,Sokovia,Vibranium (kg),2407.39,6.45,False
2023-05-08T13:00:00,Sokovia,Arc Reactor Cores,693.11,7.74,False
2023-05-08T13:00:00,Sokovia,Pym Particles,690.53,7.09,False
2023-05-08T13:00:00,Sokovia,Clean Water (L),2371.78,7.74,False
2023-05-08T13:00:00,Sokovia,Medical Kits,716.15,5.8,False
2023-05-08T13:00:00,Sanctum Sanctorum,Vibranium (kg),2405.52,6.45,False
2023-05-08T13:00:00,Sanctum Sanctorum,Arc Reactor Cores,684.28,7.74,False
2023-05-08T13:00:00,Sanctum Sanctorum,Pym Particles,695.07,7.09,False
2023-05-08T13:00:00,Sanctum Sanctorum,Clean Water (L),2374.08,7.74,False
2023-05-08T13:00:00,Sanctum Sanctorum,Medical Kits,708.58,5.8,False
2023-05-08T13:00:00,Avengers Compound,Vibranium (kg),2408.84,6.45,False
2023-05-08T13:00:00,Avengers Compound,Arc Reactor Cores,690.85,7.74,False
2023-05-08T13:00:00,Avengers Compound,Pym Particles,694.0,7.09,False
2023-05-08T13:00:00,Avengers Compound,Clean Water (L),2376.3,7.74,False
2023-05-08T13:00:00,Avengers Compound,Medical Kits,714.31,5.8,False
2023-05-08T14:00:00,New Asgard,Vibranium (kg),2405.53,6.3,False
2023-05-08T14:00:00,New Asgard,Arc Reactor Cores,690.32,7.56,False
2023-05-08T14:00:00,New Asgard,Pym Particles,690.45,6.93,False
2023-05-08T14:00:00,New Asgard,Clean Water (L),2376.58,7.56,False
2023-05-08T14:00:00,New Asgard,Medical Kits,709.98,5.67,False
2023-05-08T14:00:00,Wakanda,Vibranium (kg),2405.02,6.3,False
2023-05-08T14:00:00,Wakanda,Arc Reactor Cores,689.41,7.56,False
2023-05-08T14:00:00,Wakanda,Pym Particles,692.77,6.93,False
2023-05-08T14:00:00,Wakanda,Clean Water (L),2369.84,7.56,False
2023-05-08T14:00:00,Wakanda,Medical Kits,710.33,5.67,False
2023-05-08T14:00:00,Sokovia,Vibranium (kg),2407.44,6.3,False
2023-05-08T14:00:00,Sokovia,Arc Reactor Cores,690.42,7.56,False
2023-05-08T14:00:00,Sokovia,Pym Particles,690.64,6.93,False
2023-05-08T14:00:00,Sokovia,Clean Water (L),2371.17,7.56,False
2023-05-08T14:00:00,Sokovia,Medical Kits,714.37,5.67,False
2023-05-08T14:00:00,Sanctum Sanctorum,Vibranium (kg),2404.86,6.3,False
2023-05-08T14:00:00,Sanctum Sanctorum,Arc Reactor Cores,683.54,7.56,False
2023-05-08T14:00:00,Sanctum Sanctorum,Pym Particles,693.15,6.93,False
2023-05-08T14:00:00,Sanctum Sanctorum,Clean Water (L),2374.16,7.56,False
2023-05-08T14:00:00,Sanctum Sanctorum,Medical Kits,709.11,5.67,False
2023-05-08T14:00:00,Avengers Compound,Vibranium (kg),2408.15,6.3,False
2023-05-08T14:00:00,Avengers Compound,Arc Reactor Cores,691.29,7.56,False
2023-05-08T14:00:00,Avengers Compound,Pym Particles,692.76,6.93,False
2023-05-08T14:00:00,Avengers Compound,Clean Water (L),2374.98,7.56,False
2023-05-08T14:00:00,Avengers Compound,Medical Kits,714.92,5.67,False
2023-05-08T15:00:00,New Asgard,Vibranium (kg),2405.78,6.06,False
2023-05-08T15:00:00,New Asgard,Arc Reactor Cores,690.5,7.27,False
2023-05-08T15:00:00,New Asgard,Pym Particles,689.01,6.67,False
2023-05-08T15:00:00,New Asgard,Clean Water (L),2376.39,7.27,False
2023-05-08T15:00:00,New Asgard,Medical Kits,708.58,5.45,False
2023-05-08T15:00:00,Wakanda,Vibranium (kg),2404.7,6.06,False
2023-05-08T15:00:00,Wakanda,Arc Reactor Cores,688.39,7.27,False
2023-05-08T15:00:00,Wakanda,Pym Particles,692.14,6.67,False
2023-05-08T15:00:00,Wakanda,Clean Water (L),2369.56,7.27,False
2023-05-08T15:00:00,Wakanda,Medical Kits,710.6,5.45,False
2023-05-08T15:00:00,Sokovia,Vibranium (kg),2407.87,6.06,False
2023-05-08T15:00:00,Sokovia,Arc Reactor Cores,689.38,7.27,False
2023-05-08T15:00:00,Sokovia,Pym Particles,690.41,6.67,False
2023-05-08T15:00:00,Sokovia,Clean Water (L),2371.45,7.27,False
2023-05-08T15:00:00,Sokovia,Medical Kits,713.31,5.45,False
2023-05-08T15:00:00,Sanctum Sanctorum,Vibranium (kg),2405.82,6.06,False
2023-05-08T15:00:00,Sanctum Sanctorum,Arc Reactor Cores,683.7,7.27,False
2023-05-08T15:00:00,Sanctum Sanctorum,Pym Particles,693.19,6.67,False
2023-05-08T15:00:00,Sanctum Sanctorum,Clean Water (L),2372.42,7.27,False
2023-05-08T15:00:00,Sanctum Sanctorum,Medical Kits,710.4,5.45,False
2023-05-08T15:00:00,Avengers Compound,Vibranium (kg),2407.77,6.06,False
2023-05-08T15:00:00,Avengers Compound,Arc Reactor Cores,691.1,7.27,False
2023-05-08T15:00:00,Avengers Compound,Pym Particles,692.25,6.67,False
2023-05-08T15:00:00,Avengers Compound,Clean Water (L),2374.38,7.27,False
2023-05-08T15:00:00,Avengers Compound,Medical Kits,713.76,5.45,False
2023-05-08T16:00:00,New Asgard,Vibranium (kg),2405.71,5.75,False
2023-05-08T16:00:00,New Asgard,Arc Reactor Cores,690.33,6.9,False
2023-05-08T16:00:00,New Asgard,Pym Particles,690.75,6.32,False
2023-05-08T16:00:00,New Asgard,Clean Water (L),2375.55,6.9,False
2023-05-08T16:00:00,New Asgard,Medical Kits,708.29,5.17,False
2023-05-08T16:00:00,Wakanda,Vibranium (kg),2403.49,5.75,False
2023-05-08T16:00:00,Wakanda,Arc Reactor Cores,686.89,6.9,False
2023-05-08T16:00:00,Wakanda,Pym Particles,690.82,6.32,False
2023-05-08T16:00:00,Wakanda,Clean Water (L),2369.34,6.9,False
2023-05-08T16:00:00,Wakanda,Medical Kits,711.98,5.17,False
2023-05-08T16:00:00,Sokovia,Vibranium (kg),2406.95,5.75,False
2023-05-08T16:00:00,Sokovia,Arc Reactor Cores,689.69,6.9,False
2023-05-08T16:00:00,Sokovia,Pym Particles,690.74,6.32,False
2023-05-08T16:00:00,Sokovia,Clean Water (L),2372.96,6.9,False
2023-05-08T16:00:00,Sokovia,Medical Kits,714.2,5.17,False
2023-05-08T16:00:00,Sanctum Sanctorum,Vibranium (kg),2406.58,5.75,False
2023-05-08T16:00:00,Sanctum Sanctorum,Arc Reactor Cores,683.15,6.9,False
2023-05-08T16:00:00,Sanctum Sanctorum,Pym Particles,693.79,6.32,False
2023-05-08T16:00:00,Sanctum Sanctorum,Clean Water (L),2371.7,6.9,False
2023-05-08T16:00:00,Sanctum Sanctorum,Medical Kits,711.54,5.17,False
2023-05-08T16:00:00,Avengers Compound,Vibranium (kg),2407.98,5.75,False
2023-05-08T16:00:00,Avengers Compound,Arc Reactor Cores,691.02,6.9,False
2023-05-08T16:00:00,Avengers Compound,Pym Particles,691.83,6.32,False
2023-05-08T16:00:00,Avengers Compound,Clean Water (L),2376.48,6.9,False
2023-05-08T16:00:00,Avengers Compound,Medical Kits,713.58,5.17,False
2023-05-08T17:00:00,New Asgard,Vibranium (kg),2404.2,5.39,False
2023-05-08T17:00:00,New Asgard,Arc Reactor Cores,689.63,6.47,False
2023-05-08T17:00:00,New Asgard,Pym Particles,692.17,5.93,False
2023-05-08T17:00:00,New Asgard,Clean Water (L),2377.34,6.47,False
2023-05-08T17:00:00,New Asgard,Medical Kits,708.72,4.85,False
2023-05-08T17:00:00,Wakanda,Vibranium (kg),2403.55,5.39,False
2023-05-08T17:00:00,Wakanda,Arc Reactor Cores,686.68,6.47,False
2023-05-08T17:00:00,Wakanda,Pym Particles,692.7,5.93,False
2023-05-08T17:00:00,Wakanda,Clean Water (L),2370.75,6.47,False
2023-05-08T17:00:00,Wakanda,Medical Kits,711.43,4.85,False
2023-05-08T17:00:00,Sokovia,Vibranium (kg),2407.69,5.39,False
2023-05-08T17:00:00,Sokovia,Arc Reactor Cores,690.45,6.47,False
2023-05-08T17:00:00,Sokovia,Pym Particles,691.21,5.93,False
2023-05-08T17:00:00,Sokovia,Clean Water (L),2372.2,6.47,False
2023-05-08T17:00:00,Sokovia,Medical Kits,714.75,4.85,False
2023-05-08T17:00:00,Sanctum Sanctorum,Vibranium (kg),2406.73,5.39,False
2023-05-08T17:00:00,Sanctum Sanctorum,Arc Reactor Cores,683.04,6.47,False
2023-05-08T17:00:00,Sanctum Sanctorum,Pym Particles,694.44,5.93,False
2023-05-08T17:00:00,Sanctum Sanctorum,Clean Water (L),2372.52,6.47,False
2023-05-08T17:00:00,Sanctum Sanctorum,Medical Kits,710.78,4.85,False
2023-05-08T17:00:00,Avengers Compound,Vibranium (kg),2407.44,5.39,False
2023-05-08T17:00:00,Avengers Compound,Arc Reactor Cores,691.5,6.47,False
2023-05-08T17:00:00,Avengers Compound,Pym Particles,692.58,5.93,False
2023-05-08T17:00:00,Avengers Compound,Clean Water (L),2376.25,6.47,False
2023-05-08T17:00:00,Avengers Compound,Medical Kits,714.02,4.85,False
2023-05-08T18:00:00,New Asgard,Vibranium (kg),2404.07,5.0,False
2023-05-08T18:00:00,New Asgard,Arc Reactor Cores,689.85,6.0,False
2023-05-08T18:00:00,New Asgard,Pym Particles,692.14,5.5,False
2023-05-08T18:00:00,New Asgard,Clean Water (L),2379.12,6.0,False
2023-05-08T18:00:00,New Asgard,Medical Kits,710.06,4.5,False
2023-05-08T18:00:00,Wakanda,Vibranium (kg),2405.17,5.0,False
2023-05-08T18:00:00,Wakanda,Arc Reactor Cores,686.88,6.0,False
2023-05-08T18:00:00,Wakanda,Pym Particles,693.33,5.5,False
2023-05-08T18:00:00,Wakanda,Clean Water (L),2372.31,6.0,False
2023-05-08T18:00:00,Wakanda,Medical Kits,712.99,4.5,False
2023-05-08T18:00:00,Sokovia,Vibranium (kg),2407.21,5.0,False
2023-05-08T18:00:00,Sokovia,Arc Reactor Cores,690.84,6.0,False
2023-05-08T18:00:00,Sokovia,Pym Particles,693.92,5.5,False
2023-05-08T18:00:00,Sokovia,Clean Water (L),2375.0,6.0,False
2023-05-08T18:00:00,Sokovia,Medical Kits,713.52,4.5,False
2023-05-08T18:00:00,Sanctum Sanctorum,Vibranium (kg),2408.27,5.0,False
2023-05-08T18:00:00,Sanctum Sanctorum,Arc Reactor Cores,682.74,6.0,False
2023-05-08T18:00:00,Sanctum Sanctorum,Pym Particles,694.98,5.5,False
2023-05-08T18:00:00,Sanctum Sanctorum,Clean Water (L),2374.61,6.0,False
2023-05-08T18:00:00,Sanctum Sanctorum,Medical Kits,711.22,4.5,False
2023-05-08T18:00:00,Avengers Compound,Vibranium (kg),2407.83,5.0,False
2023-05-08T18:00:00,Avengers Compound,Arc Reactor Cores,692.05,6.0,False
2023-05-08T18:00:00,Avengers Compound,Pym Particles,693.44,5.5,False
2023-05-08T18:00:00,Avengers Compound,Clean Water (L),2376.89,6.0,False
2023-05-08T18:00:00,Avengers Compound,Medical Kits,714.41,4.5,False
2023-05-08T19:00:00,New Asgard,Vibranium (kg),2405.7,4.61,False
2023-05-08T19:00:00,New Asgard,Arc Reactor Cores,690.32,5.53,False
2023-05-08T19:00:00,New Asgard,Pym Particles,694.19,5.07,False
2023-05-08T19:00:00,New Asgard,Clean Water (L),2381.35,5.53,False
2023-05-08T19:00:00,New Asgard,Medical Kits,712.4,4.15,False
2023-05-08T19:00:00,Wakanda,Vibranium (kg),2405.02,4.61,False
2023-05-08T19:00:00,Wakanda,Arc Reactor Cores,688.8,5.53,False
2023-05-08T19:00:00,Wakanda,Pym Particles,694.54,5.07,False
2023-05-08T19:00:00,Wakanda,Clean Water (L),2373.7,5.53,False
2023-05-08T19:00:00,Wakanda,Medical Kits,714.47,4.15,False
2023-05-08T19:00:00,Sokovia,Vibranium (kg),2409.04,4.61,False
2023-05-08T19:00:00,Sokovia,Arc Reactor Cores,692.63,5.53,False
2023-05-08T19:00:00,Sokovia,Pym Particles,695.26,5.07,False
2023-05-08T19:00:00,Sokovia,Clean Water (L),2377.04,5.53,False
2023-05-08T19:00:00,Sokovia,Medical Kits,714.81,4.15,False
2023-05-08T19:00:00,Sanctum Sanctorum,Vibranium (kg),2410.07,4.61,False
2023-05-08T19:00:00,Sanctum Sanctorum,Arc Reactor Cores,684.72,5.53,False
2023-05-08T19:00:00,Sanctum Sanctorum,Pym Particles,694.64,5.07,False
2023-05-08T19:00:00,Sanctum Sanctorum,Clean Water (L),2376.61,5.53,False
2023-05-08T19:00:00,Sanctum Sanctorum,Medical Kits,712.45,4.15,False
2023-05-08T19:00:00,Avengers Compound,Vibranium (kg),2409.38,4.61,False
2023-05-08T19:00:00,Avengers Compound,Arc Reactor Cores,692.99,5.53,False
2023-05-08T19:00:00,Avengers Compound,Pym Particles,693.43,5.07,False
2023-05-08T19:00:00,Avengers Compound,Clean Water (L),2378.81,5.53,False
2023-05-08T19:00:00,Avengers Compound,Medical Kits,715.64,4.15,False
2023-05-08T20:00:00,New Asgard,Vibranium (kg),2406.59,4.25,False
2023-05-08T20:00:00,New Asgard,Arc Reactor Cores,692.44,5.1,False
2023-05-08T20:00:00,New Asgard,Pym Particles,696.87,4.68,False
2023-05-08T20:00:00,New Asgard,Clean Water (L),2382.49,5.1,False
2023-05-08T20:00:00,New Asgard,Medical Kits,713.67,3.83,False
2023-05-08T20:00:00,Wakanda,Vibranium (kg),2405.74,4.25,False
2023-05-08T20:00:00,Wakanda,Arc Reactor Cores,689.78,5.1,False
2023-05-08T20:00:00,Wakanda,Pym Particles,697.11,4.68,False
2023-05-08T20:00:00,Wakanda,Clean Water (L),2374.23,5.1,False
2023-05-08T20:00:00,Wakanda,Medical Kits,717.19,3.83,False
2023-05-08T20:00:00,Sokovia,Vibranium (kg),2410.15,4.25,False
2023-05-08T20:00:00,Sokovia,Arc Reactor Cores,694.19,5.1,False
2023-05-08T20:00:00,Sokovia,Pym Particles,695.95,4.68,False
2023-05-08T20:00:00,Sokovia,Clean Water (L),2379.82,5.1,False
2023-05-08T20:00:00,Sokovia,Medical Kits,716.54,3.83,False
2023-05-08T20:00:00,Sanctum Sanctorum,Vibranium (kg),2410.66,4.25,False
2023-05-08T20:00:00,Sanctum Sanctorum,Arc Reactor Cores,686.97,5.1,False
2023-05-08T20:00:00,Sanctum Sanctorum,Pym Particles,695.75,4.68,False
2023-05-08T20:00:00,Sanctum Sanctorum,Clean Water (L),2379.32,5.1,False
2023-05-08T20:00:00,Sanctum Sanctorum,Medical Kits,713.17,3.83,False
2023-05-08T20:00:00,Avengers Compound,Vibranium (kg),2410.28,4.25,False
2023-05-08T20:00:00,Avengers Compound,Arc Reactor Cores,694.73,5.1,False
2023-05-08T20:00:00,Avengers Compound,Pym Particles,696.46,4.68,False
2023-05-08T20:00:00,Avengers Compound,Clean Water (L),2381.35,5.1,False
2023-05-08T20:00:00,Avengers Compound,Medical Kits,717.55,3.83,False
2023-05-08T21:00:00,New Asgard,Vibranium (kg),2406.86,3.94,False
2023-05-08T21:00:00,New Asgard,Arc Reactor Cores,693.72,4.73,False
2023-05-08T21:00:00,New Asgard,Pym Particles,699.23,4.33,False
2023-05-08T21:00:00,New Asgard,Clean Water (L),2384.44,4.73,False
2023-05-08T21:00:00,New Asgard,Medical Kits,715.99,3.55,False
2023-05-08T21:00:00,Wakanda,Vibranium (kg),2406.6,3.94,False
2023-05-08T21:00:00,Wakanda,Arc Reactor Cores,691.41,4.73,False
2023-05-08T21:00:00,Wakanda,Pym Particles,699.5,4.33,False
2023-05-08T21:00:00,Wakanda,Clean Water (L),2377.97,4.73,False
2023-05-08T21:00:00,Wakanda,Medical Kits,718.81,3.55,False
2023-05-08T21:00:00,Sokovia,Vibranium (kg),2411.32,3.94,False
2023-05-08T21:00:00,Sokovia,Arc Reactor Cores,694.88,4.73,False
2023-05-08T21:00:00,Sokovia,Pym Particles,698.15,4.33,False
2023-05-08T21:00:00,Sokovia,Clean Water (L),2381.04,4.73,False
2023-05-08T21:00:00,Sokovia,Medical Kits,716.34,3.55,False
2023-05-08T21:00:00,Sanctum Sanctorum,Vibranium (kg),2413.49,3.94,False
2023-05-08T21:00:00,Sanctum Sanctorum,Arc Reactor Cores,689.84,4.73,False
2023-05-08T21:00:00,Sanctum Sanctorum,Pym Particles,697.65,4.33,False
2023-05-08T21:00:00,Sanctum Sanctorum,Clean Water (L),2380.09,4.73,False
2023-05-08T21:00:00,Sanctum Sanctorum,Medical Kits,714.1,3.55,False
2023-05-08T21:00:00,Avengers Compound,Vibranium (kg),2411.98,3.94,False
2023-05-08T21:00:00,Avengers Compound,Arc Reactor Cores,695.79,4.73,False
2023-05-08T21:00:00,Avengers Compound,Pym Particles,698.19,4.33,False
2023-05-08T21:00:00,Avengers Compound,Clean Water (L),2385.14,4.73,False
2023-05-08T21:00:00,Avengers Compound,Medical Kits,720.48,3.55,False
2023-05-08T22:00:00,New Asgard,Vibranium (kg),2407.36,3.7,False
2023-05-08T22:00:00,New Asgard,Arc Reactor Cores,695.33,4.44,False
2023-05-08T22:00:00,New Asgard,Pym Particles,701.48,4.07,False
2023-05-08T22:00:00,New Asgard,Clean Water (L),2386.77,4.44,False
2023-05-08T22:00:00,New Asgard,Medical Kits,718.66,3.33,False
2023-05-08T22:00:00,Wakanda,Vibranium (kg),2409.13,3.7,False
2023-05-08T22:00:00,Wakanda,Arc Reactor Cores,693.37,4.44,False
2023-05-08T22:00:00,Wakanda,Pym Particles,702.04,4.07,False
2023-05-08T22:00:00,Wakanda,Clean Water (L),2380.8,4.44,False
2023-05-08T22:00:00,Wakanda,Medical Kits,720.83,3.33,False
2023-05-08T22:00:00,Sokovia,Vibranium (kg),2414.41,3.7,False
2023-05-08T22:00:00,Sokovia,Arc Reactor Cores,695.47,4.44,False
2023-05-08T22:00:00,Sokovia,Pym Particles,699.56,4.07,False
2023-05-08T22:00:00,Sokovia,Clean Water (L),2383.45,4.44,False
2023-05-08T22:00:00,Sokovia,Medical Kits,717.63,3.33,False
2023-05-08T22:00:00,Sanctum Sanctorum,Vibranium (kg),2415.08,3.7,False
2023-05-08T22:00:00,Sanctum Sanctorum,Arc Reactor Cores,691.36,4.44,False
2023-05-08T22:00:00,Sanctum Sanctorum,Pym Particles,699.68,4.07,False
2023-05-08T22:00:00,Sanctum Sanctorum,Clean Water (L),2382.95,4.44,False
2023-05-08T22:00:00,Sanctum Sanctorum,Medical Kits,715.68,3.33,False
2023-05-08T22:00:00,Avengers Compound,Vibranium (kg),2414.45,3.7,False
2023-05-08T22:00:00,Avengers Compound,Arc Reactor Cores,697.78,4.44,False
2023-05-08T22:00:00,Avengers Compound,Pym Particles,699.9,4.07,False
2023-05-08T22:00:00,Avengers Compound,Clean Water (L),2388.56,4.44,False
2023-05-08T22:00:00,Avengers Compound,Medical Kits,720.49,3.33,False
2023-05-08T23:00:00,New Asgard,Vibranium (kg),2409.65,3.55,False
2023-05-08T23:00:00,New Asgard,Arc Reactor Cores,696.35,4.26,False
2023-05-08T23:00:00,New Asgard,Pym Particles,703.92,3.91,False
2023-05-08T23:00:00,New Asgard,Clean Water (L),2388.19,4.26,False
2023-05-08T23:00:00,New Asgard,Medical Kits,720.67,3.2,False
2023-05-08T23:00:00,Wakanda,Vibranium (kg),2411.51,3.55,False
2023-05-08T23:00:00,Wakanda,Arc Reactor Cores,697.17,4.26,False
2023-05-08T23:00:00,Wakanda,Pym Particles,703.22,3.91,False
2023-05-08T23:00:00,Wakanda,Clean Water (L),2383.32,4.26,False
2023-05-08T23:00:00,Wakanda,Medical Kits,720.98,3.2,False
2023-05-08T23:00:00,Sokovia,Vibranium (kg),2415.51,3.55,False
2023-05-08T23:00:00,Sokovia,Arc Reactor Cores,698.27,4.26,False
2023-05-08T23:00:00,Sokovia,Pym Particles,700.55,3.91,False
2023-05-08T23:00:00,Sokovia,Clean Water (L),2386.62,4.26,False
2023-05-08T23:00:00,Sokovia,Medical Kits,718.4,3.2,False
2023-05-08T23:00:00,Sanctum Sanctorum,Vibranium (kg),2416.48,3.55,False
2023-05-08T23:00:00,Sanctum Sanctorum,Arc Reactor Cores,692.18,4.26,False
2023-05-08T23:00:00,Sanctum Sanctorum,Pym Particles,701.77,3.91,False
2023-05-08T23:00:00,Sanctum Sanctorum,Clean Water (L),2384.94,4.26,False
2023-05-08T23:00:00,Sanctum Sanctorum,Medical Kits,718.83,3.2,False
2023-05-08T23:00:00,Avengers Compound,Vibranium (kg),2415.32,3.55,False
2023-05-08T23:00:00,Avengers Compound,Arc Reactor Cores,700.31,4.26,False
2023-05-08T23:00:00,Avengers Compound,Pym Particles,701.42,3.91,False
2023-05-08T23:00:00,Avengers Compound,Clean Water (L),2389.36,4.26,False
2023-05-08T23:00:00,Avengers Compound,Medical Kits,722.47,3.2,False
2023-05-09T00:00:00,New Asgard,Vibranium (kg),2411.55,3.5,False
2023-05-09T00:00:00,New Asgard,Arc Reactor Cores,699.07,4.2,False
2023-05-09T00:00:00,New Asgard,Pym Particles,704.46,3.85,False
2023-05-09T00:00:00,New Asgard,Clean Water (L),2390.61,4.2,False
2023-05-09T00:00:00,New Asgard,Medical Kits,724.29,3.15,False
2023-05-09T00:00:00,Wakanda,Vibranium (kg),2412.31,3.5,False
2023-05-09T00:00:00,Wakanda,Arc Reactor Cores,699.69,4.2,False
2023-05-09T00:00:00,Wakanda,Pym Particles,705.72,3.85,False
2023-05-09T00:00:00,Wakanda,Clean Water (L),2387.47,4.2,False
2023-05-09T00:00:00,Wakanda,Medical Kits,722.01,3.15,False
2023-05-09T00:00:00,Sokovia,Vibranium (kg),2418.09,3.5,False
2023-05-09T00:00:00,Sokovia,Arc Reactor Cores,698.87,4.2,False
2023-05-09T00:00:00,Sokovia,Pym Particles,701.92,3.85,False
2023-05-09T00:00:00,Sokovia,Clean Water (L),2388.68,4.2,False
2023-05-09T00:00:00,Sokovia,Medical Kits,720.41,3.15,False
2023-05-09T00:00:00,Sanctum Sanctorum,Vibranium (kg),2417.21,3.5,False
2023-05-09T00:00:00,Sanctum Sanctorum,Arc Reactor Cores,695.5,4.2,False
2023-05-09T00:00:00,Sanctum Sanctorum,Pym Particles,704.0,3.85,False
2023-05-09T00:00:00,Sanctum Sanctorum,Clean Water (L),2388.18,4.2,False
2023-05-09T00:00:00,Sanctum Sanctorum,Medical Kits,721.8,3.15,False
2023-05-09T00:00:00,Avengers Compound,Vibranium (kg),2417.53,3.5,False
2023-05-09T00:00:00,Avengers Compound,Arc Reactor Cores,701.6,4.2,False
2023-05-09T00:00:00,Avengers Compound,Pym Particles,703.96,3.85,False
2023-05-09T00:00:00,Avengers Compound,Clean Water (L),2390.74,4.2,False
2023-05-09T00:00:00,Avengers Compound,Medical Kits,724.35,3.15,False
2023-05-09T01:00:00,New Asgard,Vibranium (kg),2413.32,3.55,False
2023-05-09T01:00:00,New Asgard,Arc Reactor Cores,700.75,4.26,False
2023-05-09T01:00:00,New Asgard,Pym Particles,706.15,3.91,False
2023-05-09T01:00:00,New Asgard,Clean Water (L),2391.91,4.26,False
2023-05-09T01:00:00,New Asgard,Medical Kits,727.47,3.2,False
2023-05-09T01:00:00,Wakanda,Vibranium (kg),2414.83,3.55,False
2023-05-09T01:00:00,Wakanda,Arc Reactor Cores,700.66,4.26,False
2023-05-09T01:00:00,Wakanda,Pym Particles,706.73,3.91,False
2023-05-09T01:00:00,Wakanda,Clean Water (L),2389.84,4.26,False
2023-05-09T01:00:00,Wakanda,Medical Kits,723.72,3.2,False
2023-05-09T01:00:00,Sokovia,Vibranium (kg),2419.38,3.55,False
2023-05-09T01:00:00,Sokovia,Arc Reactor Cores,700.04,4.26,False
2023-05-09T01:00:00,Sokovia,Pym Particles,704.15,3.91,False
2023-05-09T01:00:00,Sokovia,Clean Water (L),2391.81,4.26,False
2023-05-09T01:00:00,Sokovia,Medical Kits,722.8,3.2,False
2023-05-09T01:00:00,Sanctum Sanctorum,Vibranium (kg),2419.56,3.55,False
2023-05-09T01:00:00,Sanctum Sanctorum,Arc Reactor Cores,696.84,4.26,False
2023-05-09T01:00:00,Sanctum Sanctorum,Pym Particles,706.55,3.91,False
2023-05-09T01:00:00,Sanctum Sanctorum,Clean Water (L),2390.18,4.26,False
2023-05-09T01:00:00,Sanctum Sanctorum,Medical Kits,721.96,3.2,False
2023-05-09T01:00:00,Avengers Compound,Vibranium (kg),2418.61,3.55,False
2023-05-09T01:00:00,Avengers Compound,Arc Reactor Cores,703.75,4.26,False
2023-05-09T01:00:00,Avengers Compound,Pym Particles,704.93,3.91,False
2023-05-09T01:00:00,Avengers Compound,Clean Water (L),2391.64,4.26,False
2023-05-09T01:00:00,Avengers Compound,Medical Kits,725.71,3.2,False
2023-05-09T02:00:00,New Asgard,Vibranium (kg),2414.69,3.7,False
2023-05-09T02:00:00,New Asgard,Arc Reactor Cores,701.31,4.44,False
2023-05-09T02:00:00,New Asgard,Pym Particles,708.19,4.07,False
2023-05-09T02:00:00,New Asgard,Clean Water (L),2393.67,4.44,False
2023-05-09T02:00:00,New Asgard,Medical Kits,728.32,3.33,False
2023-05-09T02:00:00,Wakanda,Vibranium (kg),2415.23,3.7,False
2023-05-09T02:00:00,Wakanda,Arc Reactor Cores,701.4,4.44,False
2023-05-09T02:00:00,Wakanda,Pym Particles,709.31,4.07,False
2023-05-09T02:00:00,Wakanda,Clean Water (L),2393.2,4.44,False
2023-05-09T02:00:00,Wakanda,Medical Kits,725.07,3.33,False
2023-05-09T02:00:00,Sokovia,Vibranium (kg),2420.47,3.7,False
2023-05-09T02:00:00,Sokovia,Arc Reactor Cores,701.02,4.44,False
2023-05-09T02:00:00,Sokovia,Pym Particles,705.45,4.07,False
2023-05-09T02:00:00,Sokovia,Clean Water (L),2391.96,4.44,False
2023-05-09T02:00:00,Sokovia,Medical Kits,724.5,3.33,False
2023-05-09T02:00:00,Sanctum Sanctorum,Vibranium (kg),2419.7,3.7,False
2023-05-09T02:00:00,Sanctum Sanctorum,Arc Reactor Cores,698.34,4.44,False
2023-05-09T02:00:00,Sanctum Sanctorum,Pym Particles,708.4,4.07,False
2023-05-09T02:00:00,Sanctum Sanctorum,Clean Water (L),2392.28,4.44,False
2023-05-09T02:00:00,Sanctum Sanctorum,Medical Kits,725.09,3.33,False
2023-05-09T02:00:00,Avengers Compound,Vibranium (kg),2420.28,3.7,False
2023-05-09T02:00:00,Avengers Compound,Arc Reactor Cores,704.6,4.44,False
2023-05-09T02:00:00,Avengers Compound,Pym Particles,706.72,4.07,False
2023-05-09T02:00:00,Avengers Compound,Clean Water (L),2394.69,4.44,False
2023-05-09T02:00:00,Avengers Compound,Medical Kits,727.03,3.33,False
2023-05-09T03:00:00,New Asgard,Vibranium (kg),2416.17,3.94,False
2023-05-09T03:00:00,New Asgard,Arc Reactor Cores,702.78,4.73,False
2023-05-09T03:00:00,New Asgard,Pym Particles,709.21,4.33,False
2023-05-09T03:00:00,New Asgard,Clean Water (L),2395.93,4.73,False
2023-05-09T03:00:00,New Asgard,Medical Kits,729.54,3.55,False
2023-05-09T03:00:00,Wakanda,Vibranium (kg),2416.44,3.94,False
2023-05-09T03:00:00,Wakanda,Arc Reactor Cores,701.67,4.73,False
2023-05-09T03:00:00,Wakanda,Pym Particles,710.93,4.33,False
2023-05-09T03:00:00,Wakanda,Clean Water (L),2395.69,4.73,False
2023-05-09T03:00:00,Wakanda,Medical Kits,726.39,3.55,False
2023-05-09T03:00:00,Sokovia,Vibranium (kg),2422.37,3.94,False
2023-05-09T03:00:00,Sokovia,Arc Reactor Cores,701.19,4.73,False
2023-05-09T03:00:00,Sokovia,Pym Particles,708.04,4.33,False
2023-05-09T03:00:00,Sokovia,Clean Water (L),2393.28,4.73,False
2023-05-09T03:00:00,Sokovia,Medical Kits,726.33,3.55,False
2023-05-09T03:00:00,Sanctum Sanctorum,Vibranium (kg),2419.62,3.94,False
2023-05-09T03:00:00,Sanctum Sanctorum,Arc Reactor Cores,698.87,4.73,False
2023-05-09T03:00:00,Sanctum Sanctorum,Pym Particles,707.97,4.33,False
2023-05-09T03:00:00,Sanctum Sanctorum,Clean Water (L),2394.6,4.73,False
2023-05-09T03:00:00,Sanctum Sanctorum,Medical Kits,724.75,3.55,False
2023-05-09T03:00:00,Avengers Compound,Vibranium (kg),2421.73,3.94,False
2023-05-09T03:00:00,Avengers Compound,Arc Reactor Cores,705.48,4.73,False
2023-05-09T03:00:00,Avengers Compound,Pym Particles,708.1,4.33,False
2023-05-09T03:00:00,Avengers Compound,Clean Water (L),2396.28,4.73,False
2023-05-09T03:00:00,Avengers Compound,Medical Kits,728.52,3.55,False
2023-05-09T04:00:00,New Asgard,Vibranium (kg),2417.08,4.25,False
2023-05-09T04:00:00,New Asgard,Arc Reactor Cores,701.87,5.1,False
2023-05-09T04:00:00,New Asgard,Pym Particles,709.27,4.68,False
2023-05-09T04:00:00,New Asgard,Clean Water (L),2396.39,5.1,False
2023-05-09T04:00:00,New Asgard,Medical Kits,730.72,3.83,False
2023-05-09T04:00:00,Wakanda,Vibranium (kg),2417.68,4.25,False
2023-05-09T04:00:00,Wakanda,Arc Reactor Cores,702.8,5.1,False
2023-05-09T04:00:00,Wakanda,Pym Particles,711.53,4.68,False
2023-05-09T04:00:00,Wakanda,Clean Water (L),2396.21,5.1,False
2023-05-09T04:00:00,Wakanda,Medical Kits,726.13,3.83,False
2023-05-09T04:00:00,Sokovia,Vibranium (kg),2422.6,4.25,False
2023-05-09T04:00:00,Sokovia,Arc Reactor Cores,703.27,5.1,False
2023-05-09T04:00:00,Sokovia,Pym Particles,707.91,4.68,False
2023-05-09T04:00:00,Sokovia,Clean Water (L),2395.15,5.1,False
2023-05-09T04:00:00,Sokovia,Medical Kits,727.05,3.83,False
2023-05-09T04:00:00,Sanctum Sanctorum,Vibranium (kg),2419.39,4.25,False
2023-05-09T04:00:00,Sanctum Sanctorum,Arc Reactor Cores,701.39,5.1,False
2023-05-09T04:00:00,Sanctum Sanctorum,Pym Particles,709.89,4.68,False
2023-05-09T04:00:00,Sanctum Sanctorum,Clean Water (L),2396.59,5.1,False
2023-05-09T04:00:00,Sanctum Sanctorum,Medical Kits,726.55,3.83,False
2023-05-09T04:00:00,Avengers Compound,Vibranium (kg),2423.2,4.25,False
2023-05-09T04:00:00,Avengers Compound,Arc Reactor Cores,706.34,5.1,False
2023-05-09T04:00:00,Avengers Compound,Pym Particles,708.59,4.68,False
2023-05-09T04:00:00,Avengers Compound,Clean Water (L),2396.9,5.1,False
2023-05-09T04:00:00,Avengers Compound,Medical Kits,731.04,3.83,False
2023-05-09T05:00:00,New Asgard,Vibranium (kg),2416.88,4.61,False
2023-05-09T05:00:00,New Asgard,Arc Reactor Cores,703.81,5.53,False
2023-05-09T05:00:00,New Asgard,Pym Particles,708.2,5.07,False
2023-05-09T05:00:00,New Asgard,Clean Water (L),2396.98,5.53,False
2023-05-09T05:00:00,New Asgard,Medical Kits,730.74,4.15,False
2023-05-09T05:00:00,Wakanda,Vibranium (kg),2418.29,4.61,False
2023-05-09T05:00:00,Wakanda,Arc Reactor Cores,701.87,5.53,False
2023-05-09T05:00:00,Wakanda,Pym Particles,711.15,5.07,False
2023-05-09T05:00:00,Wakanda,Clean Water (L),2397.93,5.53,False
2023-05-09T05:00:00,Wakanda,Medical Kits,728.19,4.15,False
2023-05-09T05:00:00,Sokovia,Vibranium (kg),2424.22,4.61,False
2023-05-09T05:00:00,Sokovia,Arc Reactor Cores,704.63,5.53,False
2023-05-09T05:00:00,Sokovia,Pym Particles,708.85,5.07,False
2023-05-09T05:00:00,Sokovia,Clean Water (L),2396.66,5.53,False
2023-05-09T05:00:00,Sokovia,Medical Kits,727.74,4.15,False
2023-05-09T05:00:00,Sanctum Sanctorum,Vibranium (kg),2419.99,4.61,False
2023-05-09T05:00:00,Sanctum Sanctorum,Arc Reactor Cores,700.93,5.53,False
2023-05-09T05:00:00,Sanctum Sanctorum,Pym Particles,710.21,5.07,False
2023-05-09T05:00:00,Sanctum Sanctorum,Clean Water (L),2396.15,5.53,False
2023-05-09T05:00:00,Sanctum Sanctorum,Medical Kits,726.51,4.15,False
2023-05-09T05:00:00,Avengers Compound,Vibranium (kg),2422.63,4.61,False
2023-05-09T05:00:00,Avengers Compound,Arc Reactor Cores,707.14,5.53,False
2023-05-09T05:00:00,Avengers Compound,Pym Particles,709.73,5.07,False
2023-05-09T05:00:00,Avengers Compound,Clean Water (L),2398.46,5.53,False
2023-05-09T05:00:00,Avengers Compound,Medical Kits,732.3,4.15,False
2023-05-09T06:00:00,New Asgard,Vibranium (kg),2417.73,5.0,False
2023-05-09T06:00:00,New Asgard,Arc Reactor Cores,702.08,6.0,False
2023-05-09T06:00:00,New Asgard,Pym Particles,708.28,5.5,False
2023-05-09T06:00:00,New Asgard,Clean Water (L),2397.86,6.0,False
2023-05-09T06:00:00,New Asgard,Medical Kits,731.01,4.5,False
2023-05-09T06:00:00,Wakanda,Vibranium (kg),2417.73,5.0,False
2023-05-09T06:00:00,Wakanda,Arc Reactor Cores,702.07,6.0,False
2023-05-09T06:00:00,Wakanda,Pym Particles,709.74,5.5,False
2023-05-09T06:00:00,Wakanda,Clean Water (L),2399.36,6.0,False
2023-05-09T06:00:00,Wakanda,Medical Kits,728.55,4.5,False
2023-05-09T06:00:00,Sokovia,Vibranium (kg),2425.2,5.0,False
2023-05-09T06:00:00,Sokovia,Arc Reactor Cores,703.41,6.0,False
2023-05-09T06:00:00,Sokovia,Pym Particles,708.27,5.5,False
2023-05-09T06:00:00,Sokovia,Clean Water (L),2396.86,6.0,False
2023-05-09T06:00:00,Sokovia,Medical Kits,727.75,4.5,False
2023-05-09T06:00:00,Sanctum Sanctorum,Vibranium (kg),2419.94,5.0,False
2023-05-09T06:00:00,Sanctum Sanctorum,Arc Reactor Cores,701.27,6.0,False
2023-05-09T06:00:00,Sanctum Sanctorum,Pym Particles,711.14,5.5,False
2023-05-09T06:00:00,Sanctum Sanctorum,Clean Water (L),2396.54,6.0,False
2023-05-09T06:00:00,Sanctum Sanctorum,Medical Kits,727.72,4.5,False
2023-05-09T06:00:00,Avengers Compound,Vibranium (kg),2421.56,5.0,False
2023-05-09T06:00:00,Avengers Compound,Arc Reactor Cores,706.62,6.0,False
2023-05-09T06:00:00,Avengers Compound,Pym Particles,710.32,5.5,False
2023-05-09T06:00:00,Avengers Compound,Clean Water (L),2398.81,6.0,False
2023-05-09T06:00:00,Avengers Compound,Medical Kits,732.94,4.5,False
2023-05-09T07:00:00,New Asgard,Vibranium (kg),2418.68,5.39,False
2023-05-09T07:00:00,New Asgard,Arc Reactor Cores,702.61,6.47,False
2023-05-09T07:00:00,New Asgard,Pym Particles,706.78,5.93,False
2023-05-09T07:00:00,New Asgard,Clean Water (L),2397.55,6.47,False
2023-05-09T07:00:00,New Asgard,Medical Kits,730.31,4.85,False
2023-05-09T07:00:00,Wakanda,Vibranium (kg),2416.87,5.39,False
2023-05-09T07:00:00,Wakanda,Arc Reactor Cores,701.99,6.47,False
2023-05-09T07:00:00,Wakanda,Pym Particles,710.28,5.93,False
2023-05-09T07:00:00,Wakanda,Clean Water (L),2399.39,6.47,False
2023-05-09T07:00:00,Wakanda,Medical Kits,729.54,4.85,False
2023-05-09T07:00:00,Sokovia,Vibranium (kg),2424.65,5.39,False
2023-05-09T07:00:00,Sokovia,Arc Reactor Cores,702.33,6.47,False
2023-05-09T07:00:00,Sokovia,Pym Particles,707.6,5.93,False
2023-05-09T07:00:00,Sokovia,Clean Water (L),2396.8,6.47,False
2023-05-09T07:00:00,Sokovia,Medical Kits,727.6,4.85,False
2023-05-09T07:00:00,Sanctum Sanctorum,Vibranium (kg),2419.21,5.39,False
2023-05-09T07:00:00,Sanctum Sanctorum,Arc Reactor Cores,699.46,6.47,False
2023-05-09T07:00:00,Sanctum Sanctorum,Pym Particles,710.54,5.93,False
2023-05-09T07:00:00,Sanctum Sanctorum,Clean Water (L),2396.04,6.47,False
2023-05-09T07:00:00,Sanctum Sanctorum,Medical Kits,727.73,4.85,False
2023-05-09T07:00:00,Avengers Compound,Vibranium (kg),2420.9,5.39,False
2023-05-09T07:00:00,Avengers Compound,Arc Reactor Cores,706.08,6.47,False
2023-05-09T07:00:00,Avengers Compound,Pym Particles,709.56,5.93,False
2023-05-09T07:00:00,Avengers Compound,Clean Water (L),2398.49,6.47,False
2023-05-09T07:00:00,Avengers Compound,Medical Kits,733.27,4.85,False
2023-05-09T08:00:00,New Asgard,Vibranium (kg),2419.33,5.75,False
2023-05-09T08:00:00,New Asgard,Arc Reactor Cores,703.2,6.9,False
2023-05-09T08:00:00,New Asgard,Pym Particles,705.11,6.32,False
2023-05-09T08:00:00,New Asgard,Clean Water (L),2395.35,6.9,False
2023-05-09T08:00:00,New Asgard,Medical Kits,728.59,5.17,False
2023-05-09T08:00:00,Wakanda,Vibranium (kg),2415.15,5.75,False
2023-05-09T08:00:00,Wakanda,Arc Reactor Cores,701.76,6.9,False
2023-05-09T08:00:00,Wakanda,Pym Particles,709.45,6.32,False
2023-05-09T08:00:00,Wakanda,Clean Water (L),2398.85,6.9,False
2023-05-09T08:00:00,Wakanda,Medical Kits,729.57,5.17,False
2023-05-09T08:00:00,Sokovia,Vibranium (kg),2424.1,5.75,False
2023-05-09T08:00:00,Sokovia,Arc Reactor Cores,700.63,6.9,False
2023-05-09T08:00:00,Sokovia,Pym Particles,707.17,6.32,False
2023-05-09T08:00:00,Sokovia,Clean Water (L),2394.88,6.9,False
2023-05-09T08:00:00,Sokovia,Medical Kits,726.52,5.17,False
2023-05-09T08:00:00,Sanctum Sanctorum,Vibranium (kg),2418.37,5.75,False
2023-05-09T08:00:00,Sanctum Sanctorum,Arc Reactor Cores,698.19,6.9,False
2023-05-09T08:00:00,Sanctum Sanctorum,Pym Particles,709.66,6.32,False
2023-05-09T08:00:00,Sanctum Sanctorum,Clean Water (L),2395.71,6.9,False
2023-05-09T08:00:00,Sanctum Sanctorum,Medical Kits,728.44,5.17,False
2023-05-09T08:00:00,Avengers Compound,Vibranium (kg),2419.44,5.75,False
2023-05-09T08:00:00,Avengers Compound,Arc Reactor Cores,705.57,6.9,False
2023-05-09T08:00:00,Avengers Compound,Pym Particles,708.46,6.32,False
2023-05-09T08:00:00,Avengers Compound,Clean Water (L),2398.25,6.9,False
2023-05-09T08:00:00,Avengers Compound,Medical Kits,731.85,5.17,False
2023-05-09T09:00:00,New Asgard,Vibranium (kg),2416.72,6.06,False
2023-05-09T09:00:00,New Asgard,Arc Reactor Cores,702.6,7.27,False
2023-05-09T09:00:00,New Asgard,Pym Particles,703.94,6.67,False
2023-05-09T09:00:00,New Asgard,Clean Water (L),2394.54,7.27,False
2023-05-09T09:00:00,New Asgard,Medical Kits,728.08,5.45,False
2023-05-09T09:00:00,Wakanda,Vibranium (kg),2413.68,6.06,False
2023-05-09T09:00:00,Wakanda,Arc Reactor Cores,700.02,7.27,False
2023-05-09T09:00:00,Wakanda,Pym Particles,707.6,6.67,False
2023-05-09T09:00:00,Wakanda,Clean Water (L),2397.37,7.27,False
2023-05-09T09:00:00,Wakanda,Medical Kits,728.93,5.45,False
2023-05-09T09:00:00,Sokovia,Vibranium (kg),2422.79,6.06,False
2023-05-09T09:00:00,Sokovia,Arc Reactor Cores,698.09,7.27,False
2023-05-09T09:00:00,Sokovia,Pym Particles,705.22,6.67,False
2023-05-09T09:00:00,Sokovia,Clean Water (L),2393.45,7.27,False
2023-05-09T09:00:00,Sokovia,Medical Kits,724.93,5.45,False
2023-05-09T09:00:00,Sanctum Sanctorum,Vibranium (kg),2416.81,6.06,False
2023-05-09T09:00:00,Sanctum Sanctorum,Arc Reactor Cores,696.18,7.27,False
2023-05-09T09:00:00,Sanctum Sanctorum,Pym Particles,708.0,6.67,False
2023-05-09T09:00:00,Sanctum Sanctorum,Clean Water (L),2393.96,7.27,False
2023-05-09T09:00:00,Sanctum Sanctorum,Medical Kits,727.04,5.45,False
2023-05-09T09:00:00,Avengers Compound,Vibranium (kg),2417.42,6.06,False
2023-05-09T09:00:00,Avengers Compound,Arc Reactor Cores,704.79,7.27,False
2023-05-09T09:00:00,Avengers Compound,Pym Particles,707.73,6.67,False
2023-05-09T09:00:00,Avengers Compound,Clean Water (L),2398.29,7.27,False
2023-05-09T09:00:00,Avengers Compound,Medical Kits,729.76,5.45,False
2023-05-09T10:00:00,New Asgard,Vibranium (kg),2415.22,6.3,False
2023-05-09T10:00:00,New Asgard,Arc Reactor Cores,700.43,7.56,False
2023-05-09T10:00:00,New Asgard,Pym Particles,703.35,6.93,False
2023-05-09T10:00:00,New Asgard,Clean Water (L),2393.49,7.56,False
2023-05-09T10:00:00,New Asgard,Medical Kits,728.78,5.67,False
2023-05-09T10:00:00,Wakanda,Vibranium (kg),2412.99,6.3,False
2023-05-09T10:00:00,Wakanda,Arc Reactor Cores,700.2,7.56,False
2023-05-09T10:00:00,Wakanda,Pym Particles,706.54,6.93,False
2023-05-09T10:00:00,Wakanda,Clean Water (L),2396.4,7.56,False
2023-05-09T10:00:00,Wakanda,Medical Kits,726.22,5.67,False
2023-05-09T10:00:00,Sokovia,Vibranium (kg),2421.95,6.3,False
2023-05-09T10:00:00,Sokovia,Arc Reactor Cores,695.98,7.56,False
2023-05-09T10:00:00,Sokovia,Pym Particles,704.08,6.93,False
2023-05-09T10:00:00,Sokovia,Clean Water (L),2391.22,7.56,False
2023-05-09T10:00:00,Sokovia,Medical Kits,723.99,5.67,False
2023-05-09T10:00:00,Sanctum Sanctorum,Vibranium (kg),2416.67,6.3,False
2023-05-09T10:00:00,Sanctum Sanctorum,Arc Reactor Cores,694.7,7.56,False
2023-05-09T10:00:00,Sanctum Sanctorum,Pym Particles,706.81,6.93,False
2023-05-09T10:00:00,Sanctum Sanctorum,Clean Water (L),2392.6,7.56,False
2023-05-09T10:00:00,Sanctum Sanctorum,Medical Kits,725.82,5.67,False
2023-05-09T10:00:00,Avengers Compound,Vibranium (kg),2416.85,6.3,False
2023-05-09T10:00:00,Avengers Compound,Arc Reactor Cores,701.77,7.56,False
2023-05-09T10:00:00,Avengers Compound,Pym Particles,706.57,6.93,False
2023-05-09T10:00:00,Avengers Compound,Clean Water (L),2396.57,7.56,False
2023-05-09T10:00:00,Avengers Compound,Medical Kits,729.57,5.67,False
2023-05-09T11:00:00,New Asgard,Vibranium (kg),2414.34,6.45,False
2023-05-09T11:00:00,New Asgard,Arc Reactor Cores,698.48,7.74,False
2023-05-09T11:00:00,New Asgard,Pym Particles,701.37,7.09,False
2023-05-09T11:00:00,New Asgard,Clean Water (L),2390.26,7.74,False
2023-05-09T11:00:00,New Asgard,Medical Kits,726.8,5.8,False
2023-05-09T11:00:00,Wakanda,Vibranium (kg),2413.4,6.45,False
2023-05-09T11:00:00,Wakanda,Arc Reactor Cores,697.59,7.74,False
2023-05-09T11:00:00,Wakanda,Pym Particles,704.96,7.09,False
2023-05-09T11:00:00,Wakanda,Clean Water (L),2394.86,7.74,False
2023-05-09T11:00:00,Wakanda,Medical Kits,727.04,5.8,False
2023-05-09T11:00:00,Sokovia,Vibranium (kg),2420.93,6.45,False
2023-05-09T11:00:00,Sokovia,Arc Reactor Cores,692.9,7.74,False
2023-05-09T11:00:00,Sokovia,Pym Particles,702.51,7.09,False
2023-05-09T11:00:00,Sokovia,Clean Water (L),2390.09,7.74,False
2023-05-09T11:00:00,Sokovia,Medical Kits,724.6,5.8,False
2023-05-09T11:00:00,Sanctum Sanctorum,Vibranium (kg),2414.23,6.45,False
2023-05-09T11:00:00,Sanctum Sanctorum,Arc Reactor Cores,693.4,7.74,False
2023-05-09T11:00:00,Sanctum Sanctorum,Pym Particles,705.79,7.09,False
2023-05-09T11:00:00,Sanctum Sanctorum,Clean Water (L),2391.15,7.74,False
2023-05-09T11:00:00,Sanctum Sanctorum,Medical Kits,725.93,5.8,False
2023-05-09T11:00:00,Avengers Compound,Vibranium (kg),2414.67,6.45,False
2023-05-09T11:00:00,Avengers Compound,Arc Reactor Cores,701.34,7.74,False
2023-05-09T11:00:00,Avengers Compound,Pym Particles,703.87,7.09,False
2023-05-09T11:00:00,Avengers Compound,Clean Water (L),2396.52,7.74,False
2023-05-09T11:00:00,Avengers Compound,Medical Kits,727.45,5.8,False
2023-05-09T12:00:00,New Asgard,Vibranium (kg),2413.32,6.5,False
2023-05-09T12:00:00,New Asgard,Arc Reactor Cores,697.38,7.8,False
2023-05-09T12:00:00,New Asgard,Pym Particles,700.42,7.15,False
2023-05-09T12:00:00,New Asgard,Clean Water (L),2387.92,7.8,False
2023-05-09T12:00:00,New Asgard,Medical Kits,724.39,5.85,False
2023-05-09T12:00:00,Wakanda,Vibranium (kg),2411.96,6.5,False
2023-05-09T12:00:00,Wakanda,Arc Reactor Cores,696.28,7.8,False
2023-05-09T12:00:00,Wakanda,Pym Particles,702.9,7.15,False
2023-05-09T12:00:00,Wakanda,Clean Water (L),2391.96,7.8,False
2023-05-09T12:00:00,Wakanda,Medical Kits,724.21,5.85,False
2023-05-09T12:00:00,Sokovia,Vibranium (kg),2419.27,6.5,False
2023-05-09T12:00:00,Sokovia,Arc Reactor Cores,692.33,7.8,False
2023-05-09T12:00:00,Sokovia,Pym Particles,700.74,7.15,False
2023-05-09T12:00:00,Sokovia,Clean Water (L),2389.25,7.8,False
2023-05-09T12:00:00,Sokovia,Medical Kits,723.93,5.85,False
2023-05-09T12:00:00,Sanctum Sanctorum,Vibranium (kg),2411.97,6.5,False
2023-05-09T12:00:00,Sanctum Sanctorum,Arc Reactor Cores,692.02,7.8,False
2023-05-09T12:00:00,Sanctum Sanctorum,Pym Particles,703.96,7.15,False
2023-05-09T12:00:00,Sanctum Sanctorum,Clean Water (L),2390.18,7.8,False
2023-05-09T12:00:00,Sanctum Sanctorum,Medical Kits,724.81,5.85,False
2023-05-09T12:00:00,Avengers Compound,Vibranium (kg),2412.68,6.5,False
2023-05-09T12:00:00,Avengers Compound,Arc Reactor Cores,700.08,7.8,False
2023-05-09T12:00:00,Avengers Compound,Pym Particles,702.62,7.15,False
2023-05-09T12:00:00,Avengers Compound,Clean Water (L),2395.04,7.8,False
2023-05-09T12:00:00,Avengers Compound,Medical Kits,726.82,5.85,False
2023-05-09T13:00:00,New Asgard,Vibranium (kg),2412.05,6.45,False
2023-05-09T13:00:00,New Asgard,Arc Reactor Cores,696.63,7.74,False
2023-05-09T13:00:00,New Asgard,Pym Particles,698.06,7.09,False
2023-05-09T13:00:00,New Asgard,Clean Water (L),2387.77,7.74,False
2023-05-09T13:00:00,New Asgard,Medical Kits,723.26,5.8,False
2023-05-09T13:00:00,Wakanda,Vibranium (kg),2410.77,6.45,False
2023-05-09T13:00:00,Wakanda,Arc Reactor Cores,696.05,7.74,False
2023-05-09T13:00:00,Wakanda,Pym Particles,700.38,7.09,False
2023-05-09T13:00:00,Wakanda,Clean Water (L),2390.21,7.74,False
2023-05-09T13:00:00,Wakanda,Medical Kits,721.58,5.8,False
2023-05-09T13:00:00,Sokovia,Vibranium (kg),2416.0,6.45,False
2023-05-09T13:00:00,Sokovia,Arc Reactor Cores,690.93,7.74,False
2023-05-09T13:00:00,Sokovia,Pym Particles,699.41,7.09,False
2023-05-09T13:00:00,Sokovia,Clean Water (L),2389.89,7.74,False
2023-05-09T13:00:00,Sokovia,Medical Kits,722.96,5.8,False
2023-05-09T13:00:00,Sanctum Sanctorum,Vibranium (kg),2410.86,6.45,False
2023-05-09T13:00:00,Sanctum Sanctorum,Arc Reactor Cores,691.08,7.74,False
2023-05-09T13:00:00,Sanctum Sanctorum,Pym Particles,702.52,7.09,False
2023-05-09T13:00:00,Sanctum Sanctorum,Clean Water (L),2388.71,7.74,False
2023-05-09T13:00:00,Sanctum Sanctorum,Medical Kits,723.71,5.8,False
2023-05-09T13:00:00,Avengers Compound,Vibranium (kg),2410.9,6.45,False
2023-05-09T13:00:00,Avengers Compound,Arc Reactor Cores,697.3,7.74,False
2023-05-09T13:00:00,Avengers Compound,Pym Particles,701.73,7.09,False
2023-05-09T13:00:00,Avengers Compound,Clean Water (L),2393.85,7.74,False
2023-05-09T13:00:00,Avengers Compound,Medical Kits,726.64,5.8,False
2023-05-09T14:00:00,New Asgard,Vibranium (kg),2412.03,6.3,False
2023-05-09T14:00:00,New Asgard,Arc Reactor Cores,696.38,7.56,False
2023-05-09T14:00:00,New Asgard,Pym Particles,696.72,6.93,False
2023-05-09T14:00:00,New Asgard,Clean Water (L),2387.48,7.56,False
2023-05-09T14:00:00,New Asgard,Medical Kits,721.4,5.67,False
2023-05-09T14:00:00,Wakanda,Vibranium (kg),2410.07,6.3,False
2023-05-09T14:00:00,Wakanda,Arc Reactor Cores,693.19,7.56,False
2023-05-09T14:00:00,Wakanda,Pym Particles,698.26,6.93,False
2023-05-09T14:00:00,Wakanda,Clean Water (L),2389.04,7.56,False
2023-05-09T14:00:00,Wakanda,Medical Kits,721.57,5.67,False
2023-05-09T14:00:00,Sokovia,Vibranium (kg),2415.61,6.3,False
2023-05-09T14:00:00,Sokovia,Arc Reactor Cores,688.77,7.56,False
2023-05-09T14:00:00,Sokovia,Pym Particles,698.56,6.93,False
2023-05-09T14:00:00,Sokovia,Clean Water (L),2389.6,7.56,False
2023-05-09T14:00:00,Sokovia,Medical Kits,721.21,5.67,False
2023-05-09T14:00:00,Sanctum Sanctorum,Vibranium (kg),2409.49,6.3,False
2023-05-09T14:00:00,Sanctum Sanctorum,Arc Reactor Cores,690.22,7.56,False
2023-05-09T14:00:00,Sanctum Sanctorum,Pym Particles,701.23,6.93,False
2023-05-09T14:00:00,Sanctum Sanctorum,Clean Water (L),2386.3,7.56,False
2023-05-09T14:00:00,Sanctum Sanctorum,Medical Kits,721.81,5.67,False
2023-05-09T14:00:00,Avengers Compound,Vibranium (kg),2411.2,6.3,False
2023-05-09T14:00:00,Avengers Compound,Arc Reactor Cores,695.32,7.56,False
2023-05-09T14:00:00,Avengers Compound,Pym Particles,700.69,6.93,False
2023-05-09T14:00:00,Avengers Compound,Clean Water (L),2391.37,7.56,False
2023-05-09T14:00:00,Avengers Compound,Medical Kits,724.98,5.67,False
2023-05-09T15:00:00,New Asgard,Vibranium (kg),2410.57,6.06,False
2023-05-09T15:00:00,New Asgard,Arc Reactor Cores,696.45,7.27,False
2023-05-09T15:00:00,New Asgard,Pym Particles,697.49,6.67,False
2023-05-09T15:00:00,New Asgard,Clean Water (L),2387.45,7.27,False
2023-05-09T15:00:00,New Asgard,Medical Kits,721.98,5.45,False
2023-05-09T15:00:00,Wakanda,Vibranium (kg),2408.04,6.06,False
2023-05-09T15:00:00,Wakanda,Arc Reactor Cores,691.69,7.27,False
2023-05-09T15:00:00,Wakanda,Pym Particles,697.24,6.67,False
2023-05-09T15:00:00,Wakanda,Clean Water (L),2387.73,7.27,False
2023-05-09T15:00:00,Wakanda,Medical Kits,720.44,5.45,False
2023-05-09T15:00:00,Sokovia,Vibranium (kg),2414.4,6.06,False
2023-05-09T15:00:00,Sokovia,Arc Reactor Cores,688.86,7.27,False
2023-05-09T15:00:00,Sokovia,Pym Particles,697.15,6.67,False
2023-05-09T15:00:00,Sokovia,Clean Water (L),2389.18,7.27,False
2023-05-09T15:00:00,Sokovia,Medical Kits,720.37,5.45,False
2023-05-09T15:00:00,Sanctum Sanctorum,Vibranium (kg),2410.13,6.06,False
2023-05-09T15:00:00,Sanctum Sanctorum,Arc Reactor Cores,688.86,7.27,False
2023-05-09T15:00:00,Sanctum Sanctorum,Pym Particles,699.53,6.67,False
2023-05-09T15:00:00,Sanctum Sanctorum,Clean Water (L),2385.93,7.27,False
2023-05-09T15:00:00,Sanctum Sanctorum,Medical Kits,720.59,5.45,False
2023-05-09T15:00:00,Avengers Compound,Vibranium (kg),2412.24,6.06,False
2023-05-09T15:00:00,Avengers Compound,Arc Reactor Cores,693.69,7.27,False
2023-05-09T15:00:00,Avengers Compound,Pym Particles,700.57,6.67,False
2023-05-09T15:00:00,Avengers Compound,Clean Water (L),2390.65,7.27,False
2023-05-09T15:00:00,Avengers Compound,Medical Kits,723.31,5.45,False
2023-05-09T16:00:00,New Asgard,Vibranium (kg),2410.53,5.75,False
2023-05-09T16:00:00,New Asgard,Arc Reactor Cores,695.04,6.9,False
2023-05-09T16:00:00,New Asgard,Pym Particles,697.02,6.32,False
2023-05-09T16:00:00,New Asgard,Clean Water (L),2388.12,6.9,False
2023-05-09T16:00:00,New Asgard,Medical Kits,722.53,5.17,False
2023-05-09T16:00:00,Wakanda,Vibranium (kg),2408.43,5.75,False
2023-05-09T16:00:00,Wakanda,Arc Reactor Cores,690.09,6.9,False
2023-05-09T16:00:00,Wakanda,Pym Particles,696.29,6.32,False
2023-05-09T16:00:00,Wakanda,Clean Water (L),2385.88,6.9,False
2023-05-09T16:00:00,Wakanda,Medical Kits,720.92,5.17,False
2023-05-09T16:00:00,Sokovia,Vibranium (kg),2413.72,5.75,False
2023-05-09T16:00:00,Sokovia,Arc Reactor Cores,688.13,6.9,False
2023-05-09T16:00:00,Sokovia,Pym Particles,697.75,6.32,False
2023-05-09T16:00:00,Sokovia,Clean Water (L),2389.62,6.9,False
2023-05-09T16:00:00,Sokovia,Medical Kits,718.59,5.17,False
2023-05-09T16:00:00,Sanctum Sanctorum,Vibranium (kg),2408.89,5.75,False
2023-05-09T16:00:00,Sanctum Sanctorum,Arc Reactor Cores,688.58,6.9,False
2023-05-09T16:00:00,Sanctum Sanctorum,Pym Particles,700.16,6.32,False
2023-05-09T16:00:00,Sanctum Sanctorum,Clean Water (L),2385.85,6.9,False
2023-05-09T16:00:00,Sanctum Sanctorum,Medical Kits,720.3,5.17,False
2023-05-09T16:00:00,Avengers Compound,Vibranium (kg),2411.65,5.75,False
2023-05-09T16:00:00,Avengers Compound,Arc Reactor Cores,692.22,6.9,False
2023-05-09T16:00:00,Avengers Compound,Pym Particles,700.74,6.32,False
2023-05-09T16:00:00,Avengers Compound,Clean Water (L),2389.68,6.9,False
2023-05-09T16:00:00,Avengers Compound,Medical Kits,721.75,5.17,False
2023-05-09T17:00:00,New Asgard,Vibranium (kg),2410.23,5.39,False
2023-05-09T17:00:00,New Asgard,Arc Reactor Cores,694.36,6.47,False
2023-05-09T17:00:00,New Asgard,Pym Particles,697.76,5.93,False
2023-05-09T17:00:00,New Asgard,Clean Water (L),2388.22,6.47,False
2023-05-09T17:00:00,New Asgard,Medical Kits,722.82,4.85,False
2023-05-09T17:00:00,Wakanda,Vibranium (kg),2409.04,5.39,False
2023-05-09T17:00:00,Wakanda,Arc Reactor Cores,689.99,6.47,False
2023-05-09T17:00:00,Wakanda,Pym Particles,695.19,5.93,False
2023-05-09T17:00:00,Wakanda,Clean Water (L),2385.79,6.47,False
2023-05-09T17:00:00,Wakanda,Medical Kits,720.76,4.85,False
2023-05-09T17:00:00,Sokovia,Vibranium (kg),2413.03,5.39,False
2023-05-09T17:00:00,Sokovia,Arc Reactor Cores,688.95,6.47,False
2023-05-09T17:00:00,Sokovia,Pym Particles,699.09,5.93,False
2023-05-09T17:00:00,Sokovia,Clean Water (L),2388.77,6.47,False
2023-05-09T17:00:00,Sokovia,Medical Kits,720.16,4.85,False
2023-05-09T17:00:00,Sanctum Sanctorum,Vibranium (kg),2408.59,5.39,False
2023-05-09T17:00:00,Sanctum Sanctorum,Arc Reactor Cores,687.36,6.47,False
2023-05-09T17:00:00,Sanctum Sanctorum,Pym Particles,700.26,5.93,False
2023-05-09T17:00:00,Sanctum Sanctorum,Clean Water (L),2386.16,6.47,False
2023-05-09T17:00:00,Sanctum Sanctorum,Medical Kits,720.49,4.85,False
2023-05-09T17:00:00,Avengers Compound,Vibranium (kg),2410.62,5.39,False
2023-05-09T17:00:00,Avengers Compound,Arc Reactor Cores,692.28,6.47,False
2023-05-09T17:00:00,Avengers Compound,Pym Particles,702.22,5.93,False
2023-05-09T17:00:00,Avengers Compound,Clean Water (L),2390.77,6.47,False
2023-05-09T17:00:00,Avengers Compound,Medical Kits,722.73,4.85,False
2023-05-09T18:00:00,New Asgard,Vibranium (kg),2409.36,5.0,False
2023-05-09T18:00:00,New Asgard,Arc Reactor Cores,693.53,6.0,False
2023-05-09T18:00:00,New Asgard,Pym Particles,699.74,5.5,False
2023-05-09T18:00:00,New Asgard,Clean Water (L),2389.11,6.0,False
2023-05-09T18:00:00,New Asgard,Medical Kits,724.79,4.5,False
2023-05-09T18:00:00,Wakanda,Vibranium (kg),2410.68,5.0,False
2023-05-09T18:00:00,Wakanda,Arc Reactor Cores,690.35,6.0,False
2023-05-09T18:00:00,Wakanda,Pym Particles,695.15,5.5,False
2023-05-09T18:00:00,Wakanda,Clean Water (L),2387.49,6.0,False
2023-05-09T18:00:00,Wakanda,Medical Kits,720.47,4.5,False
2023-05-09T18:00:00,Sokovia,Vibranium (kg),2413.15,5.0,False
2023-05-09T18:00:00,Sokovia,Arc Reactor Cores,689.71,6.0,False
2023-05-09T18:00:00,Sokovia,Pym Particles,699.92,5.5,False
2023-05-09T18:00:00,Sokovia,Clean Water (L),2388.46,6.0,False
2023-05-09T18:00:00,Sokovia,Medical Kits,719.46,4.5,False
2023-05-09T18:00:00,Sanctum Sanctorum,Vibranium (kg),2409.32,5.0,False
2023-05-09T18:00:00,Sanctum Sanctorum,Arc Reactor Cores,688.0,6.0,False
2023-05-09T18:00:00,Sanctum Sanctorum,Pym Particles,701.08,5.5,False
2023-05-09T18:00:00,Sanctum Sanctorum,Clean Water (L),2388.16,6.0,False
2023-05-09T18:00:00,Sanctum Sanctorum,Medical Kits,719.36,4.5,False
2023-05-09T18:00:00,Avengers Compound,Vibranium (kg),2411.73,5.0,False
2023-05-09T18:00:00,Avengers Compound,Arc Reactor Cores,693.17,6.0,False
2023-05-09T18:00:00,Avengers Compound,Pym Particles,703.03,5.5,False
2023-05-09T18:00:00,Avengers Compound,Clean Water (L),2390.06,6.0,False
2023-05-09T18:00:00,Avengers Compound,Medical Kits,723.05,4.5,False
2023-05-09T19:00:00,New Asgard,Vibranium (kg),2410.98,4.61,False
2023-05-09T19:00:00,New Asgard,Arc Reactor Cores,694.02,5.53,False
2023-05-09T19:00:00,New Asgard,Pym Particles,699.94,5.07,False
2023-05-09T19:00:00,New Asgard,Clean Water (L),2390.61,5.53,False
2023-05-09T19:00:00,New Asgard,Medical Kits,724.81,4.15,False
2023-05-09T19:00:00,Wakanda,Vibranium (kg),2410.68,4.61,False
2023-05-09T19:00:00,Wakanda,Arc Reactor Cores,689.39,5.53,False
2023-05-09T19:00:00,Wakanda,Pym Particles,695.41,5.07,False
2023-05-09T19:00:00,Wakanda,Clean Water (L),2388.59,5.53,False
2023-05-09T19:00:00,Wakanda,Medical Kits,720.95,4.15,False
2023-05-09T19:00:00,Sokovia,Vibranium (kg),2414.24,4.61,False
2023-05-09T19:00:00,Sokovia,Arc Reactor Cores,691.7,5.53,False
2023-05-09T19:00:00,Sokovia,Pym Particles,700.99,5.07,False
2023-05-09T19:00:00,Sokovia,Clean Water (L),2388.96,5.53,False
2023-05-09T19:00:00,Sokovia,Medical Kits,721.24,4.15,False
2023-05-09T19:00:00,Sanctum Sanctorum,Vibranium (kg),2409.83,4.61,False
2023-05-09T19:00:00,Sanctum Sanctorum,Arc Reactor Cores,688.69,5.53,False
2023-05-09T19:00:00,Sanctum Sanctorum,Pym Particles,701.63,5.07,False
2023-05-09T19:00:00,Sanctum Sanctorum,Clean Water (L),2389.13,5.53,False
2023-05-09T19:00:00,Sanctum Sanctorum,Medical Kits,720.37,4.15,False
2023-05-09T19:00:00,Avengers Compound,Vibranium (kg),2411.96,4.61,False
2023-05-09T19:00:00,Avengers Compound,Arc Reactor Cores,694.48,5.53,False
2023-05-09T19:00:00,Avengers Compound,Pym Particles,705.52,5.07,False
2023-05-09T19:00:00,Avengers Compound,Clean Water (L),2390.25,5.53,False
2023-05-09T19:00:00,Avengers Compound,Medical Kits,722.72,4.15,False
2023-05-09T20:00:00,New Asgard,Vibranium (kg),2411.7,4.25,False
2023-05-09T20:00:00,New Asgard,Arc Reactor Cores,696.14,5.1,False
2023-05-09T20:00:00,New Asgard,Pym Particles,701.69,4.68,False
2023-05-09T20:00:00,New Asgard,Clean Water (L),2392.18,5.1,False
2023-05-09T20:00:00,New Asgard,Medical Kits,727.59,3.83,False
2023-05-09T20:00:00,Wakanda,Vibranium (kg),2412.0,4.25,False
2023-05-09T20:00:00,Wakanda,Arc Reactor Cores,690.21,5.1,False
2023-05-09T20:00:00,Wakanda,Pym Particles,695.9,4.68,False
2023-05-09T20:00:00,Wakanda,Clean Water (L),2389.31,5.1,False
2023-05-09T20:00:00,Wakanda,Medical Kits,722.11,3.83,False
2023-05-09T20:00:00,Sokovia,Vibranium (kg),2414.38,4.25,False
2023-05-09T20:00:00,Sokovia,Arc Reactor Cores,693.43,5.1,False
2023-05-09T20:00:00,Sokovia,Pym Particles,701.75,4.68,False
2023-05-09T20:00:00,Sokovia,Clean Water (L),2389.92,5.1,False
2023-05-09T20:00:00,Sokovia,Medical Kits,722.14,3.83,False
2023-05-09T20:00:00,Sanctum Sanctorum,Vibranium (kg),2411.24,4.25,False
2023-05-09T20:00:00,Sanctum Sanctorum,Arc Reactor Cores,691.79,5.1,False
2023-05-09T20:00:00,Sanctum Sanctorum,Pym Particles,702.49,4.68,False
2023-05-09T20:00:00,Sanctum Sanctorum,Clean Water (L),2390.1,5.1,False
2023-05-09T20:00:00,Sanctum Sanctorum,Medical Kits,721.22,3.83,False
2023-05-09T20:00:00,Avengers Compound,Vibranium (kg),2412.11,4.25,False
2023-05-09T20:00:00,Avengers Compound,Arc Reactor Cores,695.36,5.1,False
2023-05-09T20:00:00,Avengers Compound,Pym Particles,706.99,4.68,False
2023-05-09T20:00:00,Avengers Compound,Clean Water (L),2392.22,5.1,False
2023-05-09T20:00:00,Avengers Compound,Medical Kits,723.98,3.83,False
2023-05-09T21:00:00,New Asgard,Vibranium (kg),2412.75,3.94,False
2023-05-09T21:00:00,New Asgard,Arc Reactor Cores,696.83,4.73,False
2023-05-09T21:00:00,New Asgard,Pym Particles,702.04,4.33,False
2023-05-09T21:00:00,New Asgard,Clean Water (L),2393.05,4.73,False
2023-05-09T21:00:00,New Asgard,Medical Kits,728.89,3.55,False
2023-05-09T21:00:00,Wakanda,Vibranium (kg),2411.87,3.94,False
2023-05-09T21:00:00,Wakanda,Arc Reactor Cores,692.62,4.73,False
2023-05-09T21:00:00,Wakanda,Pym Particles,698.1,4.33,False
2023-05-09T21:00:00,Wakanda,Clean Water (L),2389.84,4.73,False
2023-05-09T21:00:00,Wakanda,Medical Kits,723.37,3.55,False
2023-05-09T21:00:00,Sokovia,Vibranium (kg),2416.5,3.94,False
2023-05-09T21:00:00,Sokovia,Arc Reactor Cores,694.92,4.73,False
2023-05-09T21:00:00,Sokovia,Pym Particles,703.93,4.33,False
2023-05-09T21:00:00,Sokovia,Clean Water (L),2392.27,4.73,False
2023-05-09T21:00:00,Sokovia,Medical Kits,723.8,3.55,False
2023-05-09T21:00:00,Sanctum Sanctorum,Vibranium (kg),2411.98,3.94,False
2023-05-09T21:00:00,Sanctum Sanctorum,Arc Reactor Cores,693.41,4.73,False
2023-05-09T21:00:00,Sanctum Sanctorum,Pym Particles,702.74,4.33,False
2023-05-09T21:00:00,Sanctum Sanctorum,Clean Water (L),2393.33,4.73,False
2023-05-09T21:00:00,Sanctum Sanctorum,Medical Kits,723.99,3.55,False
2023-05-09T21:00:00,Avengers Compound,Vibranium (kg),2413.48,3.94,False
2023-05-09T21:00:00,Avengers Compound,Arc Reactor Cores,696.91,4.73,False
2023-05-09T21:00:00,Avengers Compound,Pym Particles,709.42,4.33,False
2023-05-09T21:00:00,Avengers Compound,Clean Water (L),2393.13,4.73,False
2023-05-09T21:00:00,Avengers Compound,Medical Kits,726.91,3.55,False
2023-05-09T22:00:00,New Asgard,Vibranium (kg),2413.79,3.7,False
2023-05-09T22:00:00,New Asgard,Arc Reactor Cores,699.0,4.44,False
2023-05-09T22:00:00,New Asgard,Pym Particles,704.5,4.07,False
2023-05-09T22:00:00,New Asgard,Clean Water (L),2394.45,4.44,False
2023-05-09T22:00:00,New Asgard,Medical Kits,729.43,3.33,False
2023-05-09T22:00:00,Wakanda,Vibranium (kg),2414.02,3.7,False
2023-05-09T22:00:00,Wakanda,Arc Reactor Cores,693.17,4.44,False
2023-05-09T22:00:00,Wakanda,Pym Particles,700.65,4.07,False
2023-05-09T22:00:00,Wakanda,Clean Water (L),2392.02,4.44,False
2023-05-09T22:00:00,Wakanda,Medical Kits,723.88,3.33,False
2023-05-09T22:00:00,Sokovia,Vibranium (kg),2417.09,3.7,False
2023-05-09T22:00:00,Sokovia,Arc Reactor Cores,698.11,4.44,False
2023-05-09T22:00:00,Sokovia,Pym Particles,706.3,4.07,False
2023-05-09T22:00:00,Sokovia,Clean Water (L),2393.93,4.44,False
2023-05-09T22:00:00,Sokovia,Medical Kits,725.97,3.33,False
2023-05-09T22:00:00,Sanctum Sanctorum,Vibranium (kg),2413.54,3.7,False
2023-05-09T22:00:00,Sanctum Sanctorum,Arc Reactor Cores,696.05,4.44,False
2023-05-09T22:00:00,Sanctum Sanctorum,Pym Particles,705.38,4.07,False
2023-05-09T22:00:00,Sanctum Sanctorum,Clean Water (L),2395.53,4.44,False
2023-05-09T22:00:00,Sanctum Sanctorum,Medical Kits,725.75,3.33,False
2023-05-09T22:00:00,Avengers Compound,Vibranium (kg),2414.43,3.7,False
2023-05-09T22:00:00,Avengers Compound,Arc Reactor Cores,697.86,4.44,False
2023-05-09T22:00:00,Avengers Compound,Pym Particles,711.61,4.07,False
2023-05-09T22:00:00,Avengers Compound,Clean Water (L),2394.81,4.44,False
2023-05-09T22:00:00,Avengers Compound,Medical Kits,727.89,3.33,False
2023-05-09T23:00:00,New Asgard,Vibranium (kg),2415.88,3.55,False
2023-05-09T23:00:00,New Asgard,Arc Reactor Cores,699.41,4.26,False
2023-05-09T23:00:00,New Asgard,Pym Particles,706.56,3.91,False
2023-05-09T23:00:00,New Asgard,Clean Water (L),2395.7,4.26,False
2023-05-09T23:00:00,New Asgard,Medical Kits,731.37,3.2,False
2023-05-09T23:00:00,Wakanda,Vibranium (kg),2415.74,3.55,False
2023-05-09T23:00:00,Wakanda,Arc Reactor Cores,695.09,4.26,False
2023-05-09T23:00:00,Wakanda,Pym Particles,704.06,3.91,False
2023-05-09T23:00:00,Wakanda,Clean Water (L),2393.83,4.26,False
2023-05-09T23:00:00,Wakanda,Medical Kits,724.56,3.2,False
2023-05-09T23:00:00,Sokovia,Vibranium (kg),2419.05,3.55,False
2023-05-09T23:00:00,Sokovia,Arc Reactor Cores,700.35,4.26,False
2023-05-09T23:00:00,Sokovia,Pym Particles,708.38,3.91,False
2023-05-09T23:00:00,Sokovia,Clean Water (L),2397.13,4.26,False
2023-05-09T23:00:00,Sokovia,Medical Kits,727.75,3.2,False
2023-05-09T23:00:00,Sanctum Sanctorum,Vibranium (kg),2415.68,3.55,False
2023-05-09T23:00:00,Sanctum Sanctorum,Arc Reactor Cores,699.56,4.26,False
2023-05-09T23:00:00,Sanctum Sanctorum,Pym Particles,706.38,3.91,False
2023-05-09T23:00:00,Sanctum Sanctorum,Clean Water (L),2396.71,4.26,False
2023-05-09T23:00:00,Sanctum Sanctorum,Medical Kits,727.41,3.2,False
2023-05-09T23:00:00,Avengers Compound,Vibranium (kg),2417.89,3.55,False
2023-05-09T23:00:00,Avengers Compound,Arc Reactor Cores,699.87,4.26,False
2023-05-09T23:00:00,Avengers Compound,Pym Particles,713.03,3.91,False
2023-05-09T23:00:00,Avengers Compound,Clean Water (L),2396.21,4.26,False
2023-05-09T23:00:00,Avengers Compound,Medical Kits,729.08,3.2,False
2023-05-10T00:00:00,New Asgard,Vibranium (kg),2418.03,3.5,False
2023-05-10T00:00:00,New Asgard,Arc Reactor Cores,701.39,4.2,False
2023-05-10T00:00:00,New Asgard,Pym Particles,707.74,3.85,False
2023-05-10T00:00:00,New Asgard,Clean Water (L),2397.85,4.2,False
2023-05-10T00:00:00,New Asgard,Medical Kits,733.57,3.15,False
2023-05-10T00:00:00,Wakanda,Vibranium (kg),2418.69,3.5,False
2023-05-10T00:00:00,Wakanda,Arc Reactor Cores,696.67,4.2,False
2023-05-10T00:00:00,Wakanda,Pym Particles,705.49,3.85,False
2023-05-10T00:00:00,Wakanda,Clean Water (L),2394.92,4.2,False
2023-05-10T00:00:00,Wakanda,Medical Kits,725.8,3.15,False
2023-05-10T00:00:00,Sokovia,Vibranium (kg),2419.72,3.5,False
2023-05-10T00:00:00,Sokovia,Arc Reactor Cores,701.52,4.2,False
2023-05-10T00:00:00,Sokovia,Pym Particles,711.58,3.85,False
2023-05-10T00:00:00,Sokovia,Clean Water (L),2398.27,4.2,False
2023-05-10T00:00:00,Sokovia,Medical Kits,728.49,3.15,False
2023-05-10T00:00:00,Sanctum Sanctorum,Vibranium (kg),2418.12,3.5,False
2023-05-10T00:00:00,Sanctum Sanctorum,Arc Reactor Cores,701.54,4.2,False
2023-05-10T00:00:00,Sanctum Sanctorum,Pym Particles,708.67,3.85,False
2023-05-10T00:00:00,Sanctum Sanctorum,Clean Water (L),2398.76,4.2,False
2023-05-10T00:00:00,Sanctum Sanctorum,Medical Kits,727.79,3.15,False
2023-05-10T00:00:00,Avengers Compound,Vibranium (kg),2419.11,3.5,False
2023-05-10T00:00:00,Avengers Compound,Arc Reactor Cores,702.15,4.2,False
2023-05-10T00:00:00,Avengers Compound,Pym Particles,713.71,3.85,False
2023-05-10T00:00:00,Avengers Compound,Clean Water (L),2397.59,4.2,False
2023-05-10T00:00:00,Avengers Compound,Medical Kits,731.33,3.15,False
2023-05-10T01:00:00,New Asgard,Vibranium (kg),2420.74,3.55,False
2023-05-10T01:00:00,New Asgard,Arc Reactor Cores,702.48,4.26,False
2023-05-10T01:00:00,New Asgard,Pym Particles,709.66,3.91,False
2023-05-10T01:00:00,New Asgard,Clean Water (L),2398.73,4.26,False
2023-05-10T01:00:00,New Asgard,Medical Kits,733.34,3.2,False
2023-05-10T01:00:00,Wakanda,Vibranium (kg),2421.02,3.55,False
2023-05-10T01:00:00,Wakanda,Arc Reactor Cores,700.22,4.26,False
2023-05-10T01:00:00,Wakanda,Pym Particles,705.89,3.91,False
2023-05-10T01:00:00,Wakanda,Clean Water (L),2397.37,4.26,False
2023-05-10T01:00:00,Wakanda,Medical Kits,726.7,3.2,False
2023-05-10T01:00:00,Sokovia,Vibranium (kg),2421.54,3.55,False
2023-05-10T01:00:00,Sokovia,Arc Reactor Cores,704.49,4.26,False
2023-05-10T01:00:00,Sokovia,Pym Particles,713.61,3.91,False
2023-05-10T01:00:00,Sokovia,Clean Water (L),2398.49,4.26,False
2023-05-10T01:00:00,Sokovia,Medical Kits,729.47,3.2,False
2023-05-10T01:00:00,Sanctum Sanctorum,Vibranium (kg),2418.88,3.55,False
2023-05-10T01:00:00,Sanctum Sanctorum,Arc Reactor Cores,701.93,4.26,False
2023-05-10T01:00:00,Sanctum Sanctorum,Pym Particles,709.8,3.91,False
2023-05-10T01:00:00,Sanctum Sanctorum,Clean Water (L),2402.02,4.26,False
2023-05-10T01:00:00,Sanctum Sanctorum,Medical Kits,729.49,3.2,False
2023-05-10T01:00:00,Avengers Compound,Vibranium (kg),2420.54,3.55,False
2023-05-10T01:00:00,Avengers Compound,Arc Reactor Cores,703.68,4.26,False
2023-05-10T01:00:00,Avengers Compound,Pym Particles,716.09,3.91,False
2023-05-10T01:00:00,Avengers Compound,Clean Water (L),2399.35,4.26,False
2023-05-10T01:00:00,Avengers Compound,Medical Kits,731.98,3.2,False
2023-05-10T02:00:00,New Asgard,Vibranium (kg),2422.46,3.7,False
2023-05-10T02:00:00,New Asgard,Arc Reactor Cores,703.48,4.44,False
2023-05-10T02:00:00,New Asgard,Pym Particles,711.54,4.07,False
2023-05-10T02:00:00,New Asgard,Clean Water (L),2400.75,4.44,False
2023-05-10T02:00:00,New Asgard,Medical Kits,732.71,3.33,False
2023-05-10T02:00:00,Wakanda,Vibranium (kg),2422.09,3.7,False
2023-05-10T02:00:00,Wakanda,Arc Reactor Cores,702.09,4.44,False
2023-05-10T02:00:00,Wakanda,Pym Particles,707.61,4.07,False
2023-05-10T02:00:00,Wakanda,Clean Water (L),2398.77,4.44,False
2023-05-10T02:00:00,Wakanda,Medical Kits,727.9,3.33,False
2023-05-10T02:00:00,Sokovia,Vibranium (kg),2421.28,3.7,False
2023-05-10T02:00:00,Sokovia,Arc Reactor Cores,704.48,4.44,False
2023-05-10T02:00:00,Sokovia,Pym Particles,715.27,4.07,False
2023-05-10T02:00:00,Sokovia,Clean Water (L),2400.94,4.44,False
2023-05-10T02:00:00,Sokovia,Medical Kits,731.95,3.33,False
2023-05-10T02:00:00,Sanctum Sanctorum,Vibranium (kg),2420.28,3.7,False
2023-05-10T02:00:00,Sanctum Sanctorum,Arc Reactor Cores,703.15,4.44,False
2023-05-10T02:00:00,Sanctum Sanctorum,Pym Particles,711.67,4.07,False
2023-05-10T02:00:00,Sanctum Sanctorum,Clean Water (L),2403.76,4.44,False
2023-05-10T02:00:00,Sanctum Sanctorum,Medical Kits,731.64,3.33,False
2023-05-10T02:00:00,Avengers Compound,Vibranium (kg),2421.17,3.7,False
2023-05-10T02:00:00,Avengers Compound,Arc Reactor Cores,705.25,4.44,False
2023-05-10T02:00:00,Avengers Compound,Pym Particles,717.43,4.07,False
2023-05-10T02:00:00,Avengers Compound,Clean Water (L),2401.01,4.44,False
2023-05-10T02:00:00,Avengers Compound,Medical Kits,732.43,3.33,False
2023-05-10T03:00:00,New Asgard,Vibranium (kg),2423.93,3.94,False
2023-05-10T03:00:00,New Asgard,Arc Reactor Cores,705.23,4.73,False
2023-05-10T03:00:00,New Asgard,Pym Particles,712.34,4.33,False
2023-05-10T03:00:00,New Asgard,Clean Water (L),2401.08,4.73,False
2023-05-10T03:00:00,New Asgard,Medical Kits,732.51,3.55,False
2023-05-10T03:00:00,Wakanda,Vibranium (kg),2423.61,3.94,False
2023-05-10T03:00:00,Wakanda,Arc Reactor Cores,702.88,4.73,False
2023-05-10T03:00:00,Wakanda,Pym Particles,709.04,4.33,False
2023-05-10T03:00:00,Wakanda,Clean Water (L),2400.11,4.73,False
2023-05-10T03:00:00,Wakanda,Medical Kits,727.6,3.55,False
2023-05-10T03:00:00,Sokovia,Vibranium (kg),2423.27,3.94,False
2023-05-10T03:00:00,Sokovia,Arc Reactor Cores,704.23,4.73,False
2023-05-10T03:00:00,Sokovia,Pym Particles,716.4,4.33,False
2023-05-10T03:00:00,Sokovia,Clean Water (L),2401.65,4.73,False
2023-05-10T03:00:00,Sokovia,Medical Kits,733.5,3.55,False
2023-05-10T03:00:00,Sanctum Sanctorum,Vibranium (kg),2421.46,3.94,False
2023-05-10T03:00:00,Sanctum Sanctorum,Arc Reactor Cores,703.74,4.73,False
2023-05-10T03:00:00,Sanctum Sanctorum,Pym Particles,711.39,4.33,False
2023-05-10T03:00:00,Sanctum Sanctorum,Clean Water (L),2404.2,4.73,False
2023-05-10T03:00:00,Sanctum Sanctorum,Medical Kits,732.34,3.55,False
2023-05-10T03:00:00,Avengers Compound,Vibranium (kg),2421.53,3.94,False
2023-05-10T03:00:00,Avengers Compound,Arc Reactor Cores,707.51,4.73,False
2023-05-10T03:00:00,Avengers Compound,Pym Particles,718.3,4.33,False
2023-05-10T03:00:00,Avengers Compound,Clean Water (L),2404.05,4.73,False
2023-05-10T03:00:00,Avengers Compound,Medical Kits,733.45,3.55,False
2023-05-10T04:00:00,New Asgard,Vibranium (kg),2423.66,4.25,False
2023-05-10T04:00:00,New Asgard,Arc Reactor Cores,706.78,5.1,False
2023-05-10T04:00:00,New Asgard,Pym Particles,712.58,4.68,False
2023-05-10T04:00:00,New Asgard,Clean Water (L),2402.22,5.1,False
2023-05-10T04:00:00,New Asgard,Medical Kits,734.07,3.83,False
2023-05-10T04:00:00,Wakanda,Vibranium (kg),2425.28,4.25,False
2023-05-10T04:00:00,Wakanda,Arc Reactor Cores,703.52,5.1,False
2023-05-10T04:00:00,Wakanda,Pym Particles,709.88,4.68,False
2023-05-10T04:00:00,Wakanda,Clean Water (L),2400.49,5.1,False
2023-05-10T04:00:00,Wakanda,Medical Kits,728.19,3.83,False
2023-05-10T04:00:00,Sokovia,Vibranium (kg),2423.16,4.25,False
2023-05-10T04:00:00,Sokovia,Arc Reactor Cores,703.5,5.1,False
2023-05-10T04:00:00,Sokovia,Pym Particles,717.56,4.68,False
2023-05-10T04:00:00,Sokovia,Clean Water (L),2402.36,5.1,False
2023-05-10T04:00:00,Sokovia,Medical Kits,734.93,3.83,False
2023-05-10T04:00:00,Sanctum Sanctorum,Vibranium (kg),2423.02,4.25,False
2023-05-10T04:00:00,Sanctum Sanctorum,Arc Reactor Cores,703.57,5.1,False
2023-05-10T04:00:00,Sanctum Sanctorum,Pym Particles,711.98,4.68,False
2023-05-10T04:00:00,Sanctum Sanctorum,Clean Water (L),2405.38,5.1,False
2023-05-10T04:00:00,Sanctum Sanctorum,Medical Kits,732.59,3.83,False
2023-05-10T04:00:00,Avengers Compound,Vibranium (kg),2422.18,4.25,False
2023-05-10T04:00:00,Avengers Compound,Arc Reactor Cores,707.62,5.1,False
2023-05-10T04:00:00,Avengers Compound,Pym Particles,719.44,4.68,False
2023-05-10T04:00:00,Avengers Compound,Clean Water (L),2404.1,5.1,False
2023-05-10T04:00:00,Avengers Compound,Medical Kits,734.16,3.83,False
2023-05-10T05:00:00,New Asgard,Vibranium (kg),2423.3,4.61,False
2023-05-10T05:00:00,New Asgard,Arc Reactor Cores,706.67,5.53,False
2023-05-10T05:00:00,New Asgard,Pym Particles,713.55,5.07,False
2023-05-10T05:00:00,New Asgard,Clean Water (L),2402.09,5.53,False
2023-05-10T05:00:00,New Asgard,Medical Kits,733.73,4.15,False
2023-05-10T05:00:00,Wakanda,Vibranium (kg),2425.61,4.61,False
2023-05-10T05:00:00,Wakanda,Arc Reactor Cores,704.28,5.53,False
2023-05-10T05:00:00,Wakanda,Pym Particles,711.39,5.07,False
2023-05-10T05:00:00,Wakanda,Clean Water (L),2401.65,5.53,False
2023-05-10T05:00:00,Wakanda,Medical Kits,728.32,4.15,False
2023-05-10T05:00:00,Sokovia,Vibranium (kg),2423.52,4.61,False
2023-05-10T05:00:00,Sokovia,Arc Reactor Cores,702.93,5.53,False
2023-05-10T05:00:00,Sokovia,Pym Particles,716.1,5.07,False
2023-05-10T05:00:00,Sokovia,Clean Water (L),2402.95,5.53,False
2023-05-10T05:00:00,Sokovia,Medical Kits,735.21,4.15,False
2023-05-10T05:00:00,Sanctum Sanctorum,Vibranium (kg),2423.31,4.61,False
2023-05-10T05:00:00,Sanctum Sanctorum,Arc Reactor Cores,703.8,5.53,False
2023-05-10T05:00:00,Sanctum Sanctorum,Pym Particles,711.36,5.07,False
2023-05-10T05:00:00,Sanctum Sanctorum,Clean Water (L),2406.26,5.53,False
2023-05-10T05:00:00,Sanctum Sanctorum,Medical Kits,732.15,4.15,False
2023-05-10T05:00:00,Avengers Compound,Vibranium (kg),2422.25,4.61,False
2023-05-10T05:00:00,Avengers Compound,Arc Reactor Cores,708.75,5.53,False
2023-05-10T05:00:00,Avengers Compound,Pym Particles,719.93,5.07,False
2023-05-10T05:00:00,Avengers Compound,Clean Water (L),2405.69,5.53,False
2023-05-10T05:00:00,Avengers Compound,Medical Kits,734.95,4.15,False
2023-05-10T06:00:00,New Asgard,Vibranium (kg),2422.22,5.0,False
2023-05-10T06:00:00,New Asgard,Arc Reactor Cores,705.85,6.0,False
2023-05-10T06:00:00,New Asgard,Pym Particles,714.62,5.5,False
2023-05-10T06:00:00,New Asgard,Clean Water (L),2402.17,6.0,False
2023-05-10T06:00:00,New Asgard,Medical Kits,733.95,4.5,False
2023-05-10T06:00:00,Wakanda,Vibranium (kg),2425.25,5.0,False
2023-05-10T06:00:00,Wakanda,Arc Reactor Cores,704.25,6.0,False
2023-05-10T06:00:00,Wakanda,Pym Particles,710.88,5.5,False
2023-05-10T06:00:00,Wakanda,Clean Water (L),2400.98,6.0,False
2023-05-10T06:00:00,Wakanda,Medical Kits,728.51,4.5,False
2023-05-10T06:00:00,Sokovia,Vibranium (kg),2424.85,5.0,False
2023-05-10T06:00:00,Sokovia,Arc Reactor Cores,704.55,6.0,False
2023-05-10T06:00:00,Sokovia,Pym Particles,716.52,5.5,False
2023-05-10T06:00:00,Sokovia,Clean Water (L),2402.34,6.0,False
2023-05-10T06:00:00,Sokovia,Medical Kits,734.32,4.5,False
2023-05-10T06:00:00,Sanctum Sanctorum,Vibranium (kg),2422.49,5.0,False
2023-05-10T06:00:00,Sanctum Sanctorum,Arc Reactor Cores,702.78,6.0,False
2023-05-10T06:00:00,Sanctum Sanctorum,Pym Particles,711.81,5.5,False
2023-05-10T06:00:00,Sanctum Sanctorum,Clean Water (L),2406.79,6.0,False
2023-05-10T06:00:00,Sanctum Sanctorum,Medical Kits,732.48,4.5,False
2023-05-10T06:00:00,Avengers Compound,Vibranium (kg),2421.5,5.0,False
2023-05-10T06:00:00,Avengers Compound,Arc Reactor Cores,708.82,6.0,False
2023-05-10T06:00:00,Avengers Compound,Pym Particles,718.5,5.5,False
2023-05-10T06:00:00,Avengers Compound,Clean Water (L),2403.82,6.0,False
2023-05-10T06:00:00,Avengers Compound,Medical Kits,734.06,4.5,False
2023-05-10T07:00:00,New Asgard,Vibranium (kg),2422.18,5.39,False
2023-05-10T07:00:00,New Asgard,Arc Reactor Cores,704.07,6.47,False
2023-05-10T07:00:00,New Asgard,Pym Particles,714.51,5.93,False
2023-05-10T07:00:00,New Asgard,Clean Water (L),2401.94,6.47,False
2023-05-10T07:00:00,New Asgard,Medical Kits,734.68,4.85,False
2023-05-10T07:00:00,Wakanda,Vibranium (kg),2423.27,5.39,False
2023-05-10T07:00:00,Wakanda,Arc Reactor Cores,703.86,6.47,False
2023-05-10T07:00:00,Wakanda,Pym Particles,709.03,5.93,False
2023-05-10T07:00:00,Wakanda,Clean Water (L),2400.31,6.47,False
2023-05-10T07:00:00,Wakanda,Medical Kits,727.39,4.85,False
2023-05-10T07:00:00,Sokovia,Vibranium (kg),2423.8,5.39,False
2023-05-10T07:00:00,Sokovia,Arc Reactor Cores,703.01,6.47,False
2023-05-10T07:00:00,Sokovia,Pym Particles,716.09,5.93,False
2023-05-10T07:00:00,Sokovia,Clean Water (L),2402.67,6.47,False
2023-05-10T07:00:00,Sokovia,Medical Kits,735.04,4.85,False
2023-05-10T07:00:00,Sanctum Sanctorum,Vibranium (kg),2421.01,5.39,False
2023-05-10T07:00:00,Sanctum Sanctorum,Arc Reactor Cores,702.54,6.47,False
2023-05-10T07:00:00,Sanctum Sanctorum,Pym Particles,712.47,5.93,False
2023-05-10T07:00:00,Sanctum Sanctorum,Clean Water (L),2405.75,6.47,False
2023-05-10T07:00:00,Sanctum Sanctorum,Medical Kits,731.81,4.85,False
2023-05-10T07:00:00,Avengers Compound,Vibranium (kg),2421.07,5.39,False
2023-05-10T07:00:00,Avengers Compound,Arc Reactor Cores,708.25,6.47,False
2023-05-10T07:00:00,Avengers Compound,Pym Particles,717.35,5.93,False
2023-05-10T07:00:00,Avengers Compound,Clean Water (L),2401.68,6.47,False
2023-05-10T07:00:00,Avengers Compound,Medical Kits,733.32,4.85,False
2023-05-10T08:00:00,New Asgard,Vibranium (kg),2421.27,5.75,False
2023-05-10T08:00:00,New Asgard,Arc Reactor Cores,701.87,6.9,False
2023-05-10T08:00:00,New Asgard,Pym Particles,713.59,6.32,False
2023-05-10T08:00:00,New Asgard,Clean Water (L),2401.7,6.9,False
2023-05-10T08:00:00,New Asgard,Medical Kits,734.39,5.17,False
2023-05-10T08:00:00,Wakanda,Vibranium (kg),2422.7,5.75,False
2023-05-10T08:00:00,Wakanda,Arc Reactor Cores,701.98,6.9,False
2023-05-10T08:00:00,Wakanda,Pym Particles,707.0,6.32,False
2023-05-10T08:00:00,Wakanda,Clean Water (L),2398.38,6.9,False
2023-05-10T08:00:00,Wakanda,Medical Kits,726.13,5.17,False
2023-05-10T08:00:00,Sokovia,Vibranium (kg),2422.98,5.75,False
2023-05-10T08:00:00,Sokovia,Arc Reactor Cores,700.8,6.9,False
2023-05-10T08:00:00,Sokovia,Pym Particles,715.63,6.32,False
2023-05-10T08:00:00,Sokovia,Clean Water (L),2401.82,6.9,False
2023-05-10T08:00:00,Sokovia,Medical Kits,733.8,5.17,False
2023-05-10T08:00:00,Sanctum Sanctorum,Vibranium (kg),2419.01,5.75,False
2023-05-10T08:00:00,Sanctum Sanctorum,Arc Reactor Cores,700.61,6.9,False
2023-05-10T08:00:00,Sanctum Sanctorum,Pym Particles,710.35,6.32,False
2023-05-10T08:00:00,Sanctum Sanctorum,Clean Water (L),2405.56,6.9,False
2023-05-10T08:00:00,Sanctum Sanctorum,Medical Kits,732.22,5.17,False
2023-05-10T08:00:00,Avengers Compound,Vibranium (kg),2420.26,5.75,False
2023-05-10T08:00:00,Avengers Compound,Arc Reactor Cores,707.17,6.9,False
2023-05-10T08:00:00,Avengers Compound,Pym Particles,716.82,6.32,False
2023-05-10T08:00:00,Avengers Compound,Clean Water (L),2400.54,6.9,False
2023-05-10T08:00:00,Avengers Compound,Medical Kits,732.66,5.17,False
2023-05-10T09:00:00,New Asgard,Vibranium (kg),2419.97,6.06,False
2023-05-10T09:00:00,New Asgard,Arc Reactor Cores,701.11,7.27,False
2023-05-10T09:00:00,New Asgard,Pym Particles,711.42,6.67,False
2023-05-10T09:00:00,New Asgard,Clean Water (L),2401.67,7.27,False
2023-05-10T09:00:00,New Asgard,Medical Kits,735.17,5.45,False
2023-05-10T09:00:00,Wakanda,Vibranium (kg),2423.45,6.06,False
2023-05-10T09:00:00,Wakanda,Arc Reactor Cores,700.84,7.27,False
2023-05-10T09:00:00,Wakanda,Pym Particles,706.13,6.67,False
2023-05-10T09:00:00,Wakanda,Clean Water (L),2397.19,7.27,False
2023-05-10T09:00:00,Wakanda,Medical Kits,725.03,5.45,False
2023-05-10T09:00:00,Sokovia,Vibranium (kg),2421.36,6.06,False
2023-05-10T09:00:00,Sokovia,Arc Reactor Cores,699.35,7.27,False
2023-05-10T09:00:00,Sokovia,Pym Particles,713.77,6.67,False
2023-05-10T09:00:00,Sokovia,Clean Water (L),2401.46,7.27,False
2023-05-10T09:00:00,Sokovia,Medical Kits,732.22,5.45,False
2023-05-10T09:00:00,Sanctum Sanctorum,Vibranium (kg),2417.24,6.06,False
2023-05-10T09:00:00,Sanctum Sanctorum,Arc Reactor Cores,698.99,7.27,False
2023-05-10T09:00:00,Sanctum Sanctorum,Pym Particles,709.16,6.67,False
2023-05-10T09:00:00,Sanctum Sanctorum,Clean Water (L),2403.1,7.27,False
2023-05-10T09:00:00,Sanctum Sanctorum,Medical Kits,729.69,5.45,False
2023-05-10T09:00:00,Avengers Compound,Vibranium (kg),2418.71,6.06,False
2023-05-10T09:00:00,Avengers Compound,Arc Reactor Cores,706.86,7.27,False
2023-05-10T09:00:00,Avengers Compound,Pym Particles,715.6,6.67,False
2023-05-10T09:00:00,Avengers Compound,Clean Water (L),2400.33,7.27,False
2023-05-10T09:00:00,Avengers Compound,Medical Kits,732.07,5.45,False
2023-05-10T10:00:00,New Asgard,Vibranium (kg),2417.99,6.3,False
2023-05-10T10:00:00,New Asgard,Arc Reactor Cores,698.94,7.56,False
2023-05-10T10:00:00,New Asgard,Pym Particles,709.14,6.93,False
2023-05-10T10:00:00,New Asgard,Clean Water (L),2399.52,7.56,False
2023-05-10T10:00:00,New Asgard,Medical Kits,733.11,5.67,False
2023-05-10T10:00:00,Wakanda,Vibranium (kg),2423.01,6.3,False
2023-05-10T10:00:00,Wakanda,Arc Reactor Cores,698.08,7.56,False
2023-05-10T10:00:00,Wakanda,Pym Particles,705.39,6.93,False
2023-05-10T10:00:00,Wakanda,Clean Water (L),2394.63,7.56,False
2023-05-10T10:00:00,Wakanda,Medical Kits,723.07,5.67,False
2023-05-10T10:00:00,Sokovia,Vibranium (kg),2419.25,6.3,False
2023-05-10T10:00:00,Sokovia,Arc Reactor Cores,698.22,7.56,False
2023-05-10T10:00:00,Sokovia,Pym Particles,713.95,6.93,False
2023-05-10T10:00:00,Sokovia,Clean Water (L),2400.3,7.56,False
2023-05-10T10:00:00,Sokovia,Medical Kits,730.52,5.67,False
2023-05-10T10:00:00,Sanctum Sanctorum,Vibranium (kg),2416.41,6.3,False
2023-05-10T10:00:00,Sanctum Sanctorum,Arc Reactor Cores,696.43,7.56,False
2023-05-10T10:00:00,Sanctum Sanctorum,Pym Particles,707.94,6.93,False
2023-05-10T10:00:00,Sanctum Sanctorum,Clean Water (L),2402.17,7.56,False
2023-05-10T10:00:00,Sanctum Sanctorum,Medical Kits,729.08,5.67,False
2023-05-10T10:00:00,Avengers Compound,Vibranium (kg),2417.22,6.3,False
2023-05-10T10:00:00,Avengers Compound,Arc Reactor Cores,705.12,7.56,False
2023-05-10T10:00:00,Avengers Compound,Pym Particles,712.33,6.93,False
2023-05-10T10:00:00,Avengers Compound,Clean Water (L),2399.48,7.56,False
2023-05-10T10:00:00,Avengers Compound,Medical Kits,730.88,5.67,False
2023-05-10T11:00:00,New Asgard,Vibranium (kg),2416.48,6.45,False
2023-05-10T11:00:00,New Asgard,Arc Reactor Cores,696.88,7.74,False
2023-05-10T11:00:00,New Asgard,Pym Particles,706.54,7.09,False
2023-05-10T11:00:00,New Asgard,Clean Water (L),2396.85,7.74,False
2023-05-10T11:00:00,New Asgard,Medical Kits,730.13,5.8,False
2023-05-10T11:00:00,Wakanda,Vibranium (kg),2421.83,6.45,False
2023-05-10T11:00:00,Wakanda,Arc Reactor Cores,696.26,7.74,False
2023-05-10T11:00:00,Wakanda,Pym Particles,703.36,7.09,False
2023-05-10T11:00:00,Wakanda,Clean Water (L),2393.31,7.74,False
2023-05-10T11:00:00,Wakanda,Medical Kits,723.33,5.8,False
2023-05-10T11:00:00,Sokovia,Vibranium (kg),2417.36,6.45,False
2023-05-10T11:00:00,Sokovia,Arc Reactor Cores,696.93,7.74,False
2023-05-10T11:00:00,Sokovia,Pym Particles,711.51,7.09,False
2023-05-10T11:00:00,Sokovia,Clean Water (L),2400.13,7.74,False
2023-05-10T11:00:00,Sokovia,Medical Kits,729.4,5.8,False
2023-05-10T11:00:00,Sanctum Sanctorum,Vibranium (kg),2414.94,6.45,False
2023-05-10T11:00:00,Sanctum Sanctorum,Arc Reactor Cores,696.15,7.74,False
2023-05-10T11:00:00,Sanctum Sanctorum,Pym Particles,706.94,7.09,False
2023-05-10T11:00:00,Sanctum Sanctorum,Clean Water (L),2399.71,7.74,False
2023-05-10T11:00:00,Sanctum Sanctorum,Medical Kits,728.06,5.8,False
2023-05-10T11:00:00,Avengers Compound,Vibranium (kg),2416.17,6.45,False
2023-05-10T11:00:00,Avengers Compound,Arc Reactor Cores,703.3,7.74,False
2023-05-10T11:00:00,Avengers Compound,Pym Particles,711.57,7.09,False
2023-05-10T11:00:00,Avengers Compound,Clean Water (L),2398.1,7.74,False
2023-05-10T11:00:00,Avengers Compound,Medical Kits,728.46,5.8,False
2023-05-10T12:00:00,New Asgard,Vibranium (kg),2415.5,6.5,False
2023-05-10T12:00:00,New Asgard,Arc Reactor Cores,696.01,7.8,False
2023-05-10T12:00:00,New Asgard,Pym Particles,705.15,7.15,False
2023-05-10T12:00:00,New Asgard,Clean Water (L),2395.23,7.8,False
2023-05-10T12:00:00,New Asgard,Medical Kits,728.54,5.85,False
2023-05-10T12:00:00,Wakanda,Vibranium (kg),2419.9,6.5,False
2023-05-10T12:00:00,Wakanda,Arc Reactor Cores,693.84,7.8,False
2023-05-10T12:00:00,Wakanda,Pym Particles,701.9,7.15,False
2023-05-10T12:00:00,Wakanda,Clean Water (L),2391.7,7.8,False
2023-05-10T12:00:00,Wakanda,Medical Kits,720.9,5.85,False
2023-05-10T12:00:00,Sokovia,Vibranium (kg),2415.2,6.5,False
2023-05-10T12:00:00,Sokovia,Arc Reactor Cores,695.31,7.8,False
2023-05-10T12:00:00,Sokovia,Pym Particles,709.72,7.15,False
2023-05-10T12:00:00,Sokovia,Clean Water (L),2398.9,7.8,False
2023-05-10T12:00:00,Sokovia,Medical Kits,728.98,5.85,False
2023-05-10T12:00:00,Sanctum Sanctorum,Vibranium (kg),2414.75,6.5,False
2023-05-10T12:00:00,Sanctum Sanctorum,Arc Reactor Cores,696.2,7.8,False
2023-05-10T12:00:00,Sanctum Sanctorum,Pym Particles,704.9,7.15,False
2023-05-10T12:00:00,Sanctum Sanctorum,Clean Water (L),2398.49,7.8,False
2023-05-10T12:00:00,Sanctum Sanctorum,Medical Kits,726.21,5.85,False
2023-05-10T12:00:00,Avengers Compound,Vibranium (kg),2415.44,6.5,False
2023-05-10T12:00:00,Avengers Compound,Arc Reactor Cores,701.56,7.8,False
2023-05-10T12:00:00,Avengers Compound,Pym Particles,709.32,7.15,False
2023-05-10T12:00:00,Avengers Compound,Clean Water (L),2396.08,7.8,False
2023-05-10T12:00:00,Avengers Compound,Medical Kits,727.67,5.85,False
2023-05-10T13:00:00,New Asgard,Vibranium (kg),2414.3,6.45,False
2023-05-10T13:00:00,New Asgard,Arc Reactor Cores,693.61,7.74,False
2023-05-10T13:00:00,New Asgard,Pym Particles,705.11,7.09,False
2023-05-10T13:00:00,New Asgard,Clean Water (L),2393.8,7.74,False
2023-05-10T13:00:00,New Asgard,Medical Kits,726.87,5.8,False
2023-05-10T13:00:00,Wakanda,Vibranium (kg),2419.32,6.45,False
2023-05-10T13:00:00,Wakanda,Arc Reactor Cores,692.25,7.74,False
2023-05-10T13:00:00,Wakanda,Pym Particles,700.72,7.09,False
2023-05-10T13:00:00,Wakanda,Clean Water (L),2389.87,7.74,False
2023-05-10T13:00:00,Wakanda,Medical Kits,720.61,5.8,False
2023-05-10T13:00:00,Sokovia,Vibranium (kg),2414.15,6.45,False
2023-05-10T13:00:00,Sokovia,Arc Reactor Cores,693.59,7.74,False
2023-05-10T13:00:00,Sokovia,Pym Particles,707.28,7.09,False
2023-05-10T13:00:00,Sokovia,Clean Water (L),2396.48,7.74,False
2023-05-10T13:00:00,Sokovia,Medical Kits,727.55,5.8,False
2023-05-10T13:00:00,Sanctum Sanctorum,Vibranium (kg),2412.43,6.45,False
2023-05-10T13:00:00,Sanctum Sanctorum,Arc Reactor Cores,693.42,7.74,False
2023-05-10T13:00:00,Sanctum Sanctorum,Pym Particles,704.14,7.09,False
2023-05-10T13:00:00,Sanctum Sanctorum,Clean Water (L),2396.03,7.74,False
2023-05-10T13:00:00,Sanctum Sanctorum,Medical Kits,724.92,5.8,False
2023-05-10T13:00:00,Avengers Compound,Vibranium (kg),2415.57,6.45,False
2023-05-10T13:00:00,Avengers Compound,Arc Reactor Cores,699.12,7.74,False
2023-05-10T13:00:00,Avengers Compound,Pym Particles,708.65,7.09,False
2023-05-10T13:00:00,Avengers Compound,Clean Water (L),2394.81,7.74,False
2023-05-10T13:00:00,Avengers Compound,Medical Kits,725.36,5.8,False
2023-05-10T14:00:00,New Asgard,Vibranium (kg),2413.95,6.3,False
2023-05-10T14:00:00,New Asgard,Arc Reactor Cores,692.53,7.56,False
2023-05-10T14:00:00,New Asgard,Pym Particles,705.35,6.93,False
2023-05-10T14:00:00,New Asgard,Clean Water (L),2392.63,7.56,False
2023-05-10T14:00:00,New Asgard,Medical Kits,727.1,5.67,False
2023-05-10T14:00:00,Wakanda,Vibranium (kg),2418.04,6.3,False
2023-05-10T14:00:00,Wakanda,Arc Reactor Cores,690.7,7.56,False
2023-05-10T14:00:00,Wakanda,Pym Particles,699.54,6.93,False
2023-05-10T14:00:00,Wakanda,Clean Water (L),2389.22,7.56,False
2023-05-10T14:00:00,Wakanda,Medical Kits,719.95,5.67,False
2023-05-10T14:00:00,Sokovia,Vibranium (kg),2412.5,6.3,False
2023-05-10T14:00:00,Sokovia,Arc Reactor Cores,691.63,7.56,False
2023-05-10T14:00:00,Sokovia,Pym Particles,706.78,6.93,False
2023-05-10T14:00:00,Sokovia,Clean Water (L),2395.33,7.56,False
2023-05-10T14:00:00,Sokovia,Medical Kits,725.96,5.67,False
2023-05-10T14:00:00,Sanctum Sanctorum,Vibranium (kg),2410.83,6.3,False
2023-05-10T14:00:00,Sanctum Sanctorum,Arc Reactor Cores,692.09,7.56,False
2023-05-10T14:00:00,Sanctum Sanctorum,Pym Particles,701.92,6.93,False
2023-05-10T14:00:00,Sanctum Sanctorum,Clean Water (L),2394.74,7.56,False
2023-05-10T14:00:00,Sanctum Sanctorum,Medical Kits,723.45,5.67,False
2023-05-10T14:00:00,Avengers Compound,Vibranium (kg),2414.71,6.3,False
2023-05-10T14:00:00,Avengers Compound,Arc Reactor Cores,697.73,7.56,False
2023-05-10T14:00:00,Avengers Compound,Pym Particles,707.93,6.93,False
2023-05-10T14:00:00,Avengers Compound,Clean Water (L),2392.49,7.56,False
2023-05-10T14:00:00,Avengers Compound,Medical Kits,723.55,5.67,False
2023-05-10T15:00:00,New Asgard,Vibranium (kg),2411.32,6.06,False
2023-05-10T15:00:00,New Asgard,Arc Reactor Cores,691.22,7.27,False
2023-05-10T15:00:00,New Asgard,Pym Particles,705.37,6.67,False
2023-05-10T15:00:00,New Asgard,Clean Water (L),2392.26,7.27,False
2023-05-10T15:00:00,New Asgard,Medical Kits,725.99,5.45,False
2023-05-10T15:00:00,Wakanda,Vibranium (kg),2418.19,6.06,False
2023-05-10T15:00:00,Wakanda,Arc Reactor Cores,689.5,7.27,False
2023-05-10T15:00:00,Wakanda,Pym Particles,699.74,6.67,False
2023-05-10T15:00:00,Wakanda,Clean Water (L),2389.39,7.27,False
2023-05-10T15:00:00,Wakanda,Medical Kits,719.71,5.45,False
2023-05-10T15:00:00,Sokovia,Vibranium (kg),2411.97,6.06,False
2023-05-10T15:00:00,Sokovia,Arc Reactor Cores,690.62,7.27,False
2023-05-10T15:00:00,Sokovia,Pym Particles,704.91,6.67,False
2023-05-10T15:00:00,Sokovia,Clean Water (L),2394.23,7.27,False
2023-05-10T15:00:00,Sokovia,Medical Kits,725.17,5.45,False
2023-05-10T15:00:00,Sanctum Sanctorum,Vibranium (kg),2409.01,6.06,False
2023-05-10T15:00:00,Sanctum Sanctorum,Arc Reactor Cores,691.69,7.27,False
2023-05-10T15:00:00,Sanctum Sanctorum,Pym Particles,701.93,6.67,False
2023-05-10T15:00:00,Sanctum Sanctorum,Clean Water (L),2391.81,7.27,False
2023-05-10T15:00:00,Sanctum Sanctorum,Medical Kits,723.92,5.45,False
2023-05-10T15:00:00,Avengers Compound,Vibranium (kg),2414.76,6.06,False
2023-05-10T15:00:00,Avengers Compound,Arc Reactor Cores,697.56,7.27,False
2023-05-10T15:00:00,Avengers Compound,Pym Particles,706.13,6.67,False
2023-05-10T15:00:00,Avengers Compound,Clean Water (L),2392.12,7.27,False
2023-05-10T15:00:00,Avengers Compound,Medical Kits,722.7,5.45,False
2023-05-10T16:00:00,New Asgard,Vibranium (kg),2410.09,5.75,False
2023-05-10T16:00:00,New Asgard,Arc Reactor Cores,690.81,6.9,False
2023-05-10T16:00:00,New Asgard,Pym Particles,704.4,6.32,False
2023-05-10T16:00:00,New Asgard,Clean Water (L),2392.06,6.9,False
2023-05-10T16:00:00,New Asgard,Medical Kits,724.3,5.17,False
2023-05-10T16:00:00,Wakanda,Vibranium (kg),2418.23,5.75,False
2023-05-10T16:00:00,Wakanda,Arc Reactor Cores,689.46,6.9,False
2023-05-10T16:00:00,Wakanda,Pym Particles,699.43,6.32,False
2023-05-10T16:00:00,Wakanda,Clean Water (L),2388.64,6.9,False
2023-05-10T16:00:00,Wakanda,Medical Kits,719.14,5.17,False
2023-05-10T16:00:00,Sokovia,Vibranium (kg),2410.41,5.75,False
2023-05-10T16:00:00,Sokovia,Arc Reactor Cores,690.22,6.9,False
2023-05-10T16:00:00,Sokovia,Pym Particles,703.67,6.32,False
2023-05-10T16:00:00,Sokovia,Clean Water (L),2395.19,6.9,False
2023-05-10T16:00:00,Sokovia,Medical Kits,725.5,5.17,False
2023-05-10T16:00:00,Sanctum Sanctorum,Vibranium (kg),2408.0,5.75,False
2023-05-10T16:00:00,Sanctum Sanctorum,Arc Reactor Cores,690.65,6.9,False
2023-05-10T16:00:00,Sanctum Sanctorum,Pym Particles,700.55,6.32,False
2023-05-10T16:00:00,Sanctum Sanctorum,Clean Water (L),2390.95,6.9,False
2023-05-10T16:00:00,Sanctum Sanctorum,Medical Kits,724.67,5.17,False
2023-05-10T16:00:00,Avengers Compound,Vibranium (kg),2414.21,5.75,False
2023-05-10T16:00:00,Avengers Compound,Arc Reactor Cores,697.28,6.9,False
2023-05-10T16:00:00,Avengers Compound,Pym Particles,705.66,6.32,False
2023-05-10T16:00:00,Avengers Compound,Clean Water (L),2392.03,6.9,False
2023-05-10T16:00:00,Avengers Compound,Medical Kits,722.87,5.17,False
2023-05-10T17:00:00,New Asgard,Vibranium (kg),2408.83,5.39,False
2023-05-10T17:00:00,New Asgard,Arc Reactor Cores,690.19,6.47,False
2023-05-10T17:00:00,New Asgard,Pym Particles,703.26,5.93,False
2023-05-10T17:00:00,New Asgard,Clean Water (L),2391.78,6.47,False
2023-05-10T17:00:00,New Asgard,Medical Kits,723.31,4.85,False
2023-05-10T17:00:00,Wakanda,Vibranium (kg),2417.92,5.39,False
2023-05-10T17:00:00,Wakanda,Arc Reactor Cores,689.45,6.47,False
2023-05-10T17:00:00,Wakanda,Pym Particles,700.16,5.93,False
2023-05-10T17:00:00,Wakanda,Clean Water (L),2388.18,6.47,False
2023-05-10T17:00:00,Wakanda,Medical Kits,718.13,4.85,False
2023-05-10T17:00:00,Sokovia,Vibranium (kg),2410.75,5.39,False
2023-05-10T17:00:00,Sokovia,Arc Reactor Cores,690.88,6.47,False
2023-05-10T17:00:00,Sokovia,Pym Particles,702.21,5.93,False
2023-05-10T17:00:00,Sokovia,Clean Water (L),2394.9,6.47,False
2023-05-10T17:00:00,Sokovia,Medical Kits,726.22,4.85,False
2023-05-10T17:00:00,Sanctum Sanctorum,Vibranium (kg),2408.29,5.39,False
2023-05-10T17:00:00,Sanctum Sanctorum,Arc Reactor Cores,689.84,6.47,False
2023-05-10T17:00:00,Sanctum Sanctorum,Pym Particles,700.55,5.93,False
2023-05-10T17:00:00,Sanctum Sanctorum,Clean Water (L),2391.59,6.47,False
2023-05-10T17:00:00,Sanctum Sanctorum,Medical Kits,724.8,4.85,False
2023-05-10T17:00:00,Avengers Compound,Vibranium (kg),2414.64,5.39,False
2023-05-10T17:00:00,Avengers Compound,Arc Reactor Cores,698.08,6.47,False
2023-05-10T17:00:00,Avengers Compound,Pym Particles,706.48,5.93,False
2023-05-10T17:00:00,Avengers Compound,Clean Water (L),2390.85,6.47,False
2023-05-10T17:00:00,Avengers Compound,Medical Kits,721.01,4.85,False
2023-05-10T18:00:00,New Asgard,Vibranium (kg),2407.96,5.0,False
2023-05-10T18:00:00,New Asgard,Arc Reactor Cores,691.38,6.0,False
2023-05-10T18:00:00,New Asgard,Pym Particles,704.39,5.5,False
2023-05-10T18:00:00,New Asgard,Clean Water (L),2393.21,6.0,False
2023-05-10T18:00:00,New Asgard,Medical Kits,725.44,4.5,False
2023-05-10T18:00:00,Wakanda,Vibranium (kg),2417.65,5.0,False
2023-05-10T18:00:00,Wakanda,Arc Reactor Cores,689.16,6.0,False
2023-05-10T18:00:00,Wakanda,Pym Particles,701.5,5.5,False
2023-05-10T18:00:00,Wakanda,Clean Water (L),2388.67,6.0,False
2023-05-10T18:00:00,Wakanda,Medical Kits,720.54,4.5,False
2023-05-10T18:00:00,Sokovia,Vibranium (kg),2410.99,5.0,False
2023-05-10T18:00:00,Sokovia,Arc Reactor Cores,691.21,6.0,False
2023-05-10T18:00:00,Sokovia,Pym Particles,701.58,5.5,False
2023-05-10T18:00:00,Sokovia,Clean Water (L),2394.84,6.0,False
2023-05-10T18:00:00,Sokovia,Medical Kits,726.08,4.5,False
2023-05-10T18:00:00,Sanctum Sanctorum,Vibranium (kg),2408.23,5.0,False
2023-05-10T18:00:00,Sanctum Sanctorum,Arc Reactor Cores,688.98,6.0,False
2023-05-10T18:00:00,Sanctum Sanctorum,Pym Particles,701.6,5.5,False
2023-05-10T18:00:00,Sanctum Sanctorum,Clean Water (L),2391.79,6.0,False
2023-05-10T18:00:00,Sanctum Sanctorum,Medical Kits,724.98,4.5,False
2023-05-10T18:00:00,Avengers Compound,Vibranium (kg),2415.84,5.0,False
2023-05-10T18:00:00,Avengers Compound,Arc Reactor Cores,699.3,6.0,False
2023-05-10T18:00:00,Avengers Compound,Pym Particles,705.62,5.5,False
2023-05-10T18:00:00,Avengers Compound,Clean Water (L),2391.52,6.0,False
2023-05-10T18:00:00,Avengers Compound,Medical Kits,721.55,4.5,False
2023-05-10T19:00:00,New Asgard,Vibranium (kg),2410.06,4.61,False
2023-05-10T19:00:00,New Asgard,Arc Reactor Cores,692.35,5.53,False
2023-05-10T19:00:00,New Asgard,Pym Particles,703.75,5.07,False
2023-05-10T19:00:00,New Asgard,Clean Water (L),2394.32,5.53,False
2023-05-10T19:00:00,New Asgard,Medical Kits,726.31,4.15,False
2023-05-10T19:00:00,Wakanda,Vibranium (kg),2417.65,4.61,False
2023-05-10T19:00:00,Wakanda,Arc Reactor Cores,690.51,5.53,False
2023-05-10T19:00:00,Wakanda,Pym Particles,701.88,5.07,False
2023-05-10T19:00:00,Wakanda,Clean Water (L),2389.52,5.53,False
2023-05-10T19:00:00,Wakanda,Medical Kits,721.09,4.15,False
2023-05-10T19:00:00,Sokovia,Vibranium (kg),2412.05,4.61,False
2023-05-10T19:00:00,Sokovia,Arc Reactor Cores,691.16,5.53,False
2023-05-10T19:00:00,Sokovia,Pym Particles,703.34,5.07,False
2023-05-10T19:00:00,Sokovia,Clean Water (L),2396.57,5.53,False
2023-05-10T19:00:00,Sokovia,Medical Kits,728.23,4.15,False
2023-05-10T19:00:00,Sanctum Sanctorum,Vibranium (kg),2409.07,4.61,False
2023-05-10T19:00:00,Sanctum Sanctorum,Arc Reactor Cores,691.13,5.53,False
2023-05-10T19:00:00,Sanctum Sanctorum,Pym Particles,702.68,5.07,False
2023-05-10T19:00:00,Sanctum Sanctorum,Clean Water (L),2392.43,5.53,False
2023-05-10T19:00:00,Sanctum Sanctorum,Medical Kits,726.78,4.15,False
2023-05-10T19:00:00,Avengers Compound,Vibranium (kg),2417.39,4.61,False
2023-05-10T19:00:00,Avengers Compound,Arc Reactor Cores,698.93,5.53,False
2023-05-10T19:00:00,Avengers Compound,Pym Particles,705.87,5.07,False
2023-05-10T19:00:00,Avengers Compound,Clean Water (L),2392.32,5.53,False
2023-05-10T19:00:00,Avengers Compound,Medical Kits,722.41,4.15,False
2023-05-10T20:00:00,New Asgard,Vibranium (kg),2409.61,4.25,False
2023-05-10T20:00:00,New Asgard,Arc Reactor Cores,694.49,5.1,False
2023-05-10T20:00:00,New Asgard,Pym Particles,706.5,4.68,False
2023-05-10T20:00:00,New Asgard,Clean Water (L),2396.95,5.1,False
2023-05-10T20:00:00,New Asgard,Medical Kits,726.26,3.83,False
2023-05-10T20:00:00,Wakanda,Vibranium (kg),2419.44,4.25,False
2023-05-10T20:00:00,Wakanda,Arc Reactor Cores,692.16,5.1,False
2023-05-10T20:00:00,Wakanda,Pym Particles,703.34,4.68,False
2023-05-10T20:00:00,Wakanda,Clean Water (L),2390.1,5.1,False
2023-05-10T20:00:00,Wakanda,Medical Kits,722.5,3.83,False
2023-05-10T20:00:00,Sokovia,Vibranium (kg),2412.42,4.25,False
2023-05-10T20:00:00,Sokovia,Arc Reactor Cores,691.82,5.1,False
2023-05-10T20:00:00,Sokovia,Pym Particles,704.9,4.68,False
2023-05-10T20:00:00,Sokovia,Clean Water (L),2397.31,5.1,False
2023-05-10T20:00:00,Sokovia,Medical Kits,728.43,3.83,False
2023-05-10T20:00:00,Sanctum Sanctorum,Vibranium (kg),2408.85,4.25,False
2023-05-10T20:00:00,Sanctum Sanctorum,Arc Reactor Cores,693.16,5.1,False
2023-05-10T20:00:00,Sanctum Sanctorum,Pym Particles,705.0,4.68,False
2023-05-10T20:00:00,Sanctum Sanctorum,Clean Water (L),2393.56,5.1,False
2023-05-10T20:00:00,Sanctum Sanctorum,Medical Kits,727.86,3.83,False
2023-05-10T20:00:00,Avengers Compound,Vibranium (kg),2418.15,4.25,False
2023-05-10T20:00:00,Avengers Compound,Arc Reactor Cores,699.81,5.1,False
2023-05-10T20:00:00,Avengers Compound,Pym Particles,708.48,4.68,False
2023-05-10T20:00:00,Avengers Compound,Clean Water (L),2395.22,5.1,False
2023-05-10T20:00:00,Avengers Compound,Medical Kits,722.36,3.83,False
2023-05-10T21:00:00,New Asgard,Vibranium (kg),2411.74,3.94,False
2023-05-10T21:00:00,New Asgard,Arc Reactor Cores,696.11,4.73,False
2023-05-10T21:00:00,New Asgard,Pym Particles,706.41,4.33,False
2023-05-10T21:00:00,New Asgard,Clean Water (L),2397.88,4.73,False
2023-05-10T21:00:00,New Asgard,Medical Kits,726.41,3.55,False
2023-05-10T21:00:00,Wakanda,Vibranium (kg),2422.18,3.94,False
2023-05-10T21:00:00,Wakanda,Arc Reactor Cores,695.46,4.73,False
2023-05-10T21:00:00,Wakanda,Pym Particles,706.37,4.33,False
2023-05-10T21:00:00,Wakanda,Clean Water (L),2392.66,4.73,False
2023-05-10T21:00:00,Wakanda,Medical Kits,725.16,3.55,False
2023-05-10T21:00:00,Sokovia,Vibranium (kg),2413.51,3.94,False
2023-05-10T21:00:00,Sokovia,Arc Reactor Cores,693.98,4.73,False
2023-05-10T21:00:00,Sokovia,Pym Particles,706.16,4.33,False
2023-05-10T21:00:00,Sokovia,Clean Water (L),2399.05,4.73,False
2023-05-10T21:00:00,Sokovia,Medical Kits,730.62,3.55,False
2023-05-10T21:00:00,Sanctum Sanctorum,Vibranium (kg),2410.79,3.94,False
2023-05-10T21:00:00,Sanctum Sanctorum,Arc Reactor Cores,695.02,4.73,False
2023-05-10T21:00:00,Sanctum Sanctorum,Pym Particles,705.82,4.33,False
2023-05-10T21:00:00,Sanctum Sanctorum,Clean Water (L),2394.71,4.73,False
2023-05-10T21:00:00,Sanctum Sanctorum,Medical Kits,728.89,3.55,False
2023-05-10T21:00:00,Avengers Compound,Vibranium (kg),2419.31,3.94,False
2023-05-10T21:00:00,Avengers Compound,Arc Reactor Cores,700.32,4.73,False
2023-05-10T21:00:00,Avengers Compound,Pym Particles,708.96,4.33,False
2023-05-10T21:00:00,Avengers Compound,Clean Water (L),2396.65,4.73,False
2023-05-10T21:00:00,Avengers Compound,Medical Kits,725.15,3.55,False
2023-05-10T22:00:00,New Asgard,Vibranium (kg),2412.39,3.7,False
2023-05-10T22:00:00,New Asgard,Arc Reactor Cores,697.39,4.44,False
2023-05-10T22:00:00,New Asgard,Pym Particles,709.29,4.07,False
2023-05-10T22:00:00,New Asgard,Clean Water (L),2399.75,4.44,False
2023-05-10T22:00:00,New Asgard,Medical Kits,727.24,3.33,False
2023-05-10T22:00:00,Wakanda,Vibranium (kg),2424.0,3.7,False
2023-05-10T22:00:00,Wakanda,Arc Reactor Cores,697.29,4.44,False
2023-05-10T22:00:00,Wakanda,Pym Particles,708.67,4.07,False
2023-05-10T22:00:00,Wakanda,Clean Water (L),2395.17,4.44,False
2023-05-10T22:00:00,Wakanda,Medical Kits,726.48,3.33,False
2023-05-10T22:00:00,Sokovia,Vibranium (kg),2414.41,3.7,False
2023-05-10T22:00:00,Sokovia,Arc Reactor Cores,694.93,4.44,False
2023-05-10T22:00:00,Sokovia,Pym Particles,708.01,4.07,False
2023-05-10T22:00:00,Sokovia,Clean Water (L),2400.83,4.44,False
2023-05-10T22:00:00,Sokovia,Medical Kits,731.23,3.33,False
2023-05-10T22:00:00,Sanctum Sanctorum,Vibranium (kg),2411.07,3.7,False
2023-05-10T22:00:00,Sanctum Sanctorum,Arc Reactor Cores,697.98,4.44,False
2023-05-10T22:00:00,Sanctum Sanctorum,Pym Particles,708.63,4.07,False
2023-05-10T22:00:00,Sanctum Sanctorum,Clean Water (L),2397.41,4.44,False
2023-05-10T22:00:00,Sanctum Sanctorum,Medical Kits,731.39,3.33,False
2023-05-10T22:00:00,Avengers Compound,Vibranium (kg),2419.77,3.7,False
2023-05-10T22:00:00,Avengers Compound,Arc Reactor Cores,701.23,4.44,False
2023-05-10T22:00:00,Avengers Compound,Pym Particles,709.89,4.07,False
2023-05-10T22:00:00,Avengers Compound,Clean Water (L),2398.43,4.44,False
2023-05-10T22:00:00,Avengers Compound,Medical Kits,726.5,3.33,False
2023-05-10T23:00:00,New Asgard,Vibranium (kg),2413.13,3.55,False
2023-05-10T23:00:00,New Asgard,Arc Reactor Cores,698.6,4.26,False
2023-05-10T23:00:00,New Asgard,Pym Particles,710.1,3.91,False
2023-05-10T23:00:00,New Asgard,Clean Water (L),2402.95,4.26,False
2023-05-10T23:00:00,New Asgard,Medical Kits,730.08,3.2,False
2023-05-10T23:00:00,Wakanda,Vibranium (kg),2423.72,3.55,False
2023-05-10T23:00:00,Wakanda,Arc Reactor Cores,699.74,4.26,False
2023-05-10T23:00:00,Wakanda,Pym Particles,711.8,3.91,False
2023-05-10T23:00:00,Wakanda,Clean Water (L),2396.75,4.26,False
2023-05-10T23:00:00,Wakanda,Medical Kits,727.75,3.2,False
2023-05-10T23:00:00,Sokovia,Vibranium (kg),2416.31,3.55,False
2023-05-10T23:00:00,Sokovia,Arc Reactor Cores,697.25,4.26,False
2023-05-10T23:00:00,Sokovia,Pym Particles,708.82,3.91,False
2023-05-10T23:00:00,Sokovia,Clean Water (L),2402.57,4.26,False
2023-05-10T23:00:00,Sokovia,Medical Kits,733.28,3.2,False
2023-05-10T23:00:00,Sanctum Sanctorum,Vibranium (kg),2412.77,3.55,False
2023-05-10T23:00:00,Sanctum Sanctorum,Arc Reactor Cores,699.83,4.26,False
2023-05-10T23:00:00,Sanctum Sanctorum,Pym Particles,711.37,3.91,False
2023-05-10T23:00:00,Sanctum Sanctorum,Clean Water (L),2400.07,4.26,False
2023-05-10T23:00:00,Sanctum Sanctorum,Medical Kits,732.06,3.2,False
2023-05-10T23:00:00,Avengers Compound,Vibranium (kg),2420.55,3.55,False
2023-05-10T23:00:00,Avengers Compound,Arc Reactor Cores,702.63,4.26,False
2023-05-10T23:00:00,Avengers Compound,Pym Particles,710.65,3.91,False
2023-05-10T23:00:00,Avengers Compound,Clean Water (L),2400.23,4.26,False
2023-05-10T23:00:00,Avengers Compound,Medical Kits,727.19,3.2,False
2023-05-11T00:00:00,New Asgard,Vibranium (kg),2416.28,3.5,False
2023-05-11T00:00:00,New Asgard,Arc Reactor Cores,700.61,4.2,False
2023-05-11T00:00:00,New Asgard,Pym Particles,711.05,3.85,False
2023-05-11T00:00:00,New Asgard,Clean Water (L),2405.7,4.2,False
2023-05-11T00:00:00,New Asgard,Medical Kits,732.59,3.15,False
2023-05-11T00:00:00,Wakanda,Vibranium (kg),2426.14,3.5,False
2023-05-11T00:00:00,Wakanda,Arc Reactor Cores,701.19,4.2,False
2023-05-11T00:00:00,Wakanda,Pym Particles,713.28,3.85,False
2023-05-11T00:00:00,Wakanda,Clean Water (L),2399.17,4.2,False
2023-05-11T00:00:00,Wakanda,Medical Kits,729.79,3.15,False
2023-05-11T00:00:00,Sokovia,Vibranium (kg),2416.86,3.5,False
2023-05-11T00:00:00,Sokovia,Arc Reactor Cores,699.5,4.2,False
2023-05-11T00:00:00,Sokovia,Pym Particles,709.93,3.85,False
2023-05-11T00:00:00,Sokovia,Clean Water (L),2403.66,4.2,False
2023-05-11T00:00:00,Sokovia,Medical Kits,735.38,3.15,False
2023-05-11T00:00:00,Sanctum Sanctorum,Vibranium (kg),2414.64,3.5,False
2023-05-11T00:00:00,Sanctum Sanctorum,Arc Reactor Cores,701.92,4.2,False
2023-05-11T00:00:00,Sanctum Sanctorum,Pym Particles,713.36,3.85,False
2023-05-11T00:00:00,Sanctum Sanctorum,Clean Water (L),2403.52,4.2,False
2023-05-11T00:00:00,Sanctum Sanctorum,Medical Kits,733.0,3.15,False
2023-05-11T00:00:00,Avengers Compound,Vibranium (kg),2421.98,3.5,False
2023-05-11T00:00:00,Avengers Compound,Arc Reactor Cores,703.51,4.2,False
2023-05-11T00:00:00,Avengers Compound,Pym Particles,712.98,3.85,False
2023-05-11T00:00:00,Avengers Compound,Clean Water (L),2401.73,4.2,False
2023-05-11T00:00:00,Avengers Compound,Medical Kits,728.27,3.15,False
2023-05-11T01:00:00,New Asgard,Vibranium (kg),2418.16,3.55,False
2023-05-11T01:00:00,New Asgard,Arc Reactor Cores,700.85,4.26,False
2023-05-11T01:00:00,New Asgard,Pym Particles,712.44,3.91,False
2023-05-11T01:00:00,New Asgard,Clean Water (L),2405.55,4.26,False
2023-05-11T01:00:00,New Asgard,Medical Kits,734.81,3.2,False
2023-05-11T01:00:00,Wakanda,Vibranium (kg),2426.73,3.55,False
2023-05-11T01:00:00,Wakanda,Arc Reactor Cores,702.86,4.26,False
2023-05-11T01:00:00,Wakanda,Pym Particles,714.25,3.91,False
2023-05-11T01:00:00,Wakanda,Clean Water (L),2400.45,4.26,False
2023-05-11T01:00:00,Wakanda,Medical Kits,730.35,3.2,False
2023-05-11T01:00:00,Sokovia,Vibranium (kg),2417.77,3.55,False
2023-05-11T01:00:00,Sokovia,Arc Reactor Cores,699.94,4.26,False
2023-05-11T01:00:00,Sokovia,Pym Particles,710.62,3.91,False
2023-05-11T01:00:00,Sokovia,Clean Water (L),2405.48,4.26,False
2023-05-11T01:00:00,Sokovia,Medical Kits,737.39,3.2,False
2023-05-11T01:00:00,Sanctum Sanctorum,Vibranium (kg),2416.9,3.55,False
2023-05-11T01:00:00,Sanctum Sanctorum,Arc Reactor Cores,704.87,4.26,False
2023-05-11T01:00:00,Sanctum Sanctorum,Pym Particles,714.31,3.91,False
2023-05-11T01:00:00,Sanctum Sanctorum,Clean Water (L),2405.0,4.26,False
2023-05-11T01:00:00,Sanctum Sanctorum,Medical Kits,734.94,3.2,False
2023-05-11T01:00:00,Avengers Compound,Vibranium (kg),2423.35,3.55,False
2023-05-11T01:00:00,Avengers Compound,Arc Reactor Cores,706.79,4.26,False
2023-05-11T01:00:00,Avengers Compound,Pym Particles,714.71,3.91,False
2023-05-11T01:00:00,Avengers Compound,Clean Water (L),2402.79,4.26,False
2023-05-11T01:00:00,Avengers Compound,Medical Kits,729.27,3.2,False
2023-05-11T02:00:00,New Asgard,Vibranium (kg),2418.77,3.7,False
2023-05-11T02:00:00,New Asgard,Arc Reactor Cores,701.88,4.44,False
2023-05-11T02:00:00,New Asgard,Pym Particles,714.06,4.07,False
2023-05-11T02:00:00,New Asgard,Clean Water (L),2405.62,4.44,False
2023-05-11T02:00:00,New Asgard,Medical Kits,735.63,3.33,False
2023-05-11T02:00:00,Wakanda,Vibranium (kg),2426.4,3.7,False
2023-05-11T02:00:00,Wakanda,Arc Reactor Cores,702.74,4.44,False
2023-05-11T02:00:00,Wakanda,Pym Particles,714.75,4.07,False
2023-05-11T02:00:00,Wakanda,Clean Water (L),2402.99,4.44,False
2023-05-11T02:00:00,Wakanda,Medical Kits,731.4,3.33,False
2023-05-11T02:00:00,Sokovia,Vibranium (kg),2419.9,3.7,False
2023-05-11T02:00:00,Sokovia,Arc Reactor Cores,701.63,4.44,False
2023-05-11T02:00:00,Sokovia,Pym Particles,711.64,4.07,False
2023-05-11T02:00:00,Sokovia,Clean Water (L),2406.17,4.44,False
2023-05-11T02:00:00,Sokovia,Medical Kits,738.59,3.33,False
2023-05-11T02:00:00,Sanctum Sanctorum,Vibranium (kg),2417.15,3.7,False
2023-05-11T02:00:00,Sanctum Sanctorum,Arc Reactor Cores,707.1,4.44,False
2023-05-11T02:00:00,Sanctum Sanctorum,Pym Particles,715.69,4.07,False
2023-05-11T02:00:00,Sanctum Sanctorum,Clean Water (L),2407.63,4.44,False
2023-05-11T02:00:00,Sanctum Sanctorum,Medical Kits,735.39,3.33,False
2023-05-11T02:00:00,Avengers Compound,Vibranium (kg),2424.05,3.7,False
2023-05-11T02:00:00,Avengers Compound,Arc Reactor Cores,706.96,4.44,False
2023-05-11T02:00:00,Avengers Compound,Pym Particles,715.55,4.07,False
2023-05-11T02:00:00,Avengers Compound,Clean Water (L),2404.04,4.44,False
2023-05-11T02:00:00,Avengers Compound,Medical Kits,729.4,3.33,False
2023-05-11T03:00:00,New Asgard,Vibranium (kg),2420.88,3.94,False
2023-05-11T03:00:00,New Asgard,Arc Reactor Cores,703.14,4.73,False
2023-05-11T03:00:00,New Asgard,Pym Particles,715.58,4.33,False
2023-05-11T03:00:00,New Asgard,Clean Water (L),2406.31,4.73,False
2023-05-11T03:00:00,New Asgard,Medical Kits,735.62,3.55,False
2023-05-11T03:00:00,Wakanda,Vibranium (kg),2427.71,3.94,False
2023-05-11T03:00:00,Wakanda,Arc Reactor Cores,704.99,4.73,False
2023-05-11T03:00:00,Wakanda,Pym Particles,714.49,4.33,False
2023-05-11T03:00:00,Wakanda,Clean Water (L),2403.98,4.73,False
2023-05-11T03:00:00,Wakanda,Medical Kits,731.95,3.55,False
2023-05-11T03:00:00,Sokovia,Vibranium (kg),2421.84,3.94,False
2023-05-11T03:00:00,Sokovia,Arc Reactor Cores,703.13,4.73,False
2023-05-11T03:00:00,Sokovia,Pym Particles,713.03,4.33,False
2023-05-11T03:00:00,Sokovia,Clean Water (L),2406.47,4.73,False
2023-05-11T03:00:00,Sokovia,Medical Kits,739.18,3.55,False
2023-05-11T03:00:00,Sanctum Sanctorum,Vibranium (kg),2417.37,3.94,False
2023-05-11T03:00:00,Sanctum Sanctorum,Arc Reactor Cores,707.68,4.73,False
2023-05-11T03:00:00,Sanctum Sanctorum,Pym Particles,717.97,4.33,False
2023-05-11T03:00:00,Sanctum Sanctorum,Clean Water (L),2407.65,4.73,False
2023-05-11T03:00:00,Sanctum Sanctorum,Medical Kits,735.46,3.55,False
2023-05-11T03:00:00,Avengers Compound,Vibranium (kg),2425.66,3.94,False
2023-05-11T03:00:00,Avengers Compound,Arc Reactor Cores,707.68,4.73,False
2023-05-11T03:00:00,Avengers Compound,Pym Particles,715.53,4.33,False
2023-05-11T03:00:00,Avengers Compound,Clean Water (L),2405.94,4.73,False
2023-05-11T03:00:00,Avengers Compound,Medical Kits,731.57,3.55,False
2023-05-11T04:00:00,New Asgard,Vibranium (kg),2420.2,4.25,False
2023-05-11T04:00:00,New Asgard,Arc Reactor Cores,703.7,5.1,False
2023-05-11T04:00:00,New Asgard,Pym Particles,717.22,4.68,False
2023-05-11T04:00:00,New Asgard,Clean Water (L),2407.2,5.1,False
2023-05-11T04:00:00,New Asgard,Medical Kits,735.35,3.83,False
2023-05-11T04:00:00,Wakanda,Vibranium (kg),2427.88,4.25,False
2023-05-11T04:00:00,Wakanda,Arc Reactor Cores,704.91,5.1,False
2023-05-11T04:00:00,Wakanda,Pym Particles,715.2,4.68,False
2023-05-11T04:00:00,Wakanda,Clean Water (L),2403.8,5.1,False
2023-05-11T04:00:00,Wakanda,Medical Kits,733.52,3.83,False
2023-05-11T04:00:00,Sokovia,Vibranium (kg),2421.31,4.25,False
2023-05-11T04:00:00,Sokovia,Arc Reactor Cores,703.03,5.1,False
2023-05-11T04:00:00,Sokovia,Pym Particles,715.16,4.68,False
2023-05-11T04:00:00,Sokovia,Clean Water (L),2407.11,5.1,False
2023-05-11T04:00:00,Sokovia,Medical Kits,740.68,3.83,False
2023-05-11T04:00:00,Sanctum Sanctorum,Vibranium (kg),2418.79,4.25,False
2023-05-11T04:00:00,Sanctum Sanctorum,Arc Reactor Cores,708.84,5.1,False
2023-05-11T04:00:00,Sanctum Sanctorum,Pym Particles,717.67,4.68,False
2023-05-11T04:00:00,Sanctum Sanctorum,Clean Water (L),2408.69,5.1,False
2023-05-11T04:00:00,Sanctum Sanctorum,Medical Kits,736.32,3.83,False
2023-05-11T04:00:00,Avengers Compound,Vibranium (kg),2426.47,4.25,False
2023-05-11T04:00:00,Avengers Compound,Arc Reactor Cores,707.75,5.1,False
2023-05-11T04:00:00,Avengers Compound,Pym Particles,715.47,4.68,False
2023-05-11T04:00:00,Avengers Compound,Clean Water (L),2406.76,5.1,False
2023-05-11T04:00:00,Avengers Compound,Medical Kits,732.6,3.83,False
2023-05-11T05:00:00,New Asgard,Vibranium (kg),2421.18,4.61,False
2023-05-11T05:00:00,New Asgard,Arc Reactor Cores,704.64,5.53,False
2023-05-11T05:00:00,New Asgard,Pym Particles,718.47,5.07,False
2023-05-11T05:00:00,New Asgard,Clean Water (L),2408.05,5.53,False
2023-05-11T05:00:00,New Asgard,Medical Kits,734.91,4.15,False
2023-05-11T05:00:00,Wakanda,Vibranium (kg),2427.2,4.61,False
2023-05-11T05:00:00,Wakanda,Arc Reactor Cores,706.04,5.53,False
2023-05-11T05:00:00,Wakanda,Pym Particles,716.04,5.07,False
2023-05-11T05:00:00,Wakanda,Clean Water (L),2403.97,5.53,False
2023-05-11T05:00:00,Wakanda,Medical Kits,734.11,4.15,False
2023-05-11T05:00:00,Sokovia,Vibranium (kg),2422.06,4.61,False
2023-05-11T05:00:00,Sokovia,Arc Reactor Cores,704.95,5.53,False
2023-05-11T05:00:00,Sokovia,Pym Particles,714.96,5.07,False
2023-05-11T05:00:00,Sokovia,Clean Water (L),2405.94,5.53,False
2023-05-11T05:00:00,Sokovia,Medical Kits,740.39,4.15,False
2023-05-11T05:00:00,Sanctum Sanctorum,Vibranium (kg),2418.81,4.61,False
2023-05-11T05:00:00,Sanctum Sanctorum,Arc Reactor Cores,708.73,5.53,False
2023-05-11T05:00:00,Sanctum Sanctorum,Pym Particles,718.23,5.07,False
2023-05-11T05:00:00,Sanctum Sanctorum,Clean Water (L),2408.8,5.53,False
2023-05-11T05:00:00,Sanctum Sanctorum,Medical Kits,737.27,4.15,False
2023-05-11T05:00:00,Avengers Compound,Vibranium (kg),2426.15,4.61,False
2023-05-11T05:00:00,Avengers Compound,Arc Reactor Cores,707.0,5.53,False
2023-05-11T05:00:00,Avengers Compound,Pym Particles,715.62,5.07,False
2023-05-11T05:00:00,Avengers Compound,Clean Water (L),2407.98,5.53,False
2023-05-11T05:00:00,Avengers Compound,Medical Kits,733.61,4.15,False
2023-05-11T06:00:00,New Asgard,Vibranium (kg),2420.01,5.0,False
2023-05-11T06:00:00,New Asgard,Arc Reactor Cores,704.63,6.0,False
2023-05-11T06:00:00,New Asgard,Pym Particles,718.47,5.5,False
2023-05-11T06:00:00,New Asgard,Clean Water (L),2407.65,6.0,False
2023-05-11T06:00:00,New Asgard,Medical Kits,734.69,4.5,False
2023-05-11T06:00:00,Wakanda,Vibranium (kg),2426.93,5.0,False
2023-05-11T06:00:00,Wakanda,Arc Reactor Cores,706.92,6.0,False
2023-05-11T06:00:00,Wakanda,Pym Particles,715.87,5.5,False
2023-05-11T06:00:00,Wakanda,Clean Water (L),2404.88,6.0,False
2023-05-11T06:00:00,Wakanda,Medical Kits,733.72,4.5,False
2023-05-11T06:00:00,Sokovia,Vibranium (kg),2422.27,5.0,False
2023-05-11T06:00:00,Sokovia,Arc Reactor Cores,705.16,6.0,False
2023-05-11T06:00:00,Sokovia,Pym Particles,713.9,5.5,False
2023-05-11T06:00:00,Sokovia,Clean Water (L),2404.8,6.0,False
2023-05-11T06:00:00,Sokovia,Medical Kits,740.76,4.5,False
2023-05-11T06:00:00,Sanctum Sanctorum,Vibranium (kg),2418.63,5.0,False
2023-05-11T06:00:00,Sanctum Sanctorum,Arc Reactor Cores,709.29,6.0,False
2023-05-11T06:00:00,Sanctum Sanctorum,Pym Particles,717.46,5.5,False
2023-05-11T06:00:00,Sanctum Sanctorum,Clean Water (L),2407.78,6.0,False
2023-05-11T06:00:00,Sanctum Sanctorum,Medical Kits,735.83,4.5,False
2023-05-11T06:00:00,Avengers Compound,Vibranium (kg),2425.71,5.0,False
2023-05-11T06:00:00,Avengers Compound,Arc Reactor Cores,707.53,6.0,False
2023-05-11T06:00:00,Avengers Compound,Pym Particles,716.24,5.5,False
2023-05-11T06:00:00,Avengers Compound,Clean Water (L),2407.31,6.0,False
2023-05-11T06:00:00,Avengers Compound,Medical Kits,733.85,4.5,False
2023-05-11T07:00:00,New Asgard,Vibranium (kg),2419.4,5.39,False
2023-05-11T07:00:00,New Asgard,Arc Reactor Cores,703.74,6.47,False
2023-05-11T07:00:00,New Asgard,Pym Particles,717.53,5.93,False
2023-05-11T07:00:00,New Asgard,Clean Water (L),2406.27,6.47,False
2023-05-11T07:00:00,New Asgard,Medical Kits,734.4,4.85,False
2023-05-11T07:00:00,Wakanda,Vibranium (kg),2425.98,5.39,False
2023-05-11T07:00:00,Wakanda,Arc Reactor Cores,706.46,6.47,False
2023-05-11T07:00:00,Wakanda,Pym Particles,715.52,5.93,False
2023-05-11T07:00:00,Wakanda,Clean Water (L),2403.43,6.47,False
2023-05-11T07:00:00,Wakanda,Medical Kits,732.17,4.85,False
2023-05-11T07:00:00,Sokovia,Vibranium (kg),2421.3,5.39,False
2023-05-11T07:00:00,Sokovia,Arc Reactor Cores,704.75,6.47,False
2023-05-11T07:00:00,Sokovia,Pym Particles,712.35,5.93,False
2023-05-11T07:00:00,Sokovia,Clean Water (L),2404.73,6.47,False
2023-05-11T07:00:00,Sokovia,Medical Kits,741.54,4.85,False
2023-05-11T07:00:00,Sanctum Sanctorum,Vibranium (kg),2417.59,5.39,False
2023-05-11T07:00:00,Sanctum Sanctorum,Arc Reactor Cores,710.02,6.47,False
2023-05-11T07:00:00,Sanctum Sanctorum,Pym Particles,717.48,5.93,False
2023-05-11T07:00:00,Sanctum Sanctorum,Clean Water (L),2405.99,6.47,False
2023-05-11T07:00:00,Sanctum Sanctorum,Medical Kits,736.8,4.85,False
2023-05-11T07:00:00,Avengers Compound,Vibranium (kg),2425.68,5.39,False
2023-05-11T07:00:00,Avengers Compound,Arc Reactor Cores,706.65,6.47,False
2023-05-11T07:00:00,Avengers Compound,Pym Particles,716.54,5.93,False
2023-05-11T07:00:00,Avengers Compound,Clean Water (L),2406.28,6.47,False
2023-05-11T07:00:00,Avengers Compound,Medical Kits,734.07,4.85,False
2023-05-11T08:00:00,New Asgard,Vibranium (kg),2418.44,5.75,False
2023-05-11T08:00:00,New Asgard,Arc Reactor Cores,701.85,6.9,False
2023-05-11T08:00:00,New Asgard,Pym Particles,715.71,6.32,False
2023-05-11T08:00:00,New Asgard,Clean Water (L),2406.47,6.9,False
2023-05-11T08:00:00,New Asgard,Medical Kits,734.38,5.17,False
2023-05-11T08:00:00,Wakanda,Vibranium (kg),2425.99,5.75,False
2023-05-11T08:00:00,Wakanda,Arc Reactor Cores,703.84,6.9,False
2023-05-11T08:00:00,Wakanda,Pym Particles,714.88,6.32,False
2023-05-11T08:00:00,Wakanda,Clean Water (L),2402.11,6.9,False
2023-05-11T08:00:00,Wakanda,Medical Kits,731.76,5.17,False
2023-05-11T08:00:00,Sokovia,Vibranium (kg),2420.46,5.75,False
2023-05-11T08:00:00,Sokovia,Arc Reactor Cores,703.81,6.9,False
2023-05-11T08:00:00,Sokovia,Pym Particles,711.69,6.32,False
2023-05-11T08:00:00,Sokovia,Clean Water (L),2402.86,6.9,False
2023-05-11T08:00:00,Sokovia,Medical Kits,741.19,5.17,False
2023-05-11T08:00:00,Sanctum Sanctorum,Vibranium (kg),2416.38,5.75,False
2023-05-11T08:00:00,Sanctum Sanctorum,Arc Reactor Cores,708.97,6.9,False
2023-05-11T08:00:00,Sanctum Sanctorum,Pym Particles,716.24,6.32,False
2023-05-11T08:00:00,Sanctum Sanctorum,Clean Water (L),2403.6,6.9,False
2023-05-11T08:00:00,Sanctum Sanctorum,Medical Kits,735.53,5.17,False
2023-05-11T08:00:00,Avengers Compound,Vibranium (kg),2424.65,5.75,False
2023-05-11T08:00:00,Avengers Compound,Arc Reactor Cores,704.23,6.9,False
2023-05-11T08:00:00,Avengers Compound,Pym Particles,714.98,6.32,False
2023-05-11T08:00:00,Avengers Compound,Clean Water (L),2406.44,6.9,False
2023-05-11T08:00:00,Avengers Compound,Medical Kits,733.15,5.17,False
2023-05-11T09:00:00,New Asgard,Vibranium (kg),2416.88,6.06,False
2023-05-11T09:00:00,New Asgard,Arc Reactor Cores,699.63,7.27,False
2023-05-11T09:00:00,New Asgard,Pym Particles,713.51,6.67,False
2023-05-11T09:00:00,New Asgard,Clean Water (L),2405.41,7.27,False
2023-05-11T09:00:00,New Asgard,Medical Kits,735.01,5.45,False
2023-05-11T09:00:00,Wakanda,Vibranium (kg),2424.23,6.06,False
2023-05-11T09:00:00,Wakanda,Arc Reactor Cores,702.22,7.27,False
2023-05-11T09:00:00,Wakanda,Pym Particles,713.13,6.67,False
2023-05-11T09:00:00,Wakanda,Clean Water (L),2400.56,7.27,False
2023-05-11T09:00:00,Wakanda,Medical Kits,729.44,5.45,False
2023-05-11T09:00:00,Sokovia,Vibranium (kg),2419.57,6.06,False
2023-05-11T09:00:00,Sokovia,Arc Reactor Cores,703.83,7.27,False
2023-05-11T09:00:00,Sokovia,Pym Particles,710.6,6.67,False
2023-05-11T09:00:00,Sokovia,Clean Water (L),2401.72,7.27,False
2023-05-11T09:00:00,Sokovia,Medical Kits,740.07,5.45,False
2023-05-11T09:00:00,Sanctum Sanctorum,Vibranium (kg),2415.51,6.06,False
2023-05-11T09:00:00,Sanctum Sanctorum,Arc Reactor Cores,707.6,7.27,False
2023-05-11T09:00:00,Sanctum Sanctorum,Pym Particles,713.96,6.67,False
2023-05-11T09:00:00,Sanctum Sanctorum,Clean Water (L),2403.65,7.27,False
2023-05-11T09:00:00,Sanctum Sanctorum,Medical Kits,734.42,5.45,False
2023-05-11T09:00:00,Avengers Compound,Vibranium (kg),2423.29,6.06,False
2023-05-11T09:00:00,Avengers Compound,Arc Reactor Cores,702.6,7.27,False
2023-05-11T09:00:00,Avengers Compound,Pym Particles,714.34,6.67,False
2023-05-11T09:00:00,Avengers Compound,Clean Water (L),2404.88,7.27,False
2023-05-11T09:00:00,Avengers Compound,Medical Kits,731.09,5.45,False
2023-05-11T10:00:00,New Asgard,Vibranium (kg),2416.17,6.3,False
2023-05-11T10:00:00,New Asgard,Arc Reactor Cores,698.76,7.56,False
2023-05-11T10:00:00,New Asgard,Pym Particles,710.72,6.93,False
2023-05-11T10:00:00,New Asgard,Clean Water (L),2403.07,7.56,False
2023-05-11T10:00:00,New Asgard,Medical Kits,732.94,5.67,False
2023-05-11T10:00:00,Wakanda,Vibranium (kg),2423.15,6.3,False
2023-05-11T10:00:00,Wakanda,Arc Reactor Cores,699.6,7.56,False
2023-05-11T10:00:00,Wakanda,Pym Particles,710.84,6.93,False
2023-05-11T10:00:00,Wakanda,Clean Water (L),2398.3,7.56,False
2023-05-11T10:00:00,Wakanda,Medical Kits,727.25,5.67,False
2023-05-11T10:00:00,Sokovia,Vibranium (kg),2417.53,6.3,False
2023-05-11T10:00:00,Sokovia,Arc Reactor Cores,700.59,7.56,False
2023-05-11T10:00:00,Sokovia,Pym Particles,708.88,6.93,False
2023-05-11T10:00:00,Sokovia,Clean Water (L),2399.56,7.56,False
2023-05-11T10:00:00,Sokovia,Medical Kits,739.95,5.67,False
2023-05-11T10:00:00,Sanctum Sanctorum,Vibranium (kg),2415.0,6.3,False
2023-05-11T10:00:00,Sanctum Sanctorum,Arc Reactor Cores,705.74,7.56,False
2023-05-11T10:00:00,Sanctum Sanctorum,Pym Particles,712.73,6.93,False
2023-05-11T10:00:00,Sanctum Sanctorum,Clean Water (L),2401.89,7.56,False
2023-05-11T10:00:00,Sanctum Sanctorum,Medical Kits,733.7,5.67,False
2023-05-11T10:00:00,Avengers Compound,Vibranium (kg),2420.34,6.3,False
2023-05-11T10:00:00,Avengers Compound,Arc Reactor Cores,700.65,7.56,False
2023-05-11T10:00:00,Avengers Compound,Pym Particles,713.0,6.93,False
2023-05-11T10:00:00,Avengers Compound,Clean Water (L),2402.8,7.56,False
2023-05-11T10:00:00,Avengers Compound,Medical Kits,729.57,5.67,False
2023-05-11T11:00:00,New Asgard,Vibranium (kg),2414.92,6.45,False
2023-05-11T11:00:00,New Asgard,Arc Reactor Cores,697.67,7.74,False
2023-05-11T11:00:00,New Asgard,Pym Particles,709.76,7.09,False
2023-05-11T11:00:00,New Asgard,Clean Water (L),2402.44,7.74,False
2023-05-11T11:00:00,New Asgard,Medical Kits,731.44,5.8,False
2023-05-11T11:00:00,Wakanda,Vibranium (kg),2420.83,6.45,False
2023-05-11T11:00:00,Wakanda,Arc Reactor Cores,699.43,7.74,False
2023-05-11T11:00:00,Wakanda,Pym Particles,709.51,7.09,False
2023-05-11T11:00:00,Wakanda,Clean Water (L),2396.64,7.74,False
2023-05-11T11:00:00,Wakanda,Medical Kits,726.13,5.8,False
2023-05-11T11:00:00,Sokovia,Vibranium (kg),2416.19,6.45,False
2023-05-11T11:00:00,Sokovia,Arc Reactor Cores,699.6,7.74,False
2023-05-11T11:00:00,Sokovia,Pym Particles,707.3,7.09,False
2023-05-11T11:00:00,Sokovia,Clean Water (L),2399.05,7.74,False
2023-05-11T11:00:00,Sokovia,Medical Kits,737.94,5.8,False
2023-05-11T11:00:00,Sanctum Sanctorum,Vibranium (kg),2413.78,6.45,False
2023-05-11T11:00:00,Sanctum Sanctorum,Arc Reactor Cores,702.75,7.74,False
2023-05-11T11:00:00,Sanctum Sanctorum,Pym Particles,712.16,7.09,False
2023-05-11T11:00:00,Sanctum Sanctorum,Clean Water (L),2399.58,7.74,False
2023-05-11T11:00:00,Sanctum Sanctorum,Medical Kits,732.18,5.8,False
2023-05-11T11:00:00,Avengers Compound,Vibranium (kg),2417.7,6.45,False
2023-05-11T11:00:00,Avengers Compound,Arc Reactor Cores,698.83,7.74,False
2023-05-11T11:00:00,Avengers Compound,Pym Particles,711.28,7.09,False
2023-05-11T11:00:00,Avengers Compound,Clean Water (L),2400.14,7.74,False
2023-05-11T11:00:00,Avengers Compound,Medical Kits,728.21,5.8,False
2023-05-11T12:00:00,New Asgard,Vibranium (kg),2413.53,6.5,False
2023-05-11T12:00:00,New Asgard,Arc Reactor Cores,694.62,7.8,False
2023-05-11T12:00:00,New Asgard,Pym Particles,708.64,7.15,False
2023-05-11T12:00:00,New Asgard,Clean Water (L),2399.86,7.8,False
2023-05-11T12:00:00,New Asgard,Medical Kits,731.32,5.85,False
2023-05-11T12:00:00,Wakanda,Vibranium (kg),2418.99,6.5,False
2023-05-11T12:00:00,Wakanda,Arc Reactor Cores,696.15,7.8,False
2023-05-11T12:00:00,Wakanda,Pym Particles,707.7,7.15,False
2023-05-11T12:00:00,Wakanda,Clean Water (L),2395.46,7.8,False
2023-05-11T12:00:00,Wakanda,Medical Kits,724.95,5.85,False
2023-05-11T12:00:00,Sokovia,Vibranium (kg),2414.58,6.5,False
2023-05-11T12:00:00,Sokovia,Arc Reactor Cores,696.83,7.8,False
2023-05-11T12:00:00,Sokovia,Pym Particles,705.66,7.15,False
2023-05-11T12:00:00,Sokovia,Clean Water (L),2397.41,7.8,False
2023-05-11T12:00:00,Sokovia,Medical Kits,737.31,5.85,False
2023-05-11T12:00:00,Sanctum Sanctorum,Vibranium (kg),2412.91,6.5,False
2023-05-11T12:00:00,Sanctum Sanctorum,Arc Reactor Cores,700.92,7.8,False
2023-05-11T12:00:00,Sanctum Sanctorum,Pym Particles,709.96,7.15,False
2023-05-11T12:00:00,Sanctum Sanctorum,Clean Water (L),2398.76,7.8,False
2023-05-11T12:00:00,Sanctum Sanctorum,Medical Kits,729.76,5.85,False
2023-05-11T12:00:00,Avengers Compound,Vibranium (kg),2417.24,6.5,False
2023-05-11T12:00:00,Avengers Compound,Arc Reactor Cores,698.63,7.8,False
2023-05-11T12:00:00,Avengers Compound,Pym Particles,710.0,7.15,False
2023-05-11T12:00:00,Avengers Compound,Clean Water (L),2397.4,7.8,False
2023-05-11T12:00:00,Avengers Compound,Medical Kits,725.86,5.85,False
2023-05-11T13:00:00,New Asgard,Vibranium (kg),2412.09,6.45,False
2023-05-11T13:00:00,New Asgard,Arc Reactor Cores,693.3,7.74,False
2023-05-11T13:00:00,New Asgard,Pym Particles,706.94,7.09,False
2023-05-11T13:00:00,New Asgard,Clean Water (L),2399.31,7.74,False
2023-05-11T13:00:00,New Asgard,Medical Kits,730.57,5.8,False
2023-05-11T13:00:00,Wakanda,Vibranium (kg),2417.37,6.45,False
2023-05-11T13:00:00,Wakanda,Arc Reactor Cores,693.57,7.74,False
2023-05-11T13:00:00,Wakanda,Pym Particles,705.1,7.09,False
2023-05-11T13:00:00,Wakanda,Clean Water (L),2394.08,7.74,False
2023-05-11T13:00:00,Wakanda,Medical Kits,724.6,5.8,False
2023-05-11T13:00:00,Sokovia,Vibranium (kg),2412.38,6.45,False
2023-05-11T13:00:00,Sokovia,Arc Reactor Cores,694.21,7.74,False
2023-05-11T13:00:00,Sokovia,Pym Particles,703.47,7.09,False
2023-05-11T13:00:00,Sokovia,Clean Water (L),2395.33,7.74,False
2023-05-11T13:00:00,Sokovia,Medical Kits,737.24,5.8,False
2023-05-11T13:00:00,Sanctum Sanctorum,Vibranium (kg),2411.04,6.45,False
2023-05-11T13:00:00,Sanctum Sanctorum,Arc Reactor Cores,698.49,7.74,False
2023-05-11T13:00:00,Sanctum Sanctorum,Pym Particles,707.82,7.09,False
2023-05-11T13:00:00,Sanctum Sanctorum,Clean Water (L),2395.21,7.74,False
2023-05-11T13:00:00,Sanctum Sanctorum,Medical Kits,727.05,5.8,False
2023-05-11T13:00:00,Avengers Compound,Vibranium (kg),2415.54,6.45,False
2023-05-11T13:00:00,Avengers Compound,Arc Reactor Cores,697.37,7.74,False
2023-05-11T13:00:00,Avengers Compound,Pym Particles,708.14,7.09,False
2023-05-11T13:00:00,Avengers Compound,Clean Water (L),2395.92,7.74,False
2023-05-11T13:00:00,Avengers Compound,Medical Kits,723.78,5.8,False
2023-05-11T14:00:00,New Asgard,Vibranium (kg),2411.34,6.3,False
2023-05-11T14:00:00,New Asgard,Arc Reactor Cores,692.37,7.56,False
2023-05-11T14:00:00,New Asgard,Pym Particles,706.85,6.93,False
2023-05-11T14:00:00,New Asgard,Clean Water (L),2397.56,7.56,False
2023-05-11T14:00:00,New Asgard,Medical Kits,727.95,5.67,False
2023-05-11T14:00:00,Wakanda,Vibranium (kg),2417.01,6.3,False
2023-05-11T14:00:00,Wakanda,Arc Reactor Cores,693.42,7.56,False
2023-05-11T14:00:00,Wakanda,Pym Particles,704.6,6.93,False
2023-05-11T14:00:00,Wakanda,Clean Water (L),2392.95,7.56,False
2023-05-11T14:00:00,Wakanda,Medical Kits,723.0,5.67,False
2023-05-11T14:00:00,Sokovia,Vibranium (kg),2410.05,6.3,False
2023-05-11T14:00:00,Sokovia,Arc Reactor Cores,693.17,7.56,False
2023-05-11T14:00:00,Sokovia,Pym Particles,703.05,6.93,False
2023-05-11T14:00:00,Sokovia,Clean Water (L),2393.72,7.56,False
2023-05-11T14:00:00,Sokovia,Medical Kits,736.52,5.67,False
2023-05-11T14:00:00,Sanctum Sanctorum,Vibranium (kg),2408.71,6.3,False
2023-05-11T14:00:00,Sanctum Sanctorum,Arc Reactor Cores,697.16,7.56,False
2023-05-11T14:00:00,Sanctum Sanctorum,Pym Particles,707.19,6.93,False
2023-05-11T14:00:00,Sanctum Sanctorum,Clean Water (L),2395.3,7.56,False
2023-05-11T14:00:00,Sanctum Sanctorum,Medical Kits,726.06,5.67,False
2023-05-11T14:00:00,Avengers Compound,Vibranium (kg),2414.56,6.3,False
2023-05-11T14:00:00,Avengers Compound,Arc Reactor Cores,695.36,7.56,False
2023-05-11T14:00:00,Avengers Compound,Pym Particles,705.78,6.93,False
2023-05-11T14:00:00,Avengers Compound,Clean Water (L),2393.85,7.56,False
2023-05-11T14:00:00,Avengers Compound,Medical Kits,722.17,5.67,False
2023-05-11T15:00:00,New Asgard,Vibranium (kg),2412.48,6.06,False
2023-05-11T15:00:00,New Asgard,Arc Reactor Cores,692.29,7.27,False
2023-05-11T15:00:00,New Asgard,Pym Particles,705.33,6.67,False
2023-05-11T15:00:00,New Asgard,Clean Water (L),2396.27,7.27,False
2023-05-11T15:00:00,New Asgard,Medical Kits,726.88,5.45,False
2023-05-11T15:00:00,Wakanda,Vibranium (kg),2416.46,6.06,False
2023-05-11T15:00:00,Wakanda,Arc Reactor Cores,692.45,7.27,False
2023-05-11T15:00:00,Wakanda,Pym Particles,702.65,6.67,False
2023-05-11T15:00:00,Wakanda,Clean Water (L),2392.44,7.27,False
2023-05-11T15:00:00,Wakanda,Medical Kits,721.93,5.45,False
2023-05-11T15:00:00,Sokovia,Vibranium (kg),2409.79,6.06,False
2023-05-11T15:00:00,Sokovia,Arc Reactor Cores,691.49,7.27,False
2023-05-11T15:00:00,Sokovia,Pym Particles,700.81,6.67,False
2023-05-11T15:00:00,Sokovia,Clean Water (L),2393.39,7.27,False
2023-05-11T15:00:00,Sokovia,Medical Kits,735.7,5.45,False
2023-05-11T15:00:00,Sanctum Sanctorum,Vibranium (kg),2408.17,6.06,False
2023-05-11T15:00:00,Sanctum Sanctorum,Arc Reactor Cores,696.45,7.27,False
2023-05-11T15:00:00,Sanctum Sanctorum,Pym Particles,705.67,6.67,False
2023-05-11T15:00:00,Sanctum Sanctorum,Clean Water (L),2394.59,7.27,False
2023-05-11T15:00:00,Sanctum Sanctorum,Medical Kits,724.0,5.45,False
2023-05-11T15:00:00,Avengers Compound,Vibranium (kg),2412.22,6.06,False
2023-05-11T15:00:00,Avengers Compound,Arc Reactor Cores,693.98,7.27,False
2023-05-11T15:00:00,Avengers Compound,Pym Particles,704.5,6.67,False
2023-05-11T15:00:00,Avengers Compound,Clean Water (L),2393.28,7.27,False
2023-05-11T15:00:00,Avengers Compound,Medical Kits,721.51,5.45,False
2023-05-11T16:00:00,New Asgard,Vibranium (kg),2412.15,5.75,False
2023-05-11T16:00:00,New Asgard,Arc Reactor Cores,690.95,6.9,False
2023-05-11T16:00:00,New Asgard,Pym Particles,703.37,6.32,False
2023-05-11T16:00:00,New Asgard,Clean Water (L),2395.57,6.9,False
2023-05-11T16:00:00,New Asgard,Medical Kits,726.2,5.17,False
2023-05-11T16:00:00,Wakanda,Vibranium (kg),2416.39,5.75,False
2023-05-11T16:00:00,Wakanda,Arc Reactor Cores,691.51,6.9,False
2023-05-11T16:00:00,Wakanda,Pym Particles,702.23,6.32,False
2023-05-11T16:00:00,Wakanda,Clean Water (L),2391.62,6.9,False
2023-05-11T16:00:00,Wakanda,Medical Kits,723.38,5.17,False
2023-05-11T16:00:00,Sokovia,Vibranium (kg),2408.95,5.75,False
2023-05-11T16:00:00,Sokovia,Arc Reactor Cores,692.86,6.9,False
2023-05-11T16:00:00,Sokovia,Pym Particles,699.04,6.32,False
2023-05-11T16:00:00,Sokovia,Clean Water (L),2392.08,6.9,False
2023-05-11T16:00:00,Sokovia,Medical Kits,734.23,5.17,False
2023-05-11T16:00:00,Sanctum Sanctorum,Vibranium (kg),2407.57,5.75,False
2023-05-11T16:00:00,Sanctum Sanctorum,Arc Reactor Cores,694.71,6.9,False
2023-05-11T16:00:00,Sanctum Sanctorum,Pym Particles,704.8,6.32,False
2023-05-11T16:00:00,Sanctum Sanctorum,Clean Water (L),2393.6,6.9,False
2023-05-11T16:00:00,Sanctum Sanctorum,Medical Kits,722.56,5.17,False
2023-05-11T16:00:00,Avengers Compound,Vibranium (kg),2412.27,5.75,False
2023-05-11T16:00:00,Avengers Compound,Arc Reactor Cores,693.67,6.9,False
2023-05-11T16:00:00,Avengers Compound,Pym Particles,702.17,6.32,False
2023-05-11T16:00:00,Avengers Compound,Clean Water (L),2394.52,6.9,False
2023-05-11T16:00:00,Avengers Compound,Medical Kits,720.62,5.17,False
2023-05-11T17:00:00,New Asgard,Vibranium (kg),2411.63,5.39,False
2023-05-11T17:00:00,New Asgard,Arc Reactor Cores,690.95,6.47,False
2023-05-11T17:00:00,New Asgard,Pym Particles,702.8,5.93,False
2023-05-11T17:00:00,New Asgard,Clean Water (L),2395.7,6.47,False
2023-05-11T17:00:00,New Asgard,Medical Kits,726.72,4.85,False
2023-05-11T17:00:00,Wakanda,Vibranium (kg),2416.17,5.39,False
2023-05-11T17:00:00,Wakanda,Arc Reactor Cores,690.76,6.47,False
2023-05-11T17:00:00,Wakanda,Pym Particles,701.78,5.93,False
2023-05-11T17:00:00,Wakanda,Clean Water (L),2391.7,6.47,False
2023-05-11T17:00:00,Wakanda,Medical Kits,723.43,4.85,False
2023-05-11T17:00:00,Sokovia,Vibranium (kg),2408.91,5.39,False
2023-05-11T17:00:00,Sokovia,Arc Reactor Cores,692.29,6.47,False
2023-05-11T17:00:00,Sokovia,Pym Particles,700.52,5.93,False
2023-05-11T17:00:00,Sokovia,Clean Water (L),2391.31,6.47,False
2023-05-11T17:00:00,Sokovia,Medical Kits,733.53,4.85,False
2023-05-11T17:00:00,Sanctum Sanctorum,Vibranium (kg),2407.18,5.39,False
2023-05-11T17:00:00,Sanctum Sanctorum,Arc Reactor Cores,694.03,6.47,False
2023-05-11T17:00:00,Sanctum Sanctorum,Pym Particles,703.86,5.93,False
2023-05-11T17:00:00,Sanctum Sanctorum,Clean Water (L),2393.42,6.47,False
2023-05-11T17:00:00,Sanctum Sanctorum,Medical Kits,722.1,4.85,False
2023-05-11T17:00:00,Avengers Compound,Vibranium (kg),2412.19,5.39,False
2023-05-11T17:00:00,Avengers Compound,Arc Reactor Cores,694.84,6.47,False
2023-05-11T17:00:00,Avengers Compound,Pym Particles,701.92,5.93,False
2023-05-11T17:00:00,Avengers Compound,Clean Water (L),2393.27,6.47,False
2023-05-11T17:00:00,Avengers Compound,Medical Kits,720.39,4.85,False
2023-05-11T18:00:00,New Asgard,Vibranium (kg),2411.77,5.0,False
2023-05-11T18:00:00,New Asgard,Arc Reactor Cores,690.73,6.0,False
2023-05-11T18:00:00,New Asgard,Pym Particles,703.06,5.5,False
2023-05-11T18:00:00,New Asgard,Clean Water (L),2396.22,6.0,False
2023-05-11T18:00:00,New Asgard,Medical Kits,727.18,4.5,False
2023-05-11T18:00:00,Wakanda,Vibranium (kg),2416.75,5.0,False
2023-05-11T18:00:00,Wakanda,Arc Reactor Cores,691.47,6.0,False
2023-05-11T18:00:00,Wakanda,Pym Particles,701.64,5.5,False
2023-05-11T18:00:00,Wakanda,Clean Water (L),2390.3,6.0,False
2023-05-11T18:00:00,Wakanda,Medical Kits,724.54,4.5,False
2023-05-11T18:00:00,Sokovia,Vibranium (kg),2408.08,5.0,False
2023-05-11T18:00:00,Sokovia,Arc Reactor Cores,691.7,6.0,False
2023-05-11T18:00:00,Sokovia,Pym Particles,700.1,5.5,False
2023-05-11T18:00:00,Sokovia,Clean Water (L),2391.84,6.0,False
2023-05-11T18:00:00,Sokovia,Medical Kits,733.67,4.5,False
2023-05-11T18:00:00,Sanctum Sanctorum,Vibranium (kg),2407.2,5.0,False
2023-05-11T18:00:00,Sanctum Sanctorum,Arc Reactor Cores,693.35,6.0,False
2023-05-11T18:00:00,Sanctum Sanctorum,Pym Particles,702.7,5.5,False
2023-05-11T18:00:00,Sanctum Sanctorum,Clean Water (L),2394.3,6.0,False
2023-05-11T18:00:00,Sanctum Sanctorum,Medical Kits,722.95,4.5,False
2023-05-11T18:00:00,Avengers Compound,Vibranium (kg),2413.32,5.0,False
2023-05-11T18:00:00,Avengers Compound,Arc Reactor Cores,695.14,6.0,False
2023-05-11T18:00:00,Avengers Compound,Pym Particles,703.36,5.5,False
2023-05-11T18:00:00,Avengers Compound,Clean Water (L),2393.04,6.0,False
2023-05-11T18:00:00,Avengers Compound,Medical Kits,720.89,4.5,False
2023-05-11T19:00:00,New Asgard,Vibranium (kg),2411.98,4.61,False
2023-05-11T19:00:00,New Asgard,Arc Reactor Cores,690.53,5.53,False
2023-05-11T19:00:00,New Asgard,Pym Particles,704.61,5.07,False
2023-05-11T19:00:00,New Asgard,Clean Water (L),2396.36,5.53,False
2023-05-11T19:00:00,New Asgard,Medical Kits,726.75,4.15,False
2023-05-11T19:00:00,Wakanda,Vibranium (kg),2417.67,4.61,False
2023-05-11T19:00:00,Wakanda,Arc Reactor Cores,692.57,5.53,False
2023-05-11T19:00:00,Wakanda,Pym Particles,702.47,5.07,False
2023-05-11T19:00:00,Wakanda,Clean Water (L),2392.17,5.53,False
2023-05-11T19:00:00,Wakanda,Medical Kits,725.66,4.15,False
2023-05-11T19:00:00,Sokovia,Vibranium (kg),2409.72,4.61,False
2023-05-11T19:00:00,Sokovia,Arc Reactor Cores,694.23,5.53,False
2023-05-11T19:00:00,Sokovia,Pym Particles,701.2,5.07,False
2023-05-11T19:00:00,Sokovia,Clean Water (L),2393.49,5.53,False
2023-05-11T19:00:00,Sokovia,Medical Kits,732.57,4.15,False
2023-05-11T19:00:00,Sanctum Sanctorum,Vibranium (kg),2408.71,4.61,False
2023-05-11T19:00:00,Sanctum Sanctorum,Arc Reactor Cores,693.93,5.53,False
2023-05-11T19:00:00,Sanctum Sanctorum,Pym Particles,702.73,5.07,False
2023-05-11T19:00:00,Sanctum Sanctorum,Clean Water (L),2394.94,5.53,False
2023-05-11T19:00:00,Sanctum Sanctorum,Medical Kits,724.58,4.15,False
2023-05-11T19:00:00,Avengers Compound,Vibranium (kg),2413.17,4.61,False
2023-05-11T19:00:00,Avengers Compound,Arc Reactor Cores,694.78,5.53,False
2023-05-11T19:00:00,Avengers Compound,Pym Particles,705.34,5.07,False
2023-05-11T19:00:00,Avengers Compound,Clean Water (L),2393.01,5.53,False
2023-05-11T19:00:00,Avengers Compound,Medical Kits,720.05,4.15,False
2023-05-11T20:00:00,New Asgard,Vibranium (kg),2413.4,4.25,False
2023-05-11T20:00:00,New Asgard,Arc Reactor Cores,693.27,5.1,False
2023-05-11T20:00:00,New Asgard,Pym Particles,705.68,4.68,False
2023-05-11T20:00:00,New Asgard,Clean Water (L),2397.23,5.1,False
2023-05-11T20:00:00,New Asgard,Medical Kits,727.22,3.83,False
2023-05-11T20:00:00,Wakanda,Vibranium (kg),2419.5,4.25,False
2023-05-11T20:00:00,Wakanda,Arc Reactor Cores,693.78,5.1,False
2023-05-11T20:00:00,Wakanda,Pym Particles,703.09,4.68,False
2023-05-11T20:00:00,Wakanda,Clean Water (L),2392.51,5.1,False
2023-05-11T20:00:00,Wakanda,Medical Kits,726.18,3.83,False
2023-05-11T20:00:00,Sokovia,Vibranium (kg),2411.66,4.25,False
2023-05-11T20:00:00,Sokovia,Arc Reactor Cores,696.99,5.1,False
2023-05-11T20:00:00,Sokovia,Pym Particles,702.67,4.68,False
2023-05-11T20:00:00,Sokovia,Clean Water (L),2393.57,5.1,False
2023-05-11T20:00:00,Sokovia,Medical Kits,733.65,3.83,False
2023-05-11T20:00:00,Sanctum Sanctorum,Vibranium (kg),2411.18,4.25,False
2023-05-11T20:00:00,Sanctum Sanctorum,Arc Reactor Cores,696.4,5.1,False
2023-05-11T20:00:00,Sanctum Sanctorum,Pym Particles,704.87,4.68,False
2023-05-11T20:00:00,Sanctum Sanctorum,Clean Water (L),2396.1,5.1,False
2023-05-11T20:00:00,Sanctum Sanctorum,Medical Kits,724.12,3.83,False
2023-05-11T20:00:00,Avengers Compound,Vibranium (kg),2415.02,4.25,False
2023-05-11T20:00:00,Avengers Compound,Arc Reactor Cores,696.89,5.1,False
2023-05-11T20:00:00,Avengers Compound,Pym Particles,707.74,4.68,False
2023-05-11T20:00:00,Avengers Compound,Clean Water (L),2393.98,5.1,False
2023-05-11T20:00:00,Avengers Compound,Medical Kits,721.13,3.83,False
2023-05-11T21:00:00,New Asgard,Vibranium (kg),2414.07,3.94,False
2023-05-11T21:00:00,New Asgard,Arc Reactor Cores,695.8,4.73,False
2023-05-11T21:00:00,New Asgard,Pym Particles,708.55,4.33,False
2023-05-11T21:00:00,New Asgard,Clean Water (L),2398.46,4.73,False
2023-05-11T21:00:00,New Asgard,Medical Kits,728.58,3.55,False
2023-05-11T21:00:00,Wakanda,Vibranium (kg),2420.73,3.94,False
2023-05-11T21:00:00,Wakanda,Arc Reactor Cores,695.82,4.73,False
2023-05-11T21:00:00,Wakanda,Pym Particles,704.18,4.33,False
2023-05-11T21:00:00,Wakanda,Clean Water (L),2394.32,4.73,False
2023-05-11T21:00:00,Wakanda,Medical Kits,727.62,3.55,False
2023-05-11T21:00:00,Sokovia,Vibranium (kg),2411.75,3.94,False
2023-05-11T21:00:00,Sokovia,Arc Reactor Cores,697.59,4.73,False
2023-05-11T21:00:00,Sokovia,Pym Particles,703.21,4.33,False
2023-05-11T21:00:00,Sokovia,Clean Water (L),2395.77,4.73,False
2023-05-11T21:00:00,Sokovia,Medical Kits,735.37,3.55,False
2023-05-11T21:00:00,Sanctum Sanctorum,Vibranium (kg),2412.38,3.94,False
2023-05-11T21:00:00,Sanctum Sanctorum,Arc Reactor Cores,697.17,4.73,False
2023-05-11T21:00:00,Sanctum Sanctorum,Pym Particles,705.8,4.33,False
2023-05-11T21:00:00,Sanctum Sanctorum,Clean Water (L),2396.81,4.73,False
2023-05-11T21:00:00,Sanctum Sanctorum,Medical Kits,724.93,3.55,False
2023-05-11T21:00:00,Avengers Compound,Vibranium (kg),2417.3,3.94,False
2023-05-11T21:00:00,Avengers Compound,Arc Reactor Cores,699.24,4.73,False
2023-05-11T21:00:00,Avengers Compound,Pym Particles,710.64,4.33,False
2023-05-11T21:00:00,Avengers Compound,Clean Water (L),2394.63,4.73,False
2023-05-11T21:00:00,Avengers Compound,Medical Kits,723.37,3.55,False
2023-05-11T22:00:00,New Asgard,Vibranium (kg),2415.52,3.7,False
2023-05-11T22:00:00,New Asgard,Arc Reactor Cores,696.42,4.44,False
2023-05-11T22:00:00,New Asgard,Pym Particles,709.38,4.07,False
2023-05-11T22:00:00,New Asgard,Clean Water (L),2400.3,4.44,False
2023-05-11T22:00:00,New Asgard,Medical Kits,730.26,3.33,False
2023-05-11T22:00:00,Wakanda,Vibranium (kg),2422.42,3.7,False
2023-05-11T22:00:00,Wakanda,Arc Reactor Cores,698.25,4.44,False
2023-05-11T22:00:00,Wakanda,Pym Particles,705.2,4.07,False
2023-05-11T22:00:00,Wakanda,Clean Water (L),2396.26,4.44,False
2023-05-11T22:00:00,Wakanda,Medical Kits,729.02,3.33,False
2023-05-11T22:00:00,Sokovia,Vibranium (kg),2413.72,3.7,False
2023-05-11T22:00:00,Sokovia,Arc Reactor Cores,699.06,4.44,False
2023-05-11T22:00:00,Sokovia,Pym Particles,706.46,4.07,False
2023-05-11T22:00:00,Sokovia,Clean Water (L),2397.69,4.44,False
2023-05-11T22:00:00,Sokovia,Medical Kits,736.65,3.33,False
2023-05-11T22:00:00,Sanctum Sanctorum,Vibranium (kg),2412.25,3.7,False
2023-05-11T22:00:00,Sanctum Sanctorum,Arc Reactor Cores,699.58,4.44,False
2023-05-11T22:00:00,Sanctum Sanctorum,Pym Particles,706.78,4.07,False
2023-05-11T22:00:00,Sanctum Sanctorum,Clean Water (L),2397.78,4.44,False
2023-05-11T22:00:00,Sanctum Sanctorum,Medical Kits,724.83,3.33,False
2023-05-11T22:00:00,Avengers Compound,Vibranium (kg),2419.87,3.7,False
2023-05-11T22:00:00,Avengers Compound,Arc Reactor Cores,700.52,4.44,False
2023-05-11T22:00:00,Avengers Compound,Pym Particles,712.6,4.07,False
2023-05-11T22:00:00,Avengers Compound,Clean Water (L),2396.64,4.44,False
2023-05-11T22:00:00,Avengers Compound,Medical Kits,725.36,3.33,False
2023-05-11T23:00:00,New Asgard,Vibranium (kg),2416.79,3.55,False
2023-05-11T23:00:00,New Asgard,Arc Reactor Cores,697.51,4.26,False
2023-05-11T23:00:00,New Asgard,Pym Particles,710.81,3.91,False
2023-05-11T23:00:00,New Asgard,Clean Water (L),2403.08,4.26,False
2023-05-11T23:00:00,New Asgard,Medical Kits,730.99,3.2,False
2023-05-11T23:00:00,Wakanda,Vibranium (kg),2424.81,3.55,False
2023-05-11T23:00:00,Wakanda,Arc Reactor Cores,701.28,4.26,False
2023-05-11T23:00:00,Wakanda,Pym Particles,706.64,3.91,False
2023-05-11T23:00:00,Wakanda,Clean Water (L),2397.98,4.26,False
2023-05-11T23:00:00,Wakanda,Medical Kits,728.73,3.2,False
2023-05-11T23:00:00,Sokovia,Vibranium (kg),2416.58,3.55,False
2023-05-11T23:00:00,Sokovia,Arc Reactor Cores,702.41,4.26,False
2023-05-11T23:00:00,Sokovia,Pym Particles,709.53,3.91,False
2023-05-11T23:00:00,Sokovia,Clean Water (L),2400.31,4.26,False
2023-05-11T23:00:00,Sokovia,Medical Kits,737.82,3.2,False
2023-05-11T23:00:00,Sanctum Sanctorum,Vibranium (kg),2412.91,3.55,False
2023-05-11T23:00:00,Sanctum Sanctorum,Arc Reactor Cores,699.9,4.26,False
2023-05-11T23:00:00,Sanctum Sanctorum,Pym Particles,708.48,3.91,False
2023-05-11T23:00:00,Sanctum Sanctorum,Clean Water (L),2398.71,4.26,False
2023-05-11T23:00:00,Sanctum Sanctorum,Medical Kits,727.04,3.2,False
2023-05-11T23:00:00,Avengers Compound,Vibranium (kg),2422.52,3.55,False
2023-05-11T23:00:00,Avengers Compound,Arc Reactor Cores,703.4,4.26,False
2023-05-11T23:00:00,Avengers Compound,Pym Particles,713.65,3.91,False
2023-05-11T23:00:00,Avengers Compound,Clean Water (L),2398.76,4.26,False
2023-05-11T23:00:00,Avengers Compound,Medical Kits,727.78,3.2,False
2023-05-12T00:00:00,New Asgard,Vibranium (kg),2418.28,3.5,False
2023-05-12T00:00:00,New Asgard,Arc Reactor Cores,699.16,4.2,False
2023-05-12T00:00:00,New Asgard,Pym Particles,711.01,3.85,False
2023-05-12T00:00:00,New Asgard,Clean Water (L),2405.04,4.2,False
2023-05-12T00:00:00,New Asgard,Medical Kits,732.16,3.15,False
2023-05-12T00:00:00,Wakanda,Vibranium (kg),2426.36,3.5,False
2023-05-12T00:00:00,Wakanda,Arc Reactor Cores,702.49,4.2,False
2023-05-12T00:00:00,Wakanda,Pym Particles,708.88,3.85,False
2023-05-12T00:00:00,Wakanda,Clean Water (L),2398.32,4.2,False
2023-05-12T00:00:00,Wakanda,Medical Kits,730.28,3.15,False
2023-05-12T00:00:00,Sokovia,Vibranium (kg),2418.69,3.5,False
2023-05-12T00:00:00,Sokovia,Arc Reactor Cores,704.44,4.2,False
2023-05-12T00:00:00,Sokovia,Pym Particles,712.91,3.85,False
2023-05-12T00:00:00,Sokovia,Clean Water (L),2403.56,4.2,False
2023-05-12T00:00:00,Sokovia,Medical Kits,739.18,3.15,False
2023-05-12T00:00:00,Sanctum Sanctorum,Vibranium (kg),2415.14,3.5,False
2023-05-12T00:00:00,Sanctum Sanctorum,Arc Reactor Cores,700.99,4.2,False
2023-05-12T00:00:00,Sanctum Sanctorum,Pym Particles,708.76,3.85,False
2023-05-12T00:00:00,Sanctum Sanctorum,Clean Water (L),2399.64,4.2,False
2023-05-12T00:00:00,Sanctum Sanctorum,Medical Kits,730.3,3.15,False
2023-05-12T00:00:00,Avengers Compound,Vibranium (kg),2423.03,3.5,False
2023-05-12T00:00:00,Avengers Compound,Arc Reactor Cores,705.53,4.2,False
2023-05-12T00:00:00,Avengers Compound,Pym Particles,715.5,3.85,False
2023-05-12T00:00:00,Avengers Compound,Clean Water (L),2400.87,4.2,False
2023-05-12T00:00:00,Avengers Compound,Medical Kits,728.68,3.15,False
2023-05-12T01:00:00,New Asgard,Vibranium (kg),2420.03,3.55,False
2023-05-12T01:00:00,New Asgard,Arc Reactor Cores,700.36,4.26,False
2023-05-12T01:00:00,New Asgard,Pym Particles,712.68,3.91,False
2023-05-12T01:00:00,New Asgard,Clean Water (L),2405.45,4.26,False
2023-05-12T01:00:00,New Asgard,Medical Kits,732.26,3.2,False
2023-05-12T01:00:00,Wakanda,Vibranium (kg),2428.59,3.55,False
2023-05-12T01:00:00,Wakanda,Arc Reactor Cores,703.49,4.26,False
2023-05-12T01:00:00,Wakanda,Pym Particles,711.2,3.91,False
2023-05-12T01:00:00,Wakanda,Clean Water (L),2401.52,4.26,False
2023-05-12T01:00:00,Wakanda,Medical Kits,732.75,3.2,False
2023-05-12T01:00:00,Sokovia,Vibranium (kg),2419.27,3.55,False
2023-05-12T01:00:00,Sokovia,Arc Reactor Cores,705.63,4.26,False
2023-05-12T01:00:00,Sokovia,Pym Particles,713.95,3.91,False
2023-05-12T01:00:00,Sokovia,Clean Water (L),2403.69,4.26,False
2023-05-12T01:00:00,Sokovia,Medical Kits,741.69,3.2,False
2023-05-12T01:00:00,Sanctum Sanctorum,Vibranium (kg),2417.64,3.55,False
2023-05-12T01:00:00,Sanctum Sanctorum,Arc Reactor Cores,702.93,4.26,False
2023-05-12T01:00:00,Sanctum Sanctorum,Pym Particles,710.03,3.91,False
2023-05-12T01:00:00,Sanctum Sanctorum,Clean Water (L),2400.0,4.26,False
2023-05-12T01:00:00,Sanctum Sanctorum,Medical Kits,732.93,3.2,False
2023-05-12T01:00:00,Avengers Compound,Vibranium (kg),2425.08,3.55,False
2023-05-12T01:00:00,Avengers Compound,Arc Reactor Cores,706.21,4.26,False
2023-05-12T01:00:00,Avengers Compound,Pym Particles,716.54,3.91,False
2023-05-12T01:00:00,Avengers Compound,Clean Water (L),2402.99,4.26,False
2023-05-12T01:00:00,Avengers Compound,Medical Kits,728.69,3.2,False
2023-05-12T02:00:00,New Asgard,Vibranium (kg),2420.7,3.7,False
2023-05-12T02:00:00,New Asgard,Arc Reactor Cores,702.56,4.44,False
2023-05-12T02:00:00,New Asgard,Pym Particles,713.34,4.07,False
2023-05-12T02:00:00,New Asgard,Clean Water (L),2407.02,4.44,False
2023-05-12T02:00:00,New Asgard,Medical Kits,733.44,3.33,False
2023-05-12T02:00:00,Wakanda,Vibranium (kg),2428.97,3.7,False
2023-05-12T02:00:00,Wakanda,Arc Reactor Cores,703.19,4.44,False
2023-05-12T02:00:00,Wakanda,Pym Particles,712.66,4.07,False
2023-05-12T02:00:00,Wakanda,Clean Water (L),2404.21,4.44,False
2023-05-12T02:00:00,Wakanda,Medical Kits,732.74,3.33,False
2023-05-12T02:00:00,Sokovia,Vibranium (kg),2419.45,3.7,False
2023-05-12T02:00:00,Sokovia,Arc Reactor Cores,706.9,4.44,False
2023-05-12T02:00:00,Sokovia,Pym Particles,716.43,4.07,False
2023-05-12T02:00:00,Sokovia,Clean Water (L),2404.33,4.44,False
2023-05-12T02:00:00,Sokovia,Medical Kits,741.73,3.33,False
2023-05-12T02:00:00,Sanctum Sanctorum,Vibranium (kg),2420.1,3.7,False
2023-05-12T02:00:00,Sanctum Sanctorum,Arc Reactor Cores,704.99,4.44,False
2023-05-12T02:00:00,Sanctum Sanctorum,Pym Particles,711.74,4.07,False
2023-05-12T02:00:00,Sanctum Sanctorum,Clean Water (L),2401.47,4.44,False
2023-05-12T02:00:00,Sanctum Sanctorum,Medical Kits,732.77,3.33,False
2023-05-12T02:00:00,Avengers Compound,Vibranium (kg),2427.0,3.7,False
2023-05-12T02:00:00,Avengers Compound,Arc Reactor Cores,707.9,4.44,False
2023-05-12T02:00:00,Avengers Compound,Pym Particles,718.56,4.07,False
2023-05-12T02:00:00,Avengers Compound,Clean Water (L),2404.5,4.44,False
2023-05-12T02:00:00,Avengers Compound,Medical Kits,730.8,3.33,False
2023-05-12T03:00:00,New Asgard,Vibranium (kg),2422.92,3.94,False
2023-05-12T03:00:00,New Asgard,Arc Reactor Cores,703.46,4.73,False
2023-05-12T03:00:00,New Asgard,Pym Particles,714.09,4.33,False
2023-05-12T03:00:00,New Asgard,Clean Water (L),2406.44,4.73,False
2023-05-12T03:00:00,New Asgard,Medical Kits,733.86,3.55,False
2023-05-12T03:00:00,Wakanda,Vibranium (kg),2428.56,3.94,False
2023-05-12T03:00:00,Wakanda,Arc Reactor Cores,703.64,4.73,False
2023-05-12T03:00:00,Wakanda,Pym Particles,713.07,4.33,False
2023-05-12T03:00:00,Wakanda,Clean Water (L),2405.88,4.73,False
2023-05-12T03:00:00,Wakanda,Medical Kits,733.24,3.55,False
2023-05-12T03:00:00,Sokovia,Vibranium (kg),2421.18,3.94,False
2023-05-12T03:00:00,Sokovia,Arc Reactor Cores,707.65,4.73,False
2023-05-12T03:00:00,Sokovia,Pym Particles,719.22,4.33,False
2023-05-12T03:00:00,Sokovia,Clean Water (L),2406.17,4.73,False
2023-05-12T03:00:00,Sokovia,Medical Kits,741.85,3.55,False
2023-05-12T03:00:00,Sanctum Sanctorum,Vibranium (kg),2421.11,3.94,False
2023-05-12T03:00:00,Sanctum Sanctorum,Arc Reactor Cores,705.73,4.73,False
2023-05-12T03:00:00,Sanctum Sanctorum,Pym Particles,713.05,4.33,False
2023-05-12T03:00:00,Sanctum Sanctorum,Clean Water (L),2403.21,4.73,False
2023-05-12T03:00:00,Sanctum Sanctorum,Medical Kits,733.65,3.55,False
2023-05-12T03:00:00,Avengers Compound,Vibranium (kg),2427.28,3.94,False
2023-05-12T03:00:00,Avengers Compound,Arc Reactor Cores,708.87,4.73,False
2023-05-12T03:00:00,Avengers Compound,Pym Particles,720.27,4.33,False
2023-05-12T03:00:00,Avengers Compound,Clean Water (L),2404.76,4.73,False
2023-05-12T03:00:00,Avengers Compound,Medical Kits,731.93,3.55,False
2023-05-12T04:00:00,New Asgard,Vibranium (kg),2422.4,4.25,False
2023-05-12T04:00:00,New Asgard,Arc Reactor Cores,703.34,5.1,False
2023-05-12T04:00:00,New Asgard,Pym Particles,714.58,4.68,False
2023-05-12T04:00:00,New Asgard,Clean Water (L),2407.81,5.1,False
2023-05-12T04:00:00,New Asgard,Medical Kits,734.59,3.83,False
2023-05-12T04:00:00,Wakanda,Vibranium (kg),2429.09,4.25,False
2023-05-12T04:00:00,Wakanda,Arc Reactor Cores,705.33,5.1,False
2023-05-12T04:00:00,Wakanda,Pym Particles,711.9,4.68,False
2023-05-12T04:00:00,Wakanda,Clean Water (L),2405.82,5.1,False
2023-05-12T04:00:00,Wakanda,Medical Kits,733.62,3.83,False
2023-05-12T04:00:00,Sokovia,Vibranium (kg),2423.69,4.25,False
2023-05-12T04:00:00,Sokovia,Arc Reactor Cores,708.23,5.1,False
2023-05-12T04:00:00,Sokovia,Pym Particles,719.47,4.68,False
2023-05-12T04:00:00,Sokovia,Clean Water (L),2408.22,5.1,False
2023-05-12T04:00:00,Sokovia,Medical Kits,742.47,3.83,False
2023-05-12T04:00:00,Sanctum Sanctorum,Vibranium (kg),2421.7,4.25,False
2023-05-12T04:00:00,Sanctum Sanctorum,Arc Reactor Cores,704.57,5.1,False
2023-05-12T04:00:00,Sanctum Sanctorum,Pym Particles,715.25,4.68,False
2023-05-12T04:00:00,Sanctum Sanctorum,Clean Water (L),2405.3,5.1,False
2023-05-12T04:00:00,Sanctum Sanctorum,Medical Kits,733.9,3.83,False
2023-05-12T04:00:00,Avengers Compound,Vibranium (kg),2427.71,4.25,False
2023-05-12T04:00:00,Avengers Compound,Arc Reactor Cores,710.21,5.1,False
2023-05-12T04:00:00,Avengers Compound,Pym Particles,720.46,4.68,False
2023-05-12T04:00:00,Avengers Compound,Clean Water (L),2405.55,5.1,False
2023-05-12T04:00:00,Avengers Compound,Medical Kits,732.96,3.83,False
2023-05-12T05:00:00,New Asgard,Vibranium (kg),2421.96,4.61,False
2023-05-12T05:00:00,New Asgard,Arc Reactor Cores,703.01,5.53,False
2023-05-12T05:00:00,New Asgard,Pym Particles,715.3,5.07,False
2023-05-12T05:00:00,New Asgard,Clean Water (L),2407.82,5.53,False
2023-05-12T05:00:00,New Asgard,Medical Kits,735.11,4.15,False
2023-05-12T05:00:00,Wakanda,Vibranium (kg),2429.88,4.61,False
2023-05-12T05:00:00,Wakanda,Arc Reactor Cores,704.22,5.53,False
2023-05-12T05:00:00,Wakanda,Pym Particles,710.45,5.07,False
2023-05-12T05:00:00,Wakanda,Clean Water (L),2406.2,5.53,False
2023-05-12T05:00:00,Wakanda,Medical Kits,732.76,4.15,False
2023-05-12T05:00:00,Sokovia,Vibranium (kg),2424.12,4.61,False
2023-05-12T05:00:00,Sokovia,Arc Reactor Cores,708.74,5.53,False
2023-05-12T05:00:00,Sokovia,Pym Particles,719.39,5.07,False
2023-05-12T05:00:00,Sokovia,Clean Water (L),2407.91,5.53,False
2023-05-12T05:00:00,Sokovia,Medical Kits,741.18,4.15,False
2023-05-12T05:00:00,Sanctum Sanctorum,Vibranium (kg),2420.08,4.61,False
2023-05-12T05:00:00,Sanctum Sanctorum,Arc Reactor Cores,704.13,5.53,False
2023-05-12T05:00:00,Sanctum Sanctorum,Pym Particles,716.13,5.07,False
2023-05-12T05:00:00,Sanctum Sanctorum,Clean Water (L),2406.62,5.53,False
2023-05-12T05:00:00,Sanctum Sanctorum,Medical Kits,733.79,4.15,False
2023-05-12T05:00:00,Avengers Compound,Vibranium (kg),2426.48,4.61,False
2023-05-12T05:00:00,Avengers Compound,Arc Reactor Cores,710.82,5.53,False
2023-05-12T05:00:00,Avengers Compound,Pym Particles,721.23,5.07,False
2023-05-12T05:00:00,Avengers Compound,Clean Water (L),2407.05,5.53,False
2023-05-12T05:00:00,Avengers Compound,Medical Kits,733.49,4.15,False
2023-05-12T06:00:00,New Asgard,Vibranium (kg),2423.33,5.0,False
2023-05-12T06:00:00,New Asgard,Arc Reactor Cores,701.77,6.0,False
2023-05-12T06:00:00,New Asgard,Pym Particles,715.58,5.5,False
2023-05-12T06:00:00,New Asgard,Clean Water (L),2406.57,6.0,False
2023-05-12T06:00:00,New Asgard,Medical Kits,734.72,4.5,False
2023-05-12T06:00:00,Wakanda,Vibranium (kg),2429.6,5.0,False
2023-05-12T06:00:00,Wakanda,Arc Reactor Cores,704.75,6.0,False
2023-05-12T06:00:00,Wakanda,Pym Particles,710.06,5.5,False
2023-05-12T06:00:00,Wakanda,Clean Water (L),2406.48,6.0,False
2023-05-12T06:00:00,Wakanda,Medical Kits,732.32,4.5,False
2023-05-12T06:00:00,Sokovia,Vibranium (kg),2422.39,5.0,False
2023-05-12T06:00:00,Sokovia,Arc Reactor Cores,709.34,6.0,False
2023-05-12T06:00:00,Sokovia,Pym Particles,720.39,5.5,False
2023-05-12T06:00:00,Sokovia,Clean Water (L),2408.84,6.0,False
2023-05-12T06:00:00,Sokovia,Medical Kits,741.01,4.5,False
2023-05-12T06:00:00,Sanctum Sanctorum,Vibranium (kg),2419.14,5.0,False
2023-05-12T06:00:00,Sanctum Sanctorum,Arc Reactor Cores,704.77,6.0,False
2023-05-12T06:00:00,Sanctum Sanctorum,Pym Particles,715.95,5.5,False
2023-05-12T06:00:00,Sanctum Sanctorum,Clean Water (L),2407.84,6.0,False
2023-05-12T06:00:00,Sanctum Sanctorum,Medical Kits,734.3,4.5,False
2023-05-12T06:00:00,Avengers Compound,Vibranium (kg),2425.18,5.0,False
2023-05-12T06:00:00,Avengers Compound,Arc Reactor Cores,709.37,6.0,False
2023-05-12T06:00:00,Avengers Compound,Pym Particles,718.9,5.5,False
2023-05-12T06:00:00,Avengers Compound,Clean Water (L),2405.39,6.0,False
2023-05-12T06:00:00,Avengers Compound,Medical Kits,734.54,4.5,False
2023-05-12T07:00:00,New Asgard,Vibranium (kg),2422.36,5.39,False
2023-05-12T07:00:00,New Asgard,Arc Reactor Cores,700.77,6.47,False
2023-05-12T07:00:00,New Asgard,Pym Particles,714.4,5.93,False
2023-05-12T07:00:00,New Asgard,Clean Water (L),2405.12,6.47,False
2023-05-12T07:00:00,New Asgard,Medical Kits,733.92,4.85,False
2023-05-12T07:00:00,Wakanda,Vibranium (kg),2429.12,5.39,False
2023-05-12T07:00:00,Wakanda,Arc Reactor Cores,704.64,6.47,False
2023-05-12T07:00:00,Wakanda,Pym Particles,708.32,5.93,False
2023-05-12T07:00:00,Wakanda,Clean Water (L),2405.81,6.47,False
2023-05-12T07:00:00,Wakanda,Medical Kits,732.42,4.85,False
2023-05-12T07:00:00,Sokovia,Vibranium (kg),2422.63,5.39,False
2023-05-12T07:00:00,Sokovia,Arc Reactor Cores,708.92,6.47,False
2023-05-12T07:00:00,Sokovia,Pym Particles,720.12,5.93,False
2023-05-12T07:00:00,Sokovia,Clean Water (L),2408.21,6.47,False
2023-05-12T07:00:00,Sokovia,Medical Kits,740.89,4.85,False
2023-05-12T07:00:00,Sanctum Sanctorum,Vibranium (kg),2417.0,5.39,False
2023-05-12T07:00:00,Sanctum Sanctorum,Arc Reactor Cores,703.17,6.47,False
2023-05-12T07:00:00,Sanctum Sanctorum,Pym Particles,714.62,5.93,False
2023-05-12T07:00:00,Sanctum Sanctorum,Clean Water (L),2407.48,6.47,False
2023-05-12T07:00:00,Sanctum Sanctorum,Medical Kits,732.2,4.85,False
2023-05-12T07:00:00,Avengers Compound,Vibranium (kg),2423.86,5.39,False
2023-05-12T07:00:00,Avengers Compound,Arc Reactor Cores,708.56,6.47,False
2023-05-12T07:00:00,Avengers Compound,Pym Particles,717.41,5.93,False
2023-05-12T07:00:00,Avengers Compound,Clean Water (L),2404.54,6.47,False
2023-05-12T07:00:00,Avengers Compound,Medical Kits,732.18,4.85,False
2023-05-12T08:00:00,New Asgard,Vibranium (kg),2420.8,5.75,False
2023-05-12T08:00:00,New Asgard,Arc Reactor Cores,698.97,6.9,False
2023-05-12T08:00:00,New Asgard,Pym Particles,714.29,6.32,False
2023-05-12T08:00:00,New Asgard,Clean Water (L),2403.51,6.9,False
2023-05-12T08:00:00,New Asgard,Medical Kits,733.89,5.17,False
2023-05-12T08:00:00,Wakanda,Vibranium (kg),2429.23,5.75,False
2023-05-12T08:00:00,Wakanda,Arc Reactor Cores,704.31,6.9,False
2023-05-12T08:00:00,Wakanda,Pym Particles,707.33,6.32,False
2023-05-12T08:00:00,Wakanda,Clean Water (L),2404.41,6.9,False
2023-05-12T08:00:00,Wakanda,Medical Kits,731.87,5.17,False
2023-05-12T08:00:00,Sokovia,Vibranium (kg),2422.11,5.75,False
2023-05-12T08:00:00,Sokovia,Arc Reactor Cores,706.74,6.9,False
2023-05-12T08:00:00,Sokovia,Pym Particles,719.8,6.32,False
2023-05-12T08:00:00,Sokovia,Clean Water (L),2406.69,6.9,False
2023-05-12T08:00:00,Sokovia,Medical Kits,739.52,5.17,False
2023-05-12T08:00:00,Sanctum Sanctorum,Vibranium (kg),2416.45,5.75,False
2023-05-12T08:00:00,Sanctum Sanctorum,Arc Reactor Cores,702.19,6.9,False
2023-05-12T08:00:00,Sanctum Sanctorum,Pym Particles,715.03,6.32,False
2023-05-12T08:00:00,Sanctum Sanctorum,Clean Water (L),2405.98,6.9,False
2023-05-12T08:00:00,Sanctum Sanctorum,Medical Kits,733.02,5.17,False
2023-05-12T08:00:00,Avengers Compound,Vibranium (kg),2422.76,5.75,False
2023-05-12T08:00:00,Avengers Compound,Arc Reactor Cores,707.09,6.9,False
2023-05-12T08:00:00,Avengers Compound,Pym Particles,716.68,6.32,False
2023-05-12T08:00:00,Avengers Compound,Clean Water (L),2402.16,6.9,False
2023-05-12T08:00:00,Avengers Compound,Medical Kits,730.86,5.17,False
2023-05-12T09:00:00,New Asgard,Vibranium (kg),2420.47,6.06,False
2023-05-12T09:00:00,New Asgard,Arc Reactor Cores,698.25,7.27,False
2023-05-12T09:00:00,New Asgard,Pym Particles,713.42,6.67,False
2023-05-12T09:00:00,New Asgard,Clean Water (L),2402.05,7.27,False
2023-05-12T09:00:00,New Asgard,Medical Kits,731.37,5.45,False
2023-05-12T09:00:00,Wakanda,Vibranium (kg),2427.58,6.06,False
2023-05-12T09:00:00,Wakanda,Arc Reactor Cores,703.89,7.27,False
2023-05-12T09:00:00,Wakanda,Pym Particles,706.06,6.67,False
2023-05-12T09:00:00,Wakanda,Clean Water (L),2403.63,7.27,False
2023-05-12T09:00:00,Wakanda,Medical Kits,731.25,5.45,False
2023-05-12T09:00:00,Sokovia,Vibranium (kg),2421.97,6.06,False
2023-05-12T09:00:00,Sokovia,Arc Reactor Cores,703.76,7.27,False
2023-05-12T09:00:00,Sokovia,Pym Particles,717.34,6.67,False
2023-05-12T09:00:00,Sokovia,Clean Water (L),2404.72,7.27,False
2023-05-12T09:00:00,Sokovia,Medical Kits,738.08,5.45,False
2023-05-12T09:00:00,Sanctum Sanctorum,Vibranium (kg),2414.68,6.06,False
2023-05-12T09:00:00,Sanctum Sanctorum,Arc Reactor Cores,699.87,7.27,False
2023-05-12T09:00:00,Sanctum Sanctorum,Pym Particles,712.15,6.67,False
2023-05-12T09:00:00,Sanctum Sanctorum,Clean Water (L),2403.49,7.27,False
2023-05-12T09:00:00,Sanctum Sanctorum,Medical Kits,731.64,5.45,False
2023-05-12T09:00:00,Avengers Compound,Vibranium (kg),2421.81,6.06,False
2023-05-12T09:00:00,Avengers Compound,Arc Reactor Cores,704.01,7.27,False
2023-05-12T09:00:00,Avengers Compound,Pym Particles,715.23,6.67,False
2023-05-12T09:00:00,Avengers Compound,Clean Water (L),2399.97,7.27,False
2023-05-12T09:00:00,Avengers Compound,Medical Kits,729.9,5.45,False
2023-05-12T10:00:00,New Asgard,Vibranium (kg),2418.23,6.3,False
2023-05-12T10:00:00,New Asgard,Arc Reactor Cores,696.69,7.56,False
2023-05-12T10:00:00,New Asgard,Pym Particles,710.88,6.93,False
2023-05-12T10:00:00,New Asgard,Clean Water (L),2400.4,7.56,False
2023-05-12T10:00:00,New Asgard,Medical Kits,729.21,5.67,False
2023-05-12T10:00:00,Wakanda,Vibranium (kg),2424.31,6.3,False
2023-05-12T10:00:00,Wakanda,Arc Reactor Cores,702.35,7.56,False
2023-05-12T10:00:00,Wakanda,Pym Particles,704.5,6.93,False
2023-05-12T10:00:00,Wakanda,Clean Water (L),2402.36,7.56,False
2023-05-12T10:00:00,Wakanda,Medical Kits,729.22,5.67,False
2023-05-12T10:00:00,Sokovia,Vibranium (kg),2421.42,6.3,False
2023-05-12T10:00:00,Sokovia,Arc Reactor Cores,701.42,7.56,False
2023-05-12T10:00:00,Sokovia,Pym Particles,715.06,6.93,False
2023-05-12T10:00:00,Sokovia,Clean Water (L),2402.82,7.56,False
2023-05-12T10:00:00,Sokovia,Medical Kits,736.45,5.67,False
2023-05-12T10:00:00,Sanctum Sanctorum,Vibranium (kg),2413.69,6.3,False
2023-05-12T10:00:00,Sanctum Sanctorum,Arc Reactor Cores,697.91,7.56,False
2023-05-12T10:00:00,Sanctum Sanctorum,Pym Particles,712.25,6.93,False
2023-05-12T10:00:00,Sanctum Sanctorum,Clean Water (L),2400.92,7.56,False
2023-05-12T10:00:00,Sanctum Sanctorum,Medical Kits,732.02,5.67,False
2023-05-12T10:00:00,Avengers Compound,Vibranium (kg),2420.48,6.3,False
2023-05-12T10:00:00,Avengers Compound,Arc Reactor Cores,702.12,7.56,False
2023-05-12T10:00:00,Avengers Compound,Pym Particles,714.13,6.93,False
2023-05-12T10:00:00,Avengers Compound,Clean Water (L),2397.64,7.56,False
2023-05-12T10:00:00,Avengers Compound,Medical Kits,728.5,5.67,False
2023-05-12T11:00:00,New Asgard,Vibranium (kg),2416.25,6.45,False
2023-05-12T11:00:00,New Asgard,Arc Reactor Cores,693.72,7.74,False
2023-05-12T11:00:00,New Asgard,Pym Particles,708.97,7.09,False
2023-05-12T11:00:00,New Asgard,Clean Water (L),2399.71,7.74,False
2023-05-12T11:00:00,New Asgard,Medical Kits,728.74,5.8,False
2023-05-12T11:00:00,Wakanda,Vibranium (kg),2423.21,6.45,False
2023-05-12T11:00:00,Wakanda,Arc Reactor Cores,699.03,7.74,False
2023-05-12T11:00:00,Wakanda,Pym Particles,703.34,7.09,False
2023-05-12T11:00:00,Wakanda,Clean Water (L),2401.69,7.74,False
2023-05-12T11:00:00,Wakanda,Medical Kits,727.4,5.8,False
2023-05-12T11:00:00,Sokovia,Vibranium (kg),2419.53,6.45,False
2023-05-12T11:00:00,Sokovia,Arc Reactor Cores,700.41,7.74,False
2023-05-12T11:00:00,Sokovia,Pym Particles,713.04,7.09,False
2023-05-12T11:00:00,Sokovia,Clean Water (L),2401.74,7.74,False
2023-05-12T11:00:00,Sokovia,Medical Kits,734.12,5.8,False
2023-05-12T11:00:00,Sanctum Sanctorum,Vibranium (kg),2412.16,6.45,False
2023-05-12T11:00:00,Sanctum Sanctorum,Arc Reactor Cores,696.77,7.74,False
2023-05-12T11:00:00,Sanctum Sanctorum,Pym Particles,711.77,7.09,False
2023-05-12T11:00:00,Sanctum Sanctorum,Clean Water (L),2400.13,7.74,False
2023-05-12T11:00:00,Sanctum Sanctorum,Medical Kits,730.12,5.8,False
2023-05-12T11:00:00,Avengers Compound,Vibranium (kg),2419.9,6.45,False
2023-05-12T11:00:00,Avengers Compound,Arc Reactor Cores,699.83,7.74,False
2023-05-12T11:00:00,Avengers Compound,Pym Particles,713.6,7.09,False
2023-05-12T11:00:00,Avengers Compound,Clean Water (L),2395.47,7.74,False
2023-05-12T11:00:00,Avengers Compound,Medical Kits,727.17,5.8,False
2023-05-12T12:00:00,New Asgard,Vibranium (kg),2415.8,6.5,False
2023-05-12T12:00:00,New Asgard,Arc Reactor Cores,692.57,7.8,False
2023-05-12T12:00:00,New Asgard,Pym Particles,707.22,7.15,False
2023-05-12T12:00:00,New Asgard,Clean Water (L),2398.24,7.8,False
2023-05-12T12:00:00,New Asgard,Medical Kits,727.24,5.85,False
2023-05-12T12:00:00,Wakanda,Vibranium (kg),2421.45,6.5,False
2023-05-12T12:00:00,Wakanda,Arc Reactor Cores,695.61,7.8,False
2023-05-12T12:00:00,Wakanda,Pym Particles,701.7,7.15,False
2023-05-12T12:00:00,Wakanda,Clean Water (L),2398.78,7.8,False
2023-05-12T12:00:00,Wakanda,Medical Kits,724.87,5.85,False
2023-05-12T12:00:00,Sokovia,Vibranium (kg),2418.29,6.5,False
2023-05-12T12:00:00,Sokovia,Arc Reactor Cores,699.01,7.8,False
2023-05-12T12:00:00,Sokovia,Pym Particles,711.82,7.15,False
2023-05-12T12:00:00,Sokovia,Clean Water (L),2401.02,7.8,False
2023-05-12T12:00:00,Sokovia,Medical Kits,731.81,5.85,False
2023-05-12T12:00:00,Sanctum Sanctorum,Vibranium (kg),2411.11,6.5,False
2023-05-12T12:00:00,Sanctum Sanctorum,Arc Reactor Cores,696.47,7.8,False
2023-05-12T12:00:00,Sanctum Sanctorum,Pym Particles,709.49,7.15,False
2023-05-12T12:00:00,Sanctum Sanctorum,Clean Water (L),2399.76,7.8,False
2023-05-12T12:00:00,Sanctum Sanctorum,Medical Kits,727.77,5.85,False
2023-05-12T12:00:00,Avengers Compound,Vibranium (kg),2417.89,6.5,False
2023-05-12T12:00:00,Avengers Compound,Arc Reactor Cores,698.7,7.8,False
2023-05-12T12:00:00,Avengers Compound,Pym Particles,711.91,7.15,False
2023-05-12T12:00:00,Avengers Compound,Clean Water (L),2394.39,7.8,False
2023-05-12T12:00:00,Avengers Compound,Medical Kits,725.75,5.85,False
2023-05-12T13:00:00,New Asgard,Vibranium (kg),2414.86,6.45,False
2023-05-12T13:00:00,New Asgard,Arc Reactor Cores,691.09,7.74,False
2023-05-12T13:00:00,New Asgard,Pym Particles,706.84,7.09,False
2023-05-12T13:00:00,New Asgard,Clean Water (L),2397.36,7.74,False
2023-05-12T13:00:00,New Asgard,Medical Kits,726.61,5.8,False
2023-05-12T13:00:00,Wakanda,Vibranium (kg),2420.31,6.45,False
2023-05-12T13:00:00,Wakanda,Arc Reactor Cores,694.71,7.74,False
2023-05-12T13:00:00,Wakanda,Pym Particles,700.21,7.09,False
2023-05-12T13:00:00,Wakanda,Clean Water (L),2397.81,7.74,False
2023-05-12T13:00:00,Wakanda,Medical Kits,723.48,5.8,False
2023-05-12T13:00:00,Sokovia,Vibranium (kg),2417.0,6.45,False
2023-05-12T13:00:00,Sokovia,Arc Reactor Cores,697.15,7.74,False
2023-05-12T13:00:00,Sokovia,Pym Particles,709.23,7.09,False
2023-05-12T13:00:00,Sokovia,Clean Water (L),2399.38,7.74,False
2023-05-12T13:00:00,Sokovia,Medical Kits,731.86,5.8,False
2023-05-12T13:00:00,Sanctum Sanctorum,Vibranium (kg),2410.58,6.45,False
2023-05-12T13:00:00,Sanctum Sanctorum,Arc Reactor Cores,695.19,7.74,False
2023-05-12T13:00:00,Sanctum Sanctorum,Pym Particles,708.09,7.09,False
2023-05-12T13:00:00,Sanctum Sanctorum,Clean Water (L),2396.68,7.74,False
2023-05-12T13:00:00,Sanctum Sanctorum,Medical Kits,726.15,5.8,False
2023-05-12T13:00:00,Avengers Compound,Vibranium (kg),2416.02,6.45,False
2023-05-12T13:00:00,Avengers Compound,Arc Reactor Cores,696.66,7.74,False
2023-05-12T13:00:00,Avengers Compound,Pym Particles,711.69,7.09,False
2023-05-12T13:00:00,Avengers Compound,Clean Water (L),2391.8,7.74,False
2023-05-12T13:00:00,Avengers Compound,Medical Kits,723.92,5.8,False
2023-05-12T14:00:00,New Asgard,Vibranium (kg),2413.46,6.3,False
2023-05-12T14:00:00,New Asgard,Arc Reactor Cores,691.27,7.56,False
2023-05-12T14:00:00,New Asgard,Pym Particles,706.83,6.93,False
2023-05-12T14:00:00,New Asgard,Clean Water (L),2396.07,7.56,False
2023-05-12T14:00:00,New Asgard,Medical Kits,724.61,5.67,False
2023-05-12T14:00:00,Wakanda,Vibranium (kg),2419.41,6.3,False
2023-05-12T14:00:00,Wakanda,Arc Reactor Cores,694.33,7.56,False
2023-05-12T14:00:00,Wakanda,Pym Particles,698.03,6.93,False
2023-05-12T14:00:00,Wakanda,Clean Water (L),2396.87,7.56,False
2023-05-12T14:00:00,Wakanda,Medical Kits,723.01,5.67,False
2023-05-12T14:00:00,Sokovia,Vibranium (kg),2416.09,6.3,False
2023-05-12T14:00:00,Sokovia,Arc Reactor Cores,696.34,7.56,False
2023-05-12T14:00:00,Sokovia,Pym Particles,707.35,6.93,False
2023-05-12T14:00:00,Sokovia,Clean Water (L),2398.53,7.56,False
2023-05-12T14:00:00,Sokovia,Medical Kits,731.13,5.67,False
2023-05-12T14:00:00,Sanctum Sanctorum,Vibranium (kg),2411.26,6.3,False
2023-05-12T14:00:00,Sanctum Sanctorum,Arc Reactor Cores,693.56,7.56,False
2023-05-12T14:00:00,Sanctum Sanctorum,Pym Particles,707.83,6.93,False
2023-05-12T14:00:00,Sanctum Sanctorum,Clean Water (L),2395.51,7.56,False
2023-05-12T14:00:00,Sanctum Sanctorum,Medical Kits,725.06,5.67,False
2023-05-12T14:00:00,Avengers Compound,Vibranium (kg),2414.35,6.3,False
2023-05-12T14:00:00,Avengers Compound,Arc Reactor Cores,695.55,7.56,False
2023-05-12T14:00:00,Avengers Compound,Pym Particles,710.5,6.93,False
2023-05-12T14:00:00,Avengers Compound,Clean Water (L),2389.33,7.56,False
2023-05-12T14:00:00,Avengers Compound,Medical Kits,722.94,5.67,False
2023-05-12T15:00:00,New Asgard,Vibranium (kg),2414.1,6.06,False
2023-05-12T15:00:00,New Asgard,Arc Reactor Cores,689.81,7.27,False
2023-05-12T15:00:00,New Asgard,Pym Particles,705.68,6.67,False
2023-05-12T15:00:00,New Asgard,Clean Water (L),2395.2,7.27,False
2023-05-12T15:00:00,New Asgard,Medical Kits,723.23,5.45,False
2023-05-12T15:00:00,Wakanda,Vibranium (kg),2417.6,6.06,False
2023-05-12T15:00:00,Wakanda,Arc Reactor Cores,692.44,7.27,False
2023-05-12T15:00:00,Wakanda,Pym Particles,698.55,6.67,False
2023-05-12T15:00:00,Wakanda,Clean Water (L),2396.96,7.27,False
2023-05-12T15:00:00,Wakanda,Medical Kits,723.24,5.45,False
2023-05-12T15:00:00,Sokovia,Vibranium (kg),2415.51,6.06,False
2023-05-12T15:00:00,Sokovia,Arc Reactor Cores,693.65,7.27,False
2023-05-12T15:00:00,Sokovia,Pym Particles,708.01,6.67,False
2023-05-12T15:00:00,Sokovia,Clean Water (L),2397.61,7.27,False
2023-05-12T15:00:00,Sokovia,Medical Kits,728.6,5.45,False
2023-05-12T15:00:00,Sanctum Sanctorum,Vibranium (kg),2410.95,6.06,False
2023-05-12T15:00:00,Sanctum Sanctorum,Arc Reactor Cores,693.6,7.27,False
2023-05-12T15:00:00,Sanctum Sanctorum,Pym Particles,706.64,6.67,False
2023-05-12T15:00:00,Sanctum Sanctorum,Clean Water (L),2393.79,7.27,False
2023-05-12T15:00:00,Sanctum Sanctorum,Medical Kits,725.14,5.45,False
2023-05-12T15:00:00,Avengers Compound,Vibranium (kg),2414.4,6.06,False
2023-05-12T15:00:00,Avengers Compound,Arc Reactor Cores,696.07,7.27,False
2023-05-12T15:00:00,Avengers Compound,Pym Particles,709.51,6.67,False
2023-05-12T15:00:00,Avengers Compound,Clean Water (L),2388.63,7.27,False
2023-05-12T15:00:00,Avengers Compound,Medical Kits,721.93,5.45,False
2023-05-12T16:00:00,New Asgard,Vibranium (kg),2413.25,5.75,False
2023-05-12T16:00:00,New Asgard,Arc Reactor Cores,689.44,6.9,False
2023-05-12T16:00:00,New Asgard,Pym Particles,705.52,6.32,False
2023-05-12T16:00:00,New Asgard,Clean Water (L),2393.98,6.9,False
2023-05-12T16:00:00,New Asgard,Medical Kits,721.64,5.17,False
2023-05-12T16:00:00,Wakanda,Vibranium (kg),2417.12,5.75,False
2023-05-12T16:00:00,Wakanda,Arc Reactor Cores,692.14,6.9,False
2023-05-12T16:00:00,Wakanda,Pym Particles,696.76,6.32,False
2023-05-12T16:00:00,Wakanda,Clean Water (L),2397.12,6.9,False
2023-05-12T16:00:00,Wakanda,Medical Kits,722.13,5.17,False
2023-05-12T16:00:00,Sokovia,Vibranium (kg),2416.22,5.75,False
2023-05-12T16:00:00,Sokovia,Arc Reactor Cores,691.98,6.9,False
2023-05-12T16:00:00,Sokovia,Pym Particles,705.4,6.32,False
2023-05-12T16:00:00,Sokovia,Clean Water (L),2397.68,6.9,False
2023-05-12T16:00:00,Sokovia,Medical Kits,729.45,5.17,False
2023-05-12T16:00:00,Sanctum Sanctorum,Vibranium (kg),2410.86,5.75,False
2023-05-12T16:00:00,Sanctum Sanctorum,Arc Reactor Cores,693.08,6.9,False
2023-05-12T16:00:00,Sanctum Sanctorum,Pym Particles,705.02,6.32,False
2023-05-12T16:00:00,Sanctum Sanctorum,Clean Water (L),2394.2,6.9,False
2023-05-12T16:00:00,Sanctum Sanctorum,Medical Kits,725.01,5.17,False
2023-05-12T16:00:00,Avengers Compound,Vibranium (kg),2413.82,5.75,False
2023-05-12T16:00:00,Avengers Compound,Arc Reactor Cores,697.2,6.9,False
2023-05-12T16:00:00,Avengers Compound,Pym Particles,708.6,6.32,False
2023-05-12T16:00:00,Avengers Compound,Clean Water (L),2389.08,6.9,False
2023-05-12T16:00:00,Avengers Compound,Medical Kits,721.43,5.17,False
2023-05-12T17:00:00,New Asgard,Vibranium (kg),2413.43,5.39,False
2023-05-12T17:00:00,New Asgard,Arc Reactor Cores,691.06,6.47,False
2023-05-12T17:00:00,New Asgard,Pym Particles,705.22,5.93,False
2023-05-12T17:00:00,New Asgard,Clean Water (L),2392.83,6.47,False
2023-05-12T17:00:00,New Asgard,Medical Kits,723.34,4.85,False
2023-05-12T17:00:00,Wakanda,Vibranium (kg),2415.6,5.39,False
2023-05-12T17:00:00,Wakanda,Arc Reactor Cores,691.9,6.47,False
2023-05-12T17:00:00,Wakanda,Pym Particles,695.25,5.93,False
2023-05-12T17:00:00,Wakanda,Clean Water (L),2396.57,6.47,False
2023-05-12T17:00:00,Wakanda,Medical Kits,721.58,4.85,False
2023-05-12T17:00:00,Sokovia,Vibranium (kg),2416.72,5.39,False
2023-05-12T17:00:00,Sokovia,Arc Reactor Cores,691.49,6.47,False
2023-05-12T17:00:00,Sokovia,Pym Particles,706.25,5.93,False
2023-05-12T17:00:00,Sokovia,Clean Water (L),2395.75,6.47,False
2023-05-12T17:00:00,Sokovia,Medical Kits,729.67,4.85,False
2023-05-12T17:00:00,Sanctum Sanctorum,Vibranium (kg),2410.82,5.39,False
2023-05-12T17:00:00,Sanctum Sanctorum,Arc Reactor Cores,692.94,6.47,False
2023-05-12T17:00:00,Sanctum Sanctorum,Pym Particles,704.15,5.93,False
2023-05-12T17:00:00,Sanctum Sanctorum,Clean Water (L),2395.02,6.47,False
2023-05-12T17:00:00,Sanctum Sanctorum,Medical Kits,724.1,4.85,False
2023-05-12T17:00:00,Avengers Compound,Vibranium (kg),2413.98,5.39,False
2023-05-12T17:00:00,Avengers Compound,Arc Reactor Cores,695.62,6.47,False
2023-05-12T17:00:00,Avengers Compound,Pym Particles,708.66,5.93,False
2023-05-12T17:00:00,Avengers Compound,Clean Water (L),2389.38,6.47,False
2023-05-12T17:00:00,Avengers Compound,Medical Kits,721.44,4.85,False
2023-05-12T18:00:00,New Asgard,Vibranium (kg),2413.15,5.0,False
2023-05-12T18:00:00,New Asgard,Arc Reactor Cores,692.04,6.0,False
2023-05-12T18:00:00,New Asgard,Pym Particles,706.85,5.5,False
2023-05-12T18:00:00,New Asgard,Clean Water (L),2393.54,6.0,False
2023-05-12T18:00:00,New Asgard,Medical Kits,724.79,4.5,False
2023-05-12T18:00:00,Wakanda,Vibranium (kg),2415.73,5.0,False
2023-05-12T18:00:00,Wakanda,Arc Reactor Cores,692.09,6.0,False
2023-05-12T18:00:00,Wakanda,Pym Particles,695.72,5.5,False
2023-05-12T18:00:00,Wakanda,Clean Water (L),2396.57,6.0,False
2023-05-12T18:00:00,Wakanda,Medical Kits,721.87,4.5,False
2023-05-12T18:00:00,Sokovia,Vibranium (kg),2418.32,5.0,False
2023-05-12T18:00:00,Sokovia,Arc Reactor Cores,692.6,6.0,False
2023-05-12T18:00:00,Sokovia,Pym Particles,705.65,5.5,False
2023-05-12T18:00:00,Sokovia,Clean Water (L),2396.27,6.0,False
2023-05-12T18:00:00,Sokovia,Medical Kits,729.24,4.5,False
2023-05-12T18:00:00,Sanctum Sanctorum,Vibranium (kg),2411.52,5.0,False
2023-05-12T18:00:00,Sanctum Sanctorum,Arc Reactor Cores,694.12,6.0,False
2023-05-12T18:00:00,Sanctum Sanctorum,Pym Particles,704.47,5.5,False
2023-05-12T18:00:00,Sanctum Sanctorum,Clean Water (L),2394.54,6.0,False
2023-05-12T18:00:00,Sanctum Sanctorum,Medical Kits,724.18,4.5,False
2023-05-12T18:00:00,Avengers Compound,Vibranium (kg),2414.07,5.0,False
2023-05-12T18:00:00,Avengers Compound,Arc Reactor Cores,697.02,6.0,False
2023-05-12T18:00:00,Avengers Compound,Pym Particles,709.85,5.5,False
2023-05-12T18:00:00,Avengers Compound,Clean Water (L),2388.48,6.0,False
2023-05-12T18:00:00,Avengers Compound,Medical Kits,722.1,4.5,False
2023-05-12T19:00:00,New Asgard,Vibranium (kg),2415.11,4.61,False
2023-05-12T19:00:00,New Asgard,Arc Reactor Cores,694.0,5.53,False
2023-05-12T19:00:00,New Asgard,Pym Particles,707.23,5.07,False
2023-05-12T19:00:00,New Asgard,Clean Water (L),2394.28,5.53,False
2023-05-12T19:00:00,New Asgard,Medical Kits,723.95,4.15,False
2023-05-12T19:00:00,Wakanda,Vibranium (kg),2416.72,4.61,False
2023-05-12T19:00:00,Wakanda,Arc Reactor Cores,694.29,5.53,False
2023-05-12T19:00:00,Wakanda,Pym Particles,696.96,5.07,False
2023-05-12T19:00:00,Wakanda,Clean Water (L),2397.18,5.53,False
2023-05-12T19:00:00,Wakanda,Medical Kits,721.84,4.15,False
2023-05-12T19:00:00,Sokovia,Vibranium (kg),2418.29,4.61,False
2023-05-12T19:00:00,Sokovia,Arc Reactor Cores,693.14,5.53,False
2023-05-12T19:00:00,Sokovia,Pym Particles,707.63,5.07,False
2023-05-12T19:00:00,Sokovia,Clean Water (L),2396.73,5.53,False
2023-05-12T19:00:00,Sokovia,Medical Kits,729.6,4.15,False
2023-05-12T19:00:00,Sanctum Sanctorum,Vibranium (kg),2413.05,4.61,False
2023-05-12T19:00:00,Sanctum Sanctorum,Arc Reactor Cores,695.64,5.53,False
2023-05-12T19:00:00,Sanctum Sanctorum,Pym Particles,705.7,5.07,False
2023-05-12T19:00:00,Sanctum Sanctorum,Clean Water (L),2396.27,5.53,False
2023-05-12T19:00:00,Sanctum Sanctorum,Medical Kits,725.97,4.15,False
2023-05-12T19:00:00,Avengers Compound,Vibranium (kg),2414.16,4.61,False
2023-05-12T19:00:00,Avengers Compound,Arc Reactor Cores,697.02,5.53,False
2023-05-12T19:00:00,Avengers Compound,Pym Particles,710.3,5.07,False
2023-05-12T19:00:00,Avengers Compound,Clean Water (L),2391.1,5.53,False
2023-05-12T19:00:00,Avengers Compound,Medical Kits,722.58,4.15,False
2023-05-12T20:00:00,New Asgard,Vibranium (kg),2415.29,4.25,False
2023-05-12T20:00:00,New Asgard,Arc Reactor Cores,694.01,5.1,False
2023-05-12T20:00:00,New Asgard,Pym Particles,708.17,4.68,False
2023-05-12T20:00:00,New Asgard,Clean Water (L),2395.3,5.1,False
2023-05-12T20:00:00,New Asgard,Medical Kits,724.7,3.83,False
2023-05-12T20:00:00,Wakanda,Vibranium (kg),2418.23,4.25,False
2023-05-12T20:00:00,Wakanda,Arc Reactor Cores,695.8,5.1,False
2023-05-12T20:00:00,Wakanda,Pym Particles,699.31,4.68,False
2023-05-12T20:00:00,Wakanda,Clean Water (L),2397.81,5.1,False
2023-05-12T20:00:00,Wakanda,Medical Kits,724.05,3.83,False
2023-05-12T20:00:00,Sokovia,Vibranium (kg),2419.94,4.25,False
2023-05-12T20:00:00,Sokovia,Arc Reactor Cores,694.5,5.1,False
2023-05-12T20:00:00,Sokovia,Pym Particles,707.82,4.68,False
2023-05-12T20:00:00,Sokovia,Clean Water (L),2398.16,5.1,False
2023-05-12T20:00:00,Sokovia,Medical Kits,728.95,3.83,False
2023-05-12T20:00:00,Sanctum Sanctorum,Vibranium (kg),2414.61,4.25,False
2023-05-12T20:00:00,Sanctum Sanctorum,Arc Reactor Cores,697.65,5.1,False
2023-05-12T20:00:00,Sanctum Sanctorum,Pym Particles,707.04,4.68,False
2023-05-12T20:00:00,Sanctum Sanctorum,Clean Water (L),2398.22,5.1,False
2023-05-12T20:00:00,Sanctum Sanctorum,Medical Kits,726.13,3.83,False
2023-05-12T20:00:00,Avengers Compound,Vibranium (kg),2415.22,4.25,False
2023-05-12T20:00:00,Avengers Compound,Arc Reactor Cores,698.5,5.1,False
2023-05-12T20:00:00,Avengers Compound,Pym Particles,711.42,4.68,False
2023-05-12T20:00:00,Avengers Compound,Clean Water (L),2392.42,5.1,False
2023-05-12T20:00:00,Avengers Compound,Medical Kits,723.78,3.83,False
2023-05-12T21:00:00,New Asgard,Vibranium (kg),2417.19,3.94,False
2023-05-12T21:00:00,New Asgard,Arc Reactor Cores,695.92,4.73,False
2023-05-12T21:00:00,New Asgard,Pym Particles,708.13,4.33,False
2023-05-12T21:00:00,New Asgard,Clean Water (L),2396.51,4.73,False
2023-05-12T21:00:00,New Asgard,Medical Kits,726.39,3.55,False
2023-05-12T21:00:00,Wakanda,Vibranium (kg),2418.9,3.94,False
2023-05-12T21:00:00,Wakanda,Arc Reactor Cores,696.63,4.73,False
2023-05-12T21:00:00,Wakanda,Pym Particles,699.74,4.33,False
2023-05-12T21:00:00,Wakanda,Clean Water (L),2399.28,4.73,False
2023-05-12T21:00:00,Wakanda,Medical Kits,726.59,3.55,False
2023-05-12T21:00:00,Sokovia,Vibranium (kg),2421.64,3.94,False
2023-05-12T21:00:00,Sokovia,Arc Reactor Cores,695.98,4.73,False
2023-05-12T21:00:00,Sokovia,Pym Particles,709.69,4.33,False
2023-05-12T21:00:00,Sokovia,Clean Water (L),2400.02,4.73,False
2023-05-12T21:00:00,Sokovia,Medical Kits,729.98,3.55,False
2023-05-12T21:00:00,Sanctum Sanctorum,Vibranium (kg),2415.5,3.94,False
2023-05-12T21:00:00,Sanctum Sanctorum,Arc Reactor Cores,700.06,4.73,False
2023-05-12T21:00:00,Sanctum Sanctorum,Pym Particles,707.45,4.33,False
2023-05-12T21:00:00,Sanctum Sanctorum,Clean Water (L),2399.77,4.73,False
2023-05-12T21:00:00,Sanctum Sanctorum,Medical Kits,726.53,3.55,False
2023-05-12T21:00:00,Avengers Compound,Vibranium (kg),2415.84,3.94,False
2023-05-12T21:00:00,Avengers Compound,Arc Reactor Cores,699.08,4.73,False
2023-05-12T21:00:00,Avengers Compound,Pym Particles,712.05,4.33,False
2023-05-12T21:00:00,Avengers Compound,Clean Water (L),2394.15,4.73,False
2023-05-12T21:00:00,Avengers Compound,Medical Kits,725.04,3.55,False
2023-05-12T22:00:00,New Asgard,Vibranium (kg),2416.99,3.7,False
2023-05-12T22:00:00,New Asgard,Arc Reactor Cores,697.57,4.44,False
2023-05-12T22:00:00,New Asgard,Pym Particles,708.07,4.07,False
2023-05-12T22:00:00,New Asgard,Clean Water (L),2397.45,4.44,False
2023-05-12T22:00:00,New Asgard,Medical Kits,727.06,3.33,False
2023-05-12T22:00:00,Wakanda,Vibranium (kg),2420.19,3.7,False
2023-05-12T22:00:00,Wakanda,Arc Reactor Cores,698.06,4.44,False
2023-05-12T22:00:00,Wakanda,Pym Particles,700.93,4.07,False
2023-05-12T22:00:00,Wakanda,Clean Water (L),2400.92,4.44,False
2023-05-12T22:00:00,Wakanda,Medical Kits,727.22,3.33,False
2023-05-12T22:00:00,Sokovia,Vibranium (kg),2423.27,3.7,False
2023-05-12T22:00:00,Sokovia,Arc Reactor Cores,698.11,4.44,False
2023-05-12T22:00:00,Sokovia,Pym Particles,711.19,4.07,False
2023-05-12T22:00:00,Sokovia,Clean Water (L),2399.89,4.44,False
2023-05-12T22:00:00,Sokovia,Medical Kits,731.13,3.33,False
2023-05-12T22:00:00,Sanctum Sanctorum,Vibranium (kg),2416.45,3.7,False
2023-05-12T22:00:00,Sanctum Sanctorum,Arc Reactor Cores,702.74,4.44,False
2023-05-12T22:00:00,Sanctum Sanctorum,Pym Particles,708.01,4.07,False
2023-05-12T22:00:00,Sanctum Sanctorum,Clean Water (L),2400.88,4.44,False
2023-05-12T22:00:00,Sanctum Sanctorum,Medical Kits,727.7,3.33,False
2023-05-12T22:00:00,Avengers Compound,Vibranium (kg),2416.25,3.7,False
2023-05-12T22:00:00,Avengers Compound,Arc Reactor Cores,701.07,4.44,False
2023-05-12T22:00:00,Avengers Compound,Pym Particles,714.11,4.07,False
2023-05-12T22:00:00,Avengers Compound,Clean Water (L),2395.73,4.44,False
2023-05-12T22:00:00,Avengers Compound,Medical Kits,725.33,3.33,False
2023-05-12T23:00:00,New Asgard,Vibranium (kg),2417.98,3.55,False
2023-05-12T23:00:00,New Asgard,Arc Reactor Cores,700.07,4.26,False
2023-05-12T23:00:00,New Asgard,Pym Particles,710.55,3.91,False
2023-05-12T23:00:00,New Asgard,Clean Water (L),2400.56,4.26,False
2023-05-12T23:00:00,New Asgard,Medical Kits,728.79,3.2,False
2023-05-12T23:00:00,Wakanda,Vibranium (kg),2422.84,3.55,False
2023-05-12T23:00:00,Wakanda,Arc Reactor Cores,699.41,4.26,False
2023-05-12T23:00:00,Wakanda,Pym Particles,702.06,3.91,False
2023-05-12T23:00:00,Wakanda,Clean Water (L),2401.16,4.26,False
2023-05-12T23:00:00,Wakanda,Medical Kits,727.41,3.2,False
2023-05-12T23:00:00,Sokovia,Vibranium (kg),2425.07,3.55,False
2023-05-12T23:00:00,Sokovia,Arc Reactor Cores,699.72,4.26,False
2023-05-12T23:00:00,Sokovia,Pym Particles,712.85,3.91,False
2023-05-12T23:00:00,Sokovia,Clean Water (L),2402.1,4.26,False
2023-05-12T23:00:00,Sokovia,Medical Kits,731.57,3.2,False
2023-05-12T23:00:00,Sanctum Sanctorum,Vibranium (kg),2418.16,3.55,False
2023-05-12T23:00:00,Sanctum Sanctorum,Arc Reactor Cores,704.4,4.26,False
2023-05-12T23:00:00,Sanctum Sanctorum,Pym Particles,709.63,3.91,False
2023-05-12T23:00:00,Sanctum Sanctorum,Clean Water (L),2403.76,4.26,False
2023-05-12T23:00:00,Sanctum Sanctorum,Medical Kits,730.18,3.2,False
2023-05-12T23:00:00,Avengers Compound,Vibranium (kg),2418.64,3.55,False
2023-05-12T23:00:00,Avengers Compound,Arc Reactor Cores,702.55,4.26,False
2023-05-12T23:00:00,Avengers Compound,Pym Particles,714.47,3.91,False
2023-05-12T23:00:00,Avengers Compound,Clean Water (L),2398.97,4.26,False
2023-05-12T23:00:00,Avengers Compound,Medical Kits,728.58,3.2,False
2023-05-13T00:00:00,New Asgard,Vibranium (kg),2420.29,3.5,False
2023-05-13T00:00:00,New Asgard,Arc Reactor Cores,701.55,4.2,False
2023-05-13T00:00:00,New Asgard,Pym Particles,712.79,3.85,False
2023-05-13T00:00:00,New Asgard,Clean Water (L),2402.66,4.2,False
2023-05-13T00:00:00,New Asgard,Medical Kits,730.96,3.15,False
2023-05-13T00:00:00,Wakanda,Vibranium (kg),2423.85,3.5,False
2023-05-13T00:00:00,Wakanda,Arc Reactor Cores,702.05,4.2,False
2023-05-13T00:00:00,Wakanda,Pym Particles,704.21,3.85,False
2023-05-13T00:00:00,Wakanda,Clean Water (L),2402.43,4.2,False
2023-05-13T00:00:00,Wakanda,Medical Kits,727.91,3.15,False
2023-05-13T00:00:00,Sokovia,Vibranium (kg),2425.74,3.5,False
2023-05-13T00:00:00,Sokovia,Arc Reactor Cores,701.31,4.2,False
2023-05-13T00:00:00,Sokovia,Pym Particles,713.41,3.85,False
2023-05-13T00:00:00,Sokovia,Clean Water (L),2403.33,4.2,False
2023-05-13T00:00:00,Sokovia,Medical Kits,731.95,3.15,False
2023-05-13T00:00:00,Sanctum Sanctorum,Vibranium (kg),2419.87,3.5,False
2023-05-13T00:00:00,Sanctum Sanctorum,Arc Reactor Cores,706.49,4.2,False
2023-05-13T00:00:00,Sanctum Sanctorum,Pym Particles,711.0,3.85,False
2023-05-13T00:00:00,Sanctum Sanctorum,Clean Water (L),2404.71,4.2,False
2023-05-13T00:00:00,Sanctum Sanctorum,Medical Kits,730.06,3.15,False
2023-05-13T00:00:00,Avengers Compound,Vibranium (kg),2419.96,3.5,False
2023-05-13T00:00:00,Avengers Compound,Arc Reactor Cores,702.64,4.2,False
2023-05-13T00:00:00,Avengers Compound,Pym Particles,715.57,3.85,False
2023-05-13T00:00:00,Avengers Compound,Clean Water (L),2399.65,4.2,False
2023-05-13T00:00:00,Avengers Compound,Medical Kits,729.42,3.15,False
2023-05-13T01:00:00,New Asgard,Vibranium (kg),2422.25,3.55,False
2023-05-13T01:00:00,New Asgard,Arc Reactor Cores,701.54,4.26,False
2023-05-13T01:00:00,New Asgard,Pym Particles,713.75,3.91,False
2023-05-13T01:00:00,New Asgard,Clean Water (L),2403.32,4.26,False
2023-05-13T01:00:00,New Asgard,Medical Kits,732.04,3.2,False
2023-05-13T01:00:00,Wakanda,Vibranium (kg),2423.18,3.55,False
2023-05-13T01:00:00,Wakanda,Arc Reactor Cores,704.44,4.26,False
2023-05-13T01:00:00,Wakanda,Pym Particles,705.2,3.91,False
2023-05-13T01:00:00,Wakanda,Clean Water (L),2403.82,4.26,False
2023-05-13T01:00:00,Wakanda,Medical Kits,730.38,3.2,False
2023-05-13T01:00:00,Sokovia,Vibranium (kg),2427.35,3.55,False
2023-05-13T01:00:00,Sokovia,Arc Reactor Cores,701.76,4.26,False
2023-05-13T01:00:00,Sokovia,Pym Particles,713.08,3.91,False
2023-05-13T01:00:00,Sokovia,Clean Water (L),2406.01,4.26,False
2023-05-13T01:00:00,Sokovia,Medical Kits,732.27,3.2,False
2023-05-13T01:00:00,Sanctum Sanctorum,Vibranium (kg),2420.62,3.55,False
2023-05-13T01:00:00,Sanctum Sanctorum,Arc Reactor Cores,708.19,4.26,False
2023-05-13T01:00:00,Sanctum Sanctorum,Pym Particles,712.86,3.91,False
2023-05-13T01:00:00,Sanctum Sanctorum,Clean Water (L),2405.68,4.26,False
2023-05-13T01:00:00,Sanctum Sanctorum,Medical Kits,731.17,3.2,False
2023-05-13T01:00:00,Avengers Compound,Vibranium (kg),2421.83,3.55,False
2023-05-13T01:00:00,Avengers Compound,Arc Reactor Cores,705.74,4.26,False
2023-05-13T01:00:00,Avengers Compound,Pym Particles,717.43,3.91,False
2023-05-13T01:00:00,Avengers Compound,Clean Water (L),2400.33,4.26,False
2023-05-13T01:00:00,Avengers Compound,Medical Kits,731.05,3.2,False
2023-05-13T02:00:00,New Asgard,Vibranium (kg),2422.65,3.7,False
2023-05-13T02:00:00,New Asgard,Arc Reactor Cores,703.36,4.44,False
2023-05-13T02:00:00,New Asgard,Pym Particles,716.23,4.07,False
2023-05-13T02:00:00,New Asgard,Clean Water (L),2404.07,4.44,False
2023-05-13T02:00:00,New Asgard,Medical Kits,732.89,3.33,False
2023-05-13T02:00:00,Wakanda,Vibranium (kg),2424.79,3.7,False
2023-05-13T02:00:00,Wakanda,Arc Reactor Cores,705.84,4.44,False
2023-05-13T02:00:00,Wakanda,Pym Particles,707.68,4.07,False
2023-05-13T02:00:00,Wakanda,Clean Water (L),2404.3,4.44,False
2023-05-13T02:00:00,Wakanda,Medical Kits,730.31,3.33,False
2023-05-13T02:00:00,Sokovia,Vibranium (kg),2428.18,3.7,False
2023-05-13T02:00:00,Sokovia,Arc Reactor Cores,702.83,4.44,False
2023-05-13T02:00:00,Sokovia,Pym Particles,713.29,4.07,False
2023-05-13T02:00:00,Sokovia,Clean Water (L),2406.72,4.44,False
2023-05-13T02:00:00,Sokovia,Medical Kits,733.02,3.33,False
2023-05-13T02:00:00,Sanctum Sanctorum,Vibranium (kg),2422.08,3.7,False
2023-05-13T02:00:00,Sanctum Sanctorum,Arc Reactor Cores,708.61,4.44,False
2023-05-13T02:00:00,Sanctum Sanctorum,Pym Particles,712.98,4.07,False
2023-05-13T02:00:00,Sanctum Sanctorum,Clean Water (L),2407.91,4.44,False
2023-05-13T02:00:00,Sanctum Sanctorum,Medical Kits,731.9,3.33,False
2023-05-13T02:00:00,Avengers Compound,Vibranium (kg),2423.84,3.7,False
2023-05-13T02:00:00,Avengers Compound,Arc Reactor Cores,706.94,4.44,False
2023-05-13T02:00:00,Avengers Compound,Pym Particles,718.15,4.07,False
2023-05-13T02:00:00,Avengers Compound,Clean Water (L),2402.27,4.44,False
2023-05-13T02:00:00,Avengers Compound,Medical Kits,731.39,3.33,False
2023-05-13T03:00:00,New Asgard,Vibranium (kg),2423.4,3.94,False
2023-05-13T03:00:00,New Asgard,Arc Reactor Cores,705.75,4.73,False
2023-05-13T03:00:00,New Asgard,Pym Particles,716.06,4.33,False
2023-05-13T03:00:00,New Asgard,Clean Water (L),2406.05,4.73,False
2023-05-13T03:00:00,New Asgard,Medical Kits,735.39,3.55,False
2023-05-13T03:00:00,Wakanda,Vibranium (kg),2426.15,3.94,False
2023-05-13T03:00:00,Wakanda,Arc Reactor Cores,707.28,4.73,False
2023-05-13T03:00:00,Wakanda,Pym Particles,707.78,4.33,False
2023-05-13T03:00:00,Wakanda,Clean Water (L),2405.05,4.73,False
2023-05-13T03:00:00,Wakanda,Medical Kits,729.96,3.55,False
2023-05-13T03:00:00,Sokovia,Vibranium (kg),2429.32,3.94,False
2023-05-13T03:00:00,Sokovia,Arc Reactor Cores,703.27,4.73,False
2023-05-13T03:00:00,Sokovia,Pym Particles,714.74,4.33,False
2023-05-13T03:00:00,Sokovia,Clean Water (L),2407.76,4.73,False
2023-05-13T03:00:00,Sokovia,Medical Kits,735.0,3.55,False
2023-05-13T03:00:00,Sanctum Sanctorum,Vibranium (kg),2422.97,3.94,False
2023-05-13T03:00:00,Sanctum Sanctorum,Arc Reactor Cores,710.37,4.73,False
2023-05-13T03:00:00,Sanctum Sanctorum,Pym Particles,714.22,4.33,False
2023-05-13T03:00:00,Sanctum Sanctorum,Clean Water (L),2408.23,4.73,False
2023-05-13T03:00:00,Sanctum Sanctorum,Medical Kits,732.59,3.55,False
2023-05-13T03:00:00,Avengers Compound,Vibranium (kg),2424.78,3.94,False
2023-05-13T03:00:00,Avengers Compound,Arc Reactor Cores,708.54,4.73,False
2023-05-13T03:00:00,Avengers Compound,Pym Particles,718.3,4.33,False
2023-05-13T03:00:00,Avengers Compound,Clean Water (L),2402.9,4.73,False
2023-05-13T03:00:00,Avengers Compound,Medical Kits,732.8,3.55,False
2023-05-13T04:00:00,New Asgard,Vibranium (kg),2424.93,4.25,False
2023-05-13T04:00:00,New Asgard,Arc Reactor Cores,706.72,5.1,False
2023-05-13T04:00:00,New Asgard,Pym Particles,716.96,4.68,False
2023-05-13T04:00:00,New Asgard,Clean Water (L),2406.12,5.1,False
2023-05-13T04:00:00,New Asgard,Medical Kits,735.74,3.83,False
2023-05-13T04:00:00,Wakanda,Vibranium (kg),2427.51,4.25,False
2023-05-13T04:00:00,Wakanda,Arc Reactor Cores,707.59,5.1,False
2023-05-13T04:00:00,Wakanda,Pym Particles,708.14,4.68,False
2023-05-13T04:00:00,Wakanda,Clean Water (L),2406.09,5.1,False
2023-05-13T04:00:00,Wakanda,Medical Kits,732.24,3.83,False
2023-05-13T04:00:00,Sokovia,Vibranium (kg),2429.61,4.25,False
2023-05-13T04:00:00,Sokovia,Arc Reactor Cores,703.7,5.1,False
2023-05-13T04:00:00,Sokovia,Pym Particles,715.82,4.68,False
2023-05-13T04:00:00,Sokovia,Clean Water (L),2407.99,5.1,False
2023-05-13T04:00:00,Sokovia,Medical Kits,734.09,3.83,False
2023-05-13T04:00:00,Sanctum Sanctorum,Vibranium (kg),2421.97,4.25,False
2023-05-13T04:00:00,Sanctum Sanctorum,Arc Reactor Cores,710.56,5.1,False
2023-05-13T04:00:00,Sanctum Sanctorum,Pym Particles,714.29,4.68,False
2023-05-13T04:00:00,Sanctum Sanctorum,Clean Water (L),2408.53,5.1,False
2023-05-13T04:00:00,Sanctum Sanctorum,Medical Kits,732.99,3.83,False
2023-05-13T04:00:00,Avengers Compound,Vibranium (kg),2426.72,4.25,False
2023-05-13T04:00:00,Avengers Compound,Arc Reactor Cores,709.55,5.1,False
2023-05-13T04:00:00,Avengers Compound,Pym Particles,720.33,4.68,False
2023-05-13T04:00:00,Avengers Compound,Clean Water (L),2403.38,5.1,False
2023-05-13T04:00:00,Avengers Compound,Medical Kits,734.75,3.83,False
2023-05-13T05:00:00,New Asgard,Vibranium (kg),2425.86,4.61,False
2023-05-13T05:00:00,New Asgard,Arc Reactor Cores,706.22,5.53,False
2023-05-13T05:00:00,New Asgard,Pym Particles,716.37,5.07,False
2023-05-13T05:00:00,New Asgard,Clean Water (L),2406.91,5.53,False
2023-05-13T05:00:00,New Asgard,Medical Kits,734.81,4.15,False
2023-05-13T05:00:00,Wakanda,Vibranium (kg),2427.79,4.61,False
2023-05-13T05:00:00,Wakanda,Arc Reactor Cores,707.11,5.53,False
2023-05-13T05:00:00,Wakanda,Pym Particles,707.76,5.07,False
2023-05-13T05:00:00,Wakanda,Clean Water (L),2405.1,5.53,False
2023-05-13T05:00:00,Wakanda,Medical Kits,731.34,4.15,False
2023-05-13T05:00:00,Sokovia,Vibranium (kg),2428.7,4.61,False
2023-05-13T05:00:00,Sokovia,Arc Reactor Cores,704.69,5.53,False
2023-05-13T05:00:00,Sokovia,Pym Particles,715.56,5.07,False
2023-05-13T05:00:00,Sokovia,Clean Water (L),2408.08,5.53,False
2023-05-13T05:00:00,Sokovia,Medical Kits,734.18,4.15,False
2023-05-13T05:00:00,Sanctum Sanctorum,Vibranium (kg),2422.74,4.61,False
2023-05-13T05:00:00,Sanctum Sanctorum,Arc Reactor Cores,709.81,5.53,False
2023-05-13T05:00:00,Sanctum Sanctorum,Pym Particles,713.8,5.07,False
2023-05-13T05:00:00,Sanctum Sanctorum,Clean Water (L),2409.09,5.53,False
2023-05-13T05:00:00,Sanctum Sanctorum,Medical Kits,732.76,4.15,False
2023-05-13T05:00:00,Avengers Compound,Vibranium (kg),2425.56,4.61,False
2023-05-13T05:00:00,Avengers Compound,Arc Reactor Cores,710.58,5.53,False
2023-05-13T05:00:00,Avengers Compound,Pym Particles,719.53,5.07,False
2023-05-13T05:00:00,Avengers Compound,Clean Water (L),2403.34,5.53,False
2023-05-13T05:00:00,Avengers Compound,Medical Kits,735.18,4.15,False
2023-05-13T06:00:00,New Asgard,Vibranium (kg),2424.59,5.0,False
2023-05-13T06:00:00,New Asgard,Arc Reactor Cores,705.66,6.0,False
2023-05-13T06:00:00,New Asgard,Pym Particles,715.49,5.5,False
2023-05-13T06:00:00,New Asgard,Clean Water (L),2406.68,6.0,False
2023-05-13T06:00:00,New Asgard,Medical Kits,735.05,4.5,False
2023-05-13T06:00:00,Wakanda,Vibranium (kg),2426.83,5.0,False
2023-05-13T06:00:00,Wakanda,Arc Reactor Cores,707.11,6.0,False
2023-05-13T06:00:00,Wakanda,Pym Particles,708.86,5.5,False
2023-05-13T06:00:00,Wakanda,Clean Water (L),2404.56,6.0,False
2023-05-13T06:00:00,Wakanda,Medical Kits,732.52,4.5,False
2023-05-13T06:00:00,Sokovia,Vibranium (kg),2429.74,5.0,False
2023-05-13T06:00:00,Sokovia,Arc Reactor Cores,705.14,6.0,False
2023-05-13T06:00:00,Sokovia,Pym Particles,715.96,5.5,False
2023-05-13T06:00:00,Sokovia,Clean Water (L),2408.39,6.0,False
2023-05-13T06:00:00,Sokovia,Medical Kits,734.96,4.5,False
2023-05-13T06:00:00,Sanctum Sanctorum,Vibranium (kg),2421.98,5.0,False
2023-05-13T06:00:00,Sanctum Sanctorum,Arc Reactor Cores,709.97,6.0,False
2023-05-13T06:00:00,Sanctum Sanctorum,Pym Particles,713.18,5.5,False
2023-05-13T06:00:00,Sanctum Sanctorum,Clean Water (L),2408.0,6.0,False
2023-05-13T06:00:00,Sanctum Sanctorum,Medical Kits,732.69,4.5,False
2023-05-13T06:00:00,Avengers Compound,Vibranium (kg),2425.05,5.0,False
2023-05-13T06:00:00,Avengers Compound,Arc Reactor Cores,709.03,6.0,False
2023-05-13T06:00:00,Avengers Compound,Pym Particles,718.71,5.5,False
2023-05-13T06:00:00,Avengers Compound,Clean Water (L),2403.17,6.0,False
2023-05-13T06:00:00,Avengers Compound,Medical Kits,734.42,4.5,False
2023-05-13T07:00:00,New Asgard,Vibranium (kg),2422.52,5.39,False
2023-05-13T07:00:00,New Asgard,Arc Reactor Cores,704.59,6.47,False
2023-05-13T07:00:00,New Asgard,Pym Particles,714.22,5.93,False
2023-05-13T07:00:00,New Asgard,Clean Water (L),2406.74,6.47,False
2023-05-13T07:00:00,New Asgard,Medical Kits,735.0,4.85,False
2023-05-13T07:00:00,Wakanda,Vibranium (kg),2425.21,5.39,False
2023-05-13T07:00:00,Wakanda,Arc Reactor Cores,704.73,6.47,False
2023-05-13T07:00:00,Wakanda,Pym Particles,708.82,5.93,False
2023-05-13T07:00:00,Wakanda,Clean Water (L),2404.51,6.47,False
2023-05-13T07:00:00,Wakanda,Medical Kits,731.97,4.85,False
2023-05-13T07:00:00,Sokovia,Vibranium (kg),2430.14,5.39,False
2023-05-13T07:00:00,Sokovia,Arc Reactor Cores,704.66,6.47,False
2023-05-13T07:00:00,Sokovia,Pym Particles,715.95,5.93,False
2023-05-13T07:00:00,Sokovia,Clean Water (L),2407.84,6.47,False
2023-05-13T07:00:00,Sokovia,Medical Kits,734.85,4.85,False
2023-05-13T07:00:00,Sanctum Sanctorum,Vibranium (kg),2421.38,5.39,False
2023-05-13T07:00:00,Sanctum Sanctorum,Arc Reactor Cores,708.46,6.47,False
2023-05-13T07:00:00,Sanctum Sanctorum,Pym Particles,712.08,5.93,False
2023-05-13T07:00:00,Sanctum Sanctorum,Clean Water (L),2407.52,6.47,False
2023-05-13T07:00:00,Sanctum Sanctorum,Medical Kits,731.26,4.85,False
2023-05-13T07:00:00,Avengers Compound,Vibranium (kg),2425.0,5.39,False
2023-05-13T07:00:00,Avengers Compound,Arc Reactor Cores,708.74,6.47,False
2023-05-13T07:00:00,Avengers Compound,Pym Particles,717.56,5.93,False
2023-05-13T07:00:00,Avengers Compound,Clean Water (L),2401.68,6.47,False
2023-05-13T07:00:00,Avengers Compound,Medical Kits,734.41,4.85,False
2023-05-13T08:00:00,New Asgard,Vibranium (kg),2422.27,5.75,False
2023-05-13T08:00:00,New Asgard,Arc Reactor Cores,705.16,6.9,False
2023-05-13T08:00:00,New Asgard,Pym Particles,713.15,6.32,False
2023-05-13T08:00:00,New Asgard,Clean Water (L),2405.15,6.9,False
2023-05-13T08:00:00,New Asgard,Medical Kits,734.53,5.17,False
2023-05-13T08:00:00,Wakanda,Vibranium (kg),2424.79,5.75,False
2023-05-13T08:00:00,Wakanda,Arc Reactor Cores,702.26,6.9,False
2023-05-13T08:00:00,Wakanda,Pym Particles,708.76,6.32,False
2023-05-13T08:00:00,Wakanda,Clean Water (L),2402.36,6.9,False
2023-05-13T08:00:00,Wakanda,Medical Kits,731.07,5.17,False
2023-05-13T08:00:00,Sokovia,Vibranium (kg),2429.49,5.75,False
2023-05-13T08:00:00,Sokovia,Arc Reactor Cores,702.68,6.9,False
2023-05-13T08:00:00,Sokovia,Pym Particles,715.58,6.32,False
2023-05-13T08:00:00,Sokovia,Clean Water (L),2407.97,6.9,False
2023-05-13T08:00:00,Sokovia,Medical Kits,734.88,5.17,False
2023-05-13T08:00:00,Sanctum Sanctorum,Vibranium (kg),2420.31,5.75,False
2023-05-13T08:00:00,Sanctum Sanctorum,Arc Reactor Cores,707.35,6.9,False
2023-05-13T08:00:00,Sanctum Sanctorum,Pym Particles,711.25,6.32,False
2023-05-13T08:00:00,Sanctum Sanctorum,Clean Water (L),2404.87,6.9,False
2023-05-13T08:00:00,Sanctum Sanctorum,Medical Kits,729.04,5.17,False
2023-05-13T08:00:00,Avengers Compound,Vibranium (kg),2422.54,5.75,False
2023-05-13T08:00:00,Avengers Compound,Arc Reactor Cores,706.43,6.9,False
2023-05-13T08:00:00,Avengers Compound,Pym Particles,715.18,6.32,False
2023-05-13T08:00:00,Avengers Compound,Clean Water (L),2400.91,6.9,False
2023-05-13T08:00:00,Avengers Compound,Medical Kits,733.51,5.17,False
2023-05-13T09:00:00,New Asgard,Vibranium (kg),2419.89,6.06,False
2023-05-13T09:00:00,New Asgard,Arc Reactor Cores,703.79,7.27,False
2023-05-13T09:00:00,New Asgard,Pym Particles,710.49,6.67,False
2023-05-13T09:00:00,New Asgard,Clean Water (L),2404.43,7.27,False
2023-05-13T09:00:00,New Asgard,Medical Kits,732.89,5.45,False
2023-05-13T09:00:00,Wakanda,Vibranium (kg),2424.16,6.06,False
2023-05-13T09:00:00,Wakanda,Arc Reactor Cores,700.09,7.27,False
2023-05-13T09:00:00,Wakanda,Pym Particles,707.39,6.67,False
2023-05-13T09:00:00,Wakanda,Clean Water (L),2399.92,7.27,False
2023-05-13T09:00:00,Wakanda,Medical Kits,730.93,5.45,False
2023-05-13T09:00:00,Sokovia,Vibranium (kg),2428.94,6.06,False
2023-05-13T09:00:00,Sokovia,Arc Reactor Cores,700.22,7.27,False
2023-05-13T09:00:00,Sokovia,Pym Particles,713.7,6.67,False
2023-05-13T09:00:00,Sokovia,Clean Water (L),2406.44,7.27,False
2023-05-13T09:00:00,Sokovia,Medical Kits,734.61,5.45,False
2023-05-13T09:00:00,Sanctum Sanctorum,Vibranium (kg),2419.16,6.06,False
2023-05-13T09:00:00,Sanctum Sanctorum,Arc Reactor Cores,705.71,7.27,False
2023-05-13T09:00:00,Sanctum Sanctorum,Pym Particles,710.92,6.67,False
2023-05-13T09:00:00,Sanctum Sanctorum,Clean Water (L),2403.1,7.27,False
2023-05-13T09:00:00,Sanctum Sanctorum,Medical Kits,728.69,5.45,False
2023-05-13T09:00:00,Avengers Compound,Vibranium (kg),2420.99,6.06,False
2023-05-13T09:00:00,Avengers Compound,Arc Reactor Cores,705.18,7.27,False
2023-05-13T09:00:00,Avengers Compound,Pym Particles,712.82,6.67,False
2023-05-13T09:00:00,Avengers Compound,Clean Water (L),2399.93,7.27,False
2023-05-13T09:00:00,Avengers Compound,Medical Kits,733.29,5.45,False
2023-05-13T10:00:00,New Asgard,Vibranium (kg),2418.98,6.3,False
2023-05-13T10:00:00,New Asgard,Arc Reactor Cores,702.59,7.56,False
2023-05-13T10:00:00,New Asgard,Pym Particles,709.58,6.93,False
2023-05-13T10:00:00,New Asgard,Clean Water (L),2402.74,7.56,False
2023-05-13T10:00:00,New Asgard,Medical Kits,732.48,5.67,False
2023-05-13T10:00:00,Wakanda,Vibranium (kg),2423.11,6.3,False
2023-05-13T10:00:00,Wakanda,Arc Reactor Cores,699.17,7.56,False
2023-05-13T10:00:00,Wakanda,Pym Particles,707.05,6.93,False
2023-05-13T10:00:00,Wakanda,Clean Water (L),2400.01,7.56,False
2023-05-13T10:00:00,Wakanda,Medical Kits,729.4,5.67,False
2023-05-13T10:00:00,Sokovia,Vibranium (kg),2427.23,6.3,False
2023-05-13T10:00:00,Sokovia,Arc Reactor Cores,698.84,7.56,False
2023-05-13T10:00:00,Sokovia,Pym Particles,712.73,6.93,False
2023-05-13T10:00:00,Sokovia,Clean Water (L),2404.4,7.56,False
2023-05-13T10:00:00,Sokovia,Medical Kits,732.8,5.67,False
2023-05-13T10:00:00,Sanctum Sanctorum,Vibranium (kg),2417.05,6.3,False
2023-05-13T10:00:00,Sanctum Sanctorum,Arc Reactor Cores,703.86,7.56,False
2023-05-13T10:00:00,Sanctum Sanctorum,Pym Particles,709.63,6.93,False
2023-05-13T10:00:00,Sanctum Sanctorum,Clean Water (L),2400.51,7.56,False
2023-05-13T10:00:00,Sanctum Sanctorum,Medical Kits,727.62,5.67,False
2023-05-13T10:00:00,Avengers Compound,Vibranium (kg),2421.4,6.3,False
2023-05-13T10:00:00,Avengers Compound,Arc Reactor Cores,704.04,7.56,False
2023-05-13T10:00:00,Avengers Compound,Pym Particles,711.22,6.93,False
2023-05-13T10:00:00,Avengers Compound,Clean Water (L),2399.05,7.56,False
2023-05-13T10:00:00,Avengers Compound,Medical Kits,730.97,5.67,False
2023-05-13T11:00:00,New Asgard,Vibranium (kg),2416.75,6.45,False
2023-05-13T11:00:00,New Asgard,Arc Reactor Cores,700.42,7.74,False
2023-05-13T11:00:00,New Asgard,Pym Particles,709.81,7.09,False
2023-05-13T11:00:00,New Asgard,Clean Water (L),2401.29,7.74,False
2023-05-13T11:00:00,New Asgard,Medical Kits,732.61,5.8,False
2023-05-13T11:00:00,Wakanda,Vibranium (kg),2420.79,6.45,False
2023-05-13T11:00:00,Wakanda,Arc Reactor Cores,696.23,7.74,False
2023-05-13T11:00:00,Wakanda,Pym Particles,705.55,7.09,False
2023-05-13T11:00:00,Wakanda,Clean Water (L),2398.04,7.74,False
2023-05-13T11:00:00,Wakanda,Medical Kits,726.3,5.8,False
2023-05-13T11:00:00,Sokovia,Vibranium (kg),2426.47,6.45,False
2023-05-13T11:00:00,Sokovia,Arc Reactor Cores,696.57,7.74,False
2023-05-13T11:00:00,Sokovia,Pym Particles,709.51,7.09,False
2023-05-13T11:00:00,Sokovia,Clean Water (L),2401.59,7.74,False
2023-05-13T11:00:00,Sokovia,Medical Kits,732.22,5.8,False
2023-05-13T11:00:00,Sanctum Sanctorum,Vibranium (kg),2416.23,6.45,False
2023-05-13T11:00:00,Sanctum Sanctorum,Arc Reactor Cores,701.12,7.74,False
2023-05-13T11:00:00,Sanctum Sanctorum,Pym Particles,708.51,7.09,False
2023-05-13T11:00:00,Sanctum Sanctorum,Clean Water (L),2397.36,7.74,False
2023-05-13T11:00:00,Sanctum Sanctorum,Medical Kits,726.57,5.8,False
2023-05-13T11:00:00,Avengers Compound,Vibranium (kg),2420.96,6.45,False
2023-05-13T11:00:00,Avengers Compound,Arc Reactor Cores,701.77,7.74,False
2023-05-13T11:00:00,Avengers Compound,Pym Particles,710.33,7.09,False
2023-05-13T11:00:00,Avengers Compound,Clean Water (L),2398.07,7.74,False
2023-05-13T11:00:00,Avengers Compound,Medical Kits,728.76,5.8,False
2023-05-13T12:00:00,New Asgard,Vibranium (kg),2415.48,6.5,False
2023-05-13T12:00:00,New Asgard,Arc Reactor Cores,699.88,7.8,False
2023-05-13T12:00:00,New Asgard,Pym Particles,709.46,7.15,False
2023-05-13T12:00:00,New Asgard,Clean Water (L),2399.63,7.8,False
2023-05-13T12:00:00,New Asgard,Medical Kits,729.36,5.85,False
2023-05-13T12:00:00,Wakanda,Vibranium (kg),2418.88,6.5,False
2023-05-13T12:00:00,Wakanda,Arc Reactor Cores,694.15,7.8,False
2023-05-13T12:00:00,Wakanda,Pym Particles,704.69,7.15,False
2023-05-13T12:00:00,Wakanda,Clean Water (L),2396.49,7.8,False
2023-05-13T12:00:00,Wakanda,Medical Kits,724.84,5.85,False
2023-05-13T12:00:00,Sokovia,Vibranium (kg),2425.02,6.5,False
2023-05-13T12:00:00,Sokovia,Arc Reactor Cores,696.4,7.8,False
2023-05-13T12:00:00,Sokovia,Pym Particles,708.65,7.15,False
2023-05-13T12:00:00,Sokovia,Clean Water (L),2400.04,7.8,False
2023-05-13T12:00:00,Sokovia,Medical Kits,729.91,5.85,False
2023-05-13T12:00:00,Sanctum Sanctorum,Vibranium (kg),2415.07,6.5,False
2023-05-13T12:00:00,Sanctum Sanctorum,Arc Reactor Cores,697.53,7.8,False
2023-05-13T12:00:00,Sanctum Sanctorum,Pym Particles,706.39,7.15,False
2023-05-13T12:00:00,Sanctum Sanctorum,Clean Water (L),2396.13,7.8,False
2023-05-13T12:00:00,Sanctum Sanctorum,Medical Kits,725.2,5.85,False
2023-05-13T12:00:00,Avengers Compound,Vibranium (kg),2419.47,6.5,False
2023-05-13T12:00:00,Avengers Compound,Arc Reactor Cores,700.06,7.8,False
2023-05-13T12:00:00,Avengers Compound,Pym Particles,708.76,7.15,False
2023-05-13T12:00:00,Avengers Compound,Clean Water (L),2395.84,7.8,False
2023-05-13T12:00:00,Avengers Compound,Medical Kits,726.34,5.85,False
2023-05-13T13:00:00,New Asgard,Vibranium (kg),2414.64,6.45,False
2023-05-13T13:00:00,New Asgard,Arc Reactor Cores,698.53,7.74,False
2023-05-13T13:00:00,New Asgard,Pym Particles,708.42,7.09,False
2023-05-13T13:00:00,New Asgard,Clean Water (L),2397.57,7.74,False
2023-05-13T13:00:00,New Asgard,Medical Kits,727.85,5.8,False
2023-05-13T13:00:00,Wakanda,Vibranium (kg),2416.31,6.45,False
2023-05-13T13:00:00,Wakanda,Arc Reactor Cores,692.13,7.74,False
2023-05-13T13:00:00,Wakanda,Pym Particles,702.96,7.09,False
2023-05-13T13:00:00,Wakanda,Clean Water (L),2395.79,7.74,False
2023-05-13T13:00:00,Wakanda,Medical Kits,724.06,5.8,False
2023-05-13T13:00:00,Sokovia,Vibranium (kg),2423.26,6.45,False
2023-05-13T13:00:00,Sokovia,Arc Reactor Cores,694.51,7.74,False
2023-05-13T13:00:00,Sokovia,Pym Particles,706.89,7.09,False
2023-05-13T13:00:00,Sokovia,Clean Water (L),2398.89,7.74,False
2023-05-13T13:00:00,Sokovia,Medical Kits,727.46,5.8,False
2023-05-13T13:00:00,Sanctum Sanctorum,Vibranium (kg),2414.0,6.45,False
2023-05-13T13:00:00,Sanctum Sanctorum,Arc Reactor Cores,696.76,7.74,False
2023-05-13T13:00:00,Sanctum Sanctorum,Pym Particles,704.1,7.09,False
2023-05-13T13:00:00,Sanctum Sanctorum,Clean Water (L),2395.63,7.74,False
2023-05-13T13:00:00,Sanctum Sanctorum,Medical Kits,722.32,5.8,False
2023-05-13T13:00:00,Avengers Compound,Vibranium (kg),2417.66,6.45,False
2023-05-13T13:00:00,Avengers Compound,Arc Reactor Cores,697.15,7.74,False
2023-05-13T13:00:00,Avengers Compound,Pym Particles,706.89,7.09,False
2023-05-13T13:00:00,Avengers Compound,Clean Water (L),2394.0,7.74,False
2023-05-13T13:00:00,Avengers Compound,Medical Kits,726.74,5.8,False
2023-05-13T14:00:00,New Asgard,Vibranium (kg),2414.24,6.3,False
2023-05-13T14:00:00,New Asgard,Arc Reactor Cores,696.93,7.56,False
2023-05-13T14:00:00,New Asgard,Pym Particles,707.29,6.93,False
2023-05-13T14:00:00,New Asgard,Clean Water (L),2396.28,7.56,False
2023-05-13T14:00:00,New Asgard,Medical Kits,727.22,5.67,False
2023-05-13T14:00:00,Wakanda,Vibranium (kg),2414.89,6.3,False
2023-05-13T14:00:00,Wakanda,Arc Reactor Cores,689.1,7.56,False
2023-05-13T14:00:00,Wakanda,Pym Particles,703.1,6.93,False
2023-05-13T14:00:00,Wakanda,Clean Water (L),2396.0,7.56,False
2023-05-13T14:00:00,Wakanda,Medical Kits,721.65,5.67,False
2023-05-13T14:00:00,Sokovia,Vibranium (kg),2421.77,6.3,False
2023-05-13T14:00:00,Sokovia,Arc Reactor Cores,693.96,7.56,False
2023-05-13T14:00:00,Sokovia,Pym Particles,705.93,6.93,False
2023-05-13T14:00:00,Sokovia,Clean Water (L),2396.17,7.56,False
2023-05-13T14:00:00,Sokovia,Medical Kits,726.45,5.67,False
2023-05-13T14:00:00,Sanctum Sanctorum,Vibranium (kg),2413.42,6.3,False
2023-05-13T14:00:00,Sanctum Sanctorum,Arc Reactor Cores,695.65,7.56,False
2023-05-13T14:00:00,Sanctum Sanctorum,Pym Particles,702.58,6.93,False
2023-05-13T14:00:00,Sanctum Sanctorum,Clean Water (L),2393.88,7.56,False
2023-05-13T14:00:00,Sanctum Sanctorum,Medical Kits,721.43,5.67,False
2023-05-13T14:00:00,Avengers Compound,Vibranium (kg),2416.52,6.3,False
2023-05-13T14:00:00,Avengers Compound,Arc Reactor Cores,695.01,7.56,False
2023-05-13T14:00:00,Avengers Compound,Pym Particles,704.59,6.93,False
2023-05-13T14:00:00,Avengers Compound,Clean Water (L),2393.67,7.56,False
2023-05-13T14:00:00,Avengers Compound,Medical Kits,725.3,5.67,False
2023-05-13T15:00:00,New Asgard,Vibranium (kg),2413.85,6.06,False
2023-05-13T15:00:00,New Asgard,Arc Reactor Cores,696.21,7.27,False
2023-05-13T15:00:00,New Asgard,Pym Particles,706.97,6.67,False
2023-05-13T15:00:00,New Asgard,Clean Water (L),2395.02,7.27,False
2023-05-13T15:00:00,New Asgard,Medical Kits,727.22,5.45,False
2023-05-13T15:00:00,Wakanda,Vibranium (kg),2414.09,6.06,False
2023-05-13T15:00:00,Wakanda,Arc Reactor Cores,686.97,7.27,False
2023-05-13T15:00:00,Wakanda,Pym Particles,700.88,6.67,False
2023-05-13T15:00:00,Wakanda,Clean Water (L),2395.99,7.27,False
2023-05-13T15:00:00,Wakanda,Medical Kits,721.0,5.45,False
2023-05-13T15:00:00,Sokovia,Vibranium (kg),2420.45,6.06,False
2023-05-13T15:00:00,Sokovia,Arc Reactor Cores,694.32,7.27,False
2023-05-13T15:00:00,Sokovia,Pym Particles,705.04,6.67,False
2023-05-13T15:00:00,Sokovia,Clean Water (L),2395.09,7.27,False
2023-05-13T15:00:00,Sokovia,Medical Kits,725.49,5.45,False
2023-05-13T15:00:00,Sanctum Sanctorum,Vibranium (kg),2412.81,6.06,False
2023-05-13T15:00:00,Sanctum Sanctorum,Arc Reactor Cores,694.6,7.27,False
2023-05-13T15:00:00,Sanctum Sanctorum,Pym Particles,701.35,6.67,False
2023-05-13T15:00:00,Sanctum Sanctorum,Clean Water (L),2392.86,7.27,False
2023-05-13T15:00:00,Sanctum Sanctorum,Medical Kits,719.4,5.45,False
2023-05-13T15:00:00,Avengers Compound,Vibranium (kg),2414.45,6.06,False
2023-05-13T15:00:00,Avengers Compound,Arc Reactor Cores,694.43,7.27,False
2023-05-13T15:00:00,Avengers Compound,Pym Particles,704.08,6.67,False
2023-05-13T15:00:00,Avengers Compound,Clean Water (L),2391.6,7.27,False
2023-05-13T15:00:00,Avengers Compound,Medical Kits,725.22,5.45,False
2023-05-13T16:00:00,New Asgard,Vibranium (kg),2414.17,5.75,False
2023-05-13T16:00:00,New Asgard,Arc Reactor Cores,695.47,6.9,False
2023-05-13T16:00:00,New Asgard,Pym Particles,706.3,6.32,False
2023-05-13T16:00:00,New Asgard,Clean Water (L),2394.67,6.9,False
2023-05-13T16:00:00,New Asgard,Medical Kits,726.72,5.17,False
2023-05-13T16:00:00,Wakanda,Vibranium (kg),2413.51,5.75,False
2023-05-13T16:00:00,Wakanda,Arc Reactor Cores,686.09,6.9,False
2023-05-13T16:00:00,Wakanda,Pym Particles,700.48,6.32,False
2023-05-13T16:00:00,Wakanda,Clean Water (L),2395.66,6.9,False
2023-05-13T16:00:00,Wakanda,Medical Kits,721.01,5.17,False
2023-05-13T16:00:00,Sokovia,Vibranium (kg),2421.05,5.75,False
2023-05-13T16:00:00,Sokovia,Arc Reactor Cores,694.59,6.9,False
2023-05-13T16:00:00,Sokovia,Pym Particles,704.96,6.32,False
2023-05-13T16:00:00,Sokovia,Clean Water (L),2394.76,6.9,False
2023-05-13T16:00:00,Sokovia,Medical Kits,725.21,5.17,False
2023-05-13T16:00:00,Sanctum Sanctorum,Vibranium (kg),2414.02,5.75,False
2023-05-13T16:00:00,Sanctum Sanctorum,Arc Reactor Cores,695.07,6.9,False
2023-05-13T16:00:00,Sanctum Sanctorum,Pym Particles,701.48,6.32,False
2023-05-13T16:00:00,Sanctum Sanctorum,Clean Water (L),2393.92,6.9,False
2023-05-13T16:00:00,Sanctum Sanctorum,Medical Kits,718.95,5.17,False
2023-05-13T16:00:00,Avengers Compound,Vibranium (kg),2414.92,5.75,False
2023-05-13T16:00:00,Avengers Compound,Arc Reactor Cores,692.66,6.9,False
2023-05-13T16:00:00,Avengers Compound,Pym Particles,703.07,6.32,False
2023-05-13T16:00:00,Avengers Compound,Clean Water (L),2390.66,6.9,False
2023-05-13T16:00:00,Avengers Compound,Medical Kits,726.08,5.17,False
2023-05-13T17:00:00,New Asgard,Vibranium (kg),2414.19,5.39,False
2023-05-13T17:00:00,New Asgard,Arc Reactor Cores,694.09,6.47,False
2023-05-13T17:00:00,New Asgard,Pym Particles,704.7,5.93,False
2023-05-13T17:00:00,New Asgard,Clean Water (L),2394.68,6.47,False
2023-05-13T17:00:00,New Asgard,Medical Kits,726.51,4.85,False
2023-05-13T17:00:00,Wakanda,Vibranium (kg),2413.07,5.39,False
2023-05-13T17:00:00,Wakanda,Arc Reactor Cores,686.7,6.47,False
2023-05-13T17:00:00,Wakanda,Pym Particles,700.32,5.93,False
2023-05-13T17:00:00,Wakanda,Clean Water (L),2395.91,6.47,False
2023-05-13T17:00:00,Wakanda,Medical Kits,722.32,4.85,False
2023-05-13T17:00:00,Sokovia,Vibranium (kg),2419.96,5.39,False
2023-05-13T17:00:00,Sokovia,Arc Reactor Cores,695.22,6.47,False
2023-05-13T17:00:00,Sokovia,Pym Particles,704.1,5.93,False
2023-05-13T17:00:00,Sokovia,Clean Water (L),2394.02,6.47,False
2023-05-13T17:00:00,Sokovia,Medical Kits,726.29,4.85,False
2023-05-13T17:00:00,Sanctum Sanctorum,Vibranium (kg),2414.21,5.39,False
2023-05-13T17:00:00,Sanctum Sanctorum,Arc Reactor Cores,695.17,6.47,False
2023-05-13T17:00:00,Sanctum Sanctorum,Pym Particles,700.81,5.93,False
2023-05-13T17:00:00,Sanctum Sanctorum,Clean Water (L),2393.82,6.47,False
2023-05-13T17:00:00,Sanctum Sanctorum,Medical Kits,718.15,4.85,False
2023-05-13T17:00:00,Avengers Compound,Vibranium (kg),2413.92,5.39,False
2023-05-13T17:00:00,Avengers Compound,Arc Reactor Cores,693.29,6.47,False
2023-05-13T17:00:00,Avengers Compound,Pym Particles,703.72,5.93,False
2023-05-13T17:00:00,Avengers Compound,Clean Water (L),2389.93,6.47,False
2023-05-13T17:00:00,Avengers Compound,Medical Kits,725.67,4.85,False
2023-05-13T18:00:00,New Asgard,Vibranium (kg),2413.74,5.0,False
2023-05-13T18:00:00,New Asgard,Arc Reactor Cores,693.8,6.0,False
2023-05-13T18:00:00,New Asgard,Pym Particles,705.33,5.5,False
2023-05-13T18:00:00,New Asgard,Clean Water (L),2395.16,6.0,False
2023-05-13T18:00:00,New Asgard,Medical Kits,726.01,4.5,False
2023-05-13T18:00:00,Wakanda,Vibranium (kg),2412.15,5.0,False
2023-05-13T18:00:00,Wakanda,Arc Reactor Cores,688.7,6.0,False
2023-05-13T18:00:00,Wakanda,Pym Particles,699.66,5.5,False
2023-05-13T18:00:00,Wakanda,Clean Water (L),2396.23,6.0,False
2023-05-13T18:00:00,Wakanda,Medical Kits,722.69,4.5,False
2023-05-13T18:00:00,Sokovia,Vibranium (kg),2420.44,5.0,False
2023-05-13T18:00:00,Sokovia,Arc Reactor Cores,695.86,6.0,False
2023-05-13T18:00:00,Sokovia,Pym Particles,703.64,5.5,False
2023-05-13T18:00:00,Sokovia,Clean Water (L),2395.25,6.0,False
2023-05-13T18:00:00,Sokovia,Medical Kits,725.82,4.5,False
2023-05-13T18:00:00,Sanctum Sanctorum,Vibranium (kg),2414.37,5.0,False
2023-05-13T18:00:00,Sanctum Sanctorum,Arc Reactor Cores,696.91,6.0,False
2023-05-13T18:00:00,Sanctum Sanctorum,Pym Particles,701.16,5.5,False
2023-05-13T18:00:00,Sanctum Sanctorum,Clean Water (L),2395.51,6.0,False
2023-05-13T18:00:00,Sanctum Sanctorum,Medical Kits,719.24,4.5,False
2023-05-13T18:00:00,Avengers Compound,Vibranium (kg),2415.79,5.0,False
2023-05-13T18:00:00,Avengers Compound,Arc Reactor Cores,693.02,6.0,False
2023-05-13T18:00:00,Avengers Compound,Pym Particles,704.69,5.5,False
2023-05-13T18:00:00,Avengers Compound,Clean Water (L),2390.3,6.0,False
2023-05-13T18:00:00,Avengers Compound,Medical Kits,726.01,4.5,False
2023-05-13T19:00:00,New Asgard,Vibranium (kg),2412.79,4.61,False
2023-05-13T19:00:00,New Asgard,Arc Reactor Cores,693.55,5.53,False
2023-05-13T19:00:00,New Asgard,Pym Particles,706.19,5.07,False
2023-05-13T19:00:00,New Asgard,Clean Water (L),2396.35,5.53,False
2023-05-13T19:00:00,New Asgard,Medical Kits,727.1,4.15,False
2023-05-13T19:00:00,Wakanda,Vibranium (kg),2413.09,4.61,False
2023-05-13T19:00:00,Wakanda,Arc Reactor Cores,689.05,5.53,False
2023-05-13T19:00:00,Wakanda,Pym Particles,698.99,5.07,False
2023-05-13T19:00:00,Wakanda,Clean Water (L),2397.75,5.53,False
2023-05-13T19:00:00,Wakanda,Medical Kits,723.33,4.15,False
2023-05-13T19:00:00,Sokovia,Vibranium (kg),2420.99,4.61,False
2023-05-13T19:00:00,Sokovia,Arc Reactor Cores,695.67,5.53,False
2023-05-13T19:00:00,Sokovia,Pym Particles,703.81,5.07,False
2023-05-13T19:00:00,Sokovia,Clean Water (L),2396.29,5.53,False
2023-05-13T19:00:00,Sokovia,Medical Kits,724.7,4.15,False
2023-05-13T19:00:00,Sanctum Sanctorum,Vibranium (kg),2416.14,4.61,False
2023-05-13T19:00:00,Sanctum Sanctorum,Arc Reactor Cores,697.25,5.53,False
2023-05-13T19:00:00,Sanctum Sanctorum,Pym Particles,700.98,5.07,False
2023-05-13T19:00:00,Sanctum Sanctorum,Clean Water (L),2396.19,5.53,False
2023-05-13T19:00:00,Sanctum Sanctorum,Medical Kits,720.54,4.15,False
2023-05-13T19:00:00,Avengers Compound,Vibranium (kg),2417.91,4.61,False
2023-05-13T19:00:00,Avengers Compound,Arc Reactor Cores,694.28,5.53,False
2023-05-13T19:00:00,Avengers Compound,Pym Particles,704.85,5.07,False
2023-05-13T19:00:00,Avengers Compound,Clean Water (L),2389.68,5.53,False
2023-05-13T19:00:00,Avengers Compound,Medical Kits,727.12,4.15,False
2023-05-13T20:00:00,New Asgard,Vibranium (kg),2415.08,4.25,False
2023-05-13T20:00:00,New Asgard,Arc Reactor Cores,695.77,5.1,False
2023-05-13T20:00:00,New Asgard,Pym Particles,706.66,4.68,False
2023-05-13T20:00:00,New Asgard,Clean Water (L),2398.72,5.1,False
2023-05-13T20:00:00,New Asgard,Medical Kits,729.75,3.83,False
2023-05-13T20:00:00,Wakanda,Vibranium (kg),2414.2,4.25,False
2023-05-13T20:00:00,Wakanda,Arc Reactor Cores,690.62,5.1,False
2023-05-13T20:00:00,Wakanda,Pym Particles,699.44,4.68,False
2023-05-13T20:00:00,Wakanda,Clean Water (L),2397.99,5.1,False
2023-05-13T20:00:00,Wakanda,Medical Kits,723.97,3.83,False
2023-05-13T20:00:00,Sokovia,Vibranium (kg),2421.68,4.25,False
2023-05-13T20:00:00,Sokovia,Arc Reactor Cores,695.69,5.1,False
2023-05-13T20:00:00,Sokovia,Pym Particles,704.93,4.68,False
2023-05-13T20:00:00,Sokovia,Clean Water (L),2398.47,5.1,False
2023-05-13T20:00:00,Sokovia,Medical Kits,724.15,3.83,False
2023-05-13T20:00:00,Sanctum Sanctorum,Vibranium (kg),2415.92,4.25,False
2023-05-13T20:00:00,Sanctum Sanctorum,Arc Reactor Cores,698.44,5.1,False
2023-05-13T20:00:00,Sanctum Sanctorum,Pym Particles,702.99,4.68,False
2023-05-13T20:00:00,Sanctum Sanctorum,Clean Water (L),2397.76,5.1,False
2023-05-13T20:00:00,Sanctum Sanctorum,Medical Kits,721.23,3.83,False
2023-05-13T20:00:00,Avengers Compound,Vibranium (kg),2416.89,4.25,False
2023-05-13T20:00:00,Avengers Compound,Arc Reactor Cores,696.82,5.1,False
2023-05-13T20:00:00,Avengers Compound,Pym Particles,704.91,4.68,False
2023-05-13T20:00:00,Avengers Compound,Clean Water (L),2392.57,5.1,False
2023-05-13T20:00:00,Avengers Compound,Medical Kits,727.3,3.83,False
2023-05-13T21:00:00,New Asgard,Vibranium (kg),2417.17,3.94,False
2023-05-13T21:00:00,New Asgard,Arc Reactor Cores,697.73,4.73,False
2023-05-13T21:00:00,New Asgard,Pym Particles,709.29,4.33,False
2023-05-13T21:00:00,New Asgard,Clean Water (L),2399.21,4.73,False
2023-05-13T21:00:00,New Asgard,Medical Kits,729.25,3.55,False
2023-05-13T21:00:00,Wakanda,Vibranium (kg),2415.77,3.94,False
2023-05-13T21:00:00,Wakanda,Arc Reactor Cores,691.0,4.73,False
2023-05-13T21:00:00,Wakanda,Pym Particles,700.87,4.33,False
2023-05-13T21:00:00,Wakanda,Clean Water (L),2399.76,4.73,False
2023-05-13T21:00:00,Wakanda,Medical Kits,724.87,3.55,False
2023-05-13T21:00:00,Sokovia,Vibranium (kg),2423.69,3.94,False
2023-05-13T21:00:00,Sokovia,Arc Reactor Cores,695.46,4.73,False
2023-05-13T21:00:00,Sokovia,Pym Particles,705.63,4.33,False
2023-05-13T21:00:00,Sokovia,Clean Water (L),2400.99,4.73,False
2023-05-13T21:00:00,Sokovia,Medical Kits,723.85,3.55,False
2023-05-13T21:00:00,Sanctum Sanctorum,Vibranium (kg),2418.12,3.94,False
2023-05-13T21:00:00,Sanctum Sanctorum,Arc Reactor Cores,701.4,4.73,False
2023-05-13T21:00:00,Sanctum Sanctorum,Pym Particles,704.69,4.33,False
2023-05-13T21:00:00,Sanctum Sanctorum,Clean Water (L),2398.82,4.73,False
2023-05-13T21:00:00,Sanctum Sanctorum,Medical Kits,722.46,3.55,False
2023-05-13T21:00:00,Avengers Compound,Vibranium (kg),2418.67,3.94,False
2023-05-13T21:00:00,Avengers Compound,Arc Reactor Cores,698.19,4.73,False
2023-05-13T21:00:00,Avengers Compound,Pym Particles,704.61,4.33,False
2023-05-13T21:00:00,Avengers Compound,Clean Water (L),2393.34,4.73,False
2023-05-13T21:00:00,Avengers Compound,Medical Kits,728.35,3.55,False
2023-05-13T22:00:00,New Asgard,Vibranium (kg),2420.25,3.7,False
2023-05-13T22:00:00,New Asgard,Arc Reactor Cores,699.03,4.44,False
2023-05-13T22:00:00,New Asgard,Pym Particles,710.49,4.07,False
2023-05-13T22:00:00,New Asgard,Clean Water (L),2400.32,4.44,False
2023-05-13T22:00:00,New Asgard,Medical Kits,730.25,3.33,False
2023-05-13T22:00:00,Wakanda,Vibranium (kg),2416.98,3.7,False
2023-05-13T22:00:00,Wakanda,Arc Reactor Cores,693.43,4.44,False
2023-05-13T22:00:00,Wakanda,Pym Particles,704.51,4.07,False
2023-05-13T22:00:00,Wakanda,Clean Water (L),2400.07,4.44,False
2023-05-13T22:00:00,Wakanda,Medical Kits,725.9,3.33,False
2023-05-13T22:00:00,Sokovia,Vibranium (kg),2424.95,3.7,False
2023-05-13T22:00:00,Sokovia,Arc Reactor Cores,695.94,4.44,False
2023-05-13T22:00:00,Sokovia,Pym Particles,706.84,4.07,False
2023-05-13T22:00:00,Sokovia,Clean Water (L),2402.87,4.44,False
2023-05-13T22:00:00,Sokovia,Medical Kits,725.54,3.33,False
2023-05-13T22:00:00,Sanctum Sanctorum,Vibranium (kg),2419.55,3.7,False
2023-05-13T22:00:00,Sanctum Sanctorum,Arc Reactor Cores,702.83,4.44,False
2023-05-13T22:00:00,Sanctum Sanctorum,Pym Particles,707.5,4.07,False
2023-05-13T22:00:00,Sanctum Sanctorum,Clean Water (L),2399.49,4.44,False
2023-05-13T22:00:00,Sanctum Sanctorum,Medical Kits,725.02,3.33,False
2023-05-13T22:00:00,Avengers Compound,Vibranium (kg),2419.21,3.7,False
2023-05-13T22:00:00,Avengers Compound,Arc Reactor Cores,698.47,4.44,False
2023-05-13T22:00:00,Avengers Compound,Pym Particles,706.35,4.07,False
2023-05-13T22:00:00,Avengers Compound,Clean Water (L),2393.83,4.44,False
2023-05-13T22:00:00,Avengers Compound,Medical Kits,730.69,3.33,False
2023-05-13T23:00:00,New Asgard,Vibranium (kg),2420.16,3.55,False
2023-05-13T23:00:00,New Asgard,Arc Reactor Cores,701.98,4.26,False
2023-05-13T23:00:00,New Asgard,Pym Particles,712.18,3.91,False
2023-05-13T23:00:00,New Asgard,Clean Water (L),2401.2,4.26,False
2023-05-13T23:00:00,New Asgard,Medical Kits,731.46,3.2,False
2023-05-13T23:00:00,Wakanda,Vibranium (kg),2418.3,3.55,False
2023-05-13T23:00:00,Wakanda,Arc Reactor Cores,695.4,4.26,False
2023-05-13T23:00:00,Wakanda,Pym Particles,705.4,3.91,False
2023-05-13T23:00:00,Wakanda,Clean Water (L),2402.09,4.26,False
2023-05-13T23:00:00,Wakanda,Medical Kits,728.37,3.2,False
2023-05-13T23:00:00,Sokovia,Vibranium (kg),2426.28,3.55,False
2023-05-13T23:00:00,Sokovia,Arc Reactor Cores,696.63,4.26,False
2023-05-13T23:00:00,Sokovia,Pym Particles,708.55,3.91,False
2023-05-13T23:00:00,Sokovia,Clean Water (L),2404.46,4.26,False
2023-05-13T23:00:00,Sokovia,Medical Kits,727.86,3.2,False
2023-05-13T23:00:00,Sanctum Sanctorum,Vibranium (kg),2421.37,3.55,False
2023-05-13T23:00:00,Sanctum Sanctorum,Arc Reactor Cores,702.96,4.26,False
2023-05-13T23:00:00,Sanctum Sanctorum,Pym Particles,708.48,3.91,False
2023-05-13T23:00:00,Sanctum Sanctorum,Clean Water (L),2402.7,4.26,False
2023-05-13T23:00:00,Sanctum Sanctorum,Medical Kits,726.15,3.2,False
2023-05-13T23:00:00,Avengers Compound,Vibranium (kg),2420.5,3.55,False
2023-05-13T23:00:00,Avengers Compound,Arc Reactor Cores,701.31,4.26,False
2023-05-13T23:00:00,Avengers Compound,Pym Particles,707.79,3.91,False
2023-05-13T23:00:00,Avengers Compound,Clean Water (L),2396.01,4.26,False
2023-05-13T23:00:00,Avengers Compound,Medical Kits,731.89,3.2,False
2023-05-14T00:00:00,New Asgard,Vibranium (kg),2421.75,3.5,False
2023-05-14T00:00:00,New Asgard,Arc Reactor Cores,703.74,4.2,False
2023-05-14T00:00:00,New Asgard,Pym Particles,712.7,3.85,False
2023-05-14T00:00:00,New Asgard,Clean Water (L),2402.52,4.2,False
2023-05-14T00:00:00,New Asgard,Medical Kits,733.04,3.15,False
2023-05-14T00:00:00,Wakanda,Vibranium (kg),2420.73,3.5,False
2023-05-14T00:00:00,Wakanda,Arc Reactor Cores,697.52,4.2,False
2023-05-14T00:00:00,Wakanda,Pym Particles,707.34,3.85,False
2023-05-14T00:00:00,Wakanda,Clean Water (L),2403.71,4.2,False
2023-05-14T00:00:00,Wakanda,Medical Kits,730.02,3.15,False
2023-05-14T00:00:00,Sokovia,Vibranium (kg),2427.99,3.5,False
2023-05-14T00:00:00,Sokovia,Arc Reactor Cores,698.86,4.2,False
2023-05-14T00:00:00,Sokovia,Pym Particles,711.0,3.85,False
2023-05-14T00:00:00,Sokovia,Clean Water (L),2405.8,4.2,False
2023-05-14T00:00:00,Sokovia,Medical Kits,729.17,3.15,False
2023-05-14T00:00:00,Sanctum Sanctorum,Vibranium (kg),2422.95,3.5,False
2023-05-14T00:00:00,Sanctum Sanctorum,Arc Reactor Cores,704.82,4.2,False
2023-05-14T00:00:00,Sanctum Sanctorum,Pym Particles,709.08,3.85,False
2023-05-14T00:00:00,Sanctum Sanctorum,Clean Water (L),2404.42,4.2,False
2023-05-14T00:00:00,Sanctum Sanctorum,Medical Kits,727.17,3.15,False
2023-05-14T00:00:00,Avengers Compound,Vibranium (kg),2422.36,3.5,False
2023-05-14T00:00:00,Avengers Compound,Arc Reactor Cores,704.17,4.2,False
2023-05-14T00:00:00,Avengers Compound,Pym Particles,709.48,3.85,False
2023-05-14T00:00:00,Avengers Compound,Clean Water (L),2397.88,4.2,False
2023-05-14T00:00:00,Avengers Compound,Medical Kits,732.5,3.15,False
2023-05-14T01:00:00,New Asgard,Vibranium (kg),2423.04,3.55,False
2023-05-14T01:00:00,New Asgard,Arc Reactor Cores,705.38,4.26,False
2023-05-14T01:00:00,New Asgard,Pym Particles,714.44,3.91,False
2023-05-14T01:00:00,New Asgard,Clean Water (L),2402.95,4.26,False
2023-05-14T01:00:00,New Asgard,Medical Kits,733.39,3.2,False
2023-05-14T01:00:00,Wakanda,Vibranium (kg),2422.77,3.55,False
2023-05-14T01:00:00,Wakanda,Arc Reactor Cores,701.19,4.26,False
2023-05-14T01:00:00,Wakanda,Pym Particles,708.08,3.91,False
2023-05-14T01:00:00,Wakanda,Clean Water (L),2404.74,4.26,False
2023-05-14T01:00:00,Wakanda,Medical Kits,730.22,3.2,False
2023-05-14T01:00:00,Sokovia,Vibranium (kg),2430.05,3.55,False
2023-05-14T01:00:00,Sokovia,Arc Reactor Cores,701.04,4.26,False
2023-05-14T01:00:00,Sokovia,Pym Particles,712.27,3.91,False
2023-05-14T01:00:00,Sokovia,Clean Water (L),2407.17,4.26,False
2023-05-14T01:00:00,Sokovia,Medical Kits,731.18,3.2,False
2023-05-14T01:00:00,Sanctum Sanctorum,Vibranium (kg),2425.18,3.55,False
2023-05-14T01:00:00,Sanctum Sanctorum,Arc Reactor Cores,705.99,4.26,False
2023-05-14T01:00:00,Sanctum Sanctorum,Pym Particles,711.7,3.91,False
2023-05-14T01:00:00,Sanctum Sanctorum,Clean Water (L),2406.18,4.26,False
2023-05-14T01:00:00,Sanctum Sanctorum,Medical Kits,728.01,3.2,False
2023-05-14T01:00:00,Avengers Compound,Vibranium (kg),2424.11,3.55,False
2023-05-14T01:00:00,Avengers Compound,Arc Reactor Cores,706.44,4.26,False
2023-05-14T01:00:00,Avengers Compound,Pym Particles,712.18,3.91,False
2023-05-14T01:00:00,Avengers Compound,Clean Water (L),2399.64,4.26,False
2023-05-14T01:00:00,Avengers Compound,Medical Kits,732.37,3.2,False
2023-05-14T02:00:00,New Asgard,Vibranium (kg),2425.13,3.7,False
2023-05-14T02:00:00,New Asgard,Arc Reactor Cores,707.37,4.44,False
2023-05-14T02:00:00,New Asgard,Pym Particles,715.21,4.07,False
2023-05-14T02:00:00,New Asgard,Clean Water (L),2405.24,4.44,False
2023-05-14T02:00:00,New Asgard,Medical Kits,733.38,3.33,False
2023-05-14T02:00:00,Wakanda,Vibranium (kg),2424.53,3.7,False
2023-05-14T02:00:00,Wakanda,Arc Reactor Cores,704.52,4.44,False
2023-05-14T02:00:00,Wakanda,Pym Particles,710.07,4.07,False
2023-05-14T02:00:00,Wakanda,Clean Water (L),2405.98,4.44,False
2023-05-14T02:00:00,Wakanda,Medical Kits,730.54,3.33,False
2023-05-14T02:00:00,Sokovia,Vibranium (kg),2430.07,3.7,False
2023-05-14T02:00:00,Sokovia,Arc Reactor Cores,703.24,4.44,False
2023-05-14T02:00:00,Sokovia,Pym Particles,714.22,4.07,False
2023-05-14T02:00:00,Sokovia,Clean Water (L),2407.7,4.44,False
2023-05-14T02:00:00,Sokovia,Medical Kits,733.82,3.33,False
2023-05-14T02:00:00,Sanctum Sanctorum,Vibranium (kg),2426.18,3.7,False
2023-05-14T02:00:00,Sanctum Sanctorum,Arc Reactor Cores,708.7,4.44,False
2023-05-14T02:00:00,Sanctum Sanctorum,Pym Particles,713.95,4.07,False
2023-05-14T02:00:00,Sanctum Sanctorum,Clean Water (L),2406.12,4.44,False
2023-05-14T02:00:00,Sanctum Sanctorum,Medical Kits,728.27,3.33,False
2023-05-14T02:00:00,Avengers Compound,Vibranium (kg),2426.62,3.7,False
2023-05-14T02:00:00,Avengers Compound,Arc Reactor Cores,706.11,4.44,False
2023-05-14T02:00:00,Avengers Compound,Pym Particles,714.28,4.07,False
2023-05-14T02:00:00,Avengers Compound,Clean Water (L),2401.56,4.44,False
2023-05-14T02:00:00,Avengers Compound,Medical Kits,734.06,3.33,False
2023-05-14T03:00:00,New Asgard,Vibranium (kg),2425.81,3.94,False
2023-05-14T03:00:00,New Asgard,Arc Reactor Cores,708.14,4.73,False
2023-05-14T03:00:00,New Asgard,Pym Particles,715.51,4.33,False
2023-05-14T03:00:00,New Asgard,Clean Water (L),2407.49,4.73,False
2023-05-14T03:00:00,New Asgard,Medical Kits,735.43,3.55,False
2023-05-14T03:00:00,Wakanda,Vibranium (kg),2426.92,3.94,False
2023-05-14T03:00:00,Wakanda,Arc Reactor Cores,705.02,4.73,False
2023-05-14T03:00:00,Wakanda,Pym Particles,710.02,4.33,False
2023-05-14T03:00:00,Wakanda,Clean Water (L),2407.4,4.73,False
2023-05-14T03:00:00,Wakanda,Medical Kits,729.87,3.55,False
2023-05-14T03:00:00,Sokovia,Vibranium (kg),2431.72,3.94,False
2023-05-14T03:00:00,Sokovia,Arc Reactor Cores,705.85,4.73,False
2023-05-14T03:00:00,Sokovia,Pym Particles,716.03,4.33,False
2023-05-14T03:00:00,Sokovia,Clean Water (L),2408.92,4.73,False
2023-05-14T03:00:00,Sokovia,Medical Kits,734.59,3.55,False
2023-05-14T03:00:00,Sanctum Sanctorum,Vibranium (kg),2427.73,3.94,False
2023-05-14T03:00:00,Sanctum Sanctorum,Arc Reactor Cores,709.64,4.73,False
2023-05-14T03:00:00,Sanctum Sanctorum,Pym Particles,716.17,4.33,False
2023-05-14T03:00:00,Sanctum Sanctorum,Clean Water (L),2408.21,4.73,False
2023-05-14T03:00:00,Sanctum Sanctorum,Medical Kits,729.01,3.55,False
2023-05-14T03:00:00,Avengers Compound,Vibranium (kg),2428.11,3.94,False
2023-05-14T03:00:00,Avengers Compound,Arc Reactor Cores,708.8,4.73,False
2023-05-14T03:00:00,Avengers Compound,Pym Particles,715.07,4.33,False
2023-05-14T03:00:00,Avengers Compound,Clean Water (L),2401.47,4.73,False
2023-05-14T03:00:00,Avengers Compound,Medical Kits,735.54,3.55,False
2023-05-14T04:00:00,New Asgard,Vibranium (kg),2425.87,4.25,False
2023-05-14T04:00:00,New Asgard,Arc Reactor Cores,707.67,5.1,False
2023-05-14T04:00:00,New Asgard,Pym Particles,716.27,4.68,False
2023-05-14T04:00:00,New Asgard,Clean Water (L),2408.65,5.1,False
2023-05-14T04:00:00,New Asgard,Medical Kits,734.94,3.83,False
2023-05-14T04:00:00,Wakanda,Vibranium (kg),2427.69,4.25,False
2023-05-14T04:00:00,Wakanda,Arc Reactor Cores,705.25,5.1,False
2023-05-14T04:00:00,Wakanda,Pym Particles,710.55,4.68,False
2023-05-14T04:00:00,Wakanda,Clean Water (L),2407.93,5.1,False
2023-05-14T04:00:00,Wakanda,Medical Kits,730.71,3.83,False
2023-05-14T04:00:00,Sokovia,Vibranium (kg),2431.54,4.25,False
2023-05-14T04:00:00,Sokovia,Arc Reactor Cores,707.07,5.1,False
2023-05-14T04:00:00,Sokovia,Pym Particles,716.3,4.68,False
2023-05-14T04:00:00,Sokovia,Clean Water (L),2410.19,5.1,False
2023-05-14T04:00:00,Sokovia,Medical Kits,735.85,3.83,False
2023-05-14T04:00:00,Sanctum Sanctorum,Vibranium (kg),2428.23,4.25,False
2023-05-14T04:00:00,Sanctum Sanctorum,Arc Reactor Cores,710.74,5.1,False
2023-05-14T04:00:00,Sanctum Sanctorum,Pym Particles,716.13,4.68,False
2023-05-14T04:00:00,Sanctum Sanctorum,Clean Water (L),2408.52,5.1,False
2023-05-14T04:00:00,Sanctum Sanctorum,Medical Kits,729.7,3.83,False
2023-05-14T04:00:00,Avengers Compound,Vibranium (kg),2430.19,4.25,False
2023-05-14T04:00:00,Avengers Compound,Arc Reactor Cores,710.07,5.1,False
2023-05-14T04:00:00,Avengers Compound,Pym Particles,715.84,4.68,False
2023-05-14T04:00:00,Avengers Compound,Clean Water (L),2401.19,5.1,False
2023-05-14T04:00:00,Avengers Compound,Medical Kits,736.05,3.83,False
2023-05-14T05:00:00,New Asgard,Vibranium (kg),2425.76,4.61,False
2023-05-14T05:00:00,New Asgard,Arc Reactor Cores,707.97,5.53,False
2023-05-14T05:00:00,New Asgard,Pym Particles,717.44,5.07,False
2023-05-14T05:00:00,New Asgard,Clean Water (L),2408.52,5.53,False
2023-05-14T05:00:00,New Asgard,Medical Kits,734.09,4.15,False
2023-05-14T05:00:00,Wakanda,Vibranium (kg),2426.44,4.61,False
2023-05-14T05:00:00,Wakanda,Arc Reactor Cores,706.15,5.53,False
2023-05-14T05:00:00,Wakanda,Pym Particles,711.94,5.07,False
2023-05-14T05:00:00,Wakanda,Clean Water (L),2407.89,5.53,False
2023-05-14T05:00:00,Wakanda,Medical Kits,730.57,4.15,False
2023-05-14T05:00:00,Sokovia,Vibranium (kg),2431.27,4.61,False
2023-05-14T05:00:00,Sokovia,Arc Reactor Cores,707.8,5.53,False
2023-05-14T05:00:00,Sokovia,Pym Particles,716.19,5.07,False
2023-05-14T05:00:00,Sokovia,Clean Water (L),2410.5,5.53,False
2023-05-14T05:00:00,Sokovia,Medical Kits,734.72,4.15,False
2023-05-14T05:00:00,Sanctum Sanctorum,Vibranium (kg),2427.08,4.61,False
2023-05-14T05:00:00,Sanctum Sanctorum,Arc Reactor Cores,710.81,5.53,False
2023-05-14T05:00:00,Sanctum Sanctorum,Pym Particles,715.11,5.07,False
2023-05-14T05:00:00,Sanctum Sanctorum,Clean Water (L),2407.67,5.53,False
2023-05-14T05:00:00,Sanctum Sanctorum,Medical Kits,731.03,4.15,False
2023-05-14T05:00:00,Avengers Compound,Vibranium (kg),2430.95,4.61,False
2023-05-14T05:00:00,Avengers Compound,Arc Reactor Cores,709.65,5.53,False
2023-05-14T05:00:00,Avengers Compound,Pym Particles,717.49,5.07,False
2023-05-14T05:00:00,Avengers Compound,Clean Water (L),2400.51,5.53,False
2023-05-14T05:00:00,Avengers Compound,Medical Kits,737.28,4.15,False
2023-05-14T06:00:00,New Asgard,Vibranium (kg),2425.52,5.0,False
2023-05-14T06:00:00,New Asgard,Arc Reactor Cores,707.18,6.0,False
2023-05-14T06:00:00,New Asgard,Pym Particles,716.21,5.5,False
2023-05-14T06:00:00,New Asgard,Clean Water (L),2408.27,6.0,False
2023-05-14T06:00:00,New Asgard,Medical Kits,733.37,4.5,False
2023-05-14T06:00:00,Wakanda,Vibranium (kg),2426.72,5.0,False
2023-05-14T06:00:00,Wakanda,Arc Reactor Cores,706.19,6.0,False
2023-05-14T06:00:00,Wakanda,Pym Particles,710.21,5.5,False
2023-05-14T06:00:00,Wakanda,Clean Water (L),2407.71,6.0,False
2023-05-14T06:00:00,Wakanda,Medical Kits,730.65,4.5,False
2023-05-14T06:00:00,Sokovia,Vibranium (kg),2432.06,5.0,False
2023-05-14T06:00:00,Sokovia,Arc Reactor Cores,707.89,6.0,False
2023-05-14T06:00:00,Sokovia,Pym Particles,716.79,5.5,False
2023-05-14T06:00:00,Sokovia,Clean Water (L),2410.63,6.0,False
2023-05-14T06:00:00,Sokovia,Medical Kits,734.53,4.5,False
2023-05-14T06:00:00,Sanctum Sanctorum,Vibranium (kg),2427.12,5.0,False
2023-05-14T06:00:00,Sanctum Sanctorum,Arc Reactor Cores,711.52,6.0,False
2023-05-14T06:00:00,Sanctum Sanctorum,Pym Particles,716.25,5.5,False
2023-05-14T06:00:00,Sanctum Sanctorum,Clean Water (L),2406.93,6.0,False
2023-05-14T06:00:00,Sanctum Sanctorum,Medical Kits,731.78,4.5,False
2023-05-14T06:00:00,Avengers Compound,Vibranium (kg),2429.9,5.0,False
2023-05-14T06:00:00,Avengers Compound,Arc Reactor Cores,710.32,6.0,False
2023-05-14T06:00:00,Avengers Compound,Pym Particles,717.15,5.5,False
2023-05-14T06:00:00,Avengers Compound,Clean Water (L),2400.79,6.0,False
2023-05-14T06:00:00,Avengers Compound,Medical Kits,737.12,4.5,False
2023-05-14T07:00:00,New Asgard,Vibranium (kg),2424.86,5.39,False
2023-05-14T07:00:00,New Asgard,Arc Reactor Cores,707.83,6.47,False
2023-05-14T07:00:00,New Asgard,Pym Particles,714.85,5.93,False
2023-05-14T07:00:00,New Asgard,Clean Water (L),2407.38,6.47,False
2023-05-14T07:00:00,New Asgard,Medical Kits,732.81,4.85,False
2023-05-14T07:00:00,Wakanda,Vibranium (kg),2424.05,5.39,False
2023-05-14T07:00:00,Wakanda,Arc Reactor Cores,706.03,6.47,False
2023-05-14T07:00:00,Wakanda,Pym Particles,708.68,5.93,False
2023-05-14T07:00:00,Wakanda,Clean Water (L),2406.91,6.47,False
2023-05-14T07:00:00,Wakanda,Medical Kits,729.93,4.85,False
2023-05-14T07:00:00,Sokovia,Vibranium (kg),2430.54,5.39,False
2023-05-14T07:00:00,Sokovia,Arc Reactor Cores,706.73,6.47,False
2023-05-14T07:00:00,Sokovia,Pym Particles,716.95,5.93,False
2023-05-14T07:00:00,Sokovia,Clean Water (L),2410.04,6.47,False
2023-05-14T07:00:00,Sokovia,Medical Kits,734.09,4.85,False
2023-05-14T07:00:00,Sanctum Sanctorum,Vibranium (kg),2425.43,5.39,False
2023-05-14T07:00:00,Sanctum Sanctorum,Arc Reactor Cores,710.07,6.47,False
2023-05-14T07:00:00,Sanctum Sanctorum,Pym Particles,715.77,5.93,False
2023-05-14T07:00:00,Sanctum Sanctorum,Clean Water (L),2404.72,6.47,False
2023-05-14T07:00:00,Sanctum Sanctorum,Medical Kits,731.7,4.85,False
2023-05-14T07:00:00,Avengers Compound,Vibranium (kg),2428.15,5.39,False
2023-05-14T07:00:00,Avengers Compound,Arc Reactor Cores,709.36,6.47,False
2023-05-14T07:00:00,Avengers Compound,Pym Particles,716.9,5.93,False
2023-05-14T07:00:00,Avengers Compound,Clean Water (L),2401.37,6.47,False
2023-05-14T07:00:00,Avengers Compound,Medical Kits,736.73,4.85,False
2023-05-14T08:00:00,New Asgard,Vibranium (kg),2424.71,5.75,False
2023-05-14T08:00:00,New Asgard,Arc Reactor Cores,707.87,6.9,False
2023-05-14T08:00:00,New Asgard,Pym Particles,714.57,6.32,False
2023-05-14T08:00:00,New Asgard,Clean Water (L),2406.16,6.9,False
2023-05-14T08:00:00,New Asgard,Medical Kits,733.87,5.17,False
2023-05-14T08:00:00,Wakanda,Vibranium (kg),2423.64,5.75,False
2023-05-14T08:00:00,Wakanda,Arc Reactor Cores,705.91,6.9,False
2023-05-14T08:00:00,Wakanda,Pym Particles,707.98,6.32,False
2023-05-14T08:00:00,Wakanda,Clean Water (L),2405.41,6.9,False
2023-05-14T08:00:00,Wakanda,Medical Kits,729.03,5.17,False
2023-05-14T08:00:00,Sokovia,Vibranium (kg),2427.86,5.75,False
2023-05-14T08:00:00,Sokovia,Arc Reactor Cores,706.21,6.9,False
2023-05-14T08:00:00,Sokovia,Pym Particles,716.7,6.32,False
2023-05-14T08:00:00,Sokovia,Clean Water (L),2409.0,6.9,False
2023-05-14T08:00:00,Sokovia,Medical Kits,733.22,5.17,False
2023-05-14T08:00:00,Sanctum Sanctorum,Vibranium (kg),2425.41,5.75,False
2023-05-14T08:00:00,Sanctum Sanctorum,Arc Reactor Cores,709.54,6.9,False
2023-05-14T08:00:00,Sanctum Sanctorum,Pym Particles,714.07,6.32,False
2023-05-14T08:00:00,Sanctum Sanctorum,Clean Water (L),2403.5,6.9,False
2023-05-14T08:00:00,Sanctum Sanctorum,Medical Kits,730.78,5.17,False
2023-05-14T08:00:00,Avengers Compound,Vibranium (kg),2426.62,5.75,False
2023-05-14T08:00:00,Avengers Compound,Arc Reactor Cores,708.35,6.9,False
2023-05-14T08:00:00,Avengers Compound,Pym Particles,716.36,6.32,False
2023-05-14T08:00:00,Avengers Compound,Clean Water (L),2401.73,6.9,False
2023-05-14T08:00:00,Avengers Compound,Medical Kits,736.3,5.17,False
2023-05-14T09:00:00,New Asgard,Vibranium (kg),2424.38,6.06,False
2023-05-14T09:00:00,New Asgard,Arc Reactor Cores,706.46,7.27,False
2023-05-14T09:00:00,New Asgard,Pym Particles,713.09,6.67,False
2023-05-14T09:00:00,New Asgard,Clean Water (L),2403.76,7.27,False
2023-05-14T09:00:00,New Asgard,Medical Kits,733.06,5.45,False
2023-05-14T09:00:00,Wakanda,Vibranium (kg),2422.64,6.06,False
2023-05-14T09:00:00,Wakanda,Arc Reactor Cores,705.55,7.27,False
2023-05-14T09:00:00,Wakanda,Pym Particles,707.06,6.67,False
2023-05-14T09:00:00,Wakanda,Clean Water (L),2403.21,7.27,False
2023-05-14T09:00:00,Wakanda,Medical Kits,728.79,5.45,False
2023-05-14T09:00:00,Sokovia,Vibranium (kg),2425.24,6.06,False
2023-05-14T09:00:00,Sokovia,Arc Reactor Cores,704.09,7.27,False
2023-05-14T09:00:00,Sokovia,Pym Particles,716.11,6.67,False
2023-05-14T09:00:00,Sokovia,Clean Water (L),2408.15,7.27,False
2023-05-14T09:00:00,Sokovia,Medical Kits,731.57,5.45,False
2023-05-14T09:00:00,Sanctum Sanctorum,Vibranium (kg),2423.99,6.06,False
2023-05-14T09:00:00,Sanctum Sanctorum,Arc Reactor Cores,708.35,7.27,False
2023-05-14T09:00:00,Sanctum Sanctorum,Pym Particles,711.48,6.67,False
2023-05-14T09:00:00,Sanctum Sanctorum,Clean Water (L),2401.55,7.27,False
2023-05-14T09:00:00,Sanctum Sanctorum,Medical Kits,729.15,5.45,False
2023-05-14T09:00:00,Avengers Compound,Vibranium (kg),2423.47,6.06,False
2023-05-14T09:00:00,Avengers Compound,Arc Reactor Cores,708.0,7.27,False
2023-05-14T09:00:00,Avengers Compound,Pym Particles,715.6,6.67,False
2023-05-14T09:00:00,Avengers Compound,Clean Water (L),2401.02,7.27,False
2023-05-14T09:00:00,Avengers Compound,Medical Kits,734.79,5.45,False
2023-05-14T10:00:00,New Asgard,Vibranium (kg),2423.14,6.3,False
2023-05-14T10:00:00,New Asgard,Arc Reactor Cores,704.94,7.56,False
2023-05-14T10:00:00,New Asgard,Pym Particles,710.34,6.93,False
2023-05-14T10:00:00,New Asgard,Clean Water (L),2401.05,7.56,False
2023-05-14T10:00:00,New Asgard,Medical Kits,732.37,5.67,False
2023-05-14T10:00:00,Wakanda,Vibranium (kg),2422.73,6.3,False
2023-05-14T10:00:00,Wakanda,Arc Reactor Cores,705.08,7.56,False
2023-05-14T10:00:00,Wakanda,Pym Particles,706.39,6.93,False
2023-05-14T10:00:00,Wakanda,Clean Water (L),2402.34,7.56,False
2023-05-14T10:00:00,Wakanda,Medical Kits,728.96,5.67,False
2023-05-14T10:00:00,Sokovia,Vibranium (kg),2423.01,6.3,False
2023-05-14T10:00:00,Sokovia,Arc Reactor Cores,703.42,7.56,False
2023-05-14T10:00:00,Sokovia,Pym Particles,714.34,6.93,False
2023-05-14T10:00:00,Sokovia,Clean Water (L),2406.39,7.56,False
2023-05-14T10:00:00,Sokovia,Medical Kits,728.81,5.67,False
2023-05-14T10:00:00,Sanctum Sanctorum,Vibranium (kg),2422.77,6.3,False
2023-05-14T10:00:00,Sanctum Sanctorum,Arc Reactor Cores,706.42,7.56,False
2023-05-14T10:00:00,Sanctum Sanctorum,Pym Particles,709.62,6.93,False
2023-05-14T10:00:00,Sanctum Sanctorum,Clean Water (L),2400.26,7.56,False
2023-05-14T10:00:00,Sanctum Sanctorum,Medical Kits,727.53,5.67,False
2023-05-14T10:00:00,Avengers Compound,Vibranium (kg),2421.19,6.3,False
2023-05-14T10:00:00,Avengers Compound,Arc Reactor Cores,705.13,7.56,False
2023-05-14T10:00:00,Avengers Compound,Pym Particles,713.92,6.93,False
2023-05-14T10:00:00,Avengers Compound,Clean Water (L),2400.79,7.56,False
2023-05-14T10:00:00,Avengers Compound,Medical Kits,734.59,5.67,False
2023-05-14T11:00:00,New Asgard,Vibranium (kg),2420.27,6.45,False
2023-05-14T11:00:00,New Asgard,Arc Reactor Cores,702.87,7.74,False
2023-05-14T11:00:00,New Asgard,Pym Particles,709.43,7.09,False
2023-05-14T11:00:00,New Asgard,Clean Water (L),2398.84,7.74,False
2023-05-14T11:00:00,New Asgard,Medical Kits,730.34,5.8,False
2023-05-14T11:00:00,Wakanda,Vibranium (kg),2422.32,6.45,False
2023-05-14T11:00:00,Wakanda,Arc Reactor Cores,703.24,7.74,False
2023-05-14T11:00:00,Wakanda,Pym Particles,703.97,7.09,False
2023-05-14T11:00:00,Wakanda,Clean Water (L),2400.21,7.74,False
2023-05-14T11:00:00,Wakanda,Medical Kits,729.01,5.8,False
2023-05-14T11:00:00,Sokovia,Vibranium (kg),2421.77,6.45,False
2023-05-14T11:00:00,Sokovia,Arc Reactor Cores,701.06,7.74,False
2023-05-14T11:00:00,Sokovia,Pym Particles,712.11,7.09,False
2023-05-14T11:00:00,Sokovia,Clean Water (L),2403.93,7.74,False
2023-05-14T11:00:00,Sokovia,Medical Kits,726.65,5.8,False
2023-05-14T11:00:00,Sanctum Sanctorum,Vibranium (kg),2419.85,6.45,False
2023-05-14T11:00:00,Sanctum Sanctorum,Arc Reactor Cores,705.44,7.74,False
2023-05-14T11:00:00,Sanctum Sanctorum,Pym Particles,708.23,7.09,False
2023-05-14T11:00:00,Sanctum Sanctorum,Clean Water (L),2398.15,7.74,False
2023-05-14T11:00:00,Sanctum Sanctorum,Medical Kits,726.56,5.8,False
2023-05-14T11:00:00,Avengers Compound,Vibranium (kg),2418.71,6.45,False
2023-05-14T11:00:00,Avengers Compound,Arc Reactor Cores,703.65,7.74,False
2023-05-14T11:00:00,Avengers Compound,Pym Particles,711.94,7.09,False
2023-05-14T11:00:00,Avengers Compound,Clean Water (L),2398.47,7.74,False
2023-05-14T11:00:00,Avengers Compound,Medical Kits,733.69,5.8,False
2023-05-14T12:00:00,New Asgard,Vibranium (kg),2417.43,6.5,False
2023-05-14T12:00:00,New Asgard,Arc Reactor Cores,701.21,7.8,False
2023-05-14T12:00:00,New Asgard,Pym Particles,707.74,7.15,False
2023-05-14T12:00:00,New Asgard,Clean Water (L),2398.4,7.8,False
2023-05-14T12:00:00,New Asgard,Medical Kits,728.49,5.85,False
2023-05-14T12:00:00,Wakanda,Vibranium (kg),2420.03,6.5,False
2023-05-14T12:00:00,Wakanda,Arc Reactor Cores,702.48,7.8,False
2023-05-14T12:00:00,Wakanda,Pym Particles,703.82,7.15,False
2023-05-14T12:00:00,Wakanda,Clean Water (L),2398.62,7.8,False
2023-05-14T12:00:00,Wakanda,Medical Kits,727.52,5.85,False
2023-05-14T12:00:00,Sokovia,Vibranium (kg),2421.33,6.5,False
2023-05-14T12:00:00,Sokovia,Arc Reactor Cores,700.61,7.8,False
2023-05-14T12:00:00,Sokovia,Pym Particles,710.23,7.15,False
2023-05-14T12:00:00,Sokovia,Clean Water (L),2401.1,7.8,False
2023-05-14T12:00:00,Sokovia,Medical Kits,724.45,5.85,False
2023-05-14T12:00:00,Sanctum Sanctorum,Vibranium (kg),2418.08,6.5,False
2023-05-14T12:00:00,Sanctum Sanctorum,Arc Reactor Cores,703.52,7.8,False
2023-05-14T12:00:00,Sanctum Sanctorum,Pym Particles,707.33,7.15,False
2023-05-14T12:00:00,Sanctum Sanctorum,Clean Water (L),2398.08,7.8,False
2023-05-14T12:00:00,Sanctum Sanctorum,Medical Kits,725.86,5.85,False
2023-05-14T12:00:00,Avengers Compound,Vibranium (kg),2417.0,6.5,False
2023-05-14T12:00:00,Avengers Compound,Arc Reactor Cores,701.73,7.8,False
2023-05-14T12:00:00,Avengers Compound,Pym Particles,711.12,7.15,False
2023-05-14T12:00:00,Avengers Compound,Clean Water (L),2396.72,7.8,False
2023-05-14T12:00:00,Avengers Compound,Medical Kits,732.83,5.85,False
2023-05-14T13:00:00,New Asgard,Vibranium (kg),2415.84,6.45,False
2023-05-14T13:00:00,New Asgard,Arc Reactor Cores,698.54,7.74,False
2023-05-14T13:00:00,New Asgard,Pym Particles,704.93,7.09,False
2023-05-14T13:00:00,New Asgard,Clean Water (L),2397.53,7.74,False
2023-05-14T13:00:00,New Asgard,Medical Kits,727.11,5.8,False
2023-05-14T13:00:00,Wakanda,Vibranium (kg),2419.33,6.45,False
2023-05-14T13:00:00,Wakanda,Arc Reactor Cores,699.65,7.74,False
2023-05-14T13:00:00,Wakanda,Pym Particles,703.16,7.09,False
2023-05-14T13:00:00,Wakanda,Clean Water (L),2398.41,7.74,False
2023-05-14T13:00:00,Wakanda,Medical Kits,727.2,5.8,False
2023-05-14T13:00:00,Sokovia,Vibranium (kg),2420.1,6.45,False
2023-05-14T13:00:00,Sokovia,Arc Reactor Cores,697.83,7.74,False
2023-05-14T13:00:00,Sokovia,Pym Particles,709.17,7.09,False
2023-05-14T13:00:00,Sokovia,Clean Water (L),2400.49,7.74,False
2023-05-14T13:00:00,Sokovia,Medical Kits,723.59,5.8,False
2023-05-14T13:00:00,Sanctum Sanctorum,Vibranium (kg),2417.61,6.45,False
2023-05-14T13:00:00,Sanctum Sanctorum,Arc Reactor Cores,701.47,7.74,False
2023-05-14T13:00:00,Sanctum Sanctorum,Pym Particles,705.83,7.09,False
2023-05-14T13:00:00,Sanctum Sanctorum,Clean Water (L),2395.47,7.74,False
2023-05-14T13:00:00,Sanctum Sanctorum,Medical Kits,725.37,5.8,False
2023-05-14T13:00:00,Avengers Compound,Vibranium (kg),2415.22,6.45,False
2023-05-14T13:00:00,Avengers Compound,Arc Reactor Cores,699.76,7.74,False
2023-05-14T13:00:00,Avengers Compound,Pym Particles,710.18,7.09,False
2023-05-14T13:00:00,Avengers Compound,Clean Water (L),2395.3,7.74,False
2023-05-14T13:00:00,Avengers Compound,Medical Kits,731.04,5.8,False
2023-05-14T14:00:00,New Asgard,Vibranium (kg),2414.99,6.3,False
2023-05-14T14:00:00,New Asgard,Arc Reactor Cores,696.33,7.56,False
2023-05-14T14:00:00,New Asgard,Pym Particles,702.87,6.93,False
2023-05-14T14:00:00,New Asgard,Clean Water (L),2395.36,7.56,False
2023-05-14T14:00:00,New Asgard,Medical Kits,727.5,5.67,False
2023-05-14T14:00:00,Wakanda,Vibranium (kg),2416.8,6.3,False
2023-05-14T14:00:00,Wakanda,Arc Reactor Cores,697.58,7.56,False
2023-05-14T14:00:00,Wakanda,Pym Particles,701.71,6.93,False
2023-05-14T14:00:00,Wakanda,Clean Water (L),2396.89,7.56,False
2023-05-14T14:00:00,Wakanda,Medical Kits,725.47,5.67,False
2023-05-14T14:00:00,Sokovia,Vibranium (kg),2418.89,6.3,False
2023-05-14T14:00:00,Sokovia,Arc Reactor Cores,697.36,7.56,False
2023-05-14T14:00:00,Sokovia,Pym Particles,707.46,6.93,False
2023-05-14T14:00:00,Sokovia,Clean Water (L),2399.17,7.56,False
2023-05-14T14:00:00,Sokovia,Medical Kits,722.04,5.67,False
2023-05-14T14:00:00,Sanctum Sanctorum,Vibranium (kg),2415.75,6.3,False
2023-05-14T14:00:00,Sanctum Sanctorum,Arc Reactor Cores,699.78,7.56,False
2023-05-14T14:00:00,Sanctum Sanctorum,Pym Particles,705.48,6.93,False
2023-05-14T14:00:00,Sanctum Sanctorum,Clean Water (L),2393.94,7.56,False
2023-05-14T14:00:00,Sanctum Sanctorum,Medical Kits,724.35,5.67,False
2023-05-14T14:00:00,Avengers Compound,Vibranium (kg),2413.81,6.3,False
2023-05-14T14:00:00,Avengers Compound,Arc Reactor Cores,697.38,7.56,False
2023-05-14T14:00:00,Avengers Compound,Pym Particles,707.49,6.93,False
2023-05-14T14:00:00,Avengers Compound,Clean Water (L),2394.53,7.56,False
2023-05-14T14:00:00,Avengers Compound,Medical Kits,729.25,5.67,False
2023-05-14T15:00:00,New Asgard,Vibranium (kg),2414.2,6.06,False
2023-05-14T15:00:00,New Asgard,Arc Reactor Cores,695.14,7.27,False
2023-05-14T15:00:00,New Asgard,Pym Particles,702.27,6.67,False
2023-05-14T15:00:00,New Asgard,Clean Water (L),2394.48,7.27,False
2023-05-14T15:00:00,New Asgard,Medical Kits,725.63,5.45,False
2023-05-14T15:00:00,Wakanda,Vibranium (kg),2416.68,6.06,False
2023-05-14T15:00:00,Wakanda,Arc Reactor Cores,696.21,7.27,False
2023-05-14T15:00:00,Wakanda,Pym Particles,700.33,6.67,False
2023-05-14T15:00:00,Wakanda,Clean Water (L),2395.17,7.27,False
2023-05-14T15:00:00,Wakanda,Medical Kits,724.63,5.45,False
2023-05-14T15:00:00,Sokovia,Vibranium (kg),2417.23,6.06,False
2023-05-14T15:00:00,Sokovia,Arc Reactor Cores,695.1,7.27,False
2023-05-14T15:00:00,Sokovia,Pym Particles,706.18,6.67,False
2023-05-14T15:00:00,Sokovia,Clean Water (L),2397.82,7.27,False
2023-05-14T15:00:00,Sokovia,Medical Kits,722.01,5.45,False
2023-05-14T15:00:00,Sanctum Sanctorum,Vibranium (kg),2415.77,6.06,False
2023-05-14T15:00:00,Sanctum Sanctorum,Arc Reactor Cores,697.31,7.27,False
2023-05-14T15:00:00,Sanctum Sanctorum,Pym Particles,704.26,6.67,False
2023-05-14T15:00:00,Sanctum Sanctorum,Clean Water (L),2393.28,7.27,False
2023-05-14T15:00:00,Sanctum Sanctorum,Medical Kits,723.2,5.45,False
2023-05-14T15:00:00,Avengers Compound,Vibranium (kg),2414.31,6.06,False
2023-05-14T15:00:00,Avengers Compound,Arc Reactor Cores,696.05,7.27,False
2023-05-14T15:00:00,Avengers Compound,Pym Particles,707.68,6.67,False
2023-05-14T15:00:00,Avengers Compound,Clean Water (L),2393.12,7.27,False
2023-05-14T15:00:00,Avengers Compound,Medical Kits,728.22,5.45,False
2023-05-14T16:00:00,New Asgard,Vibranium (kg),2412.2,5.75,False
2023-05-14T16:00:00,New Asgard,Arc Reactor Cores,694.6,6.9,False
2023-05-14T16:00:00,New Asgard,Pym Particles,700.57,6.32,False
2023-05-14T16:00:00,New Asgard,Clean Water (L),2392.9,6.9,False
2023-05-14T16:00:00,New Asgard,Medical Kits,724.68,5.17,False
2023-05-14T16:00:00,Wakanda,Vibranium (kg),2417.19,5.75,False
2023-05-14T16:00:00,Wakanda,Arc Reactor Cores,695.34,6.9,False
2023-05-14T16:00:00,Wakanda,Pym Particles,699.28,6.32,False
2023-05-14T16:00:00,Wakanda,Clean Water (L),2393.98,6.9,False
2023-05-14T16:00:00,Wakanda,Medical Kits,723.18,5.17,False
2023-05-14T16:00:00,Sokovia,Vibranium (kg),2416.41,5.75,False
2023-05-14T16:00:00,Sokovia,Arc Reactor Cores,693.55,6.9,False
2023-05-14T16:00:00,Sokovia,Pym Particles,706.48,6.32,False
2023-05-14T16:00:00,Sokovia,Clean Water (L),2396.7,6.9,False
2023-05-14T16:00:00,Sokovia,Medical Kits,723.42,5.17,False
2023-05-14T16:00:00,Sanctum Sanctorum,Vibranium (kg),2415.42,5.75,False
2023-05-14T16:00:00,Sanctum Sanctorum,Arc Reactor Cores,695.43,6.9,False
2023-05-14T16:00:00,Sanctum Sanctorum,Pym Particles,703.85,6.32,False
2023-05-14T16:00:00,Sanctum Sanctorum,Clean Water (L),2392.6,6.9,False
2023-05-14T16:00:00,Sanctum Sanctorum,Medical Kits,722.54,5.17,False
2023-05-14T16:00:00,Avengers Compound,Vibranium (kg),2413.94,5.75,False
2023-05-14T16:00:00,Avengers Compound,Arc Reactor Cores,694.12,6.9,False
2023-05-14T16:00:00,Avengers Compound,Pym Particles,706.84,6.32,False
2023-05-14T16:00:00,Avengers Compound,Clean Water (L),2392.7,6.9,False
2023-05-14T16:00:00,Avengers Compound,Medical Kits,727.67,5.17,False
2023-05-14T17:00:00,New Asgard,Vibranium (kg),2411.83,5.39,False
2023-05-14T17:00:00,New Asgard,Arc Reactor Cores,693.93,6.47,False
2023-05-14T17:00:00,New Asgard,Pym Particles,701.02,5.93,False
2023-05-14T17:00:00,New Asgard,Clean Water (L),2393.72,6.47,False
2023-05-14T17:00:00,New Asgard,Medical Kits,724.64,4.85,False
2023-05-14T17:00:00,Wakanda,Vibranium (kg),2418.35,5.39,False
2023-05-14T17:00:00,Wakanda,Arc Reactor Cores,695.47,6.47,False
2023-05-14T17:00:00,Wakanda,Pym Particles,698.21,5.93,False
2023-05-14T17:00:00,Wakanda,Clean Water (L),2394.75,6.47,False
2023-05-14T17:00:00,Wakanda,Medical Kits,723.52,4.85,False
2023-05-14T17:00:00,Sokovia,Vibranium (kg),2416.66,5.39,False
2023-05-14T17:00:00,Sokovia,Arc Reactor Cores,694.1,6.47,False
2023-05-14T17:00:00,Sokovia,Pym Particles,705.93,5.93,False
2023-05-14T17:00:00,Sokovia,Clean Water (L),2397.72,6.47,False
2023-05-14T17:00:00,Sokovia,Medical Kits,724.44,4.85,False
2023-05-14T17:00:00,Sanctum Sanctorum,Vibranium (kg),2414.36,5.39,False
2023-05-14T17:00:00,Sanctum Sanctorum,Arc Reactor Cores,694.46,6.47,False
2023-05-14T17:00:00,Sanctum Sanctorum,Pym Particles,704.56,5.93,False
2023-05-14T17:00:00,Sanctum Sanctorum,Clean Water (L),2393.15,6.47,False
2023-05-14T17:00:00,Sanctum Sanctorum,Medical Kits,722.25,4.85,False
2023-05-14T17:00:00,Avengers Compound,Vibranium (kg),2414.21,5.39,False
2023-05-14T17:00:00,Avengers Compound,Arc Reactor Cores,693.47,6.47,False
2023-05-14T17:00:00,Avengers Compound,Pym Particles,706.06,5.93,False
2023-05-14T17:00:00,Avengers Compound,Clean Water (L),2394.28,6.47,False
2023-05-14T17:00:00,Avengers Compound,Medical Kits,726.98,4.85,False
2023-05-14T18:00:00,New Asgard,Vibranium (kg),2411.78,5.0,False
2023-05-14T18:00:00,New Asgard,Arc Reactor Cores,694.23,6.0,False
2023-05-14T18:00:00,New Asgard,Pym Particles,701.69,5.5,False
2023-05-14T18:00:00,New Asgard,Clean Water (L),2395.45,6.0,False
2023-05-14T18:00:00,New Asgard,Medical Kits,725.31,4.5,False
2023-05-14T18:00:00,Wakanda,Vibranium (kg),2418.3,5.0,False
2023-05-14T18:00:00,Wakanda,Arc Reactor Cores,697.58,6.0,False
2023-05-14T18:00:00,Wakanda,Pym Particles,697.42,5.5,False
2023-05-14T18:00:00,Wakanda,Clean Water (L),2393.73,6.0,False
2023-05-14T18:00:00,Wakanda,Medical Kits,724.3,4.5,False
2023-05-14T18:00:00,Sokovia,Vibranium (kg),2416.23,5.0,False
2023-05-14T18:00:00,Sokovia,Arc Reactor Cores,694.79,6.0,False
2023-05-14T18:00:00,Sokovia,Pym Particles,707.66,5.5,False
2023-05-14T18:00:00,Sokovia,Clean Water (L),2398.13,6.0,False
2023-05-14T18:00:00,Sokovia,Medical Kits,723.38,4.5,False
2023-05-14T18:00:00,Sanctum Sanctorum,Vibranium (kg),2414.2,5.0,False
2023-05-14T18:00:00,Sanctum Sanctorum,Arc Reactor Cores,694.55,6.0,False
2023-05-14T18:00:00,Sanctum Sanctorum,Pym Particles,704.47,5.5,False
2023-05-14T18:00:00,Sanctum Sanctorum,Clean Water (L),2394.38,6.0,False
2023-05-14T18:00:00,Sanctum Sanctorum,Medical Kits,721.72,4.5,False
2023-05-14T18:00:00,Avengers Compound,Vibranium (kg),2414.34,5.0,False
2023-05-14T18:00:00,Avengers Compound,Arc Reactor Cores,692.44,6.0,False
2023-05-14T18:00:00,Avengers Compound,Pym Particles,705.55,5.5,False
2023-05-14T18:00:00,Avengers Compound,Clean Water (L),2394.54,6.0,False
2023-05-14T18:00:00,Avengers Compound,Medical Kits,728.07,4.5,False
2023-05-14T19:00:00,New Asgard,Vibranium (kg),2412.97,4.61,False
2023-05-14T19:00:00,New Asgard,Arc Reactor Cores,693.82,5.53,False
2023-05-14T19:00:00,New Asgard,Pym Particles,703.72,5.07,False
2023-05-14T19:00:00,New Asgard,Clean Water (L),2396.15,5.53,False
2023-05-14T19:00:00,New Asgard,Medical Kits,727.3,4.15,False
2023-05-14T19:00:00,Wakanda,Vibranium (kg),2417.69,4.61,False
2023-05-14T19:00:00,Wakanda,Arc Reactor Cores,699.12,5.53,False
2023-05-14T19:00:00,Wakanda,Pym Particles,697.99,5.07,False
2023-05-14T19:00:00,Wakanda,Clean Water (L),2394.52,5.53,False
2023-05-14T19:00:00,Wakanda,Medical Kits,724.73,4.15,False
2023-05-14T19:00:00,Sokovia,Vibranium (kg),2416.45,4.61,False
2023-05-14T19:00:00,Sokovia,Arc Reactor Cores,695.25,5.53,False
2023-05-14T19:00:00,Sokovia,Pym Particles,707.3,5.07,False
2023-05-14T19:00:00,Sokovia,Clean Water (L),2398.56,5.53,False
2023-05-14T19:00:00,Sokovia,Medical Kits,724.55,4.15,False
2023-05-14T19:00:00,Sanctum Sanctorum,Vibranium (kg),2414.32,4.61,False
2023-05-14T19:00:00,Sanctum Sanctorum,Arc Reactor Cores,694.01,5.53,False
2023-05-14T19:00:00,Sanctum Sanctorum,Pym Particles,704.17,5.07,False
2023-05-14T19:00:00,Sanctum Sanctorum,Clean Water (L),2393.64,5.53,False
2023-05-14T19:00:00,Sanctum Sanctorum,Medical Kits,721.47,4.15,False
2023-05-14T19:00:00,Avengers Compound,Vibranium (kg),2416.25,4.61,False
2023-05-14T19:00:00,Avengers Compound,Arc Reactor Cores,693.53,5.53,False
2023-05-14T19:00:00,Avengers Compound,Pym Particles,705.78,5.07,False
2023-05-14T19:00:00,Avengers Compound,Clean Water (L),2395.95,5.53,False
2023-05-14T19:00:00,Avengers Compound,Medical Kits,729.94,4.15,False
2023-05-14T20:00:00,New Asgard,Vibranium (kg),2413.94,4.25,False
2023-05-14T20:00:00,New Asgard,Arc Reactor Cores,695.73,5.1,False
2023-05-14T20:00:00,New Asgard,Pym Particles,704.76,4.68,False
2023-05-14T20:00:00,New Asgard,Clean Water (L),2397.6,5.1,False
2023-05-14T20:00:00,New Asgard,Medical Kits,726.63,3.83,False
2023-05-14T20:00:00,Wakanda,Vibranium (kg),2418.49,4.25,False
2023-05-14T20:00:00,Wakanda,Arc Reactor Cores,698.82,5.1,False
2023-05-14T20:00:00,Wakanda,Pym Particles,699.19,4.68,False
2023-05-14T20:00:00,Wakanda,Clean Water (L),2396.87,5.1,False
2023-05-14T20:00:00,Wakanda,Medical Kits,725.49,3.83,False
2023-05-14T20:00:00,Sokovia,Vibranium (kg),2415.67,4.25,False
2023-05-14T20:00:00,Sokovia,Arc Reactor Cores,695.56,5.1,False
2023-05-14T20:00:00,Sokovia,Pym Particles,708.09,4.68,False
2023-05-14T20:00:00,Sokovia,Clean Water (L),2398.13,5.1,False
2023-05-14T20:00:00,Sokovia,Medical Kits,725.71,3.83,False
2023-05-14T20:00:00,Sanctum Sanctorum,Vibranium (kg),2414.42,4.25,False
2023-05-14T20:00:00,Sanctum Sanctorum,Arc Reactor Cores,695.04,5.1,False
2023-05-14T20:00:00,Sanctum Sanctorum,Pym Particles,705.62,4.68,False
2023-05-14T20:00:00,Sanctum Sanctorum,Clean Water (L),2393.0,5.1,False
2023-05-14T20:00:00,Sanctum Sanctorum,Medical Kits,722.19,3.83,False
2023-05-14T20:00:00,Avengers Compound,Vibranium (kg),2415.69,4.25,False
2023-05-14T20:00:00,Avengers Compound,Arc Reactor Cores,694.41,5.1,False
2023-05-14T20:00:00,Avengers Compound,Pym Particles,707.32,4.68,False
2023-05-14T20:00:00,Avengers Compound,Clean Water (L),2397.11,5.1,False
2023-05-14T20:00:00,Avengers Compound,Medical Kits,730.34,3.83,False
2023-05-14T21:00:00,New Asgard,Vibranium (kg),2414.38,3.94,False
2023-05-14T21:00:00,New Asgard,Arc Reactor Cores,697.17,4.73,False
2023-05-14T21:00:00,New Asgard,Pym Particles,706.16,4.33,False
2023-05-14T21:00:00,New Asgard,Clean Water (L),2397.68,4.73,False
2023-05-14T21:00:00,New Asgard,Medical Kits,726.71,3.55,False
2023-05-14T21:00:00,Wakanda,Vibranium (kg),2421.06,3.94,False
2023-05-14T21:00:00,Wakanda,Arc Reactor Cores,699.99,4.73,False
2023-05-14T21:00:00,Wakanda,Pym Particles,702.5,4.33,False
2023-05-14T21:00:00,Wakanda,Clean Water (L),2398.29,4.73,False
2023-05-14T21:00:00,Wakanda,Medical Kits,727.31,3.55,False
2023-05-14T21:00:00,Sokovia,Vibranium (kg),2415.8,3.94,False
2023-05-14T21:00:00,Sokovia,Arc Reactor Cores,697.21,4.73,False
2023-05-14T21:00:00,Sokovia,Pym Particles,710.68,4.33,False
2023-05-14T21:00:00,Sokovia,Clean Water (L),2399.29,4.73,False
2023-05-14T21:00:00,Sokovia,Medical Kits,726.77,3.55,False
2023-05-14T21:00:00,Sanctum Sanctorum,Vibranium (kg),2416.72,3.94,False
2023-05-14T21:00:00,Sanctum Sanctorum,Arc Reactor Cores,694.83,4.73,False
2023-05-14T21:00:00,Sanctum Sanctorum,Pym Particles,706.63,4.33,False
2023-05-14T21:00:00,Sanctum Sanctorum,Clean Water (L),2394.53,4.73,False
2023-05-14T21:00:00,Sanctum Sanctorum,Medical Kits,724.47,3.55,False
2023-05-14T21:00:00,Avengers Compound,Vibranium (kg),2418.29,3.94,False
2023-05-14T21:00:00,Avengers Compound,Arc Reactor Cores,696.26,4.73,False
2023-05-14T21:00:00,Avengers Compound,Pym Particles,707.62,4.33,False
2023-05-14T21:00:00,Avengers Compound,Clean Water (L),2399.34,4.73,False
2023-05-14T21:00:00,Avengers Compound,Medical Kits,730.18,3.55,False
2023-05-14T22:00:00,New Asgard,Vibranium (kg),2416.86,3.7,False
2023-05-14T22:00:00,New Asgard,Arc Reactor Cores,699.15,4.44,False
2023-05-14T22:00:00,New Asgard,Pym Particles,707.69,4.07,False
2023-05-14T22:00:00,New Asgard,Clean Water (L),2401.26,4.44,False
2023-05-14T22:00:00,New Asgard,Medical Kits,727.8,3.33,False
2023-05-14T22:00:00,Wakanda,Vibranium (kg),2422.53,3.7,False
2023-05-14T22:00:00,Wakanda,Arc Reactor Cores,702.53,4.44,False
2023-05-14T22:00:00,Wakanda,Pym Particles,702.5,4.07,False
2023-05-14T22:00:00,Wakanda,Clean Water (L),2401.2,4.44,False
2023-05-14T22:00:00,Wakanda,Medical Kits,729.53,3.33,False
2023-05-14T22:00:00,Sokovia,Vibranium (kg),2418.65,3.7,False
2023-05-14T22:00:00,Sokovia,Arc Reactor Cores,698.74,4.44,False
2023-05-14T22:00:00,Sokovia,Pym Particles,712.18,4.07,False
2023-05-14T22:00:00,Sokovia,Clean Water (L),2399.82,4.44,False
2023-05-14T22:00:00,Sokovia,Medical Kits,729.7,3.33,False
2023-05-14T22:00:00,Sanctum Sanctorum,Vibranium (kg),2419.47,3.7,False
2023-05-14T22:00:00,Sanctum Sanctorum,Arc Reactor Cores,697.7,4.44,False
2023-05-14T22:00:00,Sanctum Sanctorum,Pym Particles,707.97,4.07,False
2023-05-14T22:00:00,Sanctum Sanctorum,Clean Water (L),2397.46,4.44,False
2023-05-14T22:00:00,Sanctum Sanctorum,Medical Kits,725.09,3.33,False
2023-05-14T22:00:00,Avengers Compound,Vibranium (kg),2420.24,3.7,False
2023-05-14T22:00:00,Avengers Compound,Arc Reactor Cores,697.72,4.44,False
2023-05-14T22:00:00,Avengers Compound,Pym Particles,709.75,4.07,False
2023-05-14T22:00:00,Avengers Compound,Clean Water (L),2400.0,4.44,False
2023-05-14T22:00:00,Avengers Compound,Medical Kits,731.68,3.33,False
2023-05-14T23:00:00,New Asgard,Vibranium (kg),2418.57,3.55,False
2023-05-14T23:00:00,New Asgard,Arc Reactor Cores,700.69,4.26,False
2023-05-14T23:00:00,New Asgard,Pym Particles,708.73,3.91,False
2023-05-14T23:00:00,New Asgard,Clean Water (L),2402.96,4.26,False
2023-05-14T23:00:00,New Asgard,Medical Kits,729.21,3.2,False
2023-05-14T23:00:00,Wakanda,Vibranium (kg),2424.03,3.55,False
2023-05-14T23:00:00,Wakanda,Arc Reactor Cores,705.25,4.26,False
2023-05-14T23:00:00,Wakanda,Pym Particles,705.12,3.91,False
2023-05-14T23:00:00,Wakanda,Clean Water (L),2403.8,4.26,False
2023-05-14T23:00:00,Wakanda,Medical Kits,730.66,3.2,False
2023-05-14T23:00:00,Sokovia,Vibranium (kg),2419.07,3.55,False
2023-05-14T23:00:00,Sokovia,Arc Reactor Cores,700.82,4.26,False
2023-05-14T23:00:00,Sokovia,Pym Particles,712.54,3.91,False
2023-05-14T23:00:00,Sokovia,Clean Water (L),2400.45,4.26,False
2023-05-14T23:00:00,Sokovia,Medical Kits,731.06,3.2,False
2023-05-14T23:00:00,Sanctum Sanctorum,Vibranium (kg),2419.37,3.55,False
2023-05-14T23:00:00,Sanctum Sanctorum,Arc Reactor Cores,700.12,4.26,False
2023-05-14T23:00:00,Sanctum Sanctorum,Pym Particles,710.94,3.91,False
2023-05-14T23:00:00,Sanctum Sanctorum,Clean Water (L),2397.88,4.26,False
2023-05-14T23:00:00,Sanctum Sanctorum,Medical Kits,726.75,3.2,False
2023-05-14T23:00:00,Avengers Compound,Vibranium (kg),2420.73,3.55,False
2023-05-14T23:00:00,Avengers Compound,Arc Reactor Cores,699.42,4.26,False
2023-05-14T23:00:00,Avengers Compound,Pym Particles,710.71,3.91,False
2023-05-14T23:00:00,Avengers Compound,Clean Water (L),2401.91,4.26,False
2023-05-14T23:00:00,Avengers Compound,Medical Kits,732.15,3.2,False
2023-05-15T00:00:00,New Asgard,Vibranium (kg),2421.17,3.5,False
2023-05-15T00:00:00,New Asgard,Arc Reactor Cores,702.84,4.2,False
2023-05-15T00:00:00,New Asgard,Pym Particles,710.01,3.85,False
2023-05-15T00:00:00,New Asgard,Clean Water (L),2403.48,4.2,False
2023-05-15T00:00:00,New Asgard,Medical Kits,731.0,3.15,False
2023-05-15T00:00:00,Wakanda,Vibranium (kg),2426.38,3.5,False
2023-05-15T00:00:00,Wakanda,Arc Reactor Cores,707.0,4.2,False
2023-05-15T00:00:00,Wakanda,Pym Particles,707.88,3.85,False
2023-05-15T00:00:00,Wakanda,Clean Water (L),2405.24,4.2,False
2023-05-15T00:00:00,Wakanda,Medical Kits,730.87,3.15,False
2023-05-15T00:00:00,Sokovia,Vibranium (kg),2421.14,3.5,False
2023-05-15T00:00:00,Sokovia,Arc Reactor Cores,700.97,4.2,False
2023-05-15T00:00:00,Sokovia,Pym Particles,714.79,3.85,False
2023-05-15T00:00:00,Sokovia,Clean Water (L),2402.17,4.2,False
2023-05-15T00:00:00,Sokovia,Medical Kits,731.83,3.15,False
2023-05-15T00:00:00,Sanctum Sanctorum,Vibranium (kg),2420.26,3.5,False
2023-05-15T00:00:00,Sanctum Sanctorum,Arc Reactor Cores,703.11,4.2,False
2023-05-15T00:00:00,Sanctum Sanctorum,Pym Particles,713.33,3.85,False
2023-05-15T00:00:00,Sanctum Sanctorum,Clean Water (L),2400.37,4.2,False
2023-05-15T00:00:00,Sanctum Sanctorum,Medical Kits,729.04,3.15,False
2023-05-15T00:00:00,Avengers Compound,Vibranium (kg),2422.01,3.5,False
2023-05-15T00:00:00,Avengers Compound,Arc Reactor Cores,699.99,4.2,False
2023-05-15T00:00:00,Avengers Compound,Pym Particles,713.14,3.85,False
2023-05-15T00:00:00,Avengers Compound,Clean Water (L),2402.72,4.2,False
2023-05-15T00:00:00,Avengers Compound,Medical Kits,733.06,3.15,False
2023-05-15T01:00:00,New Asgard,Vibranium (kg),2422.5,3.55,False
2023-05-15T01:00:00,New Asgard,Arc Reactor Cores,704.55,4.26,False
2023-05-15T01:00:00,New Asgard,Pym Particles,711.33,3.91,False
2023-05-15T01:00:00,New Asgard,Clean Water (L),2404.91,4.26,False
2023-05-15T01:00:00,New Asgard,Medical Kits,732.44,3.2,False
2023-05-15T01:00:00,Wakanda,Vibranium (kg),2426.78,3.55,False
2023-05-15T01:00:00,Wakanda,Arc Reactor Cores,707.97,4.26,False
2023-05-15T01:00:00,Wakanda,Pym Particles,710.42,3.91,False
2023-05-15T01:00:00,Wakanda,Clean Water (L),2405.5,4.26,False
2023-05-15T01:00:00,Wakanda,Medical Kits,730.56,3.2,False
2023-05-15T01:00:00,Sokovia,Vibranium (kg),2423.9,3.55,False
2023-05-15T01:00:00,Sokovia,Arc Reactor Cores,703.26,4.26,False
2023-05-15T01:00:00,Sokovia,Pym Particles,716.24,3.91,False
2023-05-15T01:00:00,Sokovia,Clean Water (L),2403.19,4.26,False
2023-05-15T01:00:00,Sokovia,Medical Kits,732.37,3.2,False
2023-05-15T01:00:00,Sanctum Sanctorum,Vibranium (kg),2421.44,3.55,False
2023-05-15T01:00:00,Sanctum Sanctorum,Arc Reactor Cores,705.49,4.26,False
2023-05-15T01:00:00,Sanctum Sanctorum,Pym Particles,713.56,3.91,False
2023-05-15T01:00:00,Sanctum Sanctorum,Clean Water (L),2401.7,4.26,False
2023-05-15T01:00:00,Sanctum Sanctorum,Medical Kits,729.71,3.2,False
2023-05-15T01:00:00,Avengers Compound,Vibranium (kg),2422.21,3.55,False
2023-05-15T01:00:00,Avengers Compound,Arc Reactor Cores,702.31,4.26,False
2023-05-15T01:00:00,Avengers Compound,Pym Particles,714.96,3.91,False
2023-05-15T01:00:00,Avengers Compound,Clean Water (L),2404.62,4.26,False
2023-05-15T01:00:00,Avengers Compound,Medical Kits,734.59,3.2,False
2023-05-15T02:00:00,New Asgard,Vibranium (kg),2423.11,3.7,False
2023-05-15T02:00:00,New Asgard,Arc Reactor Cores,705.46,4.44,False
2023-05-15T02:00:00,New Asgard,Pym Particles,714.37,4.07,False
2023-05-15T02:00:00,New Asgard,Clean Water (L),2405.66,4.44,False
2023-05-15T02:00:00,New Asgard,Medical Kits,732.83,3.33,False
2023-05-15T02:00:00,Wakanda,Vibranium (kg),2428.28,3.7,False
2023-05-15T02:00:00,Wakanda,Arc Reactor Cores,710.17,4.44,False
2023-05-15T02:00:00,Wakanda,Pym Particles,712.14,4.07,False
2023-05-15T02:00:00,Wakanda,Clean Water (L),2407.45,4.44,False
2023-05-15T02:00:00,Wakanda,Medical Kits,732.2,3.33,False
2023-05-15T02:00:00,Sokovia,Vibranium (kg),2424.2,3.7,False
2023-05-15T02:00:00,Sokovia,Arc Reactor Cores,705.07,4.44,False
2023-05-15T02:00:00,Sokovia,Pym Particles,718.21,4.07,False
2023-05-15T02:00:00,Sokovia,Clean Water (L),2404.42,4.44,False
2023-05-15T02:00:00,Sokovia,Medical Kits,732.88,3.33,False
2023-05-15T02:00:00,Sanctum Sanctorum,Vibranium (kg),2423.19,3.7,False
2023-05-15T02:00:00,Sanctum Sanctorum,Arc Reactor Cores,705.67,4.44,False
2023-05-15T02:00:00,Sanctum Sanctorum,Pym Particles,715.45,4.07,False
2023-05-15T02:00:00,Sanctum Sanctorum,Clean Water (L),2403.28,4.44,False
2023-05-15T02:00:00,Sanctum Sanctorum,Medical Kits,730.87,3.33,False
2023-05-15T02:00:00,Avengers Compound,Vibranium (kg),2422.67,3.7,False
2023-05-15T02:00:00,Avengers Compound,Arc Reactor Cores,703.61,4.44,False
2023-05-15T02:00:00,Avengers Compound,Pym Particles,715.48,4.07,False
2023-05-15T02:00:00,Avengers Compound,Clean Water (L),2405.76,4.44,False
2023-05-15T02:00:00,Avengers Compound,Medical Kits,736.07,3.33,False
2023-05-15T03:00:00,New Asgard,Vibranium (kg),2424.91,3.94,False
2023-05-15T03:00:00,New Asgard,Arc Reactor Cores,707.74,4.73,False
2023-05-15T03:00:00,New Asgard,Pym Particles,716.92,4.33,False
2023-05-15T03:00:00,New Asgard,Clean Water (L),2406.87,4.73,False
2023-05-15T03:00:00,New Asgard,Medical Kits,732.32,3.55,False
2023-05-15T03:00:00,Wakanda,Vibranium (kg),2427.73,3.94,False
2023-05-15T03:00:00,Wakanda,Arc Reactor Cores,710.35,4.73,False
2023-05-15T03:00:00,Wakanda,Pym Particles,712.55,4.33,False
2023-05-15T03:00:00,Wakanda,Clean Water (L),2408.62,4.73,False
2023-05-15T03:00:00,Wakanda,Medical Kits,733.33,3.55,False
2023-05-15T03:00:00,Sokovia,Vibranium (kg),2424.45,3.94,False
2023-05-15T03:00:00,Sokovia,Arc Reactor Cores,706.85,4.73,False
2023-05-15T03:00:00,Sokovia,Pym Particles,717.49,4.33,False
2023-05-15T03:00:00,Sokovia,Clean Water (L),2405.42,4.73,False
2023-05-15T03:00:00,Sokovia,Medical Kits,732.96,3.55,False
2023-05-15T03:00:00,Sanctum Sanctorum,Vibranium (kg),2423.23,3.94,False
2023-05-15T03:00:00,Sanctum Sanctorum,Arc Reactor Cores,706.57,4.73,False
2023-05-15T03:00:00,Sanctum Sanctorum,Pym Particles,715.7,4.33,False
2023-05-15T03:00:00,Sanctum Sanctorum,Clean Water (L),2405.07,4.73,False
2023-05-15T03:00:00,Sanctum Sanctorum,Medical Kits,731.98,3.55,False
2023-05-15T03:00:00,Avengers Compound,Vibranium (kg),2424.75,3.94,False
2023-05-15T03:00:00,Avengers Compound,Arc Reactor Cores,704.26,4.73,False
2023-05-15T03:00:00,Avengers Compound,Pym Particles,716.9,4.33,False
2023-05-15T03:00:00,Avengers Compound,Clean Water (L),2405.26,4.73,False
2023-05-15T03:00:00,Avengers Compound,Medical Kits,737.42,3.55,False
2023-05-15T04:00:00,New Asgard,Vibranium (kg),2425.25,4.25,False
2023-05-15T04:00:00,New Asgard,Arc Reactor Cores,708.09,5.1,False
2023-05-15T04:00:00,New Asgard,Pym Particles,717.64,4.68,False
2023-05-15T04:00:00,New Asgard,Clean Water (L),2406.39,5.1,False
2023-05-15T04:00:00,New Asgard,Medical Kits,732.95,3.83,False
2023-05-15T04:00:00,Wakanda,Vibranium (kg),2428.29,4.25,False
2023-05-15T04:00:00,Wakanda,Arc Reactor Cores,709.49,5.1,False
2023-05-15T04:00:00,Wakanda,Pym Particles,713.98,4.68,False
2023-05-15T04:00:00,Wakanda,Clean Water (L),2410.76,5.1,False
2023-05-15T04:00:00,Wakanda,Medical Kits,732.21,3.83,False
2023-05-15T04:00:00,Sokovia,Vibranium (kg),2424.49,4.25,False
2023-05-15T04:00:00,Sokovia,Arc Reactor Cores,708.76,5.1,False
2023-05-15T04:00:00,Sokovia,Pym Particles,718.16,4.68,False
2023-05-15T04:00:00,Sokovia,Clean Water (L),2404.58,5.1,False
2023-05-15T04:00:00,Sokovia,Medical Kits,732.46,3.83,False
2023-05-15T04:00:00,Sanctum Sanctorum,Vibranium (kg),2423.77,4.25,False
2023-05-15T04:00:00,Sanctum Sanctorum,Arc Reactor Cores,706.17,5.1,False
2023-05-15T04:00:00,Sanctum Sanctorum,Pym Particles,716.6,4.68,False
2023-05-15T04:00:00,Sanctum Sanctorum,Clean Water (L),2406.92,5.1,False
2023-05-15T04:00:00,Sanctum Sanctorum,Medical Kits,733.76,3.83,False
2023-05-15T04:00:00,Avengers Compound,Vibranium (kg),2424.95,4.25,False
2023-05-15T04:00:00,Avengers Compound,Arc Reactor Cores,705.19,5.1,False
2023-05-15T04:00:00,Avengers Compound,Pym Particles,716.37,4.68,False
2023-05-15T04:00:00,Avengers Compound,Clean Water (L),2406.26,5.1,False
2023-05-15T04:00:00,Avengers Compound,Medical Kits,737.98,3.83,False
2023-05-15T05:00:00,New Asgard,Vibranium (kg),2423.96,4.61,False
2023-05-15T05:00:00,New Asgard,Arc Reactor Cores,709.33,5.53,False
2023-05-15T05:00:00,New Asgard,Pym Particles,718.16,5.07,False
2023-05-15T05:00:00,New Asgard,Clean Water (L),2405.91,5.53,False
2023-05-15T05:00:00,New Asgard,Medical Kits,732.63,4.15,False
2023-05-15T05:00:00,Wakanda,Vibranium (kg),2428.22,4.61,False
2023-05-15T05:00:00,Wakanda,Arc Reactor Cores,708.09,5.53,False
2023-05-15T05:00:00,Wakanda,Pym Particles,714.17,5.07,False
2023-05-15T05:00:00,Wakanda,Clean Water (L),2411.54,5.53,False
2023-05-15T05:00:00,Wakanda,Medical Kits,731.04,4.15,False
2023-05-15T05:00:00,Sokovia,Vibranium (kg),2424.89,4.61,False
2023-05-15T05:00:00,Sokovia,Arc Reactor Cores,709.05,5.53,False
2023-05-15T05:00:00,Sokovia,Pym Particles,717.75,5.07,False
2023-05-15T05:00:00,Sokovia,Clean Water (L),2405.21,5.53,False
2023-05-15T05:00:00,Sokovia,Medical Kits,731.11,4.15,False
2023-05-15T05:00:00,Sanctum Sanctorum,Vibranium (kg),2423.16,4.61,False
2023-05-15T05:00:00,Sanctum Sanctorum,Arc Reactor Cores,706.15,5.53,False
2023-05-15T05:00:00,Sanctum Sanctorum,Pym Particles,717.08,5.07,False
2023-05-15T05:00:00,Sanctum Sanctorum,Clean Water (L),2407.64,5.53,False
2023-05-15T05:00:00,Sanctum Sanctorum,Medical Kits,733.3,4.15,False
2023-05-15T05:00:00,Avengers Compound,Vibranium (kg),2424.15,4.61,False
2023-05-15T05:00:00,Avengers Compound,Arc Reactor Cores,705.88,5.53,False
2023-05-15T05:00:00,Avengers Compound,Pym Particles,715.54,5.07,False
2023-05-15T05:00:00,Avengers Compound,Clean Water (L),2406.55,5.53,False
2023-05-15T05:00:00,Avengers Compound,Medical Kits,738.07,4.15,False
2023-05-15T06:00:00,New Asgard,Vibranium (kg),2423.29,5.0,False
2023-05-15T06:00:00,New Asgard,Arc Reactor Cores,708.55,6.0,False
2023-05-15T06:00:00,New Asgard,Pym Particles,718.33,5.5,False
2023-05-15T06:00:00,New Asgard,Clean Water (L),2405.87,6.0,False
2023-05-15T06:00:00,New Asgard,Medical Kits,733.52,4.5,False
2023-05-15T06:00:00,Wakanda,Vibranium (kg),2427.85,5.0,False
2023-05-15T06:00:00,Wakanda,Arc Reactor Cores,708.0,6.0,False
2023-05-15T06:00:00,Wakanda,Pym Particles,715.43,5.5,False
2023-05-15T06:00:00,Wakanda,Clean Water (L),2411.68,6.0,False
2023-05-15T06:00:00,Wakanda,Medical Kits,730.33,4.5,False
2023-05-15T06:00:00,Sokovia,Vibranium (kg),2424.17,5.0,False
2023-05-15T06:00:00,Sokovia,Arc Reactor Cores,709.72,6.0,False
2023-05-15T06:00:00,Sokovia,Pym Particles,717.63,5.5,False
2023-05-15T06:00:00,Sokovia,Clean Water (L),2405.54,6.0,False
2023-05-15T06:00:00,Sokovia,Medical Kits,730.87,4.5,False
2023-05-15T06:00:00,Sanctum Sanctorum,Vibranium (kg),2421.48,5.0,False
2023-05-15T06:00:00,Sanctum Sanctorum,Arc Reactor Cores,707.48,6.0,False
2023-05-15T06:00:00,Sanctum Sanctorum,Pym Particles,716.88,5.5,False
2023-05-15T06:00:00,Sanctum Sanctorum,Clean Water (L),2408.68,6.0,False
2023-05-15T06:00:00,Sanctum Sanctorum,Medical Kits,732.22,4.5,False
2023-05-15T06:00:00,Avengers Compound,Vibranium (kg),2424.39,5.0,False
2023-05-15T06:00:00,Avengers Compound,Arc Reactor Cores,706.74,6.0,False
2023-05-15T06:00:00,Avengers Compound,Pym Particles,713.73,5.5,False
2023-05-15T06:00:00,Avengers Compound,Clean Water (L),2405.27,6.0,False
2023-05-15T06:00:00,Avengers Compound,Medical Kits,738.34,4.5,False
2023-05-15T07:00:00,New Asgard,Vibranium (kg),2423.78,5.39,False
2023-05-15T07:00:00,New Asgard,Arc Reactor Cores,706.12,6.47,False
2023-05-15T07:00:00,New Asgard,Pym Particles,718.85,5.93,False
2023-05-15T07:00:00,New Asgard,Clean Water (L),2406.73,6.47,False
2023-05-15T07:00:00,New Asgard,Medical Kits,732.61,4.85,False
2023-05-15T07:00:00,Wakanda,Vibranium (kg),2425.63,5.39,False
2023-05-15T07:00:00,Wakanda,Arc Reactor Cores,706.68,6.47,False
2023-05-15T07:00:00,Wakanda,Pym Particles,715.96,5.93,False
2023-05-15T07:00:00,Wakanda,Clean Water (L),2410.99,6.47,False
2023-05-15T07:00:00,Wakanda,Medical Kits,728.53,4.85,False
2023-05-15T07:00:00,Sokovia,Vibranium (kg),2422.5,5.39,False
2023-05-15T07:00:00,Sokovia,Arc Reactor Cores,708.85,6.47,False
2023-05-15T07:00:00,Sokovia,Pym Particles,717.28,5.93,False
2023-05-15T07:00:00,Sokovia,Clean Water (L),2404.35,6.47,False
2023-05-15T07:00:00,Sokovia,Medical Kits,730.45,4.85,False
2023-05-15T07:00:00,Sanctum Sanctorum,Vibranium (kg),2422.17,5.39,False
2023-05-15T07:00:00,Sanctum Sanctorum,Arc Reactor Cores,706.34,6.47,False
2023-05-15T07:00:00,Sanctum Sanctorum,Pym Particles,716.29,5.93,False
2023-05-15T07:00:00,Sanctum Sanctorum,Clean Water (L),2407.92,6.47,False
2023-05-15T07:00:00,Sanctum Sanctorum,Medical Kits,731.48,4.85,False
2023-05-15T07:00:00,Avengers Compound,Vibranium (kg),2425.57,5.39,False
2023-05-15T07:00:00,Avengers Compound,Arc Reactor Cores,705.76,6.47,False
2023-05-15T07:00:00,Avengers Compound,Pym Particles,712.67,5.93,False
2023-05-15T07:00:00,Avengers Compound,Clean Water (L),2404.79,6.47,False
2023-05-15T07:00:00,Avengers Compound,Medical Kits,737.56,4.85,False
2023-05-15T08:00:00,New Asgard,Vibranium (kg),2423.82,5.75,False
2023-05-15T08:00:00,New Asgard,Arc Reactor Cores,705.85,6.9,False
2023-05-15T08:00:00,New Asgard,Pym Particles,716.89,6.32,False
2023-05-15T08:00:00,New Asgard,Clean Water (L),2406.03,6.9,False
2023-05-15T08:00:00,New Asgard,Medical Kits,731.55,5.17,False
2023-05-15T08:00:00,Wakanda,Vibranium (kg),2425.34,5.75,False
2023-05-15T08:00:00,Wakanda,Arc Reactor Cores,704.87,6.9,False
2023-05-15T08:00:00,Wakanda,Pym Particles,713.97,6.32,False
2023-05-15T08:00:00,Wakanda,Clean Water (L),2409.42,6.9,False
2023-05-15T08:00:00,Wakanda,Medical Kits,726.76,5.17,False
2023-05-15T08:00:00,Sokovia,Vibranium (kg),2422.28,5.75,False
2023-05-15T08:00:00,Sokovia,Arc Reactor Cores,708.62,6.9,False
2023-05-15T08:00:00,Sokovia,Pym Particles,716.62,6.32,False
2023-05-15T08:00:00,Sokovia,Clean Water (L),2403.34,6.9,False
2023-05-15T08:00:00,Sokovia,Medical Kits,730.33,5.17,False
2023-05-15T08:00:00,Sanctum Sanctorum,Vibranium (kg),2421.25,5.75,False
2023-05-15T08:00:00,Sanctum Sanctorum,Arc Reactor Cores,704.33,6.9,False
2023-05-15T08:00:00,Sanctum Sanctorum,Pym Particles,714.67,6.32,False
2023-05-15T08:00:00,Sanctum Sanctorum,Clean Water (L),2407.55,6.9,False
2023-05-15T08:00:00,Sanctum Sanctorum,Medical Kits,731.67,5.17,False
2023-05-15T08:00:00,Avengers Compound,Vibranium (kg),2425.23,5.75,False
2023-05-15T08:00:00,Avengers Compound,Arc Reactor Cores,704.25,6.9,False
2023-05-15T08:00:00,Avengers Compound,Pym Particles,711.03,6.32,False
2023-05-15T08:00:00,Avengers Compound,Clean Water (L),2403.14,6.9,False
2023-05-15T08:00:00,Avengers Compound,Medical Kits,736.0,5.17,False
2023-05-15T09:00:00,New Asgard,Vibranium (kg),2423.1,6.06,False
2023-05-15T09:00:00,New Asgard,Arc Reactor Cores,703.86,7.27,False
2023-05-15T09:00:00,New Asgard,Pym Particles,714.64,6.67,False
2023-05-15T09:00:00,New Asgard,Clean Water (L),2404.02,7.27,False
2023-05-15T09:00:00,New Asgard,Medical Kits,730.44,5.45,False
2023-05-15T09:00:00,Wakanda,Vibranium (kg),2424.84,6.06,False
2023-05-15T09:00:00,Wakanda,Arc Reactor Cores,704.52,7.27,False
2023-05-15T09:00:00,Wakanda,Pym Particles,712.93,6.67,False
2023-05-15T09:00:00,Wakanda,Clean Water (L),2407.36,7.27,False
2023-05-15T09:00:00,Wakanda,Medical Kits,726.45,5.45,False
2023-05-15T09:00:00,Sokovia,Vibranium (kg),2420.9,6.06,False
2023-05-15T09:00:00,Sokovia,Arc Reactor Cores,706.31,7.27,False
2023-05-15T09:00:00,Sokovia,Pym Particles,715.18,6.67,False
2023-05-15T09:00:00,Sokovia,Clean Water (L),2402.19,7.27,False
2023-05-15T09:00:00,Sokovia,Medical Kits,729.14,5.45,False
2023-05-15T09:00:00,Sanctum Sanctorum,Vibranium (kg),2420.47,6.06,False
2023-05-15T09:00:00,Sanctum Sanctorum,Arc Reactor Cores,703.3,7.27,False
2023-05-15T09:00:00,Sanctum Sanctorum,Pym Particles,713.23,6.67,False
2023-05-15T09:00:00,Sanctum Sanctorum,Clean Water (L),2406.35,7.27,False
2023-05-15T09:00:00,Sanctum Sanctorum,Medical Kits,730.2,5.45,False
2023-05-15T09:00:00,Avengers Compound,Vibranium (kg),2423.71,6.06,False
2023-05-15T09:00:00,Avengers Compound,Arc Reactor Cores,703.69,7.27,False
2023-05-15T09:00:00,Avengers Compound,Pym Particles,710.75,6.67,False
2023-05-15T09:00:00,Avengers Compound,Clean Water (L),2402.15,7.27,False
2023-05-15T09:00:00,Avengers Compound,Medical Kits,734.61,5.45,False
2023-05-15T10:00:00,New Asgard,Vibranium (kg),2422.24,6.3,False
2023-05-15T10:00:00,New Asgard,Arc Reactor Cores,701.76,7.56,False
2023-05-15T10:00:00,New Asgard,Pym Particles,711.33,6.93,False
2023-05-15T10:00:00,New Asgard,Clean Water (L),2403.03,7.56,False
2023-05-15T10:00:00,New Asgard,Medical Kits,729.41,5.67,False
2023-05-15T10:00:00,Wakanda,Vibranium (kg),2422.6,6.3,False
2023-05-15T10:00:00,Wakanda,Arc Reactor Cores,702.77,7.56,False
2023-05-15T10:00:00,Wakanda,Pym Particles,711.35,6.93,False
2023-05-15T10:00:00,Wakanda,Clean Water (L),2405.03,7.56,False
2023-05-15T10:00:00,Wakanda,Medical Kits,726.42,5.67,False
2023-05-15T10:00:00,Sokovia,Vibranium (kg),2419.94,6.3,False
2023-05-15T10:00:00,Sokovia,Arc Reactor Cores,704.92,7.56,False
2023-05-15T10:00:00,Sokovia,Pym Particles,714.32,6.93,False
2023-05-15T10:00:00,Sokovia,Clean Water (L),2401.45,7.56,False
2023-05-15T10:00:00,Sokovia,Medical Kits,729.35,5.67,False
2023-05-15T10:00:00,Sanctum Sanctorum,Vibranium (kg),2417.82,6.3,False
2023-05-15T10:00:00,Sanctum Sanctorum,Arc Reactor Cores,701.84,7.56,False
2023-05-15T10:00:00,Sanctum Sanctorum,Pym Particles,712.71,6.93,False
2023-05-15T10:00:00,Sanctum Sanctorum,Clean Water (L),2403.79,7.56,False
2023-05-15T10:00:00,Sanctum Sanctorum,Medical Kits,730.31,5.67,False
2023-05-15T10:00:00,Avengers Compound,Vibranium (kg),2423.86,6.3,False
2023-05-15T10:00:00,Avengers Compound,Arc Reactor Cores,701.91,7.56,False
2023-05-15T10:00:00,Avengers Compound,Pym Particles,708.68,6.93,False
2023-05-15T10:00:00,Avengers Compound,Clean Water (L),2401.5,7.56,False
2023-05-15T10:00:00,Avengers Compound,Medical Kits,732.21,5.67,False
2023-05-15T11:00:00,New Asgard,Vibranium (kg),2420.17,6.45,False
2023-05-15T11:00:00,New Asgard,Arc Reactor Cores,700.96,7.74,False
2023-05-15T11:00:00,New Asgard,Pym Particles,710.38,7.09,False
2023-05-15T11:00:00,New Asgard,Clean Water (L),2400.85,7.74,False
2023-05-15T11:00:00,New Asgard,Medical Kits,727.05,5.8,False
2023-05-15T11:00:00,Wakanda,Vibranium (kg),2421.84,6.45,False
2023-05-15T11:00:00,Wakanda,Arc Reactor Cores,700.44,7.74,False
2023-05-15T11:00:00,Wakanda,Pym Particles,710.28,7.09,False
2023-05-15T11:00:00,Wakanda,Clean Water (L),2404.46,7.74,False
2023-05-15T11:00:00,Wakanda,Medical Kits,725.8,5.8,False
2023-05-15T11:00:00,Sokovia,Vibranium (kg),2417.42,6.45,False
2023-05-15T11:00:00,Sokovia,Arc Reactor Cores,702.54,7.74,False
2023-05-15T11:00:00,Sokovia,Pym Particles,711.98,7.09,False
2023-05-15T11:00:00,Sokovia,Clean Water (L),2400.19,7.74,False
2023-05-15T11:00:00,Sokovia,Medical Kits,729.09,5.8,False
2023-05-15T11:00:00,Sanctum Sanctorum,Vibranium (kg),2415.71,6.45,False
2023-05-15T11:00:00,Sanctum Sanctorum,Arc Reactor Cores,701.22,7.74,False
2023-05-15T11:00:00,Sanctum Sanctorum,Pym Particles,711.63,7.09,False
2023-05-15T11:00:00,Sanctum Sanctorum,Clean Water (L),2401.29,7.74,False
2023-05-15T11:00:00,Sanctum Sanctorum,Medical Kits,728.98,5.8,False
2023-05-15T11:00:00,Avengers Compound,Vibranium (kg),2421.32,6.45,False
2023-05-15T11:00:00,Avengers Compound,Arc Reactor Cores,699.76,7.74,False
2023-05-15T11:00:00,Avengers Compound,Pym Particles,708.47,7.09,False
2023-05-15T11:00:00,Avengers Compound,Clean Water (L),2400.11,7.74,False
2023-05-15T11:00:00,Avengers Compound,Medical Kits,730.03,5.8,False
2023-05-15T12:00:00,New Asgard,Vibranium (kg),2417.26,6.5,False
2023-05-15T12:00:00,New Asgard,Arc Reactor Cores,698.41,7.8,False
2023-05-15T12:00:00,New Asgard,Pym Particles,709.55,7.15,False
2023-05-15T12:00:00,New Asgard,Clean Water (L),2397.66,7.8,False
2023-05-15T12:00:00,New Asgard,Medical Kits,725.53,5.85,False
2023-05-15T12:00:00,Wakanda,Vibranium (kg),2420.66,6.5,False
2023-05-15T12:00:00,Wakanda,Arc Reactor Cores,698.75,7.8,False
2023-05-15T12:00:00,Wakanda,Pym Particles,710.44,7.15,False
2023-05-15T12:00:00,Wakanda,Clean Water (L),2403.9,7.8,False
2023-05-15T12:00:00,Wakanda,Medical Kits,726.25,5.85,False
2023-05-15T12:00:00,Sokovia,Vibranium (kg),2416.4,6.5,False
2023-05-15T12:00:00,Sokovia,Arc Reactor Cores,700.5,7.8,False
2023-05-15T12:00:00,Sokovia,Pym Particles,710.69,7.15,False
2023-05-15T12:00:00,Sokovia,Clean Water (L),2396.69,7.8,False
2023-05-15T12:00:00,Sokovia,Medical Kits,728.01,5.85,False
2023-05-15T12:00:00,Sanctum Sanctorum,Vibranium (kg),2414.7,6.5,False
2023-05-15T12:00:00,Sanctum Sanctorum,Arc Reactor Cores,699.11,7.8,False
2023-05-15T12:00:00,Sanctum Sanctorum,Pym Particles,709.95,7.15,False
2023-05-15T12:00:00,Sanctum Sanctorum,Clean Water (L),2400.16,7.8,False
2023-05-15T12:00:00,Sanctum Sanctorum,Medical Kits,726.72,5.85,False
2023-05-15T12:00:00,Avengers Compound,Vibranium (kg),2419.57,6.5,False
2023-05-15T12:00:00,Avengers Compound,Arc Reactor Cores,699.69,7.8,False
2023-05-15T12:00:00,Avengers Compound,Pym Particles,708.0,7.15,False
2023-05-15T12:00:00,Avengers Compound,Clean Water (L),2397.58,7.8,False
2023-05-15T12:00:00,Avengers Compound,Medical Kits,728.29,5.85,False
2023-05-15T13:00:00,New Asgard,Vibranium (kg),2417.18,6.45,False
2023-05-15T13:00:00,New Asgard,Arc Reactor Cores,696.55,7.74,False
2023-05-15T13:00:00,New Asgard,Pym Particles,708.17,7.09,False
2023-05-15T13:00:00,New Asgard,Clean Water (L),2394.8,7.74,False
2023-05-15T13:00:00,New Asgard,Medical Kits,724.06,5.8,False
2023-05-15T13:00:00,Wakanda,Vibranium (kg),2420.58,6.45,False
2023-05-15T13:00:00,Wakanda,Arc Reactor Cores,697.91,7.74,False
2023-05-15T13:00:00,Wakanda,Pym Particles,710.05,7.09,False
2023-05-15T13:00:00,Wakanda,Clean Water (L),2402.27,7.74,False
2023-05-15T13:00:00,Wakanda,Medical Kits,723.46,5.8,False
2023-05-15T13:00:00,Sokovia,Vibranium (kg),2416.63,6.45,False
2023-05-15T13:00:00,Sokovia,Arc Reactor Cores,698.37,7.74,False
2023-05-15T13:00:00,Sokovia,Pym Particles,708.71,7.09,False
2023-05-15T13:00:00,Sokovia,Clean Water (L),2394.03,7.74,False
2023-05-15T13:00:00,Sokovia,Medical Kits,728.43,5.8,False
2023-05-15T13:00:00,Sanctum Sanctorum,Vibranium (kg),2413.14,6.45,False
2023-05-15T13:00:00,Sanctum Sanctorum,Arc Reactor Cores,698.14,7.74,False
2023-05-15T13:00:00,Sanctum Sanctorum,Pym Particles,708.71,7.09,False
2023-05-15T13:00:00,Sanctum Sanctorum,Clean Water (L),2397.32,7.74,False
2023-05-15T13:00:00,Sanctum Sanctorum,Medical Kits,725.61,5.8,False
2023-05-15T13:00:00,Avengers Compound,Vibranium (kg),2416.6,6.45,False
2023-05-15T13:00:00,Avengers Compound,Arc Reactor Cores,698.32,7.74,False
2023-05-15T13:00:00,Avengers Compound,Pym Particles,707.61,7.09,False
2023-05-15T13:00:00,Avengers Compound,Clean Water (L),2394.97,7.74,False
2023-05-15T13:00:00,Avengers Compound,Medical Kits,726.53,5.8,False
2023-05-15T14:00:00,New Asgard,Vibranium (kg),2415.89,6.3,False
2023-05-15T14:00:00,New Asgard,Arc Reactor Cores,694.6,7.56,False
2023-05-15T14:00:00,New Asgard,Pym Particles,706.69,6.93,False
2023-05-15T14:00:00,New Asgard,Clean Water (L),2391.85,7.56,False
2023-05-15T14:00:00,New Asgard,Medical Kits,724.12,5.67,False
2023-05-15T14:00:00,Wakanda,Vibranium (kg),2418.1,6.3,False
2023-05-15T14:00:00,Wakanda,Arc Reactor Cores,695.3,7.56,False
2023-05-15T14:00:00,Wakanda,Pym Particles,710.14,6.93,False
2023-05-15T14:00:00,Wakanda,Clean Water (L),2400.09,7.56,False
2023-05-15T14:00:00,Wakanda,Medical Kits,722.03,5.67,False
2023-05-15T14:00:00,Sokovia,Vibranium (kg),2415.4,6.3,False
2023-05-15T14:00:00,Sokovia,Arc Reactor Cores,697.27,7.56,False
2023-05-15T14:00:00,Sokovia,Pym Particles,708.46,6.93,False
2023-05-15T14:00:00,Sokovia,Clean Water (L),2392.5,7.56,False
2023-05-15T14:00:00,Sokovia,Medical Kits,726.5,5.67,False
2023-05-15T14:00:00,Sanctum Sanctorum,Vibranium (kg),2411.07,6.3,False
2023-05-15T14:00:00,Sanctum Sanctorum,Arc Reactor Cores,697.26,7.56,False
2023-05-15T14:00:00,Sanctum Sanctorum,Pym Particles,707.56,6.93,False
2023-05-15T14:00:00,Sanctum Sanctorum,Clean Water (L),2394.29,7.56,False
2023-05-15T14:00:00,Sanctum Sanctorum,Medical Kits,725.11,5.67,False
2023-05-15T14:00:00,Avengers Compound,Vibranium (kg),2415.92,6.3,False
2023-05-15T14:00:00,Avengers Compound,Arc Reactor Cores,697.0,7.56,False
2023-05-15T14:00:00,Avengers Compound,Pym Particles,706.48,6.93,False
2023-05-15T14:00:00,Avengers Compound,Clean Water (L),2393.53,7.56,False
2023-05-15T14:00:00,Avengers Compound,Medical Kits,725.16,5.67,False
2023-05-15T15:00:00,New Asgard,Vibranium (kg),2415.55,6.06,False
2023-05-15T15:00:00,New Asgard,Arc Reactor Cores,694.15,7.27,False
2023-05-15T15:00:00,New Asgard,Pym Particles,707.57,6.67,False
2023-05-15T15:00:00,New Asgard,Clean Water (L),2390.53,7.27,False
2023-05-15T15:00:00,New Asgard,Medical Kits,722.78,5.45,False
2023-05-15T15:00:00,Wakanda,Vibranium (kg),2417.02,6.06,False
2023-05-15T15:00:00,Wakanda,Arc Reactor Cores,694.84,7.27,False
2023-05-15T15:00:00,Wakanda,Pym Particles,709.84,6.67,False
2023-05-15T15:00:00,Wakanda,Clean Water (L),2399.19,7.27,False
2023-05-15T15:00:00,Wakanda,Medical Kits,722.1,5.45,False
2023-05-15T15:00:00,Sokovia,Vibranium (kg),2414.46,6.06,False
2023-05-15T15:00:00,Sokovia,Arc Reactor Cores,696.13,7.27,False
2023-05-15T15:00:00,Sokovia,Pym Particles,707.86,6.67,False
2023-05-15T15:00:00,Sokovia,Clean Water (L),2391.42,7.27,False
2023-05-15T15:00:00,Sokovia,Medical Kits,726.21,5.45,False
2023-05-15T15:00:00,Sanctum Sanctorum,Vibranium (kg),2409.78,6.06,False
2023-05-15T15:00:00,Sanctum Sanctorum,Arc Reactor Cores,697.01,7.27,False
2023-05-15T15:00:00,Sanctum Sanctorum,Pym Particles,707.16,6.67,False
2023-05-15T15:00:00,Sanctum Sanctorum,Clean Water (L),2393.92,7.27,False
2023-05-15T15:00:00,Sanctum Sanctorum,Medical Kits,724.1,5.45,False
2023-05-15T15:00:00,Avengers Compound,Vibranium (kg),2413.71,6.06,False
2023-05-15T15:00:00,Avengers Compound,Arc Reactor Cores,694.46,7.27,False
2023-05-15T15:00:00,Avengers Compound,Pym Particles,705.55,6.67,False
2023-05-15T15:00:00,Avengers Compound,Clean Water (L),2392.13,7.27,False
2023-05-15T15:00:00,Avengers Compound,Medical Kits,725.83,5.45,False
2023-05-15T16:00:00,New Asgard,Vibranium (kg),2416.83,5.75,False
2023-05-15T16:00:00,New Asgard,Arc Reactor Cores,693.94,6.9,False
2023-05-15T16:00:00,New Asgard,Pym Particles,706.61,6.32,False
2023-05-15T16:00:00,New Asgard,Clean Water (L),2388.99,6.9,False
2023-05-15T16:00:00,New Asgard,Medical Kits,723.2,5.17,False
2023-05-15T16:00:00,Wakanda,Vibranium (kg),2416.96,5.75,False
2023-05-15T16:00:00,Wakanda,Arc Reactor Cores,693.55,6.9,False
2023-05-15T16:00:00,Wakanda,Pym Particles,710.5,6.32,False
2023-05-15T16:00:00,Wakanda,Clean Water (L),2398.44,6.9,False
2023-05-15T16:00:00,Wakanda,Medical Kits,721.44,5.17,False
2023-05-15T16:00:00,Sokovia,Vibranium (kg),2414.03,5.75,False
2023-05-15T16:00:00,Sokovia,Arc Reactor Cores,695.56,6.9,False
2023-05-15T16:00:00,Sokovia,Pym Particles,708.9,6.32,False
2023-05-15T16:00:00,Sokovia,Clean Water (L),2390.96,6.9,False
2023-05-15T16:00:00,Sokovia,Medical Kits,726.81,5.17,False
2023-05-15T16:00:00,Sanctum Sanctorum,Vibranium (kg),2409.67,5.75,False
2023-05-15T16:00:00,Sanctum Sanctorum,Arc Reactor Cores,695.25,6.9,False
2023-05-15T16:00:00,Sanctum Sanctorum,Pym Particles,706.21,6.32,False
2023-05-15T16:00:00,Sanctum Sanctorum,Clean Water (L),2394.39,6.9,False
2023-05-15T16:00:00,Sanctum Sanctorum,Medical Kits,724.77,5.17,False
2023-05-15T16:00:00,Avengers Compound,Vibranium (kg),2413.92,5.75,False
2023-05-15T16:00:00,Avengers Compound,Arc Reactor Cores,692.99,6.9,False
2023-05-15T16:00:00,Avengers Compound,Pym Particles,704.39,6.32,False
2023-05-15T16:00:00,Avengers Compound,Clean Water (L),2391.37,6.9,False
2023-05-15T16:00:00,Avengers Compound,Medical Kits,724.65,5.17,False
2023-05-15T17:00:00,New Asgard,Vibranium (kg),2415.55,5.39,False
2023-05-15T17:00:00,New Asgard,Arc Reactor Cores,695.1,6.47,False
2023-05-15T17:00:00,New Asgard,Pym Particles,706.13,5.93,False
2023-05-15T17:00:00,New Asgard,Clean Water (L),2388.17,6.47,False
2023-05-15T17:00:00,New Asgard,Medical Kits,723.62,4.85,False
2023-05-15T17:00:00,Wakanda,Vibranium (kg),2416.68,5.39,False
2023-05-15T17:00:00,Wakanda,Arc Reactor Cores,693.75,6.47,False
2023-05-15T17:00:00,Wakanda,Pym Particles,709.52,5.93,False
2023-05-15T17:00:00,Wakanda,Clean Water (L),2397.57,6.47,False
2023-05-15T17:00:00,Wakanda,Medical Kits,719.98,4.85,False
2023-05-15T17:00:00,Sokovia,Vibranium (kg),2413.71,5.39,False
2023-05-15T17:00:00,Sokovia,Arc Reactor Cores,696.31,6.47,False
2023-05-15T17:00:00,Sokovia,Pym Particles,707.26,5.93,False
2023-05-15T17:00:00,Sokovia,Clean Water (L),2389.51,6.47,False
2023-05-15T17:00:00,Sokovia,Medical Kits,726.96,4.85,False
2023-05-15T17:00:00,Sanctum Sanctorum,Vibranium (kg),2410.51,5.39,False
2023-05-15T17:00:00,Sanctum Sanctorum,Arc Reactor Cores,695.6,6.47,False
2023-05-15T17:00:00,Sanctum Sanctorum,Pym Particles,705.6,5.93,False
2023-05-15T17:00:00,Sanctum Sanctorum,Clean Water (L),2393.5,6.47,False
2023-05-15T17:00:00,Sanctum Sanctorum,Medical Kits,724.21,4.85,False
2023-05-15T17:00:00,Avengers Compound,Vibranium (kg),2413.63,5.39,False
2023-05-15T17:00:00,Avengers Compound,Arc Reactor Cores,693.12,6.47,False
2023-05-15T17:00:00,Avengers Compound,Pym Particles,704.33,5.93,False
2023-05-15T17:00:00,Avengers Compound,Clean Water (L),2391.71,6.47,False
2023-05-15T17:00:00,Avengers Compound,Medical Kits,723.45,4.85,False
2023-05-15T18:00:00,New Asgard,Vibranium (kg),2415.46,5.0,False
2023-05-15T18:00:00,New Asgard,Arc Reactor Cores,694.16,6.0,False
2023-05-15T18:00:00,New Asgard,Pym Particles,705.48,5.5,False
2023-05-15T18:00:00,New Asgard,Clean Water (L),2387.9,6.0,False
2023-05-15T18:00:00,New Asgard,Medical Kits,723.6,4.5,False
2023-05-15T18:00:00,Wakanda,Vibranium (kg),2416.1,5.0,False
2023-05-15T18:00:00,Wakanda,Arc Reactor Cores,694.28,6.0,False
2023-05-15T18:00:00,Wakanda,Pym Particles,708.39,5.5,False
2023-05-15T18:00:00,Wakanda,Clean Water (L),2397.7,6.0,False
2023-05-15T18:00:00,Wakanda,Medical Kits,718.99,4.5,False
2023-05-15T18:00:00,Sokovia,Vibranium (kg),2414.77,5.0,False
2023-05-15T18:00:00,Sokovia,Arc Reactor Cores,695.58,6.0,False
2023-05-15T18:00:00,Sokovia,Pym Particles,707.14,5.5,False
2023-05-15T18:00:00,Sokovia,Clean Water (L),2391.36,6.0,False
2023-05-15T18:00:00,Sokovia,Medical Kits,728.77,4.5,False
2023-05-15T18:00:00,Sanctum Sanctorum,Vibranium (kg),2410.11,5.0,False
2023-05-15T18:00:00,Sanctum Sanctorum,Arc Reactor Cores,695.7,6.0,False
2023-05-15T18:00:00,Sanctum Sanctorum,Pym Particles,706.8,5.5,False
2023-05-15T18:00:00,Sanctum Sanctorum,Clean Water (L),2393.75,6.0,False
2023-05-15T18:00:00,Sanctum Sanctorum,Medical Kits,723.55,4.5,False
2023-05-15T18:00:00,Avengers Compound,Vibranium (kg),2415.14,5.0,False
2023-05-15T18:00:00,Avengers Compound,Arc Reactor Cores,692.9,6.0,False
2023-05-15T18:00:00,Avengers Compound,Pym Particles,703.46,5.5,False
2023-05-15T18:00:00,Avengers Compound,Clean Water (L),2390.21,6.0,False
2023-05-15T18:00:00,Avengers Compound,Medical Kits,722.81,4.5,False
2023-05-15T19:00:00,New Asgard,Vibranium (kg),2415.06,4.61,False
2023-05-15T19:00:00,New Asgard,Arc Reactor Cores,696.03,5.53,False
2023-05-15T19:00:00,New Asgard,Pym Particles,706.1,5.07,False
2023-05-15T19:00:00,New Asgard,Clean Water (L),2389.69,5.53,False
2023-05-15T19:00:00,New Asgard,Medical Kits,725.59,4.15,False
2023-05-15T19:00:00,Wakanda,Vibranium (kg),2416.11,4.61,False
2023-05-15T19:00:00,Wakanda,Arc Reactor Cores,694.63,5.53,False
2023-05-15T19:00:00,Wakanda,Pym Particles,707.44,5.07,False
2023-05-15T19:00:00,Wakanda,Clean Water (L),2397.61,5.53,False
2023-05-15T19:00:00,Wakanda,Medical Kits,719.51,4.15,False
2023-05-15T19:00:00,Sokovia,Vibranium (kg),2416.29,4.61,False
2023-05-15T19:00:00,Sokovia,Arc Reactor Cores,697.13,5.53,False
2023-05-15T19:00:00,Sokovia,Pym Particles,708.66,5.07,False
2023-05-15T19:00:00,Sokovia,Clean Water (L),2391.12,5.53,False
2023-05-15T19:00:00,Sokovia,Medical Kits,730.94,4.15,False
2023-05-15T19:00:00,Sanctum Sanctorum,Vibranium (kg),2409.91,4.61,False
2023-05-15T19:00:00,Sanctum Sanctorum,Arc Reactor Cores,696.04,5.53,False
2023-05-15T19:00:00,Sanctum Sanctorum,Pym Particles,707.68,5.07,False
2023-05-15T19:00:00,Sanctum Sanctorum,Clean Water (L),2393.73,5.53,False
2023-05-15T19:00:00,Sanctum Sanctorum,Medical Kits,723.62,4.15,False
2023-05-15T19:00:00,Avengers Compound,Vibranium (kg),2414.89,4.61,False
2023-05-15T19:00:00,Avengers Compound,Arc Reactor Cores,692.54,5.53,False
2023-05-15T19:00:00,Avengers Compound,Pym Particles,703.79,5.07,False
2023-05-15T19:00:00,Avengers Compound,Clean Water (L),2391.43,5.53,False
2023-05-15T19:00:00,Avengers Compound,Medical Kits,723.17,4.15,False
2023-05-15T20:00:00,New Asgard,Vibranium (kg),2415.68,4.25,False
2023-05-15T20:00:00,New Asgard,Arc Reactor Cores,696.44,5.1,False
2023-05-15T20:00:00,New Asgard,Pym Particles,707.48,4.68,False
2023-05-15T20:00:00,New Asgard,Clean Water (L),2390.72,5.1,False
2023-05-15T20:00:00,New Asgard,Medical Kits,725.9,3.83,False
2023-05-15T20:00:00,Wakanda,Vibranium (kg),2416.91,4.25,False
2023-05-15T20:00:00,Wakanda,Arc Reactor Cores,695.0,5.1,False
2023-05-15T20:00:00,Wakanda,Pym Particles,708.96,4.68,False
2023-05-15T20:00:00,Wakanda,Clean Water (L),2399.24,5.1,False
2023-05-15T20:00:00,Wakanda,Medical Kits,720.93,3.83,False
2023-05-15T20:00:00,Sokovia,Vibranium (kg),2417.1,4.25,False
2023-05-15T20:00:00,Sokovia,Arc Reactor Cores,698.22,5.1,False
2023-05-15T20:00:00,Sokovia,Pym Particles,709.94,4.68,False
2023-05-15T20:00:00,Sokovia,Clean Water (L),2392.25,5.1,False
2023-05-15T20:00:00,Sokovia,Medical Kits,731.01,3.83,False
2023-05-15T20:00:00,Sanctum Sanctorum,Vibranium (kg),2410.82,4.25,False
2023-05-15T20:00:00,Sanctum Sanctorum,Arc Reactor Cores,696.75,5.1,False
2023-05-15T20:00:00,Sanctum Sanctorum,Pym Particles,708.49,4.68,False
2023-05-15T20:00:00,Sanctum Sanctorum,Clean Water (L),2396.48,5.1,False
2023-05-15T20:00:00,Sanctum Sanctorum,Medical Kits,724.75,3.83,False
2023-05-15T20:00:00,Avengers Compound,Vibranium (kg),2416.07,4.25,False
2023-05-15T20:00:00,Avengers Compound,Arc Reactor Cores,693.8,5.1,False
2023-05-15T20:00:00,Avengers Compound,Pym Particles,703.8,4.68,False
2023-05-15T20:00:00,Avengers Compound,Clean Water (L),2392.2,5.1,False
2023-05-15T20:00:00,Avengers Compound,Medical Kits,722.54,3.83,False
2023-05-15T21:00:00,New Asgard,Vibranium (kg),2417.75,3.94,False
2023-05-15T21:00:00,New Asgard,Arc Reactor Cores,698.54,4.73,False
2023-05-15T21:00:00,New Asgard,Pym Particles,707.61,4.33,False
2023-05-15T21:00:00,New Asgard,Clean Water (L),2392.54,4.73,False
2023-05-15T21:00:00,New Asgard,Medical Kits,728.0,3.55,False
2023-05-15T21:00:00,Wakanda,Vibranium (kg),2416.81,3.94,False
2023-05-15T21:00:00,Wakanda,Arc Reactor Cores,695.91,4.73,False
2023-05-15T21:00:00,Wakanda,Pym Particles,709.91,4.33,False
2023-05-15T21:00:00,Wakanda,Clean Water (L),2401.11,4.73,False
2023-05-15T21:00:00,Wakanda,Medical Kits,722.05,3.55,False
2023-05-15T21:00:00,Sokovia,Vibranium (kg),2417.01,3.94,False
2023-05-15T21:00:00,Sokovia,Arc Reactor Cores,697.88,4.73,False
2023-05-15T21:00:00,Sokovia,Pym Particles,711.26,4.33,False
2023-05-15T21:00:00,Sokovia,Clean Water (L),2392.86,4.73,False
2023-05-15T21:00:00,Sokovia,Medical Kits,733.0,3.55,False
2023-05-15T21:00:00,Sanctum Sanctorum,Vibranium (kg),2412.21,3.94,False
2023-05-15T21:00:00,Sanctum Sanctorum,Arc Reactor Cores,697.91,4.73,False
2023-05-15T21:00:00,Sanctum Sanctorum,Pym Particles,709.0,4.33,False
2023-05-15T21:00:00,Sanctum Sanctorum,Clean Water (L),2396.99,4.73,False
2023-05-15T21:00:00,Sanctum Sanctorum,Medical Kits,725.46,3.55,False
2023-05-15T21:00:00,Avengers Compound,Vibranium (kg),2416.73,3.94,False
2023-05-15T21:00:00,Avengers Compound,Arc Reactor Cores,694.18,4.73,False
2023-05-15T21:00:00,Avengers Compound,Pym Particles,703.8,4.33,False
2023-05-15T21:00:00,Avengers Compound,Clean Water (L),2393.95,4.73,False
2023-05-15T21:00:00,Avengers Compound,Medical Kits,723.85,3.55,False
2023-05-15T22:00:00,New Asgard,Vibranium (kg),2418.9,3.7,False
2023-05-15T22:00:00,New Asgard,Arc Reactor Cores,700.93,4.44,False
2023-05-15T22:00:00,New Asgard,Pym Particles,708.03,4.07,False
2023-05-15T22:00:00,New Asgard,Clean Water (L),2394.58,4.44,False
2023-05-15T22:00:00,New Asgard,Medical Kits,729.74,3.33,False
2023-05-15T22:00:00,Wakanda,Vibranium (kg),2417.88,3.7,False
2023-05-15T22:00:00,Wakanda,Arc Reactor Cores,697.28,4.44,False
2023-05-15T22:00:00,Wakanda,Pym Particles,711.04,4.07,False
2023-05-15T22:00:00,Wakanda,Clean Water (L),2402.61,4.44,False
2023-05-15T22:00:00,Wakanda,Medical Kits,723.26,3.33,False
2023-05-15T22:00:00,Sokovia,Vibranium (kg),2418.38,3.7,False
2023-05-15T22:00:00,Sokovia,Arc Reactor Cores,697.96,4.44,False
2023-05-15T22:00:00,Sokovia,Pym Particles,712.9,4.07,False
2023-05-15T22:00:00,Sokovia,Clean Water (L),2393.77,4.44,False
2023-05-15T22:00:00,Sokovia,Medical Kits,733.21,3.33,False
2023-05-15T22:00:00,Sanctum Sanctorum,Vibranium (kg),2414.09,3.7,False
2023-05-15T22:00:00,Sanctum Sanctorum,Arc Reactor Cores,700.98,4.44,False
2023-05-15T22:00:00,Sanctum Sanctorum,Pym Particles,710.95,4.07,False
2023-05-15T22:00:00,Sanctum Sanctorum,Clean Water (L),2398.38,4.44,False
2023-05-15T22:00:00,Sanctum Sanctorum,Medical Kits,726.57,3.33,False
2023-05-15T22:00:00,Avengers Compound,Vibranium (kg),2416.31,3.7,False
2023-05-15T22:00:00,Avengers Compound,Arc Reactor Cores,694.99,4.44,False
2023-05-15T22:00:00,Avengers Compound,Pym Particles,705.0,4.07,False
2023-05-15T22:00:00,Avengers Compound,Clean Water (L),2395.7,4.44,False
2023-05-15T22:00:00,Avengers Compound,Medical Kits,725.33,3.33,False
2023-05-15T23:00:00,New Asgard,Vibranium (kg),2421.09,3.55,False
2023-05-15T23:00:00,New Asgard,Arc Reactor Cores,701.81,4.26,False
2023-05-15T23:00:00,New Asgard,Pym Particles,709.22,3.91,False
2023-05-15T23:00:00,New Asgard,Clean Water (L),2395.32,4.26,False
2023-05-15T23:00:00,New Asgard,Medical Kits,730.17,3.2,False
2023-05-15T23:00:00,Wakanda,Vibranium (kg),2419.25,3.55,False
2023-05-15T23:00:00,Wakanda,Arc Reactor Cores,698.22,4.26,False
2023-05-15T23:00:00,Wakanda,Pym Particles,711.6,3.91,False
2023-05-15T23:00:00,Wakanda,Clean Water (L),2405.37,4.26,False
2023-05-15T23:00:00,Wakanda,Medical Kits,724.92,3.2,False
2023-05-15T23:00:00,Sokovia,Vibranium (kg),2420.55,3.55,False
2023-05-15T23:00:00,Sokovia,Arc Reactor Cores,699.3,4.26,False
2023-05-15T23:00:00,Sokovia,Pym Particles,714.15,3.91,False
2023-05-15T23:00:00,Sokovia,Clean Water (L),2397.49,4.26,False
2023-05-15T23:00:00,Sokovia,Medical Kits,734.9,3.2,False
2023-05-15T23:00:00,Sanctum Sanctorum,Vibranium (kg),2415.93,3.55,False
2023-05-15T23:00:00,Sanctum Sanctorum,Arc Reactor Cores,703.93,4.26,False
2023-05-15T23:00:00,Sanctum Sanctorum,Pym Particles,712.13,3.91,False
2023-05-15T23:00:00,Sanctum Sanctorum,Clean Water (L),2399.7,4.26,False
2023-05-15T23:00:00,Sanctum Sanctorum,Medical Kits,727.08,3.2,False
2023-05-15T23:00:00,Avengers Compound,Vibranium (kg),2418.66,3.55,False
2023-05-15T23:00:00,Avengers Compound,Arc Reactor Cores,697.72,4.26,False
2023-05-15T23:00:00,Avengers Compound,Pym Particles,708.1,3.91,False
2023-05-15T23:00:00,Avengers Compound,Clean Water (L),2396.93,4.26,False
2023-05-15T23:00:00,Avengers Compound,Medical Kits,727.59,3.2,False
2023-05-16T00:00:00,New Asgard,Vibranium (kg),2424.04,3.5,False
2023-05-16T00:00:00,New Asgard,Arc Reactor Cores,703.99,4.2,False
2023-05-16T00:00:00,New Asgard,Pym Particles,711.64,3.85,False
2023-05-16T00:00:00,New Asgard,Clean Water (L),2397.11,4.2,False
2023-05-16T00:00:00,New Asgard,Medical Kits,733.06,3.15,False
2023-05-16T00:00:00,Wakanda,Vibranium (kg),2420.71,3.5,False
2023-05-16T00:00:00,Wakanda,Arc Reactor Cores,701.18,4.2,False
2023-05-16T00:00:00,Wakanda,Pym Particles,712.86,3.85,False
2023-05-16T00:00:00,Wakanda,Clean Water (L),2406.82,4.2,False
2023-05-16T00:00:00,Wakanda,Medical Kits,726.43,3.15,False
2023-05-16T00:00:00,Sokovia,Vibranium (kg),2422.77,3.5,False
2023-05-16T00:00:00,Sokovia,Arc Reactor Cores,699.84,4.2,False
2023-05-16T00:00:00,Sokovia,Pym Particles,716.05,3.85,False
2023-05-16T00:00:00,Sokovia,Clean Water (L),2397.94,4.2,False
2023-05-16T00:00:00,Sokovia,Medical Kits,737.66,3.15,False
2023-05-16T00:00:00,Sanctum Sanctorum,Vibranium (kg),2416.3,3.5,False
2023-05-16T00:00:00,Sanctum Sanctorum,Arc Reactor Cores,706.1,4.2,False
2023-05-16T00:00:00,Sanctum Sanctorum,Pym Particles,713.61,3.85,False
2023-05-16T00:00:00,Sanctum Sanctorum,Clean Water (L),2402.56,4.2,False
2023-05-16T00:00:00,Sanctum Sanctorum,Medical Kits,727.81,3.15,False
2023-05-16T00:00:00,Avengers Compound,Vibranium (kg),2418.75,3.5,False
2023-05-16T00:00:00,Avengers Compound,Arc Reactor Cores,700.58,4.2,False
2023-05-16T00:00:00,Avengers Compound,Pym Particles,708.21,3.85,False
2023-05-16T00:00:00,Avengers Compound,Clean Water (L),2399.33,4.2,False
2023-05-16T00:00:00,Avengers Compound,Medical Kits,728.71,3.15,False
2023-05-16T01:00:00,New Asgard,Vibranium (kg),2425.47,3.55,False
2023-05-16T01:00:00,New Asgard,Arc Reactor Cores,706.16,4.26,False
2023-05-16T01:00:00,New Asgard,Pym Particles,712.61,3.91,False
2023-05-16T01:00:00,New Asgard,Clean Water (L),2399.01,4.26,False
2023-05-16T01:00:00,New Asgard,Medical Kits,734.34,3.2,False
2023-05-16T01:00:00,Wakanda,Vibranium (kg),2422.37,3.55,False
2023-05-16T01:00:00,Wakanda,Arc Reactor Cores,703.39,4.26,False
2023-05-16T01:00:00,Wakanda,Pym Particles,712.75,3.91,False
2023-05-16T01:00:00,Wakanda,Clean Water (L),2407.14,4.26,False
2023-05-16T01:00:00,Wakanda,Medical Kits,728.59,3.2,False
2023-05-16T01:00:00,Sokovia,Vibranium (kg),2423.93,3.55,False
2023-05-16T01:00:00,Sokovia,Arc Reactor Cores,700.96,4.26,False
2023-05-16T01:00:00,Sokovia,Pym Particles,718.63,3.91,False
2023-05-16T01:00:00,Sokovia,Clean Water (L),2400.75,4.26,False
2023-05-16T01:00:00,Sokovia,Medical Kits,737.94,3.2,False
2023-05-16T01:00:00,Sanctum Sanctorum,Vibranium (kg),2418.15,3.55,False
2023-05-16T01:00:00,Sanctum Sanctorum,Arc Reactor Cores,706.14,4.26,False
2023-05-16T01:00:00,Sanctum Sanctorum,Pym Particles,716.07,3.91,False
2023-05-16T01:00:00,Sanctum Sanctorum,Clean Water (L),2404.03,4.26,False
2023-05-16T01:00:00,Sanctum Sanctorum,Medical Kits,728.38,3.2,False
2023-05-16T01:00:00,Avengers Compound,Vibranium (kg),2420.75,3.55,False
2023-05-16T01:00:00,Avengers Compound,Arc Reactor Cores,702.2,4.26,False
2023-05-16T01:00:00,Avengers Compound,Pym Particles,709.49,3.91,False
2023-05-16T01:00:00,Avengers Compound,Clean Water (L),2400.14,4.26,False
2023-05-16T01:00:00,Avengers Compound,Medical Kits,730.73,3.2,False
2023-05-16T02:00:00,New Asgard,Vibranium (kg),2426.93,3.7,False
2023-05-16T02:00:00,New Asgard,Arc Reactor Cores,706.8,4.44,False
2023-05-16T02:00:00,New Asgard,Pym Particles,715.45,4.07,False
2023-05-16T02:00:00,New Asgard,Clean Water (L),2400.17,4.44,False
2023-05-16T02:00:00,New Asgard,Medical Kits,734.07,3.33,False
2023-05-16T02:00:00,Wakanda,Vibranium (kg),2422.64,3.7,False
2023-05-16T02:00:00,Wakanda,Arc Reactor Cores,705.17,4.44,False
2023-05-16T02:00:00,Wakanda,Pym Particles,713.88,4.07,False
2023-05-16T02:00:00,Wakanda,Clean Water (L),2407.44,4.44,False
2023-05-16T02:00:00,Wakanda,Medical Kits,730.0,3.33,False
2023-05-16T02:00:00,Sokovia,Vibranium (kg),2426.11,3.7,False
2023-05-16T02:00:00,Sokovia,Arc Reactor Cores,702.38,4.44,False
2023-05-16T02:00:00,Sokovia,Pym Particles,718.4,4.07,False
2023-05-16T02:00:00,Sokovia,Clean Water (L),2403.62,4.44,False
2023-05-16T02:00:00,Sokovia,Medical Kits,739.15,3.33,False
2023-05-16T02:00:00,Sanctum Sanctorum,Vibranium (kg),2419.46,3.7,False
2023-05-16T02:00:00,Sanctum Sanctorum,Arc Reactor Cores,705.86,4.44,False
2023-05-16T02:00:00,Sanctum Sanctorum,Pym Particles,717.92,4.07,False
2023-05-16T02:00:00,Sanctum Sanctorum,Clean Water (L),2405.56,4.44,False
2023-05-16T02:00:00,Sanctum Sanctorum,Medical Kits,728.42,3.33,False
2023-05-16T02:00:00,Avengers Compound,Vibranium (kg),2423.28,3.7,False
2023-05-16T02:00:00,Avengers Compound,Arc Reactor Cores,703.68,4.44,False
2023-05-16T02:00:00,Avengers Compound,Pym Particles,711.21,4.07,False
2023-05-16T02:00:00,Avengers Compound,Clean Water (L),2402.72,4.44,False
2023-05-16T02:00:00,Avengers Compound,Medical Kits,731.13,3.33,False
2023-05-16T03:00:00,New Asgard,Vibranium (kg),2428.8,3.94,False
2023-05-16T03:00:00,New Asgard,Arc Reactor Cores,708.0,4.73,False
2023-05-16T03:00:00,New Asgard,Pym Particles,717.82,4.33,False
2023-05-16T03:00:00,New Asgard,Clean Water (L),2401.74,4.73,False
2023-05-16T03:00:00,New Asgard,Medical Kits,735.21,3.55,False
2023-05-16T03:00:00,Wakanda,Vibranium (kg),2424.65,3.94,False
2023-05-16T03:00:00,Wakanda,Arc Reactor Cores,707.71,4.73,False
2023-05-16T03:00:00,Wakanda,Pym Particles,715.14,4.33,False
2023-05-16T03:00:00,Wakanda,Clean Water (L),2408.38,4.73,False
2023-05-16T03:00:00,Wakanda,Medical Kits,731.96,3.55,False
2023-05-16T03:00:00,Sokovia,Vibranium (kg),2426.12,3.94,False
2023-05-16T03:00:00,Sokovia,Arc Reactor Cores,704.49,4.73,False
2023-05-16T03:00:00,Sokovia,Pym Particles,718.85,4.33,False
2023-05-16T03:00:00,Sokovia,Clean Water (L),2403.8,4.73,False
2023-05-16T03:00:00,Sokovia,Medical Kits,740.64,3.55,False
2023-05-16T03:00:00,Sanctum Sanctorum,Vibranium (kg),2421.38,3.94,False
2023-05-16T03:00:00,Sanctum Sanctorum,Arc Reactor Cores,707.05,4.73,False
2023-05-16T03:00:00,Sanctum Sanctorum,Pym Particles,718.67,4.33,False
2023-05-16T03:00:00,Sanctum Sanctorum,Clean Water (L),2406.84,4.73,False
2023-05-16T03:00:00,Sanctum Sanctorum,Medical Kits,728.95,3.55,False
2023-05-16T03:00:00,Avengers Compound,Vibranium (kg),2423.86,3.94,False
2023-05-16T03:00:00,Avengers Compound,Arc Reactor Cores,706.36,4.73,False
2023-05-16T03:00:00,Avengers Compound,Pym Particles,710.95,4.33,False
2023-05-16T03:00:00,Avengers Compound,Clean Water (L),2403.54,4.73,False
2023-05-16T03:00:00,Avengers Compound,Medical Kits,731.93,3.55,False
2023-05-16T04:00:00,New Asgard,Vibranium (kg),2427.31,4.25,False
2023-05-16T04:00:00,New Asgard,Arc Reactor Cores,707.52,5.1,False
2023-05-16T04:00:00,New Asgard,Pym Particles,717.58,4.68,False
2023-05-16T04:00:00,New Asgard,Clean Water (L),2404.12,5.1,False
2023-05-16T04:00:00,New Asgard,Medical Kits,734.02,3.83,False
2023-05-16T04:00:00,Wakanda,Vibranium (kg),2425.92,4.25,False
2023-05-16T04:00:00,Wakanda,Arc Reactor Cores,708.6,5.1,False
2023-05-16T04:00:00,Wakanda,Pym Particles,715.36,4.68,False
2023-05-16T04:00:00,Wakanda,Clean Water (L),2408.96,5.1,False
2023-05-16T04:00:00,Wakanda,Medical Kits,732.9,3.83,False
2023-05-16T04:00:00,Sokovia,Vibranium (kg),2425.61,4.25,False
2023-05-16T04:00:00,Sokovia,Arc Reactor Cores,706.05,5.1,False
2023-05-16T04:00:00,Sokovia,Pym Particles,720.16,4.68,False
2023-05-16T04:00:00,Sokovia,Clean Water (L),2403.99,5.1,False
2023-05-16T04:00:00,Sokovia,Medical Kits,741.16,3.83,False
2023-05-16T04:00:00,Sanctum Sanctorum,Vibranium (kg),2421.19,4.25,False
2023-05-16T04:00:00,Sanctum Sanctorum,Arc Reactor Cores,707.56,5.1,False
2023-05-16T04:00:00,Sanctum Sanctorum,Pym Particles,717.7,4.68,False
2023-05-16T04:00:00,Sanctum Sanctorum,Clean Water (L),2406.43,5.1,False
2023-05-16T04:00:00,Sanctum Sanctorum,Medical Kits,731.39,3.83,False
2023-05-16T04:00:00,Avengers Compound,Vibranium (kg),2424.75,4.25,False
2023-05-16T04:00:00,Avengers Compound,Arc Reactor Cores,707.21,5.1,False
2023-05-16T04:00:00,Avengers Compound,Pym Particles,710.2,4.68,False
2023-05-16T04:00:00,Avengers Compound,Clean Water (L),2404.21,5.1,False
2023-05-16T04:00:00,Avengers Compound,Medical Kits,732.43,3.83,False
2023-05-16T05:00:00,New Asgard,Vibranium (kg),2428.97,4.61,False
2023-05-16T05:00:00,New Asgard,Arc Reactor Cores,706.18,5.53,False
2023-05-16T05:00:00,New Asgard,Pym Particles,715.84,5.07,False
2023-05-16T05:00:00,New Asgard,Clean Water (L),2405.16,5.53,False
2023-05-16T05:00:00,New Asgard,Medical Kits,735.3,4.15,False
2023-05-16T05:00:00,Wakanda,Vibranium (kg),2426.19,4.61,False
2023-05-16T05:00:00,Wakanda,Arc Reactor Cores,708.62,5.53,False
2023-05-16T05:00:00,Wakanda,Pym Particles,715.48,5.07,False
2023-05-16T05:00:00,Wakanda,Clean Water (L),2408.99,5.53,False
2023-05-16T05:00:00,Wakanda,Medical Kits,732.51,4.15,False
2023-05-16T05:00:00,Sokovia,Vibranium (kg),2426.26,4.61,False
2023-05-16T05:00:00,Sokovia,Arc Reactor Cores,706.29,5.53,False
2023-05-16T05:00:00,Sokovia,Pym Particles,718.97,5.07,False
2023-05-16T05:00:00,Sokovia,Clean Water (L),2404.13,5.53,False
2023-05-16T05:00:00,Sokovia,Medical Kits,742.04,4.15,False
2023-05-16T05:00:00,Sanctum Sanctorum,Vibranium (kg),2422.9,4.61,False
2023-05-16T05:00:00,Sanctum Sanctorum,Arc Reactor Cores,709.0,5.53,False
2023-05-16T05:00:00,Sanctum Sanctorum,Pym Particles,716.5,5.07,False
2023-05-16T05:00:00,Sanctum Sanctorum,Clean Water (L),2407.59,5.53,False
2023-05-16T05:00:00,Sanctum Sanctorum,Medical Kits,730.57,4.15,False
2023-05-16T05:00:00,Avengers Compound,Vibranium (kg),2426.24,4.61,False
2023-05-16T05:00:00,Avengers Compound,Arc Reactor Cores,706.97,5.53,False
2023-05-16T05:00:00,Avengers Compound,Pym Particles,710.92,5.07,False
2023-05-16T05:00:00,Avengers Compound,Clean Water (L),2403.56,5.53,False
2023-05-16T05:00:00,Avengers Compound,Medical Kits,731.61,4.15,False
2023-05-16T06:00:00,New Asgard,Vibranium (kg),2428.45,5.0,False
2023-05-16T06:00:00,New Asgard,Arc Reactor Cores,704.99,6.0,False
2023-05-16T06:00:00,New Asgard,Pym Particles,714.95,5.5,False
2023-05-16T06:00:00,New Asgard,Clean Water (L),2405.61,6.0,False
2023-05-16T06:00:00,New Asgard,Medical Kits,734.61,4.5,False
2023-05-16T06:00:00,Wakanda,Vibranium (kg),2424.83,5.0,False
2023-05-16T06:00:00,Wakanda,Arc Reactor Cores,708.35,6.0,False
2023-05-16T06:00:00,Wakanda,Pym Particles,716.08,5.5,False
2023-05-16T06:00:00,Wakanda,Clean Water (L),2408.78,6.0,False
2023-05-16T06:00:00,Wakanda,Medical Kits,733.0,4.5,False
2023-05-16T06:00:00,Sokovia,Vibranium (kg),2424.78,5.0,False
2023-05-16T06:00:00,Sokovia,Arc Reactor Cores,705.8,6.0,False
2023-05-16T06:00:00,Sokovia,Pym Particles,718.96,5.5,False
2023-05-16T06:00:00,Sokovia,Clean Water (L),2404.16,6.0,False
2023-05-16T06:00:00,Sokovia,Medical Kits,741.16,4.5,False
2023-05-16T06:00:00,Sanctum Sanctorum,Vibranium (kg),2421.49,5.0,False
2023-05-16T06:00:00,Sanctum Sanctorum,Arc Reactor Cores,708.14,6.0,False
2023-05-16T06:00:00,Sanctum Sanctorum,Pym Particles,715.52,5.5,False
2023-05-16T06:00:00,Sanctum Sanctorum,Clean Water (L),2406.63,6.0,False
2023-05-16T06:00:00,Sanctum Sanctorum,Medical Kits,729.64,4.5,False
2023-05-16T06:00:00,Avengers Compound,Vibranium (kg),2426.29,5.0,False
2023-05-16T06:00:00,Avengers Compound,Arc Reactor Cores,706.64,6.0,False
2023-05-16T06:00:00,Avengers Compound,Pym Particles,710.15,5.5,False
2023-05-16T06:00:00,Avengers Compound,Clean Water (L),2403.27,6.0,False
2023-05-16T06:00:00,Avengers Compound,Medical Kits,731.68,4.5,False
2023-05-16T07:00:00,New Asgard,Vibranium (kg),2427.57,5.39,False
2023-05-16T07:00:00,New Asgard,Arc Reactor Cores,705.67,6.47,False
2023-05-16T07:00:00,New Asgard,Pym Particles,713.46,5.93,False
2023-05-16T07:00:00,New Asgard,Clean Water (L),2405.47,6.47,False
2023-05-16T07:00:00,New Asgard,Medical Kits,734.58,4.85,False
2023-05-16T07:00:00,Wakanda,Vibranium (kg),2423.66,5.39,False
2023-05-16T07:00:00,Wakanda,Arc Reactor Cores,706.52,6.47,False
2023-05-16T07:00:00,Wakanda,Pym Particles,715.28,5.93,False
2023-05-16T07:00:00,Wakanda,Clean Water (L),2408.56,6.47,False
2023-05-16T07:00:00,Wakanda,Medical Kits,731.93,4.85,False
2023-05-16T07:00:00,Sokovia,Vibranium (kg),2424.41,5.39,False
2023-05-16T07:00:00,Sokovia,Arc Reactor Cores,705.01,6.47,False
2023-05-16T07:00:00,Sokovia,Pym Particles,717.77,5.93,False
2023-05-16T07:00:00,Sokovia,Clean Water (L),2403.21,6.47,False
2023-05-16T07:00:00,Sokovia,Medical Kits,740.84,4.85,False
2023-05-16T07:00:00,Sanctum Sanctorum,Vibranium (kg),2421.01,5.39,False
2023-05-16T07:00:00,Sanctum Sanctorum,Arc Reactor Cores,707.08,6.47,False
2023-05-16T07:00:00,Sanctum Sanctorum,Pym Particles,714.78,5.93,False
2023-05-16T07:00:00,Sanctum Sanctorum,Clean Water (L),2407.09,6.47,False
2023-05-16T07:00:00,Sanctum Sanctorum,Medical Kits,729.36,4.85,False
2023-05-16T07:00:00,Avengers Compound,Vibranium (kg),2424.59,5.39,False
2023-05-16T07:00:00,Avengers Compound,Arc Reactor Cores,707.37,6.47,False
2023-05-16T07:00:00,Avengers Compound,Pym Particles,709.78,5.93,False
2023-05-16T07:00:00,Avengers Compound,Clean Water (L),2401.3,6.47,False
2023-05-16T07:00:00,Avengers Compound,Medical Kits,730.93,4.85,False
2023-05-16T08:00:00,New Asgard,Vibranium (kg),2426.66,5.75,False
2023-05-16T08:00:00,New Asgard,Arc Reactor Cores,704.61,6.9,False
2023-05-16T08:00:00,New Asgard,Pym Particles,711.54,6.32,False
2023-05-16T08:00:00,New Asgard,Clean Water (L),2404.16,6.9,False
2023-05-16T08:00:00,New Asgard,Medical Kits,735.23,5.17,False
2023-05-16T08:00:00,Wakanda,Vibranium (kg),2424.3,5.75,False
2023-05-16T08:00:00,Wakanda,Arc Reactor Cores,706.14,6.9,False
2023-05-16T08:00:00,Wakanda,Pym Particles,715.25,6.32,False
2023-05-16T08:00:00,Wakanda,Clean Water (L),2406.18,6.9,False
2023-05-16T08:00:00,Wakanda,Medical Kits,730.56,5.17,False
2023-05-16T08:00:00,Sokovia,Vibranium (kg),2421.95,5.75,False
2023-05-16T08:00:00,Sokovia,Arc Reactor Cores,704.95,6.9,False
2023-05-16T08:00:00,Sokovia,Pym Particles,718.07,6.32,False
2023-05-16T08:00:00,Sokovia,Clean Water (L),2401.59,6.9,False
2023-05-16T08:00:00,Sokovia,Medical Kits,738.9,5.17,False
2023-05-16T08:00:00,Sanctum Sanctorum,Vibranium (kg),2421.86,5.75,False
2023-05-16T08:00:00,Sanctum Sanctorum,Arc Reactor Cores,705.85,6.9,False
2023-05-16T08:00:00,Sanctum Sanctorum,Pym Particles,713.62,6.32,False
2023-05-16T08:00:00,Sanctum Sanctorum,Clean Water (L),2405.56,6.9,False
2023-05-16T08:00:00,Sanctum Sanctorum,Medical Kits,728.92,5.17,False
2023-05-16T08:00:00,Avengers Compound,Vibranium (kg),2423.04,5.75,False
2023-05-16T08:00:00,Avengers Compound,Arc Reactor Cores,706.16,6.9,False
2023-05-16T08:00:00,Avengers Compound,Pym Particles,709.7,6.32,False
2023-05-16T08:00:00,Avengers Compound,Clean Water (L),2399.68,6.9,False
2023-05-16T08:00:00,Avengers Compound,Medical Kits,730.45,5.17,False
2023-05-16T09:00:00,New Asgard,Vibranium (kg),2425.58,6.06,False
2023-05-16T09:00:00,New Asgard,Arc Reactor Cores,702.25,7.27,False
2023-05-16T09:00:00,New Asgard,Pym Particles,710.49,6.67,False
2023-05-16T09:00:00,New Asgard,Clean Water (L),2402.32,7.27,False
2023-05-16T09:00:00,New Asgard,Medical Kits,733.65,5.45,False
2023-05-16T09:00:00,Wakanda,Vibranium (kg),2423.57,6.06,False
2023-05-16T09:00:00,Wakanda,Arc Reactor Cores,703.96,7.27,False
2023-05-16T09:00:00,Wakanda,Pym Particles,713.95,6.67,False
2023-05-16T09:00:00,Wakanda,Clean Water (L),2403.7,7.27,False
2023-05-16T09:00:00,Wakanda,Medical Kits,729.67,5.45,False
2023-05-16T09:00:00,Sokovia,Vibranium (kg),2421.02,6.06,False
2023-05-16T09:00:00,Sokovia,Arc Reactor Cores,702.13,7.27,False
2023-05-16T09:00:00,Sokovia,Pym Particles,716.27,6.67,False
2023-05-16T09:00:00,Sokovia,Clean Water (L),2398.87,7.27,False
2023-05-16T09:00:00,Sokovia,Medical Kits,738.55,5.45,False
2023-05-16T09:00:00,Sanctum Sanctorum,Vibranium (kg),2422.01,6.06,False
2023-05-16T09:00:00,Sanctum Sanctorum,Arc Reactor Cores,704.76,7.27,False
2023-05-16T09:00:00,Sanctum Sanctorum,Pym Particles,712.54,6.67,False
2023-05-16T09:00:00,Sanctum Sanctorum,Clean Water (L),2403.46,7.27,False
2023-05-16T09:00:00,Sanctum Sanctorum,Medical Kits,727.45,5.45,False
2023-05-16T09:00:00,Avengers Compound,Vibranium (kg),2422.89,6.06,False
2023-05-16T09:00:00,Avengers Compound,Arc Reactor Cores,703.55,7.27,False
2023-05-16T09:00:00,Avengers Compound,Pym Particles,708.3,6.67,False
2023-05-16T09:00:00,Avengers Compound,Clean Water (L),2398.07,7.27,False
2023-05-16T09:00:00,Avengers Compound,Medical Kits,731.14,5.45,False
2023-05-16T10:00:00,New Asgard,Vibranium (kg),2423.67,6.3,False
2023-05-16T10:00:00,New Asgard,Arc Reactor Cores,700.82,7.56,False
2023-05-16T10:00:00,New Asgard,Pym Particles,709.17,6.93,False
2023-05-16T10:00:00,New Asgard,Clean Water (L),2400.13,7.56,False
2023-05-16T10:00:00,New Asgard,Medical Kits,730.79,5.67,False
2023-05-16T10:00:00,Wakanda,Vibranium (kg),2420.95,6.3,False
2023-05-16T10:00:00,Wakanda,Arc Reactor Cores,702.65,7.56,False
2023-05-16T10:00:00,Wakanda,Pym Particles,712.62,6.93,False
2023-05-16T10:00:00,Wakanda,Clean Water (L),2401.09,7.56,False
2023-05-16T10:00:00,Wakanda,Medical Kits,728.59,5.67,False
2023-05-16T10:00:00,Sokovia,Vibranium (kg),2419.36,6.3,False
2023-05-16T10:00:00,Sokovia,Arc Reactor Cores,700.89,7.56,False
2023-05-16T10:00:00,Sokovia,Pym Particles,713.25,6.93,False
2023-05-16T10:00:00,Sokovia,Clean Water (L),2396.69,7.56,False
2023-05-16T10:00:00,Sokovia,Medical Kits,737.28,5.67,False
2023-05-16T10:00:00,Sanctum Sanctorum,Vibranium (kg),2420.35,6.3,False
2023-05-16T10:00:00,Sanctum Sanctorum,Arc Reactor Cores,701.77,7.56,False
2023-05-16T10:00:00,Sanctum Sanctorum,Pym Particles,710.2,6.93,False
2023-05-16T10:00:00,Sanctum Sanctorum,Clean Water (L),2401.22,7.56,False
2023-05-16T10:00:00,Sanctum Sanctorum,Medical Kits,727.86,5.67,False
2023-05-16T10:00:00,Avengers Compound,Vibranium (kg),2420.59,6.3,False
2023-05-16T10:00:00,Avengers Compound,Arc Reactor Cores,701.01,7.56,False
2023-05-16T10:00:00,Avengers Compound,Pym Particles,707.02,6.93,False
2023-05-16T10:00:00,Avengers Compound,Clean Water (L),2397.32,7.56,False
2023-05-16T10:00:00,Avengers Compound,Medical Kits,730.11,5.67,False
2023-05-16T11:00:00,New Asgard,Vibranium (kg),2423.23,6.45,False
2023-05-16T11:00:00,New Asgard,Arc Reactor Cores,698.76,7.74,False
2023-05-16T11:00:00,New Asgard,Pym Particles,706.58,7.09,False
2023-05-16T11:00:00,New Asgard,Clean Water (L),2399.21,7.74,False
2023-05-16T11:00:00,New Asgard,Medical Kits,730.61,5.8,False
2023-05-16T11:00:00,Wakanda,Vibranium (kg),2418.62,6.45,False
2023-05-16T11:00:00,Wakanda,Arc Reactor Cores,701.28,7.74,False
2023-05-16T11:00:00,Wakanda,Pym Particles,709.58,7.09,False
2023-05-16T11:00:00,Wakanda,Clean Water (L),2401.07,7.74,False
2023-05-16T11:00:00,Wakanda,Medical Kits,726.21,5.8,False
2023-05-16T11:00:00,Sokovia,Vibranium (kg),2417.97,6.45,False
2023-05-16T11:00:00,Sokovia,Arc Reactor Cores,698.25,7.74,False
2023-05-16T11:00:00,Sokovia,Pym Particles,709.99,7.09,False
2023-05-16T11:00:00,Sokovia,Clean Water (L),2395.92,7.74,False
2023-05-16T11:00:00,Sokovia,Medical Kits,735.73,5.8,False
2023-05-16T11:00:00,Sanctum Sanctorum,Vibranium (kg),2417.74,6.45,False
2023-05-16T11:00:00,Sanctum Sanctorum,Arc Reactor Cores,699.16,7.74,False
2023-05-16T11:00:00,Sanctum Sanctorum,Pym Particles,708.48,7.09,False
2023-05-16T11:00:00,Sanctum Sanctorum,Clean Water (L),2399.29,7.74,False
2023-05-16T11:00:00,Sanctum Sanctorum,Medical Kits,726.3,5.8,False
2023-05-16T11:00:00,Avengers Compound,Vibranium (kg),2418.57,6.45,False
2023-05-16T11:00:00,Avengers Compound,Arc Reactor Cores,699.03,7.74,False
2023-05-16T11:00:00,Avengers Compound,Pym Particles,705.59,7.09,False
2023-05-16T11:00:00,Avengers Compound,Clean Water (L),2395.18,7.74,False
2023-05-16T11:00:00,Avengers Compound,Medical Kits,727.56,5.8,False
2023-05-16T12:00:00,New Asgard,Vibranium (kg),2421.45,6.5,False
2023-05-16T12:00:00,New Asgard,Arc Reactor Cores,697.23,7.8,False
2023-05-16T12:00:00,New Asgard,Pym Particles,706.61,7.15,False
2023-05-16T12:00:00,New Asgard,Clean Water (L),2397.37,7.8,False
2023-05-16T12:00:00,New Asgard,Medical Kits,728.86,5.85,False
2023-05-16T12:00:00,Wakanda,Vibranium (kg),2417.14,6.5,False
2023-05-16T12:00:00,Wakanda,Arc Reactor Cores,699.2,7.8,False
2023-05-16T12:00:00,Wakanda,Pym Particles,707.76,7.15,False
2023-05-16T12:00:00,Wakanda,Clean Water (L),2398.88,7.8,False
2023-05-16T12:00:00,Wakanda,Medical Kits,723.71,5.85,False
2023-05-16T12:00:00,Sokovia,Vibranium (kg),2415.93,6.5,False
2023-05-16T12:00:00,Sokovia,Arc Reactor Cores,695.86,7.8,False
2023-05-16T12:00:00,Sokovia,Pym Particles,709.62,7.15,False
2023-05-16T12:00:00,Sokovia,Clean Water (L),2394.49,7.8,False
2023-05-16T12:00:00,Sokovia,Medical Kits,733.01,5.85,False
2023-05-16T12:00:00,Sanctum Sanctorum,Vibranium (kg),2418.04,6.5,False
2023-05-16T12:00:00,Sanctum Sanctorum,Arc Reactor Cores,696.09,7.8,False
2023-05-16T12:00:00,Sanctum Sanctorum,Pym Particles,706.42,7.15,False
2023-05-16T12:00:00,Sanctum Sanctorum,Clean Water (L),2397.23,7.8,False
2023-05-16T12:00:00,Sanctum Sanctorum,Medical Kits,724.55,5.85,False
2023-05-16T12:00:00,Avengers Compound,Vibranium (kg),2415.96,6.5,False
2023-05-16T12:00:00,Avengers Compound,Arc Reactor Cores,696.91,7.8,False
2023-05-16T12:00:00,Avengers Compound,Pym Particles,705.0,7.15,False
2023-05-16T12:00:00,Avengers Compound,Clean Water (L),2393.13,7.8,False
2023-05-16T12:00:00,Avengers Compound,Medical Kits,726.81,5.85,False
2023-05-16T13:00:00,New Asgard,Vibranium (kg),2420.29,6.45,False
2023-05-16T13:00:00,New Asgard,Arc Reactor Cores,695.87,7.74,False
2023-05-16T13:00:00,New Asgard,Pym Particles,706.11,7.09,False
2023-05-16T13:00:00,New Asgard,Clean Water (L),2395.52,7.74,False
2023-05-16T13:00:00,New Asgard,Medical Kits,727.86,5.8,False
2023-05-16T13:00:00,Wakanda,Vibranium (kg),2415.23,6.45,False
2023-05-16T13:00:00,Wakanda,Arc Reactor Cores,697.91,7.74,False
2023-05-16T13:00:00,Wakanda,Pym Particles,706.58,7.09,False
2023-05-16T13:00:00,Wakanda,Clean Water (L),2397.78,7.74,False
2023-05-16T13:00:00,Wakanda,Medical Kits,723.73,5.8,False
2023-05-16T13:00:00,Sokovia,Vibranium (kg),2414.56,6.45,False
2023-05-16T13:00:00,Sokovia,Arc Reactor Cores,693.78,7.74,False
2023-05-16T13:00:00,Sokovia,Pym Particles,708.05,7.09,False
2023-05-16T13:00:00,Sokovia,Clean Water (L),2392.34,7.74,False
2023-05-16T13:00:00,Sokovia,Medical Kits,732.11,5.8,False
2023-05-16T13:00:00,Sanctum Sanctorum,Vibranium (kg),2416.04,6.45,False
2023-05-16T13:00:00,Sanctum Sanctorum,Arc Reactor Cores,693.26,7.74,False
2023-05-16T13:00:00,Sanctum Sanctorum,Pym Particles,704.87,7.09,False
2023-05-16T13:00:00,Sanctum Sanctorum,Clean Water (L),2395.34,7.74,False
2023-05-16T13:00:00,Sanctum Sanctorum,Medical Kits,722.22,5.8,False
2023-05-16T13:00:00,Avengers Compound,Vibranium (kg),2413.26,6.45,False
2023-05-16T13:00:00,Avengers Compound,Arc Reactor Cores,694.61,7.74,False
2023-05-16T13:00:00,Avengers Compound,Pym Particles,703.12,7.09,False
2023-05-16T13:00:00,Avengers Compound,Clean Water (L),2391.08,7.74,False
2023-05-16T13:00:00,Avengers Compound,Medical Kits,725.23,5.8,False
2023-05-16T14:00:00,New Asgard,Vibranium (kg),2419.19,6.3,False
2023-05-16T14:00:00,New Asgard,Arc Reactor Cores,693.78,7.56,False
2023-05-16T14:00:00,New Asgard,Pym Particles,705.28,6.93,False
2023-05-16T14:00:00,New Asgard,Clean Water (L),2392.5,7.56,False
2023-05-16T14:00:00,New Asgard,Medical Kits,727.7,5.67,False
2023-05-16T14:00:00,Wakanda,Vibranium (kg),2415.18,6.3,False
2023-05-16T14:00:00,Wakanda,Arc Reactor Cores,696.31,7.56,False
2023-05-16T14:00:00,Wakanda,Pym Particles,704.26,6.93,False
2023-05-16T14:00:00,Wakanda,Clean Water (L),2396.13,7.56,False
2023-05-16T14:00:00,Wakanda,Medical Kits,721.4,5.67,False
2023-05-16T14:00:00,Sokovia,Vibranium (kg),2413.15,6.3,False
2023-05-16T14:00:00,Sokovia,Arc Reactor Cores,692.58,7.56,False
2023-05-16T14:00:00,Sokovia,Pym Particles,706.86,6.93,False
2023-05-16T14:00:00,Sokovia,Clean Water (L),2392.21,7.56,False
2023-05-16T14:00:00,Sokovia,Medical Kits,730.26,5.67,False
2023-05-16T14:00:00,Sanctum Sanctorum,Vibranium (kg),2414.51,6.3,False
2023-05-16T14:00:00,Sanctum Sanctorum,Arc Reactor Cores,693.87,7.56,False
2023-05-16T14:00:00,Sanctum Sanctorum,Pym Particles,704.68,6.93,False
2023-05-16T14:00:00,Sanctum Sanctorum,Clean Water (L),2393.89,7.56,False
2023-05-16T14:00:00,Sanctum Sanctorum,Medical Kits,721.06,5.67,False
2023-05-16T14:00:00,Avengers Compound,Vibranium (kg),2411.51,6.3,False
2023-05-16T14:00:00,Avengers Compound,Arc Reactor Cores,693.45,7.56,False
2023-05-16T14:00:00,Avengers Compound,Pym Particles,700.78,6.93,False
2023-05-16T14:00:00,Avengers Compound,Clean Water (L),2390.01,7.56,False
2023-05-16T14:00:00,Avengers Compound,Medical Kits,724.66,5.67,False
2023-05-16T15:00:00,New Asgard,Vibranium (kg),2419.2,6.06,False
2023-05-16T15:00:00,New Asgard,Arc Reactor Cores,693.13,7.27,False
2023-05-16T15:00:00,New Asgard,Pym Particles,703.16,6.67,False
2023-05-16T15:00:00,New Asgard,Clean Water (L),2390.66,7.27,False
2023-05-16T15:00:00,New Asgard,Medical Kits,727.19,5.45,False
2023-05-16T15:00:00,Wakanda,Vibranium (kg),2413.29,6.06,False
2023-05-16T15:00:00,Wakanda,Arc Reactor Cores,694.7,7.27,False
2023-05-16T15:00:00,Wakanda,Pym Particles,703.31,6.67,False
2023-05-16T15:00:00,Wakanda,Clean Water (L),2394.78,7.27,False
2023-05-16T15:00:00,Wakanda,Medical Kits,720.43,5.45,False
2023-05-16T15:00:00,Sokovia,Vibranium (kg),2412.03,6.06,False
2023-05-16T15:00:00,Sokovia,Arc Reactor Cores,693.04,7.27,False
2023-05-16T15:00:00,Sokovia,Pym Particles,706.64,6.67,False
2023-05-16T15:00:00,Sokovia,Clean Water (L),2390.8,7.27,False
2023-05-16T15:00:00,Sokovia,Medical Kits,728.48,5.45,False
2023-05-16T15:00:00,Sanctum Sanctorum,Vibranium (kg),2413.02,6.06,False
2023-05-16T15:00:00,Sanctum Sanctorum,Arc Reactor Cores,693.22,7.27,False
2023-05-16T15:00:00,Sanctum Sanctorum,Pym Particles,704.0,6.67,False
2023-05-16T15:00:00,Sanctum Sanctorum,Clean Water (L),2394.11,7.27,False
2023-05-16T15:00:00,Sanctum Sanctorum,Medical Kits,718.85,5.45,False
2023-05-16T15:00:00,Avengers Compound,Vibranium (kg),2411.07,6.06,False
2023-05-16T15:00:00,Avengers Compound,Arc Reactor Cores,693.36,7.27,False
2023-05-16T15:00:00,Avengers Compound,Pym Particles,701.32,6.67,False
2023-05-16T15:00:00,Avengers Compound,Clean Water (L),2390.07,7.27,False
2023-05-16T15:00:00,Avengers Compound,Medical Kits,722.99,5.45,False
2023-05-16T16:00:00,New Asgard,Vibranium (kg),2417.9,5.75,False
2023-05-16T16:00:00,New Asgard,Arc Reactor Cores,693.43,6.9,False
2023-05-16T16:00:00,New Asgard,Pym Particles,703.47,6.32,False
2023-05-16T16:00:00,New Asgard,Clean Water (L),2390.09,6.9,False
2023-05-16T16:00:00,New Asgard,Medical Kits,727.94,5.17,False
2023-05-16T16:00:00,Wakanda,Vibranium (kg),2412.71,5.75,False
2023-05-16T16:00:00,Wakanda,Arc Reactor Cores,694.2,6.9,False
2023-05-16T16:00:00,Wakanda,Pym Particles,703.92,6.32,False
2023-05-16T16:00:00,Wakanda,Clean Water (L),2393.55,6.9,False
2023-05-16T16:00:00,Wakanda,Medical Kits,719.28,5.17,False
2023-05-16T16:00:00,Sokovia,Vibranium (kg),2411.51,5.75,False
2023-05-16T16:00:00,Sokovia,Arc Reactor Cores,692.62,6.9,False
2023-05-16T16:00:00,Sokovia,Pym Particles,706.96,6.32,False
2023-05-16T16:00:00,Sokovia,Clean Water (L),2390.35,6.9,False
2023-05-16T16:00:00,Sokovia,Medical Kits,728.65,5.17,False
2023-05-16T16:00:00,Sanctum Sanctorum,Vibranium (kg),2411.95,5.75,False
2023-05-16T16:00:00,Sanctum Sanctorum,Arc Reactor Cores,691.94,6.9,False
2023-05-16T16:00:00,Sanctum Sanctorum,Pym Particles,704.12,6.32,False
2023-05-16T16:00:00,Sanctum Sanctorum,Clean Water (L),2392.47,6.9,False
2023-05-16T16:00:00,Sanctum Sanctorum,Medical Kits,718.54,5.17,False
2023-05-16T16:00:00,Avengers Compound,Vibranium (kg),2411.4,5.75,False
2023-05-16T16:00:00,Avengers Compound,Arc Reactor Cores,693.62,6.9,False
2023-05-16T16:00:00,Avengers Compound,Pym Particles,702.15,6.32,False
2023-05-16T16:00:00,Avengers Compound,Clean Water (L),2389.55,6.9,False
2023-05-16T16:00:00,Avengers Compound,Medical Kits,722.46,5.17,False
2023-05-16T17:00:00,New Asgard,Vibranium (kg),2417.93,5.39,False
2023-05-16T17:00:00,New Asgard,Arc Reactor Cores,693.99,6.47,False
2023-05-16T17:00:00,New Asgard,Pym Particles,705.04,5.93,False
2023-05-16T17:00:00,New Asgard,Clean Water (L),2390.79,6.47,False
2023-05-16T17:00:00,New Asgard,Medical Kits,728.2,4.85,False
2023-05-16T17:00:00,Wakanda,Vibranium (kg),2413.47,5.39,False
2023-05-16T17:00:00,Wakanda,Arc Reactor Cores,694.78,6.47,False
2023-05-16T17:00:00,Wakanda,Pym Particles,704.48,5.93,False
2023-05-16T17:00:00,Wakanda,Clean Water (L),2393.31,6.47,False
2023-05-16T17:00:00,Wakanda,Medical Kits,719.2,4.85,False
2023-05-16T17:00:00,Sokovia,Vibranium (kg),2410.29,5.39,False
2023-05-16T17:00:00,Sokovia,Arc Reactor Cores,692.45,6.47,False
2023-05-16T17:00:00,Sokovia,Pym Particles,707.66,5.93,False
2023-05-16T17:00:00,Sokovia,Clean Water (L),2389.11,6.47,False
2023-05-16T17:00:00,Sokovia,Medical Kits,728.79,4.85,False
2023-05-16T17:00:00,Sanctum Sanctorum,Vibranium (kg),2411.93,5.39,False
2023-05-16T17:00:00,Sanctum Sanctorum,Arc Reactor Cores,691.67,6.47,False
2023-05-16T17:00:00,Sanctum Sanctorum,Pym Particles,705.61,5.93,False
2023-05-16T17:00:00,Sanctum Sanctorum,Clean Water (L),2393.68,6.47,False
2023-05-16T17:00:00,Sanctum Sanctorum,Medical Kits,718.68,4.85,False
2023-05-16T17:00:00,Avengers Compound,Vibranium (kg),2410.64,5.39,False
2023-05-16T17:00:00,Avengers Compound,Arc Reactor Cores,693.05,6.47,False
2023-05-16T17:00:00,Avengers Compound,Pym Particles,701.4,5.93,False
2023-05-16T17:00:00,Avengers Compound,Clean Water (L),2391.3,6.47,False
2023-05-16T17:00:00,Avengers Compound,Medical Kits,723.09,4.85,False
2023-05-16T18:00:00,New Asgard,Vibranium (kg),2419.24,5.0,False
2023-05-16T18:00:00,New Asgard,Arc Reactor Cores,694.3,6.0,False
2023-05-16T18:00:00,New Asgard,Pym Particles,705.03,5.5,False
2023-05-16T18:00:00,New Asgard,Clean Water (L),2392.34,6.0,False
2023-05-16T18:00:00,New Asgard,Medical Kits,728.77,4.5,False
2023-05-16T18:00:00,Wakanda,Vibranium (kg),2413.09,5.0,False
2023-05-16T18:00:00,Wakanda,Arc Reactor Cores,694.9,6.0,False
2023-05-16T18:00:00,Wakanda,Pym Particles,703.76,5.5,False
2023-05-16T18:00:00,Wakanda,Clean Water (L),2394.25,6.0,False
2023-05-16T18:00:00,Wakanda,Medical Kits,719.37,4.5,False
2023-05-16T18:00:00,Sokovia,Vibranium (kg),2411.1,5.0,False
2023-05-16T18:00:00,Sokovia,Arc Reactor Cores,691.4,6.0,False
2023-05-16T18:00:00,Sokovia,Pym Particles,708.21,5.5,False
2023-05-16T18:00:00,Sokovia,Clean Water (L),2390.18,6.0,False
2023-05-16T18:00:00,Sokovia,Medical Kits,729.28,4.5,False
2023-05-16T18:00:00,Sanctum Sanctorum,Vibranium (kg),2413.19,5.0,False
2023-05-16T18:00:00,Sanctum Sanctorum,Arc Reactor Cores,692.27,6.0,False
2023-05-16T18:00:00,Sanctum Sanctorum,Pym Particles,706.4,5.5,False
2023-05-16T18:00:00,Sanctum Sanctorum,Clean Water (L),2394.53,6.0,False
2023-05-16T18:00:00,Sanctum Sanctorum,Medical Kits,720.37,4.5,False
2023-05-16T18:00:00,Avengers Compound,Vibranium (kg),2410.87,5.0,False
2023-05-16T18:00:00,Avengers Compound,Arc Reactor Cores,694.47,6.0,False
2023-05-16T18:00:00,Avengers Compound,Pym Particles,700.3,5.5,False
2023-05-16T18:00:00,Avengers Compound,Clean Water (L),2391.5,6.0,False
2023-05-16T18:00:00,Avengers Compound,Medical Kits,722.92,4.5,False
2023-05-16T19:00:00,New Asgard,Vibranium (kg),2419.74,4.61,False
2023-05-16T19:00:00,New Asgard,Arc Reactor Cores,695.42,5.53,False
2023-05-16T19:00:00,New Asgard,Pym Particles,706.96,5.07,False
2023-05-16T19:00:00,New Asgard,Clean Water (L),2392.4,5.53,False
2023-05-16T19:00:00,New Asgard,Medical Kits,730.04,4.15,False
2023-05-16T19:00:00,Wakanda,Vibranium (kg),2413.75,4.61,False
2023-05-16T19:00:00,Wakanda,Arc Reactor Cores,695.06,5.53,False
2023-05-16T19:00:00,Wakanda,Pym Particles,704.78,5.07,False
2023-05-16T19:00:00,Wakanda,Clean Water (L),2394.67,5.53,False
2023-05-16T19:00:00,Wakanda,Medical Kits,719.2,4.15,False
2023-05-16T19:00:00,Sokovia,Vibranium (kg),2412.25,4.61,False
2023-05-16T19:00:00,Sokovia,Arc Reactor Cores,692.17,5.53,False
2023-05-16T19:00:00,Sokovia,Pym Particles,709.53,5.07,False
2023-05-16T19:00:00,Sokovia,Clean Water (L),2391.0,5.53,False
2023-05-16T19:00:00,Sokovia,Medical Kits,729.69,4.15,False
2023-05-16T19:00:00,Sanctum Sanctorum,Vibranium (kg),2414.65,4.61,False
2023-05-16T19:00:00,Sanctum Sanctorum,Arc Reactor Cores,693.64,5.53,False
2023-05-16T19:00:00,Sanctum Sanctorum,Pym Particles,706.42,5.07,False
2023-05-16T19:00:00,Sanctum Sanctorum,Clean Water (L),2395.07,5.53,False
2023-05-16T19:00:00,Sanctum Sanctorum,Medical Kits,720.75,4.15,False
2023-05-16T19:00:00,Avengers Compound,Vibranium (kg),2412.85,4.61,False
2023-05-16T19:00:00,Avengers Compound,Arc Reactor Cores,694.28,5.53,False
2023-05-16T19:00:00,Avengers Compound,Pym Particles,701.64,5.07,False
2023-05-16T19:00:00,Avengers Compound,Clean Water (L),2390.95,5.53,False
2023-05-16T19:00:00,Avengers Compound,Medical Kits,723.78,4.15,False
2023-05-16T20:00:00,New Asgard,Vibranium (kg),2420.64,4.25,False
2023-05-16T20:00:00,New Asgard,Arc Reactor Cores,696.87,5.1,False
2023-05-16T20:00:00,New Asgard,Pym Particles,708.18,4.68,False
2023-05-16T20:00:00,New Asgard,Clean Water (L),2394.57,5.1,False
2023-05-16T20:00:00,New Asgard,Medical Kits,729.42,3.83,False
2023-05-16T20:00:00,Wakanda,Vibranium (kg),2415.78,4.25,False
2023-05-16T20:00:00,Wakanda,Arc Reactor Cores,694.65,5.1,False
2023-05-16T20:00:00,Wakanda,Pym Particles,705.23,4.68,False
2023-05-16T20:00:00,Wakanda,Clean Water (L),2395.36,5.1,False
2023-05-16T20:00:00,Wakanda,Medical Kits,720.8,3.83,False
2023-05-16T20:00:00,Sokovia,Vibranium (kg),2413.67,4.25,False
2023-05-16T20:00:00,Sokovia,Arc Reactor Cores,692.26,5.1,False
2023-05-16T20:00:00,Sokovia,Pym Particles,710.7,4.68,False
2023-05-16T20:00:00,Sokovia,Clean Water (L),2391.81,5.1,False
2023-05-16T20:00:00,Sokovia,Medical Kits,730.99,3.83,False
2023-05-16T20:00:00,Sanctum Sanctorum,Vibranium (kg),2416.34,4.25,False
2023-05-16T20:00:00,Sanctum Sanctorum,Arc Reactor Cores,695.31,5.1,False
2023-05-16T20:00:00,Sanctum Sanctorum,Pym Particles,707.2,4.68,False
2023-05-16T20:00:00,Sanctum Sanctorum,Clean Water (L),2395.11,5.1,False
2023-05-16T20:00:00,Sanctum Sanctorum,Medical Kits,721.3,3.83,False
2023-05-16T20:00:00,Avengers Compound,Vibranium (kg),2414.73,4.25,False
2023-05-16T20:00:00,Avengers Compound,Arc Reactor Cores,693.88,5.1,False
2023-05-16T20:00:00,Avengers Compound,Pym Particles,701.99,4.68,False
2023-05-16T20:00:00,Avengers Compound,Clean Water (L),2392.97,5.1,False
2023-05-16T20:00:00,Avengers Compound,Medical Kits,725.97,3.83,False
2023-05-16T21:00:00,New Asgard,Vibranium (kg),2422.07,3.94,False
2023-05-16T21:00:00,New Asgard,Arc Reactor Cores,697.66,4.73,False
2023-05-16T21:00:00,New Asgard,Pym Particles,710.88,4.33,False
2023-05-16T21:00:00,New Asgard,Clean Water (L),2397.84,4.73,False
2023-05-16T21:00:00,New Asgard,Medical Kits,731.34,3.55,False
2023-05-16T21:00:00,Wakanda,Vibranium (kg),2417.56,3.94,False
2023-05-16T21:00:00,Wakanda,Arc Reactor Cores,695.24,4.73,False
2023-05-16T21:00:00,Wakanda,Pym Particles,706.59,4.33,False
2023-05-16T21:00:00,Wakanda,Clean Water (L),2397.79,4.73,False
2023-05-16T21:00:00,Wakanda,Medical Kits,721.24,3.55,False
2023-05-16T21:00:00,Sokovia,Vibranium (kg),2414.27,3.94,False
2023-05-16T21:00:00,Sokovia,Arc Reactor Cores,693.83,4.73,False
2023-05-16T21:00:00,Sokovia,Pym Particles,712.06,4.33,False
2023-05-16T21:00:00,Sokovia,Clean Water (L),2392.41,4.73,False
2023-05-16T21:00:00,Sokovia,Medical Kits,731.69,3.55,False
2023-05-16T21:00:00,Sanctum Sanctorum,Vibranium (kg),2416.67,3.94,False
2023-05-16T21:00:00,Sanctum Sanctorum,Arc Reactor Cores,695.7,4.73,False
2023-05-16T21:00:00,Sanctum Sanctorum,Pym Particles,707.43,4.33,False
2023-05-16T21:00:00,Sanctum Sanctorum,Clean Water (L),2395.33,4.73,False
2023-05-16T21:00:00,Sanctum Sanctorum,Medical Kits,722.41,3.55,False
2023-05-16T21:00:00,Avengers Compound,Vibranium (kg),2415.02,3.94,False
2023-05-16T21:00:00,Avengers Compound,Arc Reactor Cores,694.92,4.73,False
2023-05-16T21:00:00,Avengers Compound,Pym Particles,704.32,4.33,False
2023-05-16T21:00:00,Avengers Compound,Clean Water (L),2393.89,4.73,False
2023-05-16T21:00:00,Avengers Compound,Medical Kits,727.01,3.55,False
2023-05-16T22:00:00,New Asgard,Vibranium (kg),2421.66,3.7,False
2023-05-16T22:00:00,New Asgard,Arc Reactor Cores,698.1,4.44,False
2023-05-16T22:00:00,New Asgard,Pym Particles,712.9,4.07,False
2023-05-16T22:00:00,New Asgard,Clean Water (L),2400.23,4.44,False
2023-05-16T22:00:00,New Asgard,Medical Kits,732.94,3.33,False
2023-05-16T22:00:00,Wakanda,Vibranium (kg),2419.5,3.7,False
2023-05-16T22:00:00,Wakanda,Arc Reactor Cores,695.78,4.44,False
2023-05-16T22:00:00,Wakanda,Pym Particles,707.97,4.07,False
2023-05-16T22:00:00,Wakanda,Clean Water (L),2399.86,4.44,False
2023-05-16T22:00:00,Wakanda,Medical Kits,723.97,3.33,False
2023-05-16T22:00:00,Sokovia,Vibranium (kg),2415.97,3.7,False
2023-05-16T22:00:00,Sokovia,Arc Reactor Cores,695.63,4.44,False
2023-05-16T22:00:00,Sokovia,Pym Particles,713.57,4.07,False
2023-05-16T22:00:00,Sokovia,Clean Water (L),2394.49,4.44,False
2023-05-16T22:00:00,Sokovia,Medical Kits,732.31,3.33,False
2023-05-16T22:00:00,Sanctum Sanctorum,Vibranium (kg),2417.92,3.7,False
2023-05-16T22:00:00,Sanctum Sanctorum,Arc Reactor Cores,698.52,4.44,False
2023-05-16T22:00:00,Sanctum Sanctorum,Pym Particles,708.86,4.07,False
2023-05-16T22:00:00,Sanctum Sanctorum,Clean Water (L),2396.79,4.44,False
2023-05-16T22:00:00,Sanctum Sanctorum,Medical Kits,724.62,3.33,False
2023-05-16T22:00:00,Avengers Compound,Vibranium (kg),2417.43,3.7,False
2023-05-16T22:00:00,Avengers Compound,Arc Reactor Cores,694.99,4.44,False
2023-05-16T22:00:00,Avengers Compound,Pym Particles,706.22,4.07,False
2023-05-16T22:00:00,Avengers Compound,Clean Water (L),2396.15,4.44,False
2023-05-16T22:00:00,Avengers Compound,Medical Kits,728.29,3.33,False
2023-05-16T23:00:00,New Asgard,Vibranium (kg),2422.35,3.55,False
2023-05-16T23:00:00,New Asgard,Arc Reactor Cores,699.77,4.26,False
2023-05-16T23:00:00,New Asgard,Pym Particles,713.25,3.91,False
2023-05-16T23:00:00,New Asgard,Clean Water (L),2401.63,4.26,False
2023-05-16T23:00:00,New Asgard,Medical Kits,733.9,3.2,False
2023-05-16T23:00:00,Wakanda,Vibranium (kg),2422.12,3.55,False
2023-05-16T23:00:00,Wakanda,Arc Reactor Cores,698.53,4.26,False
2023-05-16T23:00:00,Wakanda,Pym Particles,710.15,3.91,False
2023-05-16T23:00:00,Wakanda,Clean Water (L),2401.06,4.26,False
2023-05-16T23:00:00,Wakanda,Medical Kits,727.32,3.2,False
2023-05-16T23:00:00,Sokovia,Vibranium (kg),2417.21,3.55,False
2023-05-16T23:00:00,Sokovia,Arc Reactor Cores,697.93,4.26,False
2023-05-16T23:00:00,Sokovia,Pym Particles,716.06,3.91,False
2023-05-16T23:00:00,Sokovia,Clean Water (L),2397.09,4.26,False
2023-05-16T23:00:00,Sokovia,Medical Kits,732.68,3.2,False
2023-05-16T23:00:00,Sanctum Sanctorum,Vibranium (kg),2418.99,3.55,False
2023-05-16T23:00:00,Sanctum Sanctorum,Arc Reactor Cores,699.84,4.26,False
2023-05-16T23:00:00,Sanctum Sanctorum,Pym Particles,708.86,3.91,False
2023-05-16T23:00:00,Sanctum Sanctorum,Clean Water (L),2397.7,4.26,False
2023-05-16T23:00:00,Sanctum Sanctorum,Medical Kits,725.64,3.2,False
2023-05-16T23:00:00,Avengers Compound,Vibranium (kg),2418.33,3.55,False
2023-05-16T23:00:00,Avengers Compound,Arc Reactor Cores,697.53,4.26,False
2023-05-16T23:00:00,Avengers Compound,Pym Particles,707.53,3.91,False
2023-05-16T23:00:00,Avengers Compound,Clean Water (L),2399.17,4.26,False
2023-05-16T23:00:00,Avengers Compound,Medical Kits,728.72,3.2,False
2023-05-17T00:00:00,New Asgard,Vibranium (kg),2424.56,3.5,False
2023-05-17T00:00:00,New Asgard,Arc Reactor Cores,701.57,4.2,False
2023-05-17T00:00:00,New Asgard,Pym Particles,714.3,3.85,False
2023-05-17T00:00:00,New Asgard,Clean Water (L),2403.6,4.2,False
2023-05-17T00:00:00,New Asgard,Medical Kits,735.08,3.15,False
2023-05-17T00:00:00,Wakanda,Vibranium (kg),2423.46,3.5,False
2023-05-17T00:00:00,Wakanda,Arc Reactor Cores,700.06,4.2,False
2023-05-17T00:00:00,Wakanda,Pym Particles,713.42,3.85,False
2023-05-17T00:00:00,Wakanda,Clean Water (L),2401.46,4.2,False
2023-05-17T00:00:00,Wakanda,Medical Kits,728.0,3.15,False
2023-05-17T00:00:00,Sokovia,Vibranium (kg),2419.93,3.5,False
2023-05-17T00:00:00,Sokovia,Arc Reactor Cores,698.47,4.2,False
2023-05-17T00:00:00,Sokovia,Pym Particles,718.54,3.85,False
2023-05-17T00:00:00,Sokovia,Clean Water (L),2399.78,4.2,False
2023-05-17T00:00:00,Sokovia,Medical Kits,734.88,3.15,False
2023-05-17T00:00:00,Sanctum Sanctorum,Vibranium (kg),2421.84,3.5,False
2023-05-17T00:00:00,Sanctum Sanctorum,Arc Reactor Cores,702.01,4.2,False
2023-05-17T00:00:00,Sanctum Sanctorum,Pym Particles,710.3,3.85,False
2023-05-17T00:00:00,Sanctum Sanctorum,Clean Water (L),2399.18,4.2,False
2023-05-17T00:00:00,Sanctum Sanctorum,Medical Kits,727.69,3.15,False
2023-05-17T00:00:00,Avengers Compound,Vibranium (kg),2420.7,3.5,False
2023-05-17T00:00:00,Avengers Compound,Arc Reactor Cores,699.56,4.2,False
2023-05-17T00:00:00,Avengers Compound,Pym Particles,709.23,3.85,False
2023-05-17T00:00:00,Avengers Compound,Clean Water (L),2401.74,4.2,False
2023-05-17T00:00:00,Avengers Compound,Medical Kits,730.6,3.15,False
2023-05-17T01:00:00,New Asgard,Vibranium (kg),2425.57,3.55,False
2023-05-17T01:00:00,New Asgard,Arc Reactor Cores,703.3,4.26,False
2023-05-17T01:00:00,New Asgard,Pym Particles,714.26,3.91,False
2023-05-17T01:00:00,New Asgard,Clean Water (L),2405.93,4.26,False
2023-05-17T01:00:00,New Asgard,Medical Kits,735.88,3.2,False
2023-05-17T01:00:00,Wakanda,Vibranium (kg),2425.08,3.55,False
2023-05-17T01:00:00,Wakanda,Arc Reactor Cores,702.45,4.26,False
2023-05-17T01:00:00,Wakanda,Pym Particles,714.6,3.91,False
2023-05-17T01:00:00,Wakanda,Clean Water (L),2402.97,4.26,False
2023-05-17T01:00:00,Wakanda,Medical Kits,729.65,3.2,False
2023-05-17T01:00:00,Sokovia,Vibranium (kg),2421.01,3.55,False
2023-05-17T01:00:00,Sokovia,Arc Reactor Cores,701.29,4.26,False
2023-05-17T01:00:00,Sokovia,Pym Particles,719.57,3.91,False
2023-05-17T01:00:00,Sokovia,Clean Water (L),2402.64,4.26,False
2023-05-17T01:00:00,Sokovia,Medical Kits,736.49,3.2,False
2023-05-17T01:00:00,Sanctum Sanctorum,Vibranium (kg),2424.13,3.55,False
2023-05-17T01:00:00,Sanctum Sanctorum,Arc Reactor Cores,701.83,4.26,False
2023-05-17T01:00:00,Sanctum Sanctorum,Pym Particles,711.27,3.91,False
2023-05-17T01:00:00,Sanctum Sanctorum,Clean Water (L),2400.21,4.26,False
2023-05-17T01:00:00,Sanctum Sanctorum,Medical Kits,729.82,3.2,False
2023-05-17T01:00:00,Avengers Compound,Vibranium (kg),2421.75,3.55,False
2023-05-17T01:00:00,Avengers Compound,Arc Reactor Cores,702.68,4.26,False
2023-05-17T01:00:00,Avengers Compound,Pym Particles,710.64,3.91,False
2023-05-17T01:00:00,Avengers Compound,Clean Water (L),2404.48,4.26,False
2023-05-17T01:00:00,Avengers Compound,Medical Kits,730.02,3.2,False
2023-05-17T02:00:00,New Asgard,Vibranium (kg),2427.02,3.7,False
2023-05-17T02:00:00,New Asgard,Arc Reactor Cores,704.72,4.44,False
2023-05-17T02:00:00,New Asgard,Pym Particles,715.16,4.07,False
2023-05-17T02:00:00,New Asgard,Clean Water (L),2406.01,4.44,False
2023-05-17T02:00:00,New Asgard,Medical Kits,735.03,3.33,False
2023-05-17T02:00:00,Wakanda,Vibranium (kg),2426.13,3.7,False
2023-05-17T02:00:00,Wakanda,Arc Reactor Cores,704.9,4.44,False
2023-05-17T02:00:00,Wakanda,Pym Particles,715.72,4.07,False
2023-05-17T02:00:00,Wakanda,Clean Water (L),2403.95,4.44,False
2023-05-17T02:00:00,Wakanda,Medical Kits,730.75,3.33,False
2023-05-17T02:00:00,Sokovia,Vibranium (kg),2422.24,3.7,False
2023-05-17T02:00:00,Sokovia,Arc Reactor Cores,701.98,4.44,False
2023-05-17T02:00:00,Sokovia,Pym Particles,719.35,4.07,False
2023-05-17T02:00:00,Sokovia,Clean Water (L),2404.33,4.44,False
2023-05-17T02:00:00,Sokovia,Medical Kits,737.18,3.33,False
2023-05-17T02:00:00,Sanctum Sanctorum,Vibranium (kg),2426.7,3.7,False
2023-05-17T02:00:00,Sanctum Sanctorum,Arc Reactor Cores,703.14,4.44,False
2023-05-17T02:00:00,Sanctum Sanctorum,Pym Particles,712.06,4.07,False
2023-05-17T02:00:00,Sanctum Sanctorum,Clean Water (L),2401.94,4.44,False
2023-05-17T02:00:00,Sanctum Sanctorum,Medical Kits,730.98,3.33,False
2023-05-17T02:00:00,Avengers Compound,Vibranium (kg),2424.34,3.7,False
2023-05-17T02:00:00,Avengers Compound,Arc Reactor Cores,705.6,4.44,False
2023-05-17T02:00:00,Avengers Compound,Pym Particles,713.7,4.07,False
2023-05-17T02:00:00,Avengers Compound,Clean Water (L),2406.78,4.44,False
2023-05-17T02:00:00,Avengers Compound,Medical Kits,730.14,3.33,False
2023-05-17T03:00:00,New Asgard,Vibranium (kg),2426.61,3.94,False
2023-05-17T03:00:00,New Asgard,Arc Reactor Cores,704.8,4.73,False
2023-05-17T03:00:00,New Asgard,Pym Particles,718.06,4.33,False
2023-05-17T03:00:00,New Asgard,Clean Water (L),2407.67,4.73,False
2023-05-17T03:00:00,New Asgard,Medical Kits,737.12,3.55,False
2023-05-17T03:00:00,Wakanda,Vibranium (kg),2425.93,3.94,False
2023-05-17T03:00:00,Wakanda,Arc Reactor Cores,705.73,4.73,False
2023-05-17T03:00:00,Wakanda,Pym Particles,717.03,4.33,False
2023-05-17T03:00:00,Wakanda,Clean Water (L),2405.86,4.73,False
2023-05-17T03:00:00,Wakanda,Medical Kits,731.89,3.55,False
2023-05-17T03:00:00,Sokovia,Vibranium (kg),2422.16,3.94,False
2023-05-17T03:00:00,Sokovia,Arc Reactor Cores,704.16,4.73,False
2023-05-17T03:00:00,Sokovia,Pym Particles,719.81,4.33,False
2023-05-17T03:00:00,Sokovia,Clean Water (L),2404.65,4.73,False
2023-05-17T03:00:00,Sokovia,Medical Kits,737.57,3.55,False
2023-05-17T03:00:00,Sanctum Sanctorum,Vibranium (kg),2427.61,3.94,False
2023-05-17T03:00:00,Sanctum Sanctorum,Arc Reactor Cores,702.94,4.73,False
2023-05-17T03:00:00,Sanctum Sanctorum,Pym Particles,714.37,4.33,False
2023-05-17T03:00:00,Sanctum Sanctorum,Clean Water (L),2403.07,4.73,False
2023-05-17T03:00:00,Sanctum Sanctorum,Medical Kits,730.26,3.55,False
2023-05-17T03:00:00,Avengers Compound,Vibranium (kg),2426.78,3.94,False
2023-05-17T03:00:00,Avengers Compound,Arc Reactor Cores,708.51,4.73,False
2023-05-17T03:00:00,Avengers Compound,Pym Particles,714.64,4.33,False
2023-05-17T03:00:00,Avengers Compound,Clean Water (L),2406.71,4.73,False
2023-05-17T03:00:00,Avengers Compound,Medical Kits,731.16,3.55,False
2023-05-17T04:00:00,New Asgard,Vibranium (kg),2426.91,4.25,False
2023-05-17T04:00:00,New Asgard,Arc Reactor Cores,705.0,5.1,False
2023-05-17T04:00:00,New Asgard,Pym Particles,718.51,4.68,False
2023-05-17T04:00:00,New Asgard,Clean Water (L),2408.87,5.1,False
2023-05-17T04:00:00,New Asgard,Medical Kits,736.34,3.83,False
2023-05-17T04:00:00,Wakanda,Vibranium (kg),2426.42,4.25,False
2023-05-17T04:00:00,Wakanda,Arc Reactor Cores,707.48,5.1,False
2023-05-17T04:00:00,Wakanda,Pym Particles,716.27,4.68,False
2023-05-17T04:00:00,Wakanda,Clean Water (L),2405.98,5.1,False
2023-05-17T04:00:00,Wakanda,Medical Kits,733.05,3.83,False
2023-05-17T04:00:00,Sokovia,Vibranium (kg),2423.12,4.25,False
2023-05-17T04:00:00,Sokovia,Arc Reactor Cores,704.16,5.1,False
2023-05-17T04:00:00,Sokovia,Pym Particles,720.17,4.68,False
2023-05-17T04:00:00,Sokovia,Clean Water (L),2404.27,5.1,False
2023-05-17T04:00:00,Sokovia,Medical Kits,738.99,3.83,False
2023-05-17T04:00:00,Sanctum Sanctorum,Vibranium (kg),2428.17,4.25,False
2023-05-17T04:00:00,Sanctum Sanctorum,Arc Reactor Cores,703.42,5.1,False
2023-05-17T04:00:00,Sanctum Sanctorum,Pym Particles,715.67,4.68,False
2023-05-17T04:00:00,Sanctum Sanctorum,Clean Water (L),2404.2,5.1,False
2023-05-17T04:00:00,Sanctum Sanctorum,Medical Kits,730.24,3.83,False
2023-05-17T04:00:00,Avengers Compound,Vibranium (kg),2426.57,4.25,False
2023-05-17T04:00:00,Avengers Compound,Arc Reactor Cores,710.27,5.1,False
2023-05-17T04:00:00,Avengers Compound,Pym Particles,715.46,4.68,False
2023-05-17T04:00:00,Avengers Compound,Clean Water (L),2407.52,5.1,False
2023-05-17T04:00:00,Avengers Compound,Medical Kits,730.3,3.83,False
2023-05-17T05:00:00,New Asgard,Vibranium (kg),2427.42,4.61,False
2023-05-17T05:00:00,New Asgard,Arc Reactor Cores,704.83,5.53,False
2023-05-17T05:00:00,New Asgard,Pym Particles,719.18,5.07,False
2023-05-17T05:00:00,New Asgard,Clean Water (L),2407.8,5.53,False
2023-05-17T05:00:00,New Asgard,Medical Kits,735.56,4.15,False
2023-05-17T05:00:00,Wakanda,Vibranium (kg),2427.49,4.61,False
2023-05-17T05:00:00,Wakanda,Arc Reactor Cores,706.51,5.53,False
2023-05-17T05:00:00,Wakanda,Pym Particles,715.84,5.07,False
2023-05-17T05:00:00,Wakanda,Clean Water (L),2405.33,5.53,False
2023-05-17T05:00:00,Wakanda,Medical Kits,733.03,4.15,False
2023-05-17T05:00:00,Sokovia,Vibranium (kg),2422.71,4.61,False
2023-05-17T05:00:00,Sokovia,Arc Reactor Cores,705.01,5.53,False
2023-05-17T05:00:00,Sokovia,Pym Particles,720.07,5.07,False
2023-05-17T05:00:00,Sokovia,Clean Water (L),2404.8,5.53,False
2023-05-17T05:00:00,Sokovia,Medical Kits,739.02,4.15,False
2023-05-17T05:00:00,Sanctum Sanctorum,Vibranium (kg),2427.1,4.61,False
2023-05-17T05:00:00,Sanctum Sanctorum,Arc Reactor Cores,703.85,5.53,False
2023-05-17T05:00:00,Sanctum Sanctorum,Pym Particles,716.11,5.07,False
2023-05-17T05:00:00,Sanctum Sanctorum,Clean Water (L),2404.69,5.53,False
2023-05-17T05:00:00,Sanctum Sanctorum,Medical Kits,731.1,4.15,False
2023-05-17T05:00:00,Avengers Compound,Vibranium (kg),2426.39,4.61,False
2023-05-17T05:00:00,Avengers Compound,Arc Reactor Cores,710.73,5.53,False
2023-05-17T05:00:00,Avengers Compound,Pym Particles,713.94,5.07,False
2023-05-17T05:00:00,Avengers Compound,Clean Water (L),2407.75,5.53,False
2023-05-17T05:00:00,Avengers Compound,Medical Kits,731.41,4.15,False
2023-05-17T06:00:00,New Asgard,Vibranium (kg),2425.73,5.0,False
2023-05-17T06:00:00,New Asgard,Arc Reactor Cores,703.94,6.0,False
2023-05-17T06:00:00,New Asgard,Pym Particles,719.86,5.5,False
2023-05-17T06:00:00,New Asgard,Clean Water (L),2407.69,6.0,False
2023-05-17T06:00:00,New Asgard,Medical Kits,735.05,4.5,False
2023-05-17T06:00:00,Wakanda,Vibranium (kg),2427.74,5.0,False
2023-05-17T06:00:00,Wakanda,Arc Reactor Cores,705.73,6.0,False
2023-05-17T06:00:00,Wakanda,Pym Particles,715.33,5.5,False
2023-05-17T06:00:00,Wakanda,Clean Water (L),2405.21,6.0,False
2023-05-17T06:00:00,Wakanda,Medical Kits,731.8,4.5,False
2023-05-17T06:00:00,Sokovia,Vibranium (kg),2422.28,5.0,False
2023-05-17T06:00:00,Sokovia,Arc Reactor Cores,703.0,6.0,False
2023-05-17T06:00:00,Sokovia,Pym Particles,719.47,5.5,False
2023-05-17T06:00:00,Sokovia,Clean Water (L),2403.36,6.0,False
2023-05-17T06:00:00,Sokovia,Medical Kits,737.59,4.5,False
2023-05-17T06:00:00,Sanctum Sanctorum,Vibranium (kg),2428.02,5.0,False
2023-05-17T06:00:00,Sanctum Sanctorum,Arc Reactor Cores,703.16,6.0,False
2023-05-17T06:00:00,Sanctum Sanctorum,Pym Particles,714.97,5.5,False
2023-05-17T06:00:00,Sanctum Sanctorum,Clean Water (L),2404.45,6.0,False
2023-05-17T06:00:00,Sanctum Sanctorum,Medical Kits,730.93,4.5,False
2023-05-17T06:00:00,Avengers Compound,Vibranium (kg),2426.36,5.0,False
2023-05-17T06:00:00,Avengers Compound,Arc Reactor Cores,708.51,6.0,False
2023-05-17T06:00:00,Avengers Compound,Pym Particles,712.33,5.5,False
2023-05-17T06:00:00,Avengers Compound,Clean Water (L),2406.9,6.0,False
2023-05-17T06:00:00,Avengers Compound,Medical Kits,730.96,4.5,False
2023-05-17T07:00:00,New Asgard,Vibranium (kg),2424.46,5.39,False
2023-05-17T07:00:00,New Asgard,Arc Reactor Cores,703.5,6.47,False
2023-05-17T07:00:00,New Asgard,Pym Particles,719.08,5.93,False
2023-05-17T07:00:00,New Asgard,Clean Water (L),2408.55,6.47,False
2023-05-17T07:00:00,New Asgard,Medical Kits,734.12,4.85,False
2023-05-17T07:00:00,Wakanda,Vibranium (kg),2427.39,5.39,False
2023-05-17T07:00:00,Wakanda,Arc Reactor Cores,704.54,6.47,False
2023-05-17T07:00:00,Wakanda,Pym Particles,715.47,5.93,False
2023-05-17T07:00:00,Wakanda,Clean Water (L),2406.11,6.47,False
2023-05-17T07:00:00,Wakanda,Medical Kits,732.74,4.85,False
2023-05-17T07:00:00,Sokovia,Vibranium (kg),2421.17,5.39,False
2023-05-17T07:00:00,Sokovia,Arc Reactor Cores,701.86,6.47,False
2023-05-17T07:00:00,Sokovia,Pym Particles,718.47,5.93,False
2023-05-17T07:00:00,Sokovia,Clean Water (L),2404.5,6.47,False
2023-05-17T07:00:00,Sokovia,Medical Kits,738.47,4.85,False
2023-05-17T07:00:00,Sanctum Sanctorum,Vibranium (kg),2428.69,5.39,False
2023-05-17T07:00:00,Sanctum Sanctorum,Arc Reactor Cores,702.76,6.47,False
2023-05-17T07:00:00,Sanctum Sanctorum,Pym Particles,713.5,5.93,False
2023-05-17T07:00:00,Sanctum Sanctorum,Clean Water (L),2403.17,6.47,False
2023-05-17T07:00:00,Sanctum Sanctorum,Medical Kits,730.79,4.85,False
2023-05-17T07:00:00,Avengers Compound,Vibranium (kg),2425.54,5.39,False
2023-05-17T07:00:00,Avengers Compound,Arc Reactor Cores,706.9,6.47,False
2023-05-17T07:00:00,Avengers Compound,Pym Particles,710.07,5.93,False
2023-05-17T07:00:00,Avengers Compound,Clean Water (L),2407.43,6.47,False
2023-05-17T07:00:00,Avengers Compound,Medical Kits,729.57,4.85,False
2023-05-17T08:00:00,New Asgard,Vibranium (kg),2425.01,5.75,False
2023-05-17T08:00:00,New Asgard,Arc Reactor Cores,703.09,6.9,False
2023-05-17T08:00:00,New Asgard,Pym Particles,717.62,6.32,False
2023-05-17T08:00:00,New Asgard,Clean Water (L),2407.24,6.9,False
2023-05-17T08:00:00,New Asgard,Medical Kits,733.6,5.17,False
2023-05-17T08:00:00,Wakanda,Vibranium (kg),2426.36,5.75,False
2023-05-17T08:00:00,Wakanda,Arc Reactor Cores,704.41,6.9,False
2023-05-17T08:00:00,Wakanda,Pym Particles,712.91,6.32,False
2023-05-17T08:00:00,Wakanda,Clean Water (L),2405.06,6.9,False
2023-05-17T08:00:00,Wakanda,Medical Kits,731.93,5.17,False
2023-05-17T08:00:00,Sokovia,Vibranium (kg),2420.86,5.75,False
2023-05-17T08:00:00,Sokovia,Arc Reactor Cores,700.66,6.9,False
2023-05-17T08:00:00,Sokovia,Pym Particles,716.99,6.32,False
2023-05-17T08:00:00,Sokovia,Clean Water (L),2403.65,6.9,False
2023-05-17T08:00:00,Sokovia,Medical Kits,737.01,5.17,False
2023-05-17T08:00:00,Sanctum Sanctorum,Vibranium (kg),2428.47,5.75,False
2023-05-17T08:00:00,Sanctum Sanctorum,Arc Reactor Cores,701.61,6.9,False
2023-05-17T08:00:00,Sanctum Sanctorum,Pym Particles,713.13,6.32,False
2023-05-17T08:00:00,Sanctum Sanctorum,Clean Water (L),2401.57,6.9,False
2023-05-17T08:00:00,Sanctum Sanctorum,Medical Kits,729.49,5.17,False
2023-05-17T08:00:00,Avengers Compound,Vibranium (kg),2422.96,5.75,False
2023-05-17T08:00:00,Avengers Compound,Arc Reactor Cores,706.04,6.9,False
2023-05-17T08:00:00,Avengers Compound,Pym Particles,709.61,6.32,False
2023-05-17T08:00:00,Avengers Compound,Clean Water (L),2405.49,6.9,False
2023-05-17T08:00:00,Avengers Compound,Medical Kits,727.56,5.17,False
2023-05-17T09:00:00,New Asgard,Vibranium (kg),2423.07,6.06,False
2023-05-17T09:00:00,New Asgard,Arc Reactor Cores,701.67,7.27,False
2023-05-17T09:00:00,New Asgard,Pym Particles,715.17,6.67,False
2023-05-17T09:00:00,New Asgard,Clean Water (L),2406.81,7.27,False
2023-05-17T09:00:00,New Asgard,Medical Kits,732.67,5.45,False
2023-05-17T09:00:00,Wakanda,Vibranium (kg),2425.25,6.06,False
2023-05-17T09:00:00,Wakanda,Arc Reactor Cores,703.32,7.27,False
2023-05-17T09:00:00,Wakanda,Pym Particles,713.08,6.67,False
2023-05-17T09:00:00,Wakanda,Clean Water (L),2402.41,7.27,False
2023-05-17T09:00:00,Wakanda,Medical Kits,729.0,5.45,False
2023-05-17T09:00:00,Sokovia,Vibranium (kg),2419.31,6.06,False
2023-05-17T09:00:00,Sokovia,Arc Reactor Cores,698.02,7.27,False
2023-05-17T09:00:00,Sokovia,Pym Particles,714.92,6.67,False
2023-05-17T09:00:00,Sokovia,Clean Water (L),2401.13,7.27,False
2023-05-17T09:00:00,Sokovia,Medical Kits,734.63,5.45,False
2023-05-17T09:00:00,Sanctum Sanctorum,Vibranium (kg),2428.3,6.06,False
2023-05-17T09:00:00,Sanctum Sanctorum,Arc Reactor Cores,699.88,7.27,False
2023-05-17T09:00:00,Sanctum Sanctorum,Pym Particles,713.46,6.67,False
2023-05-17T09:00:00,Sanctum Sanctorum,Clean Water (L),2400.7,7.27,False
2023-05-17T09:00:00,Sanctum Sanctorum,Medical Kits,727.87,5.45,False
2023-05-17T09:00:00,Avengers Compound,Vibranium (kg),2420.53,6.06,False
2023-05-17T09:00:00,Avengers Compound,Arc Reactor Cores,705.05,7.27,False
2023-05-17T09:00:00,Avengers Compound,Pym Particles,709.73,6.67,False
2023-05-17T09:00:00,Avengers Compound,Clean Water (L),2405.51,7.27,False
2023-05-17T09:00:00,Avengers Compound,Medical Kits,725.99,5.45,False
2023-05-17T10:00:00,New Asgard,Vibranium (kg),2421.22,6.3,False
2023-05-17T10:00:00,New Asgard,Arc Reactor Cores,699.46,7.56,False
2023-05-17T10:00:00,New Asgard,Pym Particles,713.58,6.93,False
2023-05-17T10:00:00,New Asgard,Clean Water (L),2404.88,7.56,False
2023-05-17T10:00:00,New Asgard,Medical Kits,730.18,5.67,False
2023-05-17T10:00:00,Wakanda,Vibranium (kg),2423.79,6.3,False
2023-05-17T10:00:00,Wakanda,Arc Reactor Cores,701.32,7.56,False
2023-05-17T10:00:00,Wakanda,Pym Particles,713.15,6.93,False
2023-05-17T10:00:00,Wakanda,Clean Water (L),2399.84,7.56,False
2023-05-17T10:00:00,Wakanda,Medical Kits,728.39,5.67,False
2023-05-17T10:00:00,Sokovia,Vibranium (kg),2419.53,6.3,False
2023-05-17T10:00:00,Sokovia,Arc Reactor Cores,696.26,7.56,False
2023-05-17T10:00:00,Sokovia,Pym Particles,714.31,6.93,False
2023-05-17T10:00:00,Sokovia,Clean Water (L),2399.32,7.56,False
2023-05-17T10:00:00,Sokovia,Medical Kits,733.09,5.67,False
2023-05-17T10:00:00,Sanctum Sanctorum,Vibranium (kg),2428.22,6.3,False
2023-05-17T10:00:00,Sanctum Sanctorum,Arc Reactor Cores,699.44,7.56,False
2023-05-17T10:00:00,Sanctum Sanctorum,Pym Particles,712.97,6.93,False
2023-05-17T10:00:00,Sanctum Sanctorum,Clean Water (L),2399.36,7.56,False
2023-05-17T10:00:00,Sanctum Sanctorum,Medical Kits,726.94,5.67,False
2023-05-17T10:00:00,Avengers Compound,Vibranium (kg),2419.02,6.3,False
2023-05-17T10:00:00,Avengers Compound,Arc Reactor Cores,701.92,7.56,False
2023-05-17T10:00:00,Avengers Compound,Pym Particles,707.85,6.93,False
2023-05-17T10:00:00,Avengers Compound,Clean Water (L),2405.15,7.56,False
2023-05-17T10:00:00,Avengers Compound,Medical Kits,723.19,5.67,False
2023-05-17T11:00:00,New Asgard,Vibranium (kg),2419.09,6.45,False
2023-05-17T11:00:00,New Asgard,Arc Reactor Cores,698.91,7.74,False
2023-05-17T11:00:00,New Asgard,Pym Particles,712.33,7.09,False
2023-05-17T11:00:00,New Asgard,Clean Water (L),2402.11,7.74,False
2023-05-17T11:00:00,New Asgard,Medical Kits,729.23,5.8,False
2023-05-17T11:00:00,Wakanda,Vibranium (kg),2423.39,6.45,False
2023-05-17T11:00:00,Wakanda,Arc Reactor Cores,699.29,7.74,False
2023-05-17T11:00:00,Wakanda,Pym Particles,711.98,7.09,False
2023-05-17T11:00:00,Wakanda,Clean Water (L),2398.32,7.74,False
2023-05-17T11:00:00,Wakanda,Medical Kits,727.51,5.8,False
2023-05-17T11:00:00,Sokovia,Vibranium (kg),2417.23,6.45,False
2023-05-17T11:00:00,Sokovia,Arc Reactor Cores,694.11,7.74,False
2023-05-17T11:00:00,Sokovia,Pym Particles,711.88,7.09,False
2023-05-17T11:00:00,Sokovia,Clean Water (L),2398.48,7.74,False
2023-05-17T11:00:00,Sokovia,Medical Kits,730.14,5.8,False
2023-05-17T11:00:00,Sanctum Sanctorum,Vibranium (kg),2426.69,6.45,False
2023-05-17T11:00:00,Sanctum Sanctorum,Arc Reactor Cores,698.71,7.74,False
2023-05-17T11:00:00,Sanctum Sanctorum,Pym Particles,711.61,7.09,False
2023-05-17T11:00:00,Sanctum Sanctorum,Clean Water (L),2398.57,7.74,False
2023-05-17T11:00:00,Sanctum Sanctorum,Medical Kits,727.18,5.8,False
2023-05-17T11:00:00,Avengers Compound,Vibranium (kg),2416.51,6.45,False
2023-05-17T11:00:00,Avengers Compound,Arc Reactor Cores,699.46,7.74,False
2023-05-17T11:00:00,Avengers Compound,Pym Particles,706.39,7.09,False
2023-05-17T11:00:00,Avengers Compound,Clean Water (L),2403.59,7.74,False
2023-05-17T11:00:00,Avengers Compound,Medical Kits,722.86,5.8,False
2023-05-17T12:00:00,New Asgard,Vibranium (kg),2416.9,6.5,False
2023-05-17T12:00:00,New Asgard,Arc Reactor Cores,697.38,7.8,False
2023-05-17T12:00:00,New Asgard,Pym Particles,708.84,7.15,False
2023-05-17T12:00:00,New Asgard,Clean Water (L),2399.76,7.8,False
2023-05-17T12:00:00,New Asgard,Medical Kits,729.03,5.85,False
2023-05-17T12:00:00,Wakanda,Vibranium (kg),2422.26,6.5,False
2023-05-17T12:00:00,Wakanda,Arc Reactor Cores,697.17,7.8,False
2023-05-17T12:00:00,Wakanda,Pym Particles,710.87,7.15,False
2023-05-17T12:00:00,Wakanda,Clean Water (L),2398.18,7.8,False
2023-05-17T12:00:00,Wakanda,Medical Kits,727.04,5.85,False
2023-05-17T12:00:00,Sokovia,Vibranium (kg),2417.19,6.5,False
2023-05-17T12:00:00,Sokovia,Arc Reactor Cores,693.6,7.8,False
2023-05-17T12:00:00,Sokovia,Pym Particles,710.25,7.15,False
2023-05-17T12:00:00,Sokovia,Clean Water (L),2396.1,7.8,False
2023-05-17T12:00:00,Sokovia,Medical Kits,727.23,5.85,False
2023-05-17T12:00:00,Sanctum Sanctorum,Vibranium (kg),2424.14,6.5,False
2023-05-17T12:00:00,Sanctum Sanctorum,Arc Reactor Cores,697.21,7.8,False
2023-05-17T12:00:00,Sanctum Sanctorum,Pym Particles,710.41,7.15,False
2023-05-17T12:00:00,Sanctum Sanctorum,Clean Water (L),2397.5,7.8,False
2023-05-17T12:00:00,Sanctum Sanctorum,Medical Kits,726.16,5.85,False
2023-05-17T12:00:00,Avengers Compound,Vibranium (kg),2415.44,6.5,False
2023-05-17T12:00:00,Avengers Compound,Arc Reactor Cores,697.45,7.8,False
2023-05-17T12:00:00,Avengers Compound,Pym Particles,704.92,7.15,False
2023-05-17T12:00:00,Avengers Compound,Clean Water (L),2400.22,7.8,False
2023-05-17T12:00:00,Avengers Compound,Medical Kits,722.11,5.85,False
2023-05-17T13:00:00,New Asgard,Vibranium (kg),2414.61,6.45,False
2023-05-17T13:00:00,New Asgard,Arc Reactor Cores,695.52,7.74,False
2023-05-17T13:00:00,New Asgard,Pym Particles,707.39,7.09,False
2023-05-17T13:00:00,New Asgard,Clean Water (L),2397.9,7.74,False
2023-05-17T13:00:00,New Asgard,Medical Kits,727.04,5.8,False
2023-05-17T13:00:00,Wakanda,Vibranium (kg),2420.84,6.45,False
2023-05-17T13:00:00,Wakanda,Arc Reactor Cores,694.93,7.74,False
2023-05-17T13:00:00,Wakanda,Pym Particles,707.59,7.09,False
2023-05-17T13:00:00,Wakanda,Clean Water (L),2397.05,7.74,False
2023-05-17T13:00:00,Wakanda,Medical Kits,726.38,5.8,False
2023-05-17T13:00:00,Sokovia,Vibranium (kg),2417.38,6.45,False
2023-05-17T13:00:00,Sokovia,Arc Reactor Cores,691.54,7.74,False
2023-05-17T13:00:00,Sokovia,Pym Particles,709.51,7.09,False
2023-05-17T13:00:00,Sokovia,Clean Water (L),2395.14,7.74,False
2023-05-17T13:00:00,Sokovia,Medical Kits,724.71,5.8,False
2023-05-17T13:00:00,Sanctum Sanctorum,Vibranium (kg),2421.59,6.45,False
2023-05-17T13:00:00,Sanctum Sanctorum,Arc Reactor Cores,695.78,7.74,False
2023-05-17T13:00:00,Sanctum Sanctorum,Pym Particles,708.09,7.09,False
2023-05-17T13:00:00,Sanctum Sanctorum,Clean Water (L),2396.7,7.74,False
2023-05-17T13:00:00,Sanctum Sanctorum,Medical Kits,724.99,5.8,False
2023-05-17T13:00:00,Avengers Compound,Vibranium (kg),2415.3,6.45,False
2023-05-17T13:00:00,Avengers Compound,Arc Reactor Cores,694.55,7.74,False
2023-05-17T13:00:00,Avengers Compound,Pym Particles,703.1,7.09,False
2023-05-17T13:00:00,Avengers Compound,Clean Water (L),2397.53,7.74,False
2023-05-17T13:00:00,Avengers Compound,Medical Kits,721.86,5.8,False
2023-05-17T14:00:00,New Asgard,Vibranium (kg),2413.95,6.3,False
2023-05-17T14:00:00,New Asgard,Arc Reactor Cores,694.15,7.56,False
2023-05-17T14:00:00,New Asgard,Pym Particles,705.93,6.93,False
2023-05-17T14:00:00,New Asgard,Clean Water (L),2395.72,7.56,False
2023-05-17T14:00:00,New Asgard,Medical Kits,725.92,5.67,False
2023-05-17T14:00:00,Wakanda,Vibranium (kg),2420.13,6.3,False
2023-05-17T14:00:00,Wakanda,Arc Reactor Cores,694.49,7.56,False
2023-05-17T14:00:00,Wakanda,Pym Particles,705.88,6.93,False
2023-05-17T14:00:00,Wakanda,Clean Water (L),2395.8,7.56,False
2023-05-17T14:00:00,Wakanda,Medical Kits,725.27,5.67,False
2023-05-17T14:00:00,Sokovia,Vibranium (kg),2416.48,6.3,False
2023-05-17T14:00:00,Sokovia,Arc Reactor Cores,690.77,7.56,False
2023-05-17T14:00:00,Sokovia,Pym Particles,709.02,6.93,False
2023-05-17T14:00:00,Sokovia,Clean Water (L),2394.71,7.56,False
2023-05-17T14:00:00,Sokovia,Medical Kits,723.09,5.67,False
2023-05-17T14:00:00,Sanctum Sanctorum,Vibranium (kg),2419.64,6.3,False
2023-05-17T14:00:00,Sanctum Sanctorum,Arc Reactor Cores,693.29,7.56,False
2023-05-17T14:00:00,Sanctum Sanctorum,Pym Particles,707.57,6.93,False
2023-05-17T14:00:00,Sanctum Sanctorum,Clean Water (L),2394.87,7.56,False
2023-05-17T14:00:00,Sanctum Sanctorum,Medical Kits,724.41,5.67,False
2023-05-17T14:00:00,Avengers Compound,Vibranium (kg),2413.93,6.3,False
2023-05-17T14:00:00,Avengers Compound,Arc Reactor Cores,693.02,7.56,False
2023-05-17T14:00:00,Avengers Compound,Pym Particles,702.46,6.93,False
2023-05-17T14:00:00,Avengers Compound,Clean Water (L),2396.4,7.56,False
2023-05-17T14:00:00,Avengers Compound,Medical Kits,722.38,5.67,False
2023-05-17T15:00:00,New Asgard,Vibranium (kg),2413.84,6.06,False
2023-05-17T15:00:00,New Asgard,Arc Reactor Cores,694.56,7.27,False
2023-05-17T15:00:00,New Asgard,Pym Particles,703.81,6.67,False
2023-05-17T15:00:00,New Asgard,Clean Water (L),2393.92,7.27,False
2023-05-17T15:00:00,New Asgard,Medical Kits,723.96,5.45,False
2023-05-17T15:00:00,Wakanda,Vibranium (kg),2420.24,6.06,False
2023-05-17T15:00:00,Wakanda,Arc Reactor Cores,693.48,7.27,False
2023-05-17T15:00:00,Wakanda,Pym Particles,704.3,6.67,False
2023-05-17T15:00:00,Wakanda,Clean Water (L),2396.47,7.27,False
2023-05-17T15:00:00,Wakanda,Medical Kits,725.35,5.45,False
2023-05-17T15:00:00,Sokovia,Vibranium (kg),2416.04,6.06,False
2023-05-17T15:00:00,Sokovia,Arc Reactor Cores,689.63,7.27,False
2023-05-17T15:00:00,Sokovia,Pym Particles,708.34,6.67,False
2023-05-17T15:00:00,Sokovia,Clean Water (L),2393.02,7.27,False
2023-05-17T15:00:00,Sokovia,Medical Kits,722.95,5.45,False
2023-05-17T15:00:00,Sanctum Sanctorum,Vibranium (kg),2417.15,6.06,False
2023-05-17T15:00:00,Sanctum Sanctorum,Arc Reactor Cores,692.72,7.27,False
2023-05-17T15:00:00,Sanctum Sanctorum,Pym Particles,707.38,6.67,False
2023-05-17T15:00:00,Sanctum Sanctorum,Clean Water (L),2393.48,7.27,False
2023-05-17T15:00:00,Sanctum Sanctorum,Medical Kits,724.48,5.45,False
2023-05-17T15:00:00,Avengers Compound,Vibranium (kg),2414.55,6.06,False
2023-05-17T15:00:00,Avengers Compound,Arc Reactor Cores,690.91,7.27,False
2023-05-17T15:00:00,Avengers Compound,Pym Particles,702.56,6.67,False
2023-05-17T15:00:00,Avengers Compound,Clean Water (L),2395.33,7.27,False
2023-05-17T15:00:00,Avengers Compound,Medical Kits,722.69,5.45,False
2023-05-17T16:00:00,New Asgard,Vibranium (kg),2414.3,5.75,False
2023-05-17T16:00:00,New Asgard,Arc Reactor Cores,694.67,6.9,False
2023-05-17T16:00:00,New Asgard,Pym Particles,702.94,6.32,False
2023-05-17T16:00:00,New Asgard,Clean Water (L),2394.04,6.9,False
2023-05-17T16:00:00,New Asgard,Medical Kits,722.62,5.17,False
2023-05-17T16:00:00,Wakanda,Vibranium (kg),2419.24,5.75,False
2023-05-17T16:00:00,Wakanda,Arc Reactor Cores,693.42,6.9,False
2023-05-17T16:00:00,Wakanda,Pym Particles,703.75,6.32,False
2023-05-17T16:00:00,Wakanda,Clean Water (L),2393.93,6.9,False
2023-05-17T16:00:00,Wakanda,Medical Kits,724.18,5.17,False
2023-05-17T16:00:00,Sokovia,Vibranium (kg),2416.42,5.75,False
2023-05-17T16:00:00,Sokovia,Arc Reactor Cores,689.92,6.9,False
2023-05-17T16:00:00,Sokovia,Pym Particles,707.86,6.32,False
2023-05-17T16:00:00,Sokovia,Clean Water (L),2392.94,6.9,False
2023-05-17T16:00:00,Sokovia,Medical Kits,720.96,5.17,False
2023-05-17T16:00:00,Sanctum Sanctorum,Vibranium (kg),2416.94,5.75,False
2023-05-17T16:00:00,Sanctum Sanctorum,Arc Reactor Cores,692.55,6.9,False
2023-05-17T16:00:00,Sanctum Sanctorum,Pym Particles,706.82,6.32,False
2023-05-17T16:00:00,Sanctum Sanctorum,Clean Water (L),2391.38,6.9,False
2023-05-17T16:00:00,Sanctum Sanctorum,Medical Kits,724.32,5.17,False
2023-05-17T16:00:00,Avengers Compound,Vibranium (kg),2414.73,5.75,False
2023-05-17T16:00:00,Avengers Compound,Arc Reactor Cores,690.78,6.9,False
2023-05-17T16:00:00,Avengers Compound,Pym Particles,702.39,6.32,False
2023-05-17T16:00:00,Avengers Compound,Clean Water (L),2394.46,6.9,False
2023-05-17T16:00:00,Avengers Compound,Medical Kits,723.84,5.17,False
2023-05-17T17:00:00,New Asgard,Vibranium (kg),2414.97,5.39,False
2023-05-17T17:00:00,New Asgard,Arc Reactor Cores,695.08,6.47,False
2023-05-17T17:00:00,New Asgard,Pym Particles,702.97,5.93,False
2023-05-17T17:00:00,New Asgard,Clean Water (L),2393.75,6.47,False
2023-05-17T17:00:00,New Asgard,Medical Kits,722.16,4.85,False
2023-05-17T17:00:00,Wakanda,Vibranium (kg),2419.35,5.39,False
2023-05-17T17:00:00,Wakanda,Arc Reactor Cores,692.58,6.47,False
2023-05-17T17:00:00,Wakanda,Pym Particles,702.31,5.93,False
2023-05-17T17:00:00,Wakanda,Clean Water (L),2395.61,6.47,False
2023-05-17T17:00:00,Wakanda,Medical Kits,725.93,4.85,False
2023-05-17T17:00:00,Sokovia,Vibranium (kg),2416.83,5.39,False
2023-05-17T17:00:00,Sokovia,Arc Reactor Cores,689.13,6.47,False
2023-05-17T17:00:00,Sokovia,Pym Particles,709.06,5.93,False
2023-05-17T17:00:00,Sokovia,Clean Water (L),2391.69,6.47,False
2023-05-17T17:00:00,Sokovia,Medical Kits,720.62,4.85,False
2023-05-17T17:00:00,Sanctum Sanctorum,Vibranium (kg),2416.06,5.39,False
2023-05-17T17:00:00,Sanctum Sanctorum,Arc Reactor Cores,693.73,6.47,False
2023-05-17T17:00:00,Sanctum Sanctorum,Pym Particles,706.18,5.93,False
2023-05-17T17:00:00,Sanctum Sanctorum,Clean Water (L),2389.96,6.47,False
2023-05-17T17:00:00,Sanctum Sanctorum,Medical Kits,722.6,4.85,False
2023-05-17T17:00:00,Avengers Compound,Vibranium (kg),2413.69,5.39,False
2023-05-17T17:00:00,Avengers Compound,Arc Reactor Cores,690.64,6.47,False
2023-05-17T17:00:00,Avengers Compound,Pym Particles,703.27,5.93,False
2023-05-17T17:00:00,Avengers Compound,Clean Water (L),2395.42,6.47,False
2023-05-17T17:00:00,Avengers Compound,Medical Kits,723.34,4.85,False
2023-05-17T18:00:00,New Asgard,Vibranium (kg),2414.11,5.0,False
2023-05-17T18:00:00,New Asgard,Arc Reactor Cores,696.49,6.0,False
2023-05-17T18:00:00,New Asgard,Pym Particles,702.32,5.5,False
2023-05-17T18:00:00,New Asgard,Clean Water (L),2392.89,6.0,False
2023-05-17T18:00:00,New Asgard,Medical Kits,722.55,4.5,False
2023-05-17T18:00:00,Wakanda,Vibranium (kg),2419.8,5.0,False
2023-05-17T18:00:00,Wakanda,Arc Reactor Cores,691.41,6.0,False
2023-05-17T18:00:00,Wakanda,Pym Particles,703.58,5.5,False
2023-05-17T18:00:00,Wakanda,Clean Water (L),2395.32,6.0,False
2023-05-17T18:00:00,Wakanda,Medical Kits,725.94,4.5,False
2023-05-17T18:00:00,Sokovia,Vibranium (kg),2416.8,5.0,False
2023-05-17T18:00:00,Sokovia,Arc Reactor Cores,689.0,6.0,False
2023-05-17T18:00:00,Sokovia,Pym Particles,710.71,5.5,False
2023-05-17T18:00:00,Sokovia,Clean Water (L),2393.36,6.0,False
2023-05-17T18:00:00,Sokovia,Medical Kits,721.96,4.5,False
2023-05-17T18:00:00,Sanctum Sanctorum,Vibranium (kg),2416.82,5.0,False
2023-05-17T18:00:00,Sanctum Sanctorum,Arc Reactor Cores,695.68,6.0,False
2023-05-17T18:00:00,Sanctum Sanctorum,Pym Particles,705.0,5.5,False
2023-05-17T18:00:00,Sanctum Sanctorum,Clean Water (L),2389.29,6.0,False
2023-05-17T18:00:00,Sanctum Sanctorum,Medical Kits,721.73,4.5,False
2023-05-17T18:00:00,Avengers Compound,Vibranium (kg),2414.51,5.0,False
2023-05-17T18:00:00,Avengers Compound,Arc Reactor Cores,690.7,6.0,False
2023-05-17T18:00:00,Avengers Compound,Pym Particles,702.78,5.5,False
2023-05-17T18:00:00,Avengers Compound,Clean Water (L),2394.84,6.0,False
2023-05-17T18:00:00,Avengers Compound,Medical Kits,724.26,4.5,False
2023-05-17T19:00:00,New Asgard,Vibranium (kg),2415.24,4.61,False
2023-05-17T19:00:00,New Asgard,Arc Reactor Cores,695.37,5.53,False
2023-05-17T19:00:00,New Asgard,Pym Particles,702.66,5.07,False
2023-05-17T19:00:00,New Asgard,Clean Water (L),2392.54,5.53,False
2023-05-17T19:00:00,New Asgard,Medical Kits,722.74,4.15,False
2023-05-17T19:00:00,Wakanda,Vibranium (kg),2419.89,4.61,False
2023-05-17T19:00:00,Wakanda,Arc Reactor Cores,691.44,5.53,False
2023-05-17T19:00:00,Wakanda,Pym Particles,704.61,5.07,False
2023-05-17T19:00:00,Wakanda,Clean Water (L),2394.42,5.53,False
2023-05-17T19:00:00,Wakanda,Medical Kits,727.47,4.15,False
2023-05-17T19:00:00,Sokovia,Vibranium (kg),2417.49,4.61,False
2023-05-17T19:00:00,Sokovia,Arc Reactor Cores,690.25,5.53,False
2023-05-17T19:00:00,Sokovia,Pym Particles,709.73,5.07,False
2023-05-17T19:00:00,Sokovia,Clean Water (L),2393.51,5.53,False
2023-05-17T19:00:00,Sokovia,Medical Kits,723.28,4.15,False
2023-05-17T19:00:00,Sanctum Sanctorum,Vibranium (kg),2416.5,4.61,False
2023-05-17T19:00:00,Sanctum Sanctorum,Arc Reactor Cores,695.58,5.53,False
2023-05-17T19:00:00,Sanctum Sanctorum,Pym Particles,705.89,5.07,False
2023-05-17T19:00:00,Sanctum Sanctorum,Clean Water (L),2390.3,5.53,False
2023-05-17T19:00:00,Sanctum Sanctorum,Medical Kits,721.31,4.15,False
2023-05-17T19:00:00,Avengers Compound,Vibranium (kg),2416.19,4.61,False
2023-05-17T19:00:00,Avengers Compound,Arc Reactor Cores,690.15,5.53,False
2023-05-17T19:00:00,Avengers Compound,Pym Particles,704.05,5.07,False
2023-05-17T19:00:00,Avengers Compound,Clean Water (L),2396.03,5.53,False
2023-05-17T19:00:00,Avengers Compound,Medical Kits,725.1,4.15,False
2023-05-17T20:00:00,New Asgard,Vibranium (kg),2416.47,4.25,False
2023-05-17T20:00:00,New Asgard,Arc Reactor Cores,696.34,5.1,False
2023-05-17T20:00:00,New Asgard,Pym Particles,704.55,4.68,False
2023-05-17T20:00:00,New Asgard,Clean Water (L),2394.51,5.1,False
2023-05-17T20:00:00,New Asgard,Medical Kits,722.01,3.83,False
2023-05-17T20:00:00,Wakanda,Vibranium (kg),2419.84,4.25,False
2023-05-17T20:00:00,Wakanda,Arc Reactor Cores,692.69,5.1,False
2023-05-17T20:00:00,Wakanda,Pym Particles,706.04,4.68,False
2023-05-17T20:00:00,Wakanda,Clean Water (L),2395.69,5.1,False
2023-05-17T20:00:00,Wakanda,Medical Kits,729.69,3.83,False
2023-05-17T20:00:00,Sokovia,Vibranium (kg),2420.09,4.25,False
2023-05-17T20:00:00,Sokovia,Arc Reactor Cores,692.36,5.1,False
2023-05-17T20:00:00,Sokovia,Pym Particles,710.28,4.68,False
2023-05-17T20:00:00,Sokovia,Clean Water (L),2396.02,5.1,False
2023-05-17T20:00:00,Sokovia,Medical Kits,725.24,3.83,False
2023-05-17T20:00:00,Sanctum Sanctorum,Vibranium (kg),2417.14,4.25,False
2023-05-17T20:00:00,Sanctum Sanctorum,Arc Reactor Cores,697.37,5.1,False
2023-05-17T20:00:00,Sanctum Sanctorum,Pym Particles,707.55,4.68,False
2023-05-17T20:00:00,Sanctum Sanctorum,Clean Water (L),2391.66,5.1,False
2023-05-17T20:00:00,Sanctum Sanctorum,Medical Kits,723.22,3.83,False
2023-05-17T20:00:00,Avengers Compound,Vibranium (kg),2415.86,4.25,False
2023-05-17T20:00:00,Avengers Compound,Arc Reactor Cores,690.41,5.1,False
2023-05-17T20:00:00,Avengers Compound,Pym Particles,706.78,4.68,False
2023-05-17T20:00:00,Avengers Compound,Clean Water (L),2397.05,5.1,False
2023-05-17T20:00:00,Avengers Compound,Medical Kits,725.06,3.83,False
2023-05-17T21:00:00,New Asgard,Vibranium (kg),2418.83,3.94,False
2023-05-17T21:00:00,New Asgard,Arc Reactor Cores,697.12,4.73,False
2023-05-17T21:00:00,New Asgard,Pym Particles,705.75,4.33,False
2023-05-17T21:00:00,New Asgard,Clean Water (L),2397.38,4.73,False
2023-05-17T21:00:00,New Asgard,Medical Kits,723.38,3.55,False
2023-05-17T21:00:00,Wakanda,Vibranium (kg),2420.01,3.94,False
2023-05-17T21:00:00,Wakanda,Arc Reactor Cores,694.98,4.73,False
2023-05-17T21:00:00,Wakanda,Pym Particles,707.15,4.33,False
2023-05-17T21:00:00,Wakanda,Clean Water (L),2397.49,4.73,False
2023-05-17T21:00:00,Wakanda,Medical Kits,732.05,3.55,False
2023-05-17T21:00:00,Sokovia,Vibranium (kg),2420.93,3.94,False
2023-05-17T21:00:00,Sokovia,Arc Reactor Cores,694.32,4.73,False
2023-05-17T21:00:00,Sokovia,Pym Particles,712.13,4.33,False
2023-05-17T21:00:00,Sokovia,Clean Water (L),2398.02,4.73,False
2023-05-17T21:00:00,Sokovia,Medical Kits,727.36,3.55,False
2023-05-17T21:00:00,Sanctum Sanctorum,Vibranium (kg),2417.84,3.94,False
2023-05-17T21:00:00,Sanctum Sanctorum,Arc Reactor Cores,698.78,4.73,False
2023-05-17T21:00:00,Sanctum Sanctorum,Pym Particles,709.84,4.33,False
2023-05-17T21:00:00,Sanctum Sanctorum,Clean Water (L),2393.36,4.73,False
2023-05-17T21:00:00,Sanctum Sanctorum,Medical Kits,723.74,3.55,False
2023-05-17T21:00:00,Avengers Compound,Vibranium (kg),2415.32,3.94,False
2023-05-17T21:00:00,Avengers Compound,Arc Reactor Cores,693.19,4.73,False
2023-05-17T21:00:00,Avengers Compound,Pym Particles,707.47,4.33,False
2023-05-17T21:00:00,Avengers Compound,Clean Water (L),2398.05,4.73,False
2023-05-17T21:00:00,Avengers Compound,Medical Kits,726.22,3.55,False
2023-05-17T22:00:00,New Asgard,Vibranium (kg),2420.35,3.7,False
2023-05-17T22:00:00,New Asgard,Arc Reactor Cores,699.98,4.44,False
2023-05-17T22:00:00,New Asgard,Pym Particles,707.84,4.07,False
2023-05-17T22:00:00,New Asgard,Clean Water (L),2398.95,4.44,False
2023-05-17T22:00:00,New Asgard,Medical Kits,723.83,3.33,False
2023-05-17T22:00:00,Wakanda,Vibranium (kg),2420.8,3.7,False
2023-05-17T22:00:00,Wakanda,Arc Reactor Cores,695.96,4.44,False
2023-05-17T22:00:00,Wakanda,Pym Particles,708.76,4.07,False
2023-05-17T22:00:00,Wakanda,Clean Water (L),2399.34,4.44,False
2023-05-17T22:00:00,Wakanda,Medical Kits,733.53,3.33,False
2023-05-17T22:00:00,Sokovia,Vibranium (kg),2422.01,3.7,False
2023-05-17T22:00:00,Sokovia,Arc Reactor Cores,695.5,4.44,False
2023-05-17T22:00:00,Sokovia,Pym Particles,712.28,4.07,False
2023-05-17T22:00:00,Sokovia,Clean Water (L),2400.85,4.44,False
2023-05-17T22:00:00,Sokovia,Medical Kits,728.25,3.33,False
2023-05-17T22:00:00,Sanctum Sanctorum,Vibranium (kg),2419.19,3.7,False
2023-05-17T22:00:00,Sanctum Sanctorum,Arc Reactor Cores,699.95,4.44,False
2023-05-17T22:00:00,Sanctum Sanctorum,Pym Particles,710.11,4.07,False
2023-05-17T22:00:00,Sanctum Sanctorum,Clean Water (L),2395.59,4.44,False
2023-05-17T22:00:00,Sanctum Sanctorum,Medical Kits,725.67,3.33,False
2023-05-17T22:00:00,Avengers Compound,Vibranium (kg),2415.24,3.7,False
2023-05-17T22:00:00,Avengers Compound,Arc Reactor Cores,695.98,4.44,False
2023-05-17T22:00:00,Avengers Compound,Pym Particles,710.22,4.07,False
2023-05-17T22:00:00,Avengers Compound,Clean Water (L),2398.91,4.44,False
2023-05-17T22:00:00,Avengers Compound,Medical Kits,727.23,3.33,False
2023-05-17T23:00:00,New Asgard,Vibranium (kg),2422.33,3.55,False
2023-05-17T23:00:00,New Asgard,Arc Reactor Cores,701.39,4.26,False
2023-05-17T23:00:00,New Asgard,Pym Particles,709.44,3.91,False
2023-05-17T23:00:00,New Asgard,Clean Water (L),2402.43,4.26,False
2023-05-17T23:00:00,New Asgard,Medical Kits,725.29,3.2,False
2023-05-17T23:00:00,Wakanda,Vibranium (kg),2422.09,3.55,False
2023-05-17T23:00:00,Wakanda,Arc Reactor Cores,696.95,4.26,False
2023-05-17T23:00:00,Wakanda,Pym Particles,711.42,3.91,False
2023-05-17T23:00:00,Wakanda,Clean Water (L),2401.43,4.26,False
2023-05-17T23:00:00,Wakanda,Medical Kits,736.24,3.2,False
2023-05-17T23:00:00,Sokovia,Vibranium (kg),2423.64,3.55,False
2023-05-17T23:00:00,Sokovia,Arc Reactor Cores,697.88,4.26,False
2023-05-17T23:00:00,Sokovia,Pym Particles,713.14,3.91,False
2023-05-17T23:00:00,Sokovia,Clean Water (L),2402.63,4.26,False
2023-05-17T23:00:00,Sokovia,Medical Kits,730.93,3.2,False
2023-05-17T23:00:00,Sanctum Sanctorum,Vibranium (kg),2421.88,3.55,False
2023-05-17T23:00:00,Sanctum Sanctorum,Arc Reactor Cores,702.25,4.26,False
2023-05-17T23:00:00,Sanctum Sanctorum,Pym Particles,712.99,3.91,False
2023-05-17T23:00:00,Sanctum Sanctorum,Clean Water (L),2396.44,4.26,False
2023-05-17T23:00:00,Sanctum Sanctorum,Medical Kits,726.97,3.2,False
2023-05-17T23:00:00,Avengers Compound,Vibranium (kg),2417.37,3.55,False
2023-05-17T23:00:00,Avengers Compound,Arc Reactor Cores,698.35,4.26,False
2023-05-17T23:00:00,Avengers Compound,Pym Particles,712.59,3.91,False
2023-05-17T23:00:00,Avengers Compound,Clean Water (L),2400.62,4.26,False
2023-05-17T23:00:00,Avengers Compound,Medical Kits,729.54,3.2,False
2023-05-18T00:00:00,New Asgard,Vibranium (kg),2425.16,3.5,False
2023-05-18T00:00:00,New Asgard,Arc Reactor Cores,702.79,4.2,False
2023-05-18T00:00:00,New Asgard,Pym Particles,710.72,3.85,False
2023-05-18T00:00:00,New Asgard,Clean Water (L),2404.92,4.2,False
2023-05-18T00:00:00,New Asgard,Medical Kits,728.03,3.15,False
2023-05-18T00:00:00,Wakanda,Vibranium (kg),2423.71,3.5,False
2023-05-18T00:00:00,Wakanda,Arc Reactor Cores,699.11,4.2,False
2023-05-18T00:00:00,Wakanda,Pym Particles,714.24,3.85,False
2023-05-18T00:00:00,Wakanda,Clean Water (L),2403.58,4.2,False
2023-05-18T00:00:00,Wakanda,Medical Kits,736.16,3.15,False
2023-05-18T00:00:00,Sokovia,Vibranium (kg),2425.29,3.5,False
2023-05-18T00:00:00,Sokovia,Arc Reactor Cores,700.74,4.2,False
2023-05-18T00:00:00,Sokovia,Pym Particles,714.33,3.85,False
2023-05-18T00:00:00,Sokovia,Clean Water (L),2403.08,4.2,False
2023-05-18T00:00:00,Sokovia,Medical Kits,732.11,3.15,False
2023-05-18T00:00:00,Sanctum Sanctorum,Vibranium (kg),2422.66,3.5,False
2023-05-18T00:00:00,Sanctum Sanctorum,Arc Reactor Cores,705.31,4.2,False
2023-05-18T00:00:00,Sanctum Sanctorum,Pym Particles,713.12,3.85,False
2023-05-18T00:00:00,Sanctum Sanctorum,Clean Water (L),2398.62,4.2,False
2023-05-18T00:00:00,Sanctum Sanctorum,Medical Kits,727.06,3.15,False
2023-05-18T00:00:00,Avengers Compound,Vibranium (kg),2418.4,3.5,False
2023-05-18T00:00:00,Avengers Compound,Arc Reactor Cores,698.83,4.2,False
2023-05-18T00:00:00,Avengers Compound,Pym Particles,714.82,3.85,False
2023-05-18T00:00:00,Avengers Compound,Clean Water (L),2401.26,4.2,False
2023-05-18T00:00:00,Avengers Compound,Medical Kits,732.4,3.15,False
2023-05-18T01:00:00,New Asgard,Vibranium (kg),2427.23,3.55,False
2023-05-18T01:00:00,New Asgard,Arc Reactor Cores,702.98,4.26,False
2023-05-18T01:00:00,New Asgard,Pym Particles,711.56,3.91,False
2023-05-18T01:00:00,New Asgard,Clean Water (L),2406.69,4.26,False
2023-05-18T01:00:00,New Asgard,Medical Kits,727.97,3.2,False
2023-05-18T01:00:00,Wakanda,Vibranium (kg),2425.14,3.55,False
2023-05-18T01:00:00,Wakanda,Arc Reactor Cores,701.44,4.26,False
2023-05-18T01:00:00,Wakanda,Pym Particles,714.87,3.91,False
2023-05-18T01:00:00,Wakanda,Clean Water (L),2405.45,4.26,False
2023-05-18T01:00:00,Wakanda,Medical Kits,735.41,3.2,False
2023-05-18T01:00:00,Sokovia,Vibranium (kg),2425.49,3.55,False
2023-05-18T01:00:00,Sokovia,Arc Reactor Cores,702.27,4.26,False
2023-05-18T01:00:00,Sokovia,Pym Particles,716.09,3.91,False
2023-05-18T01:00:00,Sokovia,Clean Water (L),2403.25,4.26,False
2023-05-18T01:00:00,Sokovia,Medical Kits,732.29,3.2,False
2023-05-18T01:00:00,Sanctum Sanctorum,Vibranium (kg),2424.86,3.55,False
2023-05-18T01:00:00,Sanctum Sanctorum,Arc Reactor Cores,707.1,4.26,False
2023-05-18T01:00:00,Sanctum Sanctorum,Pym Particles,714.71,3.91,False
2023-05-18T01:00:00,Sanctum Sanctorum,Clean Water (L),2399.57,4.26,False
2023-05-18T01:00:00,Sanctum Sanctorum,Medical Kits,729.34,3.2,False
2023-05-18T01:00:00,Avengers Compound,Vibranium (kg),2419.7,3.55,False
2023-05-18T01:00:00,Avengers Compound,Arc Reactor Cores,699.95,4.26,False
2023-05-18T01:00:00,Avengers Compound,Pym Particles,715.0,3.91,False
2023-05-18T01:00:00,Avengers Compound,Clean Water (L),2402.42,4.26,False
2023-05-18T01:00:00,Avengers Compound,Medical Kits,734.56,3.2,False
2023-05-18T02:00:00,New Asgard,Vibranium (kg),2427.44,3.7,False
2023-05-18T02:00:00,New Asgard,Arc Reactor Cores,703.96,4.44,False
2023-05-18T02:00:00,New Asgard,Pym Particles,712.44,4.07,False
2023-05-18T02:00:00,New Asgard,Clean Water (L),2408.46,4.44,False
2023-05-18T02:00:00,New Asgard,Medical Kits,728.41,3.33,False
2023-05-18T02:00:00,Wakanda,Vibranium (kg),2426.13,3.7,False
2023-05-18T02:00:00,Wakanda,Arc Reactor Cores,703.08,4.44,False
2023-05-18T02:00:00,Wakanda,Pym Particles,717.06,4.07,False
2023-05-18T02:00:00,Wakanda,Clean Water (L),2405.75,4.44,False
2023-05-18T02:00:00,Wakanda,Medical Kits,738.25,3.33,False
2023-05-18T02:00:00,Sokovia,Vibranium (kg),2427.14,3.7,False
2023-05-18T02:00:00,Sokovia,Arc Reactor Cores,703.85,4.44,False
2023-05-18T02:00:00,Sokovia,Pym Particles,716.31,4.07,False
2023-05-18T02:00:00,Sokovia,Clean Water (L),2404.08,4.44,False
2023-05-18T02:00:00,Sokovia,Medical Kits,732.78,3.33,False
2023-05-18T02:00:00,Sanctum Sanctorum,Vibranium (kg),2426.54,3.7,False
2023-05-18T02:00:00,Sanctum Sanctorum,Arc Reactor Cores,707.33,4.44,False
2023-05-18T02:00:00,Sanctum Sanctorum,Pym Particles,716.37,4.07,False
2023-05-18T02:00:00,Sanctum Sanctorum,Clean Water (L),2401.04,4.44,False
2023-05-18T02:00:00,Sanctum Sanctorum,Medical Kits,729.78,3.33,False
2023-05-18T02:00:00,Avengers Compound,Vibranium (kg),2420.83,3.7,False
2023-05-18T02:00:00,Avengers Compound,Arc Reactor Cores,700.38,4.44,False
2023-05-18T02:00:00,Avengers Compound,Pym Particles,716.92,4.07,False
2023-05-18T02:00:00,Avengers Compound,Clean Water (L),2403.86,4.44,False
2023-05-18T02:00:00,Avengers Compound,Medical Kits,735.41,3.33,False
2023-05-18T03:00:00,New Asgard,Vibranium (kg),2428.8,3.94,False
2023-05-18T03:00:00,New Asgard,Arc Reactor Cores,705.34,4.73,False
2023-05-18T03:00:00,New Asgard,Pym Particles,713.04,4.33,False
2023-05-18T03:00:00,New Asgard,Clean Water (L),2409.76,4.73,False
2023-05-18T03:00:00,New Asgard,Medical Kits,729.13,3.55,False
2023-05-18T03:00:00,Wakanda,Vibranium (kg),2428.34,3.94,False
2023-05-18T03:00:00,Wakanda,Arc Reactor Cores,704.53,4.73,False
2023-05-18T03:00:00,Wakanda,Pym Particles,718.98,4.33,False
2023-05-18T03:00:00,Wakanda,Clean Water (L),2405.87,4.73,False
2023-05-18T03:00:00,Wakanda,Medical Kits,738.04,3.55,False
2023-05-18T03:00:00,Sokovia,Vibranium (kg),2428.14,3.94,False
2023-05-18T03:00:00,Sokovia,Arc Reactor Cores,704.65,4.73,False
2023-05-18T03:00:00,Sokovia,Pym Particles,718.31,4.33,False
2023-05-18T03:00:00,Sokovia,Clean Water (L),2404.42,4.73,False
2023-05-18T03:00:00,Sokovia,Medical Kits,733.94,3.55,False
2023-05-18T03:00:00,Sanctum Sanctorum,Vibranium (kg),2428.4,3.94,False
2023-05-18T03:00:00,Sanctum Sanctorum,Arc Reactor Cores,708.31,4.73,False
2023-05-18T03:00:00,Sanctum Sanctorum,Pym Particles,718.05,4.33,False
2023-05-18T03:00:00,Sanctum Sanctorum,Clean Water (L),2401.9,4.73,False
2023-05-18T03:00:00,Sanctum Sanctorum,Medical Kits,731.55,3.55,False
2023-05-18T03:00:00,Avengers Compound,Vibranium (kg),2421.89,3.94,False
2023-05-18T03:00:00,Avengers Compound,Arc Reactor Cores,700.83,4.73,False
2023-05-18T03:00:00,Avengers Compound,Pym Particles,716.5,4.33,False
2023-05-18T03:00:00,Avengers Compound,Clean Water (L),2403.32,4.73,False
2023-05-18T03:00:00,Avengers Compound,Medical Kits,734.93,3.55,False
2023-05-18T04:00:00,New Asgard,Vibranium (kg),2428.99,4.25,False
2023-05-18T04:00:00,New Asgard,Arc Reactor Cores,707.21,5.1,False
2023-05-18T04:00:00,New Asgard,Pym Particles,712.81,4.68,False
2023-05-18T04:00:00,New Asgard,Clean Water (L),2409.79,5.1,False
2023-05-18T04:00:00,New Asgard,Medical Kits,730.06,3.83,False
2023-05-18T04:00:00,Wakanda,Vibranium (kg),2429.85,4.25,False
2023-05-18T04:00:00,Wakanda,Arc Reactor Cores,704.82,5.1,False
2023-05-18T04:00:00,Wakanda,Pym Particles,718.74,4.68,False
2023-05-18T04:00:00,Wakanda,Clean Water (L),2406.65,5.1,False
2023-05-18T04:00:00,Wakanda,Medical Kits,738.76,3.83,False
2023-05-18T04:00:00,Sokovia,Vibranium (kg),2427.48,4.25,False
2023-05-18T04:00:00,Sokovia,Arc Reactor Cores,705.64,5.1,False
2023-05-18T04:00:00,Sokovia,Pym Particles,717.93,4.68,False
2023-05-18T04:00:00,Sokovia,Clean Water (L),2405.23,5.1,False
2023-05-18T04:00:00,Sokovia,Medical Kits,733.91,3.83,False
2023-05-18T04:00:00,Sanctum Sanctorum,Vibranium (kg),2428.27,4.25,False
2023-05-18T04:00:00,Sanctum Sanctorum,Arc Reactor Cores,708.89,5.1,False
2023-05-18T04:00:00,Sanctum Sanctorum,Pym Particles,718.2,4.68,False
2023-05-18T04:00:00,Sanctum Sanctorum,Clean Water (L),2403.58,5.1,False
2023-05-18T04:00:00,Sanctum Sanctorum,Medical Kits,731.73,3.83,False
2023-05-18T04:00:00,Avengers Compound,Vibranium (kg),2422.39,4.25,False
2023-05-18T04:00:00,Avengers Compound,Arc Reactor Cores,701.59,5.1,False
2023-05-18T04:00:00,Avengers Compound,Pym Particles,716.74,4.68,False
2023-05-18T04:00:00,Avengers Compound,Clean Water (L),2403.48,5.1,False
2023-05-18T04:00:00,Avengers Compound,Medical Kits,734.23,3.83,False
2023-05-18T05:00:00,New Asgard,Vibranium (kg),2430.25,4.61,False
2023-05-18T05:00:00,New Asgard,Arc Reactor Cores,706.7,5.53,False
2023-05-18T05:00:00,New Asgard,Pym Particles,713.28,5.07,False
2023-05-18T05:00:00,New Asgard,Clean Water (L),2409.71,5.53,False
2023-05-18T05:00:00,New Asgard,Medical Kits,730.28,4.15,False
2023-05-18T05:00:00,Wakanda,Vibranium (kg),2431.01,4.61,False
2023-05-18T05:00:00,Wakanda,Arc Reactor Cores,703.89,5.53,False
2023-05-18T05:00:00,Wakanda,Pym Particles,718.63,5.07,False
2023-05-18T05:00:00,Wakanda,Clean Water (L),2406.99,5.53,False
2023-05-18T05:00:00,Wakanda,Medical Kits,738.17,4.15,False
2023-05-18T05:00:00,Sokovia,Vibranium (kg),2427.0,4.61,False
2023-05-18T05:00:00,Sokovia,Arc Reactor Cores,706.38,5.53,False
2023-05-18T05:00:00,Sokovia,Pym Particles,719.29,5.07,False
2023-05-18T05:00:00,Sokovia,Clean Water (L),2406.45,5.53,False
2023-05-18T05:00:00,Sokovia,Medical Kits,734.67,4.15,False
2023-05-18T05:00:00,Sanctum Sanctorum,Vibranium (kg),2429.03,4.61,False
2023-05-18T05:00:00,Sanctum Sanctorum,Arc Reactor Cores,709.13,5.53,False
2023-05-18T05:00:00,Sanctum Sanctorum,Pym Particles,717.24,5.07,False
2023-05-18T05:00:00,Sanctum Sanctorum,Clean Water (L),2404.13,5.53,False
2023-05-18T05:00:00,Sanctum Sanctorum,Medical Kits,731.88,4.15,False
2023-05-18T05:00:00,Avengers Compound,Vibranium (kg),2422.3,4.61,False
2023-05-18T05:00:00,Avengers Compound,Arc Reactor Cores,701.15,5.53,False
2023-05-18T05:00:00,Avengers Compound,Pym Particles,716.59,5.07,False
2023-05-18T05:00:00,Avengers Compound,Clean Water (L),2403.79,5.53,False
2023-05-18T05:00:00,Avengers Compound,Medical Kits,733.82,4.15,False
2023-05-18T06:00:00,New Asgard,Vibranium (kg),2429.97,5.0,False
2023-05-18T06:00:00,New Asgard,Arc Reactor Cores,706.16,6.0,False
2023-05-18T06:00:00,New Asgard,Pym Particles,712.15,5.5,False
2023-05-18T06:00:00,New Asgard,Clean Water (L),2409.93,6.0,False
2023-05-18T06:00:00,New Asgard,Medical Kits,730.38,4.5,False
2023-05-18T06:00:00,Wakanda,Vibranium (kg),2429.17,5.0,False
2023-05-18T06:00:00,Wakanda,Arc Reactor Cores,702.28,6.0,False
2023-05-18T06:00:00,Wakanda,Pym Particles,716.51,5.5,False
2023-05-18T06:00:00,Wakanda,Clean Water (L),2405.79,6.0,False
2023-05-18T06:00:00,Wakanda,Medical Kits,737.43,4.5,False
2023-05-18T06:00:00,Sokovia,Vibranium (kg),2426.93,5.0,False
2023-05-18T06:00:00,Sokovia,Arc Reactor Cores,705.79,6.0,False
2023-05-18T06:00:00,Sokovia,Pym Particles,719.94,5.5,False
2023-05-18T06:00:00,Sokovia,Clean Water (L),2406.06,6.0,False
2023-05-18T06:00:00,Sokovia,Medical Kits,735.81,4.5,False
2023-05-18T06:00:00,Sanctum Sanctorum,Vibranium (kg),2429.42,5.0,False
2023-05-18T06:00:00,Sanctum Sanctorum,Arc Reactor Cores,707.87,6.0,False
2023-05-18T06:00:00,Sanctum Sanctorum,Pym Particles,717.72,5.5,False
2023-05-18T06:00:00,Sanctum Sanctorum,Clean Water (L),2403.61,6.0,False
2023-05-18T06:00:00,Sanctum Sanctorum,Medical Kits,730.99,4.5,False
2023-05-18T06:00:00,Avengers Compound,Vibranium (kg),2422.96,5.0,False
2023-05-18T06:00:00,Avengers Compound,Arc Reactor Cores,702.2,6.0,False
2023-05-18T06:00:00,Avengers Compound,Pym Particles,716.93,5.5,False
2023-05-18T06:00:00,Avengers Compound,Clean Water (L),2405.0,6.0,False
2023-05-18T06:00:00,Avengers Compound,Medical Kits,732.29,4.5,False
2023-05-18T07:00:00,New Asgard,Vibranium (kg),2430.38,5.39,False
2023-05-18T07:00:00,New Asgard,Arc Reactor Cores,704.39,6.47,False
2023-05-18T07:00:00,New Asgard,Pym Particles,710.53,5.93,False
2023-05-18T07:00:00,New Asgard,Clean Water (L),2409.18,6.47,False
2023-05-18T07:00:00,New Asgard,Medical Kits,729.41,4.85,False
2023-05-18T07:00:00,Wakanda,Vibranium (kg),2429.25,5.39,False
2023-05-18T07:00:00,Wakanda,Arc Reactor Cores,702.64,6.47,False
2023-05-18T07:00:00,Wakanda,Pym Particles,715.44,5.93,False
2023-05-18T07:00:00,Wakanda,Clean Water (L),2403.97,6.47,False
2023-05-18T07:00:00,Wakanda,Medical Kits,736.88,4.85,False
2023-05-18T07:00:00,Sokovia,Vibranium (kg),2426.14,5.39,False
2023-05-18T07:00:00,Sokovia,Arc Reactor Cores,704.25,6.47,False
2023-05-18T07:00:00,Sokovia,Pym Particles,720.2,5.93,False
2023-05-18T07:00:00,Sokovia,Clean Water (L),2404.4,6.47,False
2023-05-18T07:00:00,Sokovia,Medical Kits,734.43,4.85,False
2023-05-18T07:00:00,Sanctum Sanctorum,Vibranium (kg),2430.06,5.39,False
2023-05-18T07:00:00,Sanctum Sanctorum,Arc Reactor Cores,707.36,6.47,False
2023-05-18T07:00:00,Sanctum Sanctorum,Pym Particles,716.98,5.93,False
2023-05-18T07:00:00,Sanctum Sanctorum,Clean Water (L),2403.56,6.47,False
2023-05-18T07:00:00,Sanctum Sanctorum,Medical Kits,730.68,4.85,False
2023-05-18T07:00:00,Avengers Compound,Vibranium (kg),2424.31,5.39,False
2023-05-18T07:00:00,Avengers Compound,Arc Reactor Cores,702.19,6.47,False
2023-05-18T07:00:00,Avengers Compound,Pym Particles,715.54,5.93,False
2023-05-18T07:00:00,Avengers Compound,Clean Water (L),2406.08,6.47,False
2023-05-18T07:00:00,Avengers Compound,Medical Kits,731.53,4.85,False
2023-05-18T08:00:00,New Asgard,Vibranium (kg),2428.73,5.75,False
2023-05-18T08:00:00,New Asgard,Arc Reactor Cores,704.05,6.9,False
2023-05-18T08:00:00,New Asgard,Pym Particles,710.05,6.32,False
2023-05-18T08:00:00,New Asgard,Clean Water (L),2406.82,6.9,False
2023-05-18T08:00:00,New Asgard,Medical Kits,727.43,5.17,False
2023-05-18T08:00:00,Wakanda,Vibranium (kg),2428.56,5.75,False
2023-05-18T08:00:00,Wakanda,Arc Reactor Cores,701.11,6.9,False
2023-05-18T08:00:00,Wakanda,Pym Particles,713.22,6.32,False
2023-05-18T08:00:00,Wakanda,Clean Water (L),2401.9,6.9,False
2023-05-18T08:00:00,Wakanda,Medical Kits,736.99,5.17,False
2023-05-18T08:00:00,Sokovia,Vibranium (kg),2425.0,5.75,False
2023-05-18T08:00:00,Sokovia,Arc Reactor Cores,701.67,6.9,False
2023-05-18T08:00:00,Sokovia,Pym Particles,718.36,6.32,False
2023-05-18T08:00:00,Sokovia,Clean Water (L),2403.35,6.9,False
2023-05-18T08:00:00,Sokovia,Medical Kits,732.8,5.17,False
2023-05-18T08:00:00,Sanctum Sanctorum,Vibranium (kg),2427.05,5.75,False
2023-05-18T08:00:00,Sanctum Sanctorum,Arc Reactor Cores,705.98,6.9,False
2023-05-18T08:00:00,Sanctum Sanctorum,Pym Particles,715.87,6.32,False
2023-05-18T08:00:00,Sanctum Sanctorum,Clean Water (L),2402.64,6.9,False
2023-05-18T08:00:00,Sanctum Sanctorum,Medical Kits,729.68,5.17,False
2023-05-18T08:00:00,Avengers Compound,Vibranium (kg),2422.91,5.75,False
2023-05-18T08:00:00,Avengers Compound,Arc Reactor Cores,700.1,6.9,False
2023-05-18T08:00:00,Avengers Compound,Pym Particles,714.57,6.32,False
2023-05-18T08:00:00,Avengers Compound,Clean Water (L),2404.92,6.9,False
2023-05-18T08:00:00,Avengers Compound,Medical Kits,732.14,5.17,False
