timestamp,sector_id,resource_type,stock_level,usage_rate_hourly,event_detected
2015-06-01T00:00:00,New Asgard,Vibranium (kg),2497.41,3.5,False
2015-06-01T00:00:00,New Asgard,Arc Reactor Cores,796.95,4.2,False
2015-06-01T00:00:00,New Asgard,Pym Particles,797.01,3.85,False
2015-06-01T00:00:00,New Asgard,Clean Water (L),2497.1,4.2,False
2015-06-01T00:00:00,New Asgard,Medical Kits,796.54,3.15,False
2015-06-01T00:00:00,Wakanda,Vibranium (kg),2499.09,3.5,False
2015-06-01T00:00:00,Wakanda,Arc Reactor Cores,798.02,4.2,False
2015-06-01T00:00:00,Wakanda,Pym Particles,798.65,3.85,False
2015-06-01T00:00:00,Wakanda,Clean Water (L),2495.39,4.2,False
2015-06-01T00:00:00,Wakanda,Medical Kits,797.33,3.15,False
2015-06-01T00:00:00,Sokovia,Vibranium (kg),2497.31,3.5,False
2015-06-01T00:00:00,Sokovia,Arc Reactor Cores,796.87,4.2,False
2015-06-01T00:00:00,Sokovia,Pym Particles,798.22,3.85,False
2015-06-01T00:00:00,Sokovia,Clean Water (L),2498.4,4.2,False
2015-06-01T00:00:00,Sokovia,Medical Kits,797.35,3.15,False
2015-06-01T00:00:00,Sanctum Sanctorum,Vibranium (kg),2496.29,3.5,False
2015-06-01T00:00:00,Sanctum Sanctorum,Arc Reactor Cores,798.54,4.2,False
2015-06-01T00:00:00,Sanctum Sanctorum,Pym Particles,796.98,3.85,False
2015-06-01T00:00:00,Sanctum Sanctorum,Clean Water (L),2495.65,4.2,False
2015-06-01T00:00:00,Sanctum Sanctorum,Medical Kits,798.64,3.15,False
2015-06-01T00:00:00,Avengers Compound,Vibranium (kg),2497.72,3.5,False
2015-06-01T00:00:00,Avengers Compound,Arc Reactor Cores,798.02,4.2,False
2015-06-01T00:00:00,Avengers Compound,Pym Particles,797.01,3.85,False
2015-06-01T00:00:00,Avengers Compound,Clean Water (L),2495.55,4.2,False
2015-06-01T00:00:00,Avengers Compound,Medical Kits,797.53,3.15,False
2015-06-01T01:00:00,New Asgard,Vibranium (kg),2496.66,3.55,False
2015-06-01T01:00:00,New Asgard,Arc Reactor Cores,793.08,4.26,False
2015-06-01T01:00:00,New Asgard,Pym Particles,794.95,3.91,False
2015-06-01T01:00:00,New Asgard,Clean Water (L),2494.95,4.26,False
2015-06-01T01:00:00,New Asgard,Medical Kits,794.43,3.2,False
2015-06-01T01:00:00,Wakanda,Vibranium (kg),2495.89,3.55,False
2015-06-01T01:00:00,Wakanda,Arc Reactor Cores,795.05,4.26,False
2015-06-01T01:00:00,Wakanda,Pym Particles,796.0,3.91,False
2015-06-01T01:00:00,Wakanda,Clean Water (L),2493.15,4.26,False
2015-06-01T01:00:00,Wakanda,Medical Kits,795.52,3.2,False
2015-06-01T01:00:00,Sokovia,Vibranium (kg),2493.01,3.55,False
2015-06-01T01:00:00,Sokovia,Arc Reactor Cores,794.17,4.26,False
2015-06-01T01:00:00,Sokovia,Pym Particles,795.09,3.91,False
2015-06-01T01:00:00,Sokovia,Clean Water (L),2494.34,4.26,False
2015-06-01T01:00:00,Sokovia,Medical Kits,794.75,3.2,False
2015-06-01T01:00:00,Sanctum Sanctorum,Vibranium (kg),2494.08,3.55,False
2015-06-01T01:00:00,Sanctum Sanctorum,Arc Reactor Cores,795.41,4.26,False
2015-06-01T01:00:00,Sanctum Sanctorum,Pym Particles,793.37,3.91,False
2015-06-01T01:00:00,Sanctum Sanctorum,Clean Water (L),2492.88,4.26,False
2015-06-01T01:00:00,Sanctum Sanctorum,Medical Kits,794.98,3.2,False
2015-06-01T01:00:00,Avengers Compound,Vibranium (kg),2495.64,3.55,False
2015-06-01T01:00:00,Avengers Compound,Arc Reactor Cores,794.96,4.26,False
2015-06-01T01:00:00,Avengers Compound,Pym Particles,795.76,3.91,False
2015-06-01T01:00:00,Avengers Compound,Clean Water (L),2492.74,4.26,False
2015-06-01T01:00:00,Avengers Compound,Medical Kits,793.99,3.2,False
2015-06-01T02:00:00,New Asgard,Vibranium (kg),2493.88,3.7,False
2015-06-01T02:00:00,New Asgard,Arc Reactor Cores,790.58,4.44,False
2015-06-01T02:00:00,New Asgard,Pym Particles,793.6,4.07,False
2015-06-01T02:00:00,New Asgard,Clean Water (L),2492.29,4.44,False
2015-06-01T02:00:00,New Asgard,Medical Kits,792.02,3.33,False
2015-06-01T02:00:00,Wakanda,Vibranium (kg),2492.73,3.7,False
2015-06-01T02:00:00,Wakanda,Arc Reactor Cores,791.67,4.44,False
2015-06-01T02:00:00,Wakanda,Pym Particles,791.21,4.07,False
2015-06-01T02:00:00,Wakanda,Clean Water (L),2490.85,4.44,False
2015-06-01T02:00:00,Wakanda,Medical Kits,794.19,3.33,False
2015-06-01T02:00:00,Sokovia,Vibranium (kg),2489.89,3.7,False
2015-06-01T02:00:00,Sokovia,Arc Reactor Cores,790.53,4.44,False
2015-06-01T02:00:00,Sokovia,Pym Particles,792.29,4.07,False
2015-06-01T02:00:00,Sokovia,Clean Water (L),2490.29,4.44,False
2015-06-01T02:00:00,Sokovia,Medical Kits,792.01,3.33,False
2015-06-01T02:00:00,Sanctum Sanctorum,Vibranium (kg),2491.84,3.7,False
2015-06-01T02:00:00,Sanctum Sanctorum,Arc Reactor Cores,793.09,4.44,False
2015-06-01T02:00:00,Sanctum Sanctorum,Pym Particles,790.32,4.07,False
2015-06-01T02:00:00,Sanctum Sanctorum,Clean Water (L),2488.78,4.44,False
2015-06-01T02:00:00,Sanctum Sanctorum,Medical Kits,793.72,3.33,False
2015-06-01T02:00:00,Avengers Compound,Vibranium (kg),2492.86,3.7,False
2015-06-01T02:00:00,Avengers Compound,Arc Reactor Cores,791.98,4.44,False
2015-06-01T02:00:00,Avengers Compound,Pym Particles,793.03,4.07,False
2015-06-01T02:00:00,Avengers Compound,Clean Water (L),2490.86,4.44,False
2015-06-01T02:00:00,Avengers Compound,Medical Kits,791.4,3.33,False
2015-06-01T03:00:00,New Asgard,Vibranium (kg),2489.93,3.94,False
2015-06-01T03:00:00,New Asgard,Arc Reactor Cores,787.92,4.73,False
2015-06-01T03:00:00,New Asgard,Pym Particles,791.1,4.33,False
2015-06-01T03:00:00,New Asgard,Clean Water (L),2489.08,4.73,False
2015-06-01T03:00:00,New Asgard,Medical Kits,789.34,3.55,False
2015-06-01T03:00:00,Wakanda,Vibranium (kg),2490.69,3.94,False
2015-06-01T03:00:00,Wakanda,Arc Reactor Cores,788.42,4.73,False
2015-06-01T03:00:00,Wakanda,Pym Particles,787.13,4.33,False
2015-06-01T03:00:00,Wakanda,Clean Water (L),2487.31,4.73,False
2015-06-01T03:00:00,Wakanda,Medical Kits,791.64,3.55,False
2015-06-01T03:00:00,Sokovia,Vibranium (kg),2486.32,3.94,False
2015-06-01T03:00:00,Sokovia,Arc Reactor Cores,787.77,4.73,False
2015-06-01T03:00:00,Sokovia,Pym Particles,789.47,4.33,False
2015-06-01T03:00:00,Sokovia,Clean Water (L),2487.49,4.73,False
2015-06-01T03:00:00,Sokovia,Medical Kits,790.06,3.55,False
2015-06-01T03:00:00,Sanctum Sanctorum,Vibranium (kg),2488.8,3.94,False
2015-06-01T03:00:00,Sanctum Sanctorum,Arc Reactor Cores,789.02,4.73,False
2015-06-01T03:00:00,Sanctum Sanctorum,Pym Particles,787.91,4.33,False
2015-06-01T03:00:00,Sanctum Sanctorum,Clean Water (L),2484.23,4.73,False
2015-06-01T03:00:00,Sanctum Sanctorum,Medical Kits,791.09,3.55,False
2015-06-01T03:00:00,Avengers Compound,Vibranium (kg),2489.87,3.94,False
2015-06-01T03:00:00,Avengers Compound,Arc Reactor Cores,787.59,4.73,False
2015-06-01T03:00:00,Avengers Compound,Pym Particles,790.15,4.33,False
2015-06-01T03:00:00,Avengers Compound,Clean Water (L),2487.9,4.73,False
2015-06-01T03:00:00,Avengers Compound,Medical Kits,789.29,3.55,False
2015-06-01T04:00:00,New Asgard,Vibranium (kg),2485.9,4.25,False
2015-06-01T04:00:00,New Asgard,Arc Reactor Cores,785.75,5.1,False
2015-06-01T04:00:00,New Asgard,Pym Particles,788.26,4.68,False
2015-06-01T04:00:00,New Asgard,Clean Water (L),2486.01,5.1,False
2015-06-01T04:00:00,New Asgard,Medical Kits,787.12,3.83,False
2015-06-01T04:00:00,Wakanda,Vibranium (kg),2488.07,4.25,False
2015-06-01T04:00:00,Wakanda,Arc Reactor Cores,784.62,5.1,False
2015-06-01T04:00:00,Wakanda,Pym Particles,784.0,4.68,False
2015-06-01T04:00:00,Wakanda,Clean Water (L),2484.74,5.1,False
2015-06-01T04:00:00,Wakanda,Medical Kits,789.16,3.83,False
2015-06-01T04:00:00,Sokovia,Vibranium (kg),2483.39,4.25,False
2015-06-01T04:00:00,Sokovia,Arc Reactor Cores,785.8,5.1,False
2015-06-01T04:00:00,Sokovia,Pym Particles,786.81,4.68,False
2015-06-01T04:00:00,Sokovia,Clean Water (L),2485.23,5.1,False
2015-06-01T04:00:00,Sokovia,Medical Kits,787.48,3.83,False
2015-06-01T04:00:00,Sanctum Sanctorum,Vibranium (kg),2486.41,4.25,False
2015-06-01T04:00:00,Sanctum Sanctorum,Arc Reactor Cores,784.41,5.1,False
2015-06-01T04:00:00,Sanctum Sanctorum,Pym Particles,784.61,4.68,False
2015-06-01T04:00:00,Sanctum Sanctorum,Clean Water (L),2481.52,5.1,False
2015-06-01T04:00:00,Sanctum Sanctorum,Medical Kits,790.41,3.83,False
2015-06-01T04:00:00,Avengers Compound,Vibranium (kg),2487.03,4.25,False
2015-06-01T04:00:00,Avengers Compound,Arc Reactor Cores,782.84,5.1,False
2015-06-01T04:00:00,Avengers Compound,Pym Particles,786.7,4.68,False
2015-06-01T04:00:00,Avengers Compound,Clean Water (L),2484.45,5.1,False
2015-06-01T04:00:00,Avengers Compound,Medical Kits,785.44,3.83,False
2015-06-01T05:00:00,New Asgard,Vibranium (kg),2483.41,4.61,False
2015-06-01T05:00:00,New Asgard,Arc Reactor Cores,782.77,5.53,False
2015-06-01T05:00:00,New Asgard,Pym Particles,784.98,5.07,False
2015-06-01T05:00:00,New Asgard,Clean Water (L),2483.28,5.53,False
2015-06-01T05:00:00,New Asgard,Medical Kits,783.07,4.15,False
2015-06-01T05:00:00,Wakanda,Vibranium (kg),2486.52,4.61,False
2015-06-01T05:00:00,Wakanda,Arc Reactor Cores,779.97,5.53,False
2015-06-01T05:00:00,Wakanda,Pym Particles,780.83,5.07,False
2015-06-01T05:00:00,Wakanda,Clean Water (L),2480.08,5.53,False
2015-06-01T05:00:00,Wakanda,Medical Kits,787.62,4.15,False
2015-06-01T05:00:00,Sokovia,Vibranium (kg),2480.74,4.61,False
2015-06-01T05:00:00,Sokovia,Arc Reactor Cores,781.47,5.53,False
2015-06-01T05:00:00,Sokovia,Pym Particles,784.39,5.07,False
2015-06-01T05:00:00,Sokovia,Clean Water (L),2480.88,5.53,False
2015-06-01T05:00:00,Sokovia,Medical Kits,783.59,4.15,False
2015-06-01T05:00:00,Sanctum Sanctorum,Vibranium (kg),2483.69,4.61,False
2015-06-01T05:00:00,Sanctum Sanctorum,Arc Reactor Cores,780.32,5.53,False
2015-06-01T05:00:00,Sanctum Sanctorum,Pym Particles,781.71,5.07,False
2015-06-01T05:00:00,Sanctum Sanctorum,Clean Water (L),2477.98,5.53,False
2015-06-01T05:00:00,Sanctum Sanctorum,Medical Kits,786.75,4.15,False
2015-06-01T05:00:00,Avengers Compound,Vibranium (kg),2484.8,4.61,False
2015-06-01T05:00:00,Avengers Compound,Arc Reactor Cores,779.77,5.53,False
2015-06-01T05:00:00,Avengers Compound,Pym Particles,782.84,5.07,False
2015-06-01T05:00:00,Avengers Compound,Clean Water (L),2481.39,5.53,False
2015-06-01T05:00:00,Avengers Compound,Medical Kits,783.89,4.15,False
2015-06-01T06:00:00,New Asgard,Vibranium (kg),2480.98,5.0,False
2015-06-01T06:00:00,New Asgard,Arc Reactor Cores,778.29,6.0,False
2015-06-01T06:00:00,New Asgard,Pym Particles,781.58,5.5,False
2015-06-01T06:00:00,New Asgard,Clean Water (L),2480.34,6.0,False
2015-06-01T06:00:00,New Asgard,Medical Kits,780.46,4.5,False
2015-06-01T06:00:00,Wakanda,Vibranium (kg),2484.08,5.0,False
2015-06-01T06:00:00,Wakanda,Arc Reactor Cores,776.11,6.0,False
2015-06-01T06:00:00,Wakanda,Pym Particles,778.18,5.5,False
2015-06-01T06:00:00,Wakanda,Clean Water (L),2475.91,6.0,False
2015-06-01T06:00:00,Wakanda,Medical Kits,784.32,4.5,False
2015-06-01T06:00:00,Sokovia,Vibranium (kg),2478.76,5.0,False
2015-06-01T06:00:00,Sokovia,Arc Reactor Cores,778.3,6.0,False
2015-06-01T06:00:00,Sokovia,Pym Particles,779.57,5.5,False
2015-06-01T06:00:00,Sokovia,Clean Water (L),2476.68,6.0,False
2015-06-01T06:00:00,Sokovia,Medical Kits,781.35,4.5,False
2015-06-01T06:00:00,Sanctum Sanctorum,Vibranium (kg),2480.96,5.0,False
2015-06-01T06:00:00,Sanctum Sanctorum,Arc Reactor Cores,776.41,6.0,False
2015-06-01T06:00:00,Sanctum Sanctorum,Pym Particles,777.41,5.5,False
2015-06-01T06:00:00,Sanctum Sanctorum,Clean Water (L),2473.23,6.0,False
2015-06-01T06:00:00,Sanctum Sanctorum,Medical Kits,784.4,4.5,False
2015-06-01T06:00:00,Avengers Compound,Vibranium (kg),2482.46,5.0,False
2015-06-01T06:00:00,Avengers Compound,Arc Reactor Cores,775.87,6.0,False
2015-06-01T06:00:00,Avengers Compound,Pym Particles,779.63,5.5,False
2015-06-01T06:00:00,Avengers Compound,Clean Water (L),2477.01,6.0,False
2015-06-01T06:00:00,Avengers Compound,Medical Kits,780.61,4.5,False
2015-06-01T07:00:00,New Asgard,Vibranium (kg),2475.91,5.39,False
2015-06-01T07:00:00,New Asgard,Arc Reactor Cores,774.96,6.47,False
2015-06-01T07:00:00,New Asgard,Pym Particles,778.14,5.93,False
2015-06-01T07:00:00,New Asgard,Clean Water (L),2474.91,6.47,False
2015-06-01T07:00:00,New Asgard,Medical Kits,778.6,4.85,False
2015-06-01T07:00:00,Wakanda,Vibranium (kg),2480.71,5.39,False
2015-06-01T07:00:00,Wakanda,Arc Reactor Cores,771.44,6.47,False
2015-06-01T07:00:00,Wakanda,Pym Particles,774.06,5.93,False
2015-06-01T07:00:00,Wakanda,Clean Water (L),2472.42,6.47,False
2015-06-01T07:00:00,Wakanda,Medical Kits,780.97,4.85,False
2015-06-01T07:00:00,Sokovia,Vibranium (kg),2474.9,5.39,False
2015-06-01T07:00:00,Sokovia,Arc Reactor Cores,773.74,6.47,False
2015-06-01T07:00:00,Sokovia,Pym Particles,776.77,5.93,False
2015-06-01T07:00:00,Sokovia,Clean Water (L),2471.57,6.47,False
2015-06-01T07:00:00,Sokovia,Medical Kits,779.91,4.85,False
2015-06-01T07:00:00,Sanctum Sanctorum,Vibranium (kg),2477.57,5.39,False
2015-06-01T07:00:00,Sanctum Sanctorum,Arc Reactor Cores,772.04,6.47,False
2015-06-01T07:00:00,Sanctum Sanctorum,Pym Particles,772.53,5.93,False
2015-06-01T07:00:00,Sanctum Sanctorum,Clean Water (L),2468.37,6.47,False
2015-06-01T07:00:00,Sanctum Sanctorum,Medical Kits,782.61,4.85,False
2015-06-01T07:00:00,Avengers Compound,Vibranium (kg),2480.6,5.39,False
2015-06-01T07:00:00,Avengers Compound,Arc Reactor Cores,770.48,6.47,False
2015-06-01T07:00:00,Avengers Compound,Pym Particles,776.41,5.93,False
2015-06-01T07:00:00,Avengers Compound,Clean Water (L),2472.43,6.47,False
2015-06-01T07:00:00,Avengers Compound,Medical Kits,777.38,4.85,False
2015-06-01T08:00:00,New Asgard,Vibranium (kg),2472.74,5.75,False
2015-06-01T08:00:00,New Asgard,Arc Reactor Cores,770.06,6.9,False
2015-06-01T08:00:00,New Asgard,Pym Particles,772.81,6.32,False
2015-06-01T08:00:00,New Asgard,Clean Water (L),2469.57,6.9,False
2015-06-01T08:00:00,New Asgard,Medical Kits,775.61,5.17,False
2015-06-01T08:00:00,Wakanda,Vibranium (kg),2478.55,5.75,False
2015-06-01T08:00:00,Wakanda,Arc Reactor Cores,765.8,6.9,False
2015-06-01T08:00:00,Wakanda,Pym Particles,768.41,6.32,False
2015-06-01T08:00:00,Wakanda,Clean Water (L),2467.15,6.9,False
2015-06-01T08:00:00,Wakanda,Medical Kits,777.04,5.17,False
2015-06-01T08:00:00,Sokovia,Vibranium (kg),2470.99,5.75,False
2015-06-01T08:00:00,Sokovia,Arc Reactor Cores,768.84,6.9,False
2015-06-01T08:00:00,Sokovia,Pym Particles,771.15,6.32,False
2015-06-01T08:00:00,Sokovia,Clean Water (L),2466.12,6.9,False
2015-06-01T08:00:00,Sokovia,Medical Kits,777.37,5.17,False
2015-06-01T08:00:00,Sanctum Sanctorum,Vibranium (kg),2474.31,5.75,False
2015-06-01T08:00:00,Sanctum Sanctorum,Arc Reactor Cores,767.02,6.9,False
2015-06-01T08:00:00,Sanctum Sanctorum,Pym Particles,768.05,6.32,False
2015-06-01T08:00:00,Sanctum Sanctorum,Clean Water (L),2463.98,6.9,False
2015-06-01T08:00:00,Sanctum Sanctorum,Medical Kits,778.6,5.17,False
2015-06-01T08:00:00,Avengers Compound,Vibranium (kg),2475.91,5.75,False
2015-06-01T08:00:00,Avengers Compound,Arc Reactor Cores,765.85,6.9,False
2015-06-01T08:00:00,Avengers Compound,Pym Particles,772.25,6.32,False
2015-06-01T08:00:00,Avengers Compound,Clean Water (L),2467.32,6.9,False
2015-06-01T08:00:00,Avengers Compound,Medical Kits,774.68,5.17,False
2015-06-01T09:00:00,New Asgard,Vibranium (kg),2469.29,6.06,False
2015-06-01T09:00:00,New Asgard,Arc Reactor Cores,764.52,7.27,False
2015-06-01T09:00:00,New Asgard,Pym Particles,767.87,6.67,False
2015-06-01T09:00:00,New Asgard,Clean Water (L),2466.02,7.27,False
2015-06-01T09:00:00,New Asgard,Medical Kits,773.44,5.45,False
2015-06-01T09:00:00,Wakanda,Vibranium (kg),2472.85,6.06,False
2015-06-01T09:00:00,Wakanda,Arc Reactor Cores,760.73,7.27,False
2015-06-01T09:00:00,Wakanda,Pym Particles,764.33,6.67,False
2015-06-01T09:00:00,Wakanda,Clean Water (L),2462.16,7.27,False
2015-06-01T09:00:00,Wakanda,Medical Kits,774.16,5.45,False
2015-06-01T09:00:00,Sokovia,Vibranium (kg),2466.04,6.06,False
2015-06-01T09:00:00,Sokovia,Arc Reactor Cores,764.12,7.27,False
2015-06-01T09:00:00,Sokovia,Pym Particles,766.27,6.67,False
2015-06-01T09:00:00,Sokovia,Clean Water (L),2461.76,7.27,False
2015-06-01T09:00:00,Sokovia,Medical Kits,774.34,5.45,False
2015-06-01T09:00:00,Sanctum Sanctorum,Vibranium (kg),2469.99,6.06,False
2015-06-01T09:00:00,Sanctum Sanctorum,Arc Reactor Cores,764.17,7.27,False
2015-06-01T09:00:00,Sanctum Sanctorum,Pym Particles,764.95,6.67,False
2015-06-01T09:00:00,Sanctum Sanctorum,Clean Water (L),2460.58,7.27,False
2015-06-01T09:00:00,Sanctum Sanctorum,Medical Kits,775.51,5.45,False
2015-06-01T09:00:00,Avengers Compound,Vibranium (kg),2470.88,6.06,False
2015-06-01T09:00:00,Avengers Compound,Arc Reactor Cores,762.25,7.27,False
2015-06-01T09:00:00,Avengers Compound,Pym Particles,768.64,6.67,False
2015-06-01T09:00:00,Avengers Compound,Clean Water (L),2461.56,7.27,False
2015-06-01T09:00:00,Avengers Compound,Medical Kits,771.08,5.45,False
2015-06-01T10:00:00,New Asgard,Vibranium (kg),2466.5,6.3,False
2015-06-01T10:00:00,New Asgard,Arc Reactor Cores,759.85,7.56,False
2015-06-01T10:00:00,New Asgard,Pym Particles,763.62,6.93,False
2015-06-01T10:00:00,New Asgard,Clean Water (L),2462.37,7.56,False
2015-06-01T10:00:00,New Asgard,Medical Kits,769.49,5.67,False
2015-06-01T10:00:00,Wakanda,Vibranium (kg),2468.7,6.3,False
2015-06-01T10:00:00,Wakanda,Arc Reactor Cores,756.13,7.56,False
2015-06-01T10:00:00,Wakanda,Pym Particles,760.24,6.93,False
2015-06-01T10:00:00,Wakanda,Clean Water (L),2456.46,7.56,False
2015-06-01T10:00:00,Wakanda,Medical Kits,771.3,5.67,False
2015-06-01T10:00:00,Sokovia,Vibranium (kg),2462.0,6.3,False
2015-06-01T10:00:00,Sokovia,Arc Reactor Cores,758.73,7.56,False
2015-06-01T10:00:00,Sokovia,Pym Particles,761.45,6.93,False
2015-06-01T10:00:00,Sokovia,Clean Water (L),2457.95,7.56,False
2015-06-01T10:00:00,Sokovia,Medical Kits,769.84,5.67,False
2015-06-01T10:00:00,Sanctum Sanctorum,Vibranium (kg),2466.25,6.3,False
2015-06-01T10:00:00,Sanctum Sanctorum,Arc Reactor Cores,759.52,7.56,False
2015-06-01T10:00:00,Sanctum Sanctorum,Pym Particles,761.39,6.93,False
2015-06-01T10:00:00,Sanctum Sanctorum,Clean Water (L),2455.72,7.56,False
2015-06-01T10:00:00,Sanctum Sanctorum,Medical Kits,772.48,5.67,False
2015-06-01T10:00:00,Avengers Compound,Vibranium (kg),2466.18,6.3,False
2015-06-01T10:00:00,Avengers Compound,Arc Reactor Cores,757.94,7.56,False
2015-06-01T10:00:00,Avengers Compound,Pym Particles,764.44,6.93,False
2015-06-01T10:00:00,Avengers Compound,Clean Water (L),2458.11,7.56,False
2015-06-01T10:00:00,Avengers Compound,Medical Kits,767.95,5.67,False
2015-06-01T11:00:00,New Asgard,Vibranium (kg),2462.32,6.45,False
2015-06-01T11:00:00,New Asgard,Arc Reactor Cores,755.47,7.74,False
2015-06-01T11:00:00,New Asgard,Pym Particles,758.54,7.09,False
2015-06-01T11:00:00,New Asgard,Clean Water (L),2458.11,7.74,False
2015-06-01T11:00:00,New Asgard,Medical Kits,766.2,5.8,False
2015-06-01T11:00:00,Wakanda,Vibranium (kg),2465.45,6.45,False
2015-06-01T11:00:00,Wakanda,Arc Reactor Cores,750.69,7.74,False
2015-06-01T11:00:00,Wakanda,Pym Particles,755.88,7.09,False
2015-06-01T11:00:00,Wakanda,Clean Water (L),2451.46,7.74,False
2015-06-01T11:00:00,Wakanda,Medical Kits,768.18,5.8,False
2015-06-01T11:00:00,Sokovia,Vibranium (kg),2457.49,6.45,False
2015-06-01T11:00:00,Sokovia,Arc Reactor Cores,754.64,7.74,False
2015-06-01T11:00:00,Sokovia,Pym Particles,758.37,7.09,False
2015-06-01T11:00:00,Sokovia,Clean Water (L),2452.96,7.74,False
2015-06-01T11:00:00,Sokovia,Medical Kits,767.67,5.8,False
2015-06-01T11:00:00,Sanctum Sanctorum,Vibranium (kg),2463.28,6.45,False
2015-06-01T11:00:00,Sanctum Sanctorum,Arc Reactor Cores,754.61,7.74,False
2015-06-01T11:00:00,Sanctum Sanctorum,Pym Particles,758.54,7.09,False
2015-06-01T11:00:00,Sanctum Sanctorum,Clean Water (L),2450.85,7.74,False
2015-06-01T11:00:00,Sanctum Sanctorum,Medical Kits,768.02,5.8,False
2015-06-01T11:00:00,Avengers Compound,Vibranium (kg),2462.37,6.45,False
2015-06-01T11:00:00,Avengers Compound,Arc Reactor Cores,752.42,7.74,False
2015-06-01T11:00:00,Avengers Compound,Pym Particles,759.48,7.09,False
2015-06-01T11:00:00,Avengers Compound,Clean Water (L),2453.12,7.74,False
2015-06-01T11:00:00,Avengers Compound,Medical Kits,764.06,5.8,False
2015-06-01T12:00:00,New Asgard,Vibranium (kg),2459.22,6.5,False
2015-06-01T12:00:00,New Asgard,Arc Reactor Cores,750.48,7.8,False
2015-06-01T12:00:00,New Asgard,Pym Particles,753.92,7.15,False
2015-06-01T12:00:00,New Asgard,Clean Water (L),2453.77,7.8,False
2015-06-01T12:00:00,New Asgard,Medical Kits,762.75,5.85,False
2015-06-01T12:00:00,Wakanda,Vibranium (kg),2460.51,6.5,False
2015-06-01T12:00:00,Wakanda,Arc Reactor Cores,746.43,7.8,False
2015-06-01T12:00:00,Wakanda,Pym Particles,751.94,7.15,False
2015-06-01T12:00:00,Wakanda,Clean Water (L),2446.94,7.8,False
2015-06-01T12:00:00,Wakanda,Medical Kits,765.87,5.85,False
2015-06-01T12:00:00,Sokovia,Vibranium (kg),2454.25,6.5,False
2015-06-01T12:00:00,Sokovia,Arc Reactor Cores,750.64,7.8,False
2015-06-01T12:00:00,Sokovia,Pym Particles,755.58,7.15,False
2015-06-01T12:00:00,Sokovia,Clean Water (L),2448.93,7.8,False
2015-06-01T12:00:00,Sokovia,Medical Kits,764.82,5.85,False
2015-06-01T12:00:00,Sanctum Sanctorum,Vibranium (kg),2460.1,6.5,False
2015-06-01T12:00:00,Sanctum Sanctorum,Arc Reactor Cores,751.09,7.8,False
2015-06-01T12:00:00,Sanctum Sanctorum,Pym Particles,754.92,7.15,False
2015-06-01T12:00:00,Sanctum Sanctorum,Clean Water (L),2446.83,7.8,False
2015-06-01T12:00:00,Sanctum Sanctorum,Medical Kits,764.39,5.85,False
2015-06-01T12:00:00,Avengers Compound,Vibranium (kg),2459.38,6.5,False
2015-06-01T12:00:00,Avengers Compound,Arc Reactor Cores,747.31,7.8,False
2015-06-01T12:00:00,Avengers Compound,Pym Particles,755.04,7.15,False
2015-06-01T12:00:00,Avengers Compound,Clean Water (L),2449.54,7.8,False
2015-06-01T12:00:00,Avengers Compound,Medical Kits,761.72,5.85,False
2015-06-01T13:00:00,New Asgard,Vibranium (kg),2454.91,6.45,False
2015-06-01T13:00:00,New Asgard,Arc Reactor Cores,746.19,7.74,False
2015-06-01T13:00:00,New Asgard,Pym Particles,750.33,7.09,False
2015-06-01T13:00:00,New Asgard,Clean Water (L),2450.22,7.74,False
2015-06-01T13:00:00,New Asgard,Medical Kits,760.74,5.8,False
2015-06-01T13:00:00,Wakanda,Vibranium (kg),2457.96,6.45,False
2015-06-01T13:00:00,Wakanda,Arc Reactor Cores,740.92,7.74,False
2015-06-01T13:00:00,Wakanda,Pym Particles,748.69,7.09,False
2015-06-01T13:00:00,Wakanda,Clean Water (L),2442.62,7.74,False
2015-06-01T13:00:00,Wakanda,Medical Kits,761.16,5.8,False
2015-06-01T13:00:00,Sokovia,Vibranium (kg),2451.97,6.45,False
2015-06-01T13:00:00,Sokovia,Arc Reactor Cores,745.5,7.74,False
2015-06-01T13:00:00,Sokovia,Pym Particles,751.08,7.09,False
2015-06-01T13:00:00,Sokovia,Clean Water (L),2443.9,7.74,False
2015-06-01T13:00:00,Sokovia,Medical Kits,761.3,5.8,False
2015-06-01T13:00:00,Sanctum Sanctorum,Vibranium (kg),2457.8,6.45,False
2015-06-01T13:00:00,Sanctum Sanctorum,Arc Reactor Cores,747.31,7.74,False
2015-06-01T13:00:00,Sanctum Sanctorum,Pym Particles,750.91,7.09,False
2015-06-01T13:00:00,Sanctum Sanctorum,Clean Water (L),2442.63,7.74,False
2015-06-01T13:00:00,Sanctum Sanctorum,Medical Kits,761.85,5.8,False
2015-06-01T13:00:00,Avengers Compound,Vibranium (kg),2455.32,6.45,False
2015-06-01T13:00:00,Avengers Compound,Arc Reactor Cores,743.13,7.74,False
2015-06-01T13:00:00,Avengers Compound,Pym Particles,751.5,7.09,False
2015-06-01T13:00:00,Avengers Compound,Clean Water (L),2444.14,7.74,False
2015-06-01T13:00:00,Avengers Compound,Medical Kits,759.16,5.8,False
2015-06-01T14:00:00,New Asgard,Vibranium (kg),2451.19,6.3,False
2015-06-01T14:00:00,New Asgard,Arc Reactor Cores,741.83,7.56,False
2015-06-01T14:00:00,New Asgard,Pym Particles,746.78,6.93,False
2015-06-01T14:00:00,New Asgard,Clean Water (L),2446.35,7.56,False
2015-06-01T14:00:00,New Asgard,Medical Kits,757.62,5.67,False
2015-06-01T14:00:00,Wakanda,Vibranium (kg),2454.08,6.3,False
2015-06-01T14:00:00,Wakanda,Arc Reactor Cores,737.58,7.56,False
2015-06-01T14:00:00,Wakanda,Pym Particles,746.94,6.93,False
2015-06-01T14:00:00,Wakanda,Clean Water (L),2438.27,7.56,False
2015-06-01T14:00:00,Wakanda,Medical Kits,757.64,5.67,False
2015-06-01T14:00:00,Sokovia,Vibranium (kg),2448.12,6.3,False
2015-06-01T14:00:00,Sokovia,Arc Reactor Cores,742.2,7.56,False
2015-06-01T14:00:00,Sokovia,Pym Particles,746.73,6.93,False
2015-06-01T14:00:00,Sokovia,Clean Water (L),2440.69,7.56,False
2015-06-01T14:00:00,Sokovia,Medical Kits,757.15,5.67,False
2015-06-01T14:00:00,Sanctum Sanctorum,Vibranium (kg),2454.51,6.3,False
2015-06-01T14:00:00,Sanctum Sanctorum,Arc Reactor Cores,744.58,7.56,False
2015-06-01T14:00:00,Sanctum Sanctorum,Pym Particles,746.68,6.93,False
2015-06-01T14:00:00,Sanctum Sanctorum,Clean Water (L),2440.11,7.56,False
2015-06-01T14:00:00,Sanctum Sanctorum,Medical Kits,759.7,5.67,False
2015-06-01T14:00:00,Avengers Compound,Vibranium (kg),2452.87,6.3,False
2015-06-01T14:00:00,Avengers Compound,Arc Reactor Cores,738.39,7.56,False
2015-06-01T14:00:00,Avengers Compound,Pym Particles,748.5,6.93,False
2015-06-01T14:00:00,Avengers Compound,Clean Water (L),2439.25,7.56,False
2015-06-01T14:00:00,Avengers Compound,Medical Kits,755.67,5.67,False
2015-06-01T15:00:00,New Asgard,Vibranium (kg),2446.59,6.06,False
2015-06-01T15:00:00,New Asgard,Arc Reactor Cores,737.21,7.27,False
2015-06-01T15:00:00,New Asgard,Pym Particles,744.09,6.67,False
2015-06-01T15:00:00,New Asgard,Clean Water (L),2441.89,7.27,False
2015-06-01T15:00:00,New Asgard,Medical Kits,753.93,5.45,False
2015-06-01T15:00:00,Wakanda,Vibranium (kg),2450.71,6.06,False
2015-06-01T15:00:00,Wakanda,Arc Reactor Cores,736.05,7.27,False
2015-06-01T15:00:00,Wakanda,Pym Particles,744.1,6.67,False
2015-06-01T15:00:00,Wakanda,Clean Water (L),2434.76,7.27,False
2015-06-01T15:00:00,Wakanda,Medical Kits,753.66,5.45,False
2015-06-01T15:00:00,Sokovia,Vibranium (kg),2445.65,6.06,False
2015-06-01T15:00:00,Sokovia,Arc Reactor Cores,739.96,7.27,False
2015-06-01T15:00:00,Sokovia,Pym Particles,743.83,6.67,False
2015-06-01T15:00:00,Sokovia,Clean Water (L),2436.1,7.27,False
2015-06-01T15:00:00,Sokovia,Medical Kits,754.46,5.45,False
2015-06-01T15:00:00,Sanctum Sanctorum,Vibranium (kg),2450.93,6.06,False
2015-06-01T15:00:00,Sanctum Sanctorum,Arc Reactor Cores,739.85,7.27,False
2015-06-01T15:00:00,Sanctum Sanctorum,Pym Particles,743.54,6.67,False
2015-06-01T15:00:00,Sanctum Sanctorum,Clean Water (L),2435.22,7.27,False
2015-06-01T15:00:00,Sanctum Sanctorum,Medical Kits,755.6,5.45,False
2015-06-01T15:00:00,Avengers Compound,Vibranium (kg),2450.64,6.06,False
2015-06-01T15:00:00,Avengers Compound,Arc Reactor Cores,735.75,7.27,False
2015-06-01T15:00:00,Avengers Compound,Pym Particles,745.6,6.67,False
2015-06-01T15:00:00,Avengers Compound,Clean Water (L),2436.91,7.27,False
2015-06-01T15:00:00,Avengers Compound,Medical Kits,753.08,5.45,False
2015-06-01T16:00:00,New Asgard,Vibranium (kg),2443.7,5.75,False
2015-06-01T16:00:00,New Asgard,Arc Reactor Cores,734.79,6.9,False
2015-06-01T16:00:00,New Asgard,Pym Particles,743.16,6.32,False
2015-06-01T16:00:00,New Asgard,Clean Water (L),2439.44,6.9,False
2015-06-01T16:00:00,New Asgard,Medical Kits,751.94,5.17,False
2015-06-01T16:00:00,Wakanda,Vibranium (kg),2448.57,5.75,False
2015-06-01T16:00:00,Wakanda,Arc Reactor Cores,734.8,6.9,False
2015-06-01T16:00:00,Wakanda,Pym Particles,741.6,6.32,False
2015-06-01T16:00:00,Wakanda,Clean Water (L),2432.66,6.9,False
2015-06-01T16:00:00,Wakanda,Medical Kits,752.47,5.17,False
2015-06-01T16:00:00,Sokovia,Vibranium (kg),2443.93,5.75,False
2015-06-01T16:00:00,Sokovia,Arc Reactor Cores,736.39,6.9,False
2015-06-01T16:00:00,Sokovia,Pym Particles,741.26,6.32,False
2015-06-01T16:00:00,Sokovia,Clean Water (L),2432.45,6.9,False
2015-06-01T16:00:00,Sokovia,Medical Kits,752.02,5.17,False
2015-06-01T16:00:00,Sanctum Sanctorum,Vibranium (kg),2447.17,5.75,False
2015-06-01T16:00:00,Sanctum Sanctorum,Arc Reactor Cores,737.88,6.9,False
2015-06-01T16:00:00,Sanctum Sanctorum,Pym Particles,739.71,6.32,False
2015-06-01T16:00:00,Sanctum Sanctorum,Clean Water (L),2433.04,6.9,False
2015-06-01T16:00:00,Sanctum Sanctorum,Medical Kits,753.54,5.17,False
2015-06-01T16:00:00,Avengers Compound,Vibranium (kg),2449.6,5.75,False
2015-06-01T16:00:00,Avengers Compound,Arc Reactor Cores,731.32,6.9,False
2015-06-01T16:00:00,Avengers Compound,Pym Particles,744.02,6.32,False
2015-06-01T16:00:00,Avengers Compound,Clean Water (L),2432.78,6.9,False
2015-06-01T16:00:00,Avengers Compound,Medical Kits,750.79,5.17,False
2015-06-01T17:00:00,New Asgard,Vibranium (kg),2442.31,5.39,False
2015-06-01T17:00:00,New Asgard,Arc Reactor Cores,732.76,6.47,False
2015-06-01T17:00:00,New Asgard,Pym Particles,741.09,5.93,False
2015-06-01T17:00:00,New Asgard,Clean Water (L),2435.88,6.47,False
2015-06-01T17:00:00,New Asgard,Medical Kits,750.45,4.85,False
2015-06-01T17:00:00,Wakanda,Vibranium (kg),2447.61,5.39,False
2015-06-01T17:00:00,Wakanda,Arc Reactor Cores,733.88,6.47,False
2015-06-01T17:00:00,Wakanda,Pym Particles,739.74,5.93,False
2015-06-01T17:00:00,Wakanda,Clean Water (L),2429.78,6.47,False
2015-06-01T17:00:00,Wakanda,Medical Kits,751.2,4.85,False
2015-06-01T17:00:00,Sokovia,Vibranium (kg),2442.81,5.39,False
2015-06-01T17:00:00,Sokovia,Arc Reactor Cores,733.24,6.47,False
2015-06-01T17:00:00,Sokovia,Pym Particles,740.57,5.93,False
2015-06-01T17:00:00,Sokovia,Clean Water (L),2430.68,6.47,False
2015-06-01T17:00:00,Sokovia,Medical Kits,750.51,4.85,False
2015-06-01T17:00:00,Sanctum Sanctorum,Vibranium (kg),2445.81,5.39,False
2015-06-01T17:00:00,Sanctum Sanctorum,Arc Reactor Cores,735.82,6.47,False
2015-06-01T17:00:00,Sanctum Sanctorum,Pym Particles,739.2,5.93,False
2015-06-01T17:00:00,Sanctum Sanctorum,Clean Water (L),2430.72,6.47,False
2015-06-01T17:00:00,Sanctum Sanctorum,Medical Kits,752.26,4.85,False
2015-06-01T17:00:00,Avengers Compound,Vibranium (kg),2446.58,5.39,False
2015-06-01T17:00:00,Avengers Compound,Arc Reactor Cores,728.71,6.47,False
2015-06-01T17:00:00,Avengers Compound,Pym Particles,742.2,5.93,False
2015-06-01T17:00:00,Avengers Compound,Clean Water (L),2432.56,6.47,False
2015-06-01T17:00:00,Avengers Compound,Medical Kits,750.47,4.85,False
2015-06-01T18:00:00,New Asgard,Vibranium (kg),2440.25,5.0,False
2015-06-01T18:00:00,New Asgard,Arc Reactor Cores,731.35,6.0,False
2015-06-01T18:00:00,New Asgard,Pym Particles,740.39,5.5,False
2015-06-01T18:00:00,New Asgard,Clean Water (L),2432.99,6.0,False
2015-06-01T18:00:00,New Asgard,Medical Kits,748.73,4.5,False
2015-06-01T18:00:00,Wakanda,Vibranium (kg),2446.77,5.0,False
2015-06-01T18:00:00,Wakanda,Arc Reactor Cores,733.0,6.0,False
2015-06-01T18:00:00,Wakanda,Pym Particles,738.13,5.5,False
2015-06-01T18:00:00,Wakanda,Clean Water (L),2427.89,6.0,False
2015-06-01T18:00:00,Wakanda,Medical Kits,748.59,4.5,False
2015-06-01T18:00:00,Sokovia,Vibranium (kg),2441.7,5.0,False
2015-06-01T18:00:00,Sokovia,Arc Reactor Cores,731.85,6.0,False
2015-06-01T18:00:00,Sokovia,Pym Particles,739.5,5.5,False
2015-06-01T18:00:00,Sokovia,Clean Water (L),2428.63,6.0,False
2015-06-01T18:00:00,Sokovia,Medical Kits,749.05,4.5,False
2015-06-01T18:00:00,Sanctum Sanctorum,Vibranium (kg),2445.2,5.0,False
2015-06-01T18:00:00,Sanctum Sanctorum,Arc Reactor Cores,733.07,6.0,False
2015-06-01T18:00:00,Sanctum Sanctorum,Pym Particles,737.5,5.5,False
2015-06-01T18:00:00,Sanctum Sanctorum,Clean Water (L),2429.2,6.0,False
2015-06-01T18:00:00,Sanctum Sanctorum,Medical Kits,751.24,4.5,False
2015-06-01T18:00:00,Avengers Compound,Vibranium (kg),2445.62,5.0,False
2015-06-01T18:00:00,Avengers Compound,Arc Reactor Cores,727.39,6.0,False
2015-06-01T18:00:00,Avengers Compound,Pym Particles,739.79,5.5,False
2015-06-01T18:00:00,Avengers Compound,Clean Water (L),2431.67,6.0,False
2015-06-01T18:00:00,Avengers Compound,Medical Kits,749.55,4.5,False
2015-06-01T19:00:00,New Asgard,Vibranium (kg),2438.44,4.61,False
2015-06-01T19:00:00,New Asgard,Arc Reactor Cores,731.37,5.53,False
2015-06-01T19:00:00,New Asgard,Pym Particles,738.18,5.07,False
2015-06-01T19:00:00,New Asgard,Clean Water (L),2432.88,5.53,False
2015-06-01T19:00:00,New Asgard,Medical Kits,748.24,4.15,False
2015-06-01T19:00:00,Wakanda,Vibranium (kg),2446.34,4.61,False
2015-06-01T19:00:00,Wakanda,Arc Reactor Cores,732.01,5.53,False
2015-06-01T19:00:00,Wakanda,Pym Particles,737.23,5.07,False
2015-06-01T19:00:00,Wakanda,Clean Water (L),2428.51,5.53,False
2015-06-01T19:00:00,Wakanda,Medical Kits,747.84,4.15,False
2015-06-01T19:00:00,Sokovia,Vibranium (kg),2440.55,4.61,False
2015-06-01T19:00:00,Sokovia,Arc Reactor Cores,729.41,5.53,False
2015-06-01T19:00:00,Sokovia,Pym Particles,738.8,5.07,False
2015-06-01T19:00:00,Sokovia,Clean Water (L),2427.81,5.53,False
2015-06-01T19:00:00,Sokovia,Medical Kits,748.84,4.15,False
2015-06-01T19:00:00,Sanctum Sanctorum,Vibranium (kg),2445.68,4.61,False
2015-06-01T19:00:00,Sanctum Sanctorum,Arc Reactor Cores,731.15,5.53,False
2015-06-01T19:00:00,Sanctum Sanctorum,Pym Particles,736.63,5.07,False
2015-06-01T19:00:00,Sanctum Sanctorum,Clean Water (L),2427.45,5.53,False
2015-06-01T19:00:00,Sanctum Sanctorum,Medical Kits,750.62,4.15,False
2015-06-01T19:00:00,Avengers Compound,Vibranium (kg),2445.32,4.61,False
2015-06-01T19:00:00,Avengers Compound,Arc Reactor Cores,725.83,5.53,False
2015-06-01T19:00:00,Avengers Compound,Pym Particles,739.58,5.07,False
2015-06-01T19:00:00,Avengers Compound,Clean Water (L),2430.58,5.53,False
2015-06-01T19:00:00,Avengers Compound,Medical Kits,748.64,4.15,False
2015-06-01T20:00:00,New Asgard,Vibranium (kg),2439.15,4.25,False
2015-06-01T20:00:00,New Asgard,Arc Reactor Cores,731.01,5.1,False
2015-06-01T20:00:00,New Asgard,Pym Particles,738.2,4.68,False
2015-06-01T20:00:00,New Asgard,Clean Water (L),2431.88,5.1,False
2015-06-01T20:00:00,New Asgard,Medical Kits,748.06,3.83,False
2015-06-01T20:00:00,Wakanda,Vibranium (kg),2444.76,4.25,False
2015-06-01T20:00:00,Wakanda,Arc Reactor Cores,731.7,5.1,False
2015-06-01T20:00:00,Wakanda,Pym Particles,736.52,4.68,False
2015-06-01T20:00:00,Wakanda,Clean Water (L),2427.84,5.1,False
2015-06-01T20:00:00,Wakanda,Medical Kits,745.84,3.83,False
2015-06-01T20:00:00,Sokovia,Vibranium (kg),2439.15,4.25,False
2015-06-01T20:00:00,Sokovia,Arc Reactor Cores,728.13,5.1,False
2015-06-01T20:00:00,Sokovia,Pym Particles,738.46,4.68,False
2015-06-01T20:00:00,Sokovia,Clean Water (L),2426.86,5.1,False
2015-06-01T20:00:00,Sokovia,Medical Kits,747.89,3.83,False
2015-06-01T20:00:00,Sanctum Sanctorum,Vibranium (kg),2445.55,4.25,False
2015-06-01T20:00:00,Sanctum Sanctorum,Arc Reactor Cores,729.65,5.1,False
2015-06-01T20:00:00,Sanctum Sanctorum,Pym Particles,736.44,4.68,False
2015-06-01T20:00:00,Sanctum Sanctorum,Clean Water (L),2426.22,5.1,False
2015-06-01T20:00:00,Sanctum Sanctorum,Medical Kits,751.0,3.83,False
2015-06-01T20:00:00,Avengers Compound,Vibranium (kg),2445.96,4.25,False
2015-06-01T20:00:00,Avengers Compound,Arc Reactor Cores,724.73,5.1,False
2015-06-01T20:00:00,Avengers Compound,Pym Particles,738.95,4.68,False
2015-06-01T20:00:00,Avengers Compound,Clean Water (L),2429.71,5.1,False
2015-06-01T20:00:00,Avengers Compound,Medical Kits,749.63,3.83,False
2015-06-01T21:00:00,New Asgard,Vibranium (kg),2438.13,3.94,False
2015-06-01T21:00:00,New Asgard,Arc Reactor Cores,730.65,4.73,False
2015-06-01T21:00:00,New Asgard,Pym Particles,737.07,4.33,False
2015-06-01T21:00:00,New Asgard,Clean Water (L),2432.02,4.73,False
2015-06-01T21:00:00,New Asgard,Medical Kits,748.01,3.55,False
2015-06-01T21:00:00,Wakanda,Vibranium (kg),2444.32,3.94,False
2015-06-01T21:00:00,Wakanda,Arc Reactor Cores,731.37,4.73,False
2015-06-01T21:00:00,Wakanda,Pym Particles,736.45,4.33,False
2015-06-01T21:00:00,Wakanda,Clean Water (L),2427.83,4.73,False
2015-06-01T21:00:00,Wakanda,Medical Kits,746.23,3.55,False
2015-06-01T21:00:00,Sokovia,Vibranium (kg),2439.5,3.94,False
2015-06-01T21:00:00,Sokovia,Arc Reactor Cores,728.21,4.73,False
2015-06-01T21:00:00,Sokovia,Pym Particles,736.97,4.33,False
2015-06-01T21:00:00,Sokovia,Clean Water (L),2427.28,4.73,False
2015-06-01T21:00:00,Sokovia,Medical Kits,749.22,3.55,False
2015-06-01T21:00:00,Sanctum Sanctorum,Vibranium (kg),2445.3,3.94,False
2015-06-01T21:00:00,Sanctum Sanctorum,Arc Reactor Cores,729.45,4.73,False
2015-06-01T21:00:00,Sanctum Sanctorum,Pym Particles,736.66,4.33,False
2015-06-01T21:00:00,Sanctum Sanctorum,Clean Water (L),2425.9,4.73,False
2015-06-01T21:00:00,Sanctum Sanctorum,Medical Kits,751.46,3.55,False
2015-06-01T21:00:00,Avengers Compound,Vibranium (kg),2446.22,3.94,False
2015-06-01T21:00:00,Avengers Compound,Arc Reactor Cores,725.23,4.73,False
2015-06-01T21:00:00,Avengers Compound,Pym Particles,738.51,4.33,False
2015-06-01T21:00:00,Avengers Compound,Clean Water (L),2429.55,4.73,False
2015-06-01T21:00:00,Avengers Compound,Medical Kits,749.59,3.55,False
2015-06-01T22:00:00,New Asgard,Vibranium (kg),2439.08,3.7,False
2015-06-01T22:00:00,New Asgard,Arc Reactor Cores,729.52,4.44,False
2015-06-01T22:00:00,New Asgard,Pym Particles,735.84,4.07,False
2015-06-01T22:00:00,New Asgard,Clean Water (L),2432.93,4.44,False
2015-06-01T22:00:00,New Asgard,Medical Kits,748.37,3.33,False
2015-06-01T22:00:00,Wakanda,Vibranium (kg),2444.78,3.7,False
2015-06-01T22:00:00,Wakanda,Arc Reactor Cores,731.89,4.44,False
2015-06-01T22:00:00,Wakanda,Pym Particles,736.58,4.07,False
2015-06-01T22:00:00,Wakanda,Clean Water (L),2428.36,4.44,False
2015-06-01T22:00:00,Wakanda,Medical Kits,746.54,3.33,False
2015-06-01T22:00:00,Sokovia,Vibranium (kg),2441.53,3.7,False
2015-06-01T22:00:00,Sokovia,Arc Reactor Cores,727.78,4.44,False
2015-06-01T22:00:00,Sokovia,Pym Particles,736.41,4.07,False
2015-06-01T22:00:00,Sokovia,Clean Water (L),2427.68,4.44,False
2015-06-01T22:00:00,Sokovia,Medical Kits,749.73,3.33,False
2015-06-01T22:00:00,Sanctum Sanctorum,Vibranium (kg),2443.94,3.7,False
2015-06-01T22:00:00,Sanctum Sanctorum,Arc Reactor Cores,729.02,4.44,False
2015-06-01T22:00:00,Sanctum Sanctorum,Pym Particles,735.56,4.07,False
2015-06-01T22:00:00,Sanctum Sanctorum,Clean Water (L),2427.44,4.44,False
2015-06-01T22:00:00,Sanctum Sanctorum,Medical Kits,750.48,3.33,False
2015-06-01T22:00:00,Avengers Compound,Vibranium (kg),2445.14,3.7,False
2015-06-01T22:00:00,Avengers Compound,Arc Reactor Cores,726.8,4.44,False
2015-06-01T22:00:00,Avengers Compound,Pym Particles,739.73,4.07,False
2015-06-01T22:00:00,Avengers Compound,Clean Water (L),2430.75,4.44,False
2015-06-01T22:00:00,Avengers Compound,Medical Kits,750.48,3.33,False
2015-06-01T23:00:00,New Asgard,Vibranium (kg),2439.36,3.55,False
2015-06-01T23:00:00,New Asgard,Arc Reactor Cores,728.99,4.26,False
2015-06-01T23:00:00,New Asgard,Pym Particles,736.58,3.91,False
2015-06-01T23:00:00,New Asgard,Clean Water (L),2433.7,4.26,False
2015-06-01T23:00:00,New Asgard,Medical Kits,749.14,3.2,False
2015-06-01T23:00:00,Wakanda,Vibranium (kg),2444.6,3.55,False
2015-06-01T23:00:00,Wakanda,Arc Reactor Cores,732.07,4.26,False
2015-06-01T23:00:00,Wakanda,Pym Particles,736.38,3.91,False
2015-06-01T23:00:00,Wakanda,Clean Water (L),2429.61,4.26,False
2015-06-01T23:00:00,Wakanda,Medical Kits,747.84,3.2,False
2015-06-01T23:00:00,Sokovia,Vibranium (kg),2442.18,3.55,False
2015-06-01T23:00:00,Sokovia,Arc Reactor Cores,729.76,4.26,False
2015-06-01T23:00:00,Sokovia,Pym Particles,735.72,3.91,False
2015-06-01T23:00:00,Sokovia,Clean Water (L),2428.17,4.26,False
2015-06-01T23:00:00,Sokovia,Medical Kits,750.54,3.2,False
2015-06-01T23:00:00,Sanctum Sanctorum,Vibranium (kg),2442.93,3.55,False
2015-06-01T23:00:00,Sanctum Sanctorum,Arc Reactor Cores,730.6,4.26,False
2015-06-01T23:00:00,Sanctum Sanctorum,Pym Particles,736.78,3.91,False
2015-06-01T23:00:00,Sanctum Sanctorum,Clean Water (L),2427.6,4.26,False
2015-06-01T23:00:00,Sanctum Sanctorum,Medical Kits,752.08,3.2,False
2015-06-01T23:00:00,Avengers Compound,Vibranium (kg),2445.37,3.55,False
2015-06-01T23:00:00,Avengers Compound,Arc Reactor Cores,725.37,4.26,False
2015-06-01T23:00:00,Avengers Compound,Pym Particles,740.62,3.91,False
2015-06-01T23:00:00,Avengers Compound,Clean Water (L),2430.27,4.26,False
2015-06-01T23:00:00,Avengers Compound,Medical Kits,750.5,3.2,False
2015-06-02T00:00:00,New Asgard,Vibranium (kg),2439.43,3.5,False
2015-06-02T00:00:00,New Asgard,Arc Reactor Cores,731.17,4.2,False
2015-06-02T00:00:00,New Asgard,Pym Particles,736.67,3.85,False
2015-06-02T00:00:00,New Asgard,Clean Water (L),2433.14,4.2,False
2015-06-02T00:00:00,New Asgard,Medical Kits,748.49,3.15,False
2015-06-02T00:00:00,Wakanda,Vibranium (kg),2443.3,3.5,False
2015-06-02T00:00:00,Wakanda,Arc Reactor Cores,731.29,4.2,False
2015-06-02T00:00:00,Wakanda,Pym Particles,736.56,3.85,False
2015-06-02T00:00:00,Wakanda,Clean Water (L),2429.36,4.2,False
2015-06-02T00:00:00,Wakanda,Medical Kits,748.16,3.15,False
2015-06-02T00:00:00,Sokovia,Vibranium (kg),2442.75,3.5,False
2015-06-02T00:00:00,Sokovia,Arc Reactor Cores,730.67,4.2,False
2015-06-02T00:00:00,Sokovia,Pym Particles,735.97,3.85,False
2015-06-02T00:00:00,Sokovia,Clean Water (L),2427.73,4.2,False
2015-06-02T00:00:00,Sokovia,Medical Kits,750.79,3.15,False
2015-06-02T00:00:00,Sanctum Sanctorum,Vibranium (kg),2441.44,3.5,False
2015-06-02T00:00:00,Sanctum Sanctorum,Arc Reactor Cores,730.3,4.2,False
2015-06-02T00:00:00,Sanctum Sanctorum,Pym Particles,736.69,3.85,False
2015-06-02T00:00:00,Sanctum Sanctorum,Clean Water (L),2428.12,4.2,False
2015-06-02T00:00:00,Sanctum Sanctorum,Medical Kits,753.1,3.15,False
2015-06-02T00:00:00,Avengers Compound,Vibranium (kg),2445.42,3.5,False
2015-06-02T00:00:00,Avengers Compound,Arc Reactor Cores,725.59,4.2,False
2015-06-02T00:00:00,Avengers Compound,Pym Particles,740.97,3.85,False
2015-06-02T00:00:00,Avengers Compound,Clean Water (L),2430.34,4.2,False
2015-06-02T00:00:00,Avengers Compound,Medical Kits,750.33,3.15,False
2015-06-02T01:00:00,New Asgard,Vibranium (kg),2441.16,3.55,False
2015-06-02T01:00:00,New Asgard,Arc Reactor Cores,732.02,4.26,False
2015-06-02T01:00:00,New Asgard,Pym Particles,737.05,3.91,False
2015-06-02T01:00:00,New Asgard,Clean Water (L),2433.48,4.26,False
2015-06-02T01:00:00,New Asgard,Medical Kits,750.23,3.2,False
2015-06-02T01:00:00,Wakanda,Vibranium (kg),2443.96,3.55,False
2015-06-02T01:00:00,Wakanda,Arc Reactor Cores,732.02,4.26,False
2015-06-02T01:00:00,Wakanda,Pym Particles,735.07,3.91,False
2015-06-02T01:00:00,Wakanda,Clean Water (L),2429.73,4.26,False
2015-06-02T01:00:00,Wakanda,Medical Kits,748.44,3.2,False
2015-06-02T01:00:00,Sokovia,Vibranium (kg),2443.13,3.55,False
2015-06-02T01:00:00,Sokovia,Arc Reactor Cores,731.45,4.26,False
2015-06-02T01:00:00,Sokovia,Pym Particles,736.09,3.91,False
2015-06-02T01:00:00,Sokovia,Clean Water (L),2428.83,4.26,False
2015-06-02T01:00:00,Sokovia,Medical Kits,752.19,3.2,False
2015-06-02T01:00:00,Sanctum Sanctorum,Vibranium (kg),2442.32,3.55,False
2015-06-02T01:00:00,Sanctum Sanctorum,Arc Reactor Cores,729.71,4.26,False
2015-06-02T01:00:00,Sanctum Sanctorum,Pym Particles,736.44,3.91,False
2015-06-02T01:00:00,Sanctum Sanctorum,Clean Water (L),2428.31,4.26,False
2015-06-02T01:00:00,Sanctum Sanctorum,Medical Kits,753.6,3.2,False
2015-06-02T01:00:00,Avengers Compound,Vibranium (kg),2445.55,3.55,False
2015-06-02T01:00:00,Avengers Compound,Arc Reactor Cores,727.05,4.26,False
2015-06-02T01:00:00,Avengers Compound,Pym Particles,741.7,3.91,False
2015-06-02T01:00:00,Avengers Compound,Clean Water (L),2431.14,4.26,False
2015-06-02T01:00:00,Avengers Compound,Medical Kits,750.21,3.2,False
2015-06-02T02:00:00,New Asgard,Vibranium (kg),2441.8,3.7,False
2015-06-02T02:00:00,New Asgard,Arc Reactor Cores,731.41,4.44,False
2015-06-02T02:00:00,New Asgard,Pym Particles,738.1,4.07,False
2015-06-02T02:00:00,New Asgard,Clean Water (L),2434.77,4.44,False
2015-06-02T02:00:00,New Asgard,Medical Kits,749.39,3.33,False
2015-06-02T02:00:00,Wakanda,Vibranium (kg),2443.27,3.7,False
2015-06-02T02:00:00,Wakanda,Arc Reactor Cores,731.96,4.44,False
2015-06-02T02:00:00,Wakanda,Pym Particles,735.15,4.07,False
2015-06-02T02:00:00,Wakanda,Clean Water (L),2428.99,4.44,False
2015-06-02T02:00:00,Wakanda,Medical Kits,748.76,3.33,False
2015-06-02T02:00:00,Sokovia,Vibranium (kg),2443.85,3.7,False
2015-06-02T02:00:00,Sokovia,Arc Reactor Cores,730.93,4.44,False
2015-06-02T02:00:00,Sokovia,Pym Particles,735.66,4.07,False
2015-06-02T02:00:00,Sokovia,Clean Water (L),2429.0,4.44,False
2015-06-02T02:00:00,Sokovia,Medical Kits,752.33,3.33,False
2015-06-02T02:00:00,Sanctum Sanctorum,Vibranium (kg),2442.62,3.7,False
2015-06-02T02:00:00,Sanctum Sanctorum,Arc Reactor Cores,727.88,4.44,False
2015-06-02T02:00:00,Sanctum Sanctorum,Pym Particles,737.1,4.07,False
2015-06-02T02:00:00,Sanctum Sanctorum,Clean Water (L),2428.45,4.44,False
2015-06-02T02:00:00,Sanctum Sanctorum,Medical Kits,753.46,3.33,False
2015-06-02T02:00:00,Avengers Compound,Vibranium (kg),2444.45,3.7,False
2015-06-02T02:00:00,Avengers Compound,Arc Reactor Cores,725.91,4.44,False
2015-06-02T02:00:00,Avengers Compound,Pym Particles,742.09,4.07,False
2015-06-02T02:00:00,Avengers Compound,Clean Water (L),2430.57,4.44,False
2015-06-02T02:00:00,Avengers Compound,Medical Kits,749.04,3.33,False
2015-06-02T03:00:00,New Asgard,Vibranium (kg),2441.16,3.94,False
2015-06-02T03:00:00,New Asgard,Arc Reactor Cores,730.01,4.73,False
2015-06-02T03:00:00,New Asgard,Pym Particles,736.57,4.33,False
2015-06-02T03:00:00,New Asgard,Clean Water (L),2433.72,4.73,False
2015-06-02T03:00:00,New Asgard,Medical Kits,748.88,3.55,False
2015-06-02T03:00:00,Wakanda,Vibranium (kg),2443.79,3.94,False
2015-06-02T03:00:00,Wakanda,Arc Reactor Cores,732.3,4.73,False
2015-06-02T03:00:00,Wakanda,Pym Particles,734.88,4.33,False
2015-06-02T03:00:00,Wakanda,Clean Water (L),2429.91,4.73,False
2015-06-02T03:00:00,Wakanda,Medical Kits,749.66,3.55,False
2015-06-02T03:00:00,Sokovia,Vibranium (kg),2444.01,3.94,False
2015-06-02T03:00:00,Sokovia,Arc Reactor Cores,730.65,4.73,False
2015-06-02T03:00:00,Sokovia,Pym Particles,735.02,4.33,False
2015-06-02T03:00:00,Sokovia,Clean Water (L),2428.87,4.73,False
2015-06-02T03:00:00,Sokovia,Medical Kits,752.67,3.55,False
2015-06-02T03:00:00,Sanctum Sanctorum,Vibranium (kg),2443.5,3.94,False
2015-06-02T03:00:00,Sanctum Sanctorum,Arc Reactor Cores,726.53,4.73,False
2015-06-02T03:00:00,Sanctum Sanctorum,Pym Particles,736.98,4.33,False
2015-06-02T03:00:00,Sanctum Sanctorum,Clean Water (L),2427.34,4.73,False
2015-06-02T03:00:00,Sanctum Sanctorum,Medical Kits,751.8,3.55,False
2015-06-02T03:00:00,Avengers Compound,Vibranium (kg),2443.19,3.94,False
2015-06-02T03:00:00,Avengers Compound,Arc Reactor Cores,725.82,4.73,False
2015-06-02T03:00:00,Avengers Compound,Pym Particles,743.25,4.33,False
2015-06-02T03:00:00,Avengers Compound,Clean Water (L),2431.3,4.73,False
2015-06-02T03:00:00,Avengers Compound,Medical Kits,748.52,3.55,False
2015-06-02T04:00:00,New Asgard,Vibranium (kg),2439.73,4.25,False
2015-06-02T04:00:00,New Asgard,Arc Reactor Cores,729.59,5.1,False
2015-06-02T04:00:00,New Asgard,Pym Particles,736.42,4.68,False
2015-06-02T04:00:00,New Asgard,Clean Water (L),2434.15,5.1,False
2015-06-02T04:00:00,New Asgard,Medical Kits,747.96,3.83,False
2015-06-02T04:00:00,Wakanda,Vibranium (kg),2442.93,4.25,False
2015-06-02T04:00:00,Wakanda,Arc Reactor Cores,730.12,5.1,False
2015-06-02T04:00:00,Wakanda,Pym Particles,734.12,4.68,False
2015-06-02T04:00:00,Wakanda,Clean Water (L),2429.14,5.1,False
2015-06-02T04:00:00,Wakanda,Medical Kits,749.72,3.83,False
2015-06-02T04:00:00,Sokovia,Vibranium (kg),2443.65,4.25,False
2015-06-02T04:00:00,Sokovia,Arc Reactor Cores,730.05,5.1,False
2015-06-02T04:00:00,Sokovia,Pym Particles,733.78,4.68,False
2015-06-02T04:00:00,Sokovia,Clean Water (L),2429.8,5.1,False
2015-06-02T04:00:00,Sokovia,Medical Kits,752.09,3.83,False
2015-06-02T04:00:00,Sanctum Sanctorum,Vibranium (kg),2442.13,4.25,False
2015-06-02T04:00:00,Sanctum Sanctorum,Arc Reactor Cores,724.92,5.1,False
2015-06-02T04:00:00,Sanctum Sanctorum,Pym Particles,735.44,4.68,False
2015-06-02T04:00:00,Sanctum Sanctorum,Clean Water (L),2427.8,5.1,False
2015-06-02T04:00:00,Sanctum Sanctorum,Medical Kits,751.12,3.83,False
2015-06-02T04:00:00,Avengers Compound,Vibranium (kg),2440.96,4.25,False
2015-06-02T04:00:00,Avengers Compound,Arc Reactor Cores,725.02,5.1,False
2015-06-02T04:00:00,Avengers Compound,Pym Particles,741.48,4.68,False
2015-06-02T04:00:00,Avengers Compound,Clean Water (L),2431.7,5.1,False
2015-06-02T04:00:00,Avengers Compound,Medical Kits,748.15,3.83,False
2015-06-02T05:00:00,New Asgard,Vibranium (kg),2439.75,4.61,False
2015-06-02T05:00:00,New Asgard,Arc Reactor Cores,727.58,5.53,False
2015-06-02T05:00:00,New Asgard,Pym Particles,735.88,5.07,False
2015-06-02T05:00:00,New Asgard,Clean Water (L),2433.56,5.53,False
2015-06-02T05:00:00,New Asgard,Medical Kits,748.39,4.15,False
2015-06-02T05:00:00,Wakanda,Vibranium (kg),2443.21,4.61,False
2015-06-02T05:00:00,Wakanda,Arc Reactor Cores,730.26,5.53,False
2015-06-02T05:00:00,Wakanda,Pym Particles,733.23,5.07,False
2015-06-02T05:00:00,Wakanda,Clean Water (L),2427.66,5.53,False
2015-06-02T05:00:00,Wakanda,Medical Kits,748.72,4.15,False
2015-06-02T05:00:00,Sokovia,Vibranium (kg),2443.99,4.61,False
2015-06-02T05:00:00,Sokovia,Arc Reactor Cores,729.59,5.53,False
2015-06-02T05:00:00,Sokovia,Pym Particles,734.14,5.07,False
2015-06-02T05:00:00,Sokovia,Clean Water (L),2428.8,5.53,False
2015-06-02T05:00:00,Sokovia,Medical Kits,751.56,4.15,False
2015-06-02T05:00:00,Sanctum Sanctorum,Vibranium (kg),2441.59,4.61,False
2015-06-02T05:00:00,Sanctum Sanctorum,Arc Reactor Cores,723.7,5.53,False
2015-06-02T05:00:00,Sanctum Sanctorum,Pym Particles,734.39,5.07,False
2015-06-02T05:00:00,Sanctum Sanctorum,Clean Water (L),2426.83,5.53,False
2015-06-02T05:00:00,Sanctum Sanctorum,Medical Kits,748.9,4.15,False
2015-06-02T05:00:00,Avengers Compound,Vibranium (kg),2440.91,4.61,False
2015-06-02T05:00:00,Avengers Compound,Arc Reactor Cores,725.5,5.53,False
2015-06-02T05:00:00,Avengers Compound,Pym Particles,741.74,5.07,False
2015-06-02T05:00:00,Avengers Compound,Clean Water (L),2431.03,5.53,False
2015-06-02T05:00:00,Avengers Compound,Medical Kits,747.5,4.15,False
2015-06-02T06:00:00,New Asgard,Vibranium (kg),2439.72,5.0,False
2015-06-02T06:00:00,New Asgard,Arc Reactor Cores,726.02,6.0,False
2015-06-02T06:00:00,New Asgard,Pym Particles,734.17,5.5,False
2015-06-02T06:00:00,New Asgard,Clean Water (L),2432.44,6.0,False
2015-06-02T06:00:00,New Asgard,Medical Kits,746.38,4.5,False
2015-06-02T06:00:00,Wakanda,Vibranium (kg),2441.17,5.0,False
2015-06-02T06:00:00,Wakanda,Arc Reactor Cores,727.3,6.0,False
2015-06-02T06:00:00,Wakanda,Pym Particles,732.36,5.5,False
2015-06-02T06:00:00,Wakanda,Clean Water (L),2426.59,6.0,False
2015-06-02T06:00:00,Wakanda,Medical Kits,749.66,4.5,False
2015-06-02T06:00:00,Sokovia,Vibranium (kg),2444.05,5.0,False
2015-06-02T06:00:00,Sokovia,Arc Reactor Cores,727.5,6.0,False
2015-06-02T06:00:00,Sokovia,Pym Particles,732.13,5.5,False
2015-06-02T06:00:00,Sokovia,Clean Water (L),2428.39,6.0,False
2015-06-02T06:00:00,Sokovia,Medical Kits,750.48,4.5,False
2015-06-02T06:00:00,Sanctum Sanctorum,Vibranium (kg),2441.26,5.0,False
2015-06-02T06:00:00,Sanctum Sanctorum,Arc Reactor Cores,720.98,6.0,False
2015-06-02T06:00:00,Sanctum Sanctorum,Pym Particles,733.7,5.5,False
2015-06-02T06:00:00,Sanctum Sanctorum,Clean Water (L),2425.73,6.0,False
2015-06-02T06:00:00,Sanctum Sanctorum,Medical Kits,748.13,4.5,False
2015-06-02T06:00:00,Avengers Compound,Vibranium (kg),2441.06,5.0,False
2015-06-02T06:00:00,Avengers Compound,Arc Reactor Cores,724.81,6.0,False
2015-06-02T06:00:00,Avengers Compound,Pym Particles,740.07,5.5,False
2015-06-02T06:00:00,Avengers Compound,Clean Water (L),2429.06,6.0,False
2015-06-02T06:00:00,Avengers Compound,Medical Kits,747.63,4.5,False
2015-06-02T07:00:00,New Asgard,Vibranium (kg),2437.37,5.39,False
2015-06-02T07:00:00,New Asgard,Arc Reactor Cores,724.87,6.47,False
2015-06-02T07:00:00,New Asgard,Pym Particles,731.03,5.93,False
2015-06-02T07:00:00,New Asgard,Clean Water (L),2429.33,6.47,False
2015-06-02T07:00:00,New Asgard,Medical Kits,744.67,4.85,False
2015-06-02T07:00:00,Wakanda,Vibranium (kg),2440.84,5.39,False
2015-06-02T07:00:00,Wakanda,Arc Reactor Cores,724.62,6.47,False
2015-06-02T07:00:00,Wakanda,Pym Particles,730.26,5.93,False
2015-06-02T07:00:00,Wakanda,Clean Water (L),2424.6,6.47,False
2015-06-02T07:00:00,Wakanda,Medical Kits,749.4,4.85,False
2015-06-02T07:00:00,Sokovia,Vibranium (kg),2442.95,5.39,False
2015-06-02T07:00:00,Sokovia,Arc Reactor Cores,726.44,6.47,False
2015-06-02T07:00:00,Sokovia,Pym Particles,732.01,5.93,False
2015-06-02T07:00:00,Sokovia,Clean Water (L),2425.41,6.47,False
2015-06-02T07:00:00,Sokovia,Medical Kits,747.76,4.85,False
2015-06-02T07:00:00,Sanctum Sanctorum,Vibranium (kg),2439.23,5.39,False
2015-06-02T07:00:00,Sanctum Sanctorum,Arc Reactor Cores,718.04,6.47,False
2015-06-02T07:00:00,Sanctum Sanctorum,Pym Particles,733.57,5.93,False
2015-06-02T07:00:00,Sanctum Sanctorum,Clean Water (L),2422.5,6.47,False
2015-06-02T07:00:00,Sanctum Sanctorum,Medical Kits,746.84,4.85,False
2015-06-02T07:00:00,Avengers Compound,Vibranium (kg),2440.14,5.39,False
2015-06-02T07:00:00,Avengers Compound,Arc Reactor Cores,724.86,6.47,False
2015-06-02T07:00:00,Avengers Compound,Pym Particles,738.8,5.93,False
2015-06-02T07:00:00,Avengers Compound,Clean Water (L),2427.09,6.47,False
2015-06-02T07:00:00,Avengers Compound,Medical Kits,746.18,4.85,False
2015-06-02T08:00:00,New Asgard,Vibranium (kg),2435.96,5.75,False
2015-06-02T08:00:00,New Asgard,Arc Reactor Cores,721.77,6.9,False
2015-06-02T08:00:00,New Asgard,Pym Particles,728.55,6.32,False
2015-06-02T08:00:00,New Asgard,Clean Water (L),2426.88,6.9,False
2015-06-02T08:00:00,New Asgard,Medical Kits,742.73,5.17,False
2015-06-02T08:00:00,Wakanda,Vibranium (kg),2438.39,5.75,False
2015-06-02T08:00:00,Wakanda,Arc Reactor Cores,722.95,6.9,False
2015-06-02T08:00:00,Wakanda,Pym Particles,727.84,6.32,False
2015-06-02T08:00:00,Wakanda,Clean Water (L),2423.5,6.9,False
2015-06-02T08:00:00,Wakanda,Medical Kits,749.17,5.17,False
2015-06-02T08:00:00,Sokovia,Vibranium (kg),2440.62,5.75,False
2015-06-02T08:00:00,Sokovia,Arc Reactor Cores,724.14,6.9,False
2015-06-02T08:00:00,Sokovia,Pym Particles,729.78,6.32,False
2015-06-02T08:00:00,Sokovia,Clean Water (L),2424.53,6.9,False
2015-06-02T08:00:00,Sokovia,Medical Kits,745.64,5.17,False
2015-06-02T08:00:00,Sanctum Sanctorum,Vibranium (kg),2436.78,5.75,False
2015-06-02T08:00:00,Sanctum Sanctorum,Arc Reactor Cores,716.15,6.9,False
2015-06-02T08:00:00,Sanctum Sanctorum,Pym Particles,731.67,6.32,False
2015-06-02T08:00:00,Sanctum Sanctorum,Clean Water (L),2419.83,6.9,False
2015-06-02T08:00:00,Sanctum Sanctorum,Medical Kits,744.61,5.17,False
2015-06-02T08:00:00,Avengers Compound,Vibranium (kg),2437.31,5.75,False
2015-06-02T08:00:00,Avengers Compound,Arc Reactor Cores,723.53,6.9,False
2015-06-02T08:00:00,Avengers Compound,Pym Particles,736.58,6.32,False
2015-06-02T08:00:00,Avengers Compound,Clean Water (L),2424.22,6.9,False
2015-06-02T08:00:00,Avengers Compound,Medical Kits,745.84,5.17,False
2015-06-02T09:00:00,New Asgard,Vibranium (kg),2433.64,6.06,False
2015-06-02T09:00:00,New Asgard,Arc Reactor Cores,720.67,7.27,False
2015-06-02T09:00:00,New Asgard,Pym Particles,726.37,6.67,False
2015-06-02T09:00:00,New Asgard,Clean Water (L),2422.86,7.27,False
2015-06-02T09:00:00,New Asgard,Medical Kits,742.43,5.45,False
2015-06-02T09:00:00,Wakanda,Vibranium (kg),2434.68,6.06,False
2015-06-02T09:00:00,Wakanda,Arc Reactor Cores,721.57,7.27,False
2015-06-02T09:00:00,Wakanda,Pym Particles,725.94,6.67,False
2015-06-02T09:00:00,Wakanda,Clean Water (L),2420.4,7.27,False
2015-06-02T09:00:00,Wakanda,Medical Kits,747.56,5.45,False
2015-06-02T09:00:00,Sokovia,Vibranium (kg),2439.56,6.06,False
2015-06-02T09:00:00,Sokovia,Arc Reactor Cores,721.68,7.27,False
2015-06-02T09:00:00,Sokovia,Pym Particles,726.84,6.67,False
2015-06-02T09:00:00,Sokovia,Clean Water (L),2421.94,7.27,False
2015-06-02T09:00:00,Sokovia,Medical Kits,744.6,5.45,False
2015-06-02T09:00:00,Sanctum Sanctorum,Vibranium (kg),2433.89,6.06,False
2015-06-02T09:00:00,Sanctum Sanctorum,Arc Reactor Cores,714.04,7.27,False
2015-06-02T09:00:00,Sanctum Sanctorum,Pym Particles,729.36,6.67,False
2015-06-02T09:00:00,Sanctum Sanctorum,Clean Water (L),2417.65,7.27,False
2015-06-02T09:00:00,Sanctum Sanctorum,Medical Kits,744.56,5.45,False
2015-06-02T09:00:00,Avengers Compound,Vibranium (kg),2434.94,6.06,False
2015-06-02T09:00:00,Avengers Compound,Arc Reactor Cores,722.75,7.27,False
2015-06-02T09:00:00,Avengers Compound,Pym Particles,734.01,6.67,False
2015-06-02T09:00:00,Avengers Compound,Clean Water (L),2422.18,7.27,False
2015-06-02T09:00:00,Avengers Compound,Medical Kits,744.3,5.45,False
2015-06-02T10:00:00,New Asgard,Vibranium (kg),2432.89,6.3,False
2015-06-02T10:00:00,New Asgard,Arc Reactor Cores,717.45,7.56,False
2015-06-02T10:00:00,New Asgard,Pym Particles,724.31,6.93,False
2015-06-02T10:00:00,New Asgard,Clean Water (L),2420.44,7.56,False
2015-06-02T10:00:00,New Asgard,Medical Kits,741.63,5.67,False
2015-06-02T10:00:00,Wakanda,Vibranium (kg),2432.76,6.3,False
2015-06-02T10:00:00,Wakanda,Arc Reactor Cores,718.58,7.56,False
2015-06-02T10:00:00,Wakanda,Pym Particles,723.37,6.93,False
2015-06-02T10:00:00,Wakanda,Clean Water (L),2418.84,7.56,False
2015-06-02T10:00:00,Wakanda,Medical Kits,745.54,5.67,False
2015-06-02T10:00:00,Sokovia,Vibranium (kg),2436.01,6.3,False
2015-06-02T10:00:00,Sokovia,Arc Reactor Cores,719.82,7.56,False
2015-06-02T10:00:00,Sokovia,Pym Particles,723.29,6.93,False
2015-06-02T10:00:00,Sokovia,Clean Water (L),2418.09,7.56,False
2015-06-02T10:00:00,Sokovia,Medical Kits,742.33,5.67,False
2015-06-02T10:00:00,Sanctum Sanctorum,Vibranium (kg),2431.24,6.3,False
2015-06-02T10:00:00,Sanctum Sanctorum,Arc Reactor Cores,711.1,7.56,False
2015-06-02T10:00:00,Sanctum Sanctorum,Pym Particles,727.66,6.93,False
2015-06-02T10:00:00,Sanctum Sanctorum,Clean Water (L),2416.77,7.56,False
2015-06-02T10:00:00,Sanctum Sanctorum,Medical Kits,743.21,5.67,False
2015-06-02T10:00:00,Avengers Compound,Vibranium (kg),2434.0,6.3,False
2015-06-02T10:00:00,Avengers Compound,Arc Reactor Cores,719.1,7.56,False
2015-06-02T10:00:00,Avengers Compound,Pym Particles,731.31,6.93,False
2015-06-02T10:00:00,Avengers Compound,Clean Water (L),2419.22,7.56,False
2015-06-02T10:00:00,Avengers Compound,Medical Kits,742.46,5.67,False
2015-06-02T11:00:00,New Asgard,Vibranium (kg),2429.27,6.45,False
2015-06-02T11:00:00,New Asgard,Arc Reactor Cores,715.92,7.74,False
2015-06-02T11:00:00,New Asgard,Pym Particles,721.7,7.09,False
2015-06-02T11:00:00,New Asgard,Clean Water (L),2419.03,7.74,False
2015-06-02T11:00:00,New Asgard,Medical Kits,741.27,5.8,False
2015-06-02T11:00:00,Wakanda,Vibranium (kg),2431.82,6.45,False
2015-06-02T11:00:00,Wakanda,Arc Reactor Cores,715.25,7.74,False
2015-06-02T11:00:00,Wakanda,Pym Particles,720.78,7.09,False
2015-06-02T11:00:00,Wakanda,Clean Water (L),2416.36,7.74,False
2015-06-02T11:00:00,Wakanda,Medical Kits,743.47,5.8,False
2015-06-02T11:00:00,Sokovia,Vibranium (kg),2433.48,6.45,False
2015-06-02T11:00:00,Sokovia,Arc Reactor Cores,717.13,7.74,False
2015-06-02T11:00:00,Sokovia,Pym Particles,721.87,7.09,False
2015-06-02T11:00:00,Sokovia,Clean Water (L),2415.77,7.74,False
2015-06-02T11:00:00,Sokovia,Medical Kits,740.71,5.8,False
2015-06-02T11:00:00,Sanctum Sanctorum,Vibranium (kg),2429.23,6.45,False
2015-06-02T11:00:00,Sanctum Sanctorum,Arc Reactor Cores,709.09,7.74,False
2015-06-02T11:00:00,Sanctum Sanctorum,Pym Particles,724.66,7.09,False
2015-06-02T11:00:00,Sanctum Sanctorum,Clean Water (L),2414.47,7.74,False
2015-06-02T11:00:00,Sanctum Sanctorum,Medical Kits,740.84,5.8,False
2015-06-02T11:00:00,Avengers Compound,Vibranium (kg),2432.16,6.45,False
2015-06-02T11:00:00,Avengers Compound,Arc Reactor Cores,715.36,7.74,False
2015-06-02T11:00:00,Avengers Compound,Pym Particles,727.11,7.09,False
2015-06-02T11:00:00,Avengers Compound,Clean Water (L),2416.86,7.74,False
2015-06-02T11:00:00,Avengers Compound,Medical Kits,739.94,5.8,False
2015-06-02T12:00:00,New Asgard,Vibranium (kg),2427.42,6.5,False
2015-06-02T12:00:00,New Asgard,Arc Reactor Cores,712.41,7.8,False
2015-06-02T12:00:00,New Asgard,Pym Particles,719.19,7.15,False
2015-06-02T12:00:00,New Asgard,Clean Water (L),2416.81,7.8,False
2015-06-02T12:00:00,New Asgard,Medical Kits,737.8,5.85,False
2015-06-02T12:00:00,Wakanda,Vibranium (kg),2431.1,6.5,False
2015-06-02T12:00:00,Wakanda,Arc Reactor Cores,713.66,7.8,False
2015-06-02T12:00:00,Wakanda,Pym Particles,717.23,7.15,False
2015-06-02T12:00:00,Wakanda,Clean Water (L),2414.91,7.8,False
2015-06-02T12:00:00,Wakanda,Medical Kits,741.28,5.85,False
2015-06-02T12:00:00,Sokovia,Vibranium (kg),2431.3,6.5,False
2015-06-02T12:00:00,Sokovia,Arc Reactor Cores,714.92,7.8,False
2015-06-02T12:00:00,Sokovia,Pym Particles,719.58,7.15,False
2015-06-02T12:00:00,Sokovia,Clean Water (L),2414.73,7.8,False
2015-06-02T12:00:00,Sokovia,Medical Kits,738.87,5.85,False
2015-06-02T12:00:00,Sanctum Sanctorum,Vibranium (kg),2426.68,6.5,False
2015-06-02T12:00:00,Sanctum Sanctorum,Arc Reactor Cores,707.05,7.8,False
2015-06-02T12:00:00,Sanctum Sanctorum,Pym Particles,722.61,7.15,False
2015-06-02T12:00:00,Sanctum Sanctorum,Clean Water (L),2412.96,7.8,False
2015-06-02T12:00:00,Sanctum Sanctorum,Medical Kits,739.02,5.85,False
2015-06-02T12:00:00,Avengers Compound,Vibranium (kg),2429.91,6.5,False
2015-06-02T12:00:00,Avengers Compound,Arc Reactor Cores,711.32,7.8,False
2015-06-02T12:00:00,Avengers Compound,Pym Particles,725.57,7.15,False
2015-06-02T12:00:00,Avengers Compound,Clean Water (L),2414.11,7.8,False
2015-06-02T12:00:00,Avengers Compound,Medical Kits,736.97,5.85,False
2015-06-02T13:00:00,New Asgard,Vibranium (kg),2426.2,6.45,False
2015-06-02T13:00:00,New Asgard,Arc Reactor Cores,709.91,7.74,False
2015-06-02T13:00:00,New Asgard,Pym Particles,717.49,7.09,False
2015-06-02T13:00:00,New Asgard,Clean Water (L),2415.37,7.74,False
2015-06-02T13:00:00,New Asgard,Medical Kits,735.33,5.8,False
2015-06-02T13:00:00,Wakanda,Vibranium (kg),2428.57,6.45,False
2015-06-02T13:00:00,Wakanda,Arc Reactor Cores,711.75,7.74,False
2015-06-02T13:00:00,Wakanda,Pym Particles,715.62,7.09,False
2015-06-02T13:00:00,Wakanda,Clean Water (L),2412.27,7.74,False
2015-06-02T13:00:00,Wakanda,Medical Kits,739.47,5.8,False
2015-06-02T13:00:00,Sokovia,Vibranium (kg),2428.89,6.45,False
2015-06-02T13:00:00,Sokovia,Arc Reactor Cores,710.6,7.74,False
2015-06-02T13:00:00,Sokovia,Pym Particles,718.7,7.09,False
2015-06-02T13:00:00,Sokovia,Clean Water (L),2412.29,7.74,False
2015-06-02T13:00:00,Sokovia,Medical Kits,735.77,5.8,False
2015-06-02T13:00:00,Sanctum Sanctorum,Vibranium (kg),2424.31,6.45,False
2015-06-02T13:00:00,Sanctum Sanctorum,Arc Reactor Cores,703.33,7.74,False
2015-06-02T13:00:00,Sanctum Sanctorum,Pym Particles,721.21,7.09,False
2015-06-02T13:00:00,Sanctum Sanctorum,Clean Water (L),2410.3,7.74,False
2015-06-02T13:00:00,Sanctum Sanctorum,Medical Kits,736.42,5.8,False
2015-06-02T13:00:00,Avengers Compound,Vibranium (kg),2429.31,6.45,False
2015-06-02T13:00:00,Avengers Compound,Arc Reactor Cores,708.01,7.74,False
2015-06-02T13:00:00,Avengers Compound,Pym Particles,723.09,7.09,False
2015-06-02T13:00:00,Avengers Compound,Clean Water (L),2412.39,7.74,False
2015-06-02T13:00:00,Avengers Compound,Medical Kits,734.65,5.8,False
2015-06-02T14:00:00,New Asgard,Vibranium (kg),2423.72,6.3,False
2015-06-02T14:00:00,New Asgard,Arc Reactor Cores,708.6,7.56,False
2015-06-02T14:00:00,New Asgard,Pym Particles,714.04,6.93,False
2015-06-02T14:00:00,New Asgard,Clean Water (L),2414.25,7.56,False
2015-06-02T14:00:00,New Asgard,Medical Kits,733.87,5.67,False
2015-06-02T14:00:00,Wakanda,Vibranium (kg),2426.03,6.3,False
2015-06-02T14:00:00,Wakanda,Arc Reactor Cores,709.28,7.56,False
2015-06-02T14:00:00,Wakanda,Pym Particles,712.63,6.93,False
2015-06-02T14:00:00,Wakanda,Clean Water (L),2410.19,7.56,False
2015-06-02T14:00:00,Wakanda,Medical Kits,737.34,5.67,False
2015-06-02T14:00:00,Sokovia,Vibranium (kg),2425.85,6.3,False
2015-06-02T14:00:00,Sokovia,Arc Reactor Cores,707.16,7.56,False
2015-06-02T14:00:00,Sokovia,Pym Particles,718.45,6.93,False
2015-06-02T14:00:00,Sokovia,Clean Water (L),2411.15,7.56,False
2015-06-02T14:00:00,Sokovia,Medical Kits,735.79,5.67,False
2015-06-02T14:00:00,Sanctum Sanctorum,Vibranium (kg),2423.06,6.3,False
2015-06-02T14:00:00,Sanctum Sanctorum,Arc Reactor Cores,701.78,7.56,False
2015-06-02T14:00:00,Sanctum Sanctorum,Pym Particles,719.5,6.93,False
2015-06-02T14:00:00,Sanctum Sanctorum,Clean Water (L),2408.72,7.56,False
2015-06-02T14:00:00,Sanctum Sanctorum,Medical Kits,733.54,5.67,False
2015-06-02T14:00:00,Avengers Compound,Vibranium (kg),2427.39,6.3,False
2015-06-02T14:00:00,Avengers Compound,Arc Reactor Cores,705.81,7.56,False
2015-06-02T14:00:00,Avengers Compound,Pym Particles,722.19,6.93,False
2015-06-02T14:00:00,Avengers Compound,Clean Water (L),2410.56,7.56,False
2015-06-02T14:00:00,Avengers Compound,Medical Kits,734.48,5.67,False
2015-06-02T15:00:00,New Asgard,Vibranium (kg),2424.15,6.06,False
2015-06-02T15:00:00,New Asgard,Arc Reactor Cores,706.4,7.27,False
2015-06-02T15:00:00,New Asgard,Pym Particles,713.7,6.67,False
2015-06-02T15:00:00,New Asgard,Clean Water (L),2412.27,7.27,False
2015-06-02T15:00:00,New Asgard,Medical Kits,733.24,5.45,False
2015-06-02T15:00:00,Wakanda,Vibranium (kg),2425.42,6.06,False
2015-06-02T15:00:00,Wakanda,Arc Reactor Cores,707.17,7.27,False
2015-06-02T15:00:00,Wakanda,Pym Particles,711.16,6.67,False
2015-06-02T15:00:00,Wakanda,Clean Water (L),2407.7,7.27,False
2015-06-02T15:00:00,Wakanda,Medical Kits,736.67,5.45,False
2015-06-02T15:00:00,Sokovia,Vibranium (kg),2424.46,6.06,False
2015-06-02T15:00:00,Sokovia,Arc Reactor Cores,705.41,7.27,False
2015-06-02T15:00:00,Sokovia,Pym Particles,716.1,6.67,False
2015-06-02T15:00:00,Sokovia,Clean Water (L),2407.79,7.27,False
2015-06-02T15:00:00,Sokovia,Medical Kits,734.33,5.45,False
2015-06-02T15:00:00,Sanctum Sanctorum,Vibranium (kg),2422.23,6.06,False
2015-06-02T15:00:00,Sanctum Sanctorum,Arc Reactor Cores,700.36,7.27,False
2015-06-02T15:00:00,Sanctum Sanctorum,Pym Particles,718.46,6.67,False
2015-06-02T15:00:00,Sanctum Sanctorum,Clean Water (L),2406.43,7.27,False
2015-06-02T15:00:00,Sanctum Sanctorum,Medical Kits,731.89,5.45,False
2015-06-02T15:00:00,Avengers Compound,Vibranium (kg),2424.35,6.06,False
2015-06-02T15:00:00,Avengers Compound,Arc Reactor Cores,704.45,7.27,False
2015-06-02T15:00:00,Avengers Compound,Pym Particles,719.6,6.67,False
2015-06-02T15:00:00,Avengers Compound,Clean Water (L),2408.51,7.27,False
2015-06-02T15:00:00,Avengers Compound,Medical Kits,733.76,5.45,False
2015-06-02T16:00:00,New Asgard,Vibranium (kg),2424.07,5.75,False
2015-06-02T16:00:00,New Asgard,Arc Reactor Cores,705.15,6.9,False
2015-06-02T16:00:00,New Asgard,Pym Particles,711.16,6.32,False
2015-06-02T16:00:00,New Asgard,Clean Water (L),2410.93,6.9,False
2015-06-02T16:00:00,New Asgard,Medical Kits,731.53,5.17,False
2015-06-02T16:00:00,Wakanda,Vibranium (kg),2423.53,5.75,False
2015-06-02T16:00:00,Wakanda,Arc Reactor Cores,705.44,6.9,False
2015-06-02T16:00:00,Wakanda,Pym Particles,709.62,6.32,False
2015-06-02T16:00:00,Wakanda,Clean Water (L),2406.32,6.9,False
2015-06-02T16:00:00,Wakanda,Medical Kits,735.08,5.17,False
2015-06-02T16:00:00,Sokovia,Vibranium (kg),2422.77,5.75,False
2015-06-02T16:00:00,Sokovia,Arc Reactor Cores,705.01,6.9,False
2015-06-02T16:00:00,Sokovia,Pym Particles,716.22,6.32,False
2015-06-02T16:00:00,Sokovia,Clean Water (L),2406.38,6.9,False
2015-06-02T16:00:00,Sokovia,Medical Kits,734.09,5.17,False
2015-06-02T16:00:00,Sanctum Sanctorum,Vibranium (kg),2420.32,5.75,False
2015-06-02T16:00:00,Sanctum Sanctorum,Arc Reactor Cores,699.27,6.9,False
2015-06-02T16:00:00,Sanctum Sanctorum,Pym Particles,718.74,6.32,False
2015-06-02T16:00:00,Sanctum Sanctorum,Clean Water (L),2406.6,6.9,False
2015-06-02T16:00:00,Sanctum Sanctorum,Medical Kits,730.68,5.17,False
2015-06-02T16:00:00,Avengers Compound,Vibranium (kg),2423.26,5.75,False
2015-06-02T16:00:00,Avengers Compound,Arc Reactor Cores,703.45,6.9,False
2015-06-02T16:00:00,Avengers Compound,Pym Particles,718.31,6.32,False
2015-06-02T16:00:00,Avengers Compound,Clean Water (L),2407.22,6.9,False
2015-06-02T16:00:00,Avengers Compound,Medical Kits,732.04,5.17,False
2015-06-02T17:00:00,New Asgard,Vibranium (kg),2423.6,5.39,False
2015-06-02T17:00:00,New Asgard,Arc Reactor Cores,703.46,6.47,False
2015-06-02T17:00:00,New Asgard,Pym Particles,712.03,5.93,False
2015-06-02T17:00:00,New Asgard,Clean Water (L),2410.8,6.47,False
2015-06-02T17:00:00,New Asgard,Medical Kits,730.57,4.85,False
2015-06-02T17:00:00,Wakanda,Vibranium (kg),2424.92,5.39,False
2015-06-02T17:00:00,Wakanda,Arc Reactor Cores,704.68,6.47,False
2015-06-02T17:00:00,Wakanda,Pym Particles,710.29,5.93,False
2015-06-02T17:00:00,Wakanda,Clean Water (L),2404.34,6.47,False
2015-06-02T17:00:00,Wakanda,Medical Kits,734.45,4.85,False
2015-06-02T17:00:00,Sokovia,Vibranium (kg),2423.08,5.39,False
2015-06-02T17:00:00,Sokovia,Arc Reactor Cores,704.57,6.47,False
2015-06-02T17:00:00,Sokovia,Pym Particles,715.42,5.93,False
2015-06-02T17:00:00,Sokovia,Clean Water (L),2406.82,6.47,False
2015-06-02T17:00:00,Sokovia,Medical Kits,733.25,4.85,False
2015-06-02T17:00:00,Sanctum Sanctorum,Vibranium (kg),2420.82,5.39,False
2015-06-02T17:00:00,Sanctum Sanctorum,Arc Reactor Cores,698.71,6.47,False
2015-06-02T17:00:00,Sanctum Sanctorum,Pym Particles,718.42,5.93,False
2015-06-02T17:00:00,Sanctum Sanctorum,Clean Water (L),2405.42,6.47,False
2015-06-02T17:00:00,Sanctum Sanctorum,Medical Kits,730.71,4.85,False
2015-06-02T17:00:00,Avengers Compound,Vibranium (kg),2423.64,5.39,False
2015-06-02T17:00:00,Avengers Compound,Arc Reactor Cores,703.15,6.47,False
2015-06-02T17:00:00,Avengers Compound,Pym Particles,717.44,5.93,False
2015-06-02T17:00:00,Avengers Compound,Clean Water (L),2405.64,6.47,False
2015-06-02T17:00:00,Avengers Compound,Medical Kits,731.4,4.85,False
2015-06-02T18:00:00,New Asgard,Vibranium (kg),2423.56,5.0,False
2015-06-02T18:00:00,New Asgard,Arc Reactor Cores,703.82,6.0,False
2015-06-02T18:00:00,New Asgard,Pym Particles,712.94,5.5,False
2015-06-02T18:00:00,New Asgard,Clean Water (L),2410.7,6.0,False
2015-06-02T18:00:00,New Asgard,Medical Kits,729.3,4.5,False
2015-06-02T18:00:00,Wakanda,Vibranium (kg),2425.07,5.0,False
2015-06-02T18:00:00,Wakanda,Arc Reactor Cores,704.08,6.0,False
2015-06-02T18:00:00,Wakanda,Pym Particles,710.19,5.5,False
2015-06-02T18:00:00,Wakanda,Clean Water (L),2404.12,6.0,False
2015-06-02T18:00:00,Wakanda,Medical Kits,734.36,4.5,False
2015-06-02T18:00:00,Sokovia,Vibranium (kg),2422.67,5.0,False
2015-06-02T18:00:00,Sokovia,Arc Reactor Cores,704.41,6.0,False
2015-06-02T18:00:00,Sokovia,Pym Particles,715.12,5.5,False
2015-06-02T18:00:00,Sokovia,Clean Water (L),2406.36,6.0,False
2015-06-02T18:00:00,Sokovia,Medical Kits,733.38,4.5,False
2015-06-02T18:00:00,Sanctum Sanctorum,Vibranium (kg),2420.52,5.0,False
2015-06-02T18:00:00,Sanctum Sanctorum,Arc Reactor Cores,698.29,6.0,False
2015-06-02T18:00:00,Sanctum Sanctorum,Pym Particles,719.24,5.5,False
2015-06-02T18:00:00,Sanctum Sanctorum,Clean Water (L),2404.18,6.0,False
2015-06-02T18:00:00,Sanctum Sanctorum,Medical Kits,729.7,4.5,False
2015-06-02T18:00:00,Avengers Compound,Vibranium (kg),2422.58,5.0,False
2015-06-02T18:00:00,Avengers Compound,Arc Reactor Cores,703.8,6.0,False
2015-06-02T18:00:00,Avengers Compound,Pym Particles,717.04,5.5,False
2015-06-02T18:00:00,Avengers Compound,Clean Water (L),2405.08,6.0,False
2015-06-02T18:00:00,Avengers Compound,Medical Kits,730.73,4.5,False
2015-06-02T19:00:00,New Asgard,Vibranium (kg),2422.92,4.61,False
2015-06-02T19:00:00,New Asgard,Arc Reactor Cores,703.98,5.53,False
2015-06-02T19:00:00,New Asgard,Pym Particles,712.14,5.07,False
2015-06-02T19:00:00,New Asgard,Clean Water (L),2411.57,5.53,False
2015-06-02T19:00:00,New Asgard,Medical Kits,729.7,4.15,False
2015-06-02T19:00:00,Wakanda,Vibranium (kg),2423.99,4.61,False
2015-06-02T19:00:00,Wakanda,Arc Reactor Cores,704.47,5.53,False
2015-06-02T19:00:00,Wakanda,Pym Particles,710.82,5.07,False
2015-06-02T19:00:00,Wakanda,Clean Water (L),2403.96,5.53,False
2015-06-02T19:00:00,Wakanda,Medical Kits,735.35,4.15,False
2015-06-02T19:00:00,Sokovia,Vibranium (kg),2422.63,4.61,False
2015-06-02T19:00:00,Sokovia,Arc Reactor Cores,705.12,5.53,False
2015-06-02T19:00:00,Sokovia,Pym Particles,715.1,5.07,False
2015-06-02T19:00:00,Sokovia,Clean Water (L),2405.57,5.53,False
2015-06-02T19:00:00,Sokovia,Medical Kits,732.57,4.15,False
2015-06-02T19:00:00,Sanctum Sanctorum,Vibranium (kg),2422.14,4.61,False
2015-06-02T19:00:00,Sanctum Sanctorum,Arc Reactor Cores,697.5,5.53,False
2015-06-02T19:00:00,Sanctum Sanctorum,Pym Particles,717.7,5.07,False
2015-06-02T19:00:00,Sanctum Sanctorum,Clean Water (L),2405.56,5.53,False
2015-06-02T19:00:00,Sanctum Sanctorum,Medical Kits,730.23,4.15,False
2015-06-02T19:00:00,Avengers Compound,Vibranium (kg),2422.88,4.61,False
2015-06-02T19:00:00,Avengers Compound,Arc Reactor Cores,704.37,5.53,False
2015-06-02T19:00:00,Avengers Compound,Pym Particles,715.36,5.07,False
2015-06-02T19:00:00,Avengers Compound,Clean Water (L),2404.89,5.53,False
2015-06-02T19:00:00,Avengers Compound,Medical Kits,731.61,4.15,False
2015-06-02T20:00:00,New Asgard,Vibranium (kg),2422.93,4.25,False
2015-06-02T20:00:00,New Asgard,Arc Reactor Cores,704.92,5.1,False
2015-06-02T20:00:00,New Asgard,Pym Particles,712.34,4.68,False
2015-06-02T20:00:00,New Asgard,Clean Water (L),2411.13,5.1,False
2015-06-02T20:00:00,New Asgard,Medical Kits,730.31,3.83,False
2015-06-02T20:00:00,Wakanda,Vibranium (kg),2424.02,4.25,False
2015-06-02T20:00:00,Wakanda,Arc Reactor Cores,705.68,5.1,False
2015-06-02T20:00:00,Wakanda,Pym Particles,710.71,4.68,False
2015-06-02T20:00:00,Wakanda,Clean Water (L),2405.23,5.1,False
2015-06-02T20:00:00,Wakanda,Medical Kits,736.96,3.83,False
2015-06-02T20:00:00,Sokovia,Vibranium (kg),2423.35,4.25,False
2015-06-02T20:00:00,Sokovia,Arc Reactor Cores,705.79,5.1,False
2015-06-02T20:00:00,Sokovia,Pym Particles,715.12,4.68,False
2015-06-02T20:00:00,Sokovia,Clean Water (L),2406.5,5.1,False
2015-06-02T20:00:00,Sokovia,Medical Kits,732.65,3.83,False
2015-06-02T20:00:00,Sanctum Sanctorum,Vibranium (kg),2420.91,4.25,False
2015-06-02T20:00:00,Sanctum Sanctorum,Arc Reactor Cores,699.02,5.1,False
2015-06-02T20:00:00,Sanctum Sanctorum,Pym Particles,718.36,4.68,False
2015-06-02T20:00:00,Sanctum Sanctorum,Clean Water (L),2405.9,5.1,False
2015-06-02T20:00:00,Sanctum Sanctorum,Medical Kits,730.26,3.83,False
2015-06-02T20:00:00,Avengers Compound,Vibranium (kg),2422.87,4.25,False
2015-06-02T20:00:00,Avengers Compound,Arc Reactor Cores,705.43,5.1,False
2015-06-02T20:00:00,Avengers Compound,Pym Particles,717.38,4.68,False
2015-06-02T20:00:00,Avengers Compound,Clean Water (L),2406.64,5.1,False
2015-06-02T20:00:00,Avengers Compound,Medical Kits,731.61,3.83,False
2015-06-02T21:00:00,New Asgard,Vibranium (kg),2423.34,3.94,False
2015-06-02T21:00:00,New Asgard,Arc Reactor Cores,704.29,4.73,False
2015-06-02T21:00:00,New Asgard,Pym Particles,711.95,4.33,False
2015-06-02T21:00:00,New Asgard,Clean Water (L),2412.71,4.73,False
2015-06-02T21:00:00,New Asgard,Medical Kits,729.69,3.55,False
2015-06-02T21:00:00,Wakanda,Vibranium (kg),2424.0,3.94,False
2015-06-02T21:00:00,Wakanda,Arc Reactor Cores,708.02,4.73,False
2015-06-02T21:00:00,Wakanda,Pym Particles,710.9,4.33,False
2015-06-02T21:00:00,Wakanda,Clean Water (L),2406.65,4.73,False
2015-06-02T21:00:00,Wakanda,Medical Kits,737.57,3.55,False
2015-06-02T21:00:00,Sokovia,Vibranium (kg),2425.56,3.94,False
2015-06-02T21:00:00,Sokovia,Arc Reactor Cores,708.47,4.73,False
2015-06-02T21:00:00,Sokovia,Pym Particles,716.44,4.33,False
2015-06-02T21:00:00,Sokovia,Clean Water (L),2407.05,4.73,False
2015-06-02T21:00:00,Sokovia,Medical Kits,733.69,3.55,False
2015-06-02T21:00:00,Sanctum Sanctorum,Vibranium (kg),2423.55,3.94,False
2015-06-02T21:00:00,Sanctum Sanctorum,Arc Reactor Cores,700.01,4.73,False
2015-06-02T21:00:00,Sanctum Sanctorum,Pym Particles,720.8,4.33,False
2015-06-02T21:00:00,Sanctum Sanctorum,Clean Water (L),2407.47,4.73,False
2015-06-02T21:00:00,Sanctum Sanctorum,Medical Kits,731.19,3.55,False
2015-06-02T21:00:00,Avengers Compound,Vibranium (kg),2424.57,3.94,False
2015-06-02T21:00:00,Avengers Compound,Arc Reactor Cores,706.65,4.73,False
2015-06-02T21:00:00,Avengers Compound,Pym Particles,718.78,4.33,False
2015-06-02T21:00:00,Avengers Compound,Clean Water (L),2407.91,4.73,False
2015-06-02T21:00:00,Avengers Compound,Medical Kits,732.36,3.55,False
2015-06-02T22:00:00,New Asgard,Vibranium (kg),2426.03,3.7,False
2015-06-02T22:00:00,New Asgard,Arc Reactor Cores,704.48,4.44,False
2015-06-02T22:00:00,New Asgard,Pym Particles,712.7,4.07,False
2015-06-02T22:00:00,New Asgard,Clean Water (L),2415.13,4.44,False
2015-06-02T22:00:00,New Asgard,Medical Kits,730.24,3.33,False
2015-06-02T22:00:00,Wakanda,Vibranium (kg),2425.39,3.7,False
2015-06-02T22:00:00,Wakanda,Arc Reactor Cores,709.22,4.44,False
2015-06-02T22:00:00,Wakanda,Pym Particles,711.4,4.07,False
2015-06-02T22:00:00,Wakanda,Clean Water (L),2406.91,4.44,False
2015-06-02T22:00:00,Wakanda,Medical Kits,737.22,3.33,False
2015-06-02T22:00:00,Sokovia,Vibranium (kg),2426.39,3.7,False
2015-06-02T22:00:00,Sokovia,Arc Reactor Cores,709.48,4.44,False
2015-06-02T22:00:00,Sokovia,Pym Particles,717.93,4.07,False
2015-06-02T22:00:00,Sokovia,Clean Water (L),2408.6,4.44,False
2015-06-02T22:00:00,Sokovia,Medical Kits,733.57,3.33,False
2015-06-02T22:00:00,Sanctum Sanctorum,Vibranium (kg),2423.9,3.7,False
2015-06-02T22:00:00,Sanctum Sanctorum,Arc Reactor Cores,703.35,4.44,False
2015-06-02T22:00:00,Sanctum Sanctorum,Pym Particles,720.95,4.07,False
2015-06-02T22:00:00,Sanctum Sanctorum,Clean Water (L),2409.06,4.44,False
2015-06-02T22:00:00,Sanctum Sanctorum,Medical Kits,732.59,3.33,False
2015-06-02T22:00:00,Avengers Compound,Vibranium (kg),2424.93,3.7,False
2015-06-02T22:00:00,Avengers Compound,Arc Reactor Cores,708.23,4.44,False
2015-06-02T22:00:00,Avengers Compound,Pym Particles,720.66,4.07,False
2015-06-02T22:00:00,Avengers Compound,Clean Water (L),2408.19,4.44,False
2015-06-02T22:00:00,Avengers Compound,Medical Kits,731.89,3.33,False
2015-06-02T23:00:00,New Asgard,Vibranium (kg),2428.36,3.55,False
2015-06-02T23:00:00,New Asgard,Arc Reactor Cores,706.7,4.26,False
2015-06-02T23:00:00,New Asgard,Pym Particles,712.54,3.91,False
2015-06-02T23:00:00,New Asgard,Clean Water (L),2415.45,4.26,False
2015-06-02T23:00:00,New Asgard,Medical Kits,732.83,3.2,False
2015-06-02T23:00:00,Wakanda,Vibranium (kg),2427.05,3.55,False
2015-06-02T23:00:00,Wakanda,Arc Reactor Cores,711.19,4.26,False
2015-06-02T23:00:00,Wakanda,Pym Particles,712.95,3.91,False
2015-06-02T23:00:00,Wakanda,Clean Water (L),2410.15,4.26,False
2015-06-02T23:00:00,Wakanda,Medical Kits,739.69,3.2,False
2015-06-02T23:00:00,Sokovia,Vibranium (kg),2428.8,3.55,False
2015-06-02T23:00:00,Sokovia,Arc Reactor Cores,710.66,4.26,False
2015-06-02T23:00:00,Sokovia,Pym Particles,719.39,3.91,False
2015-06-02T23:00:00,Sokovia,Clean Water (L),2408.87,4.26,False
2015-06-02T23:00:00,Sokovia,Medical Kits,735.36,3.2,False
2015-06-02T23:00:00,Sanctum Sanctorum,Vibranium (kg),2424.15,3.55,False
2015-06-02T23:00:00,Sanctum Sanctorum,Arc Reactor Cores,703.65,4.26,False
2015-06-02T23:00:00,Sanctum Sanctorum,Pym Particles,721.74,3.91,False
2015-06-02T23:00:00,Sanctum Sanctorum,Clean Water (L),2410.51,4.26,False
2015-06-02T23:00:00,Sanctum Sanctorum,Medical Kits,732.07,3.2,False
2015-06-02T23:00:00,Avengers Compound,Vibranium (kg),2426.48,3.55,False
2015-06-02T23:00:00,Avengers Compound,Arc Reactor Cores,709.88,4.26,False
2015-06-02T23:00:00,Avengers Compound,Pym Particles,722.67,3.91,False
2015-06-02T23:00:00,Avengers Compound,Clean Water (L),2410.56,4.26,False
2015-06-02T23:00:00,Avengers Compound,Medical Kits,733.0,3.2,False
2015-06-03T00:00:00,New Asgard,Vibranium (kg),2429.55,3.5,False
2015-06-03T00:00:00,New Asgard,Arc Reactor Cores,706.73,4.2,False
2015-06-03T00:00:00,New Asgard,Pym Particles,715.57,3.85,False
2015-06-03T00:00:00,New Asgard,Clean Water (L),2416.44,4.2,False
2015-06-03T00:00:00,New Asgard,Medical Kits,733.71,3.15,False
2015-06-03T00:00:00,Wakanda,Vibranium (kg),2428.34,3.5,False
2015-06-03T00:00:00,Wakanda,Arc Reactor Cores,711.73,4.2,False
2015-06-03T00:00:00,Wakanda,Pym Particles,714.84,3.85,False
2015-06-03T00:00:00,Wakanda,Clean Water (L),2410.29,4.2,False
2015-06-03T00:00:00,Wakanda,Medical Kits,740.62,3.15,False
2015-06-03T00:00:00,Sokovia,Vibranium (kg),2429.79,3.5,False
2015-06-03T00:00:00,Sokovia,Arc Reactor Cores,710.67,4.2,False
2015-06-03T00:00:00,Sokovia,Pym Particles,719.07,3.85,False
2015-06-03T00:00:00,Sokovia,Clean Water (L),2411.34,4.2,False
2015-06-03T00:00:00,Sokovia,Medical Kits,735.85,3.15,False
2015-06-03T00:00:00,Sanctum Sanctorum,Vibranium (kg),2424.25,3.5,False
2015-06-03T00:00:00,Sanctum Sanctorum,Arc Reactor Cores,705.88,4.2,False
2015-06-03T00:00:00,Sanctum Sanctorum,Pym Particles,722.94,3.85,False
2015-06-03T00:00:00,Sanctum Sanctorum,Clean Water (L),2412.12,4.2,False
2015-06-03T00:00:00,Sanctum Sanctorum,Medical Kits,732.18,3.15,False
2015-06-03T00:00:00,Avengers Compound,Vibranium (kg),2427.12,3.5,False
2015-06-03T00:00:00,Avengers Compound,Arc Reactor Cores,711.67,4.2,False
2015-06-03T00:00:00,Avengers Compound,Pym Particles,722.74,3.85,False
2015-06-03T00:00:00,Avengers Compound,Clean Water (L),2410.61,4.2,False
2015-06-03T00:00:00,Avengers Compound,Medical Kits,734.78,3.15,False
2015-06-03T01:00:00,New Asgard,Vibranium (kg),2431.61,3.55,False
2015-06-03T01:00:00,New Asgard,Arc Reactor Cores,708.98,4.26,False
2015-06-03T01:00:00,New Asgard,Pym Particles,717.21,3.91,False
2015-06-03T01:00:00,New Asgard,Clean Water (L),2415.58,4.26,False
2015-06-03T01:00:00,New Asgard,Medical Kits,735.72,3.2,False
2015-06-03T01:00:00,Wakanda,Vibranium (kg),2427.48,3.55,False
2015-06-03T01:00:00,Wakanda,Arc Reactor Cores,711.15,4.26,False
2015-06-03T01:00:00,Wakanda,Pym Particles,715.48,3.91,False
2015-06-03T01:00:00,Wakanda,Clean Water (L),2411.91,4.26,False
2015-06-03T01:00:00,Wakanda,Medical Kits,740.63,3.2,False
2015-06-03T01:00:00,Sokovia,Vibranium (kg),2430.02,3.55,False
2015-06-03T01:00:00,Sokovia,Arc Reactor Cores,711.65,4.26,False
2015-06-03T01:00:00,Sokovia,Pym Particles,718.97,3.91,False
2015-06-03T01:00:00,Sokovia,Clean Water (L),2411.4,4.26,False
2015-06-03T01:00:00,Sokovia,Medical Kits,737.05,3.2,False
2015-06-03T01:00:00,Sanctum Sanctorum,Vibranium (kg),2426.3,3.55,False
2015-06-03T01:00:00,Sanctum Sanctorum,Arc Reactor Cores,707.53,4.26,False
2015-06-03T01:00:00,Sanctum Sanctorum,Pym Particles,724.52,3.91,False
2015-06-03T01:00:00,Sanctum Sanctorum,Clean Water (L),2412.01,4.26,False
2015-06-03T01:00:00,Sanctum Sanctorum,Medical Kits,732.76,3.2,False
2015-06-03T01:00:00,Avengers Compound,Vibranium (kg),2429.34,3.55,False
2015-06-03T01:00:00,Avengers Compound,Arc Reactor Cores,712.73,4.26,False
2015-06-03T01:00:00,Avengers Compound,Pym Particles,722.93,3.91,False
2015-06-03T01:00:00,Avengers Compound,Clean Water (L),2412.21,4.26,False
2015-06-03T01:00:00,Avengers Compound,Medical Kits,736.36,3.2,False
2015-06-03T02:00:00,New Asgard,Vibranium (kg),2433.77,3.7,False
2015-06-03T02:00:00,New Asgard,Arc Reactor Cores,710.5,4.44,False
2015-06-03T02:00:00,New Asgard,Pym Particles,718.28,4.07,False
2015-06-03T02:00:00,New Asgard,Clean Water (L),2415.96,4.44,False
2015-06-03T02:00:00,New Asgard,Medical Kits,736.46,3.33,False
2015-06-03T02:00:00,Wakanda,Vibranium (kg),2427.92,3.7,False
2015-06-03T02:00:00,Wakanda,Arc Reactor Cores,710.81,4.44,False
2015-06-03T02:00:00,Wakanda,Pym Particles,716.87,4.07,False
2015-06-03T02:00:00,Wakanda,Clean Water (L),2412.78,4.44,False
2015-06-03T02:00:00,Wakanda,Medical Kits,740.61,3.33,False
2015-06-03T02:00:00,Sokovia,Vibranium (kg),2431.06,3.7,False
2015-06-03T02:00:00,Sokovia,Arc Reactor Cores,711.63,4.44,False
2015-06-03T02:00:00,Sokovia,Pym Particles,721.04,4.07,False
2015-06-03T02:00:00,Sokovia,Clean Water (L),2410.65,4.44,False
2015-06-03T02:00:00,Sokovia,Medical Kits,737.86,3.33,False
2015-06-03T02:00:00,Sanctum Sanctorum,Vibranium (kg),2427.15,3.7,False
2015-06-03T02:00:00,Sanctum Sanctorum,Arc Reactor Cores,709.09,4.44,False
2015-06-03T02:00:00,Sanctum Sanctorum,Pym Particles,726.08,4.07,False
2015-06-03T02:00:00,Sanctum Sanctorum,Clean Water (L),2411.58,4.44,False
2015-06-03T02:00:00,Sanctum Sanctorum,Medical Kits,733.53,3.33,False
2015-06-03T02:00:00,Avengers Compound,Vibranium (kg),2431.55,3.7,False
2015-06-03T02:00:00,Avengers Compound,Arc Reactor Cores,713.44,4.44,False
2015-06-03T02:00:00,Avengers Compound,Pym Particles,724.04,4.07,False
2015-06-03T02:00:00,Avengers Compound,Clean Water (L),2413.09,4.44,False
2015-06-03T02:00:00,Avengers Compound,Medical Kits,736.83,3.33,False
2015-06-03T03:00:00,New Asgard,Vibranium (kg),2433.8,3.94,False
2015-06-03T03:00:00,New Asgard,Arc Reactor Cores,711.24,4.73,False
2015-06-03T03:00:00,New Asgard,Pym Particles,719.1,4.33,False
2015-06-03T03:00:00,New Asgard,Clean Water (L),2416.79,4.73,False
2015-06-03T03:00:00,New Asgard,Medical Kits,737.69,3.55,False
2015-06-03T03:00:00,Wakanda,Vibranium (kg),2428.37,3.94,False
2015-06-03T03:00:00,Wakanda,Arc Reactor Cores,712.81,4.73,False
2015-06-03T03:00:00,Wakanda,Pym Particles,716.45,4.33,False
2015-06-03T03:00:00,Wakanda,Clean Water (L),2413.85,4.73,False
2015-06-03T03:00:00,Wakanda,Medical Kits,740.55,3.55,False
2015-06-03T03:00:00,Sokovia,Vibranium (kg),2431.69,3.94,False
2015-06-03T03:00:00,Sokovia,Arc Reactor Cores,712.52,4.73,False
2015-06-03T03:00:00,Sokovia,Pym Particles,721.0,4.33,False
2015-06-03T03:00:00,Sokovia,Clean Water (L),2411.82,4.73,False
2015-06-03T03:00:00,Sokovia,Medical Kits,737.45,3.55,False
2015-06-03T03:00:00,Sanctum Sanctorum,Vibranium (kg),2428.01,3.94,False
2015-06-03T03:00:00,Sanctum Sanctorum,Arc Reactor Cores,708.27,4.73,False
2015-06-03T03:00:00,Sanctum Sanctorum,Pym Particles,726.75,4.33,False
2015-06-03T03:00:00,Sanctum Sanctorum,Clean Water (L),2411.73,4.73,False
2015-06-03T03:00:00,Sanctum Sanctorum,Medical Kits,734.77,3.55,False
2015-06-03T03:00:00,Avengers Compound,Vibranium (kg),2431.81,3.94,False
2015-06-03T03:00:00,Avengers Compound,Arc Reactor Cores,714.47,4.73,False
2015-06-03T03:00:00,Avengers Compound,Pym Particles,723.73,4.33,False
2015-06-03T03:00:00,Avengers Compound,Clean Water (L),2413.16,4.73,False
2015-06-03T03:00:00,Avengers Compound,Medical Kits,736.06,3.55,False
2015-06-03T04:00:00,New Asgard,Vibranium (kg),2433.38,4.25,False
2015-06-03T04:00:00,New Asgard,Arc Reactor Cores,711.7,5.1,False
2015-06-03T04:00:00,New Asgard,Pym Particles,719.13,4.68,False
2015-06-03T04:00:00,New Asgard,Clean Water (L),2416.67,5.1,False
2015-06-03T04:00:00,New Asgard,Medical Kits,738.23,3.83,False
2015-06-03T04:00:00,Wakanda,Vibranium (kg),2428.61,4.25,False
2015-06-03T04:00:00,Wakanda,Arc Reactor Cores,713.27,5.1,False
2015-06-03T04:00:00,Wakanda,Pym Particles,716.13,4.68,False
2015-06-03T04:00:00,Wakanda,Clean Water (L),2412.91,5.1,False
2015-06-03T04:00:00,Wakanda,Medical Kits,739.77,3.83,False
2015-06-03T04:00:00,Sokovia,Vibranium (kg),2431.02,4.25,False
2015-06-03T04:00:00,Sokovia,Arc Reactor Cores,712.49,5.1,False
2015-06-03T04:00:00,Sokovia,Pym Particles,721.42,4.68,False
2015-06-03T04:00:00,Sokovia,Clean Water (L),2412.92,5.1,False
2015-06-03T04:00:00,Sokovia,Medical Kits,738.67,3.83,False
2015-06-03T04:00:00,Sanctum Sanctorum,Vibranium (kg),2429.58,4.25,False
2015-06-03T04:00:00,Sanctum Sanctorum,Arc Reactor Cores,707.91,5.1,False
2015-06-03T04:00:00,Sanctum Sanctorum,Pym Particles,725.2,4.68,False
2015-06-03T04:00:00,Sanctum Sanctorum,Clean Water (L),2412.7,5.1,False
2015-06-03T04:00:00,Sanctum Sanctorum,Medical Kits,735.66,3.83,False
2015-06-03T04:00:00,Avengers Compound,Vibranium (kg),2432.39,4.25,False
2015-06-03T04:00:00,Avengers Compound,Arc Reactor Cores,714.82,5.1,False
2015-06-03T04:00:00,Avengers Compound,Pym Particles,725.26,4.68,False
2015-06-03T04:00:00,Avengers Compound,Clean Water (L),2413.2,5.1,False
2015-06-03T04:00:00,Avengers Compound,Medical Kits,736.12,3.83,False
2015-06-03T05:00:00,New Asgard,Vibranium (kg),2433.27,4.61,False
2015-06-03T05:00:00,New Asgard,Arc Reactor Cores,710.46,5.53,False
2015-06-03T05:00:00,New Asgard,Pym Particles,719.24,5.07,False
2015-06-03T05:00:00,New Asgard,Clean Water (L),2417.15,5.53,False
2015-06-03T05:00:00,New Asgard,Medical Kits,738.8,4.15,False
2015-06-03T05:00:00,Wakanda,Vibranium (kg),2429.49,4.61,False
2015-06-03T05:00:00,Wakanda,Arc Reactor Cores,712.98,5.53,False
2015-06-03T05:00:00,Wakanda,Pym Particles,716.5,5.07,False
2015-06-03T05:00:00,Wakanda,Clean Water (L),2412.43,5.53,False
2015-06-03T05:00:00,Wakanda,Medical Kits,739.65,4.15,False
2015-06-03T05:00:00,Sokovia,Vibranium (kg),2429.45,4.61,False
2015-06-03T05:00:00,Sokovia,Arc Reactor Cores,711.47,5.53,False
2015-06-03T05:00:00,Sokovia,Pym Particles,721.01,5.07,False
2015-06-03T05:00:00,Sokovia,Clean Water (L),2413.8,5.53,False
2015-06-03T05:00:00,Sokovia,Medical Kits,738.21,4.15,False
2015-06-03T05:00:00,Sanctum Sanctorum,Vibranium (kg),2430.19,4.61,False
2015-06-03T05:00:00,Sanctum Sanctorum,Arc Reactor Cores,708.14,5.53,False
2015-06-03T05:00:00,Sanctum Sanctorum,Pym Particles,724.35,5.07,False
2015-06-03T05:00:00,Sanctum Sanctorum,Clean Water (L),2412.54,5.53,False
2015-06-03T05:00:00,Sanctum Sanctorum,Medical Kits,735.72,4.15,False
2015-06-03T05:00:00,Avengers Compound,Vibranium (kg),2431.78,4.61,False
2015-06-03T05:00:00,Avengers Compound,Arc Reactor Cores,713.67,5.53,False
2015-06-03T05:00:00,Avengers Compound,Pym Particles,724.55,5.07,False
2015-06-03T05:00:00,Avengers Compound,Clean Water (L),2413.47,5.53,False
2015-06-03T05:00:00,Avengers Compound,Medical Kits,735.2,4.15,False
2015-06-03T06:00:00,New Asgard,Vibranium (kg),2433.35,5.0,False
2015-06-03T06:00:00,New Asgard,Arc Reactor Cores,711.14,6.0,False
2015-06-03T06:00:00,New Asgard,Pym Particles,718.4,5.5,False
2015-06-03T06:00:00,New Asgard,Clean Water (L),2417.07,6.0,False
2015-06-03T06:00:00,New Asgard,Medical Kits,737.63,4.5,False
2015-06-03T06:00:00,Wakanda,Vibranium (kg),2430.16,5.0,False
2015-06-03T06:00:00,Wakanda,Arc Reactor Cores,712.61,6.0,False
2015-06-03T06:00:00,Wakanda,Pym Particles,716.44,5.5,False
2015-06-03T06:00:00,Wakanda,Clean Water (L),2412.13,6.0,False
2015-06-03T06:00:00,Wakanda,Medical Kits,737.93,4.5,False
2015-06-03T06:00:00,Sokovia,Vibranium (kg),2428.74,5.0,False
2015-06-03T06:00:00,Sokovia,Arc Reactor Cores,710.56,6.0,False
2015-06-03T06:00:00,Sokovia,Pym Particles,719.04,5.5,False
2015-06-03T06:00:00,Sokovia,Clean Water (L),2413.37,6.0,False
2015-06-03T06:00:00,Sokovia,Medical Kits,736.39,4.5,False
2015-06-03T06:00:00,Sanctum Sanctorum,Vibranium (kg),2429.54,5.0,False
2015-06-03T06:00:00,Sanctum Sanctorum,Arc Reactor Cores,707.57,6.0,False
2015-06-03T06:00:00,Sanctum Sanctorum,Pym Particles,722.49,5.5,False
2015-06-03T06:00:00,Sanctum Sanctorum,Clean Water (L),2413.28,6.0,False
2015-06-03T06:00:00,Sanctum Sanctorum,Medical Kits,734.0,4.5,False
2015-06-03T06:00:00,Avengers Compound,Vibranium (kg),2432.38,5.0,False
2015-06-03T06:00:00,Avengers Compound,Arc Reactor Cores,711.84,6.0,False
2015-06-03T06:00:00,Avengers Compound,Pym Particles,723.69,5.5,False
2015-06-03T06:00:00,Avengers Compound,Clean Water (L),2412.72,6.0,False
2015-06-03T06:00:00,Avengers Compound,Medical Kits,733.74,4.5,False
2015-06-03T07:00:00,New Asgard,Vibranium (kg),2433.61,5.39,False
2015-06-03T07:00:00,New Asgard,Arc Reactor Cores,709.75,6.47,False
2015-06-03T07:00:00,New Asgard,Pym Particles,716.77,5.93,False
2015-06-03T07:00:00,New Asgard,Clean Water (L),2415.12,6.47,False
2015-06-03T07:00:00,New Asgard,Medical Kits,736.97,4.85,False
2015-06-03T07:00:00,Wakanda,Vibranium (kg),2427.65,5.39,False
2015-06-03T07:00:00,Wakanda,Arc Reactor Cores,710.7,6.47,False
2015-06-03T07:00:00,Wakanda,Pym Particles,715.57,5.93,False
2015-06-03T07:00:00,Wakanda,Clean Water (L),2411.71,6.47,False
2015-06-03T07:00:00,Wakanda,Medical Kits,738.86,4.85,False
2015-06-03T07:00:00,Sokovia,Vibranium (kg),2427.33,5.39,False
2015-06-03T07:00:00,Sokovia,Arc Reactor Cores,708.91,6.47,False
2015-06-03T07:00:00,Sokovia,Pym Particles,718.82,5.93,False
2015-06-03T07:00:00,Sokovia,Clean Water (L),2412.62,6.47,False
2015-06-03T07:00:00,Sokovia,Medical Kits,734.9,4.85,False
2015-06-03T07:00:00,Sanctum Sanctorum,Vibranium (kg),2428.52,5.39,False
2015-06-03T07:00:00,Sanctum Sanctorum,Arc Reactor Cores,705.44,6.47,False
2015-06-03T07:00:00,Sanctum Sanctorum,Pym Particles,721.1,5.93,False
2015-06-03T07:00:00,Sanctum Sanctorum,Clean Water (L),2413.38,6.47,False
2015-06-03T07:00:00,Sanctum Sanctorum,Medical Kits,732.84,4.85,False
2015-06-03T07:00:00,Avengers Compound,Vibranium (kg),2431.49,5.39,False
2015-06-03T07:00:00,Avengers Compound,Arc Reactor Cores,711.14,6.47,False
2015-06-03T07:00:00,Avengers Compound,Pym Particles,721.63,5.93,False
2015-06-03T07:00:00,Avengers Compound,Clean Water (L),2411.01,6.47,False
2015-06-03T07:00:00,Avengers Compound,Medical Kits,734.37,4.85,False
2015-06-03T08:00:00,New Asgard,Vibranium (kg),2431.95,5.75,False
2015-06-03T08:00:00,New Asgard,Arc Reactor Cores,709.1,6.9,False
2015-06-03T08:00:00,New Asgard,Pym Particles,714.28,6.32,False
2015-06-03T08:00:00,New Asgard,Clean Water (L),2412.62,6.9,False
2015-06-03T08:00:00,New Asgard,Medical Kits,735.9,5.17,False
2015-06-03T08:00:00,Wakanda,Vibranium (kg),2426.28,5.75,False
2015-06-03T08:00:00,Wakanda,Arc Reactor Cores,710.03,6.9,False
2015-06-03T08:00:00,Wakanda,Pym Particles,714.64,6.32,False
2015-06-03T08:00:00,Wakanda,Clean Water (L),2411.64,6.9,False
2015-06-03T08:00:00,Wakanda,Medical Kits,736.62,5.17,False
2015-06-03T08:00:00,Sokovia,Vibranium (kg),2426.28,5.75,False
2015-06-03T08:00:00,Sokovia,Arc Reactor Cores,708.79,6.9,False
2015-06-03T08:00:00,Sokovia,Pym Particles,716.33,6.32,False
2015-06-03T08:00:00,Sokovia,Clean Water (L),2412.15,6.9,False
2015-06-03T08:00:00,Sokovia,Medical Kits,732.87,5.17,False
2015-06-03T08:00:00,Sanctum Sanctorum,Vibranium (kg),2428.76,5.75,False
2015-06-03T08:00:00,Sanctum Sanctorum,Arc Reactor Cores,704.24,6.9,False
2015-06-03T08:00:00,Sanctum Sanctorum,Pym Particles,718.91,6.32,False
2015-06-03T08:00:00,Sanctum Sanctorum,Clean Water (L),2413.59,6.9,False
2015-06-03T08:00:00,Sanctum Sanctorum,Medical Kits,732.23,5.17,False
2015-06-03T08:00:00,Avengers Compound,Vibranium (kg),2429.98,5.75,False
2015-06-03T08:00:00,Avengers Compound,Arc Reactor Cores,710.76,6.9,False
2015-06-03T08:00:00,Avengers Compound,Pym Particles,719.21,6.32,False
2015-06-03T08:00:00,Avengers Compound,Clean Water (L),2409.88,6.9,False
2015-06-03T08:00:00,Avengers Compound,Medical Kits,734.46,5.17,False
2015-06-03T09:00:00,New Asgard,Vibranium (kg),2429.04,6.06,False
2015-06-03T09:00:00,New Asgard,Arc Reactor Cores,708.61,7.27,False
2015-06-03T09:00:00,New Asgard,Pym Particles,713.81,6.67,False
2015-06-03T09:00:00,New Asgard,Clean Water (L),2409.67,7.27,False
2015-06-03T09:00:00,New Asgard,Medical Kits,734.6,5.45,False
2015-06-03T09:00:00,Wakanda,Vibranium (kg),2424.96,6.06,False
2015-06-03T09:00:00,Wakanda,Arc Reactor Cores,709.42,7.27,False
2015-06-03T09:00:00,Wakanda,Pym Particles,714.54,6.67,False
2015-06-03T09:00:00,Wakanda,Clean Water (L),2410.4,7.27,False
2015-06-03T09:00:00,Wakanda,Medical Kits,736.65,5.45,False
2015-06-03T09:00:00,Sokovia,Vibranium (kg),2424.48,6.06,False
2015-06-03T09:00:00,Sokovia,Arc Reactor Cores,707.8,7.27,False
2015-06-03T09:00:00,Sokovia,Pym Particles,714.51,6.67,False
2015-06-03T09:00:00,Sokovia,Clean Water (L),2408.99,7.27,False
2015-06-03T09:00:00,Sokovia,Medical Kits,730.6,5.45,False
2015-06-03T09:00:00,Sanctum Sanctorum,Vibranium (kg),2426.94,6.06,False
2015-06-03T09:00:00,Sanctum Sanctorum,Arc Reactor Cores,702.29,7.27,False
2015-06-03T09:00:00,Sanctum Sanctorum,Pym Particles,718.06,6.67,False
2015-06-03T09:00:00,Sanctum Sanctorum,Clean Water (L),2411.69,7.27,False
2015-06-03T09:00:00,Sanctum Sanctorum,Medical Kits,730.09,5.45,False
2015-06-03T09:00:00,Avengers Compound,Vibranium (kg),2430.01,6.06,False
2015-06-03T09:00:00,Avengers Compound,Arc Reactor Cores,710.06,7.27,False
2015-06-03T09:00:00,Avengers Compound,Pym Particles,717.93,6.67,False
2015-06-03T09:00:00,Avengers Compound,Clean Water (L),2407.25,7.27,False
2015-06-03T09:00:00,Avengers Compound,Medical Kits,732.56,5.45,False
2015-06-03T10:00:00,New Asgard,Vibranium (kg),2428.4,6.3,False
2015-06-03T10:00:00,New Asgard,Arc Reactor Cores,705.64,7.56,False
2015-06-03T10:00:00,New Asgard,Pym Particles,711.63,6.93,False
2015-06-03T10:00:00,New Asgard,Clean Water (L),2407.03,7.56,False
2015-06-03T10:00:00,New Asgard,Medical Kits,733.04,5.67,False
2015-06-03T10:00:00,Wakanda,Vibranium (kg),2423.71,6.3,False
2015-06-03T10:00:00,Wakanda,Arc Reactor Cores,707.17,7.56,False
2015-06-03T10:00:00,Wakanda,Pym Particles,713.29,6.93,False
2015-06-03T10:00:00,Wakanda,Clean Water (L),2407.23,7.56,False
2015-06-03T10:00:00,Wakanda,Medical Kits,735.39,5.67,False
2015-06-03T10:00:00,Sokovia,Vibranium (kg),2422.26,6.3,False
2015-06-03T10:00:00,Sokovia,Arc Reactor Cores,705.91,7.56,False
2015-06-03T10:00:00,Sokovia,Pym Particles,711.92,6.93,False
2015-06-03T10:00:00,Sokovia,Clean Water (L),2406.01,7.56,False
2015-06-03T10:00:00,Sokovia,Medical Kits,728.65,5.67,False
2015-06-03T10:00:00,Sanctum Sanctorum,Vibranium (kg),2424.27,6.3,False
2015-06-03T10:00:00,Sanctum Sanctorum,Arc Reactor Cores,701.85,7.56,False
2015-06-03T10:00:00,Sanctum Sanctorum,Pym Particles,717.48,6.93,False
2015-06-03T10:00:00,Sanctum Sanctorum,Clean Water (L),2408.95,7.56,False
2015-06-03T10:00:00,Sanctum Sanctorum,Medical Kits,729.17,5.67,False
2015-06-03T10:00:00,Avengers Compound,Vibranium (kg),2428.97,6.3,False
2015-06-03T10:00:00,Avengers Compound,Arc Reactor Cores,707.27,7.56,False
2015-06-03T10:00:00,Avengers Compound,Pym Particles,717.42,6.93,False
2015-06-03T10:00:00,Avengers Compound,Clean Water (L),2404.42,7.56,False
2015-06-03T10:00:00,Avengers Compound,Medical Kits,731.98,5.67,False
2015-06-03T11:00:00,New Asgard,Vibranium (kg),2426.14,6.45,False
2015-06-03T11:00:00,New Asgard,Arc Reactor Cores,703.68,7.74,False
2015-06-03T11:00:00,New Asgard,Pym Particles,710.5,7.09,False
2015-06-03T11:00:00,New Asgard,Clean Water (L),2405.61,7.74,False
2015-06-03T11:00:00,New Asgard,Medical Kits,730.96,5.8,False
2015-06-03T11:00:00,Wakanda,Vibranium (kg),2421.01,6.45,False
2015-06-03T11:00:00,Wakanda,Arc Reactor Cores,704.97,7.74,False
2015-06-03T11:00:00,Wakanda,Pym Particles,711.86,7.09,False
2015-06-03T11:00:00,Wakanda,Clean Water (L),2405.29,7.74,False
2015-06-03T11:00:00,Wakanda,Medical Kits,733.82,5.8,False
2015-06-03T11:00:00,Sokovia,Vibranium (kg),2421.2,6.45,False
2015-06-03T11:00:00,Sokovia,Arc Reactor Cores,703.0,7.74,False
2015-06-03T11:00:00,Sokovia,Pym Particles,710.17,7.09,False
2015-06-03T11:00:00,Sokovia,Clean Water (L),2404.9,7.74,False
2015-06-03T11:00:00,Sokovia,Medical Kits,727.44,5.8,False
2015-06-03T11:00:00,Sanctum Sanctorum,Vibranium (kg),2422.61,6.45,False
2015-06-03T11:00:00,Sanctum Sanctorum,Arc Reactor Cores,699.0,7.74,False
2015-06-03T11:00:00,Sanctum Sanctorum,Pym Particles,714.86,7.09,False
2015-06-03T11:00:00,Sanctum Sanctorum,Clean Water (L),2406.46,7.74,False
2015-06-03T11:00:00,Sanctum Sanctorum,Medical Kits,728.32,5.8,False
2015-06-03T11:00:00,Avengers Compound,Vibranium (kg),2426.17,6.45,False
2015-06-03T11:00:00,Avengers Compound,Arc Reactor Cores,705.71,7.74,False
2015-06-03T11:00:00,Avengers Compound,Pym Particles,715.58,7.09,False
2015-06-03T11:00:00,Avengers Compound,Clean Water (L),2402.05,7.74,False
2015-06-03T11:00:00,Avengers Compound,Medical Kits,730.96,5.8,False
2015-06-03T12:00:00,New Asgard,Vibranium (kg),2422.49,6.5,False
2015-06-03T12:00:00,New Asgard,Arc Reactor Cores,700.01,7.8,False
2015-06-03T12:00:00,New Asgard,Pym Particles,708.63,7.15,False
2015-06-03T12:00:00,New Asgard,Clean Water (L),2402.49,7.8,False
2015-06-03T12:00:00,New Asgard,Medical Kits,731.16,5.85,False
2015-06-03T12:00:00,Wakanda,Vibranium (kg),2420.16,6.5,False
2015-06-03T12:00:00,Wakanda,Arc Reactor Cores,704.08,7.8,False
2015-06-03T12:00:00,Wakanda,Pym Particles,709.6,7.15,False
2015-06-03T12:00:00,Wakanda,Clean Water (L),2402.81,7.8,False
2015-06-03T12:00:00,Wakanda,Medical Kits,732.13,5.85,False
2015-06-03T12:00:00,Sokovia,Vibranium (kg),2419.39,6.5,False
2015-06-03T12:00:00,Sokovia,Arc Reactor Cores,701.34,7.8,False
2015-06-03T12:00:00,Sokovia,Pym Particles,707.03,7.15,False
2015-06-03T12:00:00,Sokovia,Clean Water (L),2403.31,7.8,False
2015-06-03T12:00:00,Sokovia,Medical Kits,726.14,5.85,False
2015-06-03T12:00:00,Sanctum Sanctorum,Vibranium (kg),2421.08,6.5,False
2015-06-03T12:00:00,Sanctum Sanctorum,Arc Reactor Cores,696.5,7.8,False
2015-06-03T12:00:00,Sanctum Sanctorum,Pym Particles,712.83,7.15,False
2015-06-03T12:00:00,Sanctum Sanctorum,Clean Water (L),2403.65,7.8,False
2015-06-03T12:00:00,Sanctum Sanctorum,Medical Kits,727.46,5.85,False
2015-06-03T12:00:00,Avengers Compound,Vibranium (kg),2424.57,6.5,False
2015-06-03T12:00:00,Avengers Compound,Arc Reactor Cores,702.61,7.8,False
2015-06-03T12:00:00,Avengers Compound,Pym Particles,714.03,7.15,False
2015-06-03T12:00:00,Avengers Compound,Clean Water (L),2400.78,7.8,False
2015-06-03T12:00:00,Avengers Compound,Medical Kits,729.03,5.85,False
2015-06-03T13:00:00,New Asgard,Vibranium (kg),2420.78,6.45,False
2015-06-03T13:00:00,New Asgard,Arc Reactor Cores,697.84,7.74,False
2015-06-03T13:00:00,New Asgard,Pym Particles,707.34,7.09,False
2015-06-03T13:00:00,New Asgard,Clean Water (L),2400.71,7.74,False
2015-06-03T13:00:00,New Asgard,Medical Kits,729.3,5.8,False
2015-06-03T13:00:00,Wakanda,Vibranium (kg),2420.46,6.45,False
2015-06-03T13:00:00,Wakanda,Arc Reactor Cores,702.21,7.74,False
2015-06-03T13:00:00,Wakanda,Pym Particles,706.95,7.09,False
2015-06-03T13:00:00,Wakanda,Clean Water (L),2400.51,7.74,False
2015-06-03T13:00:00,Wakanda,Medical Kits,731.6,5.8,False
2015-06-03T13:00:00,Sokovia,Vibranium (kg),2419.05,6.45,False
2015-06-03T13:00:00,Sokovia,Arc Reactor Cores,699.65,7.74,False
2015-06-03T13:00:00,Sokovia,Pym Particles,705.33,7.09,False
2015-06-03T13:00:00,Sokovia,Clean Water (L),2401.94,7.74,False
2015-06-03T13:00:00,Sokovia,Medical Kits,724.16,5.8,False
2015-06-03T13:00:00,Sanctum Sanctorum,Vibranium (kg),2419.17,6.45,False
2015-06-03T13:00:00,Sanctum Sanctorum,Arc Reactor Cores,694.03,7.74,False
2015-06-03T13:00:00,Sanctum Sanctorum,Pym Particles,710.53,7.09,False
2015-06-03T13:00:00,Sanctum Sanctorum,Clean Water (L),2402.46,7.74,False
2015-06-03T13:00:00,Sanctum Sanctorum,Medical Kits,725.54,5.8,False
2015-06-03T13:00:00,Avengers Compound,Vibranium (kg),2421.89,6.45,False
2015-06-03T13:00:00,Avengers Compound,Arc Reactor Cores,700.71,7.74,False
2015-06-03T13:00:00,Avengers Compound,Pym Particles,713.4,7.09,False
2015-06-03T13:00:00,Avengers Compound,Clean Water (L),2399.08,7.74,False
2015-06-03T13:00:00,Avengers Compound,Medical Kits,727.78,5.8,False
2015-06-03T14:00:00,New Asgard,Vibranium (kg),2419.92,6.3,False
2015-06-03T14:00:00,New Asgard,Arc Reactor Cores,697.62,7.56,False
2015-06-03T14:00:00,New Asgard,Pym Particles,706.13,6.93,False
2015-06-03T14:00:00,New Asgard,Clean Water (L),2399.38,7.56,False
2015-06-03T14:00:00,New Asgard,Medical Kits,727.69,5.67,False
2015-06-03T14:00:00,Wakanda,Vibranium (kg),2418.31,6.3,False
2015-06-03T14:00:00,Wakanda,Arc Reactor Cores,699.63,7.56,False
2015-06-03T14:00:00,Wakanda,Pym Particles,705.27,6.93,False
2015-06-03T14:00:00,Wakanda,Clean Water (L),2399.34,7.56,False
2015-06-03T14:00:00,Wakanda,Medical Kits,730.29,5.67,False
2015-06-03T14:00:00,Sokovia,Vibranium (kg),2417.43,6.3,False
2015-06-03T14:00:00,Sokovia,Arc Reactor Cores,696.89,7.56,False
2015-06-03T14:00:00,Sokovia,Pym Particles,703.22,6.93,False
2015-06-03T14:00:00,Sokovia,Clean Water (L),2399.22,7.56,False
2015-06-03T14:00:00,Sokovia,Medical Kits,723.42,5.67,False
2015-06-03T14:00:00,Sanctum Sanctorum,Vibranium (kg),2417.99,6.3,False
2015-06-03T14:00:00,Sanctum Sanctorum,Arc Reactor Cores,692.72,7.56,False
2015-06-03T14:00:00,Sanctum Sanctorum,Pym Particles,708.45,6.93,False
2015-06-03T14:00:00,Sanctum Sanctorum,Clean Water (L),2399.51,7.56,False
2015-06-03T14:00:00,Sanctum Sanctorum,Medical Kits,723.46,5.67,False
2015-06-03T14:00:00,Avengers Compound,Vibranium (kg),2420.32,6.3,False
2015-06-03T14:00:00,Avengers Compound,Arc Reactor Cores,700.9,7.56,False
2015-06-03T14:00:00,Avengers Compound,Pym Particles,711.57,6.93,False
2015-06-03T14:00:00,Avengers Compound,Clean Water (L),2397.69,7.56,False
2015-06-03T14:00:00,Avengers Compound,Medical Kits,726.08,5.67,False
2015-06-03T15:00:00,New Asgard,Vibranium (kg),2419.2,6.06,False
2015-06-03T15:00:00,New Asgard,Arc Reactor Cores,695.61,7.27,False
2015-06-03T15:00:00,New Asgard,Pym Particles,705.83,6.67,False
2015-06-03T15:00:00,New Asgard,Clean Water (L),2397.33,7.27,False
2015-06-03T15:00:00,New Asgard,Medical Kits,728.5,5.45,False
2015-06-03T15:00:00,Wakanda,Vibranium (kg),2418.25,6.06,False
2015-06-03T15:00:00,Wakanda,Arc Reactor Cores,697.37,7.27,False
2015-06-03T15:00:00,Wakanda,Pym Particles,704.79,6.67,False
2015-06-03T15:00:00,Wakanda,Clean Water (L),2397.46,7.27,False
2015-06-03T15:00:00,Wakanda,Medical Kits,728.42,5.45,False
2015-06-03T15:00:00,Sokovia,Vibranium (kg),2416.8,6.06,False
2015-06-03T15:00:00,Sokovia,Arc Reactor Cores,696.03,7.27,False
2015-06-03T15:00:00,Sokovia,Pym Particles,702.66,6.67,False
2015-06-03T15:00:00,Sokovia,Clean Water (L),2398.07,7.27,False
2015-06-03T15:00:00,Sokovia,Medical Kits,723.5,5.45,False
2015-06-03T15:00:00,Sanctum Sanctorum,Vibranium (kg),2417.64,6.06,False
2015-06-03T15:00:00,Sanctum Sanctorum,Arc Reactor Cores,691.64,7.27,False
2015-06-03T15:00:00,Sanctum Sanctorum,Pym Particles,708.35,6.67,False
2015-06-03T15:00:00,Sanctum Sanctorum,Clean Water (L),2397.99,7.27,False
2015-06-03T15:00:00,Sanctum Sanctorum,Medical Kits,723.04,5.45,False
2015-06-03T15:00:00,Avengers Compound,Vibranium (kg),2418.22,6.06,False
2015-06-03T15:00:00,Avengers Compound,Arc Reactor Cores,699.57,7.27,False
2015-06-03T15:00:00,Avengers Compound,Pym Particles,710.05,6.67,False
2015-06-03T15:00:00,Avengers Compound,Clean Water (L),2396.17,7.27,False
2015-06-03T15:00:00,Avengers Compound,Medical Kits,726.66,5.45,False
2015-06-03T16:00:00,New Asgard,Vibranium (kg),2418.44,5.75,False
2015-06-03T16:00:00,New Asgard,Arc Reactor Cores,694.64,6.9,False
2015-06-03T16:00:00,New Asgard,Pym Particles,705.25,6.32,False
2015-06-03T16:00:00,New Asgard,Clean Water (L),2395.91,6.9,False
2015-06-03T16:00:00,New Asgard,Medical Kits,726.98,5.17,False
2015-06-03T16:00:00,Wakanda,Vibranium (kg),2417.76,5.75,False
2015-06-03T16:00:00,Wakanda,Arc Reactor Cores,696.78,6.9,False
2015-06-03T16:00:00,Wakanda,Pym Particles,704.92,6.32,False
2015-06-03T16:00:00,Wakanda,Clean Water (L),2397.13,6.9,False
2015-06-03T16:00:00,Wakanda,Medical Kits,728.57,5.17,False
2015-06-03T16:00:00,Sokovia,Vibranium (kg),2417.96,5.75,False
2015-06-03T16:00:00,Sokovia,Arc Reactor Cores,694.18,6.9,False
2015-06-03T16:00:00,Sokovia,Pym Particles,702.03,6.32,False
2015-06-03T16:00:00,Sokovia,Clean Water (L),2398.71,6.9,False
2015-06-03T16:00:00,Sokovia,Medical Kits,723.75,5.17,False
2015-06-03T16:00:00,Sanctum Sanctorum,Vibranium (kg),2416.99,5.75,False
2015-06-03T16:00:00,Sanctum Sanctorum,Arc Reactor Cores,689.4,6.9,False
2015-06-03T16:00:00,Sanctum Sanctorum,Pym Particles,707.69,6.32,False
2015-06-03T16:00:00,Sanctum Sanctorum,Clean Water (L),2397.34,6.9,False
2015-06-03T16:00:00,Sanctum Sanctorum,Medical Kits,722.31,5.17,False
2015-06-03T16:00:00,Avengers Compound,Vibranium (kg),2416.68,5.75,False
2015-06-03T16:00:00,Avengers Compound,Arc Reactor Cores,698.13,6.9,False
2015-06-03T16:00:00,Avengers Compound,Pym Particles,709.05,6.32,False
2015-06-03T16:00:00,Avengers Compound,Clean Water (L),2396.02,6.9,False
2015-06-03T16:00:00,Avengers Compound,Medical Kits,725.39,5.17,False
2015-06-03T17:00:00,New Asgard,Vibranium (kg),2419.64,5.39,False
2015-06-03T17:00:00,New Asgard,Arc Reactor Cores,695.19,6.47,False
2015-06-03T17:00:00,New Asgard,Pym Particles,704.95,5.93,False
2015-06-03T17:00:00,New Asgard,Clean Water (L),2396.38,6.47,False
2015-06-03T17:00:00,New Asgard,Medical Kits,728.23,4.85,False
2015-06-03T17:00:00,Wakanda,Vibranium (kg),2416.98,5.39,False
2015-06-03T17:00:00,Wakanda,Arc Reactor Cores,696.83,6.47,False
2015-06-03T17:00:00,Wakanda,Pym Particles,703.38,5.93,False
2015-06-03T17:00:00,Wakanda,Clean Water (L),2396.7,6.47,False
2015-06-03T17:00:00,Wakanda,Medical Kits,729.85,4.85,False
2015-06-03T17:00:00,Sokovia,Vibranium (kg),2419.38,5.39,False
2015-06-03T17:00:00,Sokovia,Arc Reactor Cores,694.82,6.47,False
2015-06-03T17:00:00,Sokovia,Pym Particles,701.74,5.93,False
2015-06-03T17:00:00,Sokovia,Clean Water (L),2399.78,6.47,False
2015-06-03T17:00:00,Sokovia,Medical Kits,724.79,4.85,False
2015-06-03T17:00:00,Sanctum Sanctorum,Vibranium (kg),2418.16,5.39,False
2015-06-03T17:00:00,Sanctum Sanctorum,Arc Reactor Cores,689.79,6.47,False
2015-06-03T17:00:00,Sanctum Sanctorum,Pym Particles,706.05,5.93,False
2015-06-03T17:00:00,Sanctum Sanctorum,Clean Water (L),2398.7,6.47,False
2015-06-03T17:00:00,Sanctum Sanctorum,Medical Kits,722.65,4.85,False
2015-06-03T17:00:00,Avengers Compound,Vibranium (kg),2416.73,5.39,False
2015-06-03T17:00:00,Avengers Compound,Arc Reactor Cores,697.39,6.47,False
2015-06-03T17:00:00,Avengers Compound,Pym Particles,707.63,5.93,False
2015-06-03T17:00:00,Avengers Compound,Clean Water (L),2396.71,6.47,False
2015-06-03T17:00:00,Avengers Compound,Medical Kits,725.16,4.85,False
2015-06-03T18:00:00,New Asgard,Vibranium (kg),2419.31,5.0,False
2015-06-03T18:00:00,New Asgard,Arc Reactor Cores,695.59,6.0,False
2015-06-03T18:00:00,New Asgard,Pym Particles,705.83,5.5,False
2015-06-03T18:00:00,New Asgard,Clean Water (L),2397.66,6.0,False
2015-06-03T18:00:00,New Asgard,Medical Kits,729.69,4.5,False
2015-06-03T18:00:00,Wakanda,Vibranium (kg),2416.91,5.0,False
2015-06-03T18:00:00,Wakanda,Arc Reactor Cores,695.01,6.0,False
2015-06-03T18:00:00,Wakanda,Pym Particles,704.37,5.5,False
2015-06-03T18:00:00,Wakanda,Clean Water (L),2395.96,6.0,False
2015-06-03T18:00:00,Wakanda,Medical Kits,730.23,4.5,False
2015-06-03T18:00:00,Sokovia,Vibranium (kg),2419.82,5.0,False
2015-06-03T18:00:00,Sokovia,Arc Reactor Cores,696.09,6.0,False
2015-06-03T18:00:00,Sokovia,Pym Particles,700.58,5.5,False
2015-06-03T18:00:00,Sokovia,Clean Water (L),2400.26,6.0,False
2015-06-03T18:00:00,Sokovia,Medical Kits,725.05,4.5,False
2015-06-03T18:00:00,Sanctum Sanctorum,Vibranium (kg),2417.77,5.0,False
2015-06-03T18:00:00,Sanctum Sanctorum,Arc Reactor Cores,690.49,6.0,False
2015-06-03T18:00:00,Sanctum Sanctorum,Pym Particles,707.18,5.5,False
2015-06-03T18:00:00,Sanctum Sanctorum,Clean Water (L),2399.38,6.0,False
2015-06-03T18:00:00,Sanctum Sanctorum,Medical Kits,723.51,4.5,False
2015-06-03T18:00:00,Avengers Compound,Vibranium (kg),2415.13,5.0,False
2015-06-03T18:00:00,Avengers Compound,Arc Reactor Cores,696.18,6.0,False
2015-06-03T18:00:00,Avengers Compound,Pym Particles,708.82,5.5,False
2015-06-03T18:00:00,Avengers Compound,Clean Water (L),2395.26,6.0,False
2015-06-03T18:00:00,Avengers Compound,Medical Kits,725.53,4.5,False
2015-06-03T19:00:00,New Asgard,Vibranium (kg),2419.36,4.61,False
2015-06-03T19:00:00,New Asgard,Arc Reactor Cores,696.38,5.53,False
2015-06-03T19:00:00,New Asgard,Pym Particles,707.18,5.07,False
2015-06-03T19:00:00,New Asgard,Clean Water (L),2397.24,5.53,False
2015-06-03T19:00:00,New Asgard,Medical Kits,729.94,4.15,False
2015-06-03T19:00:00,Wakanda,Vibranium (kg),2417.1,4.61,False
2015-06-03T19:00:00,Wakanda,Arc Reactor Cores,694.49,5.53,False
2015-06-03T19:00:00,Wakanda,Pym Particles,705.07,5.07,False
2015-06-03T19:00:00,Wakanda,Clean Water (L),2395.92,5.53,False
2015-06-03T19:00:00,Wakanda,Medical Kits,730.99,4.15,False
2015-06-03T19:00:00,Sokovia,Vibranium (kg),2420.29,4.61,False
2015-06-03T19:00:00,Sokovia,Arc Reactor Cores,696.5,5.53,False
2015-06-03T19:00:00,Sokovia,Pym Particles,702.69,5.07,False
2015-06-03T19:00:00,Sokovia,Clean Water (L),2399.2,5.53,False
2015-06-03T19:00:00,Sokovia,Medical Kits,725.75,4.15,False
2015-06-03T19:00:00,Sanctum Sanctorum,Vibranium (kg),2418.31,4.61,False
2015-06-03T19:00:00,Sanctum Sanctorum,Arc Reactor Cores,691.03,5.53,False
2015-06-03T19:00:00,Sanctum Sanctorum,Pym Particles,708.23,5.07,False
2015-06-03T19:00:00,Sanctum Sanctorum,Clean Water (L),2400.88,5.53,False
2015-06-03T19:00:00,Sanctum Sanctorum,Medical Kits,725.21,4.15,False
2015-06-03T19:00:00,Avengers Compound,Vibranium (kg),2415.4,4.61,False
2015-06-03T19:00:00,Avengers Compound,Arc Reactor Cores,696.28,5.53,False
2015-06-03T19:00:00,Avengers Compound,Pym Particles,709.14,5.07,False
2015-06-03T19:00:00,Avengers Compound,Clean Water (L),2395.67,5.53,False
2015-06-03T19:00:00,Avengers Compound,Medical Kits,726.52,4.15,False
2015-06-03T20:00:00,New Asgard,Vibranium (kg),2421.06,4.25,False
2015-06-03T20:00:00,New Asgard,Arc Reactor Cores,697.35,5.1,False
2015-06-03T20:00:00,New Asgard,Pym Particles,707.76,4.68,False
2015-06-03T20:00:00,New Asgard,Clean Water (L),2398.19,5.1,False
2015-06-03T20:00:00,New Asgard,Medical Kits,731.6,3.83,False
2015-06-03T20:00:00,Wakanda,Vibranium (kg),2417.75,4.25,False
2015-06-03T20:00:00,Wakanda,Arc Reactor Cores,695.93,5.1,False
2015-06-03T20:00:00,Wakanda,Pym Particles,705.72,4.68,False
2015-06-03T20:00:00,Wakanda,Clean Water (L),2397.32,5.1,False
2015-06-03T20:00:00,Wakanda,Medical Kits,731.29,3.83,False
2015-06-03T20:00:00,Sokovia,Vibranium (kg),2422.25,4.25,False
2015-06-03T20:00:00,Sokovia,Arc Reactor Cores,697.66,5.1,False
2015-06-03T20:00:00,Sokovia,Pym Particles,703.24,4.68,False
2015-06-03T20:00:00,Sokovia,Clean Water (L),2400.48,5.1,False
2015-06-03T20:00:00,Sokovia,Medical Kits,727.83,3.83,False
2015-06-03T20:00:00,Sanctum Sanctorum,Vibranium (kg),2418.55,4.25,False
2015-06-03T20:00:00,Sanctum Sanctorum,Arc Reactor Cores,692.93,5.1,False
2015-06-03T20:00:00,Sanctum Sanctorum,Pym Particles,709.52,4.68,False
2015-06-03T20:00:00,Sanctum Sanctorum,Clean Water (L),2402.59,5.1,False
2015-06-03T20:00:00,Sanctum Sanctorum,Medical Kits,724.7,3.83,False
2015-06-03T20:00:00,Avengers Compound,Vibranium (kg),2418.11,4.25,False
2015-06-03T20:00:00,Avengers Compound,Arc Reactor Cores,698.51,5.1,False
2015-06-03T20:00:00,Avengers Compound,Pym Particles,709.75,4.68,False
2015-06-03T20:00:00,Avengers Compound,Clean Water (L),2398.02,5.1,False
2015-06-03T20:00:00,Avengers Compound,Medical Kits,728.27,3.83,False
2015-06-03T21:00:00,New Asgard,Vibranium (kg),2422.62,3.94,False
2015-06-03T21:00:00,New Asgard,Arc Reactor Cores,698.17,4.73,False
2015-06-03T21:00:00,New Asgard,Pym Particles,707.37,4.33,False
2015-06-03T21:00:00,New Asgard,Clean Water (L),2398.3,4.73,False
2015-06-03T21:00:00,New Asgard,Medical Kits,731.25,3.55,False
2015-06-03T21:00:00,Wakanda,Vibranium (kg),2418.39,3.94,False
2015-06-03T21:00:00,Wakanda,Arc Reactor Cores,697.79,4.73,False
2015-06-03T21:00:00,Wakanda,Pym Particles,706.93,4.33,False
2015-06-03T21:00:00,Wakanda,Clean Water (L),2399.4,4.73,False
2015-06-03T21:00:00,Wakanda,Medical Kits,733.0,3.55,False
2015-06-03T21:00:00,Sokovia,Vibranium (kg),2423.26,3.94,False
2015-06-03T21:00:00,Sokovia,Arc Reactor Cores,698.63,4.73,False
2015-06-03T21:00:00,Sokovia,Pym Particles,705.45,4.33,False
2015-06-03T21:00:00,Sokovia,Clean Water (L),2400.64,4.73,False
2015-06-03T21:00:00,Sokovia,Medical Kits,727.64,3.55,False
2015-06-03T21:00:00,Sanctum Sanctorum,Vibranium (kg),2419.02,3.94,False
2015-06-03T21:00:00,Sanctum Sanctorum,Arc Reactor Cores,695.62,4.73,False
2015-06-03T21:00:00,Sanctum Sanctorum,Pym Particles,711.94,4.33,False
2015-06-03T21:00:00,Sanctum Sanctorum,Clean Water (L),2403.16,4.73,False
2015-06-03T21:00:00,Sanctum Sanctorum,Medical Kits,724.34,3.55,False
2015-06-03T21:00:00,Avengers Compound,Vibranium (kg),2418.41,3.94,False
2015-06-03T21:00:00,Avengers Compound,Arc Reactor Cores,700.48,4.73,False
2015-06-03T21:00:00,Avengers Compound,Pym Particles,709.81,4.33,False
2015-06-03T21:00:00,Avengers Compound,Clean Water (L),2400.27,4.73,False
2015-06-03T21:00:00,Avengers Compound,Medical Kits,730.45,3.55,False
2015-06-03T22:00:00,New Asgard,Vibranium (kg),2422.33,3.7,False
2015-06-03T22:00:00,New Asgard,Arc Reactor Cores,698.29,4.44,False
2015-06-03T22:00:00,New Asgard,Pym Particles,708.96,4.07,False
2015-06-03T22:00:00,New Asgard,Clean Water (L),2399.54,4.44,False
2015-06-03T22:00:00,New Asgard,Medical Kits,731.68,3.33,False
2015-06-03T22:00:00,Wakanda,Vibranium (kg),2419.47,3.7,False
2015-06-03T22:00:00,Wakanda,Arc Reactor Cores,699.65,4.44,False
2015-06-03T22:00:00,Wakanda,Pym Particles,708.33,4.07,False
2015-06-03T22:00:00,Wakanda,Clean Water (L),2401.36,4.44,False
2015-06-03T22:00:00,Wakanda,Medical Kits,733.76,3.33,False
2015-06-03T22:00:00,Sokovia,Vibranium (kg),2425.7,3.7,False
2015-06-03T22:00:00,Sokovia,Arc Reactor Cores,699.73,4.44,False
2015-06-03T22:00:00,Sokovia,Pym Particles,706.61,4.07,False
2015-06-03T22:00:00,Sokovia,Clean Water (L),2400.74,4.44,False
2015-06-03T22:00:00,Sokovia,Medical Kits,728.38,3.33,False
2015-06-03T22:00:00,Sanctum Sanctorum,Vibranium (kg),2419.57,3.7,False
2015-06-03T22:00:00,Sanctum Sanctorum,Arc Reactor Cores,696.82,4.44,False
2015-06-03T22:00:00,Sanctum Sanctorum,Pym Particles,713.45,4.07,False
2015-06-03T22:00:00,Sanctum Sanctorum,Clean Water (L),2405.15,4.44,False
2015-06-03T22:00:00,Sanctum Sanctorum,Medical Kits,726.11,3.33,False
2015-06-03T22:00:00,Avengers Compound,Vibranium (kg),2419.76,3.7,False
2015-06-03T22:00:00,Avengers Compound,Arc Reactor Cores,703.53,4.44,False
2015-06-03T22:00:00,Avengers Compound,Pym Particles,712.06,4.07,False
2015-06-03T22:00:00,Avengers Compound,Clean Water (L),2401.85,4.44,False
2015-06-03T22:00:00,Avengers Compound,Medical Kits,730.43,3.33,False
2015-06-03T23:00:00,New Asgard,Vibranium (kg),2423.81,3.55,False
2015-06-03T23:00:00,New Asgard,Arc Reactor Cores,700.2,4.26,False
2015-06-03T23:00:00,New Asgard,Pym Particles,711.15,3.91,False
2015-06-03T23:00:00,New Asgard,Clean Water (L),2401.44,4.26,False
2015-06-03T23:00:00,New Asgard,Medical Kits,731.86,3.2,False
2015-06-03T23:00:00,Wakanda,Vibranium (kg),2420.06,3.55,False
2015-06-03T23:00:00,Wakanda,Arc Reactor Cores,700.52,4.26,False
2015-06-03T23:00:00,Wakanda,Pym Particles,709.97,3.91,False
2015-06-03T23:00:00,Wakanda,Clean Water (L),2401.76,4.26,False
2015-06-03T23:00:00,Wakanda,Medical Kits,734.68,3.2,False
2015-06-03T23:00:00,Sokovia,Vibranium (kg),2426.57,3.55,False
2015-06-03T23:00:00,Sokovia,Arc Reactor Cores,702.06,4.26,False
2015-06-03T23:00:00,Sokovia,Pym Particles,708.58,3.91,False
2015-06-03T23:00:00,Sokovia,Clean Water (L),2403.37,4.26,False
2015-06-03T23:00:00,Sokovia,Medical Kits,729.15,3.2,False
2015-06-03T23:00:00,Sanctum Sanctorum,Vibranium (kg),2422.45,3.55,False
2015-06-03T23:00:00,Sanctum Sanctorum,Arc Reactor Cores,698.48,4.26,False
2015-06-03T23:00:00,Sanctum Sanctorum,Pym Particles,714.2,3.91,False
2015-06-03T23:00:00,Sanctum Sanctorum,Clean Water (L),2406.42,4.26,False
2015-06-03T23:00:00,Sanctum Sanctorum,Medical Kits,726.21,3.2,False
2015-06-03T23:00:00,Avengers Compound,Vibranium (kg),2421.06,3.55,False
2015-06-03T23:00:00,Avengers Compound,Arc Reactor Cores,705.25,4.26,False
2015-06-03T23:00:00,Avengers Compound,Pym Particles,714.72,3.91,False
2015-06-03T23:00:00,Avengers Compound,Clean Water (L),2401.94,4.26,False
2015-06-03T23:00:00,Avengers Compound,Medical Kits,732.95,3.2,False
2015-06-04T00:00:00,New Asgard,Vibranium (kg),2424.89,3.5,False
2015-06-04T00:00:00,New Asgard,Arc Reactor Cores,700.77,4.2,False
2015-06-04T00:00:00,New Asgard,Pym Particles,712.72,3.85,False
2015-06-04T00:00:00,New Asgard,Clean Water (L),2402.82,4.2,False
2015-06-04T00:00:00,New Asgard,Medical Kits,733.61,3.15,False
2015-06-04T00:00:00,Wakanda,Vibranium (kg),2421.21,3.5,False
2015-06-04T00:00:00,Wakanda,Arc Reactor Cores,703.82,4.2,False
2015-06-04T00:00:00,Wakanda,Pym Particles,710.9,3.85,False
2015-06-04T00:00:00,Wakanda,Clean Water (L),2402.21,4.2,False
2015-06-04T00:00:00,Wakanda,Medical Kits,735.35,3.15,False
2015-06-04T00:00:00,Sokovia,Vibranium (kg),2427.48,3.5,False
2015-06-04T00:00:00,Sokovia,Arc Reactor Cores,703.8,4.2,False
2015-06-04T00:00:00,Sokovia,Pym Particles,711.69,3.85,False
2015-06-04T00:00:00,Sokovia,Clean Water (L),2404.16,4.2,False
2015-06-04T00:00:00,Sokovia,Medical Kits,729.9,3.15,False
2015-06-04T00:00:00,Sanctum Sanctorum,Vibranium (kg),2422.96,3.5,False
2015-06-04T00:00:00,Sanctum Sanctorum,Arc Reactor Cores,700.56,4.2,False
2015-06-04T00:00:00,Sanctum Sanctorum,Pym Particles,715.14,3.85,False
2015-06-04T00:00:00,Sanctum Sanctorum,Clean Water (L),2406.09,4.2,False
2015-06-04T00:00:00,Sanctum Sanctorum,Medical Kits,728.52,3.15,False
2015-06-04T00:00:00,Avengers Compound,Vibranium (kg),2422.61,3.5,False
2015-06-04T00:00:00,Avengers Compound,Arc Reactor Cores,707.24,4.2,False
2015-06-04T00:00:00,Avengers Compound,Pym Particles,716.47,3.85,False
2015-06-04T00:00:00,Avengers Compound,Clean Water (L),2403.89,4.2,False
2015-06-04T00:00:00,Avengers Compound,Medical Kits,734.66,3.15,False
2015-06-04T01:00:00,New Asgard,Vibranium (kg),2426.82,3.55,False
2015-06-04T01:00:00,New Asgard,Arc Reactor Cores,703.27,4.26,False
2015-06-04T01:00:00,New Asgard,Pym Particles,712.88,3.91,False
2015-06-04T01:00:00,New Asgard,Clean Water (L),2404.88,4.26,False
2015-06-04T01:00:00,New Asgard,Medical Kits,734.99,3.2,False
2015-06-04T01:00:00,Wakanda,Vibranium (kg),2422.68,3.55,False
2015-06-04T01:00:00,Wakanda,Arc Reactor Cores,706.93,4.26,False
2015-06-04T01:00:00,Wakanda,Pym Particles,713.38,3.91,False
2015-06-04T01:00:00,Wakanda,Clean Water (L),2403.27,4.26,False
2015-06-04T01:00:00,Wakanda,Medical Kits,736.81,3.2,False
2015-06-04T01:00:00,Sokovia,Vibranium (kg),2427.94,3.55,False
2015-06-04T01:00:00,Sokovia,Arc Reactor Cores,706.9,4.26,False
2015-06-04T01:00:00,Sokovia,Pym Particles,713.36,3.91,False
2015-06-04T01:00:00,Sokovia,Clean Water (L),2404.64,4.26,False
2015-06-04T01:00:00,Sokovia,Medical Kits,729.99,3.2,False
2015-06-04T01:00:00,Sanctum Sanctorum,Vibranium (kg),2424.61,3.55,False
2015-06-04T01:00:00,Sanctum Sanctorum,Arc Reactor Cores,703.66,4.26,False
2015-06-04T01:00:00,Sanctum Sanctorum,Pym Particles,715.51,3.91,False
2015-06-04T01:00:00,Sanctum Sanctorum,Clean Water (L),2407.39,4.26,False
2015-06-04T01:00:00,Sanctum Sanctorum,Medical Kits,730.23,3.2,False
2015-06-04T01:00:00,Avengers Compound,Vibranium (kg),2424.25,3.55,False
2015-06-04T01:00:00,Avengers Compound,Arc Reactor Cores,708.05,4.26,False
2015-06-04T01:00:00,Avengers Compound,Pym Particles,719.01,3.91,False
2015-06-04T01:00:00,Avengers Compound,Clean Water (L),2406.06,4.26,False
2015-06-04T01:00:00,Avengers Compound,Medical Kits,735.72,3.2,False
2015-06-04T02:00:00,New Asgard,Vibranium (kg),2427.36,3.7,False
2015-06-04T02:00:00,New Asgard,Arc Reactor Cores,703.65,4.44,False
2015-06-04T02:00:00,New Asgard,Pym Particles,713.78,4.07,False
2015-06-04T02:00:00,New Asgard,Clean Water (L),2407.12,4.44,False
2015-06-04T02:00:00,New Asgard,Medical Kits,735.86,3.33,False
2015-06-04T02:00:00,Wakanda,Vibranium (kg),2424.17,3.7,False
2015-06-04T02:00:00,Wakanda,Arc Reactor Cores,709.42,4.44,False
2015-06-04T02:00:00,Wakanda,Pym Particles,714.63,4.07,False
2015-06-04T02:00:00,Wakanda,Clean Water (L),2402.94,4.44,False
2015-06-04T02:00:00,Wakanda,Medical Kits,738.41,3.33,False
2015-06-04T02:00:00,Sokovia,Vibranium (kg),2429.57,3.7,False
2015-06-04T02:00:00,Sokovia,Arc Reactor Cores,707.11,4.44,False
2015-06-04T02:00:00,Sokovia,Pym Particles,714.46,4.07,False
2015-06-04T02:00:00,Sokovia,Clean Water (L),2404.76,4.44,False
2015-06-04T02:00:00,Sokovia,Medical Kits,731.34,3.33,False
2015-06-04T02:00:00,Sanctum Sanctorum,Vibranium (kg),2424.93,3.7,False
2015-06-04T02:00:00,Sanctum Sanctorum,Arc Reactor Cores,705.97,4.44,False
2015-06-04T02:00:00,Sanctum Sanctorum,Pym Particles,716.6,4.07,False
2015-06-04T02:00:00,Sanctum Sanctorum,Clean Water (L),2406.94,4.44,False
2015-06-04T02:00:00,Sanctum Sanctorum,Medical Kits,731.8,3.33,False
2015-06-04T02:00:00,Avengers Compound,Vibranium (kg),2425.15,3.7,False
2015-06-04T02:00:00,Avengers Compound,Arc Reactor Cores,707.98,4.44,False
2015-06-04T02:00:00,Avengers Compound,Pym Particles,719.81,4.07,False
2015-06-04T02:00:00,Avengers Compound,Clean Water (L),2407.48,4.44,False
2015-06-04T02:00:00,Avengers Compound,Medical Kits,737.37,3.33,False
2015-06-04T03:00:00,New Asgard,Vibranium (kg),2428.26,3.94,False
2015-06-04T03:00:00,New Asgard,Arc Reactor Cores,703.45,4.73,False
2015-06-04T03:00:00,New Asgard,Pym Particles,714.15,4.33,False
2015-06-04T03:00:00,New Asgard,Clean Water (L),2407.94,4.73,False
2015-06-04T03:00:00,New Asgard,Medical Kits,736.2,3.55,False
2015-06-04T03:00:00,Wakanda,Vibranium (kg),2425.66,3.94,False
2015-06-04T03:00:00,Wakanda,Arc Reactor Cores,711.14,4.73,False
2015-06-04T03:00:00,Wakanda,Pym Particles,715.23,4.33,False
2015-06-04T03:00:00,Wakanda,Clean Water (L),2404.4,4.73,False
2015-06-04T03:00:00,Wakanda,Medical Kits,738.2,3.55,False
2015-06-04T03:00:00,Sokovia,Vibranium (kg),2429.91,3.94,False
2015-06-04T03:00:00,Sokovia,Arc Reactor Cores,708.43,4.73,False
2015-06-04T03:00:00,Sokovia,Pym Particles,715.63,4.33,False
2015-06-04T03:00:00,Sokovia,Clean Water (L),2405.68,4.73,False
2015-06-04T03:00:00,Sokovia,Medical Kits,733.61,3.55,False
2015-06-04T03:00:00,Sanctum Sanctorum,Vibranium (kg),2425.55,3.94,False
2015-06-04T03:00:00,Sanctum Sanctorum,Arc Reactor Cores,706.99,4.73,False
2015-06-04T03:00:00,Sanctum Sanctorum,Pym Particles,718.78,4.33,False
2015-06-04T03:00:00,Sanctum Sanctorum,Clean Water (L),2406.68,4.73,False
2015-06-04T03:00:00,Sanctum Sanctorum,Medical Kits,732.44,3.55,False
2015-06-04T03:00:00,Avengers Compound,Vibranium (kg),2425.52,3.94,False
2015-06-04T03:00:00,Avengers Compound,Arc Reactor Cores,709.98,4.73,False
2015-06-04T03:00:00,Avengers Compound,Pym Particles,720.48,4.33,False
2015-06-04T03:00:00,Avengers Compound,Clean Water (L),2408.17,4.73,False
2015-06-04T03:00:00,Avengers Compound,Medical Kits,739.84,3.55,False
2015-06-04T04:00:00,New Asgard,Vibranium (kg),2428.27,4.25,False
2015-06-04T04:00:00,New Asgard,Arc Reactor Cores,703.59,5.1,False
2015-06-04T04:00:00,New Asgard,Pym Particles,714.36,4.68,False
2015-06-04T04:00:00,New Asgard,Clean Water (L),2407.61,5.1,False
2015-06-04T04:00:00,New Asgard,Medical Kits,736.7,3.83,False
2015-06-04T04:00:00,Wakanda,Vibranium (kg),2424.47,4.25,False
2015-06-04T04:00:00,Wakanda,Arc Reactor Cores,711.91,5.1,False
2015-06-04T04:00:00,Wakanda,Pym Particles,715.68,4.68,False
2015-06-04T04:00:00,Wakanda,Clean Water (L),2405.18,5.1,False
2015-06-04T04:00:00,Wakanda,Medical Kits,738.46,3.83,False
2015-06-04T04:00:00,Sokovia,Vibranium (kg),2430.92,4.25,False
2015-06-04T04:00:00,Sokovia,Arc Reactor Cores,708.61,5.1,False
2015-06-04T04:00:00,Sokovia,Pym Particles,717.49,4.68,False
2015-06-04T04:00:00,Sokovia,Clean Water (L),2406.01,5.1,False
2015-06-04T04:00:00,Sokovia,Medical Kits,735.91,3.83,False
2015-06-04T04:00:00,Sanctum Sanctorum,Vibranium (kg),2426.45,4.25,False
2015-06-04T04:00:00,Sanctum Sanctorum,Arc Reactor Cores,707.87,5.1,False
2015-06-04T04:00:00,Sanctum Sanctorum,Pym Particles,718.06,4.68,False
2015-06-04T04:00:00,Sanctum Sanctorum,Clean Water (L),2407.11,5.1,False
2015-06-04T04:00:00,Sanctum Sanctorum,Medical Kits,732.75,3.83,False
2015-06-04T04:00:00,Avengers Compound,Vibranium (kg),2425.05,4.25,False
2015-06-04T04:00:00,Avengers Compound,Arc Reactor Cores,712.15,5.1,False
2015-06-04T04:00:00,Avengers Compound,Pym Particles,721.99,4.68,False
2015-06-04T04:00:00,Avengers Compound,Clean Water (L),2408.93,5.1,False
2015-06-04T04:00:00,Avengers Compound,Medical Kits,740.37,3.83,False
2015-06-04T05:00:00,New Asgard,Vibranium (kg),2427.84,4.61,False
2015-06-04T05:00:00,New Asgard,Arc Reactor Cores,703.18,5.53,False
2015-06-04T05:00:00,New Asgard,Pym Particles,714.67,5.07,False
2015-06-04T05:00:00,New Asgard,Clean Water (L),2407.88,5.53,False
2015-06-04T05:00:00,New Asgard,Medical Kits,737.72,4.15,False
2015-06-04T05:00:00,Wakanda,Vibranium (kg),2424.05,4.61,False
2015-06-04T05:00:00,Wakanda,Arc Reactor Cores,712.24,5.53,False
2015-06-04T05:00:00,Wakanda,Pym Particles,715.7,5.07,False
2015-06-04T05:00:00,Wakanda,Clean Water (L),2404.58,5.53,False
2015-06-04T05:00:00,Wakanda,Medical Kits,739.11,4.15,False
2015-06-04T05:00:00,Sokovia,Vibranium (kg),2431.15,4.61,False
2015-06-04T05:00:00,Sokovia,Arc Reactor Cores,708.56,5.53,False
2015-06-04T05:00:00,Sokovia,Pym Particles,716.28,5.07,False
2015-06-04T05:00:00,Sokovia,Clean Water (L),2407.52,5.53,False
2015-06-04T05:00:00,Sokovia,Medical Kits,735.33,4.15,False
2015-06-04T05:00:00,Sanctum Sanctorum,Vibranium (kg),2427.08,4.61,False
2015-06-04T05:00:00,Sanctum Sanctorum,Arc Reactor Cores,707.9,5.53,False
2015-06-04T05:00:00,Sanctum Sanctorum,Pym Particles,717.77,5.07,False
2015-06-04T05:00:00,Sanctum Sanctorum,Clean Water (L),2407.34,5.53,False
2015-06-04T05:00:00,Sanctum Sanctorum,Medical Kits,733.15,4.15,False
2015-06-04T05:00:00,Avengers Compound,Vibranium (kg),2424.93,4.61,False
2015-06-04T05:00:00,Avengers Compound,Arc Reactor Cores,711.08,5.53,False
2015-06-04T05:00:00,Avengers Compound,Pym Particles,722.14,5.07,False
2015-06-04T05:00:00,Avengers Compound,Clean Water (L),2408.86,5.53,False
2015-06-04T05:00:00,Avengers Compound,Medical Kits,739.74,4.15,False
2015-06-04T06:00:00,New Asgard,Vibranium (kg),2426.75,5.0,False
2015-06-04T06:00:00,New Asgard,Arc Reactor Cores,704.8,6.0,False
2015-06-04T06:00:00,New Asgard,Pym Particles,714.74,5.5,False
2015-06-04T06:00:00,New Asgard,Clean Water (L),2407.81,6.0,False
2015-06-04T06:00:00,New Asgard,Medical Kits,738.37,4.5,False
2015-06-04T06:00:00,Wakanda,Vibranium (kg),2424.24,5.0,False
2015-06-04T06:00:00,Wakanda,Arc Reactor Cores,712.78,6.0,False
2015-06-04T06:00:00,Wakanda,Pym Particles,716.7,5.5,False
2015-06-04T06:00:00,Wakanda,Clean Water (L),2404.83,6.0,False
2015-06-04T06:00:00,Wakanda,Medical Kits,738.2,4.5,False
2015-06-04T06:00:00,Sokovia,Vibranium (kg),2430.5,5.0,False
2015-06-04T06:00:00,Sokovia,Arc Reactor Cores,708.55,6.0,False
2015-06-04T06:00:00,Sokovia,Pym Particles,715.75,5.5,False
2015-06-04T06:00:00,Sokovia,Clean Water (L),2405.46,6.0,False
2015-06-04T06:00:00,Sokovia,Medical Kits,734.39,4.5,False
2015-06-04T06:00:00,Sanctum Sanctorum,Vibranium (kg),2426.39,5.0,False
2015-06-04T06:00:00,Sanctum Sanctorum,Arc Reactor Cores,706.51,6.0,False
2015-06-04T06:00:00,Sanctum Sanctorum,Pym Particles,716.47,5.5,False
2015-06-04T06:00:00,Sanctum Sanctorum,Clean Water (L),2407.11,6.0,False
2015-06-04T06:00:00,Sanctum Sanctorum,Medical Kits,734.06,4.5,False
2015-06-04T06:00:00,Avengers Compound,Vibranium (kg),2423.65,5.0,False
2015-06-04T06:00:00,Avengers Compound,Arc Reactor Cores,710.42,6.0,False
2015-06-04T06:00:00,Avengers Compound,Pym Particles,721.95,5.5,False
2015-06-04T06:00:00,Avengers Compound,Clean Water (L),2408.95,6.0,False
2015-06-04T06:00:00,Avengers Compound,Medical Kits,739.75,4.5,False
2015-06-04T07:00:00,New Asgard,Vibranium (kg),2425.44,5.39,False
2015-06-04T07:00:00,New Asgard,Arc Reactor Cores,704.35,6.47,False
2015-06-04T07:00:00,New Asgard,Pym Particles,714.08,5.93,False
2015-06-04T07:00:00,New Asgard,Clean Water (L),2406.78,6.47,False
2015-06-04T07:00:00,New Asgard,Medical Kits,738.28,4.85,False
2015-06-04T07:00:00,Wakanda,Vibranium (kg),2425.28,5.39,False
2015-06-04T07:00:00,Wakanda,Arc Reactor Cores,710.22,6.47,False
2015-06-04T07:00:00,Wakanda,Pym Particles,715.1,5.93,False
2015-06-04T07:00:00,Wakanda,Clean Water (L),2402.23,6.47,False
2015-06-04T07:00:00,Wakanda,Medical Kits,737.44,4.85,False
2015-06-04T07:00:00,Sokovia,Vibranium (kg),2429.83,5.39,False
2015-06-04T07:00:00,Sokovia,Arc Reactor Cores,708.29,6.47,False
2015-06-04T07:00:00,Sokovia,Pym Particles,714.66,5.93,False
2015-06-04T07:00:00,Sokovia,Clean Water (L),2405.62,6.47,False
2015-06-04T07:00:00,Sokovia,Medical Kits,734.62,4.85,False
2015-06-04T07:00:00,Sanctum Sanctorum,Vibranium (kg),2427.16,5.39,False
2015-06-04T07:00:00,Sanctum Sanctorum,Arc Reactor Cores,705.87,6.47,False
2015-06-04T07:00:00,Sanctum Sanctorum,Pym Particles,715.87,5.93,False
2015-06-04T07:00:00,Sanctum Sanctorum,Clean Water (L),2406.59,6.47,False
2015-06-04T07:00:00,Sanctum Sanctorum,Medical Kits,733.05,4.85,False
2015-06-04T07:00:00,Avengers Compound,Vibranium (kg),2421.82,5.39,False
2015-06-04T07:00:00,Avengers Compound,Arc Reactor Cores,709.26,6.47,False
2015-06-04T07:00:00,Avengers Compound,Pym Particles,720.64,5.93,False
2015-06-04T07:00:00,Avengers Compound,Clean Water (L),2406.66,6.47,False
2015-06-04T07:00:00,Avengers Compound,Medical Kits,739.36,4.85,False
2015-06-04T08:00:00,New Asgard,Vibranium (kg),2424.91,5.75,False
2015-06-04T08:00:00,New Asgard,Arc Reactor Cores,703.34,6.9,False
2015-06-04T08:00:00,New Asgard,Pym Particles,713.03,6.32,False
2015-06-04T08:00:00,New Asgard,Clean Water (L),2405.48,6.9,False
2015-06-04T08:00:00,New Asgard,Medical Kits,737.69,5.17,False
2015-06-04T08:00:00,Wakanda,Vibranium (kg),2425.47,5.75,False
2015-06-04T08:00:00,Wakanda,Arc Reactor Cores,708.72,6.9,False
2015-06-04T08:00:00,Wakanda,Pym Particles,714.71,6.32,False
2015-06-04T08:00:00,Wakanda,Clean Water (L),2401.87,6.9,False
2015-06-04T08:00:00,Wakanda,Medical Kits,735.07,5.17,False
2015-06-04T08:00:00,Sokovia,Vibranium (kg),2428.79,5.75,False
2015-06-04T08:00:00,Sokovia,Arc Reactor Cores,706.24,6.9,False
2015-06-04T08:00:00,Sokovia,Pym Particles,715.39,6.32,False
2015-06-04T08:00:00,Sokovia,Clean Water (L),2404.33,6.9,False
2015-06-04T08:00:00,Sokovia,Medical Kits,734.53,5.17,False
2015-06-04T08:00:00,Sanctum Sanctorum,Vibranium (kg),2426.05,5.75,False
2015-06-04T08:00:00,Sanctum Sanctorum,Arc Reactor Cores,705.97,6.9,False
2015-06-04T08:00:00,Sanctum Sanctorum,Pym Particles,714.35,6.32,False
2015-06-04T08:00:00,Sanctum Sanctorum,Clean Water (L),2405.48,6.9,False
2015-06-04T08:00:00,Sanctum Sanctorum,Medical Kits,732.87,5.17,False
2015-06-04T08:00:00,Avengers Compound,Vibranium (kg),2420.17,5.75,False
2015-06-04T08:00:00,Avengers Compound,Arc Reactor Cores,708.71,6.9,False
2015-06-04T08:00:00,Avengers Compound,Pym Particles,718.83,6.32,False
2015-06-04T08:00:00,Avengers Compound,Clean Water (L),2405.21,6.9,False
2015-06-04T08:00:00,Avengers Compound,Medical Kits,738.23,5.17,False
2015-06-04T09:00:00,New Asgard,Vibranium (kg),2424.34,6.06,False
2015-06-04T09:00:00,New Asgard,Arc Reactor Cores,702.26,7.27,False
2015-06-04T09:00:00,New Asgard,Pym Particles,711.11,6.67,False
2015-06-04T09:00:00,New Asgard,Clean Water (L),2403.03,7.27,False
2015-06-04T09:00:00,New Asgard,Medical Kits,737.46,5.45,False
2015-06-04T09:00:00,Wakanda,Vibranium (kg),2423.66,6.06,False
2015-06-04T09:00:00,Wakanda,Arc Reactor Cores,705.62,7.27,False
2015-06-04T09:00:00,Wakanda,Pym Particles,714.52,6.67,False
2015-06-04T09:00:00,Wakanda,Clean Water (L),2399.57,7.27,False
2015-06-04T09:00:00,Wakanda,Medical Kits,733.9,5.45,False
2015-06-04T09:00:00,Sokovia,Vibranium (kg),2427.18,6.06,False
2015-06-04T09:00:00,Sokovia,Arc Reactor Cores,704.0,7.27,False
2015-06-04T09:00:00,Sokovia,Pym Particles,712.53,6.67,False
2015-06-04T09:00:00,Sokovia,Clean Water (L),2403.34,7.27,False
2015-06-04T09:00:00,Sokovia,Medical Kits,733.45,5.45,False
2015-06-04T09:00:00,Sanctum Sanctorum,Vibranium (kg),2426.2,6.06,False
2015-06-04T09:00:00,Sanctum Sanctorum,Arc Reactor Cores,704.77,7.27,False
2015-06-04T09:00:00,Sanctum Sanctorum,Pym Particles,713.32,6.67,False
2015-06-04T09:00:00,Sanctum Sanctorum,Clean Water (L),2404.42,7.27,False
2015-06-04T09:00:00,Sanctum Sanctorum,Medical Kits,730.82,5.45,False
2015-06-04T09:00:00,Avengers Compound,Vibranium (kg),2418.75,6.06,False
2015-06-04T09:00:00,Avengers Compound,Arc Reactor Cores,706.87,7.27,False
2015-06-04T09:00:00,Avengers Compound,Pym Particles,717.83,6.67,False
2015-06-04T09:00:00,Avengers Compound,Clean Water (L),2404.74,7.27,False
2015-06-04T09:00:00,Avengers Compound,Medical Kits,737.78,5.45,False
2015-06-04T10:00:00,New Asgard,Vibranium (kg),2422.66,6.3,False
2015-06-04T10:00:00,New Asgard,Arc Reactor Cores,701.16,7.56,False
2015-06-04T10:00:00,New Asgard,Pym Particles,708.2,6.93,False
2015-06-04T10:00:00,New Asgard,Clean Water (L),2400.9,7.56,False
2015-06-04T10:00:00,New Asgard,Medical Kits,736.79,5.67,False
2015-06-04T10:00:00,Wakanda,Vibranium (kg),2422.0,6.3,False
2015-06-04T10:00:00,Wakanda,Arc Reactor Cores,702.82,7.56,False
2015-06-04T10:00:00,Wakanda,Pym Particles,713.94,6.93,False
2015-06-04T10:00:00,Wakanda,Clean Water (L),2398.07,7.56,False
2015-06-04T10:00:00,Wakanda,Medical Kits,734.18,5.67,False
2015-06-04T10:00:00,Sokovia,Vibranium (kg),2426.47,6.3,False
2015-06-04T10:00:00,Sokovia,Arc Reactor Cores,703.08,7.56,False
2015-06-04T10:00:00,Sokovia,Pym Particles,711.47,6.93,False
2015-06-04T10:00:00,Sokovia,Clean Water (L),2401.38,7.56,False
2015-06-04T10:00:00,Sokovia,Medical Kits,733.07,5.67,False
2015-06-04T10:00:00,Sanctum Sanctorum,Vibranium (kg),2424.12,6.3,False
2015-06-04T10:00:00,Sanctum Sanctorum,Arc Reactor Cores,701.9,7.56,False
2015-06-04T10:00:00,Sanctum Sanctorum,Pym Particles,712.29,6.93,False
2015-06-04T10:00:00,Sanctum Sanctorum,Clean Water (L),2402.41,7.56,False
2015-06-04T10:00:00,Sanctum Sanctorum,Medical Kits,729.2,5.67,False
2015-06-04T10:00:00,Avengers Compound,Vibranium (kg),2418.49,6.3,False
2015-06-04T10:00:00,Avengers Compound,Arc Reactor Cores,706.11,7.56,False
2015-06-04T10:00:00,Avengers Compound,Pym Particles,716.14,6.93,False
2015-06-04T10:00:00,Avengers Compound,Clean Water (L),2401.48,7.56,False
2015-06-04T10:00:00,Avengers Compound,Medical Kits,736.17,5.67,False
2015-06-04T11:00:00,New Asgard,Vibranium (kg),2420.89,6.45,False
2015-06-04T11:00:00,New Asgard,Arc Reactor Cores,700.59,7.74,False
2015-06-04T11:00:00,New Asgard,Pym Particles,706.47,7.09,False
2015-06-04T11:00:00,New Asgard,Clean Water (L),2398.5,7.74,False
2015-06-04T11:00:00,New Asgard,Medical Kits,735.45,5.8,False
2015-06-04T11:00:00,Wakanda,Vibranium (kg),2422.36,6.45,False
2015-06-04T11:00:00,Wakanda,Arc Reactor Cores,700.85,7.74,False
2015-06-04T11:00:00,Wakanda,Pym Particles,710.83,7.09,False
2015-06-04T11:00:00,Wakanda,Clean Water (L),2396.87,7.74,False
2015-06-04T11:00:00,Wakanda,Medical Kits,731.34,5.8,False
2015-06-04T11:00:00,Sokovia,Vibranium (kg),2424.97,6.45,False
2015-06-04T11:00:00,Sokovia,Arc Reactor Cores,701.44,7.74,False
2015-06-04T11:00:00,Sokovia,Pym Particles,710.31,7.09,False
2015-06-04T11:00:00,Sokovia,Clean Water (L),2398.2,7.74,False
2015-06-04T11:00:00,Sokovia,Medical Kits,733.28,5.8,False
2015-06-04T11:00:00,Sanctum Sanctorum,Vibranium (kg),2422.92,6.45,False
2015-06-04T11:00:00,Sanctum Sanctorum,Arc Reactor Cores,699.88,7.74,False
2015-06-04T11:00:00,Sanctum Sanctorum,Pym Particles,710.08,7.09,False
2015-06-04T11:00:00,Sanctum Sanctorum,Clean Water (L),2401.04,7.74,False
2015-06-04T11:00:00,Sanctum Sanctorum,Medical Kits,728.34,5.8,False
2015-06-04T11:00:00,Avengers Compound,Vibranium (kg),2417.07,6.45,False
2015-06-04T11:00:00,Avengers Compound,Arc Reactor Cores,703.53,7.74,False
2015-06-04T11:00:00,Avengers Compound,Pym Particles,713.43,7.09,False
2015-06-04T11:00:00,Avengers Compound,Clean Water (L),2400.77,7.74,False
2015-06-04T11:00:00,Avengers Compound,Medical Kits,736.25,5.8,False
2015-06-04T12:00:00,New Asgard,Vibranium (kg),2418.17,6.5,False
2015-06-04T12:00:00,New Asgard,Arc Reactor Cores,699.59,7.8,False
2015-06-04T12:00:00,New Asgard,Pym Particles,705.84,7.15,False
2015-06-04T12:00:00,New Asgard,Clean Water (L),2397.05,7.8,False
2015-06-04T12:00:00,New Asgard,Medical Kits,735.13,5.85,False
2015-06-04T12:00:00,Wakanda,Vibranium (kg),2420.74,6.5,False
2015-06-04T12:00:00,Wakanda,Arc Reactor Cores,699.89,7.8,False
2015-06-04T12:00:00,Wakanda,Pym Particles,708.3,7.15,False
2015-06-04T12:00:00,Wakanda,Clean Water (L),2396.03,7.8,False
2015-06-04T12:00:00,Wakanda,Medical Kits,729.67,5.85,False
2015-06-04T12:00:00,Sokovia,Vibranium (kg),2422.28,6.5,False
2015-06-04T12:00:00,Sokovia,Arc Reactor Cores,699.14,7.8,False
2015-06-04T12:00:00,Sokovia,Pym Particles,707.62,7.15,False
2015-06-04T12:00:00,Sokovia,Clean Water (L),2395.87,7.8,False
2015-06-04T12:00:00,Sokovia,Medical Kits,732.07,5.85,False
2015-06-04T12:00:00,Sanctum Sanctorum,Vibranium (kg),2420.69,6.5,False
2015-06-04T12:00:00,Sanctum Sanctorum,Arc Reactor Cores,698.34,7.8,False
2015-06-04T12:00:00,Sanctum Sanctorum,Pym Particles,708.77,7.15,False
2015-06-04T12:00:00,Sanctum Sanctorum,Clean Water (L),2399.27,7.8,False
2015-06-04T12:00:00,Sanctum Sanctorum,Medical Kits,727.72,5.85,False
2015-06-04T12:00:00,Avengers Compound,Vibranium (kg),2414.81,6.5,False
2015-06-04T12:00:00,Avengers Compound,Arc Reactor Cores,701.01,7.8,False
2015-06-04T12:00:00,Avengers Compound,Pym Particles,711.17,7.15,False
2015-06-04T12:00:00,Avengers Compound,Clean Water (L),2398.46,7.8,False
2015-06-04T12:00:00,Avengers Compound,Medical Kits,734.92,5.85,False
2015-06-04T13:00:00,New Asgard,Vibranium (kg),2416.38,6.45,False
2015-06-04T13:00:00,New Asgard,Arc Reactor Cores,697.7,7.74,False
2015-06-04T13:00:00,New Asgard,Pym Particles,704.81,7.09,False
2015-06-04T13:00:00,New Asgard,Clean Water (L),2394.07,7.74,False
2015-06-04T13:00:00,New Asgard,Medical Kits,733.03,5.8,False
2015-06-04T13:00:00,Wakanda,Vibranium (kg),2420.45,6.45,False
2015-06-04T13:00:00,Wakanda,Arc Reactor Cores,699.25,7.74,False
2015-06-04T13:00:00,Wakanda,Pym Particles,707.01,7.09,False
2015-06-04T13:00:00,Wakanda,Clean Water (L),2395.61,7.74,False
2015-06-04T13:00:00,Wakanda,Medical Kits,729.08,5.8,False
2015-06-04T13:00:00,Sokovia,Vibranium (kg),2419.98,6.45,False
2015-06-04T13:00:00,Sokovia,Arc Reactor Cores,698.18,7.74,False
2015-06-04T13:00:00,Sokovia,Pym Particles,707.53,7.09,False
2015-06-04T13:00:00,Sokovia,Clean Water (L),2393.35,7.74,False
2015-06-04T13:00:00,Sokovia,Medical Kits,730.63,5.8,False
2015-06-04T13:00:00,Sanctum Sanctorum,Vibranium (kg),2419.62,6.45,False
2015-06-04T13:00:00,Sanctum Sanctorum,Arc Reactor Cores,695.91,7.74,False
2015-06-04T13:00:00,Sanctum Sanctorum,Pym Particles,706.89,7.09,False
2015-06-04T13:00:00,Sanctum Sanctorum,Clean Water (L),2398.23,7.74,False
2015-06-04T13:00:00,Sanctum Sanctorum,Medical Kits,726.45,5.8,False
2015-06-04T13:00:00,Avengers Compound,Vibranium (kg),2414.58,6.45,False
2015-06-04T13:00:00,Avengers Compound,Arc Reactor Cores,700.87,7.74,False
2015-06-04T13:00:00,Avengers Compound,Pym Particles,709.55,7.09,False
2015-06-04T13:00:00,Avengers Compound,Clean Water (L),2396.79,7.74,False
2015-06-04T13:00:00,Avengers Compound,Medical Kits,733.2,5.8,False
2015-06-04T14:00:00,New Asgard,Vibranium (kg),2414.92,6.3,False
2015-06-04T14:00:00,New Asgard,Arc Reactor Cores,696.39,7.56,False
2015-06-04T14:00:00,New Asgard,Pym Particles,703.07,6.93,False
2015-06-04T14:00:00,New Asgard,Clean Water (L),2393.28,7.56,False
2015-06-04T14:00:00,New Asgard,Medical Kits,731.88,5.67,False
2015-06-04T14:00:00,Wakanda,Vibranium (kg),2419.48,6.3,False
2015-06-04T14:00:00,Wakanda,Arc Reactor Cores,698.08,7.56,False
2015-06-04T14:00:00,Wakanda,Pym Particles,704.81,6.93,False
2015-06-04T14:00:00,Wakanda,Clean Water (L),2394.24,7.56,False
2015-06-04T14:00:00,Wakanda,Medical Kits,727.59,5.67,False
2015-06-04T14:00:00,Sokovia,Vibranium (kg),2419.78,6.3,False
2015-06-04T14:00:00,Sokovia,Arc Reactor Cores,696.68,7.56,False
2015-06-04T14:00:00,Sokovia,Pym Particles,707.14,6.93,False
2015-06-04T14:00:00,Sokovia,Clean Water (L),2392.25,7.56,False
2015-06-04T14:00:00,Sokovia,Medical Kits,729.55,5.67,False
2015-06-04T14:00:00,Sanctum Sanctorum,Vibranium (kg),2416.41,6.3,False
2015-06-04T14:00:00,Sanctum Sanctorum,Arc Reactor Cores,693.21,7.56,False
2015-06-04T14:00:00,Sanctum Sanctorum,Pym Particles,705.86,6.93,False
2015-06-04T14:00:00,Sanctum Sanctorum,Clean Water (L),2396.94,7.56,False
2015-06-04T14:00:00,Sanctum Sanctorum,Medical Kits,725.06,5.67,False
2015-06-04T14:00:00,Avengers Compound,Vibranium (kg),2412.04,6.3,False
2015-06-04T14:00:00,Avengers Compound,Arc Reactor Cores,698.13,7.56,False
2015-06-04T14:00:00,Avengers Compound,Pym Particles,707.2,6.93,False
2015-06-04T14:00:00,Avengers Compound,Clean Water (L),2395.17,7.56,False
2015-06-04T14:00:00,Avengers Compound,Medical Kits,732.88,5.67,False
2015-06-04T15:00:00,New Asgard,Vibranium (kg),2413.74,6.06,False
2015-06-04T15:00:00,New Asgard,Arc Reactor Cores,695.41,7.27,False
2015-06-04T15:00:00,New Asgard,Pym Particles,702.01,6.67,False
2015-06-04T15:00:00,New Asgard,Clean Water (L),2391.37,7.27,False
2015-06-04T15:00:00,New Asgard,Medical Kits,730.02,5.45,False
2015-06-04T15:00:00,Wakanda,Vibranium (kg),2418.31,6.06,False
2015-06-04T15:00:00,Wakanda,Arc Reactor Cores,696.93,7.27,False
2015-06-04T15:00:00,Wakanda,Pym Particles,702.91,6.67,False
2015-06-04T15:00:00,Wakanda,Clean Water (L),2392.18,7.27,False
2015-06-04T15:00:00,Wakanda,Medical Kits,725.69,5.45,False
2015-06-04T15:00:00,Sokovia,Vibranium (kg),2417.62,6.06,False
2015-06-04T15:00:00,Sokovia,Arc Reactor Cores,694.46,7.27,False
2015-06-04T15:00:00,Sokovia,Pym Particles,706.39,6.67,False
2015-06-04T15:00:00,Sokovia,Clean Water (L),2392.3,7.27,False
2015-06-04T15:00:00,Sokovia,Medical Kits,727.09,5.45,False
2015-06-04T15:00:00,Sanctum Sanctorum,Vibranium (kg),2415.27,6.06,False
2015-06-04T15:00:00,Sanctum Sanctorum,Arc Reactor Cores,691.27,7.27,False
2015-06-04T15:00:00,Sanctum Sanctorum,Pym Particles,704.75,6.67,False
2015-06-04T15:00:00,Sanctum Sanctorum,Clean Water (L),2395.06,7.27,False
2015-06-04T15:00:00,Sanctum Sanctorum,Medical Kits,725.16,5.45,False
2015-06-04T15:00:00,Avengers Compound,Vibranium (kg),2410.38,6.06,False
2015-06-04T15:00:00,Avengers Compound,Arc Reactor Cores,698.74,7.27,False
2015-06-04T15:00:00,Avengers Compound,Pym Particles,706.84,6.67,False
2015-06-04T15:00:00,Avengers Compound,Clean Water (L),2394.24,7.27,False
2015-06-04T15:00:00,Avengers Compound,Medical Kits,731.54,5.45,False
2015-06-04T16:00:00,New Asgard,Vibranium (kg),2413.47,5.75,False
2015-06-04T16:00:00,New Asgard,Arc Reactor Cores,694.47,6.9,False
2015-06-04T16:00:00,New Asgard,Pym Particles,700.51,6.32,False
2015-06-04T16:00:00,New Asgard,Clean Water (L),2390.59,6.9,False
2015-06-04T16:00:00,New Asgard,Medical Kits,730.15,5.17,False
2015-06-04T16:00:00,Wakanda,Vibranium (kg),2418.6,5.75,False
2015-06-04T16:00:00,Wakanda,Arc Reactor Cores,695.04,6.9,False
2015-06-04T16:00:00,Wakanda,Pym Particles,703.94,6.32,False
2015-06-04T16:00:00,Wakanda,Clean Water (L),2390.96,6.9,False
2015-06-04T16:00:00,Wakanda,Medical Kits,724.74,5.17,False
2015-06-04T16:00:00,Sokovia,Vibranium (kg),2415.41,5.75,False
2015-06-04T16:00:00,Sokovia,Arc Reactor Cores,693.94,6.9,False
2015-06-04T16:00:00,Sokovia,Pym Particles,705.59,6.32,False
2015-06-04T16:00:00,Sokovia,Clean Water (L),2391.74,6.9,False
2015-06-04T16:00:00,Sokovia,Medical Kits,725.94,5.17,False
2015-06-04T16:00:00,Sanctum Sanctorum,Vibranium (kg),2413.36,5.75,False
2015-06-04T16:00:00,Sanctum Sanctorum,Arc Reactor Cores,691.63,6.9,False
2015-06-04T16:00:00,Sanctum Sanctorum,Pym Particles,705.24,6.32,False
2015-06-04T16:00:00,Sanctum Sanctorum,Clean Water (L),2395.67,6.9,False
2015-06-04T16:00:00,Sanctum Sanctorum,Medical Kits,723.33,5.17,False
2015-06-04T16:00:00,Avengers Compound,Vibranium (kg),2409.44,5.75,False
2015-06-04T16:00:00,Avengers Compound,Arc Reactor Cores,697.42,6.9,False
2015-06-04T16:00:00,Avengers Compound,Pym Particles,706.29,6.32,False
2015-06-04T16:00:00,Avengers Compound,Clean Water (L),2395.23,6.9,False
2015-06-04T16:00:00,Avengers Compound,Medical Kits,729.48,5.17,False
2015-06-04T17:00:00,New Asgard,Vibranium (kg),2414.44,5.39,False
2015-06-04T17:00:00,New Asgard,Arc Reactor Cores,693.9,6.47,False
2015-06-04T17:00:00,New Asgard,Pym Particles,701.26,5.93,False
2015-06-04T17:00:00,New Asgard,Clean Water (L),2390.71,6.47,False
2015-06-04T17:00:00,New Asgard,Medical Kits,729.49,4.85,False
2015-06-04T17:00:00,Wakanda,Vibranium (kg),2418.09,5.39,False
2015-06-04T17:00:00,Wakanda,Arc Reactor Cores,693.96,6.47,False
2015-06-04T17:00:00,Wakanda,Pym Particles,705.15,5.93,False
2015-06-04T17:00:00,Wakanda,Clean Water (L),2390.97,6.47,False
2015-06-04T17:00:00,Wakanda,Medical Kits,725.81,4.85,False
2015-06-04T17:00:00,Sokovia,Vibranium (kg),2415.73,5.39,False
2015-06-04T17:00:00,Sokovia,Arc Reactor Cores,692.76,6.47,False
2015-06-04T17:00:00,Sokovia,Pym Particles,706.17,5.93,False
2015-06-04T17:00:00,Sokovia,Clean Water (L),2390.26,6.47,False
2015-06-04T17:00:00,Sokovia,Medical Kits,724.44,4.85,False
2015-06-04T17:00:00,Sanctum Sanctorum,Vibranium (kg),2413.06,5.39,False
2015-06-04T17:00:00,Sanctum Sanctorum,Arc Reactor Cores,692.5,6.47,False
2015-06-04T17:00:00,Sanctum Sanctorum,Pym Particles,706.78,5.93,False
2015-06-04T17:00:00,Sanctum Sanctorum,Clean Water (L),2395.65,6.47,False
2015-06-04T17:00:00,Sanctum Sanctorum,Medical Kits,724.89,4.85,False
2015-06-04T17:00:00,Avengers Compound,Vibranium (kg),2410.01,5.39,False
2015-06-04T17:00:00,Avengers Compound,Arc Reactor Cores,696.89,6.47,False
2015-06-04T17:00:00,Avengers Compound,Pym Particles,706.79,5.93,False
2015-06-04T17:00:00,Avengers Compound,Clean Water (L),2394.66,6.47,False
2015-06-04T17:00:00,Avengers Compound,Medical Kits,730.05,4.85,False
2015-06-04T18:00:00,New Asgard,Vibranium (kg),2414.51,5.0,False
2015-06-04T18:00:00,New Asgard,Arc Reactor Cores,693.54,6.0,False
2015-06-04T18:00:00,New Asgard,Pym Particles,701.96,5.5,False
2015-06-04T18:00:00,New Asgard,Clean Water (L),2389.79,6.0,False
2015-06-04T18:00:00,New Asgard,Medical Kits,729.14,4.5,False
2015-06-04T18:00:00,Wakanda,Vibranium (kg),2419.28,5.0,False
2015-06-04T18:00:00,Wakanda,Arc Reactor Cores,693.39,6.0,False
2015-06-04T18:00:00,Wakanda,Pym Particles,705.75,5.5,False
2015-06-04T18:00:00,Wakanda,Clean Water (L),2391.5,6.0,False
2015-06-04T18:00:00,Wakanda,Medical Kits,726.58,4.5,False
2015-06-04T18:00:00,Sokovia,Vibranium (kg),2416.25,5.0,False
2015-06-04T18:00:00,Sokovia,Arc Reactor Cores,693.7,6.0,False
2015-06-04T18:00:00,Sokovia,Pym Particles,706.04,5.5,False
2015-06-04T18:00:00,Sokovia,Clean Water (L),2390.88,6.0,False
2015-06-04T18:00:00,Sokovia,Medical Kits,725.06,4.5,False
2015-06-04T18:00:00,Sanctum Sanctorum,Vibranium (kg),2412.08,5.0,False
2015-06-04T18:00:00,Sanctum Sanctorum,Arc Reactor Cores,692.94,6.0,False
2015-06-04T18:00:00,Sanctum Sanctorum,Pym Particles,708.08,5.5,False
2015-06-04T18:00:00,Sanctum Sanctorum,Clean Water (L),2395.45,6.0,False
2015-06-04T18:00:00,Sanctum Sanctorum,Medical Kits,723.78,4.5,False
2015-06-04T18:00:00,Avengers Compound,Vibranium (kg),2410.95,5.0,False
2015-06-04T18:00:00,Avengers Compound,Arc Reactor Cores,695.79,6.0,False
2015-06-04T18:00:00,Avengers Compound,Pym Particles,707.18,5.5,False
2015-06-04T18:00:00,Avengers Compound,Clean Water (L),2394.97,6.0,False
2015-06-04T18:00:00,Avengers Compound,Medical Kits,729.78,4.5,False
2015-06-04T19:00:00,New Asgard,Vibranium (kg),2414.76,4.61,False
2015-06-04T19:00:00,New Asgard,Arc Reactor Cores,695.77,5.53,False
2015-06-04T19:00:00,New Asgard,Pym Particles,702.84,5.07,False
2015-06-04T19:00:00,New Asgard,Clean Water (L),2392.08,5.53,False
2015-06-04T19:00:00,New Asgard,Medical Kits,728.87,4.15,False
2015-06-04T19:00:00,Wakanda,Vibranium (kg),2420.19,4.61,False
2015-06-04T19:00:00,Wakanda,Arc Reactor Cores,695.26,5.53,False
2015-06-04T19:00:00,Wakanda,Pym Particles,704.94,5.07,False
2015-06-04T19:00:00,Wakanda,Clean Water (L),2390.95,5.53,False
2015-06-04T19:00:00,Wakanda,Medical Kits,726.61,4.15,False
2015-06-04T19:00:00,Sokovia,Vibranium (kg),2416.29,4.61,False
2015-06-04T19:00:00,Sokovia,Arc Reactor Cores,694.78,5.53,False
2015-06-04T19:00:00,Sokovia,Pym Particles,707.81,5.07,False
2015-06-04T19:00:00,Sokovia,Clean Water (L),2391.25,5.53,False
2015-06-04T19:00:00,Sokovia,Medical Kits,724.25,4.15,False
2015-06-04T19:00:00,Sanctum Sanctorum,Vibranium (kg),2412.63,4.61,False
2015-06-04T19:00:00,Sanctum Sanctorum,Arc Reactor Cores,693.4,5.53,False
2015-06-04T19:00:00,Sanctum Sanctorum,Pym Particles,707.93,5.07,False
2015-06-04T19:00:00,Sanctum Sanctorum,Clean Water (L),2395.45,5.53,False
2015-06-04T19:00:00,Sanctum Sanctorum,Medical Kits,724.67,4.15,False
2015-06-04T19:00:00,Avengers Compound,Vibranium (kg),2411.82,4.61,False
2015-06-04T19:00:00,Avengers Compound,Arc Reactor Cores,696.65,5.53,False
2015-06-04T19:00:00,Avengers Compound,Pym Particles,707.59,5.07,False
2015-06-04T19:00:00,Avengers Compound,Clean Water (L),2396.1,5.53,False
2015-06-04T19:00:00,Avengers Compound,Medical Kits,731.24,4.15,False
2015-06-04T20:00:00,New Asgard,Vibranium (kg),2414.35,4.25,False
2015-06-04T20:00:00,New Asgard,Arc Reactor Cores,695.59,5.1,False
2015-06-04T20:00:00,New Asgard,Pym Particles,703.48,4.68,False
2015-06-04T20:00:00,New Asgard,Clean Water (L),2391.98,5.1,False
2015-06-04T20:00:00,New Asgard,Medical Kits,728.27,3.83,False
2015-06-04T20:00:00,Wakanda,Vibranium (kg),2421.14,4.25,False
2015-06-04T20:00:00,Wakanda,Arc Reactor Cores,694.63,5.1,False
2015-06-04T20:00:00,Wakanda,Pym Particles,705.4,4.68,False
2015-06-04T20:00:00,Wakanda,Clean Water (L),2391.79,5.1,False
2015-06-04T20:00:00,Wakanda,Medical Kits,727.53,3.83,False
2015-06-04T20:00:00,Sokovia,Vibranium (kg),2417.15,4.25,False
2015-06-04T20:00:00,Sokovia,Arc Reactor Cores,695.93,5.1,False
2015-06-04T20:00:00,Sokovia,Pym Particles,708.64,4.68,False
2015-06-04T20:00:00,Sokovia,Clean Water (L),2391.26,5.1,False
2015-06-04T20:00:00,Sokovia,Medical Kits,724.69,3.83,False
2015-06-04T20:00:00,Sanctum Sanctorum,Vibranium (kg),2413.72,4.25,False
2015-06-04T20:00:00,Sanctum Sanctorum,Arc Reactor Cores,693.98,5.1,False
2015-06-04T20:00:00,Sanctum Sanctorum,Pym Particles,709.15,4.68,False
2015-06-04T20:00:00,Sanctum Sanctorum,Clean Water (L),2395.84,5.1,False
2015-06-04T20:00:00,Sanctum Sanctorum,Medical Kits,726.93,3.83,False
2015-06-04T20:00:00,Avengers Compound,Vibranium (kg),2412.31,4.25,False
2015-06-04T20:00:00,Avengers Compound,Arc Reactor Cores,695.9,5.1,False
2015-06-04T20:00:00,Avengers Compound,Pym Particles,707.83,4.68,False
2015-06-04T20:00:00,Avengers Compound,Clean Water (L),2396.64,5.1,False
2015-06-04T20:00:00,Avengers Compound,Medical Kits,731.7,3.83,False
2015-06-04T21:00:00,New Asgard,Vibranium (kg),2416.7,3.94,False
2015-06-04T21:00:00,New Asgard,Arc Reactor Cores,697.55,4.73,False
2015-06-04T21:00:00,New Asgard,Pym Particles,704.4,4.33,False
2015-06-04T21:00:00,New Asgard,Clean Water (L),2393.08,4.73,False
2015-06-04T21:00:00,New Asgard,Medical Kits,729.62,3.55,False
2015-06-04T21:00:00,Wakanda,Vibranium (kg),2422.44,3.94,False
2015-06-04T21:00:00,Wakanda,Arc Reactor Cores,697.98,4.73,False
2015-06-04T21:00:00,Wakanda,Pym Particles,706.05,4.33,False
2015-06-04T21:00:00,Wakanda,Clean Water (L),2393.37,4.73,False
2015-06-04T21:00:00,Wakanda,Medical Kits,727.06,3.55,False
2015-06-04T21:00:00,Sokovia,Vibranium (kg),2417.64,3.94,False
2015-06-04T21:00:00,Sokovia,Arc Reactor Cores,696.92,4.73,False
2015-06-04T21:00:00,Sokovia,Pym Particles,710.41,4.33,False
2015-06-04T21:00:00,Sokovia,Clean Water (L),2391.95,4.73,False
2015-06-04T21:00:00,Sokovia,Medical Kits,725.18,3.55,False
2015-06-04T21:00:00,Sanctum Sanctorum,Vibranium (kg),2415.95,3.94,False
2015-06-04T21:00:00,Sanctum Sanctorum,Arc Reactor Cores,694.36,4.73,False
2015-06-04T21:00:00,Sanctum Sanctorum,Pym Particles,711.17,4.33,False
2015-06-04T21:00:00,Sanctum Sanctorum,Clean Water (L),2396.43,4.73,False
2015-06-04T21:00:00,Sanctum Sanctorum,Medical Kits,728.0,3.55,False
2015-06-04T21:00:00,Avengers Compound,Vibranium (kg),2414.02,3.94,False
2015-06-04T21:00:00,Avengers Compound,Arc Reactor Cores,697.28,4.73,False
2015-06-04T21:00:00,Avengers Compound,Pym Particles,710.56,4.33,False
2015-06-04T21:00:00,Avengers Compound,Clean Water (L),2398.19,4.73,False
2015-06-04T21:00:00,Avengers Compound,Medical Kits,730.81,3.55,False
2015-06-04T22:00:00,New Asgard,Vibranium (kg),2419.7,3.7,False
2015-06-04T22:00:00,New Asgard,Arc Reactor Cores,699.8,4.44,False
2015-06-04T22:00:00,New Asgard,Pym Particles,705.54,4.07,False
2015-06-04T22:00:00,New Asgard,Clean Water (L),2396.25,4.44,False
2015-06-04T22:00:00,New Asgard,Medical Kits,731.43,3.33,False
2015-06-04T22:00:00,Wakanda,Vibranium (kg),2423.6,3.7,False
2015-06-04T22:00:00,Wakanda,Arc Reactor Cores,698.7,4.44,False
2015-06-04T22:00:00,Wakanda,Pym Particles,706.64,4.07,False
2015-06-04T22:00:00,Wakanda,Clean Water (L),2394.41,4.44,False
2015-06-04T22:00:00,Wakanda,Medical Kits,729.01,3.33,False
2015-06-04T22:00:00,Sokovia,Vibranium (kg),2419.36,3.7,False
2015-06-04T22:00:00,Sokovia,Arc Reactor Cores,699.42,4.44,False
2015-06-04T22:00:00,Sokovia,Pym Particles,712.71,4.07,False
2015-06-04T22:00:00,Sokovia,Clean Water (L),2395.15,4.44,False
2015-06-04T22:00:00,Sokovia,Medical Kits,726.32,3.33,False
2015-06-04T22:00:00,Sanctum Sanctorum,Vibranium (kg),2417.95,3.7,False
2015-06-04T22:00:00,Sanctum Sanctorum,Arc Reactor Cores,696.13,4.44,False
2015-06-04T22:00:00,Sanctum Sanctorum,Pym Particles,711.53,4.07,False
2015-06-04T22:00:00,Sanctum Sanctorum,Clean Water (L),2398.4,4.44,False
2015-06-04T22:00:00,Sanctum Sanctorum,Medical Kits,729.27,3.33,False
2015-06-04T22:00:00,Avengers Compound,Vibranium (kg),2416.69,3.7,False
2015-06-04T22:00:00,Avengers Compound,Arc Reactor Cores,699.14,4.44,False
2015-06-04T22:00:00,Avengers Compound,Pym Particles,712.07,4.07,False
2015-06-04T22:00:00,Avengers Compound,Clean Water (L),2399.86,4.44,False
2015-06-04T22:00:00,Avengers Compound,Medical Kits,732.92,3.33,False
2015-06-04T23:00:00,New Asgard,Vibranium (kg),2421.38,3.55,False
2015-06-04T23:00:00,New Asgard,Arc Reactor Cores,700.65,4.26,False
2015-06-04T23:00:00,New Asgard,Pym Particles,707.8,3.91,False
2015-06-04T23:00:00,New Asgard,Clean Water (L),2398.09,4.26,False
2015-06-04T23:00:00,New Asgard,Medical Kits,733.46,3.2,False
2015-06-04T23:00:00,Wakanda,Vibranium (kg),2425.31,3.55,False
2015-06-04T23:00:00,Wakanda,Arc Reactor Cores,701.03,4.26,False
2015-06-04T23:00:00,Wakanda,Pym Particles,708.57,3.91,False
2015-06-04T23:00:00,Wakanda,Clean Water (L),2396.99,4.26,False
2015-06-04T23:00:00,Wakanda,Medical Kits,730.67,3.2,False
2015-06-04T23:00:00,Sokovia,Vibranium (kg),2421.33,3.55,False
2015-06-04T23:00:00,Sokovia,Arc Reactor Cores,701.66,4.26,False
2015-06-04T23:00:00,Sokovia,Pym Particles,713.01,3.91,False
2015-06-04T23:00:00,Sokovia,Clean Water (L),2396.11,4.26,False
2015-06-04T23:00:00,Sokovia,Medical Kits,729.09,3.2,False
2015-06-04T23:00:00,Sanctum Sanctorum,Vibranium (kg),2421.19,3.55,False
2015-06-04T23:00:00,Sanctum Sanctorum,Arc Reactor Cores,698.85,4.26,False
2015-06-04T23:00:00,Sanctum Sanctorum,Pym Particles,712.72,3.91,False
2015-06-04T23:00:00,Sanctum Sanctorum,Clean Water (L),2400.3,4.26,False
2015-06-04T23:00:00,Sanctum Sanctorum,Medical Kits,732.06,3.2,False
2015-06-04T23:00:00,Avengers Compound,Vibranium (kg),2416.6,3.55,False
2015-06-04T23:00:00,Avengers Compound,Arc Reactor Cores,700.85,4.26,False
2015-06-04T23:00:00,Avengers Compound,Pym Particles,712.19,3.91,False
2015-06-04T23:00:00,Avengers Compound,Clean Water (L),2401.96,4.26,False
2015-06-04T23:00:00,Avengers Compound,Medical Kits,733.88,3.2,False
2015-06-05T00:00:00,New Asgard,Vibranium (kg),2424.23,3.5,False
2015-06-05T00:00:00,New Asgard,Arc Reactor Cores,701.6,4.2,False
2015-06-05T00:00:00,New Asgard,Pym Particles,710.29,3.85,False
2015-06-05T00:00:00,New Asgard,Clean Water (L),2399.18,4.2,False
2015-06-05T00:00:00,New Asgard,Medical Kits,734.79,3.15,False
2015-06-05T00:00:00,Wakanda,Vibranium (kg),2427.1,3.5,False
2015-06-05T00:00:00,Wakanda,Arc Reactor Cores,702.8,4.2,False
2015-06-05T00:00:00,Wakanda,Pym Particles,711.94,3.85,False
2015-06-05T00:00:00,Wakanda,Clean Water (L),2399.31,4.2,False
2015-06-05T00:00:00,Wakanda,Medical Kits,732.88,3.15,False
2015-06-05T00:00:00,Sokovia,Vibranium (kg),2410.35,10.5,True
2015-06-05T00:00:00,Sokovia,Arc Reactor Cores,688.88,12.6,True
2015-06-05T00:00:00,Sokovia,Pym Particles,685.07,28.87,True
2015-06-05T00:00:00,Sokovia,Clean Water (L),2376.82,18.9,True
2015-06-05T00:00:00,Sokovia,Medical Kits,709.65,18.9,True
2015-06-05T00:00:00,Sanctum Sanctorum,Vibranium (kg),2423.03,3.5,False
2015-06-05T00:00:00,Sanctum Sanctorum,Arc Reactor Cores,701.11,4.2,False
2015-06-05T00:00:00,Sanctum Sanctorum,Pym Particles,714.03,3.85,False
2015-06-05T00:00:00,Sanctum Sanctorum,Clean Water (L),2403.47,4.2,False
2015-06-05T00:00:00,Sanctum Sanctorum,Medical Kits,733.34,3.15,False
2015-06-05T00:00:00,Avengers Compound,Vibranium (kg),2405.54,10.5,True
2015-06-05T00:00:00,Avengers Compound,Arc Reactor Cores,689.22,12.6,True
2015-06-05T00:00:00,Avengers Compound,Pym Particles,682.37,28.87,True
2015-06-05T00:00:00,Avengers Compound,Clean Water (L),2382.36,18.9,True
2015-06-05T00:00:00,Avengers Compound,Medical Kits,714.02,18.9,True
2015-06-05T01:00:00,New Asgard,Vibranium (kg),2424.46,3.55,False
2015-06-05T01:00:00,New Asgard,Arc Reactor Cores,702.54,4.26,False
2015-06-05T01:00:00,New Asgard,Pym Particles,710.18,3.91,False
2015-06-05T01:00:00,New Asgard,Clean Water (L),2401.45,4.26,False
2015-06-05T01:00:00,New Asgard,Medical Kits,735.71,3.2,False
2015-06-05T01:00:00,Wakanda,Vibranium (kg),2427.18,3.55,False
2015-06-05T01:00:00,Wakanda,Arc Reactor Cores,703.82,4.26,False
2015-06-05T01:00:00,Wakanda,Pym Particles,713.83,3.91,False
2015-06-05T01:00:00,Wakanda,Clean Water (L),2401.75,4.26,False
2015-06-05T01:00:00,Wakanda,Medical Kits,734.1,3.2,False
2015-06-05T01:00:00,Sokovia,Vibranium (kg),2399.93,10.65,True
2015-06-05T01:00:00,Sokovia,Arc Reactor Cores,676.7,12.78,True
2015-06-05T01:00:00,Sokovia,Pym Particles,655.73,29.3,True
2015-06-05T01:00:00,Sokovia,Clean Water (L),2358.02,19.18,True
2015-06-05T01:00:00,Sokovia,Medical Kits,691.07,19.18,True
2015-06-05T01:00:00,Sanctum Sanctorum,Vibranium (kg),2424.37,3.55,False
2015-06-05T01:00:00,Sanctum Sanctorum,Arc Reactor Cores,702.29,4.26,False
2015-06-05T01:00:00,Sanctum Sanctorum,Pym Particles,716.21,3.91,False
2015-06-05T01:00:00,Sanctum Sanctorum,Clean Water (L),2403.56,4.26,False
2015-06-05T01:00:00,Sanctum Sanctorum,Medical Kits,735.57,3.2,False
2015-06-05T01:00:00,Avengers Compound,Vibranium (kg),2394.19,10.65,True
2015-06-05T01:00:00,Avengers Compound,Arc Reactor Cores,676.13,12.78,True
2015-06-05T01:00:00,Avengers Compound,Pym Particles,652.98,29.3,True
2015-06-05T01:00:00,Avengers Compound,Clean Water (L),2362.88,19.18,True
2015-06-05T01:00:00,Avengers Compound,Medical Kits,695.69,19.18,True
2015-06-05T02:00:00,New Asgard,Vibranium (kg),2425.98,3.7,False
2015-06-05T02:00:00,New Asgard,Arc Reactor Cores,704.4,4.44,False
2015-06-05T02:00:00,New Asgard,Pym Particles,711.68,4.07,False
2015-06-05T02:00:00,New Asgard,Clean Water (L),2404.13,4.44,False
2015-06-05T02:00:00,New Asgard,Medical Kits,736.62,3.33,False
2015-06-05T02:00:00,Wakanda,Vibranium (kg),2429.19,3.7,False
2015-06-05T02:00:00,Wakanda,Arc Reactor Cores,706.08,4.44,False
2015-06-05T02:00:00,Wakanda,Pym Particles,716.68,4.07,False
2015-06-05T02:00:00,Wakanda,Clean Water (L),2402.98,4.44,False
2015-06-05T02:00:00,Wakanda,Medical Kits,734.41,3.33,False
2015-06-05T02:00:00,Sokovia,Vibranium (kg),2388.28,11.1,True
2015-06-05T02:00:00,Sokovia,Arc Reactor Cores,663.79,13.32,True
2015-06-05T02:00:00,Sokovia,Pym Particles,625.68,30.53,True
2015-06-05T02:00:00,Sokovia,Clean Water (L),2337.08,19.99,True
2015-06-05T02:00:00,Sokovia,Medical Kits,671.79,19.99,True
2015-06-05T02:00:00,Sanctum Sanctorum,Vibranium (kg),2424.58,3.7,False
2015-06-05T02:00:00,Sanctum Sanctorum,Arc Reactor Cores,703.82,4.44,False
2015-06-05T02:00:00,Sanctum Sanctorum,Pym Particles,717.79,4.07,False
2015-06-05T02:00:00,Sanctum Sanctorum,Clean Water (L),2404.98,4.44,False
2015-06-05T02:00:00,Sanctum Sanctorum,Medical Kits,736.06,3.33,False
2015-06-05T02:00:00,Avengers Compound,Vibranium (kg),2382.5,11.1,True
2015-06-05T02:00:00,Avengers Compound,Arc Reactor Cores,663.13,13.32,True
2015-06-05T02:00:00,Avengers Compound,Pym Particles,621.91,30.53,True
2015-06-05T02:00:00,Avengers Compound,Clean Water (L),2342.82,19.99,True
2015-06-05T02:00:00,Avengers Compound,Medical Kits,675.83,19.99,True
2015-06-05T03:00:00,New Asgard,Vibranium (kg),2427.41,3.94,False
2015-06-05T03:00:00,New Asgard,Arc Reactor Cores,705.4,4.73,False
2015-06-05T03:00:00,New Asgard,Pym Particles,712.3,4.33,False
2015-06-05T03:00:00,New Asgard,Clean Water (L),2403.8,4.73,False
2015-06-05T03:00:00,New Asgard,Medical Kits,737.59,3.55,False
2015-06-05T03:00:00,Wakanda,Vibranium (kg),2428.73,3.94,False
2015-06-05T03:00:00,Wakanda,Arc Reactor Cores,707.07,4.73,False
2015-06-05T03:00:00,Wakanda,Pym Particles,718.96,4.33,False
2015-06-05T03:00:00,Wakanda,Clean Water (L),2403.87,4.73,False
2015-06-05T03:00:00,Wakanda,Medical Kits,736.4,3.55,False
2015-06-05T03:00:00,Sokovia,Vibranium (kg),2376.42,11.82,True
2015-06-05T03:00:00,Sokovia,Arc Reactor Cores,648.71,14.18,True
2015-06-05T03:00:00,Sokovia,Pym Particles,594.0,32.5,True
2015-06-05T03:00:00,Sokovia,Clean Water (L),2316.04,21.27,True
2015-06-05T03:00:00,Sokovia,Medical Kits,650.84,21.27,True
2015-06-05T03:00:00,Sanctum Sanctorum,Vibranium (kg),2426.79,3.94,False
2015-06-05T03:00:00,Sanctum Sanctorum,Arc Reactor Cores,705.44,4.73,False
2015-06-05T03:00:00,Sanctum Sanctorum,Pym Particles,719.92,4.33,False
2015-06-05T03:00:00,Sanctum Sanctorum,Clean Water (L),2405.46,4.73,False
2015-06-05T03:00:00,Sanctum Sanctorum,Medical Kits,736.25,3.55,False
2015-06-05T03:00:00,Avengers Compound,Vibranium (kg),2369.89,11.82,True
2015-06-05T03:00:00,Avengers Compound,Arc Reactor Cores,649.41,14.18,True
2015-06-05T03:00:00,Avengers Compound,Pym Particles,590.37,32.5,True
2015-06-05T03:00:00,Avengers Compound,Clean Water (L),2322.19,21.27,True
2015-06-05T03:00:00,Avengers Compound,Medical Kits,654.93,21.27,True
2015-06-05T04:00:00,New Asgard,Vibranium (kg),2428.91,4.25,False
2015-06-05T04:00:00,New Asgard,Arc Reactor Cores,705.96,5.1,False
2015-06-05T04:00:00,New Asgard,Pym Particles,713.16,4.68,False
2015-06-05T04:00:00,New Asgard,Clean Water (L),2403.89,5.1,False
2015-06-05T04:00:00,New Asgard,Medical Kits,739.11,3.83,False
2015-06-05T04:00:00,Wakanda,Vibranium (kg),2428.29,4.25,False
2015-06-05T04:00:00,Wakanda,Arc Reactor Cores,707.91,5.1,False
2015-06-05T04:00:00,Wakanda,Pym Particles,719.22,4.68,False
2015-06-05T04:00:00,Wakanda,Clean Water (L),2404.7,5.1,False
2015-06-05T04:00:00,Wakanda,Medical Kits,737.26,3.83,False
2015-06-05T04:00:00,Sokovia,Vibranium (kg),2363.23,12.75,True
2015-06-05T04:00:00,Sokovia,Arc Reactor Cores,633.25,15.3,True
2015-06-05T04:00:00,Sokovia,Pym Particles,558.89,35.06,True
2015-06-05T04:00:00,Sokovia,Clean Water (L),2294.0,22.95,True
2015-06-05T04:00:00,Sokovia,Medical Kits,628.88,22.95,True
2015-06-05T04:00:00,Sanctum Sanctorum,Vibranium (kg),2427.89,4.25,False
2015-06-05T04:00:00,Sanctum Sanctorum,Arc Reactor Cores,706.49,5.1,False
2015-06-05T04:00:00,Sanctum Sanctorum,Pym Particles,720.77,4.68,False
2015-06-05T04:00:00,Sanctum Sanctorum,Clean Water (L),2406.01,5.1,False
2015-06-05T04:00:00,Sanctum Sanctorum,Medical Kits,736.88,3.83,False
2015-06-05T04:00:00,Avengers Compound,Vibranium (kg),2357.27,12.75,True
2015-06-05T04:00:00,Avengers Compound,Arc Reactor Cores,634.91,15.3,True
2015-06-05T04:00:00,Avengers Compound,Pym Particles,554.89,35.06,True
2015-06-05T04:00:00,Avengers Compound,Clean Water (L),2298.46,22.95,True
2015-06-05T04:00:00,Avengers Compound,Medical Kits,632.57,22.95,True
2015-06-05T05:00:00,New Asgard,Vibranium (kg),2429.64,4.61,False
2015-06-05T05:00:00,New Asgard,Arc Reactor Cores,705.77,5.53,False
2015-06-05T05:00:00,New Asgard,Pym Particles,713.26,5.07,False
2015-06-05T05:00:00,New Asgard,Clean Water (L),2404.69,5.53,False
2015-06-05T05:00:00,New Asgard,Medical Kits,740.08,4.15,False
2015-06-05T05:00:00,Wakanda,Vibranium (kg),2428.31,4.61,False
2015-06-05T05:00:00,Wakanda,Arc Reactor Cores,708.1,5.53,False
2015-06-05T05:00:00,Wakanda,Pym Particles,719.79,5.07,False
2015-06-05T05:00:00,Wakanda,Clean Water (L),2403.67,5.53,False
2015-06-05T05:00:00,Wakanda,Medical Kits,737.05,4.15,False
2015-06-05T05:00:00,Sokovia,Vibranium (kg),2349.18,13.84,True
2015-06-05T05:00:00,Sokovia,Arc Reactor Cores,617.16,16.6,True
2015-06-05T05:00:00,Sokovia,Pym Particles,520.92,38.05,True
2015-06-05T05:00:00,Sokovia,Clean Water (L),2269.94,24.9,True
2015-06-05T05:00:00,Sokovia,Medical Kits,604.41,24.9,True
2015-06-05T05:00:00,Sanctum Sanctorum,Vibranium (kg),2428.58,4.61,False
2015-06-05T05:00:00,Sanctum Sanctorum,Arc Reactor Cores,706.33,5.53,False
2015-06-05T05:00:00,Sanctum Sanctorum,Pym Particles,720.15,5.07,False
2015-06-05T05:00:00,Sanctum Sanctorum,Clean Water (L),2405.79,5.53,False
2015-06-05T05:00:00,Sanctum Sanctorum,Medical Kits,735.41,4.15,False
2015-06-05T05:00:00,Avengers Compound,Vibranium (kg),2342.9,13.84,True
2015-06-05T05:00:00,Avengers Compound,Arc Reactor Cores,618.32,16.6,True
2015-06-05T05:00:00,Avengers Compound,Pym Particles,517.6,38.05,True
2015-06-05T05:00:00,Avengers Compound,Clean Water (L),2272.72,24.9,True
2015-06-05T05:00:00,Avengers Compound,Medical Kits,607.33,24.9,True
2015-06-05T06:00:00,New Asgard,Vibranium (kg),2427.77,5.0,False
2015-06-05T06:00:00,New Asgard,Arc Reactor Cores,706.4,6.0,False
2015-06-05T06:00:00,New Asgard,Pym Particles,713.32,5.5,False
2015-06-05T06:00:00,New Asgard,Clean Water (L),2405.39,6.0,False
2015-06-05T06:00:00,New Asgard,Medical Kits,739.86,4.5,False
2015-06-05T06:00:00,Wakanda,Vibranium (kg),2428.52,5.0,False
2015-06-05T06:00:00,Wakanda,Arc Reactor Cores,705.74,6.0,False
2015-06-05T06:00:00,Wakanda,Pym Particles,719.62,5.5,False
2015-06-05T06:00:00,Wakanda,Clean Water (L),2404.8,6.0,False
2015-06-05T06:00:00,Wakanda,Medical Kits,735.69,4.5,False
2015-06-05T06:00:00,Sokovia,Vibranium (kg),2334.61,15.0,True
2015-06-05T06:00:00,Sokovia,Arc Reactor Cores,600.13,18.0,True
2015-06-05T06:00:00,Sokovia,Pym Particles,480.21,41.25,True
2015-06-05T06:00:00,Sokovia,Clean Water (L),2243.31,27.0,True
2015-06-05T06:00:00,Sokovia,Medical Kits,578.13,27.0,True
2015-06-05T06:00:00,Sanctum Sanctorum,Vibranium (kg),2427.38,5.0,False
2015-06-05T06:00:00,Sanctum Sanctorum,Arc Reactor Cores,706.73,6.0,False
2015-06-05T06:00:00,Sanctum Sanctorum,Pym Particles,717.81,5.5,False
2015-06-05T06:00:00,Sanctum Sanctorum,Clean Water (L),2406.12,6.0,False
2015-06-05T06:00:00,Sanctum Sanctorum,Medical Kits,733.93,4.5,False
2015-06-05T06:00:00,Avengers Compound,Vibranium (kg),2328.45,15.0,True
2015-06-05T06:00:00,Avengers Compound,Arc Reactor Cores,599.53,18.0,True
2015-06-05T06:00:00,Avengers Compound,Pym Particles,477.0,41.25,True
2015-06-05T06:00:00,Avengers Compound,Clean Water (L),2246.27,27.0,True
2015-06-05T06:00:00,Avengers Compound,Medical Kits,579.58,27.0,True
2015-06-05T07:00:00,New Asgard,Vibranium (kg),2425.97,5.39,False
2015-06-05T07:00:00,New Asgard,Arc Reactor Cores,704.29,6.47,False
2015-06-05T07:00:00,New Asgard,Pym Particles,712.47,5.93,False
2015-06-05T07:00:00,New Asgard,Clean Water (L),2406.13,6.47,False
2015-06-05T07:00:00,New Asgard,Medical Kits,740.37,4.85,False
2015-06-05T07:00:00,Wakanda,Vibranium (kg),2426.79,5.39,False
2015-06-05T07:00:00,Wakanda,Arc Reactor Cores,704.83,6.47,False
2015-06-05T07:00:00,Wakanda,Pym Particles,717.9,5.93,False
2015-06-05T07:00:00,Wakanda,Clean Water (L),2404.67,6.47,False
2015-06-05T07:00:00,Wakanda,Medical Kits,734.27,4.85,False
2015-06-05T07:00:00,Sokovia,Vibranium (kg),2319.44,16.16,True
2015-06-05T07:00:00,Sokovia,Arc Reactor Cores,580.0,19.4,True
2015-06-05T07:00:00,Sokovia,Pym Particles,435.01,44.45,True
2015-06-05T07:00:00,Sokovia,Clean Water (L),2214.84,29.1,True
2015-06-05T07:00:00,Sokovia,Medical Kits,549.62,29.1,True
2015-06-05T07:00:00,Sanctum Sanctorum,Vibranium (kg),2425.98,5.39,False
2015-06-05T07:00:00,Sanctum Sanctorum,Arc Reactor Cores,705.84,6.47,False
2015-06-05T07:00:00,Sanctum Sanctorum,Pym Particles,717.44,5.93,False
2015-06-05T07:00:00,Sanctum Sanctorum,Clean Water (L),2404.54,6.47,False
2015-06-05T07:00:00,Sanctum Sanctorum,Medical Kits,734.31,4.85,False
2015-06-05T07:00:00,Avengers Compound,Vibranium (kg),2311.68,16.16,True
2015-06-05T07:00:00,Avengers Compound,Arc Reactor Cores,580.61,19.4,True
2015-06-05T07:00:00,Avengers Compound,Pym Particles,432.01,44.45,True
2015-06-05T07:00:00,Avengers Compound,Clean Water (L),2217.87,29.1,True
2015-06-05T07:00:00,Avengers Compound,Medical Kits,551.04,29.1,True
2015-06-05T08:00:00,New Asgard,Vibranium (kg),2424.98,5.75,False
2015-06-05T08:00:00,New Asgard,Arc Reactor Cores,702.9,6.9,False
2015-06-05T08:00:00,New Asgard,Pym Particles,709.74,6.32,False
2015-06-05T08:00:00,New Asgard,Clean Water (L),2404.0,6.9,False
2015-06-05T08:00:00,New Asgard,Medical Kits,740.29,5.17,False
2015-06-05T08:00:00,Wakanda,Vibranium (kg),2427.34,5.75,False
2015-06-05T08:00:00,Wakanda,Arc Reactor Cores,703.96,6.9,False
2015-06-05T08:00:00,Wakanda,Pym Particles,716.12,6.32,False
2015-06-05T08:00:00,Wakanda,Clean Water (L),2403.82,6.9,False
2015-06-05T08:00:00,Wakanda,Medical Kits,732.41,5.17,False
2015-06-05T08:00:00,Sokovia,Vibranium (kg),2301.64,17.25,True
2015-06-05T08:00:00,Sokovia,Arc Reactor Cores,558.75,20.7,True
2015-06-05T08:00:00,Sokovia,Pym Particles,388.09,47.44,True
2015-06-05T08:00:00,Sokovia,Clean Water (L),2183.4,31.05,True
2015-06-05T08:00:00,Sokovia,Medical Kits,517.91,31.05,True
2015-06-05T08:00:00,Sanctum Sanctorum,Vibranium (kg),2425.13,5.75,False
2015-06-05T08:00:00,Sanctum Sanctorum,Arc Reactor Cores,705.68,6.9,False
2015-06-05T08:00:00,Sanctum Sanctorum,Pym Particles,715.77,6.32,False
2015-06-05T08:00:00,Sanctum Sanctorum,Clean Water (L),2403.83,6.9,False
2015-06-05T08:00:00,Sanctum Sanctorum,Medical Kits,734.53,5.17,False
2015-06-05T08:00:00,Avengers Compound,Vibranium (kg),2293.75,17.25,True
2015-06-05T08:00:00,Avengers Compound,Arc Reactor Cores,560.67,20.7,True
2015-06-05T08:00:00,Avengers Compound,Pym Particles,383.87,47.44,True
2015-06-05T08:00:00,Avengers Compound,Clean Water (L),2186.78,31.05,True
2015-06-05T08:00:00,Avengers Compound,Medical Kits,520.84,31.05,True
2015-06-05T09:00:00,New Asgard,Vibranium (kg),2423.45,6.06,False
2015-06-05T09:00:00,New Asgard,Arc Reactor Cores,701.43,7.27,False
2015-06-05T09:00:00,New Asgard,Pym Particles,709.82,6.67,False
2015-06-05T09:00:00,New Asgard,Clean Water (L),2402.37,7.27,False
2015-06-05T09:00:00,New Asgard,Medical Kits,737.26,5.45,False
2015-06-05T09:00:00,Wakanda,Vibranium (kg),2426.33,6.06,False
2015-06-05T09:00:00,Wakanda,Arc Reactor Cores,703.4,7.27,False
2015-06-05T09:00:00,Wakanda,Pym Particles,715.83,6.67,False
2015-06-05T09:00:00,Wakanda,Clean Water (L),2401.56,7.27,False
2015-06-05T09:00:00,Wakanda,Medical Kits,730.59,5.45,False
2015-06-05T09:00:00,Sokovia,Vibranium (kg),2283.71,18.18,True
2015-06-05T09:00:00,Sokovia,Arc Reactor Cores,536.82,21.82,True
2015-06-05T09:00:00,Sokovia,Pym Particles,338.15,50.0,True
2015-06-05T09:00:00,Sokovia,Clean Water (L),2149.83,32.73,True
2015-06-05T09:00:00,Sokovia,Medical Kits,484.22,32.73,True
2015-06-05T09:00:00,Sanctum Sanctorum,Vibranium (kg),2424.35,6.06,False
2015-06-05T09:00:00,Sanctum Sanctorum,Arc Reactor Cores,704.46,7.27,False
2015-06-05T09:00:00,Sanctum Sanctorum,Pym Particles,712.91,6.67,False
2015-06-05T09:00:00,Sanctum Sanctorum,Clean Water (L),2402.89,7.27,False
2015-06-05T09:00:00,Sanctum Sanctorum,Medical Kits,734.4,5.45,False
2015-06-05T09:00:00,Avengers Compound,Vibranium (kg),2274.97,18.18,True
2015-06-05T09:00:00,Avengers Compound,Arc Reactor Cores,538.67,21.82,True
2015-06-05T09:00:00,Avengers Compound,Pym Particles,333.2,50.0,True
2015-06-05T09:00:00,Avengers Compound,Clean Water (L),2154.26,32.73,True
2015-06-05T09:00:00,Avengers Compound,Medical Kits,487.47,32.73,True
2015-06-05T10:00:00,New Asgard,Vibranium (kg),2420.68,6.3,False
2015-06-05T10:00:00,New Asgard,Arc Reactor Cores,700.47,7.56,False
2015-06-05T10:00:00,New Asgard,Pym Particles,708.3,6.93,False
2015-06-05T10:00:00,New Asgard,Clean Water (L),2400.98,7.56,False
2015-06-05T10:00:00,New Asgard,Medical Kits,735.92,5.67,False
2015-06-05T10:00:00,Wakanda,Vibranium (kg),2426.22,6.3,False
2015-06-05T10:00:00,Wakanda,Arc Reactor Cores,701.54,7.56,False
2015-06-05T10:00:00,Wakanda,Pym Particles,714.47,6.93,False
2015-06-05T10:00:00,Wakanda,Clean Water (L),2399.39,7.56,False
2015-06-05T10:00:00,Wakanda,Medical Kits,730.98,5.67,False
2015-06-05T10:00:00,Sokovia,Vibranium (kg),2265.13,18.9,True
2015-06-05T10:00:00,Sokovia,Arc Reactor Cores,513.23,22.68,True
2015-06-05T10:00:00,Sokovia,Pym Particles,285.99,51.97,True
2015-06-05T10:00:00,Sokovia,Clean Water (L),2115.99,34.01,True
2015-06-05T10:00:00,Sokovia,Medical Kits,450.76,34.01,True
2015-06-05T10:00:00,Sanctum Sanctorum,Vibranium (kg),2423.63,6.3,False
2015-06-05T10:00:00,Sanctum Sanctorum,Arc Reactor Cores,703.43,7.56,False
2015-06-05T10:00:00,Sanctum Sanctorum,Pym Particles,710.87,6.93,False
2015-06-05T10:00:00,Sanctum Sanctorum,Clean Water (L),2400.99,7.56,False
2015-06-05T10:00:00,Sanctum Sanctorum,Medical Kits,733.1,5.67,False
2015-06-05T10:00:00,Avengers Compound,Vibranium (kg),2256.64,18.9,True
2015-06-05T10:00:00,Avengers Compound,Arc Reactor Cores,515.43,22.68,True
2015-06-05T10:00:00,Avengers Compound,Pym Particles,281.94,51.97,True
2015-06-05T10:00:00,Avengers Compound,Clean Water (L),2120.42,34.01,True
2015-06-05T10:00:00,Avengers Compound,Medical Kits,454.0,34.01,True
2015-06-05T11:00:00,New Asgard,Vibranium (kg),2418.15,6.45,False
2015-06-05T11:00:00,New Asgard,Arc Reactor Cores,698.2,7.74,False
2015-06-05T11:00:00,New Asgard,Pym Particles,706.01,7.09,False
2015-06-05T11:00:00,New Asgard,Clean Water (L),2400.69,7.74,False
2015-06-05T11:00:00,New Asgard,Medical Kits,734.89,5.8,False
2015-06-05T11:00:00,Wakanda,Vibranium (kg),2424.44,6.45,False
2015-06-05T11:00:00,Wakanda,Arc Reactor Cores,700.2,7.74,False
2015-06-05T11:00:00,Wakanda,Pym Particles,711.52,7.09,False
2015-06-05T11:00:00,Wakanda,Clean Water (L),2399.28,7.74,False
2015-06-05T11:00:00,Wakanda,Medical Kits,730.0,5.8,False
2015-06-05T11:00:00,Sokovia,Vibranium (kg),2245.91,19.35,True
2015-06-05T11:00:00,Sokovia,Arc Reactor Cores,489.13,23.22,True
2015-06-05T11:00:00,Sokovia,Pym Particles,233.14,53.2,True
2015-06-05T11:00:00,Sokovia,Clean Water (L),2080.27,34.82,True
2015-06-05T11:00:00,Sokovia,Medical Kits,415.93,34.82,True
2015-06-05T11:00:00,Sanctum Sanctorum,Vibranium (kg),2422.15,6.45,False
2015-06-05T11:00:00,Sanctum Sanctorum,Arc Reactor Cores,701.51,7.74,False
2015-06-05T11:00:00,Sanctum Sanctorum,Pym Particles,708.88,7.09,False
2015-06-05T11:00:00,Sanctum Sanctorum,Clean Water (L),2398.58,7.74,False
2015-06-05T11:00:00,Sanctum Sanctorum,Medical Kits,731.58,5.8,False
2015-06-05T11:00:00,Avengers Compound,Vibranium (kg),2236.51,19.35,True
2015-06-05T11:00:00,Avengers Compound,Arc Reactor Cores,492.5,23.22,True
2015-06-05T11:00:00,Avengers Compound,Pym Particles,228.7,53.2,True
2015-06-05T11:00:00,Avengers Compound,Clean Water (L),2085.7,34.82,True
2015-06-05T11:00:00,Avengers Compound,Medical Kits,419.3,34.82,True
2015-06-05T12:00:00,New Asgard,Vibranium (kg),2415.83,6.5,False
2015-06-05T12:00:00,New Asgard,Arc Reactor Cores,697.49,7.8,False
2015-06-05T12:00:00,New Asgard,Pym Particles,703.79,7.15,False
2015-06-05T12:00:00,New Asgard,Clean Water (L),2399.78,7.8,False
2015-06-05T12:00:00,New Asgard,Medical Kits,734.84,5.85,False
2015-06-05T12:00:00,Wakanda,Vibranium (kg),2423.15,6.5,False
2015-06-05T12:00:00,Wakanda,Arc Reactor Cores,699.33,7.8,False
2015-06-05T12:00:00,Wakanda,Pym Particles,709.75,7.15,False
2015-06-05T12:00:00,Wakanda,Clean Water (L),2398.72,7.8,False
2015-06-05T12:00:00,Wakanda,Medical Kits,728.67,5.85,False
2015-06-05T12:00:00,Sokovia,Vibranium (kg),2225.54,19.5,True
2015-06-05T12:00:00,Sokovia,Arc Reactor Cores,464.8,23.4,True
2015-06-05T12:00:00,Sokovia,Pym Particles,179.06,53.62,True
2015-06-05T12:00:00,Sokovia,Clean Water (L),2045.79,35.1,True
2015-06-05T12:00:00,Sokovia,Medical Kits,380.85,35.1,True
2015-06-05T12:00:00,Sanctum Sanctorum,Vibranium (kg),2421.31,6.5,False
2015-06-05T12:00:00,Sanctum Sanctorum,Arc Reactor Cores,699.37,7.8,False
2015-06-05T12:00:00,Sanctum Sanctorum,Pym Particles,707.41,7.15,False
2015-06-05T12:00:00,Sanctum Sanctorum,Clean Water (L),2395.89,7.8,False
2015-06-05T12:00:00,Sanctum Sanctorum,Medical Kits,730.6,5.85,False
2015-06-05T12:00:00,Avengers Compound,Vibranium (kg),2216.7,19.5,True
2015-06-05T12:00:00,Avengers Compound,Arc Reactor Cores,468.85,23.4,True
2015-06-05T12:00:00,Avengers Compound,Pym Particles,175.75,53.62,True
2015-06-05T12:00:00,Avengers Compound,Clean Water (L),2050.72,35.1,True
2015-06-05T12:00:00,Avengers Compound,Medical Kits,383.58,35.1,True
2015-06-05T13:00:00,New Asgard,Vibranium (kg),2412.96,6.45,False
2015-06-05T13:00:00,New Asgard,Arc Reactor Cores,696.74,7.74,False
2015-06-05T13:00:00,New Asgard,Pym Particles,701.31,7.09,False
2015-06-05T13:00:00,New Asgard,Clean Water (L),2398.56,7.74,False
2015-06-05T13:00:00,New Asgard,Medical Kits,732.9,5.8,False
2015-06-05T13:00:00,Wakanda,Vibranium (kg),2421.18,6.45,False
2015-06-05T13:00:00,Wakanda,Arc Reactor Cores,697.68,7.74,False
2015-06-05T13:00:00,Wakanda,Pym Particles,706.83,7.09,False
2015-06-05T13:00:00,Wakanda,Clean Water (L),2397.87,7.74,False
2015-06-05T13:00:00,Wakanda,Medical Kits,726.08,5.8,False
2015-06-05T13:00:00,Sokovia,Vibranium (kg),2205.78,19.35,True
2015-06-05T13:00:00,Sokovia,Arc Reactor Cores,442.54,23.22,True
2015-06-05T13:00:00,Sokovia,Pym Particles,126.11,53.2,True
2015-06-05T13:00:00,Sokovia,Clean Water (L),2011.56,34.82,True
2015-06-05T13:00:00,Sokovia,Medical Kits,346.16,34.82,True
2015-06-05T13:00:00,Sanctum Sanctorum,Vibranium (kg),2419.0,6.45,False
2015-06-05T13:00:00,Sanctum Sanctorum,Arc Reactor Cores,697.33,7.74,False
2015-06-05T13:00:00,Sanctum Sanctorum,Pym Particles,704.7,7.09,False
2015-06-05T13:00:00,Sanctum Sanctorum,Clean Water (L),2395.26,7.74,False
2015-06-05T13:00:00,Sanctum Sanctorum,Medical Kits,729.77,5.8,False
2015-06-05T13:00:00,Avengers Compound,Vibranium (kg),2197.84,19.35,True
2015-06-05T13:00:00,Avengers Compound,Arc Reactor Cores,444.73,23.22,True
2015-06-05T13:00:00,Avengers Compound,Pym Particles,121.76,53.2,True
2015-06-05T13:00:00,Avengers Compound,Clean Water (L),2015.34,34.82,True
2015-06-05T13:00:00,Avengers Compound,Medical Kits,348.4,34.82,True
2015-06-05T14:00:00,New Asgard,Vibranium (kg),2410.31,6.3,False
2015-06-05T14:00:00,New Asgard,Arc Reactor Cores,695.91,7.56,False
2015-06-05T14:00:00,New Asgard,Pym Particles,699.4,6.93,False
2015-06-05T14:00:00,New Asgard,Clean Water (L),2396.57,7.56,False
2015-06-05T14:00:00,New Asgard,Medical Kits,732.52,5.67,False
2015-06-05T14:00:00,Wakanda,Vibranium (kg),2419.28,6.3,False
2015-06-05T14:00:00,Wakanda,Arc Reactor Cores,696.6,7.56,False
2015-06-05T14:00:00,Wakanda,Pym Particles,705.49,6.93,False
2015-06-05T14:00:00,Wakanda,Clean Water (L),2395.92,7.56,False
2015-06-05T14:00:00,Wakanda,Medical Kits,723.81,5.67,False
2015-06-05T14:00:00,Sokovia,Vibranium (kg),2186.44,18.9,True
2015-06-05T14:00:00,Sokovia,Arc Reactor Cores,419.4,22.68,True
2015-06-05T14:00:00,Sokovia,Pym Particles,73.28,51.97,True
2015-06-05T14:00:00,Sokovia,Clean Water (L),1976.87,34.01,True
2015-06-05T14:00:00,Sokovia,Medical Kits,313.1,34.01,True
2015-06-05T14:00:00,Sanctum Sanctorum,Vibranium (kg),2417.21,6.3,False
2015-06-05T14:00:00,Sanctum Sanctorum,Arc Reactor Cores,694.54,7.56,False
2015-06-05T14:00:00,Sanctum Sanctorum,Pym Particles,705.36,6.93,False
2015-06-05T14:00:00,Sanctum Sanctorum,Clean Water (L),2392.63,7.56,False
2015-06-05T14:00:00,Sanctum Sanctorum,Medical Kits,728.81,5.67,False
2015-06-05T14:00:00,Avengers Compound,Vibranium (kg),2179.16,18.9,True
2015-06-05T14:00:00,Avengers Compound,Arc Reactor Cores,422.21,22.68,True
2015-06-05T14:00:00,Avengers Compound,Pym Particles,69.43,51.97,True
2015-06-05T14:00:00,Avengers Compound,Clean Water (L),1980.47,34.01,True
2015-06-05T14:00:00,Avengers Compound,Medical Kits,314.81,34.01,True
2015-06-05T15:00:00,New Asgard,Vibranium (kg),2409.91,6.06,False
2015-06-05T15:00:00,New Asgard,Arc Reactor Cores,696.27,7.27,False
2015-06-05T15:00:00,New Asgard,Pym Particles,698.61,6.67,False
2015-06-05T15:00:00,New Asgard,Clean Water (L),2395.82,7.27,False
2015-06-05T15:00:00,New Asgard,Medical Kits,732.59,5.45,False
2015-06-05T15:00:00,Wakanda,Vibranium (kg),2419.69,6.06,False
2015-06-05T15:00:00,Wakanda,Arc Reactor Cores,695.36,7.27,False
2015-06-05T15:00:00,Wakanda,Pym Particles,704.69,6.67,False
2015-06-05T15:00:00,Wakanda,Clean Water (L),2395.08,7.27,False
2015-06-05T15:00:00,Wakanda,Medical Kits,722.31,5.45,False
2015-06-05T15:00:00,Sokovia,Vibranium (kg),2167.76,18.18,True
2015-06-05T15:00:00,Sokovia,Arc Reactor Cores,398.07,21.82,True
2015-06-05T15:00:00,Sokovia,Pym Particles,23.28,50.0,True
2015-06-05T15:00:00,Sokovia,Clean Water (L),1943.32,32.73,True
2015-06-05T15:00:00,Sokovia,Medical Kits,279.67,32.73,True
2015-06-05T15:00:00,Sanctum Sanctorum,Vibranium (kg),2416.04,6.06,False
2015-06-05T15:00:00,Sanctum Sanctorum,Arc Reactor Cores,693.12,7.27,False
2015-06-05T15:00:00,Sanctum Sanctorum,Pym Particles,703.51,6.67,False
2015-06-05T15:00:00,Sanctum Sanctorum,Clean Water (L),2392.63,7.27,False
2015-06-05T15:00:00,Sanctum Sanctorum,Medical Kits,727.93,5.45,False
2015-06-05T15:00:00,Avengers Compound,Vibranium (kg),2160.1,18.18,True
2015-06-05T15:00:00,Avengers Compound,Arc Reactor Cores,401.2,21.82,True
2015-06-05T15:00:00,Avengers Compound,Pym Particles,20.22,50.0,True
2015-06-05T15:00:00,Avengers Compound,Clean Water (L),1947.34,32.73,True
2015-06-05T15:00:00,Avengers Compound,Medical Kits,282.34,32.73,True
2015-06-05T16:00:00,New Asgard,Vibranium (kg),2411.55,5.75,False
2015-06-05T16:00:00,New Asgard,Arc Reactor Cores,696.08,6.9,False
2015-06-05T16:00:00,New Asgard,Pym Particles,699.01,6.32,False
2015-06-05T16:00:00,New Asgard,Clean Water (L),2394.12,6.9,False
2015-06-05T16:00:00,New Asgard,Medical Kits,732.82,5.17,False
2015-06-05T16:00:00,Wakanda,Vibranium (kg),2418.56,5.75,False
2015-06-05T16:00:00,Wakanda,Arc Reactor Cores,693.91,6.9,False
2015-06-05T16:00:00,Wakanda,Pym Particles,704.67,6.32,False
2015-06-05T16:00:00,Wakanda,Clean Water (L),2394.01,6.9,False
2015-06-05T16:00:00,Wakanda,Medical Kits,722.51,5.17,False
2015-06-05T16:00:00,Sokovia,Vibranium (kg),2150.14,17.25,True
2015-06-05T16:00:00,Sokovia,Arc Reactor Cores,378.06,20.7,True
2015-06-05T16:00:00,Sokovia,Pym Particles,0,47.44,True
2015-06-05T16:00:00,Sokovia,Clean Water (L),1911.95,31.05,True
2015-06-05T16:00:00,Sokovia,Medical Kits,248.44,31.05,True
2015-06-05T16:00:00,Sanctum Sanctorum,Vibranium (kg),2415.27,5.75,False
2015-06-05T16:00:00,Sanctum Sanctorum,Arc Reactor Cores,692.66,6.9,False
2015-06-05T16:00:00,Sanctum Sanctorum,Pym Particles,703.07,6.32,False
2015-06-05T16:00:00,Sanctum Sanctorum,Clean Water (L),2391.57,6.9,False
2015-06-05T16:00:00,Sanctum Sanctorum,Medical Kits,728.44,5.17,False
2015-06-05T16:00:00,Avengers Compound,Vibranium (kg),2142.49,17.25,True
2015-06-05T16:00:00,Avengers Compound,Arc Reactor Cores,380.22,20.7,True
2015-06-05T16:00:00,Avengers Compound,Pym Particles,0,47.44,True
2015-06-05T16:00:00,Avengers Compound,Clean Water (L),1916.07,31.05,True
2015-06-05T16:00:00,Avengers Compound,Medical Kits,252.04,31.05,True
2015-06-05T17:00:00,New Asgard,Vibranium (kg),2411.35,5.39,False
2015-06-05T17:00:00,New Asgard,Arc Reactor Cores,696.06,6.47,False
2015-06-05T17:00:00,New Asgard,Pym Particles,698.73,5.93,False
2015-06-05T17:00:00,New Asgard,Clean Water (L),2393.35,6.47,False
2015-06-05T17:00:00,New Asgard,Medical Kits,731.44,4.85,False
2015-06-05T17:00:00,Wakanda,Vibranium (kg),2418.78,5.39,False
2015-06-05T17:00:00,Wakanda,Arc Reactor Cores,692.56,6.47,False
2015-06-05T17:00:00,Wakanda,Pym Particles,705.91,5.93,False
2015-06-05T17:00:00,Wakanda,Clean Water (L),2393.58,6.47,False
2015-06-05T17:00:00,Wakanda,Medical Kits,721.56,4.85,False
2015-06-05T17:00:00,Sokovia,Vibranium (kg),2134.68,16.16,True
2015-06-05T17:00:00,Sokovia,Arc Reactor Cores,358.83,19.4,True
2015-06-05T17:00:00,Sokovia,Pym Particles,0,44.45,True
2015-06-05T17:00:00,Sokovia,Clean Water (L),1882.29,29.1,True
2015-06-05T17:00:00,Sokovia,Medical Kits,219.68,29.1,True
2015-06-05T17:00:00,Sanctum Sanctorum,Vibranium (kg),2413.97,5.39,False
2015-06-05T17:00:00,Sanctum Sanctorum,Arc Reactor Cores,691.46,6.47,False
2015-06-05T17:00:00,Sanctum Sanctorum,Pym Particles,702.99,5.93,False
2015-06-05T17:00:00,Sanctum Sanctorum,Clean Water (L),2391.73,6.47,False
2015-06-05T17:00:00,Sanctum Sanctorum,Medical Kits,726.8,4.85,False
2015-06-05T17:00:00,Avengers Compound,Vibranium (kg),2126.29,16.16,True
2015-06-05T17:00:00,Avengers Compound,Arc Reactor Cores,360.26,19.4,True
2015-06-05T17:00:00,Avengers Compound,Pym Particles,0,44.45,True
2015-06-05T17:00:00,Avengers Compound,Clean Water (L),1886.01,29.1,True
2015-06-05T17:00:00,Avengers Compound,Medical Kits,222.91,29.1,True
2015-06-05T18:00:00,New Asgard,Vibranium (kg),2412.51,5.0,False
2015-06-05T18:00:00,New Asgard,Arc Reactor Cores,696.23,6.0,False
2015-06-05T18:00:00,New Asgard,Pym Particles,699.96,5.5,False
2015-06-05T18:00:00,New Asgard,Clean Water (L),2395.26,6.0,False
2015-06-05T18:00:00,New Asgard,Medical Kits,731.51,4.5,False
2015-06-05T18:00:00,Wakanda,Vibranium (kg),2419.73,5.0,False
2015-06-05T18:00:00,Wakanda,Arc Reactor Cores,693.26,6.0,False
2015-06-05T18:00:00,Wakanda,Pym Particles,706.98,5.5,False
2015-06-05T18:00:00,Wakanda,Clean Water (L),2393.75,6.0,False
2015-06-05T18:00:00,Wakanda,Medical Kits,721.23,4.5,False
2015-06-05T18:00:00,Sokovia,Vibranium (kg),2119.7,15.0,True
2015-06-05T18:00:00,Sokovia,Arc Reactor Cores,340.26,18.0,True
2015-06-05T18:00:00,Sokovia,Pym Particles,0,41.25,True
2015-06-05T18:00:00,Sokovia,Clean Water (L),1855.12,27.0,True
2015-06-05T18:00:00,Sokovia,Medical Kits,192.93,27.0,True
2015-06-05T18:00:00,Sanctum Sanctorum,Vibranium (kg),2414.99,5.0,False
2015-06-05T18:00:00,Sanctum Sanctorum,Arc Reactor Cores,691.32,6.0,False
2015-06-05T18:00:00,Sanctum Sanctorum,Pym Particles,702.64,5.5,False
2015-06-05T18:00:00,Sanctum Sanctorum,Clean Water (L),2392.62,6.0,False
2015-06-05T18:00:00,Sanctum Sanctorum,Medical Kits,727.57,4.5,False
2015-06-05T18:00:00,Avengers Compound,Vibranium (kg),2110.59,15.0,True
2015-06-05T18:00:00,Avengers Compound,Arc Reactor Cores,341.27,18.0,True
2015-06-05T18:00:00,Avengers Compound,Pym Particles,0,41.25,True
2015-06-05T18:00:00,Avengers Compound,Clean Water (L),1858.16,27.0,True
2015-06-05T18:00:00,Avengers Compound,Medical Kits,195.05,27.0,True
2015-06-05T19:00:00,New Asgard,Vibranium (kg),2412.18,4.61,False
2015-06-05T19:00:00,New Asgard,Arc Reactor Cores,697.92,5.53,False
2015-06-05T19:00:00,New Asgard,Pym Particles,700.88,5.07,False
2015-06-05T19:00:00,New Asgard,Clean Water (L),2396.87,5.53,False
2015-06-05T19:00:00,New Asgard,Medical Kits,731.64,4.15,False
2015-06-05T19:00:00,Wakanda,Vibranium (kg),2419.49,4.61,False
2015-06-05T19:00:00,Wakanda,Arc Reactor Cores,693.06,5.53,False
2015-06-05T19:00:00,Wakanda,Pym Particles,707.01,5.07,False
2015-06-05T19:00:00,Wakanda,Clean Water (L),2395.16,5.53,False
2015-06-05T19:00:00,Wakanda,Medical Kits,721.88,4.15,False
2015-06-05T19:00:00,Sokovia,Vibranium (kg),2106.48,13.84,True
2015-06-05T19:00:00,Sokovia,Arc Reactor Cores,323.28,16.6,True
2015-06-05T19:00:00,Sokovia,Pym Particles,0,38.05,True
2015-06-05T19:00:00,Sokovia,Clean Water (L),1829.76,24.9,True
2015-06-05T19:00:00,Sokovia,Medical Kits,168.52,24.9,True
2015-06-05T19:00:00,Sanctum Sanctorum,Vibranium (kg),2414.86,4.61,False
2015-06-05T19:00:00,Sanctum Sanctorum,Arc Reactor Cores,690.92,5.53,False
2015-06-05T19:00:00,Sanctum Sanctorum,Pym Particles,704.77,5.07,False
2015-06-05T19:00:00,Sanctum Sanctorum,Clean Water (L),2393.66,5.53,False
2015-06-05T19:00:00,Sanctum Sanctorum,Medical Kits,729.86,4.15,False
2015-06-05T19:00:00,Avengers Compound,Vibranium (kg),2095.96,13.84,True
2015-06-05T19:00:00,Avengers Compound,Arc Reactor Cores,324.67,16.6,True
2015-06-05T19:00:00,Avengers Compound,Pym Particles,0,38.05,True
2015-06-05T19:00:00,Avengers Compound,Clean Water (L),1833.39,24.9,True
2015-06-05T19:00:00,Avengers Compound,Medical Kits,169.22,24.9,True
2015-06-05T20:00:00,New Asgard,Vibranium (kg),2414.34,4.25,False
2015-06-05T20:00:00,New Asgard,Arc Reactor Cores,697.62,5.1,False
2015-06-05T20:00:00,New Asgard,Pym Particles,703.25,4.68,False
2015-06-05T20:00:00,New Asgard,Clean Water (L),2398.13,5.1,False
2015-06-05T20:00:00,New Asgard,Medical Kits,732.57,3.83,False
2015-06-05T20:00:00,Wakanda,Vibranium (kg),2419.08,4.25,False
2015-06-05T20:00:00,Wakanda,Arc Reactor Cores,694.35,5.1,False
2015-06-05T20:00:00,Wakanda,Pym Particles,707.74,4.68,False
2015-06-05T20:00:00,Wakanda,Clean Water (L),2396.04,5.1,False
2015-06-05T20:00:00,Wakanda,Medical Kits,724.33,3.83,False
2015-06-05T20:00:00,Sokovia,Vibranium (kg),2092.89,12.75,True
2015-06-05T20:00:00,Sokovia,Arc Reactor Cores,308.92,15.3,True
2015-06-05T20:00:00,Sokovia,Pym Particles,0,35.06,True
2015-06-05T20:00:00,Sokovia,Clean Water (L),1806.09,22.95,True
2015-06-05T20:00:00,Sokovia,Medical Kits,145.21,22.95,True
2015-06-05T20:00:00,Sanctum Sanctorum,Vibranium (kg),2416.39,4.25,False
2015-06-05T20:00:00,Sanctum Sanctorum,Arc Reactor Cores,693.26,5.1,False
2015-06-05T20:00:00,Sanctum Sanctorum,Pym Particles,706.75,4.68,False
2015-06-05T20:00:00,Sanctum Sanctorum,Clean Water (L),2396.34,5.1,False
2015-06-05T20:00:00,Sanctum Sanctorum,Medical Kits,729.6,3.83,False
2015-06-05T20:00:00,Avengers Compound,Vibranium (kg),2083.09,12.75,True
2015-06-05T20:00:00,Avengers Compound,Arc Reactor Cores,308.78,15.3,True
2015-06-05T20:00:00,Avengers Compound,Pym Particles,0,35.06,True
2015-06-05T20:00:00,Avengers Compound,Clean Water (L),1809.55,22.95,True
2015-06-05T20:00:00,Avengers Compound,Medical Kits,146.43,22.95,True
2015-06-05T21:00:00,New Asgard,Vibranium (kg),2415.03,3.94,False
2015-06-05T21:00:00,New Asgard,Arc Reactor Cores,700.25,4.73,False
2015-06-05T21:00:00,New Asgard,Pym Particles,704.65,4.33,False
2015-06-05T21:00:00,New Asgard,Clean Water (L),2400.03,4.73,False
2015-06-05T21:00:00,New Asgard,Medical Kits,732.94,3.55,False
2015-06-05T21:00:00,Wakanda,Vibranium (kg),2420.77,3.94,False
2015-06-05T21:00:00,Wakanda,Arc Reactor Cores,697.09,4.73,False
2015-06-05T21:00:00,Wakanda,Pym Particles,709.24,4.33,False
2015-06-05T21:00:00,Wakanda,Clean Water (L),2398.71,4.73,False
2015-06-05T21:00:00,Wakanda,Medical Kits,724.19,3.55,False
2015-06-05T21:00:00,Sokovia,Vibranium (kg),2080.98,11.82,True
2015-06-05T21:00:00,Sokovia,Arc Reactor Cores,295.53,14.18,True
2015-06-05T21:00:00,Sokovia,Pym Particles,0,32.5,True
2015-06-05T21:00:00,Sokovia,Clean Water (L),1785.5,21.27,True
2015-06-05T21:00:00,Sokovia,Medical Kits,123.8,21.27,True
2015-06-05T21:00:00,Sanctum Sanctorum,Vibranium (kg),2416.52,3.94,False
2015-06-05T21:00:00,Sanctum Sanctorum,Arc Reactor Cores,693.76,4.73,False
2015-06-05T21:00:00,Sanctum Sanctorum,Pym Particles,707.23,4.33,False
2015-06-05T21:00:00,Sanctum Sanctorum,Clean Water (L),2398.52,4.73,False
2015-06-05T21:00:00,Sanctum Sanctorum,Medical Kits,730.85,3.55,False
2015-06-05T21:00:00,Avengers Compound,Vibranium (kg),2072.07,11.82,True
2015-06-05T21:00:00,Avengers Compound,Arc Reactor Cores,295.22,14.18,True
2015-06-05T21:00:00,Avengers Compound,Pym Particles,0,32.5,True
2015-06-05T21:00:00,Avengers Compound,Clean Water (L),1788.5,21.27,True
2015-06-05T21:00:00,Avengers Compound,Medical Kits,124.79,21.27,True
2015-06-05T22:00:00,New Asgard,Vibranium (kg),2417.83,3.7,False
2015-06-05T22:00:00,New Asgard,Arc Reactor Cores,702.52,4.44,False
2015-06-05T22:00:00,New Asgard,Pym Particles,705.46,4.07,False
2015-06-05T22:00:00,New Asgard,Clean Water (L),2400.08,4.44,False
2015-06-05T22:00:00,New Asgard,Medical Kits,733.44,3.33,False
2015-06-05T22:00:00,Wakanda,Vibranium (kg),2421.4,3.7,False
2015-06-05T22:00:00,Wakanda,Arc Reactor Cores,699.86,4.44,False
2015-06-05T22:00:00,Wakanda,Pym Particles,711.12,4.07,False
2015-06-05T22:00:00,Wakanda,Clean Water (L),2401.02,4.44,False
2015-06-05T22:00:00,Wakanda,Medical Kits,725.23,3.33,False
2015-06-05T22:00:00,Sokovia,Vibranium (kg),2070.68,11.1,True
2015-06-05T22:00:00,Sokovia,Arc Reactor Cores,282.71,13.32,True
2015-06-05T22:00:00,Sokovia,Pym Particles,0,30.53,True
2015-06-05T22:00:00,Sokovia,Clean Water (L),1766.19,19.99,True
2015-06-05T22:00:00,Sokovia,Medical Kits,104.11,19.99,True
2015-06-05T22:00:00,Sanctum Sanctorum,Vibranium (kg),2417.29,3.7,False
2015-06-05T22:00:00,Sanctum Sanctorum,Arc Reactor Cores,695.94,4.44,False
2015-06-05T22:00:00,Sanctum Sanctorum,Pym Particles,708.74,4.07,False
2015-06-05T22:00:00,Sanctum Sanctorum,Clean Water (L),2400.63,4.44,False
2015-06-05T22:00:00,Sanctum Sanctorum,Medical Kits,732.68,3.33,False
2015-06-05T22:00:00,Avengers Compound,Vibranium (kg),2061.78,11.1,True
2015-06-05T22:00:00,Avengers Compound,Arc Reactor Cores,281.68,13.32,True
2015-06-05T22:00:00,Avengers Compound,Pym Particles,0,30.53,True
2015-06-05T22:00:00,Avengers Compound,Clean Water (L),1768.03,19.99,True
2015-06-05T22:00:00,Avengers Compound,Medical Kits,105.56,19.99,True
2015-06-05T23:00:00,New Asgard,Vibranium (kg),2418.09,3.55,False
2015-06-05T23:00:00,New Asgard,Arc Reactor Cores,703.1,4.26,False
2015-06-05T23:00:00,New Asgard,Pym Particles,707.53,3.91,False
2015-06-05T23:00:00,New Asgard,Clean Water (L),2400.86,4.26,False
2015-06-05T23:00:00,New Asgard,Medical Kits,736.1,3.2,False
2015-06-05T23:00:00,Wakanda,Vibranium (kg),2422.53,3.55,False
2015-06-05T23:00:00,Wakanda,Arc Reactor Cores,703.38,4.26,False
2015-06-05T23:00:00,Wakanda,Pym Particles,713.1,3.91,False
2015-06-05T23:00:00,Wakanda,Clean Water (L),2401.32,4.26,False
2015-06-05T23:00:00,Wakanda,Medical Kits,725.0,3.2,False
2015-06-05T23:00:00,Sokovia,Vibranium (kg),2060.67,10.65,True
2015-06-05T23:00:00,Sokovia,Arc Reactor Cores,270.57,12.78,True
2015-06-05T23:00:00,Sokovia,Pym Particles,0,29.3,True
2015-06-05T23:00:00,Sokovia,Clean Water (L),1746.28,19.18,True
2015-06-05T23:00:00,Sokovia,Medical Kits,85.74,19.18,True
2015-06-05T23:00:00,Sanctum Sanctorum,Vibranium (kg),2419.91,3.55,False
2015-06-05T23:00:00,Sanctum Sanctorum,Arc Reactor Cores,697.89,4.26,False
2015-06-05T23:00:00,Sanctum Sanctorum,Pym Particles,710.06,3.91,False
2015-06-05T23:00:00,Sanctum Sanctorum,Clean Water (L),2400.93,4.26,False
2015-06-05T23:00:00,Sanctum Sanctorum,Medical Kits,732.96,3.2,False
2015-06-05T23:00:00,Avengers Compound,Vibranium (kg),2051.39,10.65,True
2015-06-05T23:00:00,Avengers Compound,Arc Reactor Cores,269.21,12.78,True
2015-06-05T23:00:00,Avengers Compound,Pym Particles,0,29.3,True
2015-06-05T23:00:00,Avengers Compound,Clean Water (L),1748.96,19.18,True
2015-06-05T23:00:00,Avengers Compound,Medical Kits,87.04,19.18,True
2015-06-06T00:00:00,New Asgard,Vibranium (kg),2418.88,3.5,False
2015-06-06T00:00:00,New Asgard,Arc Reactor Cores,705.71,4.2,False
2015-06-06T00:00:00,New Asgard,Pym Particles,709.19,3.85,False
2015-06-06T00:00:00,New Asgard,Clean Water (L),2401.69,4.2,False
2015-06-06T00:00:00,New Asgard,Medical Kits,737.8,3.15,False
2015-06-06T00:00:00,Wakanda,Vibranium (kg),2425.15,3.5,False
2015-06-06T00:00:00,Wakanda,Arc Reactor Cores,704.88,4.2,False
2015-06-06T00:00:00,Wakanda,Pym Particles,714.17,3.85,False
2015-06-06T00:00:00,Wakanda,Clean Water (L),2403.08,4.2,False
2015-06-06T00:00:00,Wakanda,Medical Kits,727.04,3.15,False
2015-06-06T00:00:00,Sokovia,Vibranium (kg),2050.59,10.5,True
2015-06-06T00:00:00,Sokovia,Arc Reactor Cores,258.17,12.6,True
2015-06-06T00:00:00,Sokovia,Pym Particles,0,28.87,True
2015-06-06T00:00:00,Sokovia,Clean Water (L),1726.49,18.9,True
2015-06-06T00:00:00,Sokovia,Medical Kits,66.98,18.9,True
2015-06-06T00:00:00,Sanctum Sanctorum,Vibranium (kg),2421.62,3.5,False
2015-06-06T00:00:00,Sanctum Sanctorum,Arc Reactor Cores,700.64,4.2,False
2015-06-06T00:00:00,Sanctum Sanctorum,Pym Particles,711.91,3.85,False
2015-06-06T00:00:00,Sanctum Sanctorum,Clean Water (L),2402.04,4.2,False
2015-06-06T00:00:00,Sanctum Sanctorum,Medical Kits,733.32,3.15,False
2015-06-06T00:00:00,Avengers Compound,Vibranium (kg),2040.94,10.5,True
2015-06-06T00:00:00,Avengers Compound,Arc Reactor Cores,255.67,12.6,True
2015-06-06T00:00:00,Avengers Compound,Pym Particles,0,28.87,True
2015-06-06T00:00:00,Avengers Compound,Clean Water (L),1729.97,18.9,True
2015-06-06T00:00:00,Avengers Compound,Medical Kits,67.34,18.9,True
2015-06-06T01:00:00,New Asgard,Vibranium (kg),2420.07,3.55,False
2015-06-06T01:00:00,New Asgard,Arc Reactor Cores,708.36,4.26,False
2015-06-06T01:00:00,New Asgard,Pym Particles,710.52,3.91,False
2015-06-06T01:00:00,New Asgard,Clean Water (L),2401.83,4.26,False
2015-06-06T01:00:00,New Asgard,Medical Kits,739.61,3.2,False
2015-06-06T01:00:00,Wakanda,Vibranium (kg),2424.45,3.55,False
2015-06-06T01:00:00,Wakanda,Arc Reactor Cores,705.73,4.26,False
2015-06-06T01:00:00,Wakanda,Pym Particles,715.67,3.91,False
2015-06-06T01:00:00,Wakanda,Clean Water (L),2403.29,4.26,False
2015-06-06T01:00:00,Wakanda,Medical Kits,728.64,3.2,False
2015-06-06T01:00:00,Sokovia,Vibranium (kg),2039.64,10.65,True
2015-06-06T01:00:00,Sokovia,Arc Reactor Cores,245.16,12.78,True
2015-06-06T01:00:00,Sokovia,Pym Particles,0,29.3,True
2015-06-06T01:00:00,Sokovia,Clean Water (L),1707.19,19.18,True
2015-06-06T01:00:00,Sokovia,Medical Kits,47.21,19.18,True
2015-06-06T01:00:00,Sanctum Sanctorum,Vibranium (kg),2423.07,3.55,False
2015-06-06T01:00:00,Sanctum Sanctorum,Arc Reactor Cores,701.49,4.26,False
2015-06-06T01:00:00,Sanctum Sanctorum,Pym Particles,714.14,3.91,False
2015-06-06T01:00:00,Sanctum Sanctorum,Clean Water (L),2405.44,4.26,False
2015-06-06T01:00:00,Sanctum Sanctorum,Medical Kits,735.52,3.2,False
2015-06-06T01:00:00,Avengers Compound,Vibranium (kg),2030.4,10.65,True
2015-06-06T01:00:00,Avengers Compound,Arc Reactor Cores,242.01,12.78,True
2015-06-06T01:00:00,Avengers Compound,Pym Particles,0,29.3,True
2015-06-06T01:00:00,Avengers Compound,Clean Water (L),1710.49,19.18,True
2015-06-06T01:00:00,Avengers Compound,Medical Kits,47.42,19.18,True
2015-06-06T02:00:00,New Asgard,Vibranium (kg),2422.22,3.7,False
2015-06-06T02:00:00,New Asgard,Arc Reactor Cores,709.02,4.44,False
2015-06-06T02:00:00,New Asgard,Pym Particles,712.12,4.07,False
2015-06-06T02:00:00,New Asgard,Clean Water (L),2403.29,4.44,False
2015-06-06T02:00:00,New Asgard,Medical Kits,739.09,3.33,False
2015-06-06T02:00:00,Wakanda,Vibranium (kg),2425.49,3.7,False
2015-06-06T02:00:00,Wakanda,Arc Reactor Cores,706.97,4.44,False
2015-06-06T02:00:00,Wakanda,Pym Particles,715.47,4.07,False
2015-06-06T02:00:00,Wakanda,Clean Water (L),2403.45,4.44,False
2015-06-06T02:00:00,Wakanda,Medical Kits,729.64,3.33,False
2015-06-06T02:00:00,Sokovia,Vibranium (kg),2028.45,11.1,True
2015-06-06T02:00:00,Sokovia,Arc Reactor Cores,231.36,13.32,True
2015-06-06T02:00:00,Sokovia,Pym Particles,0,30.53,True
2015-06-06T02:00:00,Sokovia,Clean Water (L),1687.14,19.99,True
2015-06-06T02:00:00,Sokovia,Medical Kits,28.15,19.99,True
2015-06-06T02:00:00,Sanctum Sanctorum,Vibranium (kg),2424.65,3.7,False
2015-06-06T02:00:00,Sanctum Sanctorum,Arc Reactor Cores,703.17,4.44,False
2015-06-06T02:00:00,Sanctum Sanctorum,Pym Particles,715.36,4.07,False
2015-06-06T02:00:00,Sanctum Sanctorum,Clean Water (L),2405.43,4.44,False
2015-06-06T02:00:00,Sanctum Sanctorum,Medical Kits,737.34,3.33,False
2015-06-06T02:00:00,Avengers Compound,Vibranium (kg),2019.2,11.1,True
2015-06-06T02:00:00,Avengers Compound,Arc Reactor Cores,229.45,13.32,True
2015-06-06T02:00:00,Avengers Compound,Pym Particles,0,30.53,True
2015-06-06T02:00:00,Avengers Compound,Clean Water (L),1689.58,19.99,True
2015-06-06T02:00:00,Avengers Compound,Medical Kits,27.53,19.99,True
2015-06-06T03:00:00,New Asgard,Vibranium (kg),2424.66,3.94,False
2015-06-06T03:00:00,New Asgard,Arc Reactor Cores,709.48,4.73,False
2015-06-06T03:00:00,New Asgard,Pym Particles,713.46,4.33,False
2015-06-06T03:00:00,New Asgard,Clean Water (L),2404.65,4.73,False
2015-06-06T03:00:00,New Asgard,Medical Kits,739.02,3.55,False
2015-06-06T03:00:00,Wakanda,Vibranium (kg),2425.38,3.94,False
2015-06-06T03:00:00,Wakanda,Arc Reactor Cores,708.15,4.73,False
2015-06-06T03:00:00,Wakanda,Pym Particles,715.9,4.33,False
2015-06-06T03:00:00,Wakanda,Clean Water (L),2403.86,4.73,False
2015-06-06T03:00:00,Wakanda,Medical Kits,731.06,3.55,False
2015-06-06T03:00:00,Sokovia,Vibranium (kg),2017.39,11.82,True
2015-06-06T03:00:00,Sokovia,Arc Reactor Cores,216.9,14.18,True
2015-06-06T03:00:00,Sokovia,Pym Particles,0,32.5,True
2015-06-06T03:00:00,Sokovia,Clean Water (L),1665.9,21.27,True
2015-06-06T03:00:00,Sokovia,Medical Kits,7.24,21.27,True
2015-06-06T03:00:00,Sanctum Sanctorum,Vibranium (kg),2426.1,3.94,False
2015-06-06T03:00:00,Sanctum Sanctorum,Arc Reactor Cores,704.73,4.73,False
2015-06-06T03:00:00,Sanctum Sanctorum,Pym Particles,715.74,4.33,False
2015-06-06T03:00:00,Sanctum Sanctorum,Clean Water (L),2405.44,4.73,False
2015-06-06T03:00:00,Sanctum Sanctorum,Medical Kits,737.11,3.55,False
2015-06-06T03:00:00,Avengers Compound,Vibranium (kg),2008.15,11.82,True
2015-06-06T03:00:00,Avengers Compound,Arc Reactor Cores,215.95,14.18,True
2015-06-06T03:00:00,Avengers Compound,Pym Particles,0,32.5,True
2015-06-06T03:00:00,Avengers Compound,Clean Water (L),1668.7,21.27,True
2015-06-06T03:00:00,Avengers Compound,Medical Kits,6.91,21.27,True
2015-06-06T04:00:00,New Asgard,Vibranium (kg),2423.79,4.25,False
2015-06-06T04:00:00,New Asgard,Arc Reactor Cores,708.77,5.1,False
2015-06-06T04:00:00,New Asgard,Pym Particles,713.98,4.68,False
2015-06-06T04:00:00,New Asgard,Clean Water (L),2405.79,5.1,False
2015-06-06T04:00:00,New Asgard,Medical Kits,739.1,3.83,False
2015-06-06T04:00:00,Wakanda,Vibranium (kg),2425.65,4.25,False
2015-06-06T04:00:00,Wakanda,Arc Reactor Cores,707.72,5.1,False
2015-06-06T04:00:00,Wakanda,Pym Particles,717.28,4.68,False
2015-06-06T04:00:00,Wakanda,Clean Water (L),2404.63,5.1,False
2015-06-06T04:00:00,Wakanda,Medical Kits,731.06,3.83,False
2015-06-06T04:00:00,Sokovia,Vibranium (kg),2004.36,12.75,True
2015-06-06T04:00:00,Sokovia,Arc Reactor Cores,202.17,15.3,True
2015-06-06T04:00:00,Sokovia,Pym Particles,0,35.06,True
2015-06-06T04:00:00,Sokovia,Clean Water (L),1643.52,22.95,True
2015-06-06T04:00:00,Sokovia,Medical Kits,0,22.95,True
2015-06-06T04:00:00,Sanctum Sanctorum,Vibranium (kg),2427.08,4.25,False
2015-06-06T04:00:00,Sanctum Sanctorum,Arc Reactor Cores,705.24,5.1,False
2015-06-06T04:00:00,Sanctum Sanctorum,Pym Particles,715.09,4.68,False
2015-06-06T04:00:00,Sanctum Sanctorum,Clean Water (L),2404.93,5.1,False
2015-06-06T04:00:00,Sanctum Sanctorum,Medical Kits,736.46,3.83,False
2015-06-06T04:00:00,Avengers Compound,Vibranium (kg),1995.3,12.75,True
2015-06-06T04:00:00,Avengers Compound,Arc Reactor Cores,201.58,15.3,True
2015-06-06T04:00:00,Avengers Compound,Pym Particles,0,35.06,True
2015-06-06T04:00:00,Avengers Compound,Clean Water (L),1645.17,22.95,True
2015-06-06T04:00:00,Avengers Compound,Medical Kits,0,22.95,True
2015-06-06T05:00:00,New Asgard,Vibranium (kg),2424.23,4.61,False
2015-06-06T05:00:00,New Asgard,Arc Reactor Cores,708.03,5.53,False
2015-06-06T05:00:00,New Asgard,Pym Particles,713.77,5.07,False
2015-06-06T05:00:00,New Asgard,Clean Water (L),2405.63,5.53,False
2015-06-06T05:00:00,New Asgard,Medical Kits,739.75,4.15,False
2015-06-06T05:00:00,Wakanda,Vibranium (kg),2426.31,4.61,False
2015-06-06T05:00:00,Wakanda,Arc Reactor Cores,708.19,5.53,False
2015-06-06T05:00:00,Wakanda,Pym Particles,717.62,5.07,False
2015-06-06T05:00:00,Wakanda,Clean Water (L),2404.96,5.53,False
2015-06-06T05:00:00,Wakanda,Medical Kits,732.31,4.15,False
2015-06-06T05:00:00,Sokovia,Vibranium (kg),1991.13,13.84,True
2015-06-06T05:00:00,Sokovia,Arc Reactor Cores,185.47,16.6,True
2015-06-06T05:00:00,Sokovia,Pym Particles,0,38.05,True
2015-06-06T05:00:00,Sokovia,Clean Water (L),1619.16,24.9,True
2015-06-06T05:00:00,Sokovia,Medical Kits,0,24.9,True
2015-06-06T05:00:00,Sanctum Sanctorum,Vibranium (kg),2427.58,4.61,False
2015-06-06T05:00:00,Sanctum Sanctorum,Arc Reactor Cores,704.63,5.53,False
2015-06-06T05:00:00,Sanctum Sanctorum,Pym Particles,714.42,5.07,False
2015-06-06T05:00:00,Sanctum Sanctorum,Clean Water (L),2405.81,5.53,False
2015-06-06T05:00:00,Sanctum Sanctorum,Medical Kits,735.47,4.15,False
2015-06-06T05:00:00,Avengers Compound,Vibranium (kg),1980.51,13.84,True
2015-06-06T05:00:00,Avengers Compound,Arc Reactor Cores,185.37,16.6,True
2015-06-06T05:00:00,Avengers Compound,Pym Particles,0,38.05,True
2015-06-06T05:00:00,Avengers Compound,Clean Water (L),1621.08,24.9,True
2015-06-06T05:00:00,Avengers Compound,Medical Kits,0,24.9,True
2015-06-06T06:00:00,New Asgard,Vibranium (kg),2422.49,5.0,False
2015-06-06T06:00:00,New Asgard,Arc Reactor Cores,706.42,6.0,False
2015-06-06T06:00:00,New Asgard,Pym Particles,713.49,5.5,False
2015-06-06T06:00:00,New Asgard,Clean Water (L),2404.2,6.0,False
2015-06-06T06:00:00,New Asgard,Medical Kits,738.79,4.5,False
2015-06-06T06:00:00,Wakanda,Vibranium (kg),2426.63,5.0,False
2015-06-06T06:00:00,Wakanda,Arc Reactor Cores,708.32,6.0,False
2015-06-06T06:00:00,Wakanda,Pym Particles,717.8,5.5,False
2015-06-06T06:00:00,Wakanda,Clean Water (L),2403.49,6.0,False
2015-06-06T06:00:00,Wakanda,Medical Kits,732.29,4.5,False
2015-06-06T06:00:00,Sokovia,Vibranium (kg),1975.95,15.0,True
2015-06-06T06:00:00,Sokovia,Arc Reactor Cores,166.78,18.0,True
2015-06-06T06:00:00,Sokovia,Pym Particles,0,41.25,True
2015-06-06T06:00:00,Sokovia,Clean Water (L),1591.35,27.0,True
2015-06-06T06:00:00,Sokovia,Medical Kits,0,27.0,True
2015-06-06T06:00:00,Sanctum Sanctorum,Vibranium (kg),2427.14,5.0,False
2015-06-06T06:00:00,Sanctum Sanctorum,Arc Reactor Cores,704.55,6.0,False
2015-06-06T06:00:00,Sanctum Sanctorum,Pym Particles,714.68,5.5,False
2015-06-06T06:00:00,Sanctum Sanctorum,Clean Water (L),2406.48,6.0,False
2015-06-06T06:00:00,Sanctum Sanctorum,Medical Kits,735.02,4.5,False
2015-06-06T06:00:00,Avengers Compound,Vibranium (kg),1964.6,15.0,True
2015-06-06T06:00:00,Avengers Compound,Arc Reactor Cores,168.31,18.0,True
2015-06-06T06:00:00,Avengers Compound,Pym Particles,0,41.25,True
2015-06-06T06:00:00,Avengers Compound,Clean Water (L),1594.25,27.0,True
2015-06-06T06:00:00,Avengers Compound,Medical Kits,0,27.0,True
2015-06-06T07:00:00,New Asgard,Vibranium (kg),2421.52,5.39,False
2015-06-06T07:00:00,New Asgard,Arc Reactor Cores,705.17,6.47,False
2015-06-06T07:00:00,New Asgard,Pym Particles,713.29,5.93,False
2015-06-06T07:00:00,New Asgard,Clean Water (L),2403.78,6.47,False
2015-06-06T07:00:00,New Asgard,Medical Kits,738.53,4.85,False
2015-06-06T07:00:00,Wakanda,Vibranium (kg),2426.05,5.39,False
2015-06-06T07:00:00,Wakanda,Arc Reactor Cores,707.68,6.47,False
2015-06-06T07:00:00,Wakanda,Pym Particles,717.42,5.93,False
2015-06-06T07:00:00,Wakanda,Clean Water (L),2403.32,6.47,False
2015-06-06T07:00:00,Wakanda,Medical Kits,732.58,4.85,False
2015-06-06T07:00:00,Sokovia,Vibranium (kg),1959.93,16.16,True
2015-06-06T07:00:00,Sokovia,Arc Reactor Cores,146.76,19.4,True
2015-06-06T07:00:00,Sokovia,Pym Particles,0,44.45,True
2015-06-06T07:00:00,Sokovia,Clean Water (L),1561.34,29.1,True
2015-06-06T07:00:00,Sokovia,Medical Kits,0,29.1,True
2015-06-06T07:00:00,Sanctum Sanctorum,Vibranium (kg),2426.34,5.39,False
2015-06-06T07:00:00,Sanctum Sanctorum,Arc Reactor Cores,704.45,6.47,False
2015-06-06T07:00:00,Sanctum Sanctorum,Pym Particles,713.13,5.93,False
2015-06-06T07:00:00,Sanctum Sanctorum,Clean Water (L),2405.08,6.47,False
2015-06-06T07:00:00,Sanctum Sanctorum,Medical Kits,734.61,4.85,False
2015-06-06T07:00:00,Avengers Compound,Vibranium (kg),1948.77,16.16,True
2015-06-06T07:00:00,Avengers Compound,Arc Reactor Cores,148.36,19.4,True
2015-06-06T07:00:00,Avengers Compound,Pym Particles,0,44.45,True
2015-06-06T07:00:00,Avengers Compound,Clean Water (L),1565.48,29.1,True
2015-06-06T07:00:00,Avengers Compound,Medical Kits,0,29.1,True
2015-06-06T08:00:00,New Asgard,Vibranium (kg),2419.54,5.75,False
2015-06-06T08:00:00,New Asgard,Arc Reactor Cores,703.94,6.9,False
2015-06-06T08:00:00,New Asgard,Pym Particles,711.79,6.32,False
2015-06-06T08:00:00,New Asgard,Clean Water (L),2402.4,6.9,False
2015-06-06T08:00:00,New Asgard,Medical Kits,738.45,5.17,False
2015-06-06T08:00:00,Wakanda,Vibranium (kg),2425.73,5.75,False
2015-06-06T08:00:00,Wakanda,Arc Reactor Cores,707.32,6.9,False
2015-06-06T08:00:00,Wakanda,Pym Particles,717.03,6.32,False
2015-06-06T08:00:00,Wakanda,Clean Water (L),2402.61,6.9,False
2015-06-06T08:00:00,Wakanda,Medical Kits,733.21,5.17,False
2015-06-06T08:00:00,Sokovia,Vibranium (kg),1943.03,17.25,True
2015-06-06T08:00:00,Sokovia,Arc Reactor Cores,126.55,20.7,True
2015-06-06T08:00:00,Sokovia,Pym Particles,0,47.44,True
2015-06-06T08:00:00,Sokovia,Clean Water (L),1529.44,31.05,True
2015-06-06T08:00:00,Sokovia,Medical Kits,0,31.05,True
2015-06-06T08:00:00,Sanctum Sanctorum,Vibranium (kg),2425.06,5.75,False
2015-06-06T08:00:00,Sanctum Sanctorum,Arc Reactor Cores,702.3,6.9,False
2015-06-06T08:00:00,Sanctum Sanctorum,Pym Particles,711.2,6.32,False
2015-06-06T08:00:00,Sanctum Sanctorum,Clean Water (L),2403.21,6.9,False
2015-06-06T08:00:00,Sanctum Sanctorum,Medical Kits,734.09,5.17,False
2015-06-06T08:00:00,Avengers Compound,Vibranium (kg),1930.53,17.25,True
2015-06-06T08:00:00,Avengers Compound,Arc Reactor Cores,127.71,20.7,True
2015-06-06T08:00:00,Avengers Compound,Pym Particles,0,47.44,True
2015-06-06T08:00:00,Avengers Compound,Clean Water (L),1533.46,31.05,True
2015-06-06T08:00:00,Avengers Compound,Medical Kits,0,31.05,True
2015-06-06T09:00:00,New Asgard,Vibranium (kg),2419.34,6.06,False
2015-06-06T09:00:00,New Asgard,Arc Reactor Cores,704.42,7.27,False
2015-06-06T09:00:00,New Asgard,Pym Particles,711.49,6.67,False
2015-06-06T09:00:00,New Asgard,Clean Water (L),2400.5,7.27,False
2015-06-06T09:00:00,New Asgard,Medical Kits,737.98,5.45,False
2015-06-06T09:00:00,Wakanda,Vibranium (kg),2424.33,6.06,False
2015-06-06T09:00:00,Wakanda,Arc Reactor Cores,705.3,7.27,False
2015-06-06T09:00:00,Wakanda,Pym Particles,717.16,6.67,False
2015-06-06T09:00:00,Wakanda,Clean Water (L),2401.24,7.27,False
2015-06-06T09:00:00,Wakanda,Medical Kits,730.99,5.45,False
2015-06-06T09:00:00,Sokovia,Vibranium (kg),1924.47,18.18,True
2015-06-06T09:00:00,Sokovia,Arc Reactor Cores,105.04,21.82,True
2015-06-06T09:00:00,Sokovia,Pym Particles,0,50.0,True
2015-06-06T09:00:00,Sokovia,Clean Water (L),1496.22,32.73,True
2015-06-06T09:00:00,Sokovia,Medical Kits,0,32.73,True
2015-06-06T09:00:00,Sanctum Sanctorum,Vibranium (kg),2423.53,6.06,False
2015-06-06T09:00:00,Sanctum Sanctorum,Arc Reactor Cores,701.55,7.27,False
2015-06-06T09:00:00,Sanctum Sanctorum,Pym Particles,709.6,6.67,False
2015-06-06T09:00:00,Sanctum Sanctorum,Clean Water (L),2401.25,7.27,False
2015-06-06T09:00:00,Sanctum Sanctorum,Medical Kits,733.96,5.45,False
2015-06-06T09:00:00,Avengers Compound,Vibranium (kg),1912.41,18.18,True
2015-06-06T09:00:00,Avengers Compound,Arc Reactor Cores,105.95,21.82,True
2015-06-06T09:00:00,Avengers Compound,Pym Particles,0,50.0,True
2015-06-06T09:00:00,Avengers Compound,Clean Water (L),1500.78,32.73,True
2015-06-06T09:00:00,Avengers Compound,Medical Kits,0,32.73,True
2015-06-06T10:00:00,New Asgard,Vibranium (kg),2417.24,6.3,False
2015-06-06T10:00:00,New Asgard,Arc Reactor Cores,703.53,7.56,False
2015-06-06T10:00:00,New Asgard,Pym Particles,710.25,6.93,False
2015-06-06T10:00:00,New Asgard,Clean Water (L),2398.76,7.56,False
2015-06-06T10:00:00,New Asgard,Medical Kits,736.34,5.67,False
2015-06-06T10:00:00,Wakanda,Vibranium (kg),2422.84,6.3,False
2015-06-06T10:00:00,Wakanda,Arc Reactor Cores,704.99,7.56,False
2015-06-06T10:00:00,Wakanda,Pym Particles,715.81,6.93,False
2015-06-06T10:00:00,Wakanda,Clean Water (L),2399.82,7.56,False
2015-06-06T10:00:00,Wakanda,Medical Kits,729.17,5.67,False
2015-06-06T10:00:00,Sokovia,Vibranium (kg),1906.37,18.9,True
2015-06-06T10:00:00,Sokovia,Arc Reactor Cores,82.19,22.68,True
2015-06-06T10:00:00,Sokovia,Pym Particles,0,51.97,True
2015-06-06T10:00:00,Sokovia,Clean Water (L),1462.94,34.01,True
2015-06-06T10:00:00,Sokovia,Medical Kits,0,34.01,True
2015-06-06T10:00:00,Sanctum Sanctorum,Vibranium (kg),2421.28,6.3,False
2015-06-06T10:00:00,Sanctum Sanctorum,Arc Reactor Cores,698.3,7.56,False
2015-06-06T10:00:00,Sanctum Sanctorum,Pym Particles,708.36,6.93,False
2015-06-06T10:00:00,Sanctum Sanctorum,Clean Water (L),2399.23,7.56,False
2015-06-06T10:00:00,Sanctum Sanctorum,Medical Kits,733.82,5.67,False
2015-06-06T10:00:00,Avengers Compound,Vibranium (kg),1894.08,18.9,True
2015-06-06T10:00:00,Avengers Compound,Arc Reactor Cores,82.64,22.68,True
2015-06-06T10:00:00,Avengers Compound,Pym Particles,0,51.97,True
2015-06-06T10:00:00,Avengers Compound,Clean Water (L),1467.13,34.01,True
2015-06-06T10:00:00,Avengers Compound,Medical Kits,0,34.01,True
2015-06-06T11:00:00,New Asgard,Vibranium (kg),2416.04,6.45,False
2015-06-06T11:00:00,New Asgard,Arc Reactor Cores,701.65,7.74,False
2015-06-06T11:00:00,New Asgard,Pym Particles,708.69,7.09,False
2015-06-06T11:00:00,New Asgard,Clean Water (L),2397.03,7.74,False
2015-06-06T11:00:00,New Asgard,Medical Kits,734.74,5.8,False
2015-06-06T11:00:00,Wakanda,Vibranium (kg),2421.18,6.45,False
2015-06-06T11:00:00,Wakanda,Arc Reactor Cores,702.83,7.74,False
2015-06-06T11:00:00,Wakanda,Pym Particles,713.65,7.09,False
2015-06-06T11:00:00,Wakanda,Clean Water (L),2397.4,7.74,False
2015-06-06T11:00:00,Wakanda,Medical Kits,728.55,5.8,False
2015-06-06T11:00:00,Sokovia,Vibranium (kg),1886.59,19.35,True
2015-06-06T11:00:00,Sokovia,Arc Reactor Cores,59.54,23.22,True
2015-06-06T11:00:00,Sokovia,Pym Particles,0,53.2,True
2015-06-06T11:00:00,Sokovia,Clean Water (L),1429.07,34.82,True
2015-06-06T11:00:00,Sokovia,Medical Kits,0,34.82,True
2015-06-06T11:00:00,Sanctum Sanctorum,Vibranium (kg),2421.33,6.45,False
2015-06-06T11:00:00,Sanctum Sanctorum,Arc Reactor Cores,698.44,7.74,False
2015-06-06T11:00:00,Sanctum Sanctorum,Pym Particles,707.85,7.09,False
2015-06-06T11:00:00,Sanctum Sanctorum,Clean Water (L),2398.45,7.74,False
2015-06-06T11:00:00,Sanctum Sanctorum,Medical Kits,731.68,5.8,False
2015-06-06T11:00:00,Avengers Compound,Vibranium (kg),1874.66,19.35,True
2015-06-06T11:00:00,Avengers Compound,Arc Reactor Cores,59.85,23.22,True
2015-06-06T11:00:00,Avengers Compound,Pym Particles,0,53.2,True
2015-06-06T11:00:00,Avengers Compound,Clean Water (L),1431.66,34.82,True
2015-06-06T11:00:00,Avengers Compound,Medical Kits,0,34.82,True
2015-06-06T12:00:00,New Asgard,Vibranium (kg),2415.2,6.5,False
2015-06-06T12:00:00,New Asgard,Arc Reactor Cores,699.62,7.8,False
2015-06-06T12:00:00,New Asgard,Pym Particles,706.9,7.15,False
2015-06-06T12:00:00,New Asgard,Clean Water (L),2395.16,7.8,False
2015-06-06T12:00:00,New Asgard,Medical Kits,733.29,5.85,False
2015-06-06T12:00:00,Wakanda,Vibranium (kg),2420.29,6.5,False
2015-06-06T12:00:00,Wakanda,Arc Reactor Cores,701.71,7.8,False
2015-06-06T12:00:00,Wakanda,Pym Particles,711.85,7.15,False
2015-06-06T12:00:00,Wakanda,Clean Water (L),2396.37,7.8,False
2015-06-06T12:00:00,Wakanda,Medical Kits,726.66,5.85,False
2015-06-06T12:00:00,Sokovia,Vibranium (kg),1867.29,19.5,True
2015-06-06T12:00:00,Sokovia,Arc Reactor Cores,36.53,23.4,True
2015-06-06T12:00:00,Sokovia,Pym Particles,0,53.62,True
2015-06-06T12:00:00,Sokovia,Clean Water (L),1394.08,35.1,True
2015-06-06T12:00:00,Sokovia,Medical Kits,0,35.1,True
2015-06-06T12:00:00,Sanctum Sanctorum,Vibranium (kg),2420.73,6.5,False
2015-06-06T12:00:00,Sanctum Sanctorum,Arc Reactor Cores,697.09,7.8,False
2015-06-06T12:00:00,Sanctum Sanctorum,Pym Particles,705.76,7.15,False
2015-06-06T12:00:00,Sanctum Sanctorum,Clean Water (L),2396.02,7.8,False
2015-06-06T12:00:00,Sanctum Sanctorum,Medical Kits,729.9,5.85,False
2015-06-06T12:00:00,Avengers Compound,Vibranium (kg),1856.06,19.5,True
2015-06-06T12:00:00,Avengers Compound,Arc Reactor Cores,36.55,23.4,True
2015-06-06T12:00:00,Avengers Compound,Pym Particles,0,53.62,True
2015-06-06T12:00:00,Avengers Compound,Clean Water (L),1395.58,35.1,True
2015-06-06T12:00:00,Avengers Compound,Medical Kits,0,35.1,True
2015-06-06T13:00:00,New Asgard,Vibranium (kg),2415.18,6.45,False
2015-06-06T13:00:00,New Asgard,Arc Reactor Cores,696.75,7.74,False
2015-06-06T13:00:00,New Asgard,Pym Particles,704.87,7.09,False
2015-06-06T13:00:00,New Asgard,Clean Water (L),2393.14,7.74,False
2015-06-06T13:00:00,New Asgard,Medical Kits,731.01,5.8,False
2015-06-06T13:00:00,Wakanda,Vibranium (kg),2418.43,6.45,False
2015-06-06T13:00:00,Wakanda,Arc Reactor Cores,700.51,7.74,False
2015-06-06T13:00:00,Wakanda,Pym Particles,710.42,7.09,False
2015-06-06T13:00:00,Wakanda,Clean Water (L),2395.29,7.74,False
2015-06-06T13:00:00,Wakanda,Medical Kits,725.6,5.8,False
2015-06-06T13:00:00,Sokovia,Vibranium (kg),1847.69,19.35,True
2015-06-06T13:00:00,Sokovia,Arc Reactor Cores,13.52,23.22,True
2015-06-06T13:00:00,Sokovia,Pym Particles,0,53.2,True
2015-06-06T13:00:00,Sokovia,Clean Water (L),1358.6,34.82,True
2015-06-06T13:00:00,Sokovia,Medical Kits,0,34.82,True
2015-06-06T13:00:00,Sanctum Sanctorum,Vibranium (kg),2420.66,6.45,False
2015-06-06T13:00:00,Sanctum Sanctorum,Arc Reactor Cores,694.32,7.74,False
2015-06-06T13:00:00,Sanctum Sanctorum,Pym Particles,703.88,7.09,False
2015-06-06T13:00:00,Sanctum Sanctorum,Clean Water (L),2394.98,7.74,False
2015-06-06T13:00:00,Sanctum Sanctorum,Medical Kits,730.06,5.8,False
2015-06-06T13:00:00,Avengers Compound,Vibranium (kg),1837.01,19.35,True
2015-06-06T13:00:00,Avengers Compound,Arc Reactor Cores,12.43,23.22,True
2015-06-06T13:00:00,Avengers Compound,Pym Particles,0,53.2,True
2015-06-06T13:00:00,Avengers Compound,Clean Water (L),1361.09,34.82,True
2015-06-06T13:00:00,Avengers Compound,Medical Kits,0,34.82,True
2015-06-06T14:00:00,New Asgard,Vibranium (kg),2413.89,6.3,False
2015-06-06T14:00:00,New Asgard,Arc Reactor Cores,694.65,7.56,False
2015-06-06T14:00:00,New Asgard,Pym Particles,703.08,6.93,False
2015-06-06T14:00:00,New Asgard,Clean Water (L),2392.37,7.56,False
2015-06-06T14:00:00,New Asgard,Medical Kits,730.12,5.67,False
2015-06-06T14:00:00,Wakanda,Vibranium (kg),2417.72,6.3,False
2015-06-06T14:00:00,Wakanda,Arc Reactor Cores,700.07,7.56,False
2015-06-06T14:00:00,Wakanda,Pym Particles,708.48,6.93,False
2015-06-06T14:00:00,Wakanda,Clean Water (L),2395.08,7.56,False
2015-06-06T14:00:00,Wakanda,Medical Kits,725.57,5.67,False
2015-06-06T14:00:00,Sokovia,Vibranium (kg),1829.53,18.9,True
2015-06-06T14:00:00,Sokovia,Arc Reactor Cores,0,22.68,True
2015-06-06T14:00:00,Sokovia,Pym Particles,0,51.97,True
2015-06-06T14:00:00,Sokovia,Clean Water (L),1324.83,34.01,True
2015-06-06T14:00:00,Sokovia,Medical Kits,0,34.01,True
2015-06-06T14:00:00,Sanctum Sanctorum,Vibranium (kg),2420.64,6.3,False
2015-06-06T14:00:00,Sanctum Sanctorum,Arc Reactor Cores,693.47,7.56,False
2015-06-06T14:00:00,Sanctum Sanctorum,Pym Particles,704.11,6.93,False
2015-06-06T14:00:00,Sanctum Sanctorum,Clean Water (L),2394.15,7.56,False
2015-06-06T14:00:00,Sanctum Sanctorum,Medical Kits,728.27,5.67,False
2015-06-06T14:00:00,Avengers Compound,Vibranium (kg),1818.16,18.9,True
2015-06-06T14:00:00,Avengers Compound,Arc Reactor Cores,0,22.68,True
2015-06-06T14:00:00,Avengers Compound,Pym Particles,0,51.97,True
2015-06-06T14:00:00,Avengers Compound,Clean Water (L),1327.87,34.01,True
2015-06-06T14:00:00,Avengers Compound,Medical Kits,0,34.01,True
2015-06-06T15:00:00,New Asgard,Vibranium (kg),2413.9,6.06,False
2015-06-06T15:00:00,New Asgard,Arc Reactor Cores,693.38,7.27,False
2015-06-06T15:00:00,New Asgard,Pym Particles,702.31,6.67,False
2015-06-06T15:00:00,New Asgard,Clean Water (L),2391.17,7.27,False
2015-06-06T15:00:00,New Asgard,Medical Kits,727.92,5.45,False
2015-06-06T15:00:00,Wakanda,Vibranium (kg),2417.49,6.06,False
2015-06-06T15:00:00,Wakanda,Arc Reactor Cores,698.7,7.27,False
2015-06-06T15:00:00,Wakanda,Pym Particles,707.65,6.67,False
2015-06-06T15:00:00,Wakanda,Clean Water (L),2393.96,7.27,False
2015-06-06T15:00:00,Wakanda,Medical Kits,723.74,5.45,False
2015-06-06T15:00:00,Sokovia,Vibranium (kg),1811.01,18.18,True
2015-06-06T15:00:00,Sokovia,Arc Reactor Cores,0,21.82,True
2015-06-06T15:00:00,Sokovia,Pym Particles,0,50.0,True
2015-06-06T15:00:00,Sokovia,Clean Water (L),1292.26,32.73,True
2015-06-06T15:00:00,Sokovia,Medical Kits,0,32.73,True
2015-06-06T15:00:00,Sanctum Sanctorum,Vibranium (kg),2418.79,6.06,False
2015-06-06T15:00:00,Sanctum Sanctorum,Arc Reactor Cores,691.51,7.27,False
2015-06-06T15:00:00,Sanctum Sanctorum,Pym Particles,703.99,6.67,False
2015-06-06T15:00:00,Sanctum Sanctorum,Clean Water (L),2393.27,7.27,False
2015-06-06T15:00:00,Sanctum Sanctorum,Medical Kits,727.28,5.45,False
2015-06-06T15:00:00,Avengers Compound,Vibranium (kg),1800.75,18.18,True
2015-06-06T15:00:00,Avengers Compound,Arc Reactor Cores,0,21.82,True
2015-06-06T15:00:00,Avengers Compound,Pym Particles,0,50.0,True
2015-06-06T15:00:00,Avengers Compound,Clean Water (L),1295.83,32.73,True
2015-06-06T15:00:00,Avengers Compound,Medical Kits,0,32.73,True
2015-06-06T16:00:00,New Asgard,Vibranium (kg),2414.2,5.75,False
2015-06-06T16:00:00,New Asgard,Arc Reactor Cores,692.84,6.9,False
2015-06-06T16:00:00,New Asgard,Pym Particles,702.78,6.32,False
2015-06-06T16:00:00,New Asgard,Clean Water (L),2390.33,6.9,False
2015-06-06T16:00:00,New Asgard,Medical Kits,728.51,5.17,False
2015-06-06T16:00:00,Wakanda,Vibranium (kg),2417.41,5.75,False
2015-06-06T16:00:00,Wakanda,Arc Reactor Cores,697.49,6.9,False
2015-06-06T16:00:00,Wakanda,Pym Particles,705.58,6.32,False
2015-06-06T16:00:00,Wakanda,Clean Water (L),2393.87,6.9,False
2015-06-06T16:00:00,Wakanda,Medical Kits,721.71,5.17,False
2015-06-06T16:00:00,Sokovia,Vibranium (kg),1793.01,17.25,True
2015-06-06T16:00:00,Sokovia,Arc Reactor Cores,0,20.7,True
2015-06-06T16:00:00,Sokovia,Pym Particles,0,47.44,True
2015-06-06T16:00:00,Sokovia,Clean Water (L),1261.92,31.05,True
2015-06-06T16:00:00,Sokovia,Medical Kits,0,31.05,True
2015-06-06T16:00:00,Sanctum Sanctorum,Vibranium (kg),2417.33,5.75,False
2015-06-06T16:00:00,Sanctum Sanctorum,Arc Reactor Cores,690.23,6.9,False
2015-06-06T16:00:00,Sanctum Sanctorum,Pym Particles,702.65,6.32,False
2015-06-06T16:00:00,Sanctum Sanctorum,Clean Water (L),2392.54,6.9,False
2015-06-06T16:00:00,Sanctum Sanctorum,Medical Kits,727.55,5.17,False
2015-06-06T16:00:00,Avengers Compound,Vibranium (kg),1783.01,17.25,True
2015-06-06T16:00:00,Avengers Compound,Arc Reactor Cores,0,20.7,True
2015-06-06T16:00:00,Avengers Compound,Pym Particles,0,47.44,True
2015-06-06T16:00:00,Avengers Compound,Clean Water (L),1264.13,31.05,True
2015-06-06T16:00:00,Avengers Compound,Medical Kits,0,31.05,True
2015-06-06T17:00:00,New Asgard,Vibranium (kg),2414.04,5.39,False
2015-06-06T17:00:00,New Asgard,Arc Reactor Cores,692.91,6.47,False
2015-06-06T17:00:00,New Asgard,Pym Particles,703.82,5.93,False
2015-06-06T17:00:00,New Asgard,Clean Water (L),2390.2,6.47,False
2015-06-06T17:00:00,New Asgard,Medical Kits,730.16,4.85,False
2015-06-06T17:00:00,Wakanda,Vibranium (kg),2415.36,5.39,False
2015-06-06T17:00:00,Wakanda,Arc Reactor Cores,696.73,6.47,False
2015-06-06T17:00:00,Wakanda,Pym Particles,706.12,5.93,False
2015-06-06T17:00:00,Wakanda,Clean Water (L),2393.19,6.47,False
2015-06-06T17:00:00,Wakanda,Medical Kits,720.86,4.85,False
2015-06-06T17:00:00,Sokovia,Vibranium (kg),1777.6,16.16,True
2015-06-06T17:00:00,Sokovia,Arc Reactor Cores,0,19.4,True
2015-06-06T17:00:00,Sokovia,Pym Particles,0,44.45,True
2015-06-06T17:00:00,Sokovia,Clean Water (L),1232.27,29.1,True
2015-06-06T17:00:00,Sokovia,Medical Kits,0,29.1,True
2015-06-06T17:00:00,Sanctum Sanctorum,Vibranium (kg),2418.06,5.39,False
2015-06-06T17:00:00,Sanctum Sanctorum,Arc Reactor Cores,690.99,6.47,False
2015-06-06T17:00:00,Sanctum Sanctorum,Pym Particles,702.59,5.93,False
2015-06-06T17:00:00,Sanctum Sanctorum,Clean Water (L),2391.96,6.47,False
2015-06-06T17:00:00,Sanctum Sanctorum,Medical Kits,728.2,4.85,False
2015-06-06T17:00:00,Avengers Compound,Vibranium (kg),1767.1,16.16,True
2015-06-06T17:00:00,Avengers Compound,Arc Reactor Cores,0,19.4,True
2015-06-06T17:00:00,Avengers Compound,Pym Particles,0,44.45,True
2015-06-06T17:00:00,Avengers Compound,Clean Water (L),1234.93,29.1,True
2015-06-06T17:00:00,Avengers Compound,Medical Kits,0,29.1,True
2015-06-06T18:00:00,New Asgard,Vibranium (kg),2414.08,5.0,False
2015-06-06T18:00:00,New Asgard,Arc Reactor Cores,691.84,6.0,False
2015-06-06T18:00:00,New Asgard,Pym Particles,703.42,5.5,False
2015-06-06T18:00:00,New Asgard,Clean Water (L),2392.54,6.0,False
2015-06-06T18:00:00,New Asgard,Medical Kits,729.88,4.5,False
2015-06-06T18:00:00,Wakanda,Vibranium (kg),2414.51,5.0,False
2015-06-06T18:00:00,Wakanda,Arc Reactor Cores,696.86,6.0,False
2015-06-06T18:00:00,Wakanda,Pym Particles,707.66,5.5,False
2015-06-06T18:00:00,Wakanda,Clean Water (L),2393.16,6.0,False
2015-06-06T18:00:00,Wakanda,Medical Kits,721.03,4.5,False
2015-06-06T18:00:00,Sokovia,Vibranium (kg),1762.73,15.0,True
2015-06-06T18:00:00,Sokovia,Arc Reactor Cores,0,18.0,True
2015-06-06T18:00:00,Sokovia,Pym Particles,0,41.25,True
2015-06-06T18:00:00,Sokovia,Clean Water (L),1205.37,27.0,True
2015-06-06T18:00:00,Sokovia,Medical Kits,0,27.0,True
2015-06-06T18:00:00,Sanctum Sanctorum,Vibranium (kg),2418.08,5.0,False
2015-06-06T18:00:00,Sanctum Sanctorum,Arc Reactor Cores,692.21,6.0,False
2015-06-06T18:00:00,Sanctum Sanctorum,Pym Particles,703.39,5.5,False
2015-06-06T18:00:00,Sanctum Sanctorum,Clean Water (L),2391.89,6.0,False
2015-06-06T18:00:00,Sanctum Sanctorum,Medical Kits,727.96,4.5,False
2015-06-06T18:00:00,Avengers Compound,Vibranium (kg),1751.92,15.0,True
2015-06-06T18:00:00,Avengers Compound,Arc Reactor Cores,0,18.0,True
2015-06-06T18:00:00,Avengers Compound,Pym Particles,0,41.25,True
2015-06-06T18:00:00,Avengers Compound,Clean Water (L),1208.52,27.0,True
2015-06-06T18:00:00,Avengers Compound,Medical Kits,0,27.0,True
2015-06-06T19:00:00,New Asgard,Vibranium (kg),2415.26,4.61,False
2015-06-06T19:00:00,New Asgard,Arc Reactor Cores,692.75,5.53,False
2015-06-06T19:00:00,New Asgard,Pym Particles,705.15,5.07,False
2015-06-06T19:00:00,New Asgard,Clean Water (L),2394.11,5.53,False
2015-06-06T19:00:00,New Asgard,Medical Kits,729.52,4.15,False
2015-06-06T19:00:00,Wakanda,Vibranium (kg),2414.39,4.61,False
2015-06-06T19:00:00,Wakanda,Arc Reactor Cores,698.16,5.53,False
2015-06-06T19:00:00,Wakanda,Pym Particles,710.11,5.07,False
2015-06-06T19:00:00,Wakanda,Clean Water (L),2394.86,5.53,False
2015-06-06T19:00:00,Wakanda,Medical Kits,723.02,4.15,False
2015-06-06T19:00:00,Sokovia,Vibranium (kg),1749.55,13.84,True
2015-06-06T19:00:00,Sokovia,Arc Reactor Cores,0,16.6,True
2015-06-06T19:00:00,Sokovia,Pym Particles,0,38.05,True
2015-06-06T19:00:00,Sokovia,Clean Water (L),1181.21,24.9,True
2015-06-06T19:00:00,Sokovia,Medical Kits,0,24.9,True
2015-06-06T19:00:00,Sanctum Sanctorum,Vibranium (kg),2418.12,4.61,False
2015-06-06T19:00:00,Sanctum Sanctorum,Arc Reactor Cores,692.46,5.53,False
2015-06-06T19:00:00,Sanctum Sanctorum,Pym Particles,704.04,5.07,False
2015-06-06T19:00:00,Sanctum Sanctorum,Clean Water (L),2391.55,5.53,False
2015-06-06T19:00:00,Sanctum Sanctorum,Medical Kits,727.51,4.15,False
2015-06-06T19:00:00,Avengers Compound,Vibranium (kg),1737.93,13.84,True
2015-06-06T19:00:00,Avengers Compound,Arc Reactor Cores,0,16.6,True
2015-06-06T19:00:00,Avengers Compound,Pym Particles,0,38.05,True
2015-06-06T19:00:00,Avengers Compound,Clean Water (L),1184.52,24.9,True
2015-06-06T19:00:00,Avengers Compound,Medical Kits,0,24.9,True
2015-06-06T20:00:00,New Asgard,Vibranium (kg),2414.62,4.25,False
2015-06-06T20:00:00,New Asgard,Arc Reactor Cores,694.59,5.1,False
2015-06-06T20:00:00,New Asgard,Pym Particles,704.49,4.68,False
2015-06-06T20:00:00,New Asgard,Clean Water (L),2394.91,5.1,False
2015-06-06T20:00:00,New Asgard,Medical Kits,728.5,3.83,False
2015-06-06T20:00:00,Wakanda,Vibranium (kg),2415.62,4.25,False
2015-06-06T20:00:00,Wakanda,Arc Reactor Cores,699.64,5.1,False
2015-06-06T20:00:00,Wakanda,Pym Particles,710.73,4.68,False
2015-06-06T20:00:00,Wakanda,Clean Water (L),2397.57,5.1,False
2015-06-06T20:00:00,Wakanda,Medical Kits,725.03,3.83,False
2015-06-06T20:00:00,Sokovia,Vibranium (kg),1736.45,12.75,True
2015-06-06T20:00:00,Sokovia,Arc Reactor Cores,0,15.3,True
2015-06-06T20:00:00,Sokovia,Pym Particles,0,35.06,True
2015-06-06T20:00:00,Sokovia,Clean Water (L),1158.12,22.95,True
2015-06-06T20:00:00,Sokovia,Medical Kits,0,22.95,True
2015-06-06T20:00:00,Sanctum Sanctorum,Vibranium (kg),2418.47,4.25,False
2015-06-06T20:00:00,Sanctum Sanctorum,Arc Reactor Cores,694.13,5.1,False
2015-06-06T20:00:00,Sanctum Sanctorum,Pym Particles,704.31,4.68,False
2015-06-06T20:00:00,Sanctum Sanctorum,Clean Water (L),2391.85,5.1,False
2015-06-06T20:00:00,Sanctum Sanctorum,Medical Kits,727.64,3.83,False
2015-06-06T20:00:00,Avengers Compound,Vibranium (kg),1725.98,12.75,True
2015-06-06T20:00:00,Avengers Compound,Arc Reactor Cores,0,15.3,True
2015-06-06T20:00:00,Avengers Compound,Pym Particles,0,35.06,True
2015-06-06T20:00:00,Avengers Compound,Clean Water (L),1161.0,22.95,True
2015-06-06T20:00:00,Avengers Compound,Medical Kits,0,22.95,True
2015-06-06T21:00:00,New Asgard,Vibranium (kg),2416.78,3.94,False
2015-06-06T21:00:00,New Asgard,Arc Reactor Cores,695.95,4.73,False
2015-06-06T21:00:00,New Asgard,Pym Particles,706.04,4.33,False
2015-06-06T21:00:00,New Asgard,Clean Water (L),2396.07,4.73,False
2015-06-06T21:00:00,New Asgard,Medical Kits,730.32,3.55,False
2015-06-06T21:00:00,Wakanda,Vibranium (kg),2417.1,3.94,False
2015-06-06T21:00:00,Wakanda,Arc Reactor Cores,702.14,4.73,False
2015-06-06T21:00:00,Wakanda,Pym Particles,711.94,4.33,False
2015-06-06T21:00:00,Wakanda,Clean Water (L),2398.81,4.73,False
2015-06-06T21:00:00,Wakanda,Medical Kits,726.49,3.55,False
2015-06-06T21:00:00,Sokovia,Vibranium (kg),1724.66,11.82,True
2015-06-06T21:00:00,Sokovia,Arc Reactor Cores,0,14.18,True
2015-06-06T21:00:00,Sokovia,Pym Particles,0,32.5,True
2015-06-06T21:00:00,Sokovia,Clean Water (L),1137.49,21.27,True
2015-06-06T21:00:00,Sokovia,Medical Kits,0,21.27,True
2015-06-06T21:00:00,Sanctum Sanctorum,Vibranium (kg),2419.96,3.94,False
2015-06-06T21:00:00,Sanctum Sanctorum,Arc Reactor Cores,694.4,4.73,False
2015-06-06T21:00:00,Sanctum Sanctorum,Pym Particles,706.21,4.33,False
2015-06-06T21:00:00,Sanctum Sanctorum,Clean Water (L),2393.94,4.73,False
2015-06-06T21:00:00,Sanctum Sanctorum,Medical Kits,729.21,3.55,False
2015-06-06T21:00:00,Avengers Compound,Vibranium (kg),1715.14,11.82,True
2015-06-06T21:00:00,Avengers Compound,Arc Reactor Cores,0,14.18,True
2015-06-06T21:00:00,Avengers Compound,Pym Particles,0,32.5,True
2015-06-06T21:00:00,Avengers Compound,Clean Water (L),1138.89,21.27,True
2015-06-06T21:00:00,Avengers Compound,Medical Kits,0,21.27,True
2015-06-06T22:00:00,New Asgard,Vibranium (kg),2419.29,3.7,False
2015-06-06T22:00:00,New Asgard,Arc Reactor Cores,696.23,4.44,False
2015-06-06T22:00:00,New Asgard,Pym Particles,708.84,4.07,False
2015-06-06T22:00:00,New Asgard,Clean Water (L),2397.86,4.44,False
2015-06-06T22:00:00,New Asgard,Medical Kits,731.68,3.33,False
2015-06-06T22:00:00,Wakanda,Vibranium (kg),2419.99,3.7,False
2015-06-06T22:00:00,Wakanda,Arc Reactor Cores,703.33,4.44,False
2015-06-06T22:00:00,Wakanda,Pym Particles,712.51,4.07,False
2015-06-06T22:00:00,Wakanda,Clean Water (L),2401.85,4.44,False
2015-06-06T22:00:00,Wakanda,Medical Kits,728.22,3.33,False
2015-06-06T22:00:00,Sokovia,Vibranium (kg),1714.08,11.1,True
2015-06-06T22:00:00,Sokovia,Arc Reactor Cores,0,13.32,True
2015-06-06T22:00:00,Sokovia,Pym Particles,0,30.53,True
2015-06-06T22:00:00,Sokovia,Clean Water (L),1117.03,19.99,True
2015-06-06T22:00:00,Sokovia,Medical Kits,0,19.99,True
2015-06-06T22:00:00,Sanctum Sanctorum,Vibranium (kg),2422.54,3.7,False
2015-06-06T22:00:00,Sanctum Sanctorum,Arc Reactor Cores,695.32,4.44,False
2015-06-06T22:00:00,Sanctum Sanctorum,Pym Particles,707.54,4.07,False
2015-06-06T22:00:00,Sanctum Sanctorum,Clean Water (L),2396.97,4.44,False
2015-06-06T22:00:00,Sanctum Sanctorum,Medical Kits,729.62,3.33,False
2015-06-06T22:00:00,Avengers Compound,Vibranium (kg),1704.06,11.1,True
2015-06-06T22:00:00,Avengers Compound,Arc Reactor Cores,0,13.32,True
2015-06-06T22:00:00,Avengers Compound,Pym Particles,0,30.53,True
2015-06-06T22:00:00,Avengers Compound,Clean Water (L),1119.65,19.99,True
2015-06-06T22:00:00,Avengers Compound,Medical Kits,0,19.99,True
2015-06-06T23:00:00,New Asgard,Vibranium (kg),2421.91,3.55,False
2015-06-06T23:00:00,New Asgard,Arc Reactor Cores,699.77,4.26,False
2015-06-06T23:00:00,New Asgard,Pym Particles,709.23,3.91,False
2015-06-06T23:00:00,New Asgard,Clean Water (L),2399.76,4.26,False
2015-06-06T23:00:00,New Asgard,Medical Kits,733.16,3.2,False
2015-06-06T23:00:00,Wakanda,Vibranium (kg),2420.61,3.55,False
2015-06-06T23:00:00,Wakanda,Arc Reactor Cores,704.48,4.26,False
2015-06-06T23:00:00,Wakanda,Pym Particles,715.83,3.91,False
2015-06-06T23:00:00,Wakanda,Clean Water (L),2404.76,4.26,False
2015-06-06T23:00:00,Wakanda,Medical Kits,728.9,3.2,False
2015-06-06T23:00:00,Sokovia,Vibranium (kg),1703.26,10.65,True
2015-06-06T23:00:00,Sokovia,Arc Reactor Cores,0,12.78,True
2015-06-06T23:00:00,Sokovia,Pym Particles,0,29.3,True
2015-06-06T23:00:00,Sokovia,Clean Water (L),1098.54,19.18,True
2015-06-06T23:00:00,Sokovia,Medical Kits,0,19.18,True
2015-06-06T23:00:00,Sanctum Sanctorum,Vibranium (kg),2423.9,3.55,False
2015-06-06T23:00:00,Sanctum Sanctorum,Arc Reactor Cores,697.84,4.26,False
2015-06-06T23:00:00,Sanctum Sanctorum,Pym Particles,710.85,3.91,False
2015-06-06T23:00:00,Sanctum Sanctorum,Clean Water (L),2397.92,4.26,False
2015-06-06T23:00:00,Sanctum Sanctorum,Medical Kits,731.06,3.2,False
2015-06-06T23:00:00,Avengers Compound,Vibranium (kg),1694.01,10.65,True
2015-06-06T23:00:00,Avengers Compound,Arc Reactor Cores,0,12.78,True
2015-06-06T23:00:00,Avengers Compound,Pym Particles,0,29.3,True
2015-06-06T23:00:00,Avengers Compound,Clean Water (L),1099.86,19.18,True
2015-06-06T23:00:00,Avengers Compound,Medical Kits,0,19.18,True
2015-06-07T00:00:00,New Asgard,Vibranium (kg),2422.28,3.5,False
2015-06-07T00:00:00,New Asgard,Arc Reactor Cores,701.07,4.2,False
2015-06-07T00:00:00,New Asgard,Pym Particles,711.6,3.85,False
2015-06-07T00:00:00,New Asgard,Clean Water (L),2401.19,4.2,False
2015-06-07T00:00:00,New Asgard,Medical Kits,734.1,3.15,False
2015-06-07T00:00:00,Wakanda,Vibranium (kg),2421.86,3.5,False
2015-06-07T00:00:00,Wakanda,Arc Reactor Cores,705.54,4.2,False
2015-06-07T00:00:00,Wakanda,Pym Particles,716.41,3.85,False
2015-06-07T00:00:00,Wakanda,Clean Water (L),2407.04,4.2,False
2015-06-07T00:00:00,Wakanda,Medical Kits,730.19,3.15,False
2015-06-07T00:00:00,Sokovia,Vibranium (kg),1739.67,3.5,False
2015-06-07T00:00:00,Sokovia,Arc Reactor Cores,36.71,4.2,False
2015-06-07T00:00:00,Sokovia,Pym Particles,37.68,3.85,False
2015-06-07T00:00:00,Sokovia,Clean Water (L),1166.6,4.2,False
2015-06-07T00:00:00,Sokovia,Medical Kits,38.33,3.15,False
2015-06-07T00:00:00,Sanctum Sanctorum,Vibranium (kg),2425.88,3.5,False
2015-06-07T00:00:00,Sanctum Sanctorum,Arc Reactor Cores,698.83,4.2,False
2015-06-07T00:00:00,Sanctum Sanctorum,Pym Particles,713.51,3.85,False
2015-06-07T00:00:00,Sanctum Sanctorum,Clean Water (L),2400.69,4.2,False
2015-06-07T00:00:00,Sanctum Sanctorum,Medical Kits,731.46,3.15,False
2015-06-07T00:00:00,Avengers Compound,Vibranium (kg),1732.08,3.5,False
2015-06-07T00:00:00,Avengers Compound,Arc Reactor Cores,36.86,4.2,False
2015-06-07T00:00:00,Avengers Compound,Pym Particles,36.2,3.85,False
2015-06-07T00:00:00,Avengers Compound,Clean Water (L),1167.27,4.2,False
2015-06-07T00:00:00,Avengers Compound,Medical Kits,38.88,3.15,False
2015-06-07T01:00:00,New Asgard,Vibranium (kg),2422.71,3.55,False
2015-06-07T01:00:00,New Asgard,Arc Reactor Cores,704.27,4.26,False
2015-06-07T01:00:00,New Asgard,Pym Particles,714.26,3.91,False
2015-06-07T01:00:00,New Asgard,Clean Water (L),2403.19,4.26,False
2015-06-07T01:00:00,New Asgard,Medical Kits,735.87,3.2,False
2015-06-07T01:00:00,Wakanda,Vibranium (kg),2423.86,3.55,False
2015-06-07T01:00:00,Wakanda,Arc Reactor Cores,707.91,4.26,False
2015-06-07T01:00:00,Wakanda,Pym Particles,719.31,3.91,False
2015-06-07T01:00:00,Wakanda,Clean Water (L),2408.56,4.26,False
2015-06-07T01:00:00,Wakanda,Medical Kits,731.02,3.2,False
2015-06-07T01:00:00,Sokovia,Vibranium (kg),1775.25,3.55,False
2015-06-07T01:00:00,Sokovia,Arc Reactor Cores,71.0,4.26,False
2015-06-07T01:00:00,Sokovia,Pym Particles,73.84,3.91,False
2015-06-07T01:00:00,Sokovia,Clean Water (L),1230.54,4.26,False
2015-06-07T01:00:00,Sokovia,Medical Kits,73.46,3.2,False
2015-06-07T01:00:00,Sanctum Sanctorum,Vibranium (kg),2426.17,3.55,False
2015-06-07T01:00:00,Sanctum Sanctorum,Arc Reactor Cores,699.56,4.26,False
2015-06-07T01:00:00,Sanctum Sanctorum,Pym Particles,715.2,3.91,False
2015-06-07T01:00:00,Sanctum Sanctorum,Clean Water (L),2401.89,4.26,False
2015-06-07T01:00:00,Sanctum Sanctorum,Medical Kits,731.54,3.2,False
2015-06-07T01:00:00,Avengers Compound,Vibranium (kg),1767.96,3.55,False
2015-06-07T01:00:00,Avengers Compound,Arc Reactor Cores,71.55,4.26,False
2015-06-07T01:00:00,Avengers Compound,Pym Particles,69.88,3.91,False
2015-06-07T01:00:00,Avengers Compound,Clean Water (L),1231.46,4.26,False
2015-06-07T01:00:00,Avengers Compound,Medical Kits,76.71,3.2,False
2015-06-07T02:00:00,New Asgard,Vibranium (kg),2424.33,3.7,False
2015-06-07T02:00:00,New Asgard,Arc Reactor Cores,706.6,4.44,False
2015-06-07T02:00:00,New Asgard,Pym Particles,714.57,4.07,False
2015-06-07T02:00:00,New Asgard,Clean Water (L),2405.25,4.44,False
2015-06-07T02:00:00,New Asgard,Medical Kits,735.06,3.33,False
2015-06-07T02:00:00,Wakanda,Vibranium (kg),2426.43,3.7,False
2015-06-07T02:00:00,Wakanda,Arc Reactor Cores,708.37,4.44,False
2015-06-07T02:00:00,Wakanda,Pym Particles,720.37,4.07,False
2015-06-07T02:00:00,Wakanda,Clean Water (L),2410.66,4.44,False
2015-06-07T02:00:00,Wakanda,Medical Kits,732.11,3.33,False
2015-06-07T02:00:00,Sokovia,Vibranium (kg),1809.68,3.7,False
2015-06-07T02:00:00,Sokovia,Arc Reactor Cores,104.68,4.44,False
2015-06-07T02:00:00,Sokovia,Pym Particles,108.34,4.07,False
2015-06-07T02:00:00,Sokovia,Clean Water (L),1290.24,4.44,False
2015-06-07T02:00:00,Sokovia,Medical Kits,106.23,3.33,False
2015-06-07T02:00:00,Sanctum Sanctorum,Vibranium (kg),2426.74,3.7,False
2015-06-07T02:00:00,Sanctum Sanctorum,Arc Reactor Cores,700.3,4.44,False
2015-06-07T02:00:00,Sanctum Sanctorum,Pym Particles,717.38,4.07,False
2015-06-07T02:00:00,Sanctum Sanctorum,Clean Water (L),2402.07,4.44,False
2015-06-07T02:00:00,Sanctum Sanctorum,Medical Kits,731.96,3.33,False
2015-06-07T02:00:00,Avengers Compound,Vibranium (kg),1802.38,3.7,False
2015-06-07T02:00:00,Avengers Compound,Arc Reactor Cores,104.57,4.44,False
2015-06-07T02:00:00,Avengers Compound,Pym Particles,102.75,4.07,False
2015-06-07T02:00:00,Avengers Compound,Clean Water (L),1290.94,4.44,False
2015-06-07T02:00:00,Avengers Compound,Medical Kits,111.09,3.33,False
2015-06-07T03:00:00,New Asgard,Vibranium (kg),2426.19,3.94,False
2015-06-07T03:00:00,New Asgard,Arc Reactor Cores,705.88,4.73,False
2015-06-07T03:00:00,New Asgard,Pym Particles,716.22,4.33,False
2015-06-07T03:00:00,New Asgard,Clean Water (L),2407.32,4.73,False
2015-06-07T03:00:00,New Asgard,Medical Kits,736.37,3.55,False
2015-06-07T03:00:00,Wakanda,Vibranium (kg),2427.61,3.94,False
2015-06-07T03:00:00,Wakanda,Arc Reactor Cores,709.69,4.73,False
2015-06-07T03:00:00,Wakanda,Pym Particles,720.19,4.33,False
2015-06-07T03:00:00,Wakanda,Clean Water (L),2411.18,4.73,False
2015-06-07T03:00:00,Wakanda,Medical Kits,732.14,3.55,False
2015-06-07T03:00:00,Sokovia,Vibranium (kg),1841.02,3.94,False
2015-06-07T03:00:00,Sokovia,Arc Reactor Cores,135.62,4.73,False
2015-06-07T03:00:00,Sokovia,Pym Particles,139.25,4.33,False
2015-06-07T03:00:00,Sokovia,Clean Water (L),1346.9,4.73,False
2015-06-07T03:00:00,Sokovia,Medical Kits,138.35,3.55,False
2015-06-07T03:00:00,Sanctum Sanctorum,Vibranium (kg),2428.19,3.94,False
2015-06-07T03:00:00,Sanctum Sanctorum,Arc Reactor Cores,702.21,4.73,False
2015-06-07T03:00:00,Sanctum Sanctorum,Pym Particles,717.49,4.33,False
2015-06-07T03:00:00,Sanctum Sanctorum,Clean Water (L),2401.81,4.73,False
2015-06-07T03:00:00,Sanctum Sanctorum,Medical Kits,733.93,3.55,False
2015-06-07T03:00:00,Avengers Compound,Vibranium (kg),1834.67,3.94,False
2015-06-07T03:00:00,Avengers Compound,Arc Reactor Cores,134.91,4.73,False
2015-06-07T03:00:00,Avengers Compound,Pym Particles,135.63,4.33,False
2015-06-07T03:00:00,Avengers Compound,Clean Water (L),1348.82,4.73,False
2015-06-07T03:00:00,Avengers Compound,Medical Kits,144.48,3.55,False
2015-06-07T04:00:00,New Asgard,Vibranium (kg),2426.22,4.25,False
2015-06-07T04:00:00,New Asgard,Arc Reactor Cores,705.79,5.1,False
2015-06-07T04:00:00,New Asgard,Pym Particles,715.67,4.68,False
2015-06-07T04:00:00,New Asgard,Clean Water (L),2406.76,5.1,False
2015-06-07T04:00:00,New Asgard,Medical Kits,736.79,3.83,False
2015-06-07T04:00:00,Wakanda,Vibranium (kg),2428.91,4.25,False
2015-06-07T04:00:00,Wakanda,Arc Reactor Cores,708.78,5.1,False
2015-06-07T04:00:00,Wakanda,Pym Particles,718.65,4.68,False
2015-06-07T04:00:00,Wakanda,Clean Water (L),2411.84,5.1,False
2015-06-07T04:00:00,Wakanda,Medical Kits,732.15,3.83,False
2015-06-07T04:00:00,Sokovia,Vibranium (kg),1872.09,4.25,False
2015-06-07T04:00:00,Sokovia,Arc Reactor Cores,166.05,5.1,False
2015-06-07T04:00:00,Sokovia,Pym Particles,169.84,4.68,False
2015-06-07T04:00:00,Sokovia,Clean Water (L),1400.02,5.1,False
2015-06-07T04:00:00,Sokovia,Medical Kits,168.51,3.83,False
2015-06-07T04:00:00,Sanctum Sanctorum,Vibranium (kg),2428.78,4.25,False
2015-06-07T04:00:00,Sanctum Sanctorum,Arc Reactor Cores,704.64,5.1,False
2015-06-07T04:00:00,Sanctum Sanctorum,Pym Particles,717.15,4.68,False
2015-06-07T04:00:00,Sanctum Sanctorum,Clean Water (L),2401.82,5.1,False
2015-06-07T04:00:00,Sanctum Sanctorum,Medical Kits,734.52,3.83,False
2015-06-07T04:00:00,Avengers Compound,Vibranium (kg),1865.33,4.25,False
2015-06-07T04:00:00,Avengers Compound,Arc Reactor Cores,163.13,5.1,False
2015-06-07T04:00:00,Avengers Compound,Pym Particles,166.59,4.68,False
2015-06-07T04:00:00,Avengers Compound,Clean Water (L),1402.79,5.1,False
2015-06-07T04:00:00,Avengers Compound,Medical Kits,174.16,3.83,False
2015-06-07T05:00:00,New Asgard,Vibranium (kg),2427.16,4.61,False
2015-06-07T05:00:00,New Asgard,Arc Reactor Cores,704.7,5.53,False
2015-06-07T05:00:00,New Asgard,Pym Particles,715.41,5.07,False
2015-06-07T05:00:00,New Asgard,Clean Water (L),2407.18,5.53,False
2015-06-07T05:00:00,New Asgard,Medical Kits,736.76,4.15,False
2015-06-07T05:00:00,Wakanda,Vibranium (kg),2427.56,4.61,False
2015-06-07T05:00:00,Wakanda,Arc Reactor Cores,709.56,5.53,False
2015-06-07T05:00:00,Wakanda,Pym Particles,718.88,5.07,False
2015-06-07T05:00:00,Wakanda,Clean Water (L),2410.3,5.53,False
2015-06-07T05:00:00,Wakanda,Medical Kits,731.93,4.15,False
2015-06-07T05:00:00,Sokovia,Vibranium (kg),1900.18,4.61,False
2015-06-07T05:00:00,Sokovia,Arc Reactor Cores,194.67,5.53,False
2015-06-07T05:00:00,Sokovia,Pym Particles,198.49,5.07,False
2015-06-07T05:00:00,Sokovia,Clean Water (L),1449.44,5.53,False
2015-06-07T05:00:00,Sokovia,Medical Kits,196.81,4.15,False
2015-06-07T05:00:00,Sanctum Sanctorum,Vibranium (kg),2428.16,4.61,False
2015-06-07T05:00:00,Sanctum Sanctorum,Arc Reactor Cores,705.51,5.53,False
2015-06-07T05:00:00,Sanctum Sanctorum,Pym Particles,717.64,5.07,False
2015-06-07T05:00:00,Sanctum Sanctorum,Clean Water (L),2402.47,5.53,False
2015-06-07T05:00:00,Sanctum Sanctorum,Medical Kits,735.38,4.15,False
2015-06-07T05:00:00,Avengers Compound,Vibranium (kg),1892.84,4.61,False
2015-06-07T05:00:00,Avengers Compound,Arc Reactor Cores,188.97,5.53,False
2015-06-07T05:00:00,Avengers Compound,Pym Particles,194.53,5.07,False
2015-06-07T05:00:00,Avengers Compound,Clean Water (L),1451.91,5.53,False
2015-06-07T05:00:00,Avengers Compound,Medical Kits,203.6,4.15,False
2015-06-07T06:00:00,New Asgard,Vibranium (kg),2426.24,5.0,False
2015-06-07T06:00:00,New Asgard,Arc Reactor Cores,703.27,6.0,False
2015-06-07T06:00:00,New Asgard,Pym Particles,715.65,5.5,False
2015-06-07T06:00:00,New Asgard,Clean Water (L),2407.04,6.0,False
2015-06-07T06:00:00,New Asgard,Medical Kits,734.89,4.5,False
2015-06-07T06:00:00,Wakanda,Vibranium (kg),2425.56,5.0,False
2015-06-07T06:00:00,Wakanda,Arc Reactor Cores,710.14,6.0,False
2015-06-07T06:00:00,Wakanda,Pym Particles,719.29,5.5,False
2015-06-07T06:00:00,Wakanda,Clean Water (L),2410.81,6.0,False
2015-06-07T06:00:00,Wakanda,Medical Kits,731.29,4.5,False
2015-06-07T06:00:00,Sokovia,Vibranium (kg),1926.69,5.0,False
2015-06-07T06:00:00,Sokovia,Arc Reactor Cores,219.54,6.0,False
2015-06-07T06:00:00,Sokovia,Pym Particles,224.06,5.5,False
2015-06-07T06:00:00,Sokovia,Clean Water (L),1496.56,6.0,False
2015-06-07T06:00:00,Sokovia,Medical Kits,224.33,4.5,False
2015-06-07T06:00:00,Sanctum Sanctorum,Vibranium (kg),2427.97,5.0,False
2015-06-07T06:00:00,Sanctum Sanctorum,Arc Reactor Cores,705.35,6.0,False
2015-06-07T06:00:00,Sanctum Sanctorum,Pym Particles,718.8,5.5,False
2015-06-07T06:00:00,Sanctum Sanctorum,Clean Water (L),2402.4,6.0,False
2015-06-07T06:00:00,Sanctum Sanctorum,Medical Kits,735.23,4.5,False
2015-06-07T06:00:00,Avengers Compound,Vibranium (kg),1920.6,5.0,False
2015-06-07T06:00:00,Avengers Compound,Arc Reactor Cores,214.6,6.0,False
2015-06-07T06:00:00,Avengers Compound,Pym Particles,219.92,5.5,False
2015-06-07T06:00:00,Avengers Compound,Clean Water (L),1498.03,6.0,False
2015-06-07T06:00:00,Avengers Compound,Medical Kits,229.91,4.5,False
2015-06-07T07:00:00,New Asgard,Vibranium (kg),2424.69,5.39,False
2015-06-07T07:00:00,New Asgard,Arc Reactor Cores,703.71,6.47,False
2015-06-07T07:00:00,New Asgard,Pym Particles,716.34,5.93,False
2015-06-07T07:00:00,New Asgard,Clean Water (L),2406.11,6.47,False
2015-06-07T07:00:00,New Asgard,Medical Kits,733.82,4.85,False
2015-06-07T07:00:00,Wakanda,Vibranium (kg),2424.92,5.39,False
2015-06-07T07:00:00,Wakanda,Arc Reactor Cores,708.98,6.47,False
2015-06-07T07:00:00,Wakanda,Pym Particles,718.33,5.93,False
2015-06-07T07:00:00,Wakanda,Clean Water (L),2409.24,6.47,False
2015-06-07T07:00:00,Wakanda,Medical Kits,730.2,4.85,False
2015-06-07T07:00:00,Sokovia,Vibranium (kg),1950.53,5.39,False
2015-06-07T07:00:00,Sokovia,Arc Reactor Cores,242.16,6.47,False
2015-06-07T07:00:00,Sokovia,Pym Particles,248.53,5.93,False
2015-06-07T07:00:00,Sokovia,Clean Water (L),1541.26,6.47,False
2015-06-07T07:00:00,Sokovia,Medical Kits,248.38,4.85,False
2015-06-07T07:00:00,Sanctum Sanctorum,Vibranium (kg),2428.28,5.39,False
2015-06-07T07:00:00,Sanctum Sanctorum,Arc Reactor Cores,703.67,6.47,False
2015-06-07T07:00:00,Sanctum Sanctorum,Pym Particles,717.97,5.93,False
2015-06-07T07:00:00,Sanctum Sanctorum,Clean Water (L),2403.02,6.47,False
2015-06-07T07:00:00,Sanctum Sanctorum,Medical Kits,732.82,4.85,False
2015-06-07T07:00:00,Avengers Compound,Vibranium (kg),1945.71,5.39,False
2015-06-07T07:00:00,Avengers Compound,Arc Reactor Cores,237.23,6.47,False
2015-06-07T07:00:00,Avengers Compound,Pym Particles,244.31,5.93,False
2015-06-07T07:00:00,Avengers Compound,Clean Water (L),1542.23,6.47,False
2015-06-07T07:00:00,Avengers Compound,Medical Kits,255.45,4.85,False
2015-06-07T08:00:00,New Asgard,Vibranium (kg),2422.29,5.75,False
2015-06-07T08:00:00,New Asgard,Arc Reactor Cores,702.23,6.9,False
2015-06-07T08:00:00,New Asgard,Pym Particles,714.25,6.32,False
2015-06-07T08:00:00,New Asgard,Clean Water (L),2406.04,6.9,False
2015-06-07T08:00:00,New Asgard,Medical Kits,733.93,5.17,False
2015-06-07T08:00:00,Wakanda,Vibranium (kg),2422.95,5.75,False
2015-06-07T08:00:00,Wakanda,Arc Reactor Cores,706.96,6.9,False
2015-06-07T08:00:00,Wakanda,Pym Particles,715.48,6.32,False
2015-06-07T08:00:00,Wakanda,Clean Water (L),2407.05,6.9,False
2015-06-07T08:00:00,Wakanda,Medical Kits,728.15,5.17,False
2015-06-07T08:00:00,Sokovia,Vibranium (kg),1973.6,5.75,False
2015-06-07T08:00:00,Sokovia,Arc Reactor Cores,263.82,6.9,False
2015-06-07T08:00:00,Sokovia,Pym Particles,269.62,6.32,False
2015-06-07T08:00:00,Sokovia,Clean Water (L),1583.21,6.9,False
2015-06-07T08:00:00,Sokovia,Medical Kits,272.39,5.17,False
2015-06-07T08:00:00,Sanctum Sanctorum,Vibranium (kg),2426.65,5.75,False
2015-06-07T08:00:00,Sanctum Sanctorum,Arc Reactor Cores,702.94,6.9,False
2015-06-07T08:00:00,Sanctum Sanctorum,Pym Particles,716.94,6.32,False
2015-06-07T08:00:00,Sanctum Sanctorum,Clean Water (L),2402.18,6.9,False
2015-06-07T08:00:00,Sanctum Sanctorum,Medical Kits,732.04,5.17,False
2015-06-07T08:00:00,Avengers Compound,Vibranium (kg),1969.23,5.75,False
2015-06-07T08:00:00,Avengers Compound,Arc Reactor Cores,259.57,6.9,False
2015-06-07T08:00:00,Avengers Compound,Pym Particles,268.02,6.32,False
2015-06-07T08:00:00,Avengers Compound,Clean Water (L),1585.55,6.9,False
2015-06-07T08:00:00,Avengers Compound,Medical Kits,279.4,5.17,False
2015-06-07T09:00:00,New Asgard,Vibranium (kg),2421.04,6.06,False
2015-06-07T09:00:00,New Asgard,Arc Reactor Cores,701.92,7.27,False
2015-06-07T09:00:00,New Asgard,Pym Particles,713.9,6.67,False
2015-06-07T09:00:00,New Asgard,Clean Water (L),2404.94,7.27,False
2015-06-07T09:00:00,New Asgard,Medical Kits,733.35,5.45,False
2015-06-07T09:00:00,Wakanda,Vibranium (kg),2421.81,6.06,False
2015-06-07T09:00:00,Wakanda,Arc Reactor Cores,704.36,7.27,False
2015-06-07T09:00:00,Wakanda,Pym Particles,714.41,6.67,False
2015-06-07T09:00:00,Wakanda,Clean Water (L),2405.51,7.27,False
2015-06-07T09:00:00,Wakanda,Medical Kits,726.95,5.45,False
2015-06-07T09:00:00,Sokovia,Vibranium (kg),1995.6,6.06,False
2015-06-07T09:00:00,Sokovia,Arc Reactor Cores,284.35,7.27,False
2015-06-07T09:00:00,Sokovia,Pym Particles,290.71,6.67,False
2015-06-07T09:00:00,Sokovia,Clean Water (L),1622.37,7.27,False
2015-06-07T09:00:00,Sokovia,Medical Kits,293.64,5.45,False
2015-06-07T09:00:00,Sanctum Sanctorum,Vibranium (kg),2424.56,6.06,False
2015-06-07T09:00:00,Sanctum Sanctorum,Arc Reactor Cores,702.03,7.27,False
2015-06-07T09:00:00,Sanctum Sanctorum,Pym Particles,715.55,6.67,False
2015-06-07T09:00:00,Sanctum Sanctorum,Clean Water (L),2401.05,7.27,False
2015-06-07T09:00:00,Sanctum Sanctorum,Medical Kits,730.34,5.45,False
2015-06-07T09:00:00,Avengers Compound,Vibranium (kg),1990.8,6.06,False
2015-06-07T09:00:00,Avengers Compound,Arc Reactor Cores,282.15,7.27,False
2015-06-07T09:00:00,Avengers Compound,Pym Particles,288.76,6.67,False
2015-06-07T09:00:00,Avengers Compound,Clean Water (L),1626.57,7.27,False
2015-06-07T09:00:00,Avengers Compound,Medical Kits,302.14,5.45,False
2015-06-07T10:00:00,New Asgard,Vibranium (kg),2420.01,6.3,False
2015-06-07T10:00:00,New Asgard,Arc Reactor Cores,700.6,7.56,False
2015-06-07T10:00:00,New Asgard,Pym Particles,713.13,6.93,False
2015-06-07T10:00:00,New Asgard,Clean Water (L),2403.82,7.56,False
2015-06-07T10:00:00,New Asgard,Medical Kits,731.65,5.67,False
2015-06-07T10:00:00,Wakanda,Vibranium (kg),2419.46,6.3,False
2015-06-07T10:00:00,Wakanda,Arc Reactor Cores,702.76,7.56,False
2015-06-07T10:00:00,Wakanda,Pym Particles,713.04,6.93,False
2015-06-07T10:00:00,Wakanda,Clean Water (L),2403.68,7.56,False
2015-06-07T10:00:00,Wakanda,Medical Kits,725.27,5.67,False
2015-06-07T10:00:00,Sokovia,Vibranium (kg),2015.44,6.3,False
2015-06-07T10:00:00,Sokovia,Arc Reactor Cores,303.33,7.56,False
2015-06-07T10:00:00,Sokovia,Pym Particles,311.31,6.93,False
2015-06-07T10:00:00,Sokovia,Clean Water (L),1660.01,7.56,False
2015-06-07T10:00:00,Sokovia,Medical Kits,313.9,5.67,False
2015-06-07T10:00:00,Sanctum Sanctorum,Vibranium (kg),2423.46,6.3,False
2015-06-07T10:00:00,Sanctum Sanctorum,Arc Reactor Cores,699.08,7.56,False
2015-06-07T10:00:00,Sanctum Sanctorum,Pym Particles,713.67,6.93,False
2015-06-07T10:00:00,Sanctum Sanctorum,Clean Water (L),2399.62,7.56,False
2015-06-07T10:00:00,Sanctum Sanctorum,Medical Kits,730.73,5.67,False
2015-06-07T10:00:00,Avengers Compound,Vibranium (kg),2011.02,6.3,False
2015-06-07T10:00:00,Avengers Compound,Arc Reactor Cores,301.32,7.56,False
2015-06-07T10:00:00,Avengers Compound,Pym Particles,307.18,6.93,False
2015-06-07T10:00:00,Avengers Compound,Clean Water (L),1664.12,7.56,False
2015-06-07T10:00:00,Avengers Compound,Medical Kits,322.12,5.67,False
2015-06-07T11:00:00,New Asgard,Vibranium (kg),2419.94,6.45,False
2015-06-07T11:00:00,New Asgard,Arc Reactor Cores,698.5,7.74,False
2015-06-07T11:00:00,New Asgard,Pym Particles,710.18,7.09,False
2015-06-07T11:00:00,New Asgard,Clean Water (L),2402.28,7.74,False
2015-06-07T11:00:00,New Asgard,Medical Kits,731.58,5.8,False
2015-06-07T11:00:00,Wakanda,Vibranium (kg),2417.21,6.45,False
2015-06-07T11:00:00,Wakanda,Arc Reactor Cores,701.68,7.74,False
2015-06-07T11:00:00,Wakanda,Pym Particles,711.23,7.09,False
2015-06-07T11:00:00,Wakanda,Clean Water (L),2401.74,7.74,False
2015-06-07T11:00:00,Wakanda,Medical Kits,724.23,5.8,False
2015-06-07T11:00:00,Sokovia,Vibranium (kg),2034.49,6.45,False
2015-06-07T11:00:00,Sokovia,Arc Reactor Cores,321.87,7.74,False
2015-06-07T11:00:00,Sokovia,Pym Particles,330.31,7.09,False
2015-06-07T11:00:00,Sokovia,Clean Water (L),1695.3,7.74,False
2015-06-07T11:00:00,Sokovia,Medical Kits,332.29,5.8,False
2015-06-07T11:00:00,Sanctum Sanctorum,Vibranium (kg),2421.55,6.45,False
2015-06-07T11:00:00,Sanctum Sanctorum,Arc Reactor Cores,697.09,7.74,False
2015-06-07T11:00:00,Sanctum Sanctorum,Pym Particles,712.95,7.09,False
2015-06-07T11:00:00,Sanctum Sanctorum,Clean Water (L),2397.08,7.74,False
2015-06-07T11:00:00,Sanctum Sanctorum,Medical Kits,727.73,5.8,False
2015-06-07T11:00:00,Avengers Compound,Vibranium (kg),2028.38,6.45,False
2015-06-07T11:00:00,Avengers Compound,Arc Reactor Cores,318.72,7.74,False
2015-06-07T11:00:00,Avengers Compound,Pym Particles,324.51,7.09,False
2015-06-07T11:00:00,Avengers Compound,Clean Water (L),1698.86,7.74,False
2015-06-07T11:00:00,Avengers Compound,Medical Kits,341.02,5.8,False
2015-06-07T12:00:00,New Asgard,Vibranium (kg),2418.27,6.5,False
2015-06-07T12:00:00,New Asgard,Arc Reactor Cores,696.2,7.8,False
2015-06-07T12:00:00,New Asgard,Pym Particles,708.49,7.15,False
2015-06-07T12:00:00,New Asgard,Clean Water (L),2400.87,7.8,False
2015-06-07T12:00:00,New Asgard,Medical Kits,730.17,5.85,False
2015-06-07T12:00:00,Wakanda,Vibranium (kg),2415.19,6.5,False
2015-06-07T12:00:00,Wakanda,Arc Reactor Cores,699.29,7.8,False
2015-06-07T12:00:00,Wakanda,Pym Particles,708.26,7.15,False
2015-06-07T12:00:00,Wakanda,Clean Water (L),2399.41,7.8,False
2015-06-07T12:00:00,Wakanda,Medical Kits,723.73,5.85,False
2015-06-07T12:00:00,Sokovia,Vibranium (kg),2052.27,6.5,False
2015-06-07T12:00:00,Sokovia,Arc Reactor Cores,340.38,7.8,False
2015-06-07T12:00:00,Sokovia,Pym Particles,348.35,7.15,False
2015-06-07T12:00:00,Sokovia,Clean Water (L),1728.29,7.8,False
2015-06-07T12:00:00,Sokovia,Medical Kits,351.85,5.85,False
2015-06-07T12:00:00,Sanctum Sanctorum,Vibranium (kg),2419.92,6.5,False
2015-06-07T12:00:00,Sanctum Sanctorum,Arc Reactor Cores,695.76,7.8,False
2015-06-07T12:00:00,Sanctum Sanctorum,Pym Particles,712.45,7.15,False
2015-06-07T12:00:00,Sanctum Sanctorum,Clean Water (L),2395.39,7.8,False
2015-06-07T12:00:00,Sanctum Sanctorum,Medical Kits,727.95,5.85,False
2015-06-07T12:00:00,Avengers Compound,Vibranium (kg),2046.02,6.5,False
2015-06-07T12:00:00,Avengers Compound,Arc Reactor Cores,336.67,7.8,False
2015-06-07T12:00:00,Avengers Compound,Pym Particles,343.84,7.15,False
2015-06-07T12:00:00,Avengers Compound,Clean Water (L),1732.03,7.8,False
2015-06-07T12:00:00,Avengers Compound,Medical Kits,359.17,5.85,False
2015-06-07T13:00:00,New Asgard,Vibranium (kg),2417.56,6.45,False
2015-06-07T13:00:00,New Asgard,Arc Reactor Cores,693.56,7.74,False
2015-06-07T13:00:00,New Asgard,Pym Particles,707.49,7.09,False
2015-06-07T13:00:00,New Asgard,Clean Water (L),2398.81,7.74,False
2015-06-07T13:00:00,New Asgard,Medical Kits,729.71,5.8,False
2015-06-07T13:00:00,Wakanda,Vibranium (kg),2415.1,6.45,False
2015-06-07T13:00:00,Wakanda,Arc Reactor Cores,697.89,7.74,False
2015-06-07T13:00:00,Wakanda,Pym Particles,707.59,7.09,False
2015-06-07T13:00:00,Wakanda,Clean Water (L),2398.05,7.74,False
2015-06-07T13:00:00,Wakanda,Medical Kits,721.93,5.8,False
2015-06-07T13:00:00,Sokovia,Vibranium (kg),2069.15,6.45,False
2015-06-07T13:00:00,Sokovia,Arc Reactor Cores,356.92,7.74,False
2015-06-07T13:00:00,Sokovia,Pym Particles,363.87,7.09,False
2015-06-07T13:00:00,Sokovia,Clean Water (L),1760.82,7.74,False
2015-06-07T13:00:00,Sokovia,Medical Kits,369.38,5.8,False
2015-06-07T13:00:00,Sanctum Sanctorum,Vibranium (kg),2419.02,6.45,False
2015-06-07T13:00:00,Sanctum Sanctorum,Arc Reactor Cores,694.43,7.74,False
2015-06-07T13:00:00,Sanctum Sanctorum,Pym Particles,711.54,7.09,False
2015-06-07T13:00:00,Sanctum Sanctorum,Clean Water (L),2393.11,7.74,False
2015-06-07T13:00:00,Sanctum Sanctorum,Medical Kits,725.93,5.8,False
2015-06-07T13:00:00,Avengers Compound,Vibranium (kg),2062.86,6.45,False
2015-06-07T13:00:00,Avengers Compound,Arc Reactor Cores,352.65,7.74,False
2015-06-07T13:00:00,Avengers Compound,Pym Particles,360.97,7.09,False
2015-06-07T13:00:00,Avengers Compound,Clean Water (L),1764.94,7.74,False
2015-06-07T13:00:00,Avengers Compound,Medical Kits,375.93,5.8,False
2015-06-07T14:00:00,New Asgard,Vibranium (kg),2416.81,6.3,False
2015-06-07T14:00:00,New Asgard,Arc Reactor Cores,693.14,7.56,False
2015-06-07T14:00:00,New Asgard,Pym Particles,707.36,6.93,False
2015-06-07T14:00:00,New Asgard,Clean Water (L),2397.14,7.56,False
2015-06-07T14:00:00,New Asgard,Medical Kits,728.83,5.67,False
2015-06-07T14:00:00,Wakanda,Vibranium (kg),2413.86,6.3,False
2015-06-07T14:00:00,Wakanda,Arc Reactor Cores,696.59,7.56,False
2015-06-07T14:00:00,Wakanda,Pym Particles,705.92,6.93,False
2015-06-07T14:00:00,Wakanda,Clean Water (L),2397.05,7.56,False
2015-06-07T14:00:00,Wakanda,Medical Kits,720.61,5.67,False
2015-06-07T14:00:00,Sokovia,Vibranium (kg),2085.66,6.3,False
2015-06-07T14:00:00,Sokovia,Arc Reactor Cores,371.39,7.56,False
2015-06-07T14:00:00,Sokovia,Pym Particles,379.4,6.93,False
2015-06-07T14:00:00,Sokovia,Clean Water (L),1791.41,7.56,False
2015-06-07T14:00:00,Sokovia,Medical Kits,387.03,5.67,False
2015-06-07T14:00:00,Sanctum Sanctorum,Vibranium (kg),2418.43,6.3,False
2015-06-07T14:00:00,Sanctum Sanctorum,Arc Reactor Cores,693.01,7.56,False
2015-06-07T14:00:00,Sanctum Sanctorum,Pym Particles,708.76,6.93,False
2015-06-07T14:00:00,Sanctum Sanctorum,Clean Water (L),2393.27,7.56,False
2015-06-07T14:00:00,Sanctum Sanctorum,Medical Kits,724.25,5.67,False
2015-06-07T14:00:00,Avengers Compound,Vibranium (kg),2079.44,6.3,False
2015-06-07T14:00:00,Avengers Compound,Arc Reactor Cores,368.96,7.56,False
2015-06-07T14:00:00,Avengers Compound,Pym Particles,378.07,6.93,False
2015-06-07T14:00:00,Avengers Compound,Clean Water (L),1795.18,7.56,False
2015-06-07T14:00:00,Avengers Compound,Medical Kits,392.95,5.67,False
2015-06-07T15:00:00,New Asgard,Vibranium (kg),2415.66,6.06,False
2015-06-07T15:00:00,New Asgard,Arc Reactor Cores,692.0,7.27,False
2015-06-07T15:00:00,New Asgard,Pym Particles,707.92,6.67,False
2015-06-07T15:00:00,New Asgard,Clean Water (L),2397.28,7.27,False
2015-06-07T15:00:00,New Asgard,Medical Kits,727.7,5.45,False
2015-06-07T15:00:00,Wakanda,Vibranium (kg),2412.9,6.06,False
2015-06-07T15:00:00,Wakanda,Arc Reactor Cores,695.35,7.27,False
2015-06-07T15:00:00,Wakanda,Pym Particles,704.03,6.67,False
2015-06-07T15:00:00,Wakanda,Clean Water (L),2397.69,7.27,False
2015-06-07T15:00:00,Wakanda,Medical Kits,721.85,5.45,False
2015-06-07T15:00:00,Sokovia,Vibranium (kg),2100.96,6.06,False
2015-06-07T15:00:00,Sokovia,Arc Reactor Cores,386.67,7.27,False
2015-06-07T15:00:00,Sokovia,Pym Particles,394.33,6.67,False
2015-06-07T15:00:00,Sokovia,Clean Water (L),1819.63,7.27,False
2015-06-07T15:00:00,Sokovia,Medical Kits,403.82,5.45,False
2015-06-07T15:00:00,Sanctum Sanctorum,Vibranium (kg),2417.4,6.06,False
2015-06-07T15:00:00,Sanctum Sanctorum,Arc Reactor Cores,691.65,7.27,False
2015-06-07T15:00:00,Sanctum Sanctorum,Pym Particles,707.2,6.67,False
2015-06-07T15:00:00,Sanctum Sanctorum,Clean Water (L),2393.72,7.27,False
2015-06-07T15:00:00,Sanctum Sanctorum,Medical Kits,723.49,5.45,False
2015-06-07T15:00:00,Avengers Compound,Vibranium (kg),2096.6,6.06,False
2015-06-07T15:00:00,Avengers Compound,Arc Reactor Cores,383.95,7.27,False
2015-06-07T15:00:00,Avengers Compound,Pym Particles,393.28,6.67,False
2015-06-07T15:00:00,Avengers Compound,Clean Water (L),1824.17,7.27,False
2015-06-07T15:00:00,Avengers Compound,Medical Kits,408.27,5.45,False
2015-06-07T16:00:00,New Asgard,Vibranium (kg),2416.04,5.75,False
2015-06-07T16:00:00,New Asgard,Arc Reactor Cores,691.27,6.9,False
2015-06-07T16:00:00,New Asgard,Pym Particles,706.75,6.32,False
2015-06-07T16:00:00,New Asgard,Clean Water (L),2396.25,6.9,False
2015-06-07T16:00:00,New Asgard,Medical Kits,727.29,5.17,False
2015-06-07T16:00:00,Wakanda,Vibranium (kg),2411.52,5.75,False
2015-06-07T16:00:00,Wakanda,Arc Reactor Cores,694.42,6.9,False
2015-06-07T16:00:00,Wakanda,Pym Particles,703.83,6.32,False
2015-06-07T16:00:00,Wakanda,Clean Water (L),2395.71,6.9,False
2015-06-07T16:00:00,Wakanda,Medical Kits,721.39,5.17,False
2015-06-07T16:00:00,Sokovia,Vibranium (kg),2116.08,5.75,False
2015-06-07T16:00:00,Sokovia,Arc Reactor Cores,400.91,6.9,False
2015-06-07T16:00:00,Sokovia,Pym Particles,409.31,6.32,False
2015-06-07T16:00:00,Sokovia,Clean Water (L),1847.61,6.9,False
2015-06-07T16:00:00,Sokovia,Medical Kits,419.59,5.17,False
2015-06-07T16:00:00,Sanctum Sanctorum,Vibranium (kg),2417.07,5.75,False
2015-06-07T16:00:00,Sanctum Sanctorum,Arc Reactor Cores,690.82,6.9,False
2015-06-07T16:00:00,Sanctum Sanctorum,Pym Particles,705.86,6.32,False
2015-06-07T16:00:00,Sanctum Sanctorum,Clean Water (L),2393.36,6.9,False
2015-06-07T16:00:00,Sanctum Sanctorum,Medical Kits,721.99,5.17,False
2015-06-07T16:00:00,Avengers Compound,Vibranium (kg),2112.85,5.75,False
2015-06-07T16:00:00,Avengers Compound,Arc Reactor Cores,397.86,6.9,False
2015-06-07T16:00:00,Avengers Compound,Pym Particles,408.94,6.32,False
2015-06-07T16:00:00,Avengers Compound,Clean Water (L),1852.06,6.9,False
2015-06-07T16:00:00,Avengers Compound,Medical Kits,424.32,5.17,False
2015-06-07T17:00:00,New Asgard,Vibranium (kg),2416.09,5.39,False
2015-06-07T17:00:00,New Asgard,Arc Reactor Cores,690.04,6.47,False
2015-06-07T17:00:00,New Asgard,Pym Particles,705.38,5.93,False
2015-06-07T17:00:00,New Asgard,Clean Water (L),2395.87,6.47,False
2015-06-07T17:00:00,New Asgard,Medical Kits,726.88,4.85,False
2015-06-07T17:00:00,Wakanda,Vibranium (kg),2411.28,5.39,False
2015-06-07T17:00:00,Wakanda,Arc Reactor Cores,692.7,6.47,False
2015-06-07T17:00:00,Wakanda,Pym Particles,703.17,5.93,False
2015-06-07T17:00:00,Wakanda,Clean Water (L),2395.42,6.47,False
2015-06-07T17:00:00,Wakanda,Medical Kits,721.78,4.85,False
2015-06-07T17:00:00,Sokovia,Vibranium (kg),2131.09,5.39,False
2015-06-07T17:00:00,Sokovia,Arc Reactor Cores,414.93,6.47,False
2015-06-07T17:00:00,Sokovia,Pym Particles,424.09,5.93,False
2015-06-07T17:00:00,Sokovia,Clean Water (L),1875.5,6.47,False
2015-06-07T17:00:00,Sokovia,Medical Kits,435.11,4.85,False
2015-06-07T17:00:00,Sanctum Sanctorum,Vibranium (kg),2417.02,5.39,False
2015-06-07T17:00:00,Sanctum Sanctorum,Arc Reactor Cores,689.93,6.47,False
2015-06-07T17:00:00,Sanctum Sanctorum,Pym Particles,705.63,5.93,False
2015-06-07T17:00:00,Sanctum Sanctorum,Clean Water (L),2392.78,6.47,False
2015-06-07T17:00:00,Sanctum Sanctorum,Medical Kits,721.75,4.85,False
2015-06-07T17:00:00,Avengers Compound,Vibranium (kg),2127.74,5.39,False
2015-06-07T17:00:00,Avengers Compound,Arc Reactor Cores,413.14,6.47,False
2015-06-07T17:00:00,Avengers Compound,Pym Particles,423.6,5.93,False
2015-06-07T17:00:00,Avengers Compound,Clean Water (L),1878.98,6.47,False
2015-06-07T17:00:00,Avengers Compound,Medical Kits,438.96,4.85,False
2015-06-07T18:00:00,New Asgard,Vibranium (kg),2415.46,5.0,False
2015-06-07T18:00:00,New Asgard,Arc Reactor Cores,692.04,6.0,False
2015-06-07T18:00:00,New Asgard,Pym Particles,705.55,5.5,False
2015-06-07T18:00:00,New Asgard,Clean Water (L),2397.23,6.0,False
2015-06-07T18:00:00,New Asgard,Medical Kits,726.83,4.5,False
2015-06-07T18:00:00,Wakanda,Vibranium (kg),2411.63,5.0,False
2015-06-07T18:00:00,Wakanda,Arc Reactor Cores,693.15,6.0,False
2015-06-07T18:00:00,Wakanda,Pym Particles,703.53,5.5,False
2015-06-07T18:00:00,Wakanda,Clean Water (L),2394.42,6.0,False
2015-06-07T18:00:00,Wakanda,Medical Kits,722.69,4.5,False
2015-06-07T18:00:00,Sokovia,Vibranium (kg),2145.49,5.0,False
2015-06-07T18:00:00,Sokovia,Arc Reactor Cores,429.52,6.0,False
2015-06-07T18:00:00,Sokovia,Pym Particles,439.35,5.5,False
2015-06-07T18:00:00,Sokovia,Clean Water (L),1901.65,6.0,False
2015-06-07T18:00:00,Sokovia,Medical Kits,450.74,4.5,False
2015-06-07T18:00:00,Sanctum Sanctorum,Vibranium (kg),2418.07,5.0,False
2015-06-07T18:00:00,Sanctum Sanctorum,Arc Reactor Cores,690.13,6.0,False
2015-06-07T18:00:00,Sanctum Sanctorum,Pym Particles,704.85,5.5,False
2015-06-07T18:00:00,Sanctum Sanctorum,Clean Water (L),2392.27,6.0,False
2015-06-07T18:00:00,Sanctum Sanctorum,Medical Kits,721.69,4.5,False
2015-06-07T18:00:00,Avengers Compound,Vibranium (kg),2142.48,5.0,False
2015-06-07T18:00:00,Avengers Compound,Arc Reactor Cores,427.48,6.0,False
2015-06-07T18:00:00,Avengers Compound,Pym Particles,438.67,5.5,False
2015-06-07T18:00:00,Avengers Compound,Clean Water (L),1904.97,6.0,False
2015-06-07T18:00:00,Avengers Compound,Medical Kits,453.69,4.5,False
2015-06-07T19:00:00,New Asgard,Vibranium (kg),2415.9,4.61,False
2015-06-07T19:00:00,New Asgard,Arc Reactor Cores,692.4,5.53,False
2015-06-07T19:00:00,New Asgard,Pym Particles,706.14,5.07,False
2015-06-07T19:00:00,New Asgard,Clean Water (L),2397.17,5.53,False
2015-06-07T19:00:00,New Asgard,Medical Kits,727.05,4.15,False
2015-06-07T19:00:00,Wakanda,Vibranium (kg),2412.72,4.61,False
2015-06-07T19:00:00,Wakanda,Arc Reactor Cores,694.47,5.53,False
2015-06-07T19:00:00,Wakanda,Pym Particles,703.86,5.07,False
2015-06-07T19:00:00,Wakanda,Clean Water (L),2395.49,5.53,False
2015-06-07T19:00:00,Wakanda,Medical Kits,723.14,4.15,False
2015-06-07T19:00:00,Sokovia,Vibranium (kg),2159.49,4.61,False
2015-06-07T19:00:00,Sokovia,Arc Reactor Cores,443.81,5.53,False
2015-06-07T19:00:00,Sokovia,Pym Particles,452.99,5.07,False
2015-06-07T19:00:00,Sokovia,Clean Water (L),1926.74,5.53,False
2015-06-07T19:00:00,Sokovia,Medical Kits,466.14,4.15,False
2015-06-07T19:00:00,Sanctum Sanctorum,Vibranium (kg),2418.21,4.61,False
2015-06-07T19:00:00,Sanctum Sanctorum,Arc Reactor Cores,689.49,5.53,False
2015-06-07T19:00:00,Sanctum Sanctorum,Pym Particles,705.48,5.07,False
2015-06-07T19:00:00,Sanctum Sanctorum,Clean Water (L),2392.53,5.53,False
2015-06-07T19:00:00,Sanctum Sanctorum,Medical Kits,721.95,4.15,False
2015-06-07T19:00:00,Avengers Compound,Vibranium (kg),2156.94,4.61,False
2015-06-07T19:00:00,Avengers Compound,Arc Reactor Cores,440.39,5.53,False
2015-06-07T19:00:00,Avengers Compound,Pym Particles,453.49,5.07,False
2015-06-07T19:00:00,Avengers Compound,Clean Water (L),1931.11,5.53,False
2015-06-07T19:00:00,Avengers Compound,Medical Kits,466.5,4.15,False
2015-06-07T20:00:00,New Asgard,Vibranium (kg),2416.14,4.25,False
2015-06-07T20:00:00,New Asgard,Arc Reactor Cores,694.03,5.1,False
2015-06-07T20:00:00,New Asgard,Pym Particles,706.57,4.68,False
2015-06-07T20:00:00,New Asgard,Clean Water (L),2398.23,5.1,False
2015-06-07T20:00:00,New Asgard,Medical Kits,728.19,3.83,False
2015-06-07T20:00:00,Wakanda,Vibranium (kg),2414.02,4.25,False
2015-06-07T20:00:00,Wakanda,Arc Reactor Cores,696.22,5.1,False
2015-06-07T20:00:00,Wakanda,Pym Particles,706.3,4.68,False
2015-06-07T20:00:00,Wakanda,Clean Water (L),2395.75,5.1,False
2015-06-07T20:00:00,Wakanda,Medical Kits,723.54,3.83,False
2015-06-07T20:00:00,Sokovia,Vibranium (kg),2173.43,4.25,False
2015-06-07T20:00:00,Sokovia,Arc Reactor Cores,457.79,5.1,False
2015-06-07T20:00:00,Sokovia,Pym Particles,466.32,4.68,False
2015-06-07T20:00:00,Sokovia,Clean Water (L),1951.54,5.1,False
2015-06-07T20:00:00,Sokovia,Medical Kits,480.11,3.83,False
2015-06-07T20:00:00,Sanctum Sanctorum,Vibranium (kg),2417.78,4.25,False
2015-06-07T20:00:00,Sanctum Sanctorum,Arc Reactor Cores,691.67,5.1,False
2015-06-07T20:00:00,Sanctum Sanctorum,Pym Particles,705.63,4.68,False
2015-06-07T20:00:00,Sanctum Sanctorum,Clean Water (L),2393.64,5.1,False
2015-06-07T20:00:00,Sanctum Sanctorum,Medical Kits,723.18,3.83,False
2015-06-07T20:00:00,Avengers Compound,Vibranium (kg),2171.12,4.25,False
2015-06-07T20:00:00,Avengers Compound,Arc Reactor Cores,454.62,5.1,False
2015-06-07T20:00:00,Avengers Compound,Pym Particles,467.56,4.68,False
2015-06-07T20:00:00,Avengers Compound,Clean Water (L),1954.8,5.1,False
2015-06-07T20:00:00,Avengers Compound,Medical Kits,479.3,3.83,False
2015-06-07T21:00:00,New Asgard,Vibranium (kg),2417.67,3.94,False
2015-06-07T21:00:00,New Asgard,Arc Reactor Cores,695.17,4.73,False
2015-06-07T21:00:00,New Asgard,Pym Particles,707.51,4.33,False
2015-06-07T21:00:00,New Asgard,Clean Water (L),2399.67,4.73,False
2015-06-07T21:00:00,New Asgard,Medical Kits,728.86,3.55,False
2015-06-07T21:00:00,Wakanda,Vibranium (kg),2415.92,3.94,False
2015-06-07T21:00:00,Wakanda,Arc Reactor Cores,697.3,4.73,False
2015-06-07T21:00:00,Wakanda,Pym Particles,708.15,4.33,False
2015-06-07T21:00:00,Wakanda,Clean Water (L),2397.9,4.73,False
2015-06-07T21:00:00,Wakanda,Medical Kits,724.61,3.55,False
2015-06-07T21:00:00,Sokovia,Vibranium (kg),2187.08,3.94,False
2015-06-07T21:00:00,Sokovia,Arc Reactor Cores,470.83,4.73,False
2015-06-07T21:00:00,Sokovia,Pym Particles,480.86,4.33,False
2015-06-07T21:00:00,Sokovia,Clean Water (L),1974.21,4.73,False
2015-06-07T21:00:00,Sokovia,Medical Kits,495.05,3.55,False
2015-06-07T21:00:00,Sanctum Sanctorum,Vibranium (kg),2418.66,3.94,False
2015-06-07T21:00:00,Sanctum Sanctorum,Arc Reactor Cores,694.34,4.73,False
2015-06-07T21:00:00,Sanctum Sanctorum,Pym Particles,706.49,4.33,False
2015-06-07T21:00:00,Sanctum Sanctorum,Clean Water (L),2393.73,4.73,False
2015-06-07T21:00:00,Sanctum Sanctorum,Medical Kits,725.62,3.55,False
2015-06-07T21:00:00,Avengers Compound,Vibranium (kg),2185.39,3.94,False
2015-06-07T21:00:00,Avengers Compound,Arc Reactor Cores,467.78,4.73,False
2015-06-07T21:00:00,Avengers Compound,Pym Particles,481.04,4.33,False
2015-06-07T21:00:00,Avengers Compound,Clean Water (L),1978.31,4.73,False
2015-06-07T21:00:00,Avengers Compound,Medical Kits,493.97,3.55,False
2015-06-07T22:00:00,New Asgard,Vibranium (kg),2418.81,3.7,False
2015-06-07T22:00:00,New Asgard,Arc Reactor Cores,698.34,4.44,False
2015-06-07T22:00:00,New Asgard,Pym Particles,707.15,4.07,False
2015-06-07T22:00:00,New Asgard,Clean Water (L),2402.81,4.44,False
2015-06-07T22:00:00,New Asgard,Medical Kits,731.51,3.33,False
2015-06-07T22:00:00,Wakanda,Vibranium (kg),2417.97,3.7,False
2015-06-07T22:00:00,Wakanda,Arc Reactor Cores,699.04,4.44,False
2015-06-07T22:00:00,Wakanda,Pym Particles,709.97,4.07,False
2015-06-07T22:00:00,Wakanda,Clean Water (L),2400.09,4.44,False
2015-06-07T22:00:00,Wakanda,Medical Kits,725.08,3.33,False
2015-06-07T22:00:00,Sokovia,Vibranium (kg),2200.74,3.7,False
2015-06-07T22:00:00,Sokovia,Arc Reactor Cores,483.32,4.44,False
2015-06-07T22:00:00,Sokovia,Pym Particles,493.37,4.07,False
2015-06-07T22:00:00,Sokovia,Clean Water (L),1995.52,4.44,False
2015-06-07T22:00:00,Sokovia,Medical Kits,509.9,3.33,False
2015-06-07T22:00:00,Sanctum Sanctorum,Vibranium (kg),2419.74,3.7,False
2015-06-07T22:00:00,Sanctum Sanctorum,Arc Reactor Cores,695.51,4.44,False
2015-06-07T22:00:00,Sanctum Sanctorum,Pym Particles,707.44,4.07,False
2015-06-07T22:00:00,Sanctum Sanctorum,Clean Water (L),2394.23,4.44,False
2015-06-07T22:00:00,Sanctum Sanctorum,Medical Kits,726.37,3.33,False
2015-06-07T22:00:00,Avengers Compound,Vibranium (kg),2199.46,3.7,False
2015-06-07T22:00:00,Avengers Compound,Arc Reactor Cores,480.22,4.44,False
2015-06-07T22:00:00,Avengers Compound,Pym Particles,493.29,4.07,False
2015-06-07T22:00:00,Avengers Compound,Clean Water (L),2001.92,4.44,False
2015-06-07T22:00:00,Avengers Compound,Medical Kits,506.92,3.33,False
2015-06-07T23:00:00,New Asgard,Vibranium (kg),2419.63,3.55,False
2015-06-07T23:00:00,New Asgard,Arc Reactor Cores,700.49,4.26,False
2015-06-07T23:00:00,New Asgard,Pym Particles,707.91,3.91,False
2015-06-07T23:00:00,New Asgard,Clean Water (L),2403.66,4.26,False
2015-06-07T23:00:00,New Asgard,Medical Kits,734.11,3.2,False
2015-06-07T23:00:00,Wakanda,Vibranium (kg),2420.73,3.55,False
2015-06-07T23:00:00,Wakanda,Arc Reactor Cores,701.84,4.26,False
2015-06-07T23:00:00,Wakanda,Pym Particles,711.69,3.91,False
2015-06-07T23:00:00,Wakanda,Clean Water (L),2402.07,4.26,False
2015-06-07T23:00:00,Wakanda,Medical Kits,728.13,3.2,False
2015-06-07T23:00:00,Sokovia,Vibranium (kg),2214.31,3.55,False
2015-06-07T23:00:00,Sokovia,Arc Reactor Cores,495.56,4.26,False
2015-06-07T23:00:00,Sokovia,Pym Particles,506.12,3.91,False
2015-06-07T23:00:00,Sokovia,Clean Water (L),2017.59,4.26,False
2015-06-07T23:00:00,Sokovia,Medical Kits,522.57,3.2,False
2015-06-07T23:00:00,Sanctum Sanctorum,Vibranium (kg),2422.52,3.55,False
2015-06-07T23:00:00,Sanctum Sanctorum,Arc Reactor Cores,697.5,4.26,False
2015-06-07T23:00:00,Sanctum Sanctorum,Pym Particles,709.98,3.91,False
2015-06-07T23:00:00,Sanctum Sanctorum,Clean Water (L),2394.99,4.26,False
2015-06-07T23:00:00,Sanctum Sanctorum,Medical Kits,728.21,3.2,False
2015-06-07T23:00:00,Avengers Compound,Vibranium (kg),2212.41,3.55,False
2015-06-07T23:00:00,Avengers Compound,Arc Reactor Cores,492.45,4.26,False
2015-06-07T23:00:00,Avengers Compound,Pym Particles,507.19,3.91,False
2015-06-07T23:00:00,Avengers Compound,Clean Water (L),2024.5,4.26,False
2015-06-07T23:00:00,Avengers Compound,Medical Kits,519.53,3.2,False
2015-06-08T00:00:00,New Asgard,Vibranium (kg),2421.81,3.5,False
2015-06-08T00:00:00,New Asgard,Arc Reactor Cores,703.24,4.2,False
2015-06-08T00:00:00,New Asgard,Pym Particles,709.96,3.85,False
2015-06-08T00:00:00,New Asgard,Clean Water (L),2404.6,4.2,False
2015-06-08T00:00:00,New Asgard,Medical Kits,735.96,3.15,False
2015-06-08T00:00:00,Wakanda,Vibranium (kg),2421.82,3.5,False
2015-06-08T00:00:00,Wakanda,Arc Reactor Cores,704.03,4.2,False
2015-06-08T00:00:00,Wakanda,Pym Particles,711.7,3.85,False
2015-06-08T00:00:00,Wakanda,Clean Water (L),2403.01,4.2,False
2015-06-08T00:00:00,Wakanda,Medical Kits,730.7,3.15,False
2015-06-08T00:00:00,Sokovia,Vibranium (kg),2226.06,3.5,False
2015-06-08T00:00:00,Sokovia,Arc Reactor Cores,507.15,4.2,False
2015-06-08T00:00:00,Sokovia,Pym Particles,517.39,3.85,False
2015-06-08T00:00:00,Sokovia,Clean Water (L),2037.96,4.2,False
2015-06-08T00:00:00,Sokovia,Medical Kits,535.13,3.15,False
2015-06-08T00:00:00,Sanctum Sanctorum,Vibranium (kg),2424.02,3.5,False
2015-06-08T00:00:00,Sanctum Sanctorum,Arc Reactor Cores,701.06,4.2,False
2015-06-08T00:00:00,Sanctum Sanctorum,Pym Particles,710.89,3.85,False
2015-06-08T00:00:00,Sanctum Sanctorum,Clean Water (L),2396.67,4.2,False
2015-06-08T00:00:00,Sanctum Sanctorum,Medical Kits,730.31,3.15,False
2015-06-08T00:00:00,Avengers Compound,Vibranium (kg),2224.08,3.5,False
2015-06-08T00:00:00,Avengers Compound,Arc Reactor Cores,505.93,4.2,False
2015-06-08T00:00:00,Avengers Compound,Pym Particles,519.49,3.85,False
2015-06-08T00:00:00,Avengers Compound,Clean Water (L),2044.28,4.2,False
2015-06-08T00:00:00,Avengers Compound,Medical Kits,531.2,3.15,False
2015-06-08T01:00:00,New Asgard,Vibranium (kg),2423.62,3.55,False
2015-06-08T01:00:00,New Asgard,Arc Reactor Cores,705.34,4.26,False
2015-06-08T01:00:00,New Asgard,Pym Particles,712.08,3.91,False
2015-06-08T01:00:00,New Asgard,Clean Water (L),2405.62,4.26,False
2015-06-08T01:00:00,New Asgard,Medical Kits,736.26,3.2,False
2015-06-08T01:00:00,Wakanda,Vibranium (kg),2421.86,3.55,False
2015-06-08T01:00:00,Wakanda,Arc Reactor Cores,703.92,4.26,False
2015-06-08T01:00:00,Wakanda,Pym Particles,713.28,3.91,False
2015-06-08T01:00:00,Wakanda,Clean Water (L),2404.81,4.26,False
2015-06-08T01:00:00,Wakanda,Medical Kits,731.81,3.2,False
2015-06-08T01:00:00,Sokovia,Vibranium (kg),2236.06,3.55,False
2015-06-08T01:00:00,Sokovia,Arc Reactor Cores,519.47,4.26,False
2015-06-08T01:00:00,Sokovia,Pym Particles,528.81,3.91,False
2015-06-08T01:00:00,Sokovia,Clean Water (L),2057.82,4.26,False
2015-06-08T01:00:00,Sokovia,Medical Kits,546.69,3.2,False
2015-06-08T01:00:00,Sanctum Sanctorum,Vibranium (kg),2424.31,3.55,False
2015-06-08T01:00:00,Sanctum Sanctorum,Arc Reactor Cores,704.23,4.26,False
2015-06-08T01:00:00,Sanctum Sanctorum,Pym Particles,711.74,3.91,False
2015-06-08T01:00:00,Sanctum Sanctorum,Clean Water (L),2399.49,4.26,False
2015-06-08T01:00:00,Sanctum Sanctorum,Medical Kits,733.21,3.2,False
2015-06-08T01:00:00,Avengers Compound,Vibranium (kg),2233.87,3.55,False
2015-06-08T01:00:00,Avengers Compound,Arc Reactor Cores,516.81,4.26,False
2015-06-08T01:00:00,Avengers Compound,Pym Particles,532.11,3.91,False
2015-06-08T01:00:00,Avengers Compound,Clean Water (L),2064.39,4.26,False
2015-06-08T01:00:00,Avengers Compound,Medical Kits,541.22,3.2,False
2015-06-08T02:00:00,New Asgard,Vibranium (kg),2423.56,3.7,False
2015-06-08T02:00:00,New Asgard,Arc Reactor Cores,705.88,4.44,False
2015-06-08T02:00:00,New Asgard,Pym Particles,713.52,4.07,False
2015-06-08T02:00:00,New Asgard,Clean Water (L),2407.15,4.44,False
2015-06-08T02:00:00,New Asgard,Medical Kits,738.7,3.33,False
2015-06-08T02:00:00,Wakanda,Vibranium (kg),2423.97,3.7,False
2015-06-08T02:00:00,Wakanda,Arc Reactor Cores,704.13,4.44,False
2015-06-08T02:00:00,Wakanda,Pym Particles,716.42,4.07,False
2015-06-08T02:00:00,Wakanda,Clean Water (L),2406.74,4.44,False
2015-06-08T02:00:00,Wakanda,Medical Kits,732.7,3.33,False
2015-06-08T02:00:00,Sokovia,Vibranium (kg),2245.49,3.7,False
2015-06-08T02:00:00,Sokovia,Arc Reactor Cores,529.52,4.44,False
2015-06-08T02:00:00,Sokovia,Pym Particles,539.82,4.07,False
2015-06-08T02:00:00,Sokovia,Clean Water (L),2077.0,4.44,False
2015-06-08T02:00:00,Sokovia,Medical Kits,555.96,3.33,False
2015-06-08T02:00:00,Sanctum Sanctorum,Vibranium (kg),2424.17,3.7,False
2015-06-08T02:00:00,Sanctum Sanctorum,Arc Reactor Cores,704.83,4.44,False
2015-06-08T02:00:00,Sanctum Sanctorum,Pym Particles,713.77,4.07,False
2015-06-08T02:00:00,Sanctum Sanctorum,Clean Water (L),2401.89,4.44,False
2015-06-08T02:00:00,Sanctum Sanctorum,Medical Kits,734.1,3.33,False
2015-06-08T02:00:00,Avengers Compound,Vibranium (kg),2245.16,3.7,False
2015-06-08T02:00:00,Avengers Compound,Arc Reactor Cores,527.19,4.44,False
2015-06-08T02:00:00,Avengers Compound,Pym Particles,543.22,4.07,False
2015-06-08T02:00:00,Avengers Compound,Clean Water (L),2083.32,4.44,False
2015-06-08T02:00:00,Avengers Compound,Medical Kits,551.03,3.33,False
2015-06-08T03:00:00,New Asgard,Vibranium (kg),2425.2,3.94,False
2015-06-08T03:00:00,New Asgard,Arc Reactor Cores,707.55,4.73,False
2015-06-08T03:00:00,New Asgard,Pym Particles,713.83,4.33,False
2015-06-08T03:00:00,New Asgard,Clean Water (L),2408.39,4.73,False
2015-06-08T03:00:00,New Asgard,Medical Kits,739.28,3.55,False
2015-06-08T03:00:00,Wakanda,Vibranium (kg),2423.48,3.94,False
2015-06-08T03:00:00,Wakanda,Arc Reactor Cores,706.21,4.73,False
2015-06-08T03:00:00,Wakanda,Pym Particles,716.57,4.33,False
2015-06-08T03:00:00,Wakanda,Clean Water (L),2409.07,4.73,False
2015-06-08T03:00:00,Wakanda,Medical Kits,734.82,3.55,False
2015-06-08T03:00:00,Sokovia,Vibranium (kg),2254.69,3.94,False
2015-06-08T03:00:00,Sokovia,Arc Reactor Cores,539.97,4.73,False
2015-06-08T03:00:00,Sokovia,Pym Particles,549.09,4.33,False
2015-06-08T03:00:00,Sokovia,Clean Water (L),2095.18,4.73,False
2015-06-08T03:00:00,Sokovia,Medical Kits,567.43,3.55,False
2015-06-08T03:00:00,Sanctum Sanctorum,Vibranium (kg),2424.3,3.94,False
2015-06-08T03:00:00,Sanctum Sanctorum,Arc Reactor Cores,707.08,4.73,False
2015-06-08T03:00:00,Sanctum Sanctorum,Pym Particles,715.92,4.33,False
2015-06-08T03:00:00,Sanctum Sanctorum,Clean Water (L),2403.3,4.73,False
2015-06-08T03:00:00,Sanctum Sanctorum,Medical Kits,735.75,3.55,False
2015-06-08T03:00:00,Avengers Compound,Vibranium (kg),2256.14,3.94,False
2015-06-08T03:00:00,Avengers Compound,Arc Reactor Cores,538.37,4.73,False
2015-06-08T03:00:00,Avengers Compound,Pym Particles,552.55,4.33,False
2015-06-08T03:00:00,Avengers Compound,Clean Water (L),2101.37,4.73,False
2015-06-08T03:00:00,Avengers Compound,Medical Kits,560.18,3.55,False
2015-06-08T04:00:00,New Asgard,Vibranium (kg),2426.69,4.25,False
2015-06-08T04:00:00,New Asgard,Arc Reactor Cores,708.82,5.1,False
2015-06-08T04:00:00,New Asgard,Pym Particles,715.38,4.68,False
2015-06-08T04:00:00,New Asgard,Clean Water (L),2409.0,5.1,False
2015-06-08T04:00:00,New Asgard,Medical Kits,737.74,3.83,False
2015-06-08T04:00:00,Wakanda,Vibranium (kg),2424.54,4.25,False
2015-06-08T04:00:00,Wakanda,Arc Reactor Cores,706.48,5.1,False
2015-06-08T04:00:00,Wakanda,Pym Particles,718.41,4.68,False
2015-06-08T04:00:00,Wakanda,Clean Water (L),2409.79,5.1,False
2015-06-08T04:00:00,Wakanda,Medical Kits,735.02,3.83,False
2015-06-08T04:00:00,Sokovia,Vibranium (kg),2263.48,4.25,False
2015-06-08T04:00:00,Sokovia,Arc Reactor Cores,548.88,5.1,False
2015-06-08T04:00:00,Sokovia,Pym Particles,556.54,4.68,False
2015-06-08T04:00:00,Sokovia,Clean Water (L),2110.19,5.1,False
2015-06-08T04:00:00,Sokovia,Medical Kits,574.79,3.83,False
2015-06-08T04:00:00,Sanctum Sanctorum,Vibranium (kg),2426.05,4.25,False
2015-06-08T04:00:00,Sanctum Sanctorum,Arc Reactor Cores,708.01,5.1,False
2015-06-08T04:00:00,Sanctum Sanctorum,Pym Particles,716.4,4.68,False
2015-06-08T04:00:00,Sanctum Sanctorum,Clean Water (L),2403.28,5.1,False
2015-06-08T04:00:00,Sanctum Sanctorum,Medical Kits,735.91,3.83,False
2015-06-08T04:00:00,Avengers Compound,Vibranium (kg),2264.55,4.25,False
2015-06-08T04:00:00,Avengers Compound,Arc Reactor Cores,548.75,5.1,False
2015-06-08T04:00:00,Avengers Compound,Pym Particles,561.27,4.68,False
2015-06-08T04:00:00,Avengers Compound,Clean Water (L),2115.96,5.1,False
2015-06-08T04:00:00,Avengers Compound,Medical Kits,568.98,3.83,False
2015-06-08T05:00:00,New Asgard,Vibranium (kg),2425.9,4.61,False
2015-06-08T05:00:00,New Asgard,Arc Reactor Cores,710.01,5.53,False
2015-06-08T05:00:00,New Asgard,Pym Particles,716.0,5.07,False
2015-06-08T05:00:00,New Asgard,Clean Water (L),2409.0,5.53,False
2015-06-08T05:00:00,New Asgard,Medical Kits,737.08,4.15,False
2015-06-08T05:00:00,Wakanda,Vibranium (kg),2423.24,4.61,False
2015-06-08T05:00:00,Wakanda,Arc Reactor Cores,707.54,5.53,False
2015-06-08T05:00:00,Wakanda,Pym Particles,719.69,5.07,False
2015-06-08T05:00:00,Wakanda,Clean Water (L),2410.5,5.53,False
2015-06-08T05:00:00,Wakanda,Medical Kits,735.21,4.15,False
2015-06-08T05:00:00,Sokovia,Vibranium (kg),2271.24,4.61,False
2015-06-08T05:00:00,Sokovia,Arc Reactor Cores,557.06,5.53,False
2015-06-08T05:00:00,Sokovia,Pym Particles,564.68,5.07,False
2015-06-08T05:00:00,Sokovia,Clean Water (L),2124.66,5.53,False
2015-06-08T05:00:00,Sokovia,Medical Kits,582.91,4.15,False
2015-06-08T05:00:00,Sanctum Sanctorum,Vibranium (kg),2427.26,4.61,False
2015-06-08T05:00:00,Sanctum Sanctorum,Arc Reactor Cores,708.03,5.53,False
2015-06-08T05:00:00,Sanctum Sanctorum,Pym Particles,715.36,5.07,False
2015-06-08T05:00:00,Sanctum Sanctorum,Clean Water (L),2403.18,5.53,False
2015-06-08T05:00:00,Sanctum Sanctorum,Medical Kits,735.66,4.15,False
2015-06-08T05:00:00,Avengers Compound,Vibranium (kg),2272.01,4.61,False
2015-06-08T05:00:00,Avengers Compound,Arc Reactor Cores,556.63,5.53,False
2015-06-08T05:00:00,Avengers Compound,Pym Particles,569.53,5.07,False
2015-06-08T05:00:00,Avengers Compound,Clean Water (L),2130.5,5.53,False
2015-06-08T05:00:00,Avengers Compound,Medical Kits,576.37,4.15,False
2015-06-08T06:00:00,New Asgard,Vibranium (kg),2424.94,5.0,False
2015-06-08T06:00:00,New Asgard,Arc Reactor Cores,710.27,6.0,False
2015-06-08T06:00:00,New Asgard,Pym Particles,716.16,5.5,False
2015-06-08T06:00:00,New Asgard,Clean Water (L),2409.05,6.0,False
2015-06-08T06:00:00,New Asgard,Medical Kits,736.87,4.5,False
2015-06-08T06:00:00,Wakanda,Vibranium (kg),2422.87,5.0,False
2015-06-08T06:00:00,Wakanda,Arc Reactor Cores,707.7,6.0,False
2015-06-08T06:00:00,Wakanda,Pym Particles,718.1,5.5,False
2015-06-08T06:00:00,Wakanda,Clean Water (L),2410.46,6.0,False
2015-06-08T06:00:00,Wakanda,Medical Kits,733.92,4.5,False
2015-06-08T06:00:00,Sokovia,Vibranium (kg),2277.96,5.0,False
2015-06-08T06:00:00,Sokovia,Arc Reactor Cores,562.93,6.0,False
2015-06-08T06:00:00,Sokovia,Pym Particles,570.88,5.5,False
2015-06-08T06:00:00,Sokovia,Clean Water (L),2138.3,6.0,False
2015-06-08T06:00:00,Sokovia,Medical Kits,589.64,4.5,False
2015-06-08T06:00:00,Sanctum Sanctorum,Vibranium (kg),2426.28,5.0,False
2015-06-08T06:00:00,Sanctum Sanctorum,Arc Reactor Cores,707.76,6.0,False
2015-06-08T06:00:00,Sanctum Sanctorum,Pym Particles,714.89,5.5,False
2015-06-08T06:00:00,Sanctum Sanctorum,Clean Water (L),2401.55,6.0,False
2015-06-08T06:00:00,Sanctum Sanctorum,Medical Kits,734.06,4.5,False
2015-06-08T06:00:00,Avengers Compound,Vibranium (kg),2278.35,5.0,False
2015-06-08T06:00:00,Avengers Compound,Arc Reactor Cores,563.54,6.0,False
2015-06-08T06:00:00,Avengers Compound,Pym Particles,576.5,5.5,False
2015-06-08T06:00:00,Avengers Compound,Clean Water (L),2143.23,6.0,False
2015-06-08T06:00:00,Avengers Compound,Medical Kits,584.84,4.5,False
2015-06-08T07:00:00,New Asgard,Vibranium (kg),2424.18,5.39,False
2015-06-08T07:00:00,New Asgard,Arc Reactor Cores,708.03,6.47,False
2015-06-08T07:00:00,New Asgard,Pym Particles,716.64,5.93,False
2015-06-08T07:00:00,New Asgard,Clean Water (L),2407.73,6.47,False
2015-06-08T07:00:00,New Asgard,Medical Kits,734.48,4.85,False
2015-06-08T07:00:00,Wakanda,Vibranium (kg),2423.12,5.39,False
2015-06-08T07:00:00,Wakanda,Arc Reactor Cores,708.18,6.47,False
2015-06-08T07:00:00,Wakanda,Pym Particles,717.95,5.93,False
2015-06-08T07:00:00,Wakanda,Clean Water (L),2410.12,6.47,False
2015-06-08T07:00:00,Wakanda,Medical Kits,733.04,4.85,False
2015-06-08T07:00:00,Sokovia,Vibranium (kg),2284.43,5.39,False
2015-06-08T07:00:00,Sokovia,Arc Reactor Cores,570.74,6.47,False
2015-06-08T07:00:00,Sokovia,Pym Particles,576.52,5.93,False
2015-06-08T07:00:00,Sokovia,Clean Water (L),2150.13,6.47,False
2015-06-08T07:00:00,Sokovia,Medical Kits,595.5,4.85,False
2015-06-08T07:00:00,Sanctum Sanctorum,Vibranium (kg),2424.42,5.39,False
2015-06-08T07:00:00,Sanctum Sanctorum,Arc Reactor Cores,706.84,6.47,False
2015-06-08T07:00:00,Sanctum Sanctorum,Pym Particles,713.33,5.93,False
2015-06-08T07:00:00,Sanctum Sanctorum,Clean Water (L),2400.84,6.47,False
2015-06-08T07:00:00,Sanctum Sanctorum,Medical Kits,733.44,4.85,False
2015-06-08T07:00:00,Avengers Compound,Vibranium (kg),2284.94,5.39,False
2015-06-08T07:00:00,Avengers Compound,Arc Reactor Cores,570.1,6.47,False
2015-06-08T07:00:00,Avengers Compound,Pym Particles,582.72,5.93,False
2015-06-08T07:00:00,Avengers Compound,Clean Water (L),2155.88,6.47,False
2015-06-08T07:00:00,Avengers Compound,Medical Kits,592.69,4.85,False
2015-06-08T08:00:00,New Asgard,Vibranium (kg),2422.56,5.75,False
2015-06-08T08:00:00,New Asgard,Arc Reactor Cores,708.18,6.9,False
2015-06-08T08:00:00,New Asgard,Pym Particles,716.27,6.32,False
2015-06-08T08:00:00,New Asgard,Clean Water (L),2406.19,6.9,False
2015-06-08T08:00:00,New Asgard,Medical Kits,733.97,5.17,False
2015-06-08T08:00:00,Wakanda,Vibranium (kg),2422.58,5.75,False
2015-06-08T08:00:00,Wakanda,Arc Reactor Cores,706.39,6.9,False
2015-06-08T08:00:00,Wakanda,Pym Particles,716.61,6.32,False
2015-06-08T08:00:00,Wakanda,Clean Water (L),2409.07,6.9,False
2015-06-08T08:00:00,Wakanda,Medical Kits,732.3,5.17,False
2015-06-08T08:00:00,Sokovia,Vibranium (kg),2290.56,5.75,False
2015-06-08T08:00:00,Sokovia,Arc Reactor Cores,575.63,6.9,False
2015-06-08T08:00:00,Sokovia,Pym Particles,581.93,6.32,False
2015-06-08T08:00:00,Sokovia,Clean Water (L),2162.12,6.9,False
2015-06-08T08:00:00,Sokovia,Medical Kits,602.7,5.17,False
2015-06-08T08:00:00,Sanctum Sanctorum,Vibranium (kg),2423.29,5.75,False
2015-06-08T08:00:00,Sanctum Sanctorum,Arc Reactor Cores,705.08,6.9,False
2015-06-08T08:00:00,Sanctum Sanctorum,Pym Particles,712.2,6.32,False
2015-06-08T08:00:00,Sanctum Sanctorum,Clean Water (L),2399.88,6.9,False
2015-06-08T08:00:00,Sanctum Sanctorum,Medical Kits,732.45,5.17,False
2015-06-08T08:00:00,Avengers Compound,Vibranium (kg),2290.93,5.75,False
2015-06-08T08:00:00,Avengers Compound,Arc Reactor Cores,575.03,6.9,False
2015-06-08T08:00:00,Avengers Compound,Pym Particles,586.51,6.32,False
2015-06-08T08:00:00,Avengers Compound,Clean Water (L),2166.16,6.9,False
2015-06-08T08:00:00,Avengers Compound,Medical Kits,597.81,5.17,False
2015-06-08T09:00:00,New Asgard,Vibranium (kg),2420.13,6.06,False
2015-06-08T09:00:00,New Asgard,Arc Reactor Cores,706.11,7.27,False
2015-06-08T09:00:00,New Asgard,Pym Particles,713.39,6.67,False
2015-06-08T09:00:00,New Asgard,Clean Water (L),2405.87,7.27,False
2015-06-08T09:00:00,New Asgard,Medical Kits,732.86,5.45,False
2015-06-08T09:00:00,Wakanda,Vibranium (kg),2421.35,6.06,False
2015-06-08T09:00:00,Wakanda,Arc Reactor Cores,704.57,7.27,False
2015-06-08T09:00:00,Wakanda,Pym Particles,715.13,6.67,False
2015-06-08T09:00:00,Wakanda,Clean Water (L),2406.76,7.27,False
2015-06-08T09:00:00,Wakanda,Medical Kits,731.17,5.45,False
2015-06-08T09:00:00,Sokovia,Vibranium (kg),2294.83,6.06,False
2015-06-08T09:00:00,Sokovia,Arc Reactor Cores,579.93,7.27,False
2015-06-08T09:00:00,Sokovia,Pym Particles,587.99,6.67,False
2015-06-08T09:00:00,Sokovia,Clean Water (L),2173.08,7.27,False
2015-06-08T09:00:00,Sokovia,Medical Kits,607.26,5.45,False
2015-06-08T09:00:00,Sanctum Sanctorum,Vibranium (kg),2421.86,6.06,False
2015-06-08T09:00:00,Sanctum Sanctorum,Arc Reactor Cores,702.34,7.27,False
2015-06-08T09:00:00,Sanctum Sanctorum,Pym Particles,710.68,6.67,False
2015-06-08T09:00:00,Sanctum Sanctorum,Clean Water (L),2397.51,7.27,False
2015-06-08T09:00:00,Sanctum Sanctorum,Medical Kits,731.37,5.45,False
2015-06-08T09:00:00,Avengers Compound,Vibranium (kg),2295.03,6.06,False
2015-06-08T09:00:00,Avengers Compound,Arc Reactor Cores,581.21,7.27,False
2015-06-08T09:00:00,Avengers Compound,Pym Particles,592.76,6.67,False
2015-06-08T09:00:00,Avengers Compound,Clean Water (L),2177.28,7.27,False
2015-06-08T09:00:00,Avengers Compound,Medical Kits,602.78,5.45,False
2015-06-08T10:00:00,New Asgard,Vibranium (kg),2417.27,6.3,False
2015-06-08T10:00:00,New Asgard,Arc Reactor Cores,702.7,7.56,False
2015-06-08T10:00:00,New Asgard,Pym Particles,711.83,6.93,False
2015-06-08T10:00:00,New Asgard,Clean Water (L),2405.24,7.56,False
2015-06-08T10:00:00,New Asgard,Medical Kits,732.87,5.67,False
2015-06-08T10:00:00,Wakanda,Vibranium (kg),2421.02,6.3,False
2015-06-08T10:00:00,Wakanda,Arc Reactor Cores,702.72,7.56,False
2015-06-08T10:00:00,Wakanda,Pym Particles,713.36,6.93,False
2015-06-08T10:00:00,Wakanda,Clean Water (L),2404.45,7.56,False
2015-06-08T10:00:00,Wakanda,Medical Kits,729.58,5.67,False
2015-06-08T10:00:00,Sokovia,Vibranium (kg),2298.13,6.3,False
2015-06-08T10:00:00,Sokovia,Arc Reactor Cores,585.83,7.56,False
2015-06-08T10:00:00,Sokovia,Pym Particles,592.24,6.93,False
2015-06-08T10:00:00,Sokovia,Clean Water (L),2183.11,7.56,False
2015-06-08T10:00:00,Sokovia,Medical Kits,612.81,5.67,False
2015-06-08T10:00:00,Sanctum Sanctorum,Vibranium (kg),2420.89,6.3,False
2015-06-08T10:00:00,Sanctum Sanctorum,Arc Reactor Cores,701.05,7.56,False
2015-06-08T10:00:00,Sanctum Sanctorum,Pym Particles,710.23,6.93,False
2015-06-08T10:00:00,Sanctum Sanctorum,Clean Water (L),2397.16,7.56,False
2015-06-08T10:00:00,Sanctum Sanctorum,Medical Kits,730.29,5.67,False
2015-06-08T10:00:00,Avengers Compound,Vibranium (kg),2299.53,6.3,False
2015-06-08T10:00:00,Avengers Compound,Arc Reactor Cores,583.8,7.56,False
2015-06-08T10:00:00,Avengers Compound,Pym Particles,598.06,6.93,False
2015-06-08T10:00:00,Avengers Compound,Clean Water (L),2188.61,7.56,False
2015-06-08T10:00:00,Avengers Compound,Medical Kits,607.79,5.67,False
2015-06-08T11:00:00,New Asgard,Vibranium (kg),2417.07,6.45,False
2015-06-08T11:00:00,New Asgard,Arc Reactor Cores,700.66,7.74,False
2015-06-08T11:00:00,New Asgard,Pym Particles,708.41,7.09,False
2015-06-08T11:00:00,New Asgard,Clean Water (L),2402.07,7.74,False
2015-06-08T11:00:00,New Asgard,Medical Kits,732.35,5.8,False
2015-06-08T11:00:00,Wakanda,Vibranium (kg),2420.28,6.45,False
2015-06-08T11:00:00,Wakanda,Arc Reactor Cores,700.56,7.74,False
2015-06-08T11:00:00,Wakanda,Pym Particles,711.95,7.09,False
2015-06-08T11:00:00,Wakanda,Clean Water (L),2403.47,7.74,False
2015-06-08T11:00:00,Wakanda,Medical Kits,729.67,5.8,False
2015-06-08T11:00:00,Sokovia,Vibranium (kg),2303.92,6.45,False
2015-06-08T11:00:00,Sokovia,Arc Reactor Cores,589.24,7.74,False
2015-06-08T11:00:00,Sokovia,Pym Particles,596.74,7.09,False
2015-06-08T11:00:00,Sokovia,Clean Water (L),2192.43,7.74,False
2015-06-08T11:00:00,Sokovia,Medical Kits,618.26,5.8,False
2015-06-08T11:00:00,Sanctum Sanctorum,Vibranium (kg),2419.95,6.45,False
2015-06-08T11:00:00,Sanctum Sanctorum,Arc Reactor Cores,699.86,7.74,False
2015-06-08T11:00:00,Sanctum Sanctorum,Pym Particles,709.79,7.09,False
2015-06-08T11:00:00,Sanctum Sanctorum,Clean Water (L),2395.71,7.74,False
2015-06-08T11:00:00,Sanctum Sanctorum,Medical Kits,729.77,5.8,False
2015-06-08T11:00:00,Avengers Compound,Vibranium (kg),2304.23,6.45,False
2015-06-08T11:00:00,Avengers Compound,Arc Reactor Cores,587.95,7.74,False
2015-06-08T11:00:00,Avengers Compound,Pym Particles,601.79,7.09,False
2015-06-08T11:00:00,Avengers Compound,Clean Water (L),2196.91,7.74,False
2015-06-08T11:00:00,Avengers Compound,Medical Kits,611.12,5.8,False
2015-06-08T12:00:00,New Asgard,Vibranium (kg),2415.01,6.5,False
2015-06-08T12:00:00,New Asgard,Arc Reactor Cores,699.15,7.8,False
2015-06-08T12:00:00,New Asgard,Pym Particles,706.86,7.15,False
2015-06-08T12:00:00,New Asgard,Clean Water (L),2400.17,7.8,False
2015-06-08T12:00:00,New Asgard,Medical Kits,731.97,5.85,False
2015-06-08T12:00:00,Wakanda,Vibranium (kg),2418.6,6.5,False
2015-06-08T12:00:00,Wakanda,Arc Reactor Cores,699.95,7.8,False
2015-06-08T12:00:00,Wakanda,Pym Particles,711.11,7.15,False
2015-06-08T12:00:00,Wakanda,Clean Water (L),2402.6,7.8,False
2015-06-08T12:00:00,Wakanda,Medical Kits,729.09,5.85,False
2015-06-08T12:00:00,Sokovia,Vibranium (kg),2309.44,6.5,False
2015-06-08T12:00:00,Sokovia,Arc Reactor Cores,594.49,7.8,False
2015-06-08T12:00:00,Sokovia,Pym Particles,601.92,7.15,False
2015-06-08T12:00:00,Sokovia,Clean Water (L),2199.91,7.8,False
2015-06-08T12:00:00,Sokovia,Medical Kits,621.3,5.85,False
2015-06-08T12:00:00,Sanctum Sanctorum,Vibranium (kg),2419.11,6.5,False
2015-06-08T12:00:00,Sanctum Sanctorum,Arc Reactor Cores,697.34,7.8,False
2015-06-08T12:00:00,Sanctum Sanctorum,Pym Particles,708.99,7.15,False
2015-06-08T12:00:00,Sanctum Sanctorum,Clean Water (L),2394.11,7.8,False
2015-06-08T12:00:00,Sanctum Sanctorum,Medical Kits,728.6,5.85,False
2015-06-08T12:00:00,Avengers Compound,Vibranium (kg),2307.99,6.5,False
2015-06-08T12:00:00,Avengers Compound,Arc Reactor Cores,591.77,7.8,False
2015-06-08T12:00:00,Avengers Compound,Pym Particles,606.47,7.15,False
2015-06-08T12:00:00,Avengers Compound,Clean Water (L),2204.64,7.8,False
2015-06-08T12:00:00,Avengers Compound,Medical Kits,615.8,5.85,False
2015-06-08T13:00:00,New Asgard,Vibranium (kg),2414.27,6.45,False
2015-06-08T13:00:00,New Asgard,Arc Reactor Cores,697.0,7.74,False
2015-06-08T13:00:00,New Asgard,Pym Particles,705.87,7.09,False
2015-06-08T13:00:00,New Asgard,Clean Water (L),2399.13,7.74,False
2015-06-08T13:00:00,New Asgard,Medical Kits,732.2,5.8,False
2015-06-08T13:00:00,Wakanda,Vibranium (kg),2415.8,6.45,False
2015-06-08T13:00:00,Wakanda,Arc Reactor Cores,698.98,7.74,False
2015-06-08T13:00:00,Wakanda,Pym Particles,709.59,7.09,False
2015-06-08T13:00:00,Wakanda,Clean Water (L),2399.04,7.74,False
2015-06-08T13:00:00,Wakanda,Medical Kits,728.95,5.8,False
2015-06-08T13:00:00,Sokovia,Vibranium (kg),2313.68,6.45,False
2015-06-08T13:00:00,Sokovia,Arc Reactor Cores,596.62,7.74,False
2015-06-08T13:00:00,Sokovia,Pym Particles,606.02,7.09,False
2015-06-08T13:00:00,Sokovia,Clean Water (L),2207.02,7.74,False
2015-06-08T13:00:00,Sokovia,Medical Kits,626.08,5.8,False
2015-06-08T13:00:00,Sanctum Sanctorum,Vibranium (kg),2417.39,6.45,False
2015-06-08T13:00:00,Sanctum Sanctorum,Arc Reactor Cores,695.33,7.74,False
2015-06-08T13:00:00,Sanctum Sanctorum,Pym Particles,707.69,7.09,False
2015-06-08T13:00:00,Sanctum Sanctorum,Clean Water (L),2393.06,7.74,False
2015-06-08T13:00:00,Sanctum Sanctorum,Medical Kits,726.93,5.8,False
2015-06-08T13:00:00,Avengers Compound,Vibranium (kg),2313.33,6.45,False
2015-06-08T13:00:00,Avengers Compound,Arc Reactor Cores,595.66,7.74,False
2015-06-08T13:00:00,Avengers Compound,Pym Particles,610.56,7.09,False
2015-06-08T13:00:00,Avengers Compound,Clean Water (L),2213.54,7.74,False
2015-06-08T13:00:00,Avengers Compound,Medical Kits,620.91,5.8,False
2015-06-08T14:00:00,New Asgard,Vibranium (kg),2412.78,6.3,False
2015-06-08T14:00:00,New Asgard,Arc Reactor Cores,694.1,7.56,False
2015-06-08T14:00:00,New Asgard,Pym Particles,705.69,6.93,False
2015-06-08T14:00:00,New Asgard,Clean Water (L),2396.22,7.56,False
2015-06-08T14:00:00,New Asgard,Medical Kits,730.39,5.67,False
2015-06-08T14:00:00,Wakanda,Vibranium (kg),2415.11,6.3,False
2015-06-08T14:00:00,Wakanda,Arc Reactor Cores,697.82,7.56,False
2015-06-08T14:00:00,Wakanda,Pym Particles,708.01,6.93,False
2015-06-08T14:00:00,Wakanda,Clean Water (L),2398.86,7.56,False
2015-06-08T14:00:00,Wakanda,Medical Kits,727.4,5.67,False
2015-06-08T14:00:00,Sokovia,Vibranium (kg),2317.33,6.3,False
2015-06-08T14:00:00,Sokovia,Arc Reactor Cores,599.83,7.56,False
2015-06-08T14:00:00,Sokovia,Pym Particles,610.32,6.93,False
2015-06-08T14:00:00,Sokovia,Clean Water (L),2216.95,7.56,False
2015-06-08T14:00:00,Sokovia,Medical Kits,629.49,5.67,False
2015-06-08T14:00:00,Sanctum Sanctorum,Vibranium (kg),2414.92,6.3,False
2015-06-08T14:00:00,Sanctum Sanctorum,Arc Reactor Cores,694.8,7.56,False
2015-06-08T14:00:00,Sanctum Sanctorum,Pym Particles,704.7,6.93,False
2015-06-08T14:00:00,Sanctum Sanctorum,Clean Water (L),2390.73,7.56,False
2015-06-08T14:00:00,Sanctum Sanctorum,Medical Kits,725.34,5.67,False
2015-06-08T14:00:00,Avengers Compound,Vibranium (kg),2316.87,6.3,False
2015-06-08T14:00:00,Avengers Compound,Arc Reactor Cores,599.88,7.56,False
2015-06-08T14:00:00,Avengers Compound,Pym Particles,613.38,6.93,False
2015-06-08T14:00:00,Avengers Compound,Clean Water (L),2220.25,7.56,False
2015-06-08T14:00:00,Avengers Compound,Medical Kits,625.91,5.67,False
2015-06-08T15:00:00,New Asgard,Vibranium (kg),2411.94,6.06,False
2015-06-08T15:00:00,New Asgard,Arc Reactor Cores,692.28,7.27,False
2015-06-08T15:00:00,New Asgard,Pym Particles,704.92,6.67,False
2015-06-08T15:00:00,New Asgard,Clean Water (L),2395.39,7.27,False
2015-06-08T15:00:00,New Asgard,Medical Kits,728.74,5.45,False
2015-06-08T15:00:00,Wakanda,Vibranium (kg),2414.58,6.06,False
2015-06-08T15:00:00,Wakanda,Arc Reactor Cores,697.04,7.27,False
2015-06-08T15:00:00,Wakanda,Pym Particles,708.18,6.67,False
2015-06-08T15:00:00,Wakanda,Clean Water (L),2397.78,7.27,False
2015-06-08T15:00:00,Wakanda,Medical Kits,725.54,5.45,False
2015-06-08T15:00:00,Sokovia,Vibranium (kg),2320.49,6.06,False
2015-06-08T15:00:00,Sokovia,Arc Reactor Cores,603.48,7.27,False
2015-06-08T15:00:00,Sokovia,Pym Particles,614.48,6.67,False
2015-06-08T15:00:00,Sokovia,Clean Water (L),2225.17,7.27,False
2015-06-08T15:00:00,Sokovia,Medical Kits,633.53,5.45,False
2015-06-08T15:00:00,Sanctum Sanctorum,Vibranium (kg),2413.09,6.06,False
2015-06-08T15:00:00,Sanctum Sanctorum,Arc Reactor Cores,693.32,7.27,False
2015-06-08T15:00:00,Sanctum Sanctorum,Pym Particles,704.39,6.67,False
2015-06-08T15:00:00,Sanctum Sanctorum,Clean Water (L),2390.03,7.27,False
2015-06-08T15:00:00,Sanctum Sanctorum,Medical Kits,724.22,5.45,False
2015-06-08T15:00:00,Avengers Compound,Vibranium (kg),2322.3,6.06,False
2015-06-08T15:00:00,Avengers Compound,Arc Reactor Cores,604.22,7.27,False
2015-06-08T15:00:00,Avengers Compound,Pym Particles,618.57,6.67,False
2015-06-08T15:00:00,Avengers Compound,Clean Water (L),2229.17,7.27,False
2015-06-08T15:00:00,Avengers Compound,Medical Kits,630.37,5.45,False
2015-06-08T16:00:00,New Asgard,Vibranium (kg),2412.37,5.75,False
2015-06-08T16:00:00,New Asgard,Arc Reactor Cores,691.85,6.9,False
2015-06-08T16:00:00,New Asgard,Pym Particles,704.89,6.32,False
2015-06-08T16:00:00,New Asgard,Clean Water (L),2394.36,6.9,False
2015-06-08T16:00:00,New Asgard,Medical Kits,728.19,5.17,False
2015-06-08T16:00:00,Wakanda,Vibranium (kg),2413.51,5.75,False
2015-06-08T16:00:00,Wakanda,Arc Reactor Cores,696.45,6.9,False
2015-06-08T16:00:00,Wakanda,Pym Particles,707.71,6.32,False
2015-06-08T16:00:00,Wakanda,Clean Water (L),2397.81,6.9,False
2015-06-08T16:00:00,Wakanda,Medical Kits,726.63,5.17,False
2015-06-08T16:00:00,Sokovia,Vibranium (kg),2325.87,5.75,False
2015-06-08T16:00:00,Sokovia,Arc Reactor Cores,607.66,6.9,False
2015-06-08T16:00:00,Sokovia,Pym Particles,618.82,6.32,False
2015-06-08T16:00:00,Sokovia,Clean Water (L),2233.19,6.9,False
2015-06-08T16:00:00,Sokovia,Medical Kits,636.82,5.17,False
2015-06-08T16:00:00,Sanctum Sanctorum,Vibranium (kg),2412.6,5.75,False
2015-06-08T16:00:00,Sanctum Sanctorum,Arc Reactor Cores,693.4,6.9,False
2015-06-08T16:00:00,Sanctum Sanctorum,Pym Particles,704.68,6.32,False
2015-06-08T16:00:00,Sanctum Sanctorum,Clean Water (L),2389.05,6.9,False
2015-06-08T16:00:00,Sanctum Sanctorum,Medical Kits,723.46,5.17,False
2015-06-08T16:00:00,Avengers Compound,Vibranium (kg),2327.01,5.75,False
2015-06-08T16:00:00,Avengers Compound,Arc Reactor Cores,607.96,6.9,False
2015-06-08T16:00:00,Avengers Compound,Pym Particles,621.86,6.32,False
2015-06-08T16:00:00,Avengers Compound,Clean Water (L),2237.46,6.9,False
2015-06-08T16:00:00,Avengers Compound,Medical Kits,633.99,5.17,False
2015-06-08T17:00:00,New Asgard,Vibranium (kg),2412.1,5.39,False
2015-06-08T17:00:00,New Asgard,Arc Reactor Cores,692.92,6.47,False
2015-06-08T17:00:00,New Asgard,Pym Particles,704.11,5.93,False
2015-06-08T17:00:00,New Asgard,Clean Water (L),2394.15,6.47,False
2015-06-08T17:00:00,New Asgard,Medical Kits,726.22,4.85,False
2015-06-08T17:00:00,Wakanda,Vibranium (kg),2413.64,5.39,False
2015-06-08T17:00:00,Wakanda,Arc Reactor Cores,695.86,6.47,False
2015-06-08T17:00:00,Wakanda,Pym Particles,706.35,5.93,False
2015-06-08T17:00:00,Wakanda,Clean Water (L),2397.26,6.47,False
2015-06-08T17:00:00,Wakanda,Medical Kits,724.87,4.85,False
2015-06-08T17:00:00,Sokovia,Vibranium (kg),2331.0,5.39,False
2015-06-08T17:00:00,Sokovia,Arc Reactor Cores,612.85,6.47,False
2015-06-08T17:00:00,Sokovia,Pym Particles,621.57,5.93,False
2015-06-08T17:00:00,Sokovia,Clean Water (L),2242.79,6.47,False
2015-06-08T17:00:00,Sokovia,Medical Kits,640.66,4.85,False
2015-06-08T17:00:00,Sanctum Sanctorum,Vibranium (kg),2413.58,5.39,False
2015-06-08T17:00:00,Sanctum Sanctorum,Arc Reactor Cores,693.74,6.47,False
2015-06-08T17:00:00,Sanctum Sanctorum,Pym Particles,703.13,5.93,False
2015-06-08T17:00:00,Sanctum Sanctorum,Clean Water (L),2388.47,6.47,False
2015-06-08T17:00:00,Sanctum Sanctorum,Medical Kits,723.68,4.85,False
2015-06-08T17:00:00,Avengers Compound,Vibranium (kg),2332.21,5.39,False
2015-06-08T17:00:00,Avengers Compound,Arc Reactor Cores,612.26,6.47,False
2015-06-08T17:00:00,Avengers Compound,Pym Particles,625.9,5.93,False
2015-06-08T17:00:00,Avengers Compound,Clean Water (L),2246.84,6.47,False
2015-06-08T17:00:00,Avengers Compound,Medical Kits,638.63,4.85,False
2015-06-08T18:00:00,New Asgard,Vibranium (kg),2411.49,5.0,False
2015-06-08T18:00:00,New Asgard,Arc Reactor Cores,694.37,6.0,False
2015-06-08T18:00:00,New Asgard,Pym Particles,704.29,5.5,False
2015-06-08T18:00:00,New Asgard,Clean Water (L),2394.96,6.0,False
2015-06-08T18:00:00,New Asgard,Medical Kits,728.09,4.5,False
2015-06-08T18:00:00,Wakanda,Vibranium (kg),2414.88,5.0,False
2015-06-08T18:00:00,Wakanda,Arc Reactor Cores,697.21,6.0,False
2015-06-08T18:00:00,Wakanda,Pym Particles,706.23,5.5,False
2015-06-08T18:00:00,Wakanda,Clean Water (L),2396.24,6.0,False
2015-06-08T18:00:00,Wakanda,Medical Kits,724.28,4.5,False
2015-06-08T18:00:00,Sokovia,Vibranium (kg),2334.76,5.0,False
2015-06-08T18:00:00,Sokovia,Arc Reactor Cores,616.28,6.0,False
2015-06-08T18:00:00,Sokovia,Pym Particles,627.25,5.5,False
2015-06-08T18:00:00,Sokovia,Clean Water (L),2250.84,6.0,False
2015-06-08T18:00:00,Sokovia,Medical Kits,645.59,4.5,False
2015-06-08T18:00:00,Sanctum Sanctorum,Vibranium (kg),2412.54,5.0,False
2015-06-08T18:00:00,Sanctum Sanctorum,Arc Reactor Cores,694.09,6.0,False
2015-06-08T18:00:00,Sanctum Sanctorum,Pym Particles,704.76,5.5,False
2015-06-08T18:00:00,Sanctum Sanctorum,Clean Water (L),2387.98,6.0,False
2015-06-08T18:00:00,Sanctum Sanctorum,Medical Kits,723.85,4.5,False
2015-06-08T18:00:00,Avengers Compound,Vibranium (kg),2336.12,5.0,False
2015-06-08T18:00:00,Avengers Compound,Arc Reactor Cores,618.17,6.0,False
2015-06-08T18:00:00,Avengers Compound,Pym Particles,629.87,5.5,False
2015-06-08T18:00:00,Avengers Compound,Clean Water (L),2254.27,6.0,False
2015-06-08T18:00:00,Avengers Compound,Medical Kits,641.51,4.5,False
2015-06-08T19:00:00,New Asgard,Vibranium (kg),2413.42,4.61,False
2015-06-08T19:00:00,New Asgard,Arc Reactor Cores,693.98,5.53,False
2015-06-08T19:00:00,New Asgard,Pym Particles,705.75,5.07,False
2015-06-08T19:00:00,New Asgard,Clean Water (L),2395.87,5.53,False
2015-06-08T19:00:00,New Asgard,Medical Kits,728.85,4.15,False
2015-06-08T19:00:00,Wakanda,Vibranium (kg),2413.97,4.61,False
2015-06-08T19:00:00,Wakanda,Arc Reactor Cores,698.08,5.53,False
2015-06-08T19:00:00,Wakanda,Pym Particles,706.86,5.07,False
2015-06-08T19:00:00,Wakanda,Clean Water (L),2396.44,5.53,False
2015-06-08T19:00:00,Wakanda,Medical Kits,724.57,4.15,False
2015-06-08T19:00:00,Sokovia,Vibranium (kg),2338.39,4.61,False
2015-06-08T19:00:00,Sokovia,Arc Reactor Cores,621.98,5.53,False
2015-06-08T19:00:00,Sokovia,Pym Particles,631.7,5.07,False
2015-06-08T19:00:00,Sokovia,Clean Water (L),2259.91,5.53,False
2015-06-08T19:00:00,Sokovia,Medical Kits,651.85,4.15,False
2015-06-08T19:00:00,Sanctum Sanctorum,Vibranium (kg),2413.11,4.61,False
2015-06-08T19:00:00,Sanctum Sanctorum,Arc Reactor Cores,693.53,5.53,False
2015-06-08T19:00:00,Sanctum Sanctorum,Pym Particles,705.46,5.07,False
2015-06-08T19:00:00,Sanctum Sanctorum,Clean Water (L),2388.71,5.53,False
2015-06-08T19:00:00,Sanctum Sanctorum,Medical Kits,723.75,4.15,False
2015-06-08T19:00:00,Avengers Compound,Vibranium (kg),2341.21,4.61,False
2015-06-08T19:00:00,Avengers Compound,Arc Reactor Cores,623.24,5.53,False
2015-06-08T19:00:00,Avengers Compound,Pym Particles,635.01,5.07,False
2015-06-08T19:00:00,Avengers Compound,Clean Water (L),2261.76,5.53,False
2015-06-08T19:00:00,Avengers Compound,Medical Kits,647.8,4.15,False
2015-06-08T20:00:00,New Asgard,Vibranium (kg),2413.88,4.25,False
2015-06-08T20:00:00,New Asgard,Arc Reactor Cores,693.45,5.1,False
2015-06-08T20:00:00,New Asgard,Pym Particles,706.46,4.68,False
2015-06-08T20:00:00,New Asgard,Clean Water (L),2396.79,5.1,False
2015-06-08T20:00:00,New Asgard,Medical Kits,728.18,3.83,False
2015-06-08T20:00:00,Wakanda,Vibranium (kg),2415.47,4.25,False
2015-06-08T20:00:00,Wakanda,Arc Reactor Cores,698.38,5.1,False
2015-06-08T20:00:00,Wakanda,Pym Particles,708.68,4.68,False
2015-06-08T20:00:00,Wakanda,Clean Water (L),2397.32,5.1,False
2015-06-08T20:00:00,Wakanda,Medical Kits,725.74,3.83,False
2015-06-08T20:00:00,Sokovia,Vibranium (kg),2344.82,4.25,False
2015-06-08T20:00:00,Sokovia,Arc Reactor Cores,625.52,5.1,False
2015-06-08T20:00:00,Sokovia,Pym Particles,635.57,4.68,False
2015-06-08T20:00:00,Sokovia,Clean Water (L),2267.44,5.1,False
2015-06-08T20:00:00,Sokovia,Medical Kits,658.0,3.83,False
2015-06-08T20:00:00,Sanctum Sanctorum,Vibranium (kg),2413.93,4.25,False
2015-06-08T20:00:00,Sanctum Sanctorum,Arc Reactor Cores,693.23,5.1,False
2015-06-08T20:00:00,Sanctum Sanctorum,Pym Particles,707.82,4.68,False
2015-06-08T20:00:00,Sanctum Sanctorum,Clean Water (L),2390.9,5.1,False
2015-06-08T20:00:00,Sanctum Sanctorum,Medical Kits,723.47,3.83,False
2015-06-08T20:00:00,Avengers Compound,Vibranium (kg),2346.63,4.25,False
2015-06-08T20:00:00,Avengers Compound,Arc Reactor Cores,627.57,5.1,False
2015-06-08T20:00:00,Avengers Compound,Pym Particles,639.4,4.68,False
2015-06-08T20:00:00,Avengers Compound,Clean Water (L),2270.5,5.1,False
2015-06-08T20:00:00,Avengers Compound,Medical Kits,651.94,3.83,False
2015-06-08T21:00:00,New Asgard,Vibranium (kg),2414.76,3.94,False
2015-06-08T21:00:00,New Asgard,Arc Reactor Cores,694.49,4.73,False
2015-06-08T21:00:00,New Asgard,Pym Particles,706.69,4.33,False
2015-06-08T21:00:00,New Asgard,Clean Water (L),2398.66,4.73,False
2015-06-08T21:00:00,New Asgard,Medical Kits,729.44,3.55,False
2015-06-08T21:00:00,Wakanda,Vibranium (kg),2415.84,3.94,False
2015-06-08T21:00:00,Wakanda,Arc Reactor Cores,700.64,4.73,False
2015-06-08T21:00:00,Wakanda,Pym Particles,710.3,4.33,False
2015-06-08T21:00:00,Wakanda,Clean Water (L),2399.0,4.73,False
2015-06-08T21:00:00,Wakanda,Medical Kits,727.12,3.55,False
2015-06-08T21:00:00,Sokovia,Vibranium (kg),2348.5,3.94,False
2015-06-08T21:00:00,Sokovia,Arc Reactor Cores,630.71,4.73,False
2015-06-08T21:00:00,Sokovia,Pym Particles,640.37,4.33,False
2015-06-08T21:00:00,Sokovia,Clean Water (L),2275.33,4.73,False
2015-06-08T21:00:00,Sokovia,Medical Kits,664.26,3.55,False
2015-06-08T21:00:00,Sanctum Sanctorum,Vibranium (kg),2415.29,3.94,False
2015-06-08T21:00:00,Sanctum Sanctorum,Arc Reactor Cores,696.18,4.73,False
2015-06-08T21:00:00,Sanctum Sanctorum,Pym Particles,708.66,4.33,False
2015-06-08T21:00:00,Sanctum Sanctorum,Clean Water (L),2392.33,4.73,False
2015-06-08T21:00:00,Sanctum Sanctorum,Medical Kits,723.53,3.55,False
2015-06-08T21:00:00,Avengers Compound,Vibranium (kg),2349.87,3.94,False
2015-06-08T21:00:00,Avengers Compound,Arc Reactor Cores,631.07,4.73,False
2015-06-08T21:00:00,Avengers Compound,Pym Particles,644.34,4.33,False
2015-06-08T21:00:00,Avengers Compound,Clean Water (L),2278.88,4.73,False
2015-06-08T21:00:00,Avengers Compound,Medical Kits,657.19,3.55,False
2015-06-08T22:00:00,New Asgard,Vibranium (kg),2415.39,3.7,False
2015-06-08T22:00:00,New Asgard,Arc Reactor Cores,695.33,4.44,False
2015-06-08T22:00:00,New Asgard,Pym Particles,708.01,4.07,False
2015-06-08T22:00:00,New Asgard,Clean Water (L),2400.4,4.44,False
2015-06-08T22:00:00,New Asgard,Medical Kits,731.08,3.33,False
2015-06-08T22:00:00,Wakanda,Vibranium (kg),2416.69,3.7,False
2015-06-08T22:00:00,Wakanda,Arc Reactor Cores,702.36,4.44,False
2015-06-08T22:00:00,Wakanda,Pym Particles,711.99,4.07,False
2015-06-08T22:00:00,Wakanda,Clean Water (L),2399.54,4.44,False
2015-06-08T22:00:00,Wakanda,Medical Kits,729.21,3.33,False
2015-06-08T22:00:00,Sokovia,Vibranium (kg),2354.05,3.7,False
2015-06-08T22:00:00,Sokovia,Arc Reactor Cores,635.66,4.44,False
2015-06-08T22:00:00,Sokovia,Pym Particles,645.54,4.07,False
2015-06-08T22:00:00,Sokovia,Clean Water (L),2283.87,4.44,False
2015-06-08T22:00:00,Sokovia,Medical Kits,669.03,3.33,False
2015-06-08T22:00:00,Sanctum Sanctorum,Vibranium (kg),2416.73,3.7,False
2015-06-08T22:00:00,Sanctum Sanctorum,Arc Reactor Cores,698.78,4.44,False
2015-06-08T22:00:00,Sanctum Sanctorum,Pym Particles,710.24,4.07,False
2015-06-08T22:00:00,Sanctum Sanctorum,Clean Water (L),2393.06,4.44,False
2015-06-08T22:00:00,Sanctum Sanctorum,Medical Kits,724.98,3.33,False
2015-06-08T22:00:00,Avengers Compound,Vibranium (kg),2354.94,3.7,False
2015-06-08T22:00:00,Avengers Compound,Arc Reactor Cores,636.34,4.44,False
2015-06-08T22:00:00,Avengers Compound,Pym Particles,647.96,4.07,False
2015-06-08T22:00:00,Avengers Compound,Clean Water (L),2287.19,4.44,False
2015-06-08T22:00:00,Avengers Compound,Medical Kits,661.77,3.33,False
2015-06-08T23:00:00,New Asgard,Vibranium (kg),2418.13,3.55,False
2015-06-08T23:00:00,New Asgard,Arc Reactor Cores,696.18,4.26,False
2015-06-08T23:00:00,New Asgard,Pym Particles,711.22,3.91,False
2015-06-08T23:00:00,New Asgard,Clean Water (L),2402.1,4.26,False
2015-06-08T23:00:00,New Asgard,Medical Kits,732.33,3.2,False
2015-06-08T23:00:00,Wakanda,Vibranium (kg),2418.79,3.55,False
2015-06-08T23:00:00,Wakanda,Arc Reactor Cores,704.4,4.26,False
2015-06-08T23:00:00,Wakanda,Pym Particles,713.45,3.91,False
2015-06-08T23:00:00,Wakanda,Clean Water (L),2399.53,4.26,False
2015-06-08T23:00:00,Wakanda,Medical Kits,731.33,3.2,False
2015-06-08T23:00:00,Sokovia,Vibranium (kg),2358.56,3.55,False
2015-06-08T23:00:00,Sokovia,Arc Reactor Cores,641.93,4.26,False
2015-06-08T23:00:00,Sokovia,Pym Particles,650.17,3.91,False
2015-06-08T23:00:00,Sokovia,Clean Water (L),2291.64,4.26,False
2015-06-08T23:00:00,Sokovia,Medical Kits,673.14,3.2,False
2015-06-08T23:00:00,Sanctum Sanctorum,Vibranium (kg),2416.92,3.55,False
2015-06-08T23:00:00,Sanctum Sanctorum,Arc Reactor Cores,700.67,4.26,False
2015-06-08T23:00:00,Sanctum Sanctorum,Pym Particles,711.81,3.91,False
2015-06-08T23:00:00,Sanctum Sanctorum,Clean Water (L),2396.01,4.26,False
2015-06-08T23:00:00,Sanctum Sanctorum,Medical Kits,728.15,3.2,False
2015-06-08T23:00:00,Avengers Compound,Vibranium (kg),2359.29,3.55,False
2015-06-08T23:00:00,Avengers Compound,Arc Reactor Cores,641.49,4.26,False
2015-06-08T23:00:00,Avengers Compound,Pym Particles,651.63,3.91,False
2015-06-08T23:00:00,Avengers Compound,Clean Water (L),2294.72,4.26,False
2015-06-08T23:00:00,Avengers Compound,Medical Kits,667.05,3.2,False
2015-06-09T00:00:00,New Asgard,Vibranium (kg),2419.64,3.5,False
2015-06-09T00:00:00,New Asgard,Arc Reactor Cores,696.98,4.2,False
2015-06-09T00:00:00,New Asgard,Pym Particles,711.3,3.85,False
2015-06-09T00:00:00,New Asgard,Clean Water (L),2404.43,4.2,False
2015-06-09T00:00:00,New Asgard,Medical Kits,733.38,3.15,False
2015-06-09T00:00:00,Wakanda,Vibranium (kg),2420.19,3.5,False
2015-06-09T00:00:00,Wakanda,Arc Reactor Cores,704.58,4.2,False
2015-06-09T00:00:00,Wakanda,Pym Particles,713.08,3.85,False
2015-06-09T00:00:00,Wakanda,Clean Water (L),2402.5,4.2,False
2015-06-09T00:00:00,Wakanda,Medical Kits,732.8,3.15,False
2015-06-09T00:00:00,Sokovia,Vibranium (kg),2362.46,3.5,False
2015-06-09T00:00:00,Sokovia,Arc Reactor Cores,647.04,4.2,False
2015-06-09T00:00:00,Sokovia,Pym Particles,653.61,3.85,False
2015-06-09T00:00:00,Sokovia,Clean Water (L),2299.42,4.2,False
2015-06-09T00:00:00,Sokovia,Medical Kits,678.56,3.15,False
2015-06-09T00:00:00,Sanctum Sanctorum,Vibranium (kg),2418.87,3.5,False
2015-06-09T00:00:00,Sanctum Sanctorum,Arc Reactor Cores,703.66,4.2,False
2015-06-09T00:00:00,Sanctum Sanctorum,Pym Particles,715.08,3.85,False
2015-06-09T00:00:00,Sanctum Sanctorum,Clean Water (L),2398.57,4.2,False
2015-06-09T00:00:00,Sanctum Sanctorum,Medical Kits,730.88,3.15,False
2015-06-09T00:00:00,Avengers Compound,Vibranium (kg),2363.74,3.5,False
2015-06-09T00:00:00,Avengers Compound,Arc Reactor Cores,646.26,4.2,False
2015-06-09T00:00:00,Avengers Compound,Pym Particles,655.39,3.85,False
2015-06-09T00:00:00,Avengers Compound,Clean Water (L),2300.85,4.2,False
2015-06-09T00:00:00,Avengers Compound,Medical Kits,670.69,3.15,False
2015-06-09T01:00:00,New Asgard,Vibranium (kg),2421.59,3.55,False
2015-06-09T01:00:00,New Asgard,Arc Reactor Cores,700.2,4.26,False
2015-06-09T01:00:00,New Asgard,Pym Particles,712.11,3.91,False
2015-06-09T01:00:00,New Asgard,Clean Water (L),2404.23,4.26,False
2015-06-09T01:00:00,New Asgard,Medical Kits,733.84,3.2,False
2015-06-09T01:00:00,Wakanda,Vibranium (kg),2421.1,3.55,False
2015-06-09T01:00:00,Wakanda,Arc Reactor Cores,705.85,4.26,False
2015-06-09T01:00:00,Wakanda,Pym Particles,714.49,3.91,False
2015-06-09T01:00:00,Wakanda,Clean Water (L),2404.79,4.26,False
2015-06-09T01:00:00,Wakanda,Medical Kits,735.64,3.2,False
2015-06-09T01:00:00,Sokovia,Vibranium (kg),2367.91,3.55,False
2015-06-09T01:00:00,Sokovia,Arc Reactor Cores,652.02,4.26,False
2015-06-09T01:00:00,Sokovia,Pym Particles,657.77,3.91,False
2015-06-09T01:00:00,Sokovia,Clean Water (L),2307.23,4.26,False
2015-06-09T01:00:00,Sokovia,Medical Kits,681.73,3.2,False
2015-06-09T01:00:00,Sanctum Sanctorum,Vibranium (kg),2420.07,3.55,False
2015-06-09T01:00:00,Sanctum Sanctorum,Arc Reactor Cores,704.58,4.26,False
2015-06-09T01:00:00,Sanctum Sanctorum,Pym Particles,716.32,3.91,False
2015-06-09T01:00:00,Sanctum Sanctorum,Clean Water (L),2399.64,4.26,False
2015-06-09T01:00:00,Sanctum Sanctorum,Medical Kits,732.51,3.2,False
2015-06-09T01:00:00,Avengers Compound,Vibranium (kg),2367.31,3.55,False
2015-06-09T01:00:00,Avengers Compound,Arc Reactor Cores,650.39,4.26,False
2015-06-09T01:00:00,Avengers Compound,Pym Particles,660.67,3.91,False
2015-06-09T01:00:00,Avengers Compound,Clean Water (L),2306.69,4.26,False
2015-06-09T01:00:00,Avengers Compound,Medical Kits,674.62,3.2,False
2015-06-09T02:00:00,New Asgard,Vibranium (kg),2422.86,3.7,False
2015-06-09T02:00:00,New Asgard,Arc Reactor Cores,701.0,4.44,False
2015-06-09T02:00:00,New Asgard,Pym Particles,712.85,4.07,False
2015-06-09T02:00:00,New Asgard,Clean Water (L),2406.3,4.44,False
2015-06-09T02:00:00,New Asgard,Medical Kits,734.96,3.33,False
2015-06-09T02:00:00,Wakanda,Vibranium (kg),2422.52,3.7,False
2015-06-09T02:00:00,Wakanda,Arc Reactor Cores,708.46,4.44,False
2015-06-09T02:00:00,Wakanda,Pym Particles,715.66,4.07,False
2015-06-09T02:00:00,Wakanda,Clean Water (L),2406.58,4.44,False
2015-06-09T02:00:00,Wakanda,Medical Kits,737.28,3.33,False
2015-06-09T02:00:00,Sokovia,Vibranium (kg),2372.41,3.7,False
2015-06-09T02:00:00,Sokovia,Arc Reactor Cores,655.81,4.44,False
2015-06-09T02:00:00,Sokovia,Pym Particles,662.11,4.07,False
2015-06-09T02:00:00,Sokovia,Clean Water (L),2312.22,4.44,False
2015-06-09T02:00:00,Sokovia,Medical Kits,685.15,3.33,False
2015-06-09T02:00:00,Sanctum Sanctorum,Vibranium (kg),2420.21,3.7,False
2015-06-09T02:00:00,Sanctum Sanctorum,Arc Reactor Cores,706.47,4.44,False
2015-06-09T02:00:00,Sanctum Sanctorum,Pym Particles,716.84,4.07,False
2015-06-09T02:00:00,Sanctum Sanctorum,Clean Water (L),2401.06,4.44,False
2015-06-09T02:00:00,Sanctum Sanctorum,Medical Kits,732.44,3.33,False
2015-06-09T02:00:00,Avengers Compound,Vibranium (kg),2370.01,3.7,False
2015-06-09T02:00:00,Avengers Compound,Arc Reactor Cores,654.4,4.44,False
2015-06-09T02:00:00,Avengers Compound,Pym Particles,663.22,4.07,False
2015-06-09T02:00:00,Avengers Compound,Clean Water (L),2312.25,4.44,False
2015-06-09T02:00:00,Avengers Compound,Medical Kits,678.46,3.33,False
2015-06-09T03:00:00,New Asgard,Vibranium (kg),2424.34,3.94,False
2015-06-09T03:00:00,New Asgard,Arc Reactor Cores,701.78,4.73,False
2015-06-09T03:00:00,New Asgard,Pym Particles,714.22,4.33,False
2015-06-09T03:00:00,New Asgard,Clean Water (L),2407.21,4.73,False
2015-06-09T03:00:00,New Asgard,Medical Kits,735.71,3.55,False
2015-06-09T03:00:00,Wakanda,Vibranium (kg),2423.53,3.94,False
2015-06-09T03:00:00,Wakanda,Arc Reactor Cores,710.86,4.73,False
2015-06-09T03:00:00,Wakanda,Pym Particles,717.14,4.33,False
2015-06-09T03:00:00,Wakanda,Clean Water (L),2408.07,4.73,False
2015-06-09T03:00:00,Wakanda,Medical Kits,737.63,3.55,False
2015-06-09T03:00:00,Sokovia,Vibranium (kg),2375.33,3.94,False
2015-06-09T03:00:00,Sokovia,Arc Reactor Cores,658.85,4.73,False
2015-06-09T03:00:00,Sokovia,Pym Particles,665.52,4.33,False
2015-06-09T03:00:00,Sokovia,Clean Water (L),2317.78,4.73,False
2015-06-09T03:00:00,Sokovia,Medical Kits,688.6,3.55,False
2015-06-09T03:00:00,Sanctum Sanctorum,Vibranium (kg),2420.26,3.94,False
2015-06-09T03:00:00,Sanctum Sanctorum,Arc Reactor Cores,707.78,4.73,False
2015-06-09T03:00:00,Sanctum Sanctorum,Pym Particles,718.95,4.33,False
2015-06-09T03:00:00,Sanctum Sanctorum,Clean Water (L),2403.19,4.73,False
2015-06-09T03:00:00,Sanctum Sanctorum,Medical Kits,734.25,3.55,False
2015-06-09T03:00:00,Avengers Compound,Vibranium (kg),2374.14,3.94,False
2015-06-09T03:00:00,Avengers Compound,Arc Reactor Cores,657.71,4.73,False
2015-06-09T03:00:00,Avengers Compound,Pym Particles,667.62,4.33,False
2015-06-09T03:00:00,Avengers Compound,Clean Water (L),2318.48,4.73,False
2015-06-09T03:00:00,Avengers Compound,Medical Kits,682.06,3.55,False
2015-06-09T04:00:00,New Asgard,Vibranium (kg),2425.04,4.25,False
2015-06-09T04:00:00,New Asgard,Arc Reactor Cores,703.09,5.1,False
2015-06-09T04:00:00,New Asgard,Pym Particles,714.9,4.68,False
2015-06-09T04:00:00,New Asgard,Clean Water (L),2407.88,5.1,False
2015-06-09T04:00:00,New Asgard,Medical Kits,735.88,3.83,False
2015-06-09T04:00:00,Wakanda,Vibranium (kg),2425.49,4.25,False
2015-06-09T04:00:00,Wakanda,Arc Reactor Cores,710.66,5.1,False
2015-06-09T04:00:00,Wakanda,Pym Particles,718.59,4.68,False
2015-06-09T04:00:00,Wakanda,Clean Water (L),2409.33,5.1,False
2015-06-09T04:00:00,Wakanda,Medical Kits,739.41,3.83,False
2015-06-09T04:00:00,Sokovia,Vibranium (kg),2377.95,4.25,False
2015-06-09T04:00:00,Sokovia,Arc Reactor Cores,661.1,5.1,False
2015-06-09T04:00:00,Sokovia,Pym Particles,669.49,4.68,False
2015-06-09T04:00:00,Sokovia,Clean Water (L),2322.47,5.1,False
2015-06-09T04:00:00,Sokovia,Medical Kits,690.27,3.83,False
2015-06-09T04:00:00,Sanctum Sanctorum,Vibranium (kg),2421.84,4.25,False
2015-06-09T04:00:00,Sanctum Sanctorum,Arc Reactor Cores,707.2,5.1,False
2015-06-09T04:00:00,Sanctum Sanctorum,Pym Particles,718.66,4.68,False
2015-06-09T04:00:00,Sanctum Sanctorum,Clean Water (L),2403.39,5.1,False
2015-06-09T04:00:00,Sanctum Sanctorum,Medical Kits,733.1,3.83,False
2015-06-09T04:00:00,Avengers Compound,Vibranium (kg),2376.05,4.25,False
2015-06-09T04:00:00,Avengers Compound,Arc Reactor Cores,660.99,5.1,False
2015-06-09T04:00:00,Avengers Compound,Pym Particles,671.94,4.68,False
2015-06-09T04:00:00,Avengers Compound,Clean Water (L),2324.99,5.1,False
2015-06-09T04:00:00,Avengers Compound,Medical Kits,684.17,3.83,False
2015-06-09T05:00:00,New Asgard,Vibranium (kg),2424.87,4.61,False
2015-06-09T05:00:00,New Asgard,Arc Reactor Cores,703.35,5.53,False
2015-06-09T05:00:00,New Asgard,Pym Particles,713.39,5.07,False
2015-06-09T05:00:00,New Asgard,Clean Water (L),2406.73,5.53,False
2015-06-09T05:00:00,New Asgard,Medical Kits,734.36,4.15,False
2015-06-09T05:00:00,Wakanda,Vibranium (kg),2426.45,4.61,False
2015-06-09T05:00:00,Wakanda,Arc Reactor Cores,710.85,5.53,False
2015-06-09T05:00:00,Wakanda,Pym Particles,718.53,5.07,False
2015-06-09T05:00:00,Wakanda,Clean Water (L),2409.09,5.53,False
2015-06-09T05:00:00,Wakanda,Medical Kits,739.26,4.15,False
2015-06-09T05:00:00,Sokovia,Vibranium (kg),2379.62,4.61,False
2015-06-09T05:00:00,Sokovia,Arc Reactor Cores,663.79,5.53,False
2015-06-09T05:00:00,Sokovia,Pym Particles,673.32,5.07,False
2015-06-09T05:00:00,Sokovia,Clean Water (L),2326.98,5.53,False
2015-06-09T05:00:00,Sokovia,Medical Kits,694.14,4.15,False
2015-06-09T05:00:00,Sanctum Sanctorum,Vibranium (kg),2421.66,4.61,False
2015-06-09T05:00:00,Sanctum Sanctorum,Arc Reactor Cores,708.13,5.53,False
2015-06-09T05:00:00,Sanctum Sanctorum,Pym Particles,719.29,5.07,False
2015-06-09T05:00:00,Sanctum Sanctorum,Clean Water (L),2404.92,5.53,False
2015-06-09T05:00:00,Sanctum Sanctorum,Medical Kits,733.18,4.15,False
2015-06-09T05:00:00,Avengers Compound,Vibranium (kg),2379.48,4.61,False
2015-06-09T05:00:00,Avengers Compound,Arc Reactor Cores,663.19,5.53,False
2015-06-09T05:00:00,Avengers Compound,Pym Particles,674.12,5.07,False
2015-06-09T05:00:00,Avengers Compound,Clean Water (L),2330.13,5.53,False
2015-06-09T05:00:00,Avengers Compound,Medical Kits,686.34,4.15,False
2015-06-09T06:00:00,New Asgard,Vibranium (kg),2424.39,5.0,False
2015-06-09T06:00:00,New Asgard,Arc Reactor Cores,704.15,6.0,False
2015-06-09T06:00:00,New Asgard,Pym Particles,711.46,5.5,False
2015-06-09T06:00:00,New Asgard,Clean Water (L),2405.09,6.0,False
2015-06-09T06:00:00,New Asgard,Medical Kits,734.61,4.5,False
2015-06-09T06:00:00,Wakanda,Vibranium (kg),2425.88,5.0,False
2015-06-09T06:00:00,Wakanda,Arc Reactor Cores,711.52,6.0,False
2015-06-09T06:00:00,Wakanda,Pym Particles,717.53,5.5,False
2015-06-09T06:00:00,Wakanda,Clean Water (L),2408.94,6.0,False
2015-06-09T06:00:00,Wakanda,Medical Kits,740.11,4.5,False
2015-06-09T06:00:00,Sokovia,Vibranium (kg),2381.5,5.0,False
2015-06-09T06:00:00,Sokovia,Arc Reactor Cores,665.99,6.0,False
2015-06-09T06:00:00,Sokovia,Pym Particles,674.77,5.5,False
2015-06-09T06:00:00,Sokovia,Clean Water (L),2331.71,6.0,False
2015-06-09T06:00:00,Sokovia,Medical Kits,696.45,4.5,False
2015-06-09T06:00:00,Sanctum Sanctorum,Vibranium (kg),2420.9,5.0,False
2015-06-09T06:00:00,Sanctum Sanctorum,Arc Reactor Cores,707.68,6.0,False
2015-06-09T06:00:00,Sanctum Sanctorum,Pym Particles,718.2,5.5,False
2015-06-09T06:00:00,Sanctum Sanctorum,Clean Water (L),2405.54,6.0,False
2015-06-09T06:00:00,Sanctum Sanctorum,Medical Kits,734.91,4.5,False
2015-06-09T06:00:00,Avengers Compound,Vibranium (kg),2382.27,5.0,False
2015-06-09T06:00:00,Avengers Compound,Arc Reactor Cores,665.38,6.0,False
2015-06-09T06:00:00,Avengers Compound,Pym Particles,674.74,5.5,False
2015-06-09T06:00:00,Avengers Compound,Clean Water (L),2334.69,6.0,False
2015-06-09T06:00:00,Avengers Compound,Medical Kits,688.99,4.5,False
2015-06-09T07:00:00,New Asgard,Vibranium (kg),2422.36,5.39,False
2015-06-09T07:00:00,New Asgard,Arc Reactor Cores,703.12,6.47,False
2015-06-09T07:00:00,New Asgard,Pym Particles,711.34,5.93,False
2015-06-09T07:00:00,New Asgard,Clean Water (L),2405.01,6.47,False
2015-06-09T07:00:00,New Asgard,Medical Kits,734.13,4.85,False
2015-06-09T07:00:00,Wakanda,Vibranium (kg),2426.13,5.39,False
2015-06-09T07:00:00,Wakanda,Arc Reactor Cores,711.19,6.47,False
2015-06-09T07:00:00,Wakanda,Pym Particles,717.23,5.93,False
2015-06-09T07:00:00,Wakanda,Clean Water (L),2408.1,6.47,False
2015-06-09T07:00:00,Wakanda,Medical Kits,737.74,4.85,False
2015-06-09T07:00:00,Sokovia,Vibranium (kg),2383.85,5.39,False
2015-06-09T07:00:00,Sokovia,Arc Reactor Cores,668.54,6.47,False
2015-06-09T07:00:00,Sokovia,Pym Particles,675.62,5.93,False
2015-06-09T07:00:00,Sokovia,Clean Water (L),2333.79,6.47,False
2015-06-09T07:00:00,Sokovia,Medical Kits,697.01,4.85,False
2015-06-09T07:00:00,Sanctum Sanctorum,Vibranium (kg),2419.15,5.39,False
2015-06-09T07:00:00,Sanctum Sanctorum,Arc Reactor Cores,708.06,6.47,False
2015-06-09T07:00:00,Sanctum Sanctorum,Pym Particles,717.24,5.93,False
2015-06-09T07:00:00,Sanctum Sanctorum,Clean Water (L),2405.78,6.47,False
2015-06-09T07:00:00,Sanctum Sanctorum,Medical Kits,734.84,4.85,False
2015-06-09T07:00:00,Avengers Compound,Vibranium (kg),2384.37,5.39,False
2015-06-09T07:00:00,Avengers Compound,Arc Reactor Cores,667.63,6.47,False
2015-06-09T07:00:00,Avengers Compound,Pym Particles,676.31,5.93,False
2015-06-09T07:00:00,Avengers Compound,Clean Water (L),2336.11,6.47,False
2015-06-09T07:00:00,Avengers Compound,Medical Kits,690.34,4.85,False
2015-06-09T08:00:00,New Asgard,Vibranium (kg),2422.36,5.75,False
2015-06-09T08:00:00,New Asgard,Arc Reactor Cores,702.68,6.9,False
2015-06-09T08:00:00,New Asgard,Pym Particles,709.9,6.32,False
2015-06-09T08:00:00,New Asgard,Clean Water (L),2403.44,6.9,False
2015-06-09T08:00:00,New Asgard,Medical Kits,733.49,5.17,False
2015-06-09T08:00:00,Wakanda,Vibranium (kg),2424.82,5.75,False
2015-06-09T08:00:00,Wakanda,Arc Reactor Cores,709.27,6.9,False
2015-06-09T08:00:00,Wakanda,Pym Particles,714.85,6.32,False
2015-06-09T08:00:00,Wakanda,Clean Water (L),2407.75,6.9,False
2015-06-09T08:00:00,Wakanda,Medical Kits,735.82,5.17,False
2015-06-09T08:00:00,Sokovia,Vibranium (kg),2384.81,5.75,False
2015-06-09T08:00:00,Sokovia,Arc Reactor Cores,669.17,6.9,False
2015-06-09T08:00:00,Sokovia,Pym Particles,675.84,6.32,False
2015-06-09T08:00:00,Sokovia,Clean Water (L),2336.84,6.9,False
2015-06-09T08:00:00,Sokovia,Medical Kits,697.09,5.17,False
2015-06-09T08:00:00,Sanctum Sanctorum,Vibranium (kg),2419.09,5.75,False
2015-06-09T08:00:00,Sanctum Sanctorum,Arc Reactor Cores,706.15,6.9,False
2015-06-09T08:00:00,Sanctum Sanctorum,Pym Particles,714.77,6.32,False
2015-06-09T08:00:00,Sanctum Sanctorum,Clean Water (L),2405.02,6.9,False
2015-06-09T08:00:00,Sanctum Sanctorum,Medical Kits,733.23,5.17,False
2015-06-09T08:00:00,Avengers Compound,Vibranium (kg),2385.45,5.75,False
2015-06-09T08:00:00,Avengers Compound,Arc Reactor Cores,668.25,6.9,False
2015-06-09T08:00:00,Avengers Compound,Pym Particles,675.68,6.32,False
2015-06-09T08:00:00,Avengers Compound,Clean Water (L),2338.52,6.9,False
2015-06-09T08:00:00,Avengers Compound,Medical Kits,691.12,5.17,False
2015-06-09T09:00:00,New Asgard,Vibranium (kg),2421.55,6.06,False
2015-06-09T09:00:00,New Asgard,Arc Reactor Cores,702.73,7.27,False
2015-06-09T09:00:00,New Asgard,Pym Particles,709.14,6.67,False
2015-06-09T09:00:00,New Asgard,Clean Water (L),2401.85,7.27,False
2015-06-09T09:00:00,New Asgard,Medical Kits,731.84,5.45,False
2015-06-09T09:00:00,Wakanda,Vibranium (kg),2422.24,6.06,False
2015-06-09T09:00:00,Wakanda,Arc Reactor Cores,707.36,7.27,False
2015-06-09T09:00:00,Wakanda,Pym Particles,713.5,6.67,False
2015-06-09T09:00:00,Wakanda,Clean Water (L),2406.74,7.27,False
2015-06-09T09:00:00,Wakanda,Medical Kits,734.37,5.45,False
2015-06-09T09:00:00,Sokovia,Vibranium (kg),2385.11,6.06,False
2015-06-09T09:00:00,Sokovia,Arc Reactor Cores,669.32,7.27,False
2015-06-09T09:00:00,Sokovia,Pym Particles,675.8,6.67,False
2015-06-09T09:00:00,Sokovia,Clean Water (L),2337.83,7.27,False
2015-06-09T09:00:00,Sokovia,Medical Kits,696.66,5.45,False
2015-06-09T09:00:00,Sanctum Sanctorum,Vibranium (kg),2418.94,6.06,False
2015-06-09T09:00:00,Sanctum Sanctorum,Arc Reactor Cores,704.64,7.27,False
2015-06-09T09:00:00,Sanctum Sanctorum,Pym Particles,713.52,6.67,False
2015-06-09T09:00:00,Sanctum Sanctorum,Clean Water (L),2403.21,7.27,False
2015-06-09T09:00:00,Sanctum Sanctorum,Medical Kits,731.85,5.45,False
2015-06-09T09:00:00,Avengers Compound,Vibranium (kg),2385.99,6.06,False
2015-06-09T09:00:00,Avengers Compound,Arc Reactor Cores,668.26,7.27,False
2015-06-09T09:00:00,Avengers Compound,Pym Particles,676.52,6.67,False
2015-06-09T09:00:00,Avengers Compound,Clean Water (L),2341.92,7.27,False
2015-06-09T09:00:00,Avengers Compound,Medical Kits,690.49,5.45,False
2015-06-09T10:00:00,New Asgard,Vibranium (kg),2419.16,6.3,False
2015-06-09T10:00:00,New Asgard,Arc Reactor Cores,701.78,7.56,False
2015-06-09T10:00:00,New Asgard,Pym Particles,708.05,6.93,False
2015-06-09T10:00:00,New Asgard,Clean Water (L),2400.53,7.56,False
2015-06-09T10:00:00,New Asgard,Medical Kits,729.73,5.67,False
2015-06-09T10:00:00,Wakanda,Vibranium (kg),2420.06,6.3,False
2015-06-09T10:00:00,Wakanda,Arc Reactor Cores,704.42,7.56,False
2015-06-09T10:00:00,Wakanda,Pym Particles,712.84,6.93,False
2015-06-09T10:00:00,Wakanda,Clean Water (L),2404.82,7.56,False
2015-06-09T10:00:00,Wakanda,Medical Kits,733.83,5.67,False
2015-06-09T10:00:00,Sokovia,Vibranium (kg),2384.5,6.3,False
2015-06-09T10:00:00,Sokovia,Arc Reactor Cores,669.86,7.56,False
2015-06-09T10:00:00,Sokovia,Pym Particles,676.71,6.93,False
2015-06-09T10:00:00,Sokovia,Clean Water (L),2339.31,7.56,False
2015-06-09T10:00:00,Sokovia,Medical Kits,697.23,5.67,False
2015-06-09T10:00:00,Sanctum Sanctorum,Vibranium (kg),2417.48,6.3,False
2015-06-09T10:00:00,Sanctum Sanctorum,Arc Reactor Cores,702.82,7.56,False
2015-06-09T10:00:00,Sanctum Sanctorum,Pym Particles,712.0,6.93,False
2015-06-09T10:00:00,Sanctum Sanctorum,Clean Water (L),2402.38,7.56,False
2015-06-09T10:00:00,Sanctum Sanctorum,Medical Kits,730.3,5.67,False
2015-06-09T10:00:00,Avengers Compound,Vibranium (kg),2385.77,6.3,False
2015-06-09T10:00:00,Avengers Compound,Arc Reactor Cores,668.55,7.56,False
2015-06-09T10:00:00,Avengers Compound,Pym Particles,677.02,6.93,False
2015-06-09T10:00:00,Avengers Compound,Clean Water (L),2343.06,7.56,False
2015-06-09T10:00:00,Avengers Compound,Medical Kits,691.11,5.67,False
2015-06-09T11:00:00,New Asgard,Vibranium (kg),2417.81,6.45,False
2015-06-09T11:00:00,New Asgard,Arc Reactor Cores,700.1,7.74,False
2015-06-09T11:00:00,New Asgard,Pym Particles,707.52,7.09,False
2015-06-09T11:00:00,New Asgard,Clean Water (L),2398.91,7.74,False
2015-06-09T11:00:00,New Asgard,Medical Kits,728.12,5.8,False
2015-06-09T11:00:00,Wakanda,Vibranium (kg),2417.3,6.45,False
2015-06-09T11:00:00,Wakanda,Arc Reactor Cores,701.21,7.74,False
2015-06-09T11:00:00,Wakanda,Pym Particles,710.46,7.09,False
2015-06-09T11:00:00,Wakanda,Clean Water (L),2401.71,7.74,False
2015-06-09T11:00:00,Wakanda,Medical Kits,732.42,5.8,False
2015-06-09T11:00:00,Sokovia,Vibranium (kg),2384.78,6.45,False
2015-06-09T11:00:00,Sokovia,Arc Reactor Cores,669.93,7.74,False
2015-06-09T11:00:00,Sokovia,Pym Particles,675.41,7.09,False
2015-06-09T11:00:00,Sokovia,Clean Water (L),2339.19,7.74,False
2015-06-09T11:00:00,Sokovia,Medical Kits,696.64,5.8,False
2015-06-09T11:00:00,Sanctum Sanctorum,Vibranium (kg),2417.1,6.45,False
2015-06-09T11:00:00,Sanctum Sanctorum,Arc Reactor Cores,700.98,7.74,False
2015-06-09T11:00:00,Sanctum Sanctorum,Pym Particles,711.18,7.09,False
2015-06-09T11:00:00,Sanctum Sanctorum,Clean Water (L),2401.46,7.74,False
2015-06-09T11:00:00,Sanctum Sanctorum,Medical Kits,729.02,5.8,False
2015-06-09T11:00:00,Avengers Compound,Vibranium (kg),2386.11,6.45,False
2015-06-09T11:00:00,Avengers Compound,Arc Reactor Cores,669.26,7.74,False
2015-06-09T11:00:00,Avengers Compound,Pym Particles,676.76,7.09,False
2015-06-09T11:00:00,Avengers Compound,Clean Water (L),2343.72,7.74,False
2015-06-09T11:00:00,Avengers Compound,Medical Kits,692.46,5.8,False
2015-06-09T12:00:00,New Asgard,Vibranium (kg),2417.06,6.5,False
2015-06-09T12:00:00,New Asgard,Arc Reactor Cores,697.22,7.8,False
2015-06-09T12:00:00,New Asgard,Pym Particles,706.14,7.15,False
2015-06-09T12:00:00,New Asgard,Clean Water (L),2398.09,7.8,False
2015-06-09T12:00:00,New Asgard,Medical Kits,727.34,5.85,False
2015-06-09T12:00:00,Wakanda,Vibranium (kg),2417.38,6.5,False
2015-06-09T12:00:00,Wakanda,Arc Reactor Cores,700.93,7.8,False
2015-06-09T12:00:00,Wakanda,Pym Particles,708.81,7.15,False
2015-06-09T12:00:00,Wakanda,Clean Water (L),2399.86,7.8,False
2015-06-09T12:00:00,Wakanda,Medical Kits,731.09,5.85,False
2015-06-09T12:00:00,Sokovia,Vibranium (kg),2386.02,6.5,False
2015-06-09T12:00:00,Sokovia,Arc Reactor Cores,670.0,7.8,False
2015-06-09T12:00:00,Sokovia,Pym Particles,675.67,7.15,False
2015-06-09T12:00:00,Sokovia,Clean Water (L),2339.42,7.8,False
2015-06-09T12:00:00,Sokovia,Medical Kits,696.81,5.85,False
2015-06-09T12:00:00,Sanctum Sanctorum,Vibranium (kg),2415.42,6.5,False
2015-06-09T12:00:00,Sanctum Sanctorum,Arc Reactor Cores,700.33,7.8,False
2015-06-09T12:00:00,Sanctum Sanctorum,Pym Particles,709.79,7.15,False
2015-06-09T12:00:00,Sanctum Sanctorum,Clean Water (L),2399.82,7.8,False
2015-06-09T12:00:00,Sanctum Sanctorum,Medical Kits,727.69,5.85,False
2015-06-09T12:00:00,Avengers Compound,Vibranium (kg),2387.6,6.5,False
2015-06-09T12:00:00,Avengers Compound,Arc Reactor Cores,668.61,7.8,False
2015-06-09T12:00:00,Avengers Compound,Pym Particles,677.25,7.15,False
2015-06-09T12:00:00,Avengers Compound,Clean Water (L),2344.1,7.8,False
2015-06-09T12:00:00,Avengers Compound,Medical Kits,691.82,5.85,False
2015-06-09T13:00:00,New Asgard,Vibranium (kg),2415.68,6.45,False
2015-06-09T13:00:00,New Asgard,Arc Reactor Cores,694.51,7.74,False
2015-06-09T13:00:00,New Asgard,Pym Particles,704.27,7.09,False
2015-06-09T13:00:00,New Asgard,Clean Water (L),2397.32,7.74,False
2015-06-09T13:00:00,New Asgard,Medical Kits,726.81,5.8,False
2015-06-09T13:00:00,Wakanda,Vibranium (kg),2416.91,6.45,False
2015-06-09T13:00:00,Wakanda,Arc Reactor Cores,698.88,7.74,False
2015-06-09T13:00:00,Wakanda,Pym Particles,706.05,7.09,False
2015-06-09T13:00:00,Wakanda,Clean Water (L),2398.98,7.74,False
2015-06-09T13:00:00,Wakanda,Medical Kits,731.39,5.8,False
2015-06-09T13:00:00,Sokovia,Vibranium (kg),2388.15,6.45,False
2015-06-09T13:00:00,Sokovia,Arc Reactor Cores,669.98,7.74,False
2015-06-09T13:00:00,Sokovia,Pym Particles,675.15,7.09,False
2015-06-09T13:00:00,Sokovia,Clean Water (L),2341.04,7.74,False
2015-06-09T13:00:00,Sokovia,Medical Kits,698.04,5.8,False
2015-06-09T13:00:00,Sanctum Sanctorum,Vibranium (kg),2414.85,6.45,False
2015-06-09T13:00:00,Sanctum Sanctorum,Arc Reactor Cores,698.46,7.74,False
2015-06-09T13:00:00,Sanctum Sanctorum,Pym Particles,707.58,7.09,False
2015-06-09T13:00:00,Sanctum Sanctorum,Clean Water (L),2398.28,7.74,False
2015-06-09T13:00:00,Sanctum Sanctorum,Medical Kits,726.25,5.8,False
2015-06-09T13:00:00,Avengers Compound,Vibranium (kg),2386.4,6.45,False
2015-06-09T13:00:00,Avengers Compound,Arc Reactor Cores,668.18,7.74,False
2015-06-09T13:00:00,Avengers Compound,Pym Particles,679.0,7.09,False
2015-06-09T13:00:00,Avengers Compound,Clean Water (L),2345.16,7.74,False
2015-06-09T13:00:00,Avengers Compound,Medical Kits,692.77,5.8,False
2015-06-09T14:00:00,New Asgard,Vibranium (kg),2415.11,6.3,False
2015-06-09T14:00:00,New Asgard,Arc Reactor Cores,693.04,7.56,False
2015-06-09T14:00:00,New Asgard,Pym Particles,704.05,6.93,False
2015-06-09T14:00:00,New Asgard,Clean Water (L),2396.49,7.56,False
2015-06-09T14:00:00,New Asgard,Medical Kits,726.17,5.67,False
2015-06-09T14:00:00,Wakanda,Vibranium (kg),2414.51,6.3,False
2015-06-09T14:00:00,Wakanda,Arc Reactor Cores,696.27,7.56,False
2015-06-09T14:00:00,Wakanda,Pym Particles,705.78,6.93,False
2015-06-09T14:00:00,Wakanda,Clean Water (L),2399.29,7.56,False
2015-06-09T14:00:00,Wakanda,Medical Kits,729.83,5.67,False
2015-06-09T14:00:00,Sokovia,Vibranium (kg),2388.86,6.3,False
2015-06-09T14:00:00,Sokovia,Arc Reactor Cores,668.55,7.56,False
2015-06-09T14:00:00,Sokovia,Pym Particles,674.63,6.93,False
2015-06-09T14:00:00,Sokovia,Clean Water (L),2342.55,7.56,False
2015-06-09T14:00:00,Sokovia,Medical Kits,698.98,5.67,False
2015-06-09T14:00:00,Sanctum Sanctorum,Vibranium (kg),2413.82,6.3,False
2015-06-09T14:00:00,Sanctum Sanctorum,Arc Reactor Cores,697.62,7.56,False
2015-06-09T14:00:00,Sanctum Sanctorum,Pym Particles,705.87,6.93,False
2015-06-09T14:00:00,Sanctum Sanctorum,Clean Water (L),2395.92,7.56,False
2015-06-09T14:00:00,Sanctum Sanctorum,Medical Kits,724.53,5.67,False
2015-06-09T14:00:00,Avengers Compound,Vibranium (kg),2387.2,6.3,False
2015-06-09T14:00:00,Avengers Compound,Arc Reactor Cores,669.21,7.56,False
2015-06-09T14:00:00,Avengers Compound,Pym Particles,677.71,6.93,False
2015-06-09T14:00:00,Avengers Compound,Clean Water (L),2347.38,7.56,False
2015-06-09T14:00:00,Avengers Compound,Medical Kits,694.97,5.67,False
2015-06-09T15:00:00,New Asgard,Vibranium (kg),2414.6,6.06,False
2015-06-09T15:00:00,New Asgard,Arc Reactor Cores,693.26,7.27,False
2015-06-09T15:00:00,New Asgard,Pym Particles,705.11,6.67,False
2015-06-09T15:00:00,New Asgard,Clean Water (L),2394.02,7.27,False
2015-06-09T15:00:00,New Asgard,Medical Kits,724.33,5.45,False
2015-06-09T15:00:00,Wakanda,Vibranium (kg),2413.92,6.06,False
2015-06-09T15:00:00,Wakanda,Arc Reactor Cores,694.26,7.27,False
2015-06-09T15:00:00,Wakanda,Pym Particles,705.73,6.67,False
2015-06-09T15:00:00,Wakanda,Clean Water (L),2398.03,7.27,False
2015-06-09T15:00:00,Wakanda,Medical Kits,729.37,5.45,False
2015-06-09T15:00:00,Sokovia,Vibranium (kg),2389.45,6.06,False
2015-06-09T15:00:00,Sokovia,Arc Reactor Cores,668.25,7.27,False
2015-06-09T15:00:00,Sokovia,Pym Particles,673.91,6.67,False
2015-06-09T15:00:00,Sokovia,Clean Water (L),2344.2,7.27,False
2015-06-09T15:00:00,Sokovia,Medical Kits,698.16,5.45,False
2015-06-09T15:00:00,Sanctum Sanctorum,Vibranium (kg),2412.56,6.06,False
2015-06-09T15:00:00,Sanctum Sanctorum,Arc Reactor Cores,694.88,7.27,False
2015-06-09T15:00:00,Sanctum Sanctorum,Pym Particles,705.2,6.67,False
2015-06-09T15:00:00,Sanctum Sanctorum,Clean Water (L),2394.74,7.27,False
2015-06-09T15:00:00,Sanctum Sanctorum,Medical Kits,723.85,5.45,False
2015-06-09T15:00:00,Avengers Compound,Vibranium (kg),2387.42,6.06,False
2015-06-09T15:00:00,Avengers Compound,Arc Reactor Cores,668.51,7.27,False
2015-06-09T15:00:00,Avengers Compound,Pym Particles,678.34,6.67,False
2015-06-09T15:00:00,Avengers Compound,Clean Water (L),2348.98,7.27,False
2015-06-09T15:00:00,Avengers Compound,Medical Kits,694.95,5.45,False
2015-06-09T16:00:00,New Asgard,Vibranium (kg),2413.01,5.75,False
2015-06-09T16:00:00,New Asgard,Arc Reactor Cores,693.74,6.9,False
2015-06-09T16:00:00,New Asgard,Pym Particles,702.81,6.32,False
2015-06-09T16:00:00,New Asgard,Clean Water (L),2394.62,6.9,False
2015-06-09T16:00:00,New Asgard,Medical Kits,723.2,5.17,False
2015-06-09T16:00:00,Wakanda,Vibranium (kg),2414.29,5.75,False
2015-06-09T16:00:00,Wakanda,Arc Reactor Cores,693.59,6.9,False
2015-06-09T16:00:00,Wakanda,Pym Particles,704.56,6.32,False
2015-06-09T16:00:00,Wakanda,Clean Water (L),2398.32,6.9,False
2015-06-09T16:00:00,Wakanda,Medical Kits,730.6,5.17,False
2015-06-09T16:00:00,Sokovia,Vibranium (kg),2389.73,5.75,False
2015-06-09T16:00:00,Sokovia,Arc Reactor Cores,667.5,6.9,False
2015-06-09T16:00:00,Sokovia,Pym Particles,673.71,6.32,False
2015-06-09T16:00:00,Sokovia,Clean Water (L),2345.31,6.9,False
2015-06-09T16:00:00,Sokovia,Medical Kits,698.28,5.17,False
2015-06-09T16:00:00,Sanctum Sanctorum,Vibranium (kg),2411.78,5.75,False
2015-06-09T16:00:00,Sanctum Sanctorum,Arc Reactor Cores,694.51,6.9,False
2015-06-09T16:00:00,Sanctum Sanctorum,Pym Particles,706.3,6.32,False
2015-06-09T16:00:00,Sanctum Sanctorum,Clean Water (L),2393.45,6.9,False
2015-06-09T16:00:00,Sanctum Sanctorum,Medical Kits,722.03,5.17,False
2015-06-09T16:00:00,Avengers Compound,Vibranium (kg),2389.07,5.75,False
2015-06-09T16:00:00,Avengers Compound,Arc Reactor Cores,669.58,6.9,False
2015-06-09T16:00:00,Avengers Compound,Pym Particles,680.29,6.32,False
2015-06-09T16:00:00,Avengers Compound,Clean Water (L),2350.49,6.9,False
2015-06-09T16:00:00,Avengers Compound,Medical Kits,694.96,5.17,False
2015-06-09T17:00:00,New Asgard,Vibranium (kg),2412.18,5.39,False
2015-06-09T17:00:00,New Asgard,Arc Reactor Cores,693.46,6.47,False
2015-06-09T17:00:00,New Asgard,Pym Particles,701.84,5.93,False
2015-06-09T17:00:00,New Asgard,Clean Water (L),2395.53,6.47,False
2015-06-09T17:00:00,New Asgard,Medical Kits,722.08,4.85,False
2015-06-09T17:00:00,Wakanda,Vibranium (kg),2412.82,5.39,False
2015-06-09T17:00:00,Wakanda,Arc Reactor Cores,694.08,6.47,False
2015-06-09T17:00:00,Wakanda,Pym Particles,705.69,5.93,False
2015-06-09T17:00:00,Wakanda,Clean Water (L),2396.24,6.47,False
2015-06-09T17:00:00,Wakanda,Medical Kits,729.72,4.85,False
2015-06-09T17:00:00,Sokovia,Vibranium (kg),2391.96,5.39,False
2015-06-09T17:00:00,Sokovia,Arc Reactor Cores,667.87,6.47,False
2015-06-09T17:00:00,Sokovia,Pym Particles,674.75,5.93,False
2015-06-09T17:00:00,Sokovia,Clean Water (L),2347.66,6.47,False
2015-06-09T17:00:00,Sokovia,Medical Kits,699.17,4.85,False
2015-06-09T17:00:00,Sanctum Sanctorum,Vibranium (kg),2411.28,5.39,False
2015-06-09T17:00:00,Sanctum Sanctorum,Arc Reactor Cores,695.01,6.47,False
2015-06-09T17:00:00,Sanctum Sanctorum,Pym Particles,706.2,5.93,False
2015-06-09T17:00:00,Sanctum Sanctorum,Clean Water (L),2393.16,6.47,False
2015-06-09T17:00:00,Sanctum Sanctorum,Medical Kits,723.27,4.85,False
2015-06-09T17:00:00,Avengers Compound,Vibranium (kg),2390.92,5.39,False
2015-06-09T17:00:00,Avengers Compound,Arc Reactor Cores,669.95,6.47,False
2015-06-09T17:00:00,Avengers Compound,Pym Particles,681.94,5.93,False
2015-06-09T17:00:00,Avengers Compound,Clean Water (L),2352.61,6.47,False
2015-06-09T17:00:00,Avengers Compound,Medical Kits,695.5,4.85,False
2015-06-09T18:00:00,New Asgard,Vibranium (kg),2413.76,5.0,False
2015-06-09T18:00:00,New Asgard,Arc Reactor Cores,693.24,6.0,False
2015-06-09T18:00:00,New Asgard,Pym Particles,702.19,5.5,False
2015-06-09T18:00:00,New Asgard,Clean Water (L),2396.73,6.0,False
2015-06-09T18:00:00,New Asgard,Medical Kits,722.93,4.5,False
2015-06-09T18:00:00,Wakanda,Vibranium (kg),2412.22,5.0,False
2015-06-09T18:00:00,Wakanda,Arc Reactor Cores,695.81,6.0,False
2015-06-09T18:00:00,Wakanda,Pym Particles,706.93,5.5,False
2015-06-09T18:00:00,Wakanda,Clean Water (L),2396.12,6.0,False
2015-06-09T18:00:00,Wakanda,Medical Kits,729.79,4.5,False
2015-06-09T18:00:00,Sokovia,Vibranium (kg),2393.69,5.0,False
2015-06-09T18:00:00,Sokovia,Arc Reactor Cores,669.43,6.0,False
2015-06-09T18:00:00,Sokovia,Pym Particles,677.68,5.5,False
2015-06-09T18:00:00,Sokovia,Clean Water (L),2350.92,6.0,False
2015-06-09T18:00:00,Sokovia,Medical Kits,699.79,4.5,False
2015-06-09T18:00:00,Sanctum Sanctorum,Vibranium (kg),2412.27,5.0,False
2015-06-09T18:00:00,Sanctum Sanctorum,Arc Reactor Cores,695.45,6.0,False
2015-06-09T18:00:00,Sanctum Sanctorum,Pym Particles,706.3,5.5,False
2015-06-09T18:00:00,Sanctum Sanctorum,Clean Water (L),2393.2,6.0,False
2015-06-09T18:00:00,Sanctum Sanctorum,Medical Kits,723.18,4.5,False
2015-06-09T18:00:00,Avengers Compound,Vibranium (kg),2391.71,5.0,False
2015-06-09T18:00:00,Avengers Compound,Arc Reactor Cores,671.01,6.0,False
2015-06-09T18:00:00,Avengers Compound,Pym Particles,684.09,5.5,False
2015-06-09T18:00:00,Avengers Compound,Clean Water (L),2356.11,6.0,False
2015-06-09T18:00:00,Avengers Compound,Medical Kits,696.3,4.5,False
2015-06-09T19:00:00,New Asgard,Vibranium (kg),2413.06,4.61,False
2015-06-09T19:00:00,New Asgard,Arc Reactor Cores,694.06,5.53,False
2015-06-09T19:00:00,New Asgard,Pym Particles,704.12,5.07,False
2015-06-09T19:00:00,New Asgard,Clean Water (L),2396.98,5.53,False
2015-06-09T19:00:00,New Asgard,Medical Kits,724.74,4.15,False
2015-06-09T19:00:00,Wakanda,Vibranium (kg),2411.58,4.61,False
2015-06-09T19:00:00,Wakanda,Arc Reactor Cores,695.55,5.53,False
2015-06-09T19:00:00,Wakanda,Pym Particles,707.64,5.07,False
2015-06-09T19:00:00,Wakanda,Clean Water (L),2397.65,5.53,False
2015-06-09T19:00:00,Wakanda,Medical Kits,729.81,4.15,False
2015-06-09T19:00:00,Sokovia,Vibranium (kg),2395.51,4.61,False
2015-06-09T19:00:00,Sokovia,Arc Reactor Cores,671.86,5.53,False
2015-06-09T19:00:00,Sokovia,Pym Particles,680.47,5.07,False
2015-06-09T19:00:00,Sokovia,Clean Water (L),2353.63,5.53,False
2015-06-09T19:00:00,Sokovia,Medical Kits,702.21,4.15,False
2015-06-09T19:00:00,Sanctum Sanctorum,Vibranium (kg),2413.45,4.61,False
2015-06-09T19:00:00,Sanctum Sanctorum,Arc Reactor Cores,695.4,5.53,False
2015-06-09T19:00:00,Sanctum Sanctorum,Pym Particles,706.37,5.07,False
2015-06-09T19:00:00,Sanctum Sanctorum,Clean Water (L),2393.39,5.53,False
2015-06-09T19:00:00,Sanctum Sanctorum,Medical Kits,724.09,4.15,False
2015-06-09T19:00:00,Avengers Compound,Vibranium (kg),2395.16,4.61,False
2015-06-09T19:00:00,Avengers Compound,Arc Reactor Cores,673.86,5.53,False
2015-06-09T19:00:00,Avengers Compound,Pym Particles,685.42,5.07,False
2015-06-09T19:00:00,Avengers Compound,Clean Water (L),2358.77,5.53,False
2015-06-09T19:00:00,Avengers Compound,Medical Kits,698.12,4.15,False
2015-06-09T20:00:00,New Asgard,Vibranium (kg),2413.8,4.25,False
2015-06-09T20:00:00,New Asgard,Arc Reactor Cores,696.38,5.1,False
2015-06-09T20:00:00,New Asgard,Pym Particles,704.55,4.68,False
2015-06-09T20:00:00,New Asgard,Clean Water (L),2397.81,5.1,False
2015-06-09T20:00:00,New Asgard,Medical Kits,725.69,3.83,False
2015-06-09T20:00:00,Wakanda,Vibranium (kg),2412.27,4.25,False
2015-06-09T20:00:00,Wakanda,Arc Reactor Cores,696.05,5.1,False
2015-06-09T20:00:00,Wakanda,Pym Particles,707.34,4.68,False
2015-06-09T20:00:00,Wakanda,Clean Water (L),2398.66,5.1,False
2015-06-09T20:00:00,Wakanda,Medical Kits,729.27,3.83,False
2015-06-09T20:00:00,Sokovia,Vibranium (kg),2397.39,4.25,False
2015-06-09T20:00:00,Sokovia,Arc Reactor Cores,673.29,5.1,False
2015-06-09T20:00:00,Sokovia,Pym Particles,683.33,4.68,False
2015-06-09T20:00:00,Sokovia,Clean Water (L),2358.19,5.1,False
2015-06-09T20:00:00,Sokovia,Medical Kits,705.33,3.83,False
2015-06-09T20:00:00,Sanctum Sanctorum,Vibranium (kg),2415.98,4.25,False
2015-06-09T20:00:00,Sanctum Sanctorum,Arc Reactor Cores,697.8,5.1,False
2015-06-09T20:00:00,Sanctum Sanctorum,Pym Particles,707.98,4.68,False
2015-06-09T20:00:00,Sanctum Sanctorum,Clean Water (L),2393.73,5.1,False
2015-06-09T20:00:00,Sanctum Sanctorum,Medical Kits,723.79,3.83,False
2015-06-09T20:00:00,Avengers Compound,Vibranium (kg),2396.93,4.25,False
2015-06-09T20:00:00,Avengers Compound,Arc Reactor Cores,676.03,5.1,False
2015-06-09T20:00:00,Avengers Compound,Pym Particles,687.17,4.68,False
2015-06-09T20:00:00,Avengers Compound,Clean Water (L),2361.42,5.1,False
2015-06-09T20:00:00,Avengers Compound,Medical Kits,699.98,3.83,False
2015-06-09T21:00:00,New Asgard,Vibranium (kg),2415.69,3.94,False
2015-06-09T21:00:00,New Asgard,Arc Reactor Cores,696.42,4.73,False
2015-06-09T21:00:00,New Asgard,Pym Particles,704.97,4.33,False
2015-06-09T21:00:00,New Asgard,Clean Water (L),2400.14,4.73,False
2015-06-09T21:00:00,New Asgard,Medical Kits,726.96,3.55,False
2015-06-09T21:00:00,Wakanda,Vibranium (kg),2414.82,3.94,False
2015-06-09T21:00:00,Wakanda,Arc Reactor Cores,697.31,4.73,False
2015-06-09T21:00:00,Wakanda,Pym Particles,708.29,4.33,False
2015-06-09T21:00:00,Wakanda,Clean Water (L),2399.35,4.73,False
2015-06-09T21:00:00,Wakanda,Medical Kits,730.65,3.55,False
2015-06-09T21:00:00,Sokovia,Vibranium (kg),2398.0,3.94,False
2015-06-09T21:00:00,Sokovia,Arc Reactor Cores,677.27,4.73,False
2015-06-09T21:00:00,Sokovia,Pym Particles,684.38,4.33,False
2015-06-09T21:00:00,Sokovia,Clean Water (L),2360.38,4.73,False
2015-06-09T21:00:00,Sokovia,Medical Kits,706.42,3.55,False
2015-06-09T21:00:00,Sanctum Sanctorum,Vibranium (kg),2416.46,3.94,False
2015-06-09T21:00:00,Sanctum Sanctorum,Arc Reactor Cores,699.81,4.73,False
2015-06-09T21:00:00,Sanctum Sanctorum,Pym Particles,708.48,4.33,False
2015-06-09T21:00:00,Sanctum Sanctorum,Clean Water (L),2394.82,4.73,False
2015-06-09T21:00:00,Sanctum Sanctorum,Medical Kits,725.3,3.55,False
2015-06-09T21:00:00,Avengers Compound,Vibranium (kg),2397.6,3.94,False
2015-06-09T21:00:00,Avengers Compound,Arc Reactor Cores,678.58,4.73,False
2015-06-09T21:00:00,Avengers Compound,Pym Particles,689.57,4.33,False
2015-06-09T21:00:00,Avengers Compound,Clean Water (L),2364.31,4.73,False
2015-06-09T21:00:00,Avengers Compound,Medical Kits,702.75,3.55,False
2015-06-09T22:00:00,New Asgard,Vibranium (kg),2417.72,3.7,False
2015-06-09T22:00:00,New Asgard,Arc Reactor Cores,698.07,4.44,False
2015-06-09T22:00:00,New Asgard,Pym Particles,706.0,4.07,False
2015-06-09T22:00:00,New Asgard,Clean Water (L),2402.23,4.44,False
2015-06-09T22:00:00,New Asgard,Medical Kits,727.71,3.33,False
2015-06-09T22:00:00,Wakanda,Vibranium (kg),2415.46,3.7,False
2015-06-09T22:00:00,Wakanda,Arc Reactor Cores,699.9,4.44,False
2015-06-09T22:00:00,Wakanda,Pym Particles,710.67,4.07,False
2015-06-09T22:00:00,Wakanda,Clean Water (L),2400.89,4.44,False
2015-06-09T22:00:00,Wakanda,Medical Kits,731.44,3.33,False
2015-06-09T22:00:00,Sokovia,Vibranium (kg),2399.2,3.7,False
2015-06-09T22:00:00,Sokovia,Arc Reactor Cores,679.62,4.44,False
2015-06-09T22:00:00,Sokovia,Pym Particles,687.84,4.07,False
2015-06-09T22:00:00,Sokovia,Clean Water (L),2363.65,4.44,False
2015-06-09T22:00:00,Sokovia,Medical Kits,710.08,3.33,False
2015-06-09T22:00:00,Sanctum Sanctorum,Vibranium (kg),2419.61,3.7,False
2015-06-09T22:00:00,Sanctum Sanctorum,Arc Reactor Cores,701.0,4.44,False
2015-06-09T22:00:00,Sanctum Sanctorum,Pym Particles,709.28,4.07,False
2015-06-09T22:00:00,Sanctum Sanctorum,Clean Water (L),2396.16,4.44,False
2015-06-09T22:00:00,Sanctum Sanctorum,Medical Kits,726.03,3.33,False
2015-06-09T22:00:00,Avengers Compound,Vibranium (kg),2399.68,3.7,False
2015-06-09T22:00:00,Avengers Compound,Arc Reactor Cores,680.92,4.44,False
2015-06-09T22:00:00,Avengers Compound,Pym Particles,691.72,4.07,False
2015-06-09T22:00:00,Avengers Compound,Clean Water (L),2366.49,4.44,False
2015-06-09T22:00:00,Avengers Compound,Medical Kits,703.44,3.33,False
2015-06-09T23:00:00,New Asgard,Vibranium (kg),2417.84,3.55,False
2015-06-09T23:00:00,New Asgard,Arc Reactor Cores,699.61,4.26,False
2015-06-09T23:00:00,New Asgard,Pym Particles,708.78,3.91,False
2015-06-09T23:00:00,New Asgard,Clean Water (L),2404.07,4.26,False
2015-06-09T23:00:00,New Asgard,Medical Kits,728.7,3.2,False
2015-06-09T23:00:00,Wakanda,Vibranium (kg),2416.29,3.55,False
2015-06-09T23:00:00,Wakanda,Arc Reactor Cores,701.59,4.26,False
2015-06-09T23:00:00,Wakanda,Pym Particles,712.74,3.91,False
2015-06-09T23:00:00,Wakanda,Clean Water (L),2402.24,4.26,False
2015-06-09T23:00:00,Wakanda,Medical Kits,732.95,3.2,False
2015-06-09T23:00:00,Sokovia,Vibranium (kg),2402.44,3.55,False
2015-06-09T23:00:00,Sokovia,Arc Reactor Cores,682.07,4.26,False
2015-06-09T23:00:00,Sokovia,Pym Particles,690.18,3.91,False
2015-06-09T23:00:00,Sokovia,Clean Water (L),2366.41,4.26,False
2015-06-09T23:00:00,Sokovia,Medical Kits,712.7,3.2,False
2015-06-09T23:00:00,Sanctum Sanctorum,Vibranium (kg),2422.35,3.55,False
2015-06-09T23:00:00,Sanctum Sanctorum,Arc Reactor Cores,704.28,4.26,False
2015-06-09T23:00:00,Sanctum Sanctorum,Pym Particles,712.19,3.91,False
2015-06-09T23:00:00,Sanctum Sanctorum,Clean Water (L),2398.97,4.26,False
2015-06-09T23:00:00,Sanctum Sanctorum,Medical Kits,729.26,3.2,False
2015-06-09T23:00:00,Avengers Compound,Vibranium (kg),2403.88,3.55,False
2015-06-09T23:00:00,Avengers Compound,Arc Reactor Cores,682.71,4.26,False
2015-06-09T23:00:00,Avengers Compound,Pym Particles,695.06,3.91,False
2015-06-09T23:00:00,Avengers Compound,Clean Water (L),2370.77,4.26,False
2015-06-09T23:00:00,Avengers Compound,Medical Kits,705.85,3.2,False
2015-06-10T00:00:00,New Asgard,Vibranium (kg),2418.88,3.5,False
2015-06-10T00:00:00,New Asgard,Arc Reactor Cores,702.09,4.2,False
2015-06-10T00:00:00,New Asgard,Pym Particles,710.64,3.85,False
2015-06-10T00:00:00,New Asgard,Clean Water (L),2404.26,4.2,False
2015-06-10T00:00:00,New Asgard,Medical Kits,730.92,3.15,False
2015-06-10T00:00:00,Wakanda,Vibranium (kg),2418.82,3.5,False
2015-06-10T00:00:00,Wakanda,Arc Reactor Cores,704.3,4.2,False
2015-06-10T00:00:00,Wakanda,Pym Particles,714.62,3.85,False
2015-06-10T00:00:00,Wakanda,Clean Water (L),2402.74,4.2,False
2015-06-10T00:00:00,Wakanda,Medical Kits,734.91,3.15,False
2015-06-10T00:00:00,Sokovia,Vibranium (kg),2405.52,3.5,False
2015-06-10T00:00:00,Sokovia,Arc Reactor Cores,682.82,4.2,False
2015-06-10T00:00:00,Sokovia,Pym Particles,692.71,3.85,False
2015-06-10T00:00:00,Sokovia,Clean Water (L),2369.8,4.2,False
2015-06-10T00:00:00,Sokovia,Medical Kits,715.12,3.15,False
2015-06-10T00:00:00,Sanctum Sanctorum,Vibranium (kg),2422.49,3.5,False
2015-06-10T00:00:00,Sanctum Sanctorum,Arc Reactor Cores,705.0,4.2,False
2015-06-10T00:00:00,Sanctum Sanctorum,Pym Particles,713.13,3.85,False
2015-06-10T00:00:00,Sanctum Sanctorum,Clean Water (L),2401.71,4.2,False
2015-06-10T00:00:00,Sanctum Sanctorum,Medical Kits,731.51,3.15,False
2015-06-10T00:00:00,Avengers Compound,Vibranium (kg),2405.45,3.5,False
2015-06-10T00:00:00,Avengers Compound,Arc Reactor Cores,686.31,4.2,False
2015-06-10T00:00:00,Avengers Compound,Pym Particles,697.58,3.85,False
2015-06-10T00:00:00,Avengers Compound,Clean Water (L),2372.23,4.2,False
2015-06-10T00:00:00,Avengers Compound,Medical Kits,707.79,3.15,False
2015-06-10T01:00:00,New Asgard,Vibranium (kg),2420.74,3.55,False
2015-06-10T01:00:00,New Asgard,Arc Reactor Cores,704.4,4.26,False
2015-06-10T01:00:00,New Asgard,Pym Particles,712.62,3.91,False
2015-06-10T01:00:00,New Asgard,Clean Water (L),2406.26,4.26,False
2015-06-10T01:00:00,New Asgard,Medical Kits,730.59,3.2,False
2015-06-10T01:00:00,Wakanda,Vibranium (kg),2420.11,3.55,False
2015-06-10T01:00:00,Wakanda,Arc Reactor Cores,704.9,4.26,False
2015-06-10T01:00:00,Wakanda,Pym Particles,716.11,3.91,False
2015-06-10T01:00:00,Wakanda,Clean Water (L),2405.08,4.26,False
2015-06-10T01:00:00,Wakanda,Medical Kits,734.91,3.2,False
2015-06-10T01:00:00,Sokovia,Vibranium (kg),2407.04,3.55,False
2015-06-10T01:00:00,Sokovia,Arc Reactor Cores,685.66,4.26,False
2015-06-10T01:00:00,Sokovia,Pym Particles,695.22,3.91,False
2015-06-10T01:00:00,Sokovia,Clean Water (L),2372.18,4.26,False
2015-06-10T01:00:00,Sokovia,Medical Kits,717.92,3.2,False
2015-06-10T01:00:00,Sanctum Sanctorum,Vibranium (kg),2423.75,3.55,False
2015-06-10T01:00:00,Sanctum Sanctorum,Arc Reactor Cores,704.93,4.26,False
2015-06-10T01:00:00,Sanctum Sanctorum,Pym Particles,712.6,3.91,False
2015-06-10T01:00:00,Sanctum Sanctorum,Clean Water (L),2404.05,4.26,False
2015-06-10T01:00:00,Sanctum Sanctorum,Medical Kits,732.58,3.2,False
2015-06-10T01:00:00,Avengers Compound,Vibranium (kg),2409.07,3.55,False
2015-06-10T01:00:00,Avengers Compound,Arc Reactor Cores,690.09,4.26,False
2015-06-10T01:00:00,Avengers Compound,Pym Particles,700.16,3.91,False
2015-06-10T01:00:00,Avengers Compound,Clean Water (L),2377.18,4.26,False
2015-06-10T01:00:00,Avengers Compound,Medical Kits,710.47,3.2,False
2015-06-10T02:00:00,New Asgard,Vibranium (kg),2420.47,3.7,False
2015-06-10T02:00:00,New Asgard,Arc Reactor Cores,706.1,4.44,False
2015-06-10T02:00:00,New Asgard,Pym Particles,713.61,4.07,False
2015-06-10T02:00:00,New Asgard,Clean Water (L),2406.47,4.44,False
2015-06-10T02:00:00,New Asgard,Medical Kits,730.56,3.33,False
2015-06-10T02:00:00,Wakanda,Vibranium (kg),2422.55,3.7,False
2015-06-10T02:00:00,Wakanda,Arc Reactor Cores,705.44,4.44,False
2015-06-10T02:00:00,Wakanda,Pym Particles,718.45,4.07,False
2015-06-10T02:00:00,Wakanda,Clean Water (L),2406.91,4.44,False
2015-06-10T02:00:00,Wakanda,Medical Kits,736.34,3.33,False
2015-06-10T02:00:00,Sokovia,Vibranium (kg),2409.16,3.7,False
2015-06-10T02:00:00,Sokovia,Arc Reactor Cores,687.45,4.44,False
2015-06-10T02:00:00,Sokovia,Pym Particles,696.69,4.07,False
2015-06-10T02:00:00,Sokovia,Clean Water (L),2376.3,4.44,False
2015-06-10T02:00:00,Sokovia,Medical Kits,720.81,3.33,False
2015-06-10T02:00:00,Sanctum Sanctorum,Vibranium (kg),2425.8,3.7,False
2015-06-10T02:00:00,Sanctum Sanctorum,Arc Reactor Cores,706.56,4.44,False
2015-06-10T02:00:00,Sanctum Sanctorum,Pym Particles,715.39,4.07,False
2015-06-10T02:00:00,Sanctum Sanctorum,Clean Water (L),2406.86,4.44,False
2015-06-10T02:00:00,Sanctum Sanctorum,Medical Kits,732.96,3.33,False
2015-06-10T02:00:00,Avengers Compound,Vibranium (kg),2411.14,3.7,False
2015-06-10T02:00:00,Avengers Compound,Arc Reactor Cores,693.53,4.44,False
2015-06-10T02:00:00,Avengers Compound,Pym Particles,702.17,4.07,False
2015-06-10T02:00:00,Avengers Compound,Clean Water (L),2381.25,4.44,False
2015-06-10T02:00:00,Avengers Compound,Medical Kits,712.87,3.33,False
2015-06-10T03:00:00,New Asgard,Vibranium (kg),2421.42,3.94,False
2015-06-10T03:00:00,New Asgard,Arc Reactor Cores,706.57,4.73,False
2015-06-10T03:00:00,New Asgard,Pym Particles,713.54,4.33,False
2015-06-10T03:00:00,New Asgard,Clean Water (L),2408.93,4.73,False
2015-06-10T03:00:00,New Asgard,Medical Kits,731.19,3.55,False
2015-06-10T03:00:00,Wakanda,Vibranium (kg),2424.01,3.94,False
2015-06-10T03:00:00,Wakanda,Arc Reactor Cores,707.41,4.73,False
2015-06-10T03:00:00,Wakanda,Pym Particles,719.4,4.33,False
2015-06-10T03:00:00,Wakanda,Clean Water (L),2408.04,4.73,False
2015-06-10T03:00:00,Wakanda,Medical Kits,736.37,3.55,False
2015-06-10T03:00:00,Sokovia,Vibranium (kg),2412.5,3.94,False
2015-06-10T03:00:00,Sokovia,Arc Reactor Cores,689.37,4.73,False
2015-06-10T03:00:00,Sokovia,Pym Particles,698.85,4.33,False
2015-06-10T03:00:00,Sokovia,Clean Water (L),2377.91,4.73,False
2015-06-10T03:00:00,Sokovia,Medical Kits,723.31,3.55,False
2015-06-10T03:00:00,Sanctum Sanctorum,Vibranium (kg),2426.51,3.94,False
2015-06-10T03:00:00,Sanctum Sanctorum,Arc Reactor Cores,708.28,4.73,False
2015-06-10T03:00:00,Sanctum Sanctorum,Pym Particles,716.44,4.33,False
2015-06-10T03:00:00,Sanctum Sanctorum,Clean Water (L),2406.28,4.73,False
2015-06-10T03:00:00,Sanctum Sanctorum,Medical Kits,732.02,3.55,False
2015-06-10T03:00:00,Avengers Compound,Vibranium (kg),2412.6,3.94,False
2015-06-10T03:00:00,Avengers Compound,Arc Reactor Cores,694.98,4.73,False
2015-06-10T03:00:00,Avengers Compound,Pym Particles,703.75,4.33,False
2015-06-10T03:00:00,Avengers Compound,Clean Water (L),2382.33,4.73,False
2015-06-10T03:00:00,Avengers Compound,Medical Kits,715.43,3.55,False
2015-06-10T04:00:00,New Asgard,Vibranium (kg),2421.12,4.25,False
2015-06-10T04:00:00,New Asgard,Arc Reactor Cores,707.9,5.1,False
2015-06-10T04:00:00,New Asgard,Pym Particles,713.71,4.68,False
2015-06-10T04:00:00,New Asgard,Clean Water (L),2410.45,5.1,False
2015-06-10T04:00:00,New Asgard,Medical Kits,730.04,3.83,False
2015-06-10T04:00:00,Wakanda,Vibranium (kg),2425.2,4.25,False
2015-06-10T04:00:00,Wakanda,Arc Reactor Cores,709.47,5.1,False
2015-06-10T04:00:00,Wakanda,Pym Particles,720.24,4.68,False
2015-06-10T04:00:00,Wakanda,Clean Water (L),2409.95,5.1,False
2015-06-10T04:00:00,Wakanda,Medical Kits,737.51,3.83,False
2015-06-10T04:00:00,Sokovia,Vibranium (kg),2414.29,4.25,False
2015-06-10T04:00:00,Sokovia,Arc Reactor Cores,690.77,5.1,False
2015-06-10T04:00:00,Sokovia,Pym Particles,699.06,4.68,False
2015-06-10T04:00:00,Sokovia,Clean Water (L),2381.17,5.1,False
2015-06-10T04:00:00,Sokovia,Medical Kits,724.36,3.83,False
2015-06-10T04:00:00,Sanctum Sanctorum,Vibranium (kg),2426.87,4.25,False
2015-06-10T04:00:00,Sanctum Sanctorum,Arc Reactor Cores,709.36,5.1,False
2015-06-10T04:00:00,Sanctum Sanctorum,Pym Particles,718.25,4.68,False
2015-06-10T04:00:00,Sanctum Sanctorum,Clean Water (L),2405.34,5.1,False
2015-06-10T04:00:00,Sanctum Sanctorum,Medical Kits,732.86,3.83,False
2015-06-10T04:00:00,Avengers Compound,Vibranium (kg),2413.83,4.25,False
2015-06-10T04:00:00,Avengers Compound,Arc Reactor Cores,696.35,5.1,False
2015-06-10T04:00:00,Avengers Compound,Pym Particles,704.35,4.68,False
2015-06-10T04:00:00,Avengers Compound,Clean Water (L),2383.78,5.1,False
2015-06-10T04:00:00,Avengers Compound,Medical Kits,716.83,3.83,False
2015-06-10T05:00:00,New Asgard,Vibranium (kg),2421.5,4.61,False
2015-06-10T05:00:00,New Asgard,Arc Reactor Cores,708.66,5.53,False
2015-06-10T05:00:00,New Asgard,Pym Particles,712.2,5.07,False
2015-06-10T05:00:00,New Asgard,Clean Water (L),2410.26,5.53,False
2015-06-10T05:00:00,New Asgard,Medical Kits,730.07,4.15,False
2015-06-10T05:00:00,Wakanda,Vibranium (kg),2425.76,4.61,False
2015-06-10T05:00:00,Wakanda,Arc Reactor Cores,709.4,5.53,False
2015-06-10T05:00:00,Wakanda,Pym Particles,719.5,5.07,False
2015-06-10T05:00:00,Wakanda,Clean Water (L),2411.01,5.53,False
2015-06-10T05:00:00,Wakanda,Medical Kits,737.35,4.15,False
2015-06-10T05:00:00,Sokovia,Vibranium (kg),2414.98,4.61,False
2015-06-10T05:00:00,Sokovia,Arc Reactor Cores,691.01,5.53,False
2015-06-10T05:00:00,Sokovia,Pym Particles,699.48,5.07,False
2015-06-10T05:00:00,Sokovia,Clean Water (L),2381.94,5.53,False
2015-06-10T05:00:00,Sokovia,Medical Kits,724.02,4.15,False
2015-06-10T05:00:00,Sanctum Sanctorum,Vibranium (kg),2428.36,4.61,False
2015-06-10T05:00:00,Sanctum Sanctorum,Arc Reactor Cores,708.62,5.53,False
2015-06-10T05:00:00,Sanctum Sanctorum,Pym Particles,717.91,5.07,False
2015-06-10T05:00:00,Sanctum Sanctorum,Clean Water (L),2406.42,5.53,False
2015-06-10T05:00:00,Sanctum Sanctorum,Medical Kits,732.24,4.15,False
2015-06-10T05:00:00,Avengers Compound,Vibranium (kg),2415.6,4.61,False
2015-06-10T05:00:00,Avengers Compound,Arc Reactor Cores,696.08,5.53,False
2015-06-10T05:00:00,Avengers Compound,Pym Particles,704.55,5.07,False
2015-06-10T05:00:00,Avengers Compound,Clean Water (L),2384.49,5.53,False
2015-06-10T05:00:00,Avengers Compound,Medical Kits,718.59,4.15,False
2015-06-10T06:00:00,New Asgard,Vibranium (kg),2421.89,5.0,False
2015-06-10T06:00:00,New Asgard,Arc Reactor Cores,708.85,6.0,False
2015-06-10T06:00:00,New Asgard,Pym Particles,712.84,5.5,False
2015-06-10T06:00:00,New Asgard,Clean Water (L),2410.22,6.0,False
2015-06-10T06:00:00,New Asgard,Medical Kits,728.21,4.5,False
2015-06-10T06:00:00,Wakanda,Vibranium (kg),2427.31,5.0,False
2015-06-10T06:00:00,Wakanda,Arc Reactor Cores,709.25,6.0,False
2015-06-10T06:00:00,Wakanda,Pym Particles,719.34,5.5,False
2015-06-10T06:00:00,Wakanda,Clean Water (L),2409.27,6.0,False
2015-06-10T06:00:00,Wakanda,Medical Kits,737.3,4.5,False
2015-06-10T06:00:00,Sokovia,Vibranium (kg),2416.06,5.0,False
2015-06-10T06:00:00,Sokovia,Arc Reactor Cores,691.92,6.0,False
2015-06-10T06:00:00,Sokovia,Pym Particles,699.7,5.5,False
2015-06-10T06:00:00,Sokovia,Clean Water (L),2381.06,6.0,False
2015-06-10T06:00:00,Sokovia,Medical Kits,724.15,4.5,False
2015-06-10T06:00:00,Sanctum Sanctorum,Vibranium (kg),2428.53,5.0,False
2015-06-10T06:00:00,Sanctum Sanctorum,Arc Reactor Cores,708.53,6.0,False
2015-06-10T06:00:00,Sanctum Sanctorum,Pym Particles,717.75,5.5,False
2015-06-10T06:00:00,Sanctum Sanctorum,Clean Water (L),2405.97,6.0,False
2015-06-10T06:00:00,Sanctum Sanctorum,Medical Kits,733.14,4.5,False
2015-06-10T06:00:00,Avengers Compound,Vibranium (kg),2414.13,5.0,False
2015-06-10T06:00:00,Avengers Compound,Arc Reactor Cores,696.46,6.0,False
2015-06-10T06:00:00,Avengers Compound,Pym Particles,704.52,5.5,False
2015-06-10T06:00:00,Avengers Compound,Clean Water (L),2384.07,6.0,False
2015-06-10T06:00:00,Avengers Compound,Medical Kits,718.63,4.5,False
2015-06-10T07:00:00,New Asgard,Vibranium (kg),2421.25,5.39,False
2015-06-10T07:00:00,New Asgard,Arc Reactor Cores,708.12,6.47,False
2015-06-10T07:00:00,New Asgard,Pym Particles,712.25,5.93,False
2015-06-10T07:00:00,New Asgard,Clean Water (L),2409.43,6.47,False
2015-06-10T07:00:00,New Asgard,Medical Kits,727.51,4.85,False
2015-06-10T07:00:00,Wakanda,Vibranium (kg),2425.59,5.39,False
2015-06-10T07:00:00,Wakanda,Arc Reactor Cores,710.1,6.47,False
2015-06-10T07:00:00,Wakanda,Pym Particles,717.72,5.93,False
2015-06-10T07:00:00,Wakanda,Clean Water (L),2406.81,6.47,False
2015-06-10T07:00:00,Wakanda,Medical Kits,736.97,4.85,False
2015-06-10T07:00:00,Sokovia,Vibranium (kg),2414.88,5.39,False
2015-06-10T07:00:00,Sokovia,Arc Reactor Cores,691.75,6.47,False
2015-06-10T07:00:00,Sokovia,Pym Particles,698.52,5.93,False
2015-06-10T07:00:00,Sokovia,Clean Water (L),2381.14,6.47,False
2015-06-10T07:00:00,Sokovia,Medical Kits,724.72,4.85,False
2015-06-10T07:00:00,Sanctum Sanctorum,Vibranium (kg),2426.6,5.39,False
2015-06-10T07:00:00,Sanctum Sanctorum,Arc Reactor Cores,706.78,6.47,False
2015-06-10T07:00:00,Sanctum Sanctorum,Pym Particles,717.03,5.93,False
2015-06-10T07:00:00,Sanctum Sanctorum,Clean Water (L),2405.29,6.47,False
2015-06-10T07:00:00,Sanctum Sanctorum,Medical Kits,732.17,4.85,False
2015-06-10T07:00:00,Avengers Compound,Vibranium (kg),2412.78,5.39,False
2015-06-10T07:00:00,Avengers Compound,Arc Reactor Cores,696.72,6.47,False
2015-06-10T07:00:00,Avengers Compound,Pym Particles,703.25,5.93,False
2015-06-10T07:00:00,Avengers Compound,Clean Water (L),2384.55,6.47,False
2015-06-10T07:00:00,Avengers Compound,Medical Kits,718.47,4.85,False
2015-06-10T08:00:00,New Asgard,Vibranium (kg),2419.78,5.75,False
2015-06-10T08:00:00,New Asgard,Arc Reactor Cores,706.81,6.9,False
2015-06-10T08:00:00,New Asgard,Pym Particles,710.94,6.32,False
2015-06-10T08:00:00,New Asgard,Clean Water (L),2409.18,6.9,False
2015-06-10T08:00:00,New Asgard,Medical Kits,727.35,5.17,False
2015-06-10T08:00:00,Wakanda,Vibranium (kg),2424.74,5.75,False
2015-06-10T08:00:00,Wakanda,Arc Reactor Cores,710.0,6.9,False
2015-06-10T08:00:00,Wakanda,Pym Particles,716.16,6.32,False
2015-06-10T08:00:00,Wakanda,Clean Water (L),2403.9,6.9,False
2015-06-10T08:00:00,Wakanda,Medical Kits,735.87,5.17,False
2015-06-10T08:00:00,Sokovia,Vibranium (kg),2414.61,5.75,False
2015-06-10T08:00:00,Sokovia,Arc Reactor Cores,691.87,6.9,False
2015-06-10T08:00:00,Sokovia,Pym Particles,699.78,6.32,False
2015-06-10T08:00:00,Sokovia,Clean Water (L),2381.18,6.9,False
2015-06-10T08:00:00,Sokovia,Medical Kits,723.59,5.17,False
2015-06-10T08:00:00,Sanctum Sanctorum,Vibranium (kg),2425.14,5.75,False
2015-06-10T08:00:00,Sanctum Sanctorum,Arc Reactor Cores,705.18,6.9,False
2015-06-10T08:00:00,Sanctum Sanctorum,Pym Particles,716.05,6.32,False
2015-06-10T08:00:00,Sanctum Sanctorum,Clean Water (L),2404.82,6.9,False
2015-06-10T08:00:00,Sanctum Sanctorum,Medical Kits,731.73,5.17,False
2015-06-10T08:00:00,Avengers Compound,Vibranium (kg),2410.88,5.75,False
2015-06-10T08:00:00,Avengers Compound,Arc Reactor Cores,695.95,6.9,False
2015-06-10T08:00:00,Avengers Compound,Pym Particles,701.69,6.32,False
2015-06-10T08:00:00,Avengers Compound,Clean Water (L),2385.46,6.9,False
2015-06-10T08:00:00,Avengers Compound,Medical Kits,718.12,5.17,False
2015-06-10T09:00:00,New Asgard,Vibranium (kg),2418.0,6.06,False
2015-06-10T09:00:00,New Asgard,Arc Reactor Cores,704.36,7.27,False
2015-06-10T09:00:00,New Asgard,Pym Particles,708.93,6.67,False
2015-06-10T09:00:00,New Asgard,Clean Water (L),2407.64,7.27,False
2015-06-10T09:00:00,New Asgard,Medical Kits,727.66,5.45,False
2015-06-10T09:00:00,Wakanda,Vibranium (kg),2423.77,6.06,False
2015-06-10T09:00:00,Wakanda,Arc Reactor Cores,708.48,7.27,False
2015-06-10T09:00:00,Wakanda,Pym Particles,714.12,6.67,False
2015-06-10T09:00:00,Wakanda,Clean Water (L),2402.55,7.27,False
2015-06-10T09:00:00,Wakanda,Medical Kits,735.26,5.45,False
2015-06-10T09:00:00,Sokovia,Vibranium (kg),2412.71,6.06,False
2015-06-10T09:00:00,Sokovia,Arc Reactor Cores,692.0,7.27,False
2015-06-10T09:00:00,Sokovia,Pym Particles,699.14,6.67,False
2015-06-10T09:00:00,Sokovia,Clean Water (L),2380.17,7.27,False
2015-06-10T09:00:00,Sokovia,Medical Kits,722.42,5.45,False
2015-06-10T09:00:00,Sanctum Sanctorum,Vibranium (kg),2424.42,6.06,False
2015-06-10T09:00:00,Sanctum Sanctorum,Arc Reactor Cores,704.37,7.27,False
2015-06-10T09:00:00,Sanctum Sanctorum,Pym Particles,714.35,6.67,False
2015-06-10T09:00:00,Sanctum Sanctorum,Clean Water (L),2403.45,7.27,False
2015-06-10T09:00:00,Sanctum Sanctorum,Medical Kits,729.43,5.45,False
2015-06-10T09:00:00,Avengers Compound,Vibranium (kg),2409.93,6.06,False
2015-06-10T09:00:00,Avengers Compound,Arc Reactor Cores,694.96,7.27,False
2015-06-10T09:00:00,Avengers Compound,Pym Particles,701.24,6.67,False
2015-06-10T09:00:00,Avengers Compound,Clean Water (L),2384.38,7.27,False
2015-06-10T09:00:00,Avengers Compound,Medical Kits,718.67,5.45,False
2015-06-10T10:00:00,New Asgard,Vibranium (kg),2418.36,6.3,False
2015-06-10T10:00:00,New Asgard,Arc Reactor Cores,702.67,7.56,False
2015-06-10T10:00:00,New Asgard,Pym Particles,706.96,6.93,False
2015-06-10T10:00:00,New Asgard,Clean Water (L),2407.11,7.56,False
2015-06-10T10:00:00,New Asgard,Medical Kits,725.77,5.67,False
2015-06-10T10:00:00,Wakanda,Vibranium (kg),2421.86,6.3,False
2015-06-10T10:00:00,Wakanda,Arc Reactor Cores,705.78,7.56,False
2015-06-10T10:00:00,Wakanda,Pym Particles,713.21,6.93,False
2015-06-10T10:00:00,Wakanda,Clean Water (L),2400.96,7.56,False
2015-06-10T10:00:00,Wakanda,Medical Kits,733.54,5.67,False
2015-06-10T10:00:00,Sokovia,Vibranium (kg),2411.14,6.3,False
2015-06-10T10:00:00,Sokovia,Arc Reactor Cores,691.09,7.56,False
2015-06-10T10:00:00,Sokovia,Pym Particles,696.57,6.93,False
2015-06-10T10:00:00,Sokovia,Clean Water (L),2379.41,7.56,False
2015-06-10T10:00:00,Sokovia,Medical Kits,721.83,5.67,False
2015-06-10T10:00:00,Sanctum Sanctorum,Vibranium (kg),2422.63,6.3,False
2015-06-10T10:00:00,Sanctum Sanctorum,Arc Reactor Cores,704.05,7.56,False
2015-06-10T10:00:00,Sanctum Sanctorum,Pym Particles,712.82,6.93,False
2015-06-10T10:00:00,Sanctum Sanctorum,Clean Water (L),2401.8,7.56,False
2015-06-10T10:00:00,Sanctum Sanctorum,Medical Kits,729.65,5.67,False
2015-06-10T10:00:00,Avengers Compound,Vibranium (kg),2408.01,6.3,False
2015-06-10T10:00:00,Avengers Compound,Arc Reactor Cores,694.38,7.56,False
2015-06-10T10:00:00,Avengers Compound,Pym Particles,699.95,6.93,False
2015-06-10T10:00:00,Avengers Compound,Clean Water (L),2381.82,7.56,False
2015-06-10T10:00:00,Avengers Compound,Medical Kits,718.18,5.67,False
2015-06-10T11:00:00,New Asgard,Vibranium (kg),2418.87,6.45,False
2015-06-10T11:00:00,New Asgard,Arc Reactor Cores,700.88,7.74,False
2015-06-10T11:00:00,New Asgard,Pym Particles,705.83,7.09,False
2015-06-10T11:00:00,New Asgard,Clean Water (L),2405.12,7.74,False
2015-06-10T11:00:00,New Asgard,Medical Kits,724.92,5.8,False
2015-06-10T11:00:00,Wakanda,Vibranium (kg),2422.19,6.45,False
2015-06-10T11:00:00,Wakanda,Arc Reactor Cores,702.61,7.74,False
2015-06-10T11:00:00,Wakanda,Pym Particles,709.99,7.09,False
2015-06-10T11:00:00,Wakanda,Clean Water (L),2399.04,7.74,False
2015-06-10T11:00:00,Wakanda,Medical Kits,731.88,5.8,False
2015-06-10T11:00:00,Sokovia,Vibranium (kg),2410.66,6.45,False
2015-06-10T11:00:00,Sokovia,Arc Reactor Cores,689.81,7.74,False
2015-06-10T11:00:00,Sokovia,Pym Particles,695.7,7.09,False
2015-06-10T11:00:00,Sokovia,Clean Water (L),2378.99,7.74,False
2015-06-10T11:00:00,Sokovia,Medical Kits,722.31,5.8,False
2015-06-10T11:00:00,Sanctum Sanctorum,Vibranium (kg),2422.69,6.45,False
2015-06-10T11:00:00,Sanctum Sanctorum,Arc Reactor Cores,701.46,7.74,False
2015-06-10T11:00:00,Sanctum Sanctorum,Pym Particles,710.91,7.09,False
2015-06-10T11:00:00,Sanctum Sanctorum,Clean Water (L),2400.56,7.74,False
2015-06-10T11:00:00,Sanctum Sanctorum,Medical Kits,728.75,5.8,False
2015-06-10T11:00:00,Avengers Compound,Vibranium (kg),2407.12,6.45,False
2015-06-10T11:00:00,Avengers Compound,Arc Reactor Cores,691.46,7.74,False
2015-06-10T11:00:00,Avengers Compound,Pym Particles,699.35,7.09,False
2015-06-10T11:00:00,Avengers Compound,Clean Water (L),2381.31,7.74,False
2015-06-10T11:00:00,Avengers Compound,Medical Kits,717.57,5.8,False
2015-06-10T12:00:00,New Asgard,Vibranium (kg),2417.62,6.5,False
2015-06-10T12:00:00,New Asgard,Arc Reactor Cores,698.22,7.8,False
2015-06-10T12:00:00,New Asgard,Pym Particles,704.48,7.15,False
2015-06-10T12:00:00,New Asgard,Clean Water (L),2403.09,7.8,False
2015-06-10T12:00:00,New Asgard,Medical Kits,723.97,5.85,False
2015-06-10T12:00:00,Wakanda,Vibranium (kg),2419.22,6.5,False
2015-06-10T12:00:00,Wakanda,Arc Reactor Cores,700.57,7.8,False
2015-06-10T12:00:00,Wakanda,Pym Particles,707.44,7.15,False
2015-06-10T12:00:00,Wakanda,Clean Water (L),2396.96,7.8,False
2015-06-10T12:00:00,Wakanda,Medical Kits,730.28,5.85,False
2015-06-10T12:00:00,Sokovia,Vibranium (kg),2408.35,6.5,False
2015-06-10T12:00:00,Sokovia,Arc Reactor Cores,687.03,7.8,False
2015-06-10T12:00:00,Sokovia,Pym Particles,695.15,7.15,False
2015-06-10T12:00:00,Sokovia,Clean Water (L),2378.89,7.8,False
2015-06-10T12:00:00,Sokovia,Medical Kits,722.19,5.85,False
2015-06-10T12:00:00,Sanctum Sanctorum,Vibranium (kg),2422.94,6.5,False
2015-06-10T12:00:00,Sanctum Sanctorum,Arc Reactor Cores,698.4,7.8,False
2015-06-10T12:00:00,Sanctum Sanctorum,Pym Particles,710.29,7.15,False
2015-06-10T12:00:00,Sanctum Sanctorum,Clean Water (L),2398.57,7.8,False
2015-06-10T12:00:00,Sanctum Sanctorum,Medical Kits,728.24,5.85,False
2015-06-10T12:00:00,Avengers Compound,Vibranium (kg),2406.73,6.5,False
2015-06-10T12:00:00,Avengers Compound,Arc Reactor Cores,689.92,7.8,False
2015-06-10T12:00:00,Avengers Compound,Pym Particles,698.34,7.15,False
2015-06-10T12:00:00,Avengers Compound,Clean Water (L),2380.53,7.8,False
2015-06-10T12:00:00,Avengers Compound,Medical Kits,716.62,5.85,False
2015-06-10T13:00:00,New Asgard,Vibranium (kg),2415.22,6.45,False
2015-06-10T13:00:00,New Asgard,Arc Reactor Cores,697.14,7.74,False
2015-06-10T13:00:00,New Asgard,Pym Particles,701.7,7.09,False
2015-06-10T13:00:00,New Asgard,Clean Water (L),2401.5,7.74,False
2015-06-10T13:00:00,New Asgard,Medical Kits,723.22,5.8,False
2015-06-10T13:00:00,Wakanda,Vibranium (kg),2416.19,6.45,False
2015-06-10T13:00:00,Wakanda,Arc Reactor Cores,697.86,7.74,False
2015-06-10T13:00:00,Wakanda,Pym Particles,707.43,7.09,False
2015-06-10T13:00:00,Wakanda,Clean Water (L),2396.14,7.74,False
2015-06-10T13:00:00,Wakanda,Medical Kits,728.98,5.8,False
2015-06-10T13:00:00,Sokovia,Vibranium (kg),2406.45,6.45,False
2015-06-10T13:00:00,Sokovia,Arc Reactor Cores,686.02,7.74,False
2015-06-10T13:00:00,Sokovia,Pym Particles,695.75,7.09,False
2015-06-10T13:00:00,Sokovia,Clean Water (L),2378.58,7.74,False
2015-06-10T13:00:00,Sokovia,Medical Kits,719.97,5.8,False
2015-06-10T13:00:00,Sanctum Sanctorum,Vibranium (kg),2422.53,6.45,False
2015-06-10T13:00:00,Sanctum Sanctorum,Arc Reactor Cores,696.78,7.74,False
2015-06-10T13:00:00,Sanctum Sanctorum,Pym Particles,708.39,7.09,False
2015-06-10T13:00:00,Sanctum Sanctorum,Clean Water (L),2398.47,7.74,False
2015-06-10T13:00:00,Sanctum Sanctorum,Medical Kits,728.22,5.8,False
2015-06-10T13:00:00,Avengers Compound,Vibranium (kg),2406.5,6.45,False
2015-06-10T13:00:00,Avengers Compound,Arc Reactor Cores,687.84,7.74,False
2015-06-10T13:00:00,Avengers Compound,Pym Particles,698.29,7.09,False
2015-06-10T13:00:00,Avengers Compound,Clean Water (L),2379.99,7.74,False
2015-06-10T13:00:00,Avengers Compound,Medical Kits,716.77,5.8,False
2015-06-10T14:00:00,New Asgard,Vibranium (kg),2414.62,6.3,False
2015-06-10T14:00:00,New Asgard,Arc Reactor Cores,694.49,7.56,False
2015-06-10T14:00:00,New Asgard,Pym Particles,701.18,6.93,False
2015-06-10T14:00:00,New Asgard,Clean Water (L),2399.44,7.56,False
2015-06-10T14:00:00,New Asgard,Medical Kits,721.52,5.67,False
2015-06-10T14:00:00,Wakanda,Vibranium (kg),2414.29,6.3,False
2015-06-10T14:00:00,Wakanda,Arc Reactor Cores,697.39,7.56,False
2015-06-10T14:00:00,Wakanda,Pym Particles,704.59,6.93,False
2015-06-10T14:00:00,Wakanda,Clean Water (L),2396.31,7.56,False
2015-06-10T14:00:00,Wakanda,Medical Kits,727.32,5.67,False
2015-06-10T14:00:00,Sokovia,Vibranium (kg),2405.74,6.3,False
2015-06-10T14:00:00,Sokovia,Arc Reactor Cores,684.07,7.56,False
2015-06-10T14:00:00,Sokovia,Pym Particles,695.15,6.93,False
2015-06-10T14:00:00,Sokovia,Clean Water (L),2377.98,7.56,False
2015-06-10T14:00:00,Sokovia,Medical Kits,719.3,5.67,False
2015-06-10T14:00:00,Sanctum Sanctorum,Vibranium (kg),2420.63,6.3,False
2015-06-10T14:00:00,Sanctum Sanctorum,Arc Reactor Cores,697.14,7.56,False
2015-06-10T14:00:00,Sanctum Sanctorum,Pym Particles,708.79,6.93,False
2015-06-10T14:00:00,Sanctum Sanctorum,Clean Water (L),2395.8,7.56,False
2015-06-10T14:00:00,Sanctum Sanctorum,Medical Kits,727.39,5.67,False
2015-06-10T14:00:00,Avengers Compound,Vibranium (kg),2405.44,6.3,False
2015-06-10T14:00:00,Avengers Compound,Arc Reactor Cores,686.88,7.56,False
2015-06-10T14:00:00,Avengers Compound,Pym Particles,696.39,6.93,False
2015-06-10T14:00:00,Avengers Compound,Clean Water (L),2378.71,7.56,False
2015-06-10T14:00:00,Avengers Compound,Medical Kits,716.41,5.67,False
2015-06-10T15:00:00,New Asgard,Vibranium (kg),2412.57,6.06,False
2015-06-10T15:00:00,New Asgard,Arc Reactor Cores,693.13,7.27,False
2015-06-10T15:00:00,New Asgard,Pym Particles,700.63,6.67,False
2015-06-10T15:00:00,New Asgard,Clean Water (L),2398.92,7.27,False
2015-06-10T15:00:00,New Asgard,Medical Kits,719.45,5.45,False
2015-06-10T15:00:00,Wakanda,Vibranium (kg),2413.55,6.06,False
2015-06-10T15:00:00,Wakanda,Arc Reactor Cores,695.47,7.27,False
2015-06-10T15:00:00,Wakanda,Pym Particles,702.39,6.67,False
2015-06-10T15:00:00,Wakanda,Clean Water (L),2395.45,7.27,False
2015-06-10T15:00:00,Wakanda,Medical Kits,727.08,5.45,False
2015-06-10T15:00:00,Sokovia,Vibranium (kg),2403.84,6.06,False
2015-06-10T15:00:00,Sokovia,Arc Reactor Cores,682.71,7.27,False
2015-06-10T15:00:00,Sokovia,Pym Particles,694.9,6.67,False
2015-06-10T15:00:00,Sokovia,Clean Water (L),2378.39,7.27,False
2015-06-10T15:00:00,Sokovia,Medical Kits,720.31,5.45,False
2015-06-10T15:00:00,Sanctum Sanctorum,Vibranium (kg),2420.04,6.06,False
2015-06-10T15:00:00,Sanctum Sanctorum,Arc Reactor Cores,695.81,7.27,False
2015-06-10T15:00:00,Sanctum Sanctorum,Pym Particles,708.82,6.67,False
2015-06-10T15:00:00,Sanctum Sanctorum,Clean Water (L),2395.57,7.27,False
2015-06-10T15:00:00,Sanctum Sanctorum,Medical Kits,724.84,5.45,False
2015-06-10T15:00:00,Avengers Compound,Vibranium (kg),2405.63,6.06,False
2015-06-10T15:00:00,Avengers Compound,Arc Reactor Cores,686.7,7.27,False
2015-06-10T15:00:00,Avengers Compound,Pym Particles,694.93,6.67,False
2015-06-10T15:00:00,Avengers Compound,Clean Water (L),2378.28,7.27,False
2015-06-10T15:00:00,Avengers Compound,Medical Kits,715.97,5.45,False
2015-06-10T16:00:00,New Asgard,Vibranium (kg),2413.39,5.75,False
2015-06-10T16:00:00,New Asgard,Arc Reactor Cores,692.55,6.9,False
2015-06-10T16:00:00,New Asgard,Pym Particles,701.5,6.32,False
2015-06-10T16:00:00,New Asgard,Clean Water (L),2396.87,6.9,False
2015-06-10T16:00:00,New Asgard,Medical Kits,719.71,5.17,False
2015-06-10T16:00:00,Wakanda,Vibranium (kg),2412.75,5.75,False
2015-06-10T16:00:00,Wakanda,Arc Reactor Cores,695.44,6.9,False
2015-06-10T16:00:00,Wakanda,Pym Particles,701.25,6.32,False
2015-06-10T16:00:00,Wakanda,Clean Water (L),2394.69,6.9,False
2015-06-10T16:00:00,Wakanda,Medical Kits,726.05,5.17,False
2015-06-10T16:00:00,Sokovia,Vibranium (kg),2402.92,5.75,False
2015-06-10T16:00:00,Sokovia,Arc Reactor Cores,681.79,6.9,False
2015-06-10T16:00:00,Sokovia,Pym Particles,693.85,6.32,False
2015-06-10T16:00:00,Sokovia,Clean Water (L),2378.49,6.9,False
2015-06-10T16:00:00,Sokovia,Medical Kits,719.57,5.17,False
2015-06-10T16:00:00,Sanctum Sanctorum,Vibranium (kg),2418.99,5.75,False
2015-06-10T16:00:00,Sanctum Sanctorum,Arc Reactor Cores,695.2,6.9,False
2015-06-10T16:00:00,Sanctum Sanctorum,Pym Particles,707.97,6.32,False
2015-06-10T16:00:00,Sanctum Sanctorum,Clean Water (L),2396.0,6.9,False
2015-06-10T16:00:00,Sanctum Sanctorum,Medical Kits,723.53,5.17,False
2015-06-10T16:00:00,Avengers Compound,Vibranium (kg),2406.08,5.75,False
2015-06-10T16:00:00,Avengers Compound,Arc Reactor Cores,686.54,6.9,False
2015-06-10T16:00:00,Avengers Compound,Pym Particles,695.89,6.32,False
2015-06-10T16:00:00,Avengers Compound,Clean Water (L),2378.53,6.9,False
2015-06-10T16:00:00,Avengers Compound,Medical Kits,715.75,5.17,False
2015-06-10T17:00:00,New Asgard,Vibranium (kg),2413.13,5.39,False
2015-06-10T17:00:00,New Asgard,Arc Reactor Cores,691.38,6.47,False
2015-06-10T17:00:00,New Asgard,Pym Particles,700.65,5.93,False
2015-06-10T17:00:00,New Asgard,Clean Water (L),2396.89,6.47,False
2015-06-10T17:00:00,New Asgard,Medical Kits,719.01,4.85,False
2015-06-10T17:00:00,Wakanda,Vibranium (kg),2413.54,5.39,False
2015-06-10T17:00:00,Wakanda,Arc Reactor Cores,695.83,6.47,False
2015-06-10T17:00:00,Wakanda,Pym Particles,702.88,5.93,False
2015-06-10T17:00:00,Wakanda,Clean Water (L),2394.88,6.47,False
2015-06-10T17:00:00,Wakanda,Medical Kits,725.32,4.85,False
2015-06-10T17:00:00,Sokovia,Vibranium (kg),2403.05,5.39,False
2015-06-10T17:00:00,Sokovia,Arc Reactor Cores,683.57,6.47,False
2015-06-10T17:00:00,Sokovia,Pym Particles,693.63,5.93,False
2015-06-10T17:00:00,Sokovia,Clean Water (L),2378.28,6.47,False
2015-06-10T17:00:00,Sokovia,Medical Kits,719.67,4.85,False
2015-06-10T17:00:00,Sanctum Sanctorum,Vibranium (kg),2418.3,5.39,False
2015-06-10T17:00:00,Sanctum Sanctorum,Arc Reactor Cores,694.69,6.47,False
2015-06-10T17:00:00,Sanctum Sanctorum,Pym Particles,707.56,5.93,False
2015-06-10T17:00:00,Sanctum Sanctorum,Clean Water (L),2394.31,6.47,False
2015-06-10T17:00:00,Sanctum Sanctorum,Medical Kits,723.76,4.85,False
2015-06-10T17:00:00,Avengers Compound,Vibranium (kg),2405.85,5.39,False
2015-06-10T17:00:00,Avengers Compound,Arc Reactor Cores,686.83,6.47,False
2015-06-10T17:00:00,Avengers Compound,Pym Particles,696.24,5.93,False
2015-06-10T17:00:00,Avengers Compound,Clean Water (L),2379.09,6.47,False
2015-06-10T17:00:00,Avengers Compound,Medical Kits,716.36,4.85,False
2015-06-10T18:00:00,New Asgard,Vibranium (kg),2412.26,5.0,False
2015-06-10T18:00:00,New Asgard,Arc Reactor Cores,690.87,6.0,False
2015-06-10T18:00:00,New Asgard,Pym Particles,700.65,5.5,False
2015-06-10T18:00:00,New Asgard,Clean Water (L),2396.9,6.0,False
2015-06-10T18:00:00,New Asgard,Medical Kits,719.43,4.5,False
2015-06-10T18:00:00,Wakanda,Vibranium (kg),2413.32,5.0,False
2015-06-10T18:00:00,Wakanda,Arc Reactor Cores,696.59,6.0,False
2015-06-10T18:00:00,Wakanda,Pym Particles,704.59,5.5,False
2015-06-10T18:00:00,Wakanda,Clean Water (L),2396.08,6.0,False
2015-06-10T18:00:00,Wakanda,Medical Kits,726.32,4.5,False
2015-06-10T18:00:00,Sokovia,Vibranium (kg),2403.2,5.0,False
2015-06-10T18:00:00,Sokovia,Arc Reactor Cores,684.14,6.0,False
2015-06-10T18:00:00,Sokovia,Pym Particles,693.6,5.5,False
2015-06-10T18:00:00,Sokovia,Clean Water (L),2379.12,6.0,False
2015-06-10T18:00:00,Sokovia,Medical Kits,720.2,4.5,False
2015-06-10T18:00:00,Sanctum Sanctorum,Vibranium (kg),2418.6,5.0,False
2015-06-10T18:00:00,Sanctum Sanctorum,Arc Reactor Cores,693.74,6.0,False
2015-06-10T18:00:00,Sanctum Sanctorum,Pym Particles,708.76,5.5,False
2015-06-10T18:00:00,Sanctum Sanctorum,Clean Water (L),2395.45,6.0,False
2015-06-10T18:00:00,Sanctum Sanctorum,Medical Kits,724.58,4.5,False
2015-06-10T18:00:00,Avengers Compound,Vibranium (kg),2408.03,5.0,False
2015-06-10T18:00:00,Avengers Compound,Arc Reactor Cores,687.87,6.0,False
2015-06-10T18:00:00,Avengers Compound,Pym Particles,697.55,5.5,False
2015-06-10T18:00:00,Avengers Compound,Clean Water (L),2379.45,6.0,False
2015-06-10T18:00:00,Avengers Compound,Medical Kits,717.39,4.5,False
2015-06-10T19:00:00,New Asgard,Vibranium (kg),2412.72,4.61,False
2015-06-10T19:00:00,New Asgard,Arc Reactor Cores,692.54,5.53,False
2015-06-10T19:00:00,New Asgard,Pym Particles,702.61,5.07,False
2015-06-10T19:00:00,New Asgard,Clean Water (L),2397.94,5.53,False
2015-06-10T19:00:00,New Asgard,Medical Kits,721.61,4.15,False
2015-06-10T19:00:00,Wakanda,Vibranium (kg),2413.62,4.61,False
2015-06-10T19:00:00,Wakanda,Arc Reactor Cores,696.61,5.53,False
2015-06-10T19:00:00,Wakanda,Pym Particles,705.4,5.07,False
2015-06-10T19:00:00,Wakanda,Clean Water (L),2396.36,5.53,False
2015-06-10T19:00:00,Wakanda,Medical Kits,726.79,4.15,False
2015-06-10T19:00:00,Sokovia,Vibranium (kg),2404.82,4.61,False
2015-06-10T19:00:00,Sokovia,Arc Reactor Cores,685.19,5.53,False
2015-06-10T19:00:00,Sokovia,Pym Particles,694.74,5.07,False
2015-06-10T19:00:00,Sokovia,Clean Water (L),2381.37,5.53,False
2015-06-10T19:00:00,Sokovia,Medical Kits,720.27,4.15,False
2015-06-10T19:00:00,Sanctum Sanctorum,Vibranium (kg),2419.33,4.61,False
2015-06-10T19:00:00,Sanctum Sanctorum,Arc Reactor Cores,692.96,5.53,False
2015-06-10T19:00:00,Sanctum Sanctorum,Pym Particles,709.03,5.07,False
2015-06-10T19:00:00,Sanctum Sanctorum,Clean Water (L),2394.65,5.53,False
2015-06-10T19:00:00,Sanctum Sanctorum,Medical Kits,725.69,4.15,False
2015-06-10T19:00:00,Avengers Compound,Vibranium (kg),2409.32,4.61,False
2015-06-10T19:00:00,Avengers Compound,Arc Reactor Cores,687.41,5.53,False
2015-06-10T19:00:00,Avengers Compound,Pym Particles,697.06,5.07,False
2015-06-10T19:00:00,Avengers Compound,Clean Water (L),2379.37,5.53,False
2015-06-10T19:00:00,Avengers Compound,Medical Kits,718.73,4.15,False
2015-06-10T20:00:00,New Asgard,Vibranium (kg),2413.45,4.25,False
2015-06-10T20:00:00,New Asgard,Arc Reactor Cores,693.74,5.1,False
2015-06-10T20:00:00,New Asgard,Pym Particles,702.7,4.68,False
2015-06-10T20:00:00,New Asgard,Clean Water (L),2399.14,5.1,False
2015-06-10T20:00:00,New Asgard,Medical Kits,721.78,3.83,False
2015-06-10T20:00:00,Wakanda,Vibranium (kg),2415.58,4.25,False
2015-06-10T20:00:00,Wakanda,Arc Reactor Cores,697.64,5.1,False
2015-06-10T20:00:00,Wakanda,Pym Particles,704.98,4.68,False
2015-06-10T20:00:00,Wakanda,Clean Water (L),2397.79,5.1,False
2015-06-10T20:00:00,Wakanda,Medical Kits,727.67,3.83,False
2015-06-10T20:00:00,Sokovia,Vibranium (kg),2406.71,4.25,False
2015-06-10T20:00:00,Sokovia,Arc Reactor Cores,686.84,5.1,False
2015-06-10T20:00:00,Sokovia,Pym Particles,695.39,4.68,False
2015-06-10T20:00:00,Sokovia,Clean Water (L),2383.6,5.1,False
2015-06-10T20:00:00,Sokovia,Medical Kits,720.76,3.83,False
2015-06-10T20:00:00,Sanctum Sanctorum,Vibranium (kg),2421.16,4.25,False
2015-06-10T20:00:00,Sanctum Sanctorum,Arc Reactor Cores,693.94,5.1,False
2015-06-10T20:00:00,Sanctum Sanctorum,Pym Particles,710.48,4.68,False
2015-06-10T20:00:00,Sanctum Sanctorum,Clean Water (L),2395.73,5.1,False
2015-06-10T20:00:00,Sanctum Sanctorum,Medical Kits,726.14,3.83,False
2015-06-10T20:00:00,Avengers Compound,Vibranium (kg),2410.58,4.25,False
2015-06-10T20:00:00,Avengers Compound,Arc Reactor Cores,688.74,5.1,False
2015-06-10T20:00:00,Avengers Compound,Pym Particles,698.24,4.68,False
2015-06-10T20:00:00,Avengers Compound,Clean Water (L),2381.41,5.1,False
2015-06-10T20:00:00,Avengers Compound,Medical Kits,720.57,3.83,False
2015-06-10T21:00:00,New Asgard,Vibranium (kg),2415.78,3.94,False
2015-06-10T21:00:00,New Asgard,Arc Reactor Cores,694.63,4.73,False
2015-06-10T21:00:00,New Asgard,Pym Particles,704.51,4.33,False
2015-06-10T21:00:00,New Asgard,Clean Water (L),2400.61,4.73,False
2015-06-10T21:00:00,New Asgard,Medical Kits,722.14,3.55,False
2015-06-10T21:00:00,Wakanda,Vibranium (kg),2416.88,3.94,False
2015-06-10T21:00:00,Wakanda,Arc Reactor Cores,698.24,4.73,False
2015-06-10T21:00:00,Wakanda,Pym Particles,705.2,4.33,False
2015-06-10T21:00:00,Wakanda,Clean Water (L),2398.31,4.73,False
2015-06-10T21:00:00,Wakanda,Medical Kits,729.59,3.55,False
2015-06-10T21:00:00,Sokovia,Vibranium (kg),2408.15,3.94,False
2015-06-10T21:00:00,Sokovia,Arc Reactor Cores,688.63,4.73,False
2015-06-10T21:00:00,Sokovia,Pym Particles,697.66,4.33,False
2015-06-10T21:00:00,Sokovia,Clean Water (L),2384.7,4.73,False
2015-06-10T21:00:00,Sokovia,Medical Kits,721.98,3.55,False
2015-06-10T21:00:00,Sanctum Sanctorum,Vibranium (kg),2422.49,3.94,False
2015-06-10T21:00:00,Sanctum Sanctorum,Arc Reactor Cores,694.87,4.73,False
2015-06-10T21:00:00,Sanctum Sanctorum,Pym Particles,710.95,4.33,False
2015-06-10T21:00:00,Sanctum Sanctorum,Clean Water (L),2396.98,4.73,False
2015-06-10T21:00:00,Sanctum Sanctorum,Medical Kits,728.63,3.55,False
2015-06-10T21:00:00,Avengers Compound,Vibranium (kg),2411.76,3.94,False
2015-06-10T21:00:00,Avengers Compound,Arc Reactor Cores,692.49,4.73,False
2015-06-10T21:00:00,Avengers Compound,Pym Particles,700.24,4.33,False
2015-06-10T21:00:00,Avengers Compound,Clean Water (L),2383.16,4.73,False
2015-06-10T21:00:00,Avengers Compound,Medical Kits,722.47,3.55,False
2015-06-10T22:00:00,New Asgard,Vibranium (kg),2418.46,3.7,False
2015-06-10T22:00:00,New Asgard,Arc Reactor Cores,694.53,4.44,False
2015-06-10T22:00:00,New Asgard,Pym Particles,706.32,4.07,False
2015-06-10T22:00:00,New Asgard,Clean Water (L),2401.91,4.44,False
2015-06-10T22:00:00,New Asgard,Medical Kits,723.6,3.33,False
2015-06-10T22:00:00,Wakanda,Vibranium (kg),2419.76,3.7,False
2015-06-10T22:00:00,Wakanda,Arc Reactor Cores,699.32,4.44,False
2015-06-10T22:00:00,Wakanda,Pym Particles,706.5,4.07,False
2015-06-10T22:00:00,Wakanda,Clean Water (L),2400.79,4.44,False
2015-06-10T22:00:00,Wakanda,Medical Kits,731.01,3.33,False
2015-06-10T22:00:00,Sokovia,Vibranium (kg),2411.63,3.7,False
2015-06-10T22:00:00,Sokovia,Arc Reactor Cores,690.73,4.44,False
2015-06-10T22:00:00,Sokovia,Pym Particles,700.56,4.07,False
2015-06-10T22:00:00,Sokovia,Clean Water (L),2386.45,4.44,False
2015-06-10T22:00:00,Sokovia,Medical Kits,723.27,3.33,False
2015-06-10T22:00:00,Sanctum Sanctorum,Vibranium (kg),2424.18,3.7,False
2015-06-10T22:00:00,Sanctum Sanctorum,Arc Reactor Cores,695.56,4.44,False
2015-06-10T22:00:00,Sanctum Sanctorum,Pym Particles,711.25,4.07,False
2015-06-10T22:00:00,Sanctum Sanctorum,Clean Water (L),2397.84,4.44,False
2015-06-10T22:00:00,Sanctum Sanctorum,Medical Kits,728.92,3.33,False
2015-06-10T22:00:00,Avengers Compound,Vibranium (kg),2412.44,3.7,False
2015-06-10T22:00:00,Avengers Compound,Arc Reactor Cores,694.58,4.44,False
2015-06-10T22:00:00,Avengers Compound,Pym Particles,702.58,4.07,False
2015-06-10T22:00:00,Avengers Compound,Clean Water (L),2387.24,4.44,False
2015-06-10T22:00:00,Avengers Compound,Medical Kits,722.55,3.33,False
2015-06-10T23:00:00,New Asgard,Vibranium (kg),2421.28,3.55,False
2015-06-10T23:00:00,New Asgard,Arc Reactor Cores,697.3,4.26,False
2015-06-10T23:00:00,New Asgard,Pym Particles,708.33,3.91,False
2015-06-10T23:00:00,New Asgard,Clean Water (L),2403.14,4.26,False
2015-06-10T23:00:00,New Asgard,Medical Kits,726.05,3.2,False
2015-06-10T23:00:00,Wakanda,Vibranium (kg),2420.79,3.55,False
2015-06-10T23:00:00,Wakanda,Arc Reactor Cores,702.67,4.26,False
2015-06-10T23:00:00,Wakanda,Pym Particles,708.49,3.91,False
2015-06-10T23:00:00,Wakanda,Clean Water (L),2401.54,4.26,False
2015-06-10T23:00:00,Wakanda,Medical Kits,733.04,3.2,False
2015-06-10T23:00:00,Sokovia,Vibranium (kg),2414.82,3.55,False
2015-06-10T23:00:00,Sokovia,Arc Reactor Cores,694.42,4.26,False
2015-06-10T23:00:00,Sokovia,Pym Particles,702.54,3.91,False
2015-06-10T23:00:00,Sokovia,Clean Water (L),2388.14,4.26,False
2015-06-10T23:00:00,Sokovia,Medical Kits,726.06,3.2,False
2015-06-10T23:00:00,Sanctum Sanctorum,Vibranium (kg),2425.59,3.55,False
2015-06-10T23:00:00,Sanctum Sanctorum,Arc Reactor Cores,696.64,4.26,False
2015-06-10T23:00:00,Sanctum Sanctorum,Pym Particles,711.49,3.91,False
2015-06-10T23:00:00,Sanctum Sanctorum,Clean Water (L),2398.26,4.26,False
2015-06-10T23:00:00,Sanctum Sanctorum,Medical Kits,730.66,3.2,False
2015-06-10T23:00:00,Avengers Compound,Vibranium (kg),2413.44,3.55,False
2015-06-10T23:00:00,Avengers Compound,Arc Reactor Cores,696.89,4.26,False
2015-06-10T23:00:00,Avengers Compound,Pym Particles,704.32,3.91,False
2015-06-10T23:00:00,Avengers Compound,Clean Water (L),2389.1,4.26,False
2015-06-10T23:00:00,Avengers Compound,Medical Kits,723.86,3.2,False
2015-06-11T00:00:00,New Asgard,Vibranium (kg),2422.73,3.5,False
2015-06-11T00:00:00,New Asgard,Arc Reactor Cores,700.1,4.2,False
2015-06-11T00:00:00,New Asgard,Pym Particles,709.22,3.85,False
2015-06-11T00:00:00,New Asgard,Clean Water (L),2405.25,4.2,False
2015-06-11T00:00:00,New Asgard,Medical Kits,729.37,3.15,False
2015-06-11T00:00:00,Wakanda,Vibranium (kg),2421.96,3.5,False
2015-06-11T00:00:00,Wakanda,Arc Reactor Cores,703.43,4.2,False
2015-06-11T00:00:00,Wakanda,Pym Particles,711.32,3.85,False
2015-06-11T00:00:00,Wakanda,Clean Water (L),2403.42,4.2,False
2015-06-11T00:00:00,Wakanda,Medical Kits,734.73,3.15,False
2015-06-11T00:00:00,Sokovia,Vibranium (kg),2417.08,3.5,False
2015-06-11T00:00:00,Sokovia,Arc Reactor Cores,695.23,4.2,False
2015-06-11T00:00:00,Sokovia,Pym Particles,704.94,3.85,False
2015-06-11T00:00:00,Sokovia,Clean Water (L),2391.56,4.2,False
2015-06-11T00:00:00,Sokovia,Medical Kits,729.15,3.15,False
2015-06-11T00:00:00,Sanctum Sanctorum,Vibranium (kg),2427.88,3.5,False
2015-06-11T00:00:00,Sanctum Sanctorum,Arc Reactor Cores,698.27,4.2,False
2015-06-11T00:00:00,Sanctum Sanctorum,Pym Particles,713.41,3.85,False
2015-06-11T00:00:00,Sanctum Sanctorum,Clean Water (L),2398.78,4.2,False
2015-06-11T00:00:00,Sanctum Sanctorum,Medical Kits,730.46,3.15,False
2015-06-11T00:00:00,Avengers Compound,Vibranium (kg),2415.23,3.5,False
2015-06-11T00:00:00,Avengers Compound,Arc Reactor Cores,697.36,4.2,False
2015-06-11T00:00:00,Avengers Compound,Pym Particles,706.03,3.85,False
2015-06-11T00:00:00,Avengers Compound,Clean Water (L),2391.58,4.2,False
2015-06-11T00:00:00,Avengers Compound,Medical Kits,725.09,3.15,False
2015-06-11T01:00:00,New Asgard,Vibranium (kg),2423.14,3.55,False
2015-06-11T01:00:00,New Asgard,Arc Reactor Cores,700.94,4.26,False
2015-06-11T01:00:00,New Asgard,Pym Particles,711.38,3.91,False
2015-06-11T01:00:00,New Asgard,Clean Water (L),2406.71,4.26,False
2015-06-11T01:00:00,New Asgard,Medical Kits,730.97,3.2,False
2015-06-11T01:00:00,Wakanda,Vibranium (kg),2422.81,3.55,False
2015-06-11T01:00:00,Wakanda,Arc Reactor Cores,704.47,4.26,False
2015-06-11T01:00:00,Wakanda,Pym Particles,713.04,3.91,False
2015-06-11T01:00:00,Wakanda,Clean Water (L),2404.53,4.26,False
2015-06-11T01:00:00,Wakanda,Medical Kits,734.58,3.2,False
2015-06-11T01:00:00,Sokovia,Vibranium (kg),2418.98,3.55,False
2015-06-11T01:00:00,Sokovia,Arc Reactor Cores,696.6,4.26,False
2015-06-11T01:00:00,Sokovia,Pym Particles,706.42,3.91,False
2015-06-11T01:00:00,Sokovia,Clean Water (L),2391.93,4.26,False
2015-06-11T01:00:00,Sokovia,Medical Kits,730.76,3.2,False
2015-06-11T01:00:00,Sanctum Sanctorum,Vibranium (kg),2429.34,3.55,False
2015-06-11T01:00:00,Sanctum Sanctorum,Arc Reactor Cores,698.73,4.26,False
2015-06-11T01:00:00,Sanctum Sanctorum,Pym Particles,714.18,3.91,False
2015-06-11T01:00:00,Sanctum Sanctorum,Clean Water (L),2399.52,4.26,False
2015-06-11T01:00:00,Sanctum Sanctorum,Medical Kits,730.17,3.2,False
2015-06-11T01:00:00,Avengers Compound,Vibranium (kg),2416.12,3.55,False
2015-06-11T01:00:00,Avengers Compound,Arc Reactor Cores,699.41,4.26,False
2015-06-11T01:00:00,Avengers Compound,Pym Particles,708.17,3.91,False
2015-06-11T01:00:00,Avengers Compound,Clean Water (L),2395.17,4.26,False
2015-06-11T01:00:00,Avengers Compound,Medical Kits,726.59,3.2,False
2015-06-11T02:00:00,New Asgard,Vibranium (kg),2424.62,3.7,False
2015-06-11T02:00:00,New Asgard,Arc Reactor Cores,704.18,4.44,False
2015-06-11T02:00:00,New Asgard,Pym Particles,712.12,4.07,False
2015-06-11T02:00:00,New Asgard,Clean Water (L),2407.18,4.44,False
2015-06-11T02:00:00,New Asgard,Medical Kits,730.69,3.33,False
2015-06-11T02:00:00,Wakanda,Vibranium (kg),2424.75,3.7,False
2015-06-11T02:00:00,Wakanda,Arc Reactor Cores,704.52,4.44,False
2015-06-11T02:00:00,Wakanda,Pym Particles,714.08,4.07,False
2015-06-11T02:00:00,Wakanda,Clean Water (L),2405.13,4.44,False
2015-06-11T02:00:00,Wakanda,Medical Kits,736.38,3.33,False
2015-06-11T02:00:00,Sokovia,Vibranium (kg),2419.5,3.7,False
2015-06-11T02:00:00,Sokovia,Arc Reactor Cores,696.94,4.44,False
2015-06-11T02:00:00,Sokovia,Pym Particles,708.64,4.07,False
2015-06-11T02:00:00,Sokovia,Clean Water (L),2392.38,4.44,False
2015-06-11T02:00:00,Sokovia,Medical Kits,731.12,3.33,False
2015-06-11T02:00:00,Sanctum Sanctorum,Vibranium (kg),2430.17,3.7,False
2015-06-11T02:00:00,Sanctum Sanctorum,Arc Reactor Cores,700.09,4.44,False
2015-06-11T02:00:00,Sanctum Sanctorum,Pym Particles,716.31,4.07,False
2015-06-11T02:00:00,Sanctum Sanctorum,Clean Water (L),2401.4,4.44,False
2015-06-11T02:00:00,Sanctum Sanctorum,Medical Kits,732.32,3.33,False
2015-06-11T02:00:00,Avengers Compound,Vibranium (kg),2418.6,3.7,False
2015-06-11T02:00:00,Avengers Compound,Arc Reactor Cores,702.29,4.44,False
2015-06-11T02:00:00,Avengers Compound,Pym Particles,711.15,4.07,False
2015-06-11T02:00:00,Avengers Compound,Clean Water (L),2396.91,4.44,False
2015-06-11T02:00:00,Avengers Compound,Medical Kits,726.48,3.33,False
2015-06-11T03:00:00,New Asgard,Vibranium (kg),2426.17,3.94,False
2015-06-11T03:00:00,New Asgard,Arc Reactor Cores,704.16,4.73,False
2015-06-11T03:00:00,New Asgard,Pym Particles,714.4,4.33,False
2015-06-11T03:00:00,New Asgard,Clean Water (L),2408.54,4.73,False
2015-06-11T03:00:00,New Asgard,Medical Kits,731.37,3.55,False
2015-06-11T03:00:00,Wakanda,Vibranium (kg),2424.74,3.94,False
2015-06-11T03:00:00,Wakanda,Arc Reactor Cores,706.44,4.73,False
2015-06-11T03:00:00,Wakanda,Pym Particles,714.28,4.33,False
2015-06-11T03:00:00,Wakanda,Clean Water (L),2405.97,4.73,False
2015-06-11T03:00:00,Wakanda,Medical Kits,735.93,3.55,False
2015-06-11T03:00:00,Sokovia,Vibranium (kg),2421.52,3.94,False
2015-06-11T03:00:00,Sokovia,Arc Reactor Cores,697.75,4.73,False
2015-06-11T03:00:00,Sokovia,Pym Particles,709.14,4.33,False
2015-06-11T03:00:00,Sokovia,Clean Water (L),2395.86,4.73,False
2015-06-11T03:00:00,Sokovia,Medical Kits,732.7,3.55,False
2015-06-11T03:00:00,Sanctum Sanctorum,Vibranium (kg),2429.37,3.94,False
2015-06-11T03:00:00,Sanctum Sanctorum,Arc Reactor Cores,699.58,4.73,False
2015-06-11T03:00:00,Sanctum Sanctorum,Pym Particles,716.11,4.33,False
2015-06-11T03:00:00,Sanctum Sanctorum,Clean Water (L),2402.8,4.73,False
2015-06-11T03:00:00,Sanctum Sanctorum,Medical Kits,733.61,3.55,False
2015-06-11T03:00:00,Avengers Compound,Vibranium (kg),2419.87,3.94,False
2015-06-11T03:00:00,Avengers Compound,Arc Reactor Cores,703.52,4.73,False
2015-06-11T03:00:00,Avengers Compound,Pym Particles,713.36,4.33,False
2015-06-11T03:00:00,Avengers Compound,Clean Water (L),2398.24,4.73,False
2015-06-11T03:00:00,Avengers Compound,Medical Kits,727.82,3.55,False
2015-06-11T04:00:00,New Asgard,Vibranium (kg),2426.97,4.25,False
2015-06-11T04:00:00,New Asgard,Arc Reactor Cores,704.65,5.1,False
2015-06-11T04:00:00,New Asgard,Pym Particles,714.18,4.68,False
2015-06-11T04:00:00,New Asgard,Clean Water (L),2409.26,5.1,False
2015-06-11T04:00:00,New Asgard,Medical Kits,732.3,3.83,False
2015-06-11T04:00:00,Wakanda,Vibranium (kg),2426.64,4.25,False
2015-06-11T04:00:00,Wakanda,Arc Reactor Cores,706.46,5.1,False
2015-06-11T04:00:00,Wakanda,Pym Particles,715.47,4.68,False
2015-06-11T04:00:00,Wakanda,Clean Water (L),2406.95,5.1,False
2015-06-11T04:00:00,Wakanda,Medical Kits,737.89,3.83,False
2015-06-11T04:00:00,Sokovia,Vibranium (kg),2422.82,4.25,False
2015-06-11T04:00:00,Sokovia,Arc Reactor Cores,698.8,5.1,False
2015-06-11T04:00:00,Sokovia,Pym Particles,710.27,4.68,False
2015-06-11T04:00:00,Sokovia,Clean Water (L),2395.74,5.1,False
2015-06-11T04:00:00,Sokovia,Medical Kits,733.51,3.83,False
2015-06-11T04:00:00,Sanctum Sanctorum,Vibranium (kg),2429.4,4.25,False
2015-06-11T04:00:00,Sanctum Sanctorum,Arc Reactor Cores,700.31,5.1,False
2015-06-11T04:00:00,Sanctum Sanctorum,Pym Particles,715.46,4.68,False
2015-06-11T04:00:00,Sanctum Sanctorum,Clean Water (L),2402.39,5.1,False
2015-06-11T04:00:00,Sanctum Sanctorum,Medical Kits,734.21,3.83,False
2015-06-11T04:00:00,Avengers Compound,Vibranium (kg),2421.13,4.25,False
2015-06-11T04:00:00,Avengers Compound,Arc Reactor Cores,705.21,5.1,False
2015-06-11T04:00:00,Avengers Compound,Pym Particles,715.88,4.68,False
2015-06-11T04:00:00,Avengers Compound,Clean Water (L),2399.58,5.1,False
2015-06-11T04:00:00,Avengers Compound,Medical Kits,727.45,3.83,False
2015-06-11T05:00:00,New Asgard,Vibranium (kg),2428.2,4.61,False
2015-06-11T05:00:00,New Asgard,Arc Reactor Cores,705.64,5.53,False
2015-06-11T05:00:00,New Asgard,Pym Particles,716.17,5.07,False
2015-06-11T05:00:00,New Asgard,Clean Water (L),2409.99,5.53,False
2015-06-11T05:00:00,New Asgard,Medical Kits,732.57,4.15,False
2015-06-11T05:00:00,Wakanda,Vibranium (kg),2427.16,4.61,False
2015-06-11T05:00:00,Wakanda,Arc Reactor Cores,706.47,5.53,False
2015-06-11T05:00:00,Wakanda,Pym Particles,715.01,5.07,False
2015-06-11T05:00:00,Wakanda,Clean Water (L),2406.97,5.53,False
2015-06-11T05:00:00,Wakanda,Medical Kits,738.14,4.15,False
2015-06-11T05:00:00,Sokovia,Vibranium (kg),2422.79,4.61,False
2015-06-11T05:00:00,Sokovia,Arc Reactor Cores,699.89,5.53,False
2015-06-11T05:00:00,Sokovia,Pym Particles,709.5,5.07,False
2015-06-11T05:00:00,Sokovia,Clean Water (L),2397.37,5.53,False
2015-06-11T05:00:00,Sokovia,Medical Kits,733.67,4.15,False
2015-06-11T05:00:00,Sanctum Sanctorum,Vibranium (kg),2429.99,4.61,False
2015-06-11T05:00:00,Sanctum Sanctorum,Arc Reactor Cores,701.41,5.53,False
2015-06-11T05:00:00,Sanctum Sanctorum,Pym Particles,716.18,5.07,False
2015-06-11T05:00:00,Sanctum Sanctorum,Clean Water (L),2403.83,5.53,False
2015-06-11T05:00:00,Sanctum Sanctorum,Medical Kits,733.5,4.15,False
2015-06-11T05:00:00,Avengers Compound,Vibranium (kg),2420.61,4.61,False
2015-06-11T05:00:00,Avengers Compound,Arc Reactor Cores,705.93,5.53,False
2015-06-11T05:00:00,Avengers Compound,Pym Particles,715.79,5.07,False
2015-06-11T05:00:00,Avengers Compound,Clean Water (L),2400.01,5.53,False
2015-06-11T05:00:00,Avengers Compound,Medical Kits,726.57,4.15,False
2015-06-11T06:00:00,New Asgard,Vibranium (kg),2427.64,5.0,False
2015-06-11T06:00:00,New Asgard,Arc Reactor Cores,704.07,6.0,False
2015-06-11T06:00:00,New Asgard,Pym Particles,715.48,5.5,False
2015-06-11T06:00:00,New Asgard,Clean Water (L),2410.7,6.0,False
2015-06-11T06:00:00,New Asgard,Medical Kits,731.06,4.5,False
2015-06-11T06:00:00,Wakanda,Vibranium (kg),2425.53,5.0,False
2015-06-11T06:00:00,Wakanda,Arc Reactor Cores,705.09,6.0,False
2015-06-11T06:00:00,Wakanda,Pym Particles,713.61,5.5,False
2015-06-11T06:00:00,Wakanda,Clean Water (L),2405.86,6.0,False
2015-06-11T06:00:00,Wakanda,Medical Kits,737.33,4.5,False
2015-06-11T06:00:00,Sokovia,Vibranium (kg),2423.28,5.0,False
2015-06-11T06:00:00,Sokovia,Arc Reactor Cores,701.01,6.0,False
2015-06-11T06:00:00,Sokovia,Pym Particles,708.87,5.5,False
2015-06-11T06:00:00,Sokovia,Clean Water (L),2397.74,6.0,False
2015-06-11T06:00:00,Sokovia,Medical Kits,732.94,4.5,False
2015-06-11T06:00:00,Sanctum Sanctorum,Vibranium (kg),2429.66,5.0,False
2015-06-11T06:00:00,Sanctum Sanctorum,Arc Reactor Cores,700.92,6.0,False
2015-06-11T06:00:00,Sanctum Sanctorum,Pym Particles,716.79,5.5,False
2015-06-11T06:00:00,Sanctum Sanctorum,Clean Water (L),2404.0,6.0,False
2015-06-11T06:00:00,Sanctum Sanctorum,Medical Kits,732.73,4.5,False
2015-06-11T06:00:00,Avengers Compound,Vibranium (kg),2420.58,5.0,False
2015-06-11T06:00:00,Avengers Compound,Arc Reactor Cores,703.89,6.0,False
2015-06-11T06:00:00,Avengers Compound,Pym Particles,716.24,5.5,False
2015-06-11T06:00:00,Avengers Compound,Clean Water (L),2398.91,6.0,False
2015-06-11T06:00:00,Avengers Compound,Medical Kits,726.89,4.5,False
2015-06-11T07:00:00,New Asgard,Vibranium (kg),2427.05,5.39,False
2015-06-11T07:00:00,New Asgard,Arc Reactor Cores,704.12,6.47,False
2015-06-11T07:00:00,New Asgard,Pym Particles,715.89,5.93,False
2015-06-11T07:00:00,New Asgard,Clean Water (L),2409.3,6.47,False
2015-06-11T07:00:00,New Asgard,Medical Kits,730.81,4.85,False
2015-06-11T07:00:00,Wakanda,Vibranium (kg),2425.58,5.39,False
2015-06-11T07:00:00,Wakanda,Arc Reactor Cores,704.99,6.47,False
2015-06-11T07:00:00,Wakanda,Pym Particles,712.8,5.93,False
2015-06-11T07:00:00,Wakanda,Clean Water (L),2405.67,6.47,False
2015-06-11T07:00:00,Wakanda,Medical Kits,736.45,4.85,False
2015-06-11T07:00:00,Sokovia,Vibranium (kg),2423.69,5.39,False
2015-06-11T07:00:00,Sokovia,Arc Reactor Cores,700.29,6.47,False
2015-06-11T07:00:00,Sokovia,Pym Particles,708.42,5.93,False
2015-06-11T07:00:00,Sokovia,Clean Water (L),2395.63,6.47,False
2015-06-11T07:00:00,Sokovia,Medical Kits,733.45,4.85,False
2015-06-11T07:00:00,Sanctum Sanctorum,Vibranium (kg),2427.04,5.39,False
2015-06-11T07:00:00,Sanctum Sanctorum,Arc Reactor Cores,700.43,6.47,False
2015-06-11T07:00:00,Sanctum Sanctorum,Pym Particles,715.38,5.93,False
2015-06-11T07:00:00,Sanctum Sanctorum,Clean Water (L),2403.44,6.47,False
2015-06-11T07:00:00,Sanctum Sanctorum,Medical Kits,732.9,4.85,False
2015-06-11T07:00:00,Avengers Compound,Vibranium (kg),2421.06,5.39,False
2015-06-11T07:00:00,Avengers Compound,Arc Reactor Cores,702.34,6.47,False
2015-06-11T07:00:00,Avengers Compound,Pym Particles,714.42,5.93,False
2015-06-11T07:00:00,Avengers Compound,Clean Water (L),2398.87,6.47,False
2015-06-11T07:00:00,Avengers Compound,Medical Kits,727.59,4.85,False
2015-06-11T08:00:00,New Asgard,Vibranium (kg),2424.78,5.75,False
2015-06-11T08:00:00,New Asgard,Arc Reactor Cores,702.64,6.9,False
2015-06-11T08:00:00,New Asgard,Pym Particles,714.19,6.32,False
2015-06-11T08:00:00,New Asgard,Clean Water (L),2406.88,6.9,False
2015-06-11T08:00:00,New Asgard,Medical Kits,730.73,5.17,False
2015-06-11T08:00:00,Wakanda,Vibranium (kg),2424.36,5.75,False
2015-06-11T08:00:00,Wakanda,Arc Reactor Cores,703.98,6.9,False
2015-06-11T08:00:00,Wakanda,Pym Particles,712.09,6.32,False
2015-06-11T08:00:00,Wakanda,Clean Water (L),2403.09,6.9,False
2015-06-11T08:00:00,Wakanda,Medical Kits,735.49,5.17,False
2015-06-11T08:00:00,Sokovia,Vibranium (kg),2422.86,5.75,False
2015-06-11T08:00:00,Sokovia,Arc Reactor Cores,698.88,6.9,False
2015-06-11T08:00:00,Sokovia,Pym Particles,708.84,6.32,False
2015-06-11T08:00:00,Sokovia,Clean Water (L),2394.56,6.9,False
2015-06-11T08:00:00,Sokovia,Medical Kits,733.67,5.17,False
2015-06-11T08:00:00,Sanctum Sanctorum,Vibranium (kg),2426.17,5.75,False
2015-06-11T08:00:00,Sanctum Sanctorum,Arc Reactor Cores,700.81,6.9,False
2015-06-11T08:00:00,Sanctum Sanctorum,Pym Particles,713.21,6.32,False
2015-06-11T08:00:00,Sanctum Sanctorum,Clean Water (L),2402.76,6.9,False
2015-06-11T08:00:00,Sanctum Sanctorum,Medical Kits,730.53,5.17,False
2015-06-11T08:00:00,Avengers Compound,Vibranium (kg),2419.57,5.75,False
2015-06-11T08:00:00,Avengers Compound,Arc Reactor Cores,701.41,6.9,False
2015-06-11T08:00:00,Avengers Compound,Pym Particles,712.22,6.32,False
2015-06-11T08:00:00,Avengers Compound,Clean Water (L),2397.89,6.9,False
2015-06-11T08:00:00,Avengers Compound,Medical Kits,728.06,5.17,False
2015-06-11T09:00:00,New Asgard,Vibranium (kg),2423.06,6.06,False
2015-06-11T09:00:00,New Asgard,Arc Reactor Cores,700.13,7.27,False
2015-06-11T09:00:00,New Asgard,Pym Particles,713.33,6.67,False
2015-06-11T09:00:00,New Asgard,Clean Water (L),2404.07,7.27,False
2015-06-11T09:00:00,New Asgard,Medical Kits,730.25,5.45,False
2015-06-11T09:00:00,Wakanda,Vibranium (kg),2423.85,6.06,False
2015-06-11T09:00:00,Wakanda,Arc Reactor Cores,702.71,7.27,False
2015-06-11T09:00:00,Wakanda,Pym Particles,711.5,6.67,False
2015-06-11T09:00:00,Wakanda,Clean Water (L),2401.73,7.27,False
2015-06-11T09:00:00,Wakanda,Medical Kits,734.4,5.45,False
2015-06-11T09:00:00,Sokovia,Vibranium (kg),2421.48,6.06,False
2015-06-11T09:00:00,Sokovia,Arc Reactor Cores,697.81,7.27,False
2015-06-11T09:00:00,Sokovia,Pym Particles,707.91,6.67,False
2015-06-11T09:00:00,Sokovia,Clean Water (L),2392.97,7.27,False
2015-06-11T09:00:00,Sokovia,Medical Kits,731.46,5.45,False
2015-06-11T09:00:00,Sanctum Sanctorum,Vibranium (kg),2424.38,6.06,False
2015-06-11T09:00:00,Sanctum Sanctorum,Arc Reactor Cores,700.17,7.27,False
2015-06-11T09:00:00,Sanctum Sanctorum,Pym Particles,713.0,6.67,False
2015-06-11T09:00:00,Sanctum Sanctorum,Clean Water (L),2401.22,7.27,False
2015-06-11T09:00:00,Sanctum Sanctorum,Medical Kits,728.58,5.45,False
2015-06-11T09:00:00,Avengers Compound,Vibranium (kg),2418.35,6.06,False
2015-06-11T09:00:00,Avengers Compound,Arc Reactor Cores,700.53,7.27,False
2015-06-11T09:00:00,Avengers Compound,Pym Particles,710.65,6.67,False
2015-06-11T09:00:00,Avengers Compound,Clean Water (L),2396.34,7.27,False
2015-06-11T09:00:00,Avengers Compound,Medical Kits,727.08,5.45,False
2015-06-11T10:00:00,New Asgard,Vibranium (kg),2421.36,6.3,False
2015-06-11T10:00:00,New Asgard,Arc Reactor Cores,698.29,7.56,False
2015-06-11T10:00:00,New Asgard,Pym Particles,712.25,6.93,False
2015-06-11T10:00:00,New Asgard,Clean Water (L),2402.64,7.56,False
2015-06-11T10:00:00,New Asgard,Medical Kits,728.82,5.67,False
2015-06-11T10:00:00,Wakanda,Vibranium (kg),2423.68,6.3,False
2015-06-11T10:00:00,Wakanda,Arc Reactor Cores,701.03,7.56,False
2015-06-11T10:00:00,Wakanda,Pym Particles,710.85,6.93,False
2015-06-11T10:00:00,Wakanda,Clean Water (L),2399.81,7.56,False
2015-06-11T10:00:00,Wakanda,Medical Kits,731.29,5.67,False
2015-06-11T10:00:00,Sokovia,Vibranium (kg),2418.96,6.3,False
2015-06-11T10:00:00,Sokovia,Arc Reactor Cores,694.57,7.56,False
2015-06-11T10:00:00,Sokovia,Pym Particles,708.43,6.93,False
2015-06-11T10:00:00,Sokovia,Clean Water (L),2390.82,7.56,False
2015-06-11T10:00:00,Sokovia,Medical Kits,729.92,5.67,False
2015-06-11T10:00:00,Sanctum Sanctorum,Vibranium (kg),2423.67,6.3,False
2015-06-11T10:00:00,Sanctum Sanctorum,Arc Reactor Cores,698.95,7.56,False
2015-06-11T10:00:00,Sanctum Sanctorum,Pym Particles,710.95,6.93,False
2015-06-11T10:00:00,Sanctum Sanctorum,Clean Water (L),2400.48,7.56,False
2015-06-11T10:00:00,Sanctum Sanctorum,Medical Kits,726.27,5.67,False
2015-06-11T10:00:00,Avengers Compound,Vibranium (kg),2416.97,6.3,False
2015-06-11T10:00:00,Avengers Compound,Arc Reactor Cores,698.56,7.56,False
2015-06-11T10:00:00,Avengers Compound,Pym Particles,708.65,6.93,False
2015-06-11T10:00:00,Avengers Compound,Clean Water (L),2395.61,7.56,False
2015-06-11T10:00:00,Avengers Compound,Medical Kits,726.36,5.67,False
2015-06-11T11:00:00,New Asgard,Vibranium (kg),2419.82,6.45,False
2015-06-11T11:00:00,New Asgard,Arc Reactor Cores,697.07,7.74,False
2015-06-11T11:00:00,New Asgard,Pym Particles,709.64,7.09,False
2015-06-11T11:00:00,New Asgard,Clean Water (L),2399.88,7.74,False
2015-06-11T11:00:00,New Asgard,Medical Kits,728.58,5.8,False
2015-06-11T11:00:00,Wakanda,Vibranium (kg),2421.9,6.45,False
2015-06-11T11:00:00,Wakanda,Arc Reactor Cores,699.34,7.74,False
2015-06-11T11:00:00,Wakanda,Pym Particles,709.27,7.09,False
2015-06-11T11:00:00,Wakanda,Clean Water (L),2397.34,7.74,False
2015-06-11T11:00:00,Wakanda,Medical Kits,729.85,5.8,False
2015-06-11T11:00:00,Sokovia,Vibranium (kg),2418.28,6.45,False
2015-06-11T11:00:00,Sokovia,Arc Reactor Cores,692.69,7.74,False
2015-06-11T11:00:00,Sokovia,Pym Particles,707.36,7.09,False
2015-06-11T11:00:00,Sokovia,Clean Water (L),2390.17,7.74,False
2015-06-11T11:00:00,Sokovia,Medical Kits,729.04,5.8,False
2015-06-11T11:00:00,Sanctum Sanctorum,Vibranium (kg),2422.02,6.45,False
2015-06-11T11:00:00,Sanctum Sanctorum,Arc Reactor Cores,695.86,7.74,False
2015-06-11T11:00:00,Sanctum Sanctorum,Pym Particles,710.07,7.09,False
2015-06-11T11:00:00,Sanctum Sanctorum,Clean Water (L),2400.36,7.74,False
2015-06-11T11:00:00,Sanctum Sanctorum,Medical Kits,725.17,5.8,False
2015-06-11T11:00:00,Avengers Compound,Vibranium (kg),2415.15,6.45,False
2015-06-11T11:00:00,Avengers Compound,Arc Reactor Cores,697.15,7.74,False
2015-06-11T11:00:00,Avengers Compound,Pym Particles,707.27,7.09,False
2015-06-11T11:00:00,Avengers Compound,Clean Water (L),2395.48,7.74,False
2015-06-11T11:00:00,Avengers Compound,Medical Kits,724.6,5.8,False
2015-06-11T12:00:00,New Asgard,Vibranium (kg),2417.93,6.5,False
2015-06-11T12:00:00,New Asgard,Arc Reactor Cores,694.61,7.8,False
2015-06-11T12:00:00,New Asgard,Pym Particles,708.63,7.15,False
2015-06-11T12:00:00,New Asgard,Clean Water (L),2398.24,7.8,False
2015-06-11T12:00:00,New Asgard,Medical Kits,726.77,5.85,False
2015-06-11T12:00:00,Wakanda,Vibranium (kg),2419.21,6.5,False
2015-06-11T12:00:00,Wakanda,Arc Reactor Cores,698.86,7.8,False
2015-06-11T12:00:00,Wakanda,Pym Particles,706.65,7.15,False
2015-06-11T12:00:00,Wakanda,Clean Water (L),2394.18,7.8,False
2015-06-11T12:00:00,Wakanda,Medical Kits,728.17,5.85,False
2015-06-11T12:00:00,Sokovia,Vibranium (kg),2415.07,6.5,False
2015-06-11T12:00:00,Sokovia,Arc Reactor Cores,692.45,7.8,False
2015-06-11T12:00:00,Sokovia,Pym Particles,706.58,7.15,False
2015-06-11T12:00:00,Sokovia,Clean Water (L),2388.38,7.8,False
2015-06-11T12:00:00,Sokovia,Medical Kits,727.25,5.85,False
2015-06-11T12:00:00,Sanctum Sanctorum,Vibranium (kg),2420.33,6.5,False
2015-06-11T12:00:00,Sanctum Sanctorum,Arc Reactor Cores,694.28,7.8,False
2015-06-11T12:00:00,Sanctum Sanctorum,Pym Particles,708.85,7.15,False
2015-06-11T12:00:00,Sanctum Sanctorum,Clean Water (L),2398.67,7.8,False
2015-06-11T12:00:00,Sanctum Sanctorum,Medical Kits,723.16,5.85,False
2015-06-11T12:00:00,Avengers Compound,Vibranium (kg),2412.44,6.5,False
2015-06-11T12:00:00,Avengers Compound,Arc Reactor Cores,696.03,7.8,False
2015-06-11T12:00:00,Avengers Compound,Pym Particles,704.52,7.15,False
2015-06-11T12:00:00,Avengers Compound,Clean Water (L),2392.83,7.8,False
2015-06-11T12:00:00,Avengers Compound,Medical Kits,721.94,5.85,False
2015-06-11T13:00:00,New Asgard,Vibranium (kg),2415.75,6.45,False
2015-06-11T13:00:00,New Asgard,Arc Reactor Cores,694.6,7.74,False
2015-06-11T13:00:00,New Asgard,Pym Particles,707.14,7.09,False
2015-06-11T13:00:00,New Asgard,Clean Water (L),2397.21,7.74,False
2015-06-11T13:00:00,New Asgard,Medical Kits,725.96,5.8,False
2015-06-11T13:00:00,Wakanda,Vibranium (kg),2417.88,6.45,False
2015-06-11T13:00:00,Wakanda,Arc Reactor Cores,697.41,7.74,False
2015-06-11T13:00:00,Wakanda,Pym Particles,704.96,7.09,False
2015-06-11T13:00:00,Wakanda,Clean Water (L),2393.54,7.74,False
2015-06-11T13:00:00,Wakanda,Medical Kits,726.53,5.8,False
2015-06-11T13:00:00,Sokovia,Vibranium (kg),2414.68,6.45,False
2015-06-11T13:00:00,Sokovia,Arc Reactor Cores,691.09,7.74,False
2015-06-11T13:00:00,Sokovia,Pym Particles,705.21,7.09,False
2015-06-11T13:00:00,Sokovia,Clean Water (L),2386.09,7.74,False
2015-06-11T13:00:00,Sokovia,Medical Kits,724.67,5.8,False
2015-06-11T13:00:00,Sanctum Sanctorum,Vibranium (kg),2419.36,6.45,False
2015-06-11T13:00:00,Sanctum Sanctorum,Arc Reactor Cores,692.7,7.74,False
2015-06-11T13:00:00,Sanctum Sanctorum,Pym Particles,707.3,7.09,False
2015-06-11T13:00:00,Sanctum Sanctorum,Clean Water (L),2398.05,7.74,False
2015-06-11T13:00:00,Sanctum Sanctorum,Medical Kits,721.43,5.8,False
2015-06-11T13:00:00,Avengers Compound,Vibranium (kg),2411.78,6.45,False
2015-06-11T13:00:00,Avengers Compound,Arc Reactor Cores,692.95,7.74,False
2015-06-11T13:00:00,Avengers Compound,Pym Particles,704.57,7.09,False
2015-06-11T13:00:00,Avengers Compound,Clean Water (L),2391.76,7.74,False
2015-06-11T13:00:00,Avengers Compound,Medical Kits,722.15,5.8,False
2015-06-11T14:00:00,New Asgard,Vibranium (kg),2415.74,6.3,False
2015-06-11T14:00:00,New Asgard,Arc Reactor Cores,692.63,7.56,False
2015-06-11T14:00:00,New Asgard,Pym Particles,706.24,6.93,False
2015-06-11T14:00:00,New Asgard,Clean Water (L),2396.87,7.56,False
2015-06-11T14:00:00,New Asgard,Medical Kits,724.68,5.67,False
2015-06-11T14:00:00,Wakanda,Vibranium (kg),2417.46,6.3,False
2015-06-11T14:00:00,Wakanda,Arc Reactor Cores,696.52,7.56,False
2015-06-11T14:00:00,Wakanda,Pym Particles,704.01,6.93,False
2015-06-11T14:00:00,Wakanda,Clean Water (L),2390.53,7.56,False
2015-06-11T14:00:00,Wakanda,Medical Kits,726.13,5.67,False
2015-06-11T14:00:00,Sokovia,Vibranium (kg),2415.19,6.3,False
2015-06-11T14:00:00,Sokovia,Arc Reactor Cores,690.78,7.56,False
2015-06-11T14:00:00,Sokovia,Pym Particles,704.74,6.93,False
2015-06-11T14:00:00,Sokovia,Clean Water (L),2384.56,7.56,False
2015-06-11T14:00:00,Sokovia,Medical Kits,724.14,5.67,False
2015-06-11T14:00:00,Sanctum Sanctorum,Vibranium (kg),2418.2,6.3,False
2015-06-11T14:00:00,Sanctum Sanctorum,Arc Reactor Cores,691.73,7.56,False
2015-06-11T14:00:00,Sanctum Sanctorum,Pym Particles,704.19,6.93,False
2015-06-11T14:00:00,Sanctum Sanctorum,Clean Water (L),2398.45,7.56,False
2015-06-11T14:00:00,Sanctum Sanctorum,Medical Kits,722.23,5.67,False
2015-06-11T14:00:00,Avengers Compound,Vibranium (kg),2411.45,6.3,False
2015-06-11T14:00:00,Avengers Compound,Arc Reactor Cores,692.89,7.56,False
2015-06-11T14:00:00,Avengers Compound,Pym Particles,702.3,6.93,False
2015-06-11T14:00:00,Avengers Compound,Clean Water (L),2390.54,7.56,False
2015-06-11T14:00:00,Avengers Compound,Medical Kits,721.4,5.67,False
2015-06-11T15:00:00,New Asgard,Vibranium (kg),2414.02,6.06,False
2015-06-11T15:00:00,New Asgard,Arc Reactor Cores,691.67,7.27,False
2015-06-11T15:00:00,New Asgard,Pym Particles,705.99,6.67,False
2015-06-11T15:00:00,New Asgard,Clean Water (L),2397.37,7.27,False
2015-06-11T15:00:00,New Asgard,Medical Kits,724.78,5.45,False
2015-06-11T15:00:00,Wakanda,Vibranium (kg),2415.89,6.06,False
2015-06-11T15:00:00,Wakanda,Arc Reactor Cores,695.17,7.27,False
2015-06-11T15:00:00,Wakanda,Pym Particles,703.25,6.67,False
2015-06-11T15:00:00,Wakanda,Clean Water (L),2389.69,7.27,False
2015-06-11T15:00:00,Wakanda,Medical Kits,724.85,5.45,False
2015-06-11T15:00:00,Sokovia,Vibranium (kg),2414.25,6.06,False
2015-06-11T15:00:00,Sokovia,Arc Reactor Cores,689.57,7.27,False
2015-06-11T15:00:00,Sokovia,Pym Particles,704.19,6.67,False
2015-06-11T15:00:00,Sokovia,Clean Water (L),2384.04,7.27,False
2015-06-11T15:00:00,Sokovia,Medical Kits,724.31,5.45,False
2015-06-11T15:00:00,Sanctum Sanctorum,Vibranium (kg),2416.92,6.06,False
2015-06-11T15:00:00,Sanctum Sanctorum,Arc Reactor Cores,692.12,7.27,False
2015-06-11T15:00:00,Sanctum Sanctorum,Pym Particles,703.3,6.67,False
2015-06-11T15:00:00,Sanctum Sanctorum,Clean Water (L),2398.54,7.27,False
2015-06-11T15:00:00,Sanctum Sanctorum,Medical Kits,722.37,5.45,False
2015-06-11T15:00:00,Avengers Compound,Vibranium (kg),2409.08,6.06,False
2015-06-11T15:00:00,Avengers Compound,Arc Reactor Cores,692.49,7.27,False
2015-06-11T15:00:00,Avengers Compound,Pym Particles,701.34,6.67,False
2015-06-11T15:00:00,Avengers Compound,Clean Water (L),2390.72,7.27,False
2015-06-11T15:00:00,Avengers Compound,Medical Kits,720.19,5.45,False
2015-06-11T16:00:00,New Asgard,Vibranium (kg),2413.79,5.75,False
2015-06-11T16:00:00,New Asgard,Arc Reactor Cores,691.93,6.9,False
2015-06-11T16:00:00,New Asgard,Pym Particles,704.62,6.32,False
2015-06-11T16:00:00,New Asgard,Clean Water (L),2396.69,6.9,False
2015-06-11T16:00:00,New Asgard,Medical Kits,723.83,5.17,False
2015-06-11T16:00:00,Wakanda,Vibranium (kg),2416.07,5.75,False
2015-06-11T16:00:00,Wakanda,Arc Reactor Cores,694.86,6.9,False
2015-06-11T16:00:00,Wakanda,Pym Particles,703.03,6.32,False
2015-06-11T16:00:00,Wakanda,Clean Water (L),2390.17,6.9,False
2015-06-11T16:00:00,Wakanda,Medical Kits,724.6,5.17,False
2015-06-11T16:00:00,Sokovia,Vibranium (kg),2413.44,5.75,False
2015-06-11T16:00:00,Sokovia,Arc Reactor Cores,690.03,6.9,False
2015-06-11T16:00:00,Sokovia,Pym Particles,702.65,6.32,False
2015-06-11T16:00:00,Sokovia,Clean Water (L),2383.5,6.9,False
2015-06-11T16:00:00,Sokovia,Medical Kits,723.9,5.17,False
2015-06-11T16:00:00,Sanctum Sanctorum,Vibranium (kg),2415.89,5.75,False
2015-06-11T16:00:00,Sanctum Sanctorum,Arc Reactor Cores,692.05,6.9,False
2015-06-11T16:00:00,Sanctum Sanctorum,Pym Particles,703.05,6.32,False
2015-06-11T16:00:00,Sanctum Sanctorum,Clean Water (L),2396.79,6.9,False
2015-06-11T16:00:00,Sanctum Sanctorum,Medical Kits,721.89,5.17,False
2015-06-11T16:00:00,Avengers Compound,Vibranium (kg),2410.26,5.75,False
2015-06-11T16:00:00,Avengers Compound,Arc Reactor Cores,691.1,6.9,False
2015-06-11T16:00:00,Avengers Compound,Pym Particles,700.2,6.32,False
2015-06-11T16:00:00,Avengers Compound,Clean Water (L),2391.33,6.9,False
2015-06-11T16:00:00,Avengers Compound,Medical Kits,719.71,5.17,False
2015-06-11T17:00:00,New Asgard,Vibranium (kg),2413.67,5.39,False
2015-06-11T17:00:00,New Asgard,Arc Reactor Cores,691.34,6.47,False
2015-06-11T17:00:00,New Asgard,Pym Particles,706.18,5.93,False
2015-06-11T17:00:00,New Asgard,Clean Water (L),2397.58,6.47,False
2015-06-11T17:00:00,New Asgard,Medical Kits,723.94,4.85,False
2015-06-11T17:00:00,Wakanda,Vibranium (kg),2417.08,5.39,False
2015-06-11T17:00:00,Wakanda,Arc Reactor Cores,694.35,6.47,False
2015-06-11T17:00:00,Wakanda,Pym Particles,703.03,5.93,False
2015-06-11T17:00:00,Wakanda,Clean Water (L),2390.05,6.47,False
2015-06-11T17:00:00,Wakanda,Medical Kits,724.66,4.85,False
2015-06-11T17:00:00,Sokovia,Vibranium (kg),2413.8,5.39,False
2015-06-11T17:00:00,Sokovia,Arc Reactor Cores,690.44,6.47,False
2015-06-11T17:00:00,Sokovia,Pym Particles,703.38,5.93,False
2015-06-11T17:00:00,Sokovia,Clean Water (L),2384.25,6.47,False
2015-06-11T17:00:00,Sokovia,Medical Kits,724.1,4.85,False
2015-06-11T17:00:00,Sanctum Sanctorum,Vibranium (kg),2416.17,5.39,False
2015-06-11T17:00:00,Sanctum Sanctorum,Arc Reactor Cores,692.82,6.47,False
2015-06-11T17:00:00,Sanctum Sanctorum,Pym Particles,703.72,5.93,False
2015-06-11T17:00:00,Sanctum Sanctorum,Clean Water (L),2396.46,6.47,False
2015-06-11T17:00:00,Sanctum Sanctorum,Medical Kits,720.93,4.85,False
2015-06-11T17:00:00,Avengers Compound,Vibranium (kg),2410.75,5.39,False
2015-06-11T17:00:00,Avengers Compound,Arc Reactor Cores,692.45,6.47,False
2015-06-11T17:00:00,Avengers Compound,Pym Particles,701.81,5.93,False
2015-06-11T17:00:00,Avengers Compound,Clean Water (L),2391.32,6.47,False
2015-06-11T17:00:00,Avengers Compound,Medical Kits,719.65,4.85,False
2015-06-11T18:00:00,New Asgard,Vibranium (kg),2413.06,5.0,False
2015-06-11T18:00:00,New Asgard,Arc Reactor Cores,690.19,6.0,False
2015-06-11T18:00:00,New Asgard,Pym Particles,707.91,5.5,False
2015-06-11T18:00:00,New Asgard,Clean Water (L),2396.88,6.0,False
2015-06-11T18:00:00,New Asgard,Medical Kits,723.81,4.5,False
2015-06-11T18:00:00,Wakanda,Vibranium (kg),2416.68,5.0,False
2015-06-11T18:00:00,Wakanda,Arc Reactor Cores,695.63,6.0,False
2015-06-11T18:00:00,Wakanda,Pym Particles,702.63,5.5,False
2015-06-11T18:00:00,Wakanda,Clean Water (L),2390.33,6.0,False
2015-06-11T18:00:00,Wakanda,Medical Kits,724.61,4.5,False
2015-06-11T18:00:00,Sokovia,Vibranium (kg),2415.32,5.0,False
2015-06-11T18:00:00,Sokovia,Arc Reactor Cores,691.28,6.0,False
2015-06-11T18:00:00,Sokovia,Pym Particles,704.84,5.5,False
2015-06-11T18:00:00,Sokovia,Clean Water (L),2385.0,6.0,False
2015-06-11T18:00:00,Sokovia,Medical Kits,724.89,4.5,False
2015-06-11T18:00:00,Sanctum Sanctorum,Vibranium (kg),2415.02,5.0,False
2015-06-11T18:00:00,Sanctum Sanctorum,Arc Reactor Cores,692.2,6.0,False
2015-06-11T18:00:00,Sanctum Sanctorum,Pym Particles,703.27,5.5,False
2015-06-11T18:00:00,Sanctum Sanctorum,Clean Water (L),2396.77,6.0,False
2015-06-11T18:00:00,Sanctum Sanctorum,Medical Kits,721.75,4.5,False
2015-06-11T18:00:00,Avengers Compound,Vibranium (kg),2411.8,5.0,False
2015-06-11T18:00:00,Avengers Compound,Arc Reactor Cores,694.29,6.0,False
2015-06-11T18:00:00,Avengers Compound,Pym Particles,702.47,5.5,False
2015-06-11T18:00:00,Avengers Compound,Clean Water (L),2390.66,6.0,False
2015-06-11T18:00:00,Avengers Compound,Medical Kits,718.52,4.5,False
2015-06-11T19:00:00,New Asgard,Vibranium (kg),2414.32,4.61,False
2015-06-11T19:00:00,New Asgard,Arc Reactor Cores,690.97,5.53,False
2015-06-11T19:00:00,New Asgard,Pym Particles,707.03,5.07,False
2015-06-11T19:00:00,New Asgard,Clean Water (L),2397.75,5.53,False
2015-06-11T19:00:00,New Asgard,Medical Kits,722.8,4.15,False
2015-06-11T19:00:00,Wakanda,Vibranium (kg),2417.11,4.61,False
2015-06-11T19:00:00,Wakanda,Arc Reactor Cores,694.63,5.53,False
2015-06-11T19:00:00,Wakanda,Pym Particles,703.2,5.07,False
2015-06-11T19:00:00,Wakanda,Clean Water (L),2390.05,5.53,False
2015-06-11T19:00:00,Wakanda,Medical Kits,724.42,4.15,False
2015-06-11T19:00:00,Sokovia,Vibranium (kg),2415.69,4.61,False
2015-06-11T19:00:00,Sokovia,Arc Reactor Cores,691.26,5.53,False
2015-06-11T19:00:00,Sokovia,Pym Particles,706.89,5.07,False
2015-06-11T19:00:00,Sokovia,Clean Water (L),2385.92,5.53,False
2015-06-11T19:00:00,Sokovia,Medical Kits,725.78,4.15,False
2015-06-11T19:00:00,Sanctum Sanctorum,Vibranium (kg),2414.31,4.61,False
2015-06-11T19:00:00,Sanctum Sanctorum,Arc Reactor Cores,691.59,5.53,False
2015-06-11T19:00:00,Sanctum Sanctorum,Pym Particles,703.64,5.07,False
2015-06-11T19:00:00,Sanctum Sanctorum,Clean Water (L),2397.17,5.53,False
2015-06-11T19:00:00,Sanctum Sanctorum,Medical Kits,722.76,4.15,False
2015-06-11T19:00:00,Avengers Compound,Vibranium (kg),2411.88,4.61,False
2015-06-11T19:00:00,Avengers Compound,Arc Reactor Cores,696.32,5.53,False
2015-06-11T19:00:00,Avengers Compound,Pym Particles,702.37,5.07,False
2015-06-11T19:00:00,Avengers Compound,Clean Water (L),2391.16,5.53,False
2015-06-11T19:00:00,Avengers Compound,Medical Kits,720.95,4.15,False
2015-06-11T20:00:00,New Asgard,Vibranium (kg),2416.55,4.25,False
2015-06-11T20:00:00,New Asgard,Arc Reactor Cores,693.67,5.1,False
2015-06-11T20:00:00,New Asgard,Pym Particles,709.5,4.68,False
2015-06-11T20:00:00,New Asgard,Clean Water (L),2398.89,5.1,False
2015-06-11T20:00:00,New Asgard,Medical Kits,722.58,3.83,False
2015-06-11T20:00:00,Wakanda,Vibranium (kg),2417.24,4.25,False
2015-06-11T20:00:00,Wakanda,Arc Reactor Cores,695.86,5.1,False
2015-06-11T20:00:00,Wakanda,Pym Particles,705.71,4.68,False
2015-06-11T20:00:00,Wakanda,Clean Water (L),2391.56,5.1,False
2015-06-11T20:00:00,Wakanda,Medical Kits,725.21,3.83,False
2015-06-11T20:00:00,Sokovia,Vibranium (kg),2416.97,4.25,False
2015-06-11T20:00:00,Sokovia,Arc Reactor Cores,692.7,5.1,False
2015-06-11T20:00:00,Sokovia,Pym Particles,707.32,4.68,False
2015-06-11T20:00:00,Sokovia,Clean Water (L),2387.57,5.1,False
2015-06-11T20:00:00,Sokovia,Medical Kits,726.77,3.83,False
2015-06-11T20:00:00,Sanctum Sanctorum,Vibranium (kg),2415.01,4.25,False
2015-06-11T20:00:00,Sanctum Sanctorum,Arc Reactor Cores,692.34,5.1,False
2015-06-11T20:00:00,Sanctum Sanctorum,Pym Particles,704.59,4.68,False
2015-06-11T20:00:00,Sanctum Sanctorum,Clean Water (L),2398.93,5.1,False
2015-06-11T20:00:00,Sanctum Sanctorum,Medical Kits,722.47,3.83,False
2015-06-11T20:00:00,Avengers Compound,Vibranium (kg),2412.24,4.25,False
2015-06-11T20:00:00,Avengers Compound,Arc Reactor Cores,695.79,5.1,False
2015-06-11T20:00:00,Avengers Compound,Pym Particles,703.52,4.68,False
2015-06-11T20:00:00,Avengers Compound,Clean Water (L),2392.12,5.1,False
2015-06-11T20:00:00,Avengers Compound,Medical Kits,723.29,3.83,False
2015-06-11T21:00:00,New Asgard,Vibranium (kg),2416.65,3.94,False
2015-06-11T21:00:00,New Asgard,Arc Reactor Cores,695.52,4.73,False
2015-06-11T21:00:00,New Asgard,Pym Particles,711.37,4.33,False
2015-06-11T21:00:00,New Asgard,Clean Water (L),2399.58,4.73,False
2015-06-11T21:00:00,New Asgard,Medical Kits,724.54,3.55,False
2015-06-11T21:00:00,Wakanda,Vibranium (kg),2418.1,3.94,False
2015-06-11T21:00:00,Wakanda,Arc Reactor Cores,699.05,4.73,False
2015-06-11T21:00:00,Wakanda,Pym Particles,706.77,4.33,False
2015-06-11T21:00:00,Wakanda,Clean Water (L),2393.88,4.73,False
2015-06-11T21:00:00,Wakanda,Medical Kits,725.09,3.55,False
2015-06-11T21:00:00,Sokovia,Vibranium (kg),2417.37,3.94,False
2015-06-11T21:00:00,Sokovia,Arc Reactor Cores,694.52,4.73,False
2015-06-11T21:00:00,Sokovia,Pym Particles,708.93,4.33,False
2015-06-11T21:00:00,Sokovia,Clean Water (L),2389.91,4.73,False
2015-06-11T21:00:00,Sokovia,Medical Kits,727.36,3.55,False
2015-06-11T21:00:00,Sanctum Sanctorum,Vibranium (kg),2415.7,3.94,False
2015-06-11T21:00:00,Sanctum Sanctorum,Arc Reactor Cores,693.5,4.73,False
2015-06-11T21:00:00,Sanctum Sanctorum,Pym Particles,705.55,4.33,False
2015-06-11T21:00:00,Sanctum Sanctorum,Clean Water (L),2400.29,4.73,False
2015-06-11T21:00:00,Sanctum Sanctorum,Medical Kits,724.36,3.55,False
2015-06-11T21:00:00,Avengers Compound,Vibranium (kg),2412.96,3.94,False
2015-06-11T21:00:00,Avengers Compound,Arc Reactor Cores,697.3,4.73,False
2015-06-11T21:00:00,Avengers Compound,Pym Particles,705.57,4.33,False
2015-06-11T21:00:00,Avengers Compound,Clean Water (L),2394.86,4.73,False
2015-06-11T21:00:00,Avengers Compound,Medical Kits,724.28,3.55,False
2015-06-11T22:00:00,New Asgard,Vibranium (kg),2417.93,3.7,False
2015-06-11T22:00:00,New Asgard,Arc Reactor Cores,698.04,4.44,False
2015-06-11T22:00:00,New Asgard,Pym Particles,713.0,4.07,False
2015-06-11T22:00:00,New Asgard,Clean Water (L),2401.37,4.44,False
2015-06-11T22:00:00,New Asgard,Medical Kits,725.85,3.33,False
2015-06-11T22:00:00,Wakanda,Vibranium (kg),2420.51,3.7,False
2015-06-11T22:00:00,Wakanda,Arc Reactor Cores,702.19,4.44,False
2015-06-11T22:00:00,Wakanda,Pym Particles,709.39,4.07,False
2015-06-11T22:00:00,Wakanda,Clean Water (L),2394.59,4.44,False
2015-06-11T22:00:00,Wakanda,Medical Kits,727.21,3.33,False
2015-06-11T22:00:00,Sokovia,Vibranium (kg),2418.68,3.7,False
2015-06-11T22:00:00,Sokovia,Arc Reactor Cores,696.94,4.44,False
2015-06-11T22:00:00,Sokovia,Pym Particles,709.79,4.07,False
2015-06-11T22:00:00,Sokovia,Clean Water (L),2391.28,4.44,False
2015-06-11T22:00:00,Sokovia,Medical Kits,728.54,3.33,False
2015-06-11T22:00:00,Sanctum Sanctorum,Vibranium (kg),2418.01,3.7,False
2015-06-11T22:00:00,Sanctum Sanctorum,Arc Reactor Cores,695.46,4.44,False
2015-06-11T22:00:00,Sanctum Sanctorum,Pym Particles,706.2,4.07,False
2015-06-11T22:00:00,Sanctum Sanctorum,Clean Water (L),2401.33,4.44,False
2015-06-11T22:00:00,Sanctum Sanctorum,Medical Kits,725.15,3.33,False
2015-06-11T22:00:00,Avengers Compound,Vibranium (kg),2414.28,3.7,False
2015-06-11T22:00:00,Avengers Compound,Arc Reactor Cores,699.49,4.44,False
2015-06-11T22:00:00,Avengers Compound,Pym Particles,708.67,4.07,False
2015-06-11T22:00:00,Avengers Compound,Clean Water (L),2396.36,4.44,False
2015-06-11T22:00:00,Avengers Compound,Medical Kits,725.69,3.33,False
2015-06-11T23:00:00,New Asgard,Vibranium (kg),2419.38,3.55,False
2015-06-11T23:00:00,New Asgard,Arc Reactor Cores,698.41,4.26,False
2015-06-11T23:00:00,New Asgard,Pym Particles,715.72,3.91,False
2015-06-11T23:00:00,New Asgard,Clean Water (L),2404.25,4.26,False
2015-06-11T23:00:00,New Asgard,Medical Kits,726.68,3.2,False
2015-06-11T23:00:00,Wakanda,Vibranium (kg),2422.13,3.55,False
2015-06-11T23:00:00,Wakanda,Arc Reactor Cores,702.53,4.26,False
2015-06-11T23:00:00,Wakanda,Pym Particles,710.42,3.91,False
2015-06-11T23:00:00,Wakanda,Clean Water (L),2395.98,4.26,False
2015-06-11T23:00:00,Wakanda,Medical Kits,728.87,3.2,False
2015-06-11T23:00:00,Sokovia,Vibranium (kg),2420.56,3.55,False
2015-06-11T23:00:00,Sokovia,Arc Reactor Cores,699.71,4.26,False
2015-06-11T23:00:00,Sokovia,Pym Particles,711.65,3.91,False
2015-06-11T23:00:00,Sokovia,Clean Water (L),2394.06,4.26,False
2015-06-11T23:00:00,Sokovia,Medical Kits,728.98,3.2,False
2015-06-11T23:00:00,Sanctum Sanctorum,Vibranium (kg),2417.7,3.55,False
2015-06-11T23:00:00,Sanctum Sanctorum,Arc Reactor Cores,698.88,4.26,False
2015-06-11T23:00:00,Sanctum Sanctorum,Pym Particles,707.71,3.91,False
2015-06-11T23:00:00,Sanctum Sanctorum,Clean Water (L),2401.28,4.26,False
2015-06-11T23:00:00,Sanctum Sanctorum,Medical Kits,725.8,3.2,False
2015-06-11T23:00:00,Avengers Compound,Vibranium (kg),2416.71,3.55,False
2015-06-11T23:00:00,Avengers Compound,Arc Reactor Cores,701.31,4.26,False
2015-06-11T23:00:00,Avengers Compound,Pym Particles,710.42,3.91,False
2015-06-11T23:00:00,Avengers Compound,Clean Water (L),2396.49,4.26,False
2015-06-11T23:00:00,Avengers Compound,Medical Kits,728.63,3.2,False
2015-06-12T00:00:00,New Asgard,Vibranium (kg),2420.6,3.5,False
2015-06-12T00:00:00,New Asgard,Arc Reactor Cores,699.03,4.2,False
2015-06-12T00:00:00,New Asgard,Pym Particles,717.59,3.85,False
2015-06-12T00:00:00,New Asgard,Clean Water (L),2406.03,4.2,False
2015-06-12T00:00:00,New Asgard,Medical Kits,728.51,3.15,False
2015-06-12T00:00:00,Wakanda,Vibranium (kg),2424.34,3.5,False
2015-06-12T00:00:00,Wakanda,Arc Reactor Cores,704.2,4.2,False
2015-06-12T00:00:00,Wakanda,Pym Particles,711.11,3.85,False
2015-06-12T00:00:00,Wakanda,Clean Water (L),2398.2,4.2,False
2015-06-12T00:00:00,Wakanda,Medical Kits,729.52,3.15,False
2015-06-12T00:00:00,Sokovia,Vibranium (kg),2421.68,3.5,False
2015-06-12T00:00:00,Sokovia,Arc Reactor Cores,702.12,4.2,False
2015-06-12T00:00:00,Sokovia,Pym Particles,713.57,3.85,False
2015-06-12T00:00:00,Sokovia,Clean Water (L),2396.79,4.2,False
2015-06-12T00:00:00,Sokovia,Medical Kits,729.12,3.15,False
2015-06-12T00:00:00,Sanctum Sanctorum,Vibranium (kg),2418.13,3.5,False
2015-06-12T00:00:00,Sanctum Sanctorum,Arc Reactor Cores,700.29,4.2,False
2015-06-12T00:00:00,Sanctum Sanctorum,Pym Particles,710.47,3.85,False
2015-06-12T00:00:00,Sanctum Sanctorum,Clean Water (L),2402.82,4.2,False
2015-06-12T00:00:00,Sanctum Sanctorum,Medical Kits,727.53,3.15,False
2015-06-12T00:00:00,Avengers Compound,Vibranium (kg),2418.85,3.5,False
2015-06-12T00:00:00,Avengers Compound,Arc Reactor Cores,703.17,4.2,False
2015-06-12T00:00:00,Avengers Compound,Pym Particles,712.66,3.85,False
2015-06-12T00:00:00,Avengers Compound,Clean Water (L),2398.53,4.2,False
2015-06-12T00:00:00,Avengers Compound,Medical Kits,730.94,3.15,False
2015-06-12T01:00:00,New Asgard,Vibranium (kg),2422.38,3.55,False
2015-06-12T01:00:00,New Asgard,Arc Reactor Cores,701.66,4.26,False
2015-06-12T01:00:00,New Asgard,Pym Particles,717.15,3.91,False
2015-06-12T01:00:00,New Asgard,Clean Water (L),2407.54,4.26,False
2015-06-12T01:00:00,New Asgard,Medical Kits,730.36,3.2,False
2015-06-12T01:00:00,Wakanda,Vibranium (kg),2425.55,3.55,False
2015-06-12T01:00:00,Wakanda,Arc Reactor Cores,706.58,4.26,False
2015-06-12T01:00:00,Wakanda,Pym Particles,712.34,3.91,False
2015-06-12T01:00:00,Wakanda,Clean Water (L),2401.62,4.26,False
2015-06-12T01:00:00,Wakanda,Medical Kits,730.2,3.2,False
2015-06-12T01:00:00,Sokovia,Vibranium (kg),2423.68,3.55,False
2015-06-12T01:00:00,Sokovia,Arc Reactor Cores,704.7,4.26,False
2015-06-12T01:00:00,Sokovia,Pym Particles,715.16,3.91,False
2015-06-12T01:00:00,Sokovia,Clean Water (L),2398.7,4.26,False
2015-06-12T01:00:00,Sokovia,Medical Kits,730.64,3.2,False
2015-06-12T01:00:00,Sanctum Sanctorum,Vibranium (kg),2419.96,3.55,False
2015-06-12T01:00:00,Sanctum Sanctorum,Arc Reactor Cores,700.82,4.26,False
2015-06-12T01:00:00,Sanctum Sanctorum,Pym Particles,712.33,3.91,False
2015-06-12T01:00:00,Sanctum Sanctorum,Clean Water (L),2405.81,4.26,False
2015-06-12T01:00:00,Sanctum Sanctorum,Medical Kits,728.88,3.2,False
2015-06-12T01:00:00,Avengers Compound,Vibranium (kg),2421.65,3.55,False
2015-06-12T01:00:00,Avengers Compound,Arc Reactor Cores,705.59,4.26,False
2015-06-12T01:00:00,Avengers Compound,Pym Particles,714.81,3.91,False
2015-06-12T01:00:00,Avengers Compound,Clean Water (L),2400.27,4.26,False
2015-06-12T01:00:00,Avengers Compound,Medical Kits,732.16,3.2,False
2015-06-12T02:00:00,New Asgard,Vibranium (kg),2422.82,3.7,False
2015-06-12T02:00:00,New Asgard,Arc Reactor Cores,703.52,4.44,False
2015-06-12T02:00:00,New Asgard,Pym Particles,718.15,4.07,False
2015-06-12T02:00:00,New Asgard,Clean Water (L),2407.83,4.44,False
2015-06-12T02:00:00,New Asgard,Medical Kits,731.5,3.33,False
2015-06-12T02:00:00,Wakanda,Vibranium (kg),2427.2,3.7,False
2015-06-12T02:00:00,Wakanda,Arc Reactor Cores,707.75,4.44,False
2015-06-12T02:00:00,Wakanda,Pym Particles,712.32,4.07,False
2015-06-12T02:00:00,Wakanda,Clean Water (L),2401.25,4.44,False
2015-06-12T02:00:00,Wakanda,Medical Kits,730.79,3.33,False
2015-06-12T02:00:00,Sokovia,Vibranium (kg),2426.15,3.7,False
2015-06-12T02:00:00,Sokovia,Arc Reactor Cores,706.39,4.44,False
2015-06-12T02:00:00,Sokovia,Pym Particles,716.89,4.07,False
2015-06-12T02:00:00,Sokovia,Clean Water (L),2400.53,4.44,False
2015-06-12T02:00:00,Sokovia,Medical Kits,729.94,3.33,False
2015-06-12T02:00:00,Sanctum Sanctorum,Vibranium (kg),2421.71,3.7,False
2015-06-12T02:00:00,Sanctum Sanctorum,Arc Reactor Cores,702.5,4.44,False
2015-06-12T02:00:00,Sanctum Sanctorum,Pym Particles,713.31,4.07,False
2015-06-12T02:00:00,Sanctum Sanctorum,Clean Water (L),2406.49,4.44,False
2015-06-12T02:00:00,Sanctum Sanctorum,Medical Kits,730.01,3.33,False
2015-06-12T02:00:00,Avengers Compound,Vibranium (kg),2422.35,3.7,False
2015-06-12T02:00:00,Avengers Compound,Arc Reactor Cores,706.85,4.44,False
2015-06-12T02:00:00,Avengers Compound,Pym Particles,715.15,4.07,False
2015-06-12T02:00:00,Avengers Compound,Clean Water (L),2401.16,4.44,False
2015-06-12T02:00:00,Avengers Compound,Medical Kits,733.24,3.33,False
2015-06-12T03:00:00,New Asgard,Vibranium (kg),2424.44,3.94,False
2015-06-12T03:00:00,New Asgard,Arc Reactor Cores,705.22,4.73,False
2015-06-12T03:00:00,New Asgard,Pym Particles,719.86,4.33,False
2015-06-12T03:00:00,New Asgard,Clean Water (L),2408.41,4.73,False
2015-06-12T03:00:00,New Asgard,Medical Kits,732.46,3.55,False
2015-06-12T03:00:00,Wakanda,Vibranium (kg),2426.91,3.94,False
2015-06-12T03:00:00,Wakanda,Arc Reactor Cores,709.01,4.73,False
2015-06-12T03:00:00,Wakanda,Pym Particles,713.4,4.33,False
2015-06-12T03:00:00,Wakanda,Clean Water (L),2401.96,4.73,False
2015-06-12T03:00:00,Wakanda,Medical Kits,731.51,3.55,False
2015-06-12T03:00:00,Sokovia,Vibranium (kg),2426.97,3.94,False
2015-06-12T03:00:00,Sokovia,Arc Reactor Cores,706.06,4.73,False
2015-06-12T03:00:00,Sokovia,Pym Particles,718.27,4.33,False
2015-06-12T03:00:00,Sokovia,Clean Water (L),2401.67,4.73,False
2015-06-12T03:00:00,Sokovia,Medical Kits,730.49,3.55,False
2015-06-12T03:00:00,Sanctum Sanctorum,Vibranium (kg),2422.91,3.94,False
2015-06-12T03:00:00,Sanctum Sanctorum,Arc Reactor Cores,704.02,4.73,False
2015-06-12T03:00:00,Sanctum Sanctorum,Pym Particles,713.89,4.33,False
2015-06-12T03:00:00,Sanctum Sanctorum,Clean Water (L),2407.67,4.73,False
2015-06-12T03:00:00,Sanctum Sanctorum,Medical Kits,731.03,3.55,False
2015-06-12T03:00:00,Avengers Compound,Vibranium (kg),2424.09,3.94,False
2015-06-12T03:00:00,Avengers Compound,Arc Reactor Cores,709.31,4.73,False
2015-06-12T03:00:00,Avengers Compound,Pym Particles,715.18,4.33,False
2015-06-12T03:00:00,Avengers Compound,Clean Water (L),2401.43,4.73,False
2015-06-12T03:00:00,Avengers Compound,Medical Kits,735.03,3.55,False
2015-06-12T04:00:00,New Asgard,Vibranium (kg),2424.18,4.25,False
2015-06-12T04:00:00,New Asgard,Arc Reactor Cores,706.86,5.1,False
2015-06-12T04:00:00,New Asgard,Pym Particles,720.08,4.68,False
2015-06-12T04:00:00,New Asgard,Clean Water (L),2409.87,5.1,False
2015-06-12T04:00:00,New Asgard,Medical Kits,732.99,3.83,False
2015-06-12T04:00:00,Wakanda,Vibranium (kg),2426.77,4.25,False
2015-06-12T04:00:00,Wakanda,Arc Reactor Cores,710.12,5.1,False
2015-06-12T04:00:00,Wakanda,Pym Particles,714.25,4.68,False
2015-06-12T04:00:00,Wakanda,Clean Water (L),2402.91,5.1,False
2015-06-12T04:00:00,Wakanda,Medical Kits,730.61,3.83,False
2015-06-12T04:00:00,Sokovia,Vibranium (kg),2426.55,4.25,False
2015-06-12T04:00:00,Sokovia,Arc Reactor Cores,708.56,5.1,False
2015-06-12T04:00:00,Sokovia,Pym Particles,718.38,4.68,False
2015-06-12T04:00:00,Sokovia,Clean Water (L),2401.4,5.1,False
2015-06-12T04:00:00,Sokovia,Medical Kits,731.34,3.83,False
2015-06-12T04:00:00,Sanctum Sanctorum,Vibranium (kg),2422.57,4.25,False
2015-06-12T04:00:00,Sanctum Sanctorum,Arc Reactor Cores,704.35,5.1,False
2015-06-12T04:00:00,Sanctum Sanctorum,Pym Particles,714.43,4.68,False
2015-06-12T04:00:00,Sanctum Sanctorum,Clean Water (L),2408.27,5.1,False
2015-06-12T04:00:00,Sanctum Sanctorum,Medical Kits,731.84,3.83,False
2015-06-12T04:00:00,Avengers Compound,Vibranium (kg),2423.14,4.25,False
2015-06-12T04:00:00,Avengers Compound,Arc Reactor Cores,709.22,5.1,False
2015-06-12T04:00:00,Avengers Compound,Pym Particles,715.48,4.68,False
2015-06-12T04:00:00,Avengers Compound,Clean Water (L),2401.25,5.1,False
2015-06-12T04:00:00,Avengers Compound,Medical Kits,735.24,3.83,False
2015-06-12T05:00:00,New Asgard,Vibranium (kg),2422.69,4.61,False
2015-06-12T05:00:00,New Asgard,Arc Reactor Cores,707.93,5.53,False
2015-06-12T05:00:00,New Asgard,Pym Particles,720.14,5.07,False
2015-06-12T05:00:00,New Asgard,Clean Water (L),2409.75,5.53,False
2015-06-12T05:00:00,New Asgard,Medical Kits,733.31,4.15,False
2015-06-12T05:00:00,Wakanda,Vibranium (kg),2425.88,4.61,False
2015-06-12T05:00:00,Wakanda,Arc Reactor Cores,709.66,5.53,False
2015-06-12T05:00:00,Wakanda,Pym Particles,713.85,5.07,False
2015-06-12T05:00:00,Wakanda,Clean Water (L),2404.34,5.53,False
2015-06-12T05:00:00,Wakanda,Medical Kits,729.76,4.15,False
2015-06-12T05:00:00,Sokovia,Vibranium (kg),2426.87,4.61,False
2015-06-12T05:00:00,Sokovia,Arc Reactor Cores,707.13,5.53,False
2015-06-12T05:00:00,Sokovia,Pym Particles,719.34,5.07,False
2015-06-12T05:00:00,Sokovia,Clean Water (L),2402.89,5.53,False
2015-06-12T05:00:00,Sokovia,Medical Kits,733.16,4.15,False
2015-06-12T05:00:00,Sanctum Sanctorum,Vibranium (kg),2422.57,4.61,False
2015-06-12T05:00:00,Sanctum Sanctorum,Arc Reactor Cores,704.64,5.53,False
2015-06-12T05:00:00,Sanctum Sanctorum,Pym Particles,715.97,5.07,False
2015-06-12T05:00:00,Sanctum Sanctorum,Clean Water (L),2408.99,5.53,False
2015-06-12T05:00:00,Sanctum Sanctorum,Medical Kits,732.65,4.15,False
2015-06-12T05:00:00,Avengers Compound,Vibranium (kg),2423.1,4.61,False
2015-06-12T05:00:00,Avengers Compound,Arc Reactor Cores,709.37,5.53,False
2015-06-12T05:00:00,Avengers Compound,Pym Particles,715.56,5.07,False
2015-06-12T05:00:00,Avengers Compound,Clean Water (L),2403.1,5.53,False
2015-06-12T05:00:00,Avengers Compound,Medical Kits,735.91,4.15,False
2015-06-12T06:00:00,New Asgard,Vibranium (kg),2422.15,5.0,False
2015-06-12T06:00:00,New Asgard,Arc Reactor Cores,707.36,6.0,False
2015-06-12T06:00:00,New Asgard,Pym Particles,718.7,5.5,False
2015-06-12T06:00:00,New Asgard,Clean Water (L),2409.09,6.0,False
2015-06-12T06:00:00,New Asgard,Medical Kits,733.14,4.5,False
2015-06-12T06:00:00,Wakanda,Vibranium (kg),2424.09,5.0,False
2015-06-12T06:00:00,Wakanda,Arc Reactor Cores,708.05,6.0,False
2015-06-12T06:00:00,Wakanda,Pym Particles,712.48,5.5,False
2015-06-12T06:00:00,Wakanda,Clean Water (L),2405.29,6.0,False
2015-06-12T06:00:00,Wakanda,Medical Kits,729.15,4.5,False
2015-06-12T06:00:00,Sokovia,Vibranium (kg),2427.6,5.0,False
2015-06-12T06:00:00,Sokovia,Arc Reactor Cores,706.07,6.0,False
2015-06-12T06:00:00,Sokovia,Pym Particles,719.36,5.5,False
2015-06-12T06:00:00,Sokovia,Clean Water (L),2402.89,6.0,False
2015-06-12T06:00:00,Sokovia,Medical Kits,733.85,4.5,False
2015-06-12T06:00:00,Sanctum Sanctorum,Vibranium (kg),2421.11,5.0,False
2015-06-12T06:00:00,Sanctum Sanctorum,Arc Reactor Cores,705.77,6.0,False
2015-06-12T06:00:00,Sanctum Sanctorum,Pym Particles,716.8,5.5,False
2015-06-12T06:00:00,Sanctum Sanctorum,Clean Water (L),2409.87,6.0,False
2015-06-12T06:00:00,Sanctum Sanctorum,Medical Kits,731.74,4.5,False
2015-06-12T06:00:00,Avengers Compound,Vibranium (kg),2422.27,5.0,False
2015-06-12T06:00:00,Avengers Compound,Arc Reactor Cores,709.09,6.0,False
2015-06-12T06:00:00,Avengers Compound,Pym Particles,716.7,5.5,False
2015-06-12T06:00:00,Avengers Compound,Clean Water (L),2403.34,6.0,False
2015-06-12T06:00:00,Avengers Compound,Medical Kits,734.53,4.5,False
2015-06-12T07:00:00,New Asgard,Vibranium (kg),2420.75,5.39,False
2015-06-12T07:00:00,New Asgard,Arc Reactor Cores,706.01,6.47,False
2015-06-12T07:00:00,New Asgard,Pym Particles,717.51,5.93,False
2015-06-12T07:00:00,New Asgard,Clean Water (L),2408.07,6.47,False
2015-06-12T07:00:00,New Asgard,Medical Kits,733.3,4.85,False
2015-06-12T07:00:00,Wakanda,Vibranium (kg),2424.98,5.39,False
2015-06-12T07:00:00,Wakanda,Arc Reactor Cores,708.63,6.47,False
2015-06-12T07:00:00,Wakanda,Pym Particles,712.65,5.93,False
2015-06-12T07:00:00,Wakanda,Clean Water (L),2405.25,6.47,False
2015-06-12T07:00:00,Wakanda,Medical Kits,727.8,4.85,False
2015-06-12T07:00:00,Sokovia,Vibranium (kg),2427.21,5.39,False
2015-06-12T07:00:00,Sokovia,Arc Reactor Cores,704.63,6.47,False
2015-06-12T07:00:00,Sokovia,Pym Particles,717.1,5.93,False
2015-06-12T07:00:00,Sokovia,Clean Water (L),2400.62,6.47,False
2015-06-12T07:00:00,Sokovia,Medical Kits,732.6,4.85,False
2015-06-12T07:00:00,Sanctum Sanctorum,Vibranium (kg),2420.8,5.39,False
2015-06-12T07:00:00,Sanctum Sanctorum,Arc Reactor Cores,706.37,6.47,False
2015-06-12T07:00:00,Sanctum Sanctorum,Pym Particles,716.95,5.93,False
2015-06-12T07:00:00,Sanctum Sanctorum,Clean Water (L),2407.34,6.47,False
2015-06-12T07:00:00,Sanctum Sanctorum,Medical Kits,732.3,4.85,False
2015-06-12T07:00:00,Avengers Compound,Vibranium (kg),2420.52,5.39,False
2015-06-12T07:00:00,Avengers Compound,Arc Reactor Cores,707.18,6.47,False
2015-06-12T07:00:00,Avengers Compound,Pym Particles,715.2,5.93,False
2015-06-12T07:00:00,Avengers Compound,Clean Water (L),2403.63,6.47,False
2015-06-12T07:00:00,Avengers Compound,Medical Kits,733.27,4.85,False
2015-06-12T08:00:00,New Asgard,Vibranium (kg),2418.5,5.75,False
2015-06-12T08:00:00,New Asgard,Arc Reactor Cores,703.17,6.9,False
2015-06-12T08:00:00,New Asgard,Pym Particles,717.11,6.32,False
2015-06-12T08:00:00,New Asgard,Clean Water (L),2406.61,6.9,False
2015-06-12T08:00:00,New Asgard,Medical Kits,733.79,5.17,False
2015-06-12T08:00:00,Wakanda,Vibranium (kg),2424.45,5.75,False
2015-06-12T08:00:00,Wakanda,Arc Reactor Cores,708.02,6.9,False
2015-06-12T08:00:00,Wakanda,Pym Particles,712.66,6.32,False
2015-06-12T08:00:00,Wakanda,Clean Water (L),2404.78,6.9,False
2015-06-12T08:00:00,Wakanda,Medical Kits,726.58,5.17,False
2015-06-12T08:00:00,Sokovia,Vibranium (kg),2427.12,5.75,False
2015-06-12T08:00:00,Sokovia,Arc Reactor Cores,705.03,6.9,False
2015-06-12T08:00:00,Sokovia,Pym Particles,714.79,6.32,False
2015-06-12T08:00:00,Sokovia,Clean Water (L),2399.63,6.9,False
2015-06-12T08:00:00,Sokovia,Medical Kits,732.85,5.17,False
2015-06-12T08:00:00,Sanctum Sanctorum,Vibranium (kg),2419.69,5.75,False
2015-06-12T08:00:00,Sanctum Sanctorum,Arc Reactor Cores,705.82,6.9,False
2015-06-12T08:00:00,Sanctum Sanctorum,Pym Particles,715.85,6.32,False
2015-06-12T08:00:00,Sanctum Sanctorum,Clean Water (L),2405.09,6.9,False
2015-06-12T08:00:00,Sanctum Sanctorum,Medical Kits,731.68,5.17,False
2015-06-12T08:00:00,Avengers Compound,Vibranium (kg),2421.52,5.75,False
2015-06-12T08:00:00,Avengers Compound,Arc Reactor Cores,705.35,6.9,False
2015-06-12T08:00:00,Avengers Compound,Pym Particles,714.24,6.32,False
2015-06-12T08:00:00,Avengers Compound,Clean Water (L),2404.2,6.9,False
2015-06-12T08:00:00,Avengers Compound,Medical Kits,732.31,5.17,False
2015-06-12T09:00:00,New Asgard,Vibranium (kg),2418.12,6.06,False
2015-06-12T09:00:00,New Asgard,Arc Reactor Cores,701.1,7.27,False
2015-06-12T09:00:00,New Asgard,Pym Particles,714.28,6.67,False
2015-06-12T09:00:00,New Asgard,Clean Water (L),2403.86,7.27,False
2015-06-12T09:00:00,New Asgard,Medical Kits,732.17,5.45,False
2015-06-12T09:00:00,Wakanda,Vibranium (kg),2422.95,6.06,False
2015-06-12T09:00:00,Wakanda,Arc Reactor Cores,706.29,7.27,False
2015-06-12T09:00:00,Wakanda,Pym Particles,712.34,6.67,False
2015-06-12T09:00:00,Wakanda,Clean Water (L),2403.4,7.27,False
2015-06-12T09:00:00,Wakanda,Medical Kits,724.45,5.45,False
2015-06-12T09:00:00,Sokovia,Vibranium (kg),2424.94,6.06,False
2015-06-12T09:00:00,Sokovia,Arc Reactor Cores,704.4,7.27,False
2015-06-12T09:00:00,Sokovia,Pym Particles,713.72,6.67,False
2015-06-12T09:00:00,Sokovia,Clean Water (L),2399.17,7.27,False
2015-06-12T09:00:00,Sokovia,Medical Kits,731.57,5.45,False
2015-06-12T09:00:00,Sanctum Sanctorum,Vibranium (kg),2419.65,6.06,False
2015-06-12T09:00:00,Sanctum Sanctorum,Arc Reactor Cores,705.62,7.27,False
2015-06-12T09:00:00,Sanctum Sanctorum,Pym Particles,714.09,6.67,False
2015-06-12T09:00:00,Sanctum Sanctorum,Clean Water (L),2402.15,7.27,False
2015-06-12T09:00:00,Sanctum Sanctorum,Medical Kits,730.46,5.45,False
2015-06-12T09:00:00,Avengers Compound,Vibranium (kg),2420.44,6.06,False
2015-06-12T09:00:00,Avengers Compound,Arc Reactor Cores,703.79,7.27,False
2015-06-12T09:00:00,Avengers Compound,Pym Particles,713.68,6.67,False
2015-06-12T09:00:00,Avengers Compound,Clean Water (L),2402.36,7.27,False
2015-06-12T09:00:00,Avengers Compound,Medical Kits,732.28,5.45,False
2015-06-12T10:00:00,New Asgard,Vibranium (kg),2417.94,6.3,False
2015-06-12T10:00:00,New Asgard,Arc Reactor Cores,700.09,7.56,False
2015-06-12T10:00:00,New Asgard,Pym Particles,713.19,6.93,False
2015-06-12T10:00:00,New Asgard,Clean Water (L),2402.48,7.56,False
2015-06-12T10:00:00,New Asgard,Medical Kits,731.93,5.67,False
2015-06-12T10:00:00,Wakanda,Vibranium (kg),2422.47,6.3,False
2015-06-12T10:00:00,Wakanda,Arc Reactor Cores,703.71,7.56,False
2015-06-12T10:00:00,Wakanda,Pym Particles,711.33,6.93,False
2015-06-12T10:00:00,Wakanda,Clean Water (L),2400.5,7.56,False
2015-06-12T10:00:00,Wakanda,Medical Kits,723.97,5.67,False
2015-06-12T10:00:00,Sokovia,Vibranium (kg),2423.5,6.3,False
2015-06-12T10:00:00,Sokovia,Arc Reactor Cores,701.78,7.56,False
2015-06-12T10:00:00,Sokovia,Pym Particles,711.08,6.93,False
2015-06-12T10:00:00,Sokovia,Clean Water (L),2396.24,7.56,False
2015-06-12T10:00:00,Sokovia,Medical Kits,731.04,5.67,False
2015-06-12T10:00:00,Sanctum Sanctorum,Vibranium (kg),2419.84,6.3,False
2015-06-12T10:00:00,Sanctum Sanctorum,Arc Reactor Cores,704.69,7.56,False
2015-06-12T10:00:00,Sanctum Sanctorum,Pym Particles,713.57,6.93,False
2015-06-12T10:00:00,Sanctum Sanctorum,Clean Water (L),2401.85,7.56,False
2015-06-12T10:00:00,Sanctum Sanctorum,Medical Kits,728.2,5.67,False
2015-06-12T10:00:00,Avengers Compound,Vibranium (kg),2419.16,6.3,False
2015-06-12T10:00:00,Avengers Compound,Arc Reactor Cores,702.19,7.56,False
2015-06-12T10:00:00,Avengers Compound,Pym Particles,711.03,6.93,False
2015-06-12T10:00:00,Avengers Compound,Clean Water (L),2400.78,7.56,False
2015-06-12T10:00:00,Avengers Compound,Medical Kits,731.87,5.67,False
2015-06-12T11:00:00,New Asgard,Vibranium (kg),2416.28,6.45,False
2015-06-12T11:00:00,New Asgard,Arc Reactor Cores,697.6,7.74,False
2015-06-12T11:00:00,New Asgard,Pym Particles,711.37,7.09,False
2015-06-12T11:00:00,New Asgard,Clean Water (L),2402.3,7.74,False
2015-06-12T11:00:00,New Asgard,Medical Kits,730.29,5.8,False
2015-06-12T11:00:00,Wakanda,Vibranium (kg),2421.2,6.45,False
2015-06-12T11:00:00,Wakanda,Arc Reactor Cores,702.0,7.74,False
2015-06-12T11:00:00,Wakanda,Pym Particles,708.47,7.09,False
2015-06-12T11:00:00,Wakanda,Clean Water (L),2398.11,7.74,False
2015-06-12T11:00:00,Wakanda,Medical Kits,722.14,5.8,False
2015-06-12T11:00:00,Sokovia,Vibranium (kg),2423.09,6.45,False
2015-06-12T11:00:00,Sokovia,Arc Reactor Cores,701.04,7.74,False
2015-06-12T11:00:00,Sokovia,Pym Particles,707.83,7.09,False
2015-06-12T11:00:00,Sokovia,Clean Water (L),2394.41,7.74,False
2015-06-12T11:00:00,Sokovia,Medical Kits,730.01,5.8,False
2015-06-12T11:00:00,Sanctum Sanctorum,Vibranium (kg),2418.57,6.45,False
2015-06-12T11:00:00,Sanctum Sanctorum,Arc Reactor Cores,702.24,7.74,False
2015-06-12T11:00:00,Sanctum Sanctorum,Pym Particles,711.2,7.09,False
2015-06-12T11:00:00,Sanctum Sanctorum,Clean Water (L),2400.31,7.74,False
2015-06-12T11:00:00,Sanctum Sanctorum,Medical Kits,726.86,5.8,False
2015-06-12T11:00:00,Avengers Compound,Vibranium (kg),2416.59,6.45,False
2015-06-12T11:00:00,Avengers Compound,Arc Reactor Cores,699.97,7.74,False
2015-06-12T11:00:00,Avengers Compound,Pym Particles,709.71,7.09,False
2015-06-12T11:00:00,Avengers Compound,Clean Water (L),2398.01,7.74,False
2015-06-12T11:00:00,Avengers Compound,Medical Kits,731.83,5.8,False
2015-06-12T12:00:00,New Asgard,Vibranium (kg),2413.96,6.5,False
2015-06-12T12:00:00,New Asgard,Arc Reactor Cores,695.23,7.8,False
2015-06-12T12:00:00,New Asgard,Pym Particles,710.8,7.15,False
2015-06-12T12:00:00,New Asgard,Clean Water (L),2400.21,7.8,False
2015-06-12T12:00:00,New Asgard,Medical Kits,727.78,5.85,False
2015-06-12T12:00:00,Wakanda,Vibranium (kg),2420.34,6.5,False
2015-06-12T12:00:00,Wakanda,Arc Reactor Cores,699.11,7.8,False
2015-06-12T12:00:00,Wakanda,Pym Particles,706.95,7.15,False
2015-06-12T12:00:00,Wakanda,Clean Water (L),2395.76,7.8,False
2015-06-12T12:00:00,Wakanda,Medical Kits,721.74,5.85,False
2015-06-12T12:00:00,Sokovia,Vibranium (kg),2422.86,6.5,False
2015-06-12T12:00:00,Sokovia,Arc Reactor Cores,698.63,7.8,False
2015-06-12T12:00:00,Sokovia,Pym Particles,706.81,7.15,False
2015-06-12T12:00:00,Sokovia,Clean Water (L),2392.75,7.8,False
2015-06-12T12:00:00,Sokovia,Medical Kits,727.78,5.85,False
2015-06-12T12:00:00,Sanctum Sanctorum,Vibranium (kg),2417.49,6.5,False
2015-06-12T12:00:00,Sanctum Sanctorum,Arc Reactor Cores,701.93,7.8,False
2015-06-12T12:00:00,Sanctum Sanctorum,Pym Particles,709.82,7.15,False
2015-06-12T12:00:00,Sanctum Sanctorum,Clean Water (L),2398.29,7.8,False
2015-06-12T12:00:00,Sanctum Sanctorum,Medical Kits,725.74,5.85,False
2015-06-12T12:00:00,Avengers Compound,Vibranium (kg),2415.44,6.5,False
2015-06-12T12:00:00,Avengers Compound,Arc Reactor Cores,698.7,7.8,False
2015-06-12T12:00:00,Avengers Compound,Pym Particles,707.14,7.15,False
2015-06-12T12:00:00,Avengers Compound,Clean Water (L),2395.26,7.8,False
2015-06-12T12:00:00,Avengers Compound,Medical Kits,730.33,5.85,False
2015-06-12T13:00:00,New Asgard,Vibranium (kg),2413.25,6.45,False
2015-06-12T13:00:00,New Asgard,Arc Reactor Cores,694.35,7.74,False
2015-06-12T13:00:00,New Asgard,Pym Particles,708.91,7.09,False
2015-06-12T13:00:00,New Asgard,Clean Water (L),2398.75,7.74,False
2015-06-12T13:00:00,New Asgard,Medical Kits,727.41,5.8,False
2015-06-12T13:00:00,Wakanda,Vibranium (kg),2419.77,6.45,False
2015-06-12T13:00:00,Wakanda,Arc Reactor Cores,697.66,7.74,False
2015-06-12T13:00:00,Wakanda,Pym Particles,704.44,7.09,False
2015-06-12T13:00:00,Wakanda,Clean Water (L),2394.27,7.74,False
2015-06-12T13:00:00,Wakanda,Medical Kits,720.43,5.8,False
2015-06-12T13:00:00,Sokovia,Vibranium (kg),2421.55,6.45,False
2015-06-12T13:00:00,Sokovia,Arc Reactor Cores,697.15,7.74,False
2015-06-12T13:00:00,Sokovia,Pym Particles,704.17,7.09,False
2015-06-12T13:00:00,Sokovia,Clean Water (L),2390.25,7.74,False
2015-06-12T13:00:00,Sokovia,Medical Kits,725.6,5.8,False
2015-06-12T13:00:00,Sanctum Sanctorum,Vibranium (kg),2415.54,6.45,False
2015-06-12T13:00:00,Sanctum Sanctorum,Arc Reactor Cores,700.16,7.74,False
2015-06-12T13:00:00,Sanctum Sanctorum,Pym Particles,708.02,7.09,False
2015-06-12T13:00:00,Sanctum Sanctorum,Clean Water (L),2396.8,7.74,False
2015-06-12T13:00:00,Sanctum Sanctorum,Medical Kits,725.44,5.8,False
2015-06-12T13:00:00,Avengers Compound,Vibranium (kg),2414.76,6.45,False
2015-06-12T13:00:00,Avengers Compound,Arc Reactor Cores,695.82,7.74,False
2015-06-12T13:00:00,Avengers Compound,Pym Particles,704.03,7.09,False
2015-06-12T13:00:00,Avengers Compound,Clean Water (L),2394.17,7.74,False
2015-06-12T13:00:00,Avengers Compound,Medical Kits,730.16,5.8,False
2015-06-12T14:00:00,New Asgard,Vibranium (kg),2413.21,6.3,False
2015-06-12T14:00:00,New Asgard,Arc Reactor Cores,692.63,7.56,False
2015-06-12T14:00:00,New Asgard,Pym Particles,707.83,6.93,False
2015-06-12T14:00:00,New Asgard,Clean Water (L),2396.54,7.56,False
2015-06-12T14:00:00,New Asgard,Medical Kits,726.54,5.67,False
2015-06-12T14:00:00,Wakanda,Vibranium (kg),2419.16,6.3,False
2015-06-12T14:00:00,Wakanda,Arc Reactor Cores,695.68,7.56,False
2015-06-12T14:00:00,Wakanda,Pym Particles,703.04,6.93,False
2015-06-12T14:00:00,Wakanda,Clean Water (L),2394.86,7.56,False
2015-06-12T14:00:00,Wakanda,Medical Kits,718.46,5.67,False
2015-06-12T14:00:00,Sokovia,Vibranium (kg),2419.85,6.3,False
2015-06-12T14:00:00,Sokovia,Arc Reactor Cores,695.5,7.56,False
2015-06-12T14:00:00,Sokovia,Pym Particles,703.08,6.93,False
2015-06-12T14:00:00,Sokovia,Clean Water (L),2389.11,7.56,False
2015-06-12T14:00:00,Sokovia,Medical Kits,724.98,5.67,False
2015-06-12T14:00:00,Sanctum Sanctorum,Vibranium (kg),2414.82,6.3,False
2015-06-12T14:00:00,Sanctum Sanctorum,Arc Reactor Cores,699.53,7.56,False
2015-06-12T14:00:00,Sanctum Sanctorum,Pym Particles,707.53,6.93,False
2015-06-12T14:00:00,Sanctum Sanctorum,Clean Water (L),2395.67,7.56,False
2015-06-12T14:00:00,Sanctum Sanctorum,Medical Kits,724.08,5.67,False
2015-06-12T14:00:00,Avengers Compound,Vibranium (kg),2413.78,6.3,False
2015-06-12T14:00:00,Avengers Compound,Arc Reactor Cores,695.28,7.56,False
2015-06-12T14:00:00,Avengers Compound,Pym Particles,702.92,6.93,False
2015-06-12T14:00:00,Avengers Compound,Clean Water (L),2392.73,7.56,False
2015-06-12T14:00:00,Avengers Compound,Medical Kits,727.47,5.67,False
2015-06-12T15:00:00,New Asgard,Vibranium (kg),2413.09,6.06,False
2015-06-12T15:00:00,New Asgard,Arc Reactor Cores,691.91,7.27,False
2015-06-12T15:00:00,New Asgard,Pym Particles,705.94,6.67,False
2015-06-12T15:00:00,New Asgard,Clean Water (L),2395.33,7.27,False
2015-06-12T15:00:00,New Asgard,Medical Kits,726.24,5.45,False
2015-06-12T15:00:00,Wakanda,Vibranium (kg),2418.3,6.06,False
2015-06-12T15:00:00,Wakanda,Arc Reactor Cores,694.76,7.27,False
2015-06-12T15:00:00,Wakanda,Pym Particles,703.19,6.67,False
2015-06-12T15:00:00,Wakanda,Clean Water (L),2393.02,7.27,False
2015-06-12T15:00:00,Wakanda,Medical Kits,719.87,5.45,False
2015-06-12T15:00:00,Sokovia,Vibranium (kg),2419.11,6.06,False
2015-06-12T15:00:00,Sokovia,Arc Reactor Cores,694.94,7.27,False
2015-06-12T15:00:00,Sokovia,Pym Particles,702.02,6.67,False
2015-06-12T15:00:00,Sokovia,Clean Water (L),2388.25,7.27,False
2015-06-12T15:00:00,Sokovia,Medical Kits,725.48,5.45,False
2015-06-12T15:00:00,Sanctum Sanctorum,Vibranium (kg),2414.08,6.06,False
2015-06-12T15:00:00,Sanctum Sanctorum,Arc Reactor Cores,698.88,7.27,False
2015-06-12T15:00:00,Sanctum Sanctorum,Pym Particles,707.0,6.67,False
2015-06-12T15:00:00,Sanctum Sanctorum,Clean Water (L),2394.36,7.27,False
2015-06-12T15:00:00,Sanctum Sanctorum,Medical Kits,723.68,5.45,False
2015-06-12T15:00:00,Avengers Compound,Vibranium (kg),2412.74,6.06,False
2015-06-12T15:00:00,Avengers Compound,Arc Reactor Cores,694.42,7.27,False
2015-06-12T15:00:00,Avengers Compound,Pym Particles,703.47,6.67,False
2015-06-12T15:00:00,Avengers Compound,Clean Water (L),2393.49,7.27,False
2015-06-12T15:00:00,Avengers Compound,Medical Kits,726.52,5.45,False
2015-06-12T16:00:00,New Asgard,Vibranium (kg),2411.1,5.75,False
2015-06-12T16:00:00,New Asgard,Arc Reactor Cores,690.85,6.9,False
2015-06-12T16:00:00,New Asgard,Pym Particles,704.9,6.32,False
2015-06-12T16:00:00,New Asgard,Clean Water (L),2394.32,6.9,False
2015-06-12T16:00:00,New Asgard,Medical Kits,723.93,5.17,False
2015-06-12T16:00:00,Wakanda,Vibranium (kg),2417.89,5.75,False
2015-06-12T16:00:00,Wakanda,Arc Reactor Cores,694.85,6.9,False
2015-06-12T16:00:00,Wakanda,Pym Particles,703.79,6.32,False
2015-06-12T16:00:00,Wakanda,Clean Water (L),2391.9,6.9,False
2015-06-12T16:00:00,Wakanda,Medical Kits,718.69,5.17,False
2015-06-12T16:00:00,Sokovia,Vibranium (kg),2418.19,5.75,False
2015-06-12T16:00:00,Sokovia,Arc Reactor Cores,695.14,6.9,False
2015-06-12T16:00:00,Sokovia,Pym Particles,701.54,6.32,False
2015-06-12T16:00:00,Sokovia,Clean Water (L),2387.72,6.9,False
2015-06-12T16:00:00,Sokovia,Medical Kits,724.62,5.17,False
2015-06-12T16:00:00,Sanctum Sanctorum,Vibranium (kg),2414.22,5.75,False
2015-06-12T16:00:00,Sanctum Sanctorum,Arc Reactor Cores,697.65,6.9,False
2015-06-12T16:00:00,Sanctum Sanctorum,Pym Particles,704.91,6.32,False
2015-06-12T16:00:00,Sanctum Sanctorum,Clean Water (L),2393.85,6.9,False
2015-06-12T16:00:00,Sanctum Sanctorum,Medical Kits,724.49,5.17,False
2015-06-12T16:00:00,Avengers Compound,Vibranium (kg),2413.15,5.75,False
2015-06-12T16:00:00,Avengers Compound,Arc Reactor Cores,692.48,6.9,False
2015-06-12T16:00:00,Avengers Compound,Pym Particles,701.46,6.32,False
2015-06-12T16:00:00,Avengers Compound,Clean Water (L),2393.82,6.9,False
2015-06-12T16:00:00,Avengers Compound,Medical Kits,725.11,5.17,False
2015-06-12T17:00:00,New Asgard,Vibranium (kg),2411.73,5.39,False
2015-06-12T17:00:00,New Asgard,Arc Reactor Cores,690.64,6.47,False
2015-06-12T17:00:00,New Asgard,Pym Particles,704.52,5.93,False
2015-06-12T17:00:00,New Asgard,Clean Water (L),2393.85,6.47,False
2015-06-12T17:00:00,New Asgard,Medical Kits,724.75,4.85,False
2015-06-12T17:00:00,Wakanda,Vibranium (kg),2416.62,5.39,False
2015-06-12T17:00:00,Wakanda,Arc Reactor Cores,694.48,6.47,False
2015-06-12T17:00:00,Wakanda,Pym Particles,704.05,5.93,False
2015-06-12T17:00:00,Wakanda,Clean Water (L),2391.08,6.47,False
2015-06-12T17:00:00,Wakanda,Medical Kits,718.55,4.85,False
2015-06-12T17:00:00,Sokovia,Vibranium (kg),2416.39,5.39,False
2015-06-12T17:00:00,Sokovia,Arc Reactor Cores,694.94,6.47,False
2015-06-12T17:00:00,Sokovia,Pym Particles,700.62,5.93,False
2015-06-12T17:00:00,Sokovia,Clean Water (L),2387.98,6.47,False
2015-06-12T17:00:00,Sokovia,Medical Kits,724.83,4.85,False
2015-06-12T17:00:00,Sanctum Sanctorum,Vibranium (kg),2412.53,5.39,False
2015-06-12T17:00:00,Sanctum Sanctorum,Arc Reactor Cores,698.12,6.47,False
2015-06-12T17:00:00,Sanctum Sanctorum,Pym Particles,705.87,5.93,False
2015-06-12T17:00:00,Sanctum Sanctorum,Clean Water (L),2393.33,6.47,False
2015-06-12T17:00:00,Sanctum Sanctorum,Medical Kits,723.77,4.85,False
2015-06-12T17:00:00,Avengers Compound,Vibranium (kg),2412.9,5.39,False
2015-06-12T17:00:00,Avengers Compound,Arc Reactor Cores,693.75,6.47,False
2015-06-12T17:00:00,Avengers Compound,Pym Particles,702.37,5.93,False
2015-06-12T17:00:00,Avengers Compound,Clean Water (L),2394.01,6.47,False
2015-06-12T17:00:00,Avengers Compound,Medical Kits,725.29,4.85,False
2015-06-12T18:00:00,New Asgard,Vibranium (kg),2410.8,5.0,False
2015-06-12T18:00:00,New Asgard,Arc Reactor Cores,691.7,6.0,False
2015-06-12T18:00:00,New Asgard,Pym Particles,704.8,5.5,False
2015-06-12T18:00:00,New Asgard,Clean Water (L),2392.72,6.0,False
2015-06-12T18:00:00,New Asgard,Medical Kits,724.76,4.5,False
2015-06-12T18:00:00,Wakanda,Vibranium (kg),2417.21,5.0,False
2015-06-12T18:00:00,Wakanda,Arc Reactor Cores,694.25,6.0,False
2015-06-12T18:00:00,Wakanda,Pym Particles,704.87,5.5,False
2015-06-12T18:00:00,Wakanda,Clean Water (L),2391.28,6.0,False
2015-06-12T18:00:00,Wakanda,Medical Kits,719.54,4.5,False
2015-06-12T18:00:00,Sokovia,Vibranium (kg),2416.7,5.0,False
2015-06-12T18:00:00,Sokovia,Arc Reactor Cores,694.03,6.0,False
2015-06-12T18:00:00,Sokovia,Pym Particles,701.22,5.5,False
2015-06-12T18:00:00,Sokovia,Clean Water (L),2388.52,6.0,False
2015-06-12T18:00:00,Sokovia,Medical Kits,725.33,4.5,False
2015-06-12T18:00:00,Sanctum Sanctorum,Vibranium (kg),2412.42,5.0,False
2015-06-12T18:00:00,Sanctum Sanctorum,Arc Reactor Cores,698.26,6.0,False
2015-06-12T18:00:00,Sanctum Sanctorum,Pym Particles,707.19,5.5,False
2015-06-12T18:00:00,Sanctum Sanctorum,Clean Water (L),2392.04,6.0,False
2015-06-12T18:00:00,Sanctum Sanctorum,Medical Kits,722.93,4.5,False
2015-06-12T18:00:00,Avengers Compound,Vibranium (kg),2414.92,5.0,False
2015-06-12T18:00:00,Avengers Compound,Arc Reactor Cores,693.9,6.0,False
2015-06-12T18:00:00,Avengers Compound,Pym Particles,702.48,5.5,False
2015-06-12T18:00:00,Avengers Compound,Clean Water (L),2393.18,6.0,False
2015-06-12T18:00:00,Avengers Compound,Medical Kits,726.63,4.5,False
2015-06-12T19:00:00,New Asgard,Vibranium (kg),2411.44,4.61,False
2015-06-12T19:00:00,New Asgard,Arc Reactor Cores,694.25,5.53,False
2015-06-12T19:00:00,New Asgard,Pym Particles,705.23,5.07,False
2015-06-12T19:00:00,New Asgard,Clean Water (L),2393.54,5.53,False
2015-06-12T19:00:00,New Asgard,Medical Kits,725.73,4.15,False
2015-06-12T19:00:00,Wakanda,Vibranium (kg),2418.72,4.61,False
2015-06-12T19:00:00,Wakanda,Arc Reactor Cores,694.35,5.53,False
2015-06-12T19:00:00,Wakanda,Pym Particles,706.13,5.07,False
2015-06-12T19:00:00,Wakanda,Clean Water (L),2393.45,5.53,False
2015-06-12T19:00:00,Wakanda,Medical Kits,720.11,4.15,False
2015-06-12T19:00:00,Sokovia,Vibranium (kg),2416.67,4.61,False
2015-06-12T19:00:00,Sokovia,Arc Reactor Cores,695.07,5.53,False
2015-06-12T19:00:00,Sokovia,Pym Particles,703.36,5.07,False
2015-06-12T19:00:00,Sokovia,Clean Water (L),2390.79,5.53,False
2015-06-12T19:00:00,Sokovia,Medical Kits,725.84,4.15,False
2015-06-12T19:00:00,Sanctum Sanctorum,Vibranium (kg),2412.72,4.61,False
2015-06-12T19:00:00,Sanctum Sanctorum,Arc Reactor Cores,699.12,5.53,False
2015-06-12T19:00:00,Sanctum Sanctorum,Pym Particles,706.35,5.07,False
2015-06-12T19:00:00,Sanctum Sanctorum,Clean Water (L),2391.9,5.53,False
2015-06-12T19:00:00,Sanctum Sanctorum,Medical Kits,724.26,4.15,False
2015-06-12T19:00:00,Avengers Compound,Vibranium (kg),2414.07,4.61,False
2015-06-12T19:00:00,Avengers Compound,Arc Reactor Cores,693.74,5.53,False
2015-06-12T19:00:00,Avengers Compound,Pym Particles,703.62,5.07,False
2015-06-12T19:00:00,Avengers Compound,Clean Water (L),2395.94,5.53,False
2015-06-12T19:00:00,Avengers Compound,Medical Kits,728.06,4.15,False
2015-06-12T20:00:00,New Asgard,Vibranium (kg),2412.9,4.25,False
2015-06-12T20:00:00,New Asgard,Arc Reactor Cores,694.03,5.1,False
2015-06-12T20:00:00,New Asgard,Pym Particles,705.49,4.68,False
2015-06-12T20:00:00,New Asgard,Clean Water (L),2394.93,5.1,False
2015-06-12T20:00:00,New Asgard,Medical Kits,725.0,3.83,False
2015-06-12T20:00:00,Wakanda,Vibranium (kg),2420.11,4.25,False
2015-06-12T20:00:00,Wakanda,Arc Reactor Cores,696.06,5.1,False
2015-06-12T20:00:00,Wakanda,Pym Particles,708.75,4.68,False
2015-06-12T20:00:00,Wakanda,Clean Water (L),2393.86,5.1,False
2015-06-12T20:00:00,Wakanda,Medical Kits,720.55,3.83,False
2015-06-12T20:00:00,Sokovia,Vibranium (kg),2417.01,4.25,False
2015-06-12T20:00:00,Sokovia,Arc Reactor Cores,695.08,5.1,False
2015-06-12T20:00:00,Sokovia,Pym Particles,704.11,4.68,False
2015-06-12T20:00:00,Sokovia,Clean Water (L),2392.78,5.1,False
2015-06-12T20:00:00,Sokovia,Medical Kits,727.78,3.83,False
2015-06-12T20:00:00,Sanctum Sanctorum,Vibranium (kg),2414.84,4.25,False
2015-06-12T20:00:00,Sanctum Sanctorum,Arc Reactor Cores,699.79,5.1,False
2015-06-12T20:00:00,Sanctum Sanctorum,Pym Particles,708.26,4.68,False
2015-06-12T20:00:00,Sanctum Sanctorum,Clean Water (L),2393.53,5.1,False
2015-06-12T20:00:00,Sanctum Sanctorum,Medical Kits,723.49,3.83,False
2015-06-12T20:00:00,Avengers Compound,Vibranium (kg),2415.3,4.25,False
2015-06-12T20:00:00,Avengers Compound,Arc Reactor Cores,695.25,5.1,False
2015-06-12T20:00:00,Avengers Compound,Pym Particles,705.09,4.68,False
2015-06-12T20:00:00,Avengers Compound,Clean Water (L),2396.63,5.1,False
2015-06-12T20:00:00,Avengers Compound,Medical Kits,728.53,3.83,False
2015-06-12T21:00:00,New Asgard,Vibranium (kg),2414.71,3.94,False
2015-06-12T21:00:00,New Asgard,Arc Reactor Cores,695.68,4.73,False
2015-06-12T21:00:00,New Asgard,Pym Particles,707.37,4.33,False
2015-06-12T21:00:00,New Asgard,Clean Water (L),2396.12,4.73,False
2015-06-12T21:00:00,New Asgard,Medical Kits,725.8,3.55,False
2015-06-12T21:00:00,Wakanda,Vibranium (kg),2423.02,3.94,False
2015-06-12T21:00:00,Wakanda,Arc Reactor Cores,697.21,4.73,False
2015-06-12T21:00:00,Wakanda,Pym Particles,710.39,4.33,False
2015-06-12T21:00:00,Wakanda,Clean Water (L),2395.1,4.73,False
2015-06-12T21:00:00,Wakanda,Medical Kits,722.15,3.55,False
2015-06-12T21:00:00,Sokovia,Vibranium (kg),2418.66,3.94,False
2015-06-12T21:00:00,Sokovia,Arc Reactor Cores,696.37,4.73,False
2015-06-12T21:00:00,Sokovia,Pym Particles,705.88,4.33,False
2015-06-12T21:00:00,Sokovia,Clean Water (L),2394.79,4.73,False
2015-06-12T21:00:00,Sokovia,Medical Kits,729.93,3.55,False
2015-06-12T21:00:00,Sanctum Sanctorum,Vibranium (kg),2417.27,3.94,False
2015-06-12T21:00:00,Sanctum Sanctorum,Arc Reactor Cores,701.61,4.73,False
2015-06-12T21:00:00,Sanctum Sanctorum,Pym Particles,707.82,4.33,False
2015-06-12T21:00:00,Sanctum Sanctorum,Clean Water (L),2393.35,4.73,False
2015-06-12T21:00:00,Sanctum Sanctorum,Medical Kits,724.11,3.55,False
2015-06-12T21:00:00,Avengers Compound,Vibranium (kg),2415.12,3.94,False
2015-06-12T21:00:00,Avengers Compound,Arc Reactor Cores,696.76,4.73,False
2015-06-12T21:00:00,Avengers Compound,Pym Particles,707.87,4.33,False
2015-06-12T21:00:00,Avengers Compound,Clean Water (L),2397.02,4.73,False
2015-06-12T21:00:00,Avengers Compound,Medical Kits,728.47,3.55,False
2015-06-12T22:00:00,New Asgard,Vibranium (kg),2416.55,3.7,False
2015-06-12T22:00:00,New Asgard,Arc Reactor Cores,696.14,4.44,False
2015-06-12T22:00:00,New Asgard,Pym Particles,708.73,4.07,False
2015-06-12T22:00:00,New Asgard,Clean Water (L),2397.96,4.44,False
2015-06-12T22:00:00,New Asgard,Medical Kits,727.21,3.33,False
2015-06-12T22:00:00,Wakanda,Vibranium (kg),2423.85,3.7,False
2015-06-12T22:00:00,Wakanda,Arc Reactor Cores,699.68,4.44,False
2015-06-12T22:00:00,Wakanda,Pym Particles,712.82,4.07,False
2015-06-12T22:00:00,Wakanda,Clean Water (L),2397.04,4.44,False
2015-06-12T22:00:00,Wakanda,Medical Kits,723.91,3.33,False
2015-06-12T22:00:00,Sokovia,Vibranium (kg),2419.54,3.7,False
2015-06-12T22:00:00,Sokovia,Arc Reactor Cores,697.17,4.44,False
2015-06-12T22:00:00,Sokovia,Pym Particles,706.7,4.07,False
2015-06-12T22:00:00,Sokovia,Clean Water (L),2396.36,4.44,False
2015-06-12T22:00:00,Sokovia,Medical Kits,731.46,3.33,False
2015-06-12T22:00:00,Sanctum Sanctorum,Vibranium (kg),2420.48,3.7,False
2015-06-12T22:00:00,Sanctum Sanctorum,Arc Reactor Cores,701.43,4.44,False
2015-06-12T22:00:00,Sanctum Sanctorum,Pym Particles,710.12,4.07,False
2015-06-12T22:00:00,Sanctum Sanctorum,Clean Water (L),2395.41,4.44,False
2015-06-12T22:00:00,Sanctum Sanctorum,Medical Kits,727.32,3.33,False
2015-06-12T22:00:00,Avengers Compound,Vibranium (kg),2416.72,3.7,False
2015-06-12T22:00:00,Avengers Compound,Arc Reactor Cores,698.92,4.44,False
2015-06-12T22:00:00,Avengers Compound,Pym Particles,709.21,4.07,False
2015-06-12T22:00:00,Avengers Compound,Clean Water (L),2398.49,4.44,False
2015-06-12T22:00:00,Avengers Compound,Medical Kits,729.95,3.33,False
2015-06-12T23:00:00,New Asgard,Vibranium (kg),2418.05,3.55,False
2015-06-12T23:00:00,New Asgard,Arc Reactor Cores,697.71,4.26,False
2015-06-12T23:00:00,New Asgard,Pym Particles,710.99,3.91,False
2015-06-12T23:00:00,New Asgard,Clean Water (L),2398.9,4.26,False
2015-06-12T23:00:00,New Asgard,Medical Kits,730.2,3.2,False
2015-06-12T23:00:00,Wakanda,Vibranium (kg),2425.75,3.55,False
2015-06-12T23:00:00,Wakanda,Arc Reactor Cores,701.06,4.26,False
2015-06-12T23:00:00,Wakanda,Pym Particles,715.06,3.91,False
2015-06-12T23:00:00,Wakanda,Clean Water (L),2399.36,4.26,False
2015-06-12T23:00:00,Wakanda,Medical Kits,726.64,3.2,False
2015-06-12T23:00:00,Sokovia,Vibranium (kg),2421.2,3.55,False
2015-06-12T23:00:00,Sokovia,Arc Reactor Cores,698.81,4.26,False
2015-06-12T23:00:00,Sokovia,Pym Particles,709.63,3.91,False
2015-06-12T23:00:00,Sokovia,Clean Water (L),2398.94,4.26,False
2015-06-12T23:00:00,Sokovia,Medical Kits,731.75,3.2,False
2015-06-12T23:00:00,Sanctum Sanctorum,Vibranium (kg),2421.24,3.55,False
2015-06-12T23:00:00,Sanctum Sanctorum,Arc Reactor Cores,703.62,4.26,False
2015-06-12T23:00:00,Sanctum Sanctorum,Pym Particles,711.58,3.91,False
2015-06-12T23:00:00,Sanctum Sanctorum,Clean Water (L),2398.63,4.26,False
2015-06-12T23:00:00,Sanctum Sanctorum,Medical Kits,729.2,3.2,False
2015-06-12T23:00:00,Avengers Compound,Vibranium (kg),2419.24,3.55,False
2015-06-12T23:00:00,Avengers Compound,Arc Reactor Cores,701.14,4.26,False
2015-06-12T23:00:00,Avengers Compound,Pym Particles,711.87,3.91,False
2015-06-12T23:00:00,Avengers Compound,Clean Water (L),2399.12,4.26,False
2015-06-12T23:00:00,Avengers Compound,Medical Kits,730.78,3.2,False
2015-06-13T00:00:00,New Asgard,Vibranium (kg),2420.64,3.5,False
2015-06-13T00:00:00,New Asgard,Arc Reactor Cores,698.57,4.2,False
2015-06-13T00:00:00,New Asgard,Pym Particles,714.21,3.85,False
2015-06-13T00:00:00,New Asgard,Clean Water (L),2400.38,4.2,False
2015-06-13T00:00:00,New Asgard,Medical Kits,731.3,3.15,False
2015-06-13T00:00:00,Wakanda,Vibranium (kg),2428.73,3.5,False
2015-06-13T00:00:00,Wakanda,Arc Reactor Cores,702.18,4.2,False
2015-06-13T00:00:00,Wakanda,Pym Particles,715.94,3.85,False
2015-06-13T00:00:00,Wakanda,Clean Water (L),2400.41,4.2,False
2015-06-13T00:00:00,Wakanda,Medical Kits,727.35,3.15,False
2015-06-13T00:00:00,Sokovia,Vibranium (kg),2423.73,3.5,False
2015-06-13T00:00:00,Sokovia,Arc Reactor Cores,700.78,4.2,False
2015-06-13T00:00:00,Sokovia,Pym Particles,710.01,3.85,False
2015-06-13T00:00:00,Sokovia,Clean Water (L),2400.16,4.2,False
2015-06-13T00:00:00,Sokovia,Medical Kits,733.01,3.15,False
2015-06-13T00:00:00,Sanctum Sanctorum,Vibranium (kg),2422.21,3.5,False
2015-06-13T00:00:00,Sanctum Sanctorum,Arc Reactor Cores,705.07,4.2,False
2015-06-13T00:00:00,Sanctum Sanctorum,Pym Particles,713.51,3.85,False
2015-06-13T00:00:00,Sanctum Sanctorum,Clean Water (L),2400.77,4.2,False
2015-06-13T00:00:00,Sanctum Sanctorum,Medical Kits,730.42,3.15,False
2015-06-13T00:00:00,Avengers Compound,Vibranium (kg),2421.67,3.5,False
2015-06-13T00:00:00,Avengers Compound,Arc Reactor Cores,701.62,4.2,False
2015-06-13T00:00:00,Avengers Compound,Pym Particles,714.23,3.85,False
2015-06-13T00:00:00,Avengers Compound,Clean Water (L),2399.13,4.2,False
2015-06-13T00:00:00,Avengers Compound,Medical Kits,731.72,3.15,False
2015-06-13T01:00:00,New Asgard,Vibranium (kg),2421.95,3.55,False
2015-06-13T01:00:00,New Asgard,Arc Reactor Cores,701.76,4.26,False
2015-06-13T01:00:00,New Asgard,Pym Particles,715.85,3.91,False
2015-06-13T01:00:00,New Asgard,Clean Water (L),2402.65,4.26,False
2015-06-13T01:00:00,New Asgard,Medical Kits,734.24,3.2,False
2015-06-13T01:00:00,Wakanda,Vibranium (kg),2429.81,3.55,False
2015-06-13T01:00:00,Wakanda,Arc Reactor Cores,703.48,4.26,False
2015-06-13T01:00:00,Wakanda,Pym Particles,718.22,3.91,False
2015-06-13T01:00:00,Wakanda,Clean Water (L),2402.88,4.26,False
2015-06-13T01:00:00,Wakanda,Medical Kits,727.39,3.2,False
2015-06-13T01:00:00,Sokovia,Vibranium (kg),2423.83,3.55,False
2015-06-13T01:00:00,Sokovia,Arc Reactor Cores,703.2,4.26,False
2015-06-13T01:00:00,Sokovia,Pym Particles,710.78,3.91,False
2015-06-13T01:00:00,Sokovia,Clean Water (L),2402.38,4.26,False
2015-06-13T01:00:00,Sokovia,Medical Kits,733.96,3.2,False
2015-06-13T01:00:00,Sanctum Sanctorum,Vibranium (kg),2424.94,3.55,False
2015-06-13T01:00:00,Sanctum Sanctorum,Arc Reactor Cores,706.83,4.26,False
2015-06-13T01:00:00,Sanctum Sanctorum,Pym Particles,714.27,3.91,False
2015-06-13T01:00:00,Sanctum Sanctorum,Clean Water (L),2402.95,4.26,False
2015-06-13T01:00:00,Sanctum Sanctorum,Medical Kits,732.86,3.2,False
2015-06-13T01:00:00,Avengers Compound,Vibranium (kg),2424.56,3.55,False
2015-06-13T01:00:00,Avengers Compound,Arc Reactor Cores,704.83,4.26,False
2015-06-13T01:00:00,Avengers Compound,Pym Particles,714.39,3.91,False
2015-06-13T01:00:00,Avengers Compound,Clean Water (L),2400.1,4.26,False
2015-06-13T01:00:00,Avengers Compound,Medical Kits,731.29,3.2,False
2015-06-13T02:00:00,New Asgard,Vibranium (kg),2422.44,3.7,False
2015-06-13T02:00:00,New Asgard,Arc Reactor Cores,704.52,4.44,False
2015-06-13T02:00:00,New Asgard,Pym Particles,717.13,4.07,False
2015-06-13T02:00:00,New Asgard,Clean Water (L),2404.09,4.44,False
2015-06-13T02:00:00,New Asgard,Medical Kits,735.88,3.33,False
2015-06-13T02:00:00,Wakanda,Vibranium (kg),2429.18,3.7,False
2015-06-13T02:00:00,Wakanda,Arc Reactor Cores,705.19,4.44,False
2015-06-13T02:00:00,Wakanda,Pym Particles,718.91,4.07,False
2015-06-13T02:00:00,Wakanda,Clean Water (L),2404.96,4.44,False
2015-06-13T02:00:00,Wakanda,Medical Kits,728.4,3.33,False
2015-06-13T02:00:00,Sokovia,Vibranium (kg),2424.37,3.7,False
2015-06-13T02:00:00,Sokovia,Arc Reactor Cores,704.93,4.44,False
2015-06-13T02:00:00,Sokovia,Pym Particles,711.75,4.07,False
2015-06-13T02:00:00,Sokovia,Clean Water (L),2403.81,4.44,False
2015-06-13T02:00:00,Sokovia,Medical Kits,736.47,3.33,False
2015-06-13T02:00:00,Sanctum Sanctorum,Vibranium (kg),2425.54,3.7,False
2015-06-13T02:00:00,Sanctum Sanctorum,Arc Reactor Cores,708.01,4.44,False
2015-06-13T02:00:00,Sanctum Sanctorum,Pym Particles,715.64,4.07,False
2015-06-13T02:00:00,Sanctum Sanctorum,Clean Water (L),2403.97,4.44,False
2015-06-13T02:00:00,Sanctum Sanctorum,Medical Kits,734.82,3.33,False
2015-06-13T02:00:00,Avengers Compound,Vibranium (kg),2424.77,3.7,False
2015-06-13T02:00:00,Avengers Compound,Arc Reactor Cores,707.48,4.44,False
2015-06-13T02:00:00,Avengers Compound,Pym Particles,716.13,4.07,False
2015-06-13T02:00:00,Avengers Compound,Clean Water (L),2402.78,4.44,False
2015-06-13T02:00:00,Avengers Compound,Medical Kits,732.86,3.33,False
2015-06-13T03:00:00,New Asgard,Vibranium (kg),2424.55,3.94,False
2015-06-13T03:00:00,New Asgard,Arc Reactor Cores,705.5,4.73,False
2015-06-13T03:00:00,New Asgard,Pym Particles,716.66,4.33,False
2015-06-13T03:00:00,New Asgard,Clean Water (L),2403.76,4.73,False
2015-06-13T03:00:00,New Asgard,Medical Kits,736.56,3.55,False
2015-06-13T03:00:00,Wakanda,Vibranium (kg),2430.14,3.94,False
2015-06-13T03:00:00,Wakanda,Arc Reactor Cores,705.73,4.73,False
2015-06-13T03:00:00,Wakanda,Pym Particles,719.39,4.33,False
2015-06-13T03:00:00,Wakanda,Clean Water (L),2404.77,4.73,False
2015-06-13T03:00:00,Wakanda,Medical Kits,729.64,3.55,False
2015-06-13T03:00:00,Sokovia,Vibranium (kg),2424.49,3.94,False
2015-06-13T03:00:00,Sokovia,Arc Reactor Cores,707.29,4.73,False
2015-06-13T03:00:00,Sokovia,Pym Particles,713.65,4.33,False
2015-06-13T03:00:00,Sokovia,Clean Water (L),2404.82,4.73,False
2015-06-13T03:00:00,Sokovia,Medical Kits,737.02,3.55,False
2015-06-13T03:00:00,Sanctum Sanctorum,Vibranium (kg),2425.99,3.94,False
2015-06-13T03:00:00,Sanctum Sanctorum,Arc Reactor Cores,707.42,4.73,False
2015-06-13T03:00:00,Sanctum Sanctorum,Pym Particles,717.25,4.33,False
2015-06-13T03:00:00,Sanctum Sanctorum,Clean Water (L),2405.85,4.73,False
2015-06-13T03:00:00,Sanctum Sanctorum,Medical Kits,735.73,3.55,False
2015-06-13T03:00:00,Avengers Compound,Vibranium (kg),2424.38,3.94,False
2015-06-13T03:00:00,Avengers Compound,Arc Reactor Cores,708.76,4.73,False
2015-06-13T03:00:00,Avengers Compound,Pym Particles,717.26,4.33,False
2015-06-13T03:00:00,Avengers Compound,Clean Water (L),2405.25,4.73,False
2015-06-13T03:00:00,Avengers Compound,Medical Kits,733.39,3.55,False
2015-06-13T04:00:00,New Asgard,Vibranium (kg),2424.61,4.25,False
2015-06-13T04:00:00,New Asgard,Arc Reactor Cores,707.21,5.1,False
2015-06-13T04:00:00,New Asgard,Pym Particles,716.8,4.68,False
2015-06-13T04:00:00,New Asgard,Clean Water (L),2404.17,5.1,False
2015-06-13T04:00:00,New Asgard,Medical Kits,735.69,3.83,False
2015-06-13T04:00:00,Wakanda,Vibranium (kg),2430.14,4.25,False
2015-06-13T04:00:00,Wakanda,Arc Reactor Cores,706.23,5.1,False
2015-06-13T04:00:00,Wakanda,Pym Particles,719.36,4.68,False
2015-06-13T04:00:00,Wakanda,Clean Water (L),2405.56,5.1,False
2015-06-13T04:00:00,Wakanda,Medical Kits,732.3,3.83,False
2015-06-13T04:00:00,Sokovia,Vibranium (kg),2424.89,4.25,False
2015-06-13T04:00:00,Sokovia,Arc Reactor Cores,708.91,5.1,False
2015-06-13T04:00:00,Sokovia,Pym Particles,714.07,4.68,False
2015-06-13T04:00:00,Sokovia,Clean Water (L),2405.76,5.1,False
2015-06-13T04:00:00,Sokovia,Medical Kits,737.74,3.83,False
2015-06-13T04:00:00,Sanctum Sanctorum,Vibranium (kg),2425.57,4.25,False
2015-06-13T04:00:00,Sanctum Sanctorum,Arc Reactor Cores,708.1,5.1,False
2015-06-13T04:00:00,Sanctum Sanctorum,Pym Particles,719.11,4.68,False
2015-06-13T04:00:00,Sanctum Sanctorum,Clean Water (L),2405.72,5.1,False
2015-06-13T04:00:00,Sanctum Sanctorum,Medical Kits,735.19,3.83,False
2015-06-13T04:00:00,Avengers Compound,Vibranium (kg),2424.68,4.25,False
2015-06-13T04:00:00,Avengers Compound,Arc Reactor Cores,707.84,5.1,False
2015-06-13T04:00:00,Avengers Compound,Pym Particles,718.99,4.68,False
2015-06-13T04:00:00,Avengers Compound,Clean Water (L),2404.83,5.1,False
2015-06-13T04:00:00,Avengers Compound,Medical Kits,734.53,3.83,False
2015-06-13T05:00:00,New Asgard,Vibranium (kg),2424.07,4.61,False
2015-06-13T05:00:00,New Asgard,Arc Reactor Cores,708.34,5.53,False
2015-06-13T05:00:00,New Asgard,Pym Particles,715.75,5.07,False
2015-06-13T05:00:00,New Asgard,Clean Water (L),2403.62,5.53,False
2015-06-13T05:00:00,New Asgard,Medical Kits,735.39,4.15,False
2015-06-13T05:00:00,Wakanda,Vibranium (kg),2429.18,4.61,False
2015-06-13T05:00:00,Wakanda,Arc Reactor Cores,706.04,5.53,False
2015-06-13T05:00:00,Wakanda,Pym Particles,719.03,5.07,False
2015-06-13T05:00:00,Wakanda,Clean Water (L),2404.61,5.53,False
2015-06-13T05:00:00,Wakanda,Medical Kits,731.8,4.15,False
2015-06-13T05:00:00,Sokovia,Vibranium (kg),2425.27,4.61,False
2015-06-13T05:00:00,Sokovia,Arc Reactor Cores,710.48,5.53,False
2015-06-13T05:00:00,Sokovia,Pym Particles,712.52,5.07,False
2015-06-13T05:00:00,Sokovia,Clean Water (L),2404.68,5.53,False
2015-06-13T05:00:00,Sokovia,Medical Kits,736.83,4.15,False
2015-06-13T05:00:00,Sanctum Sanctorum,Vibranium (kg),2425.22,4.61,False
2015-06-13T05:00:00,Sanctum Sanctorum,Arc Reactor Cores,707.57,5.53,False
2015-06-13T05:00:00,Sanctum Sanctorum,Pym Particles,719.86,5.07,False
2015-06-13T05:00:00,Sanctum Sanctorum,Clean Water (L),2405.66,5.53,False
2015-06-13T05:00:00,Sanctum Sanctorum,Medical Kits,735.62,4.15,False
2015-06-13T05:00:00,Avengers Compound,Vibranium (kg),2424.23,4.61,False
2015-06-13T05:00:00,Avengers Compound,Arc Reactor Cores,709.03,5.53,False
2015-06-13T05:00:00,Avengers Compound,Pym Particles,719.92,5.07,False
2015-06-13T05:00:00,Avengers Compound,Clean Water (L),2405.29,5.53,False
2015-06-13T05:00:00,Avengers Compound,Medical Kits,734.77,4.15,False
2015-06-13T06:00:00,New Asgard,Vibranium (kg),2425.31,5.0,False
2015-06-13T06:00:00,New Asgard,Arc Reactor Cores,707.91,6.0,False
2015-06-13T06:00:00,New Asgard,Pym Particles,716.2,5.5,False
2015-06-13T06:00:00,New Asgard,Clean Water (L),2403.07,6.0,False
2015-06-13T06:00:00,New Asgard,Medical Kits,733.55,4.5,False
2015-06-13T06:00:00,Wakanda,Vibranium (kg),2427.36,5.0,False
2015-06-13T06:00:00,Wakanda,Arc Reactor Cores,705.88,6.0,False
2015-06-13T06:00:00,Wakanda,Pym Particles,718.61,5.5,False
2015-06-13T06:00:00,Wakanda,Clean Water (L),2403.6,6.0,False
2015-06-13T06:00:00,Wakanda,Medical Kits,732.16,4.5,False
2015-06-13T06:00:00,Sokovia,Vibranium (kg),2424.94,5.0,False
2015-06-13T06:00:00,Sokovia,Arc Reactor Cores,711.5,6.0,False
2015-06-13T06:00:00,Sokovia,Pym Particles,712.85,5.5,False
2015-06-13T06:00:00,Sokovia,Clean Water (L),2405.3,6.0,False
2015-06-13T06:00:00,Sokovia,Medical Kits,737.59,4.5,False
2015-06-13T06:00:00,Sanctum Sanctorum,Vibranium (kg),2424.42,5.0,False
2015-06-13T06:00:00,Sanctum Sanctorum,Arc Reactor Cores,707.68,6.0,False
2015-06-13T06:00:00,Sanctum Sanctorum,Pym Particles,720.84,5.5,False
2015-06-13T06:00:00,Sanctum Sanctorum,Clean Water (L),2405.64,6.0,False
2015-06-13T06:00:00,Sanctum Sanctorum,Medical Kits,736.85,4.5,False
2015-06-13T06:00:00,Avengers Compound,Vibranium (kg),2423.84,5.0,False
2015-06-13T06:00:00,Avengers Compound,Arc Reactor Cores,708.59,6.0,False
2015-06-13T06:00:00,Avengers Compound,Pym Particles,719.28,5.5,False
2015-06-13T06:00:00,Avengers Compound,Clean Water (L),2404.69,6.0,False
2015-06-13T06:00:00,Avengers Compound,Medical Kits,734.55,4.5,False
2015-06-13T07:00:00,New Asgard,Vibranium (kg),2423.78,5.39,False
2015-06-13T07:00:00,New Asgard,Arc Reactor Cores,707.38,6.47,False
2015-06-13T07:00:00,New Asgard,Pym Particles,716.72,5.93,False
2015-06-13T07:00:00,New Asgard,Clean Water (L),2401.95,6.47,False
2015-06-13T07:00:00,New Asgard,Medical Kits,733.05,4.85,False
2015-06-13T07:00:00,Wakanda,Vibranium (kg),2426.96,5.39,False
2015-06-13T07:00:00,Wakanda,Arc Reactor Cores,704.71,6.47,False
2015-06-13T07:00:00,Wakanda,Pym Particles,716.68,5.93,False
2015-06-13T07:00:00,Wakanda,Clean Water (L),2402.41,6.47,False
2015-06-13T07:00:00,Wakanda,Medical Kits,730.25,4.85,False
2015-06-13T07:00:00,Sokovia,Vibranium (kg),2423.36,5.39,False
2015-06-13T07:00:00,Sokovia,Arc Reactor Cores,709.92,6.47,False
2015-06-13T07:00:00,Sokovia,Pym Particles,712.82,5.93,False
2015-06-13T07:00:00,Sokovia,Clean Water (L),2405.67,6.47,False
2015-06-13T07:00:00,Sokovia,Medical Kits,735.84,4.85,False
2015-06-13T07:00:00,Sanctum Sanctorum,Vibranium (kg),2422.55,5.39,False
2015-06-13T07:00:00,Sanctum Sanctorum,Arc Reactor Cores,707.09,6.47,False
2015-06-13T07:00:00,Sanctum Sanctorum,Pym Particles,719.35,5.93,False
2015-06-13T07:00:00,Sanctum Sanctorum,Clean Water (L),2403.51,6.47,False
2015-06-13T07:00:00,Sanctum Sanctorum,Medical Kits,735.7,4.85,False
2015-06-13T07:00:00,Avengers Compound,Vibranium (kg),2424.16,5.39,False
2015-06-13T07:00:00,Avengers Compound,Arc Reactor Cores,708.44,6.47,False
2015-06-13T07:00:00,Avengers Compound,Pym Particles,718.28,5.93,False
2015-06-13T07:00:00,Avengers Compound,Clean Water (L),2403.22,6.47,False
2015-06-13T07:00:00,Avengers Compound,Medical Kits,735.28,4.85,False
2015-06-13T08:00:00,New Asgard,Vibranium (kg),2422.5,5.75,False
2015-06-13T08:00:00,New Asgard,Arc Reactor Cores,707.02,6.9,False
2015-06-13T08:00:00,New Asgard,Pym Particles,714.81,6.32,False
2015-06-13T08:00:00,New Asgard,Clean Water (L),2400.55,6.9,False
2015-06-13T08:00:00,New Asgard,Medical Kits,732.32,5.17,False
2015-06-13T08:00:00,Wakanda,Vibranium (kg),2426.84,5.75,False
2015-06-13T08:00:00,Wakanda,Arc Reactor Cores,703.19,6.9,False
2015-06-13T08:00:00,Wakanda,Pym Particles,715.1,6.32,False
2015-06-13T08:00:00,Wakanda,Clean Water (L),2402.75,6.9,False
2015-06-13T08:00:00,Wakanda,Medical Kits,728.14,5.17,False
2015-06-13T08:00:00,Sokovia,Vibranium (kg),2423.15,5.75,False
2015-06-13T08:00:00,Sokovia,Arc Reactor Cores,706.96,6.9,False
2015-06-13T08:00:00,Sokovia,Pym Particles,712.7,6.32,False
2015-06-13T08:00:00,Sokovia,Clean Water (L),2404.79,6.9,False
2015-06-13T08:00:00,Sokovia,Medical Kits,734.36,5.17,False
2015-06-13T08:00:00,Sanctum Sanctorum,Vibranium (kg),2420.61,5.75,False
2015-06-13T08:00:00,Sanctum Sanctorum,Arc Reactor Cores,706.84,6.9,False
2015-06-13T08:00:00,Sanctum Sanctorum,Pym Particles,717.15,6.32,False
2015-06-13T08:00:00,Sanctum Sanctorum,Clean Water (L),2403.1,6.9,False
2015-06-13T08:00:00,Sanctum Sanctorum,Medical Kits,734.91,5.17,False
2015-06-13T08:00:00,Avengers Compound,Vibranium (kg),2423.08,5.75,False
2015-06-13T08:00:00,Avengers Compound,Arc Reactor Cores,707.95,6.9,False
2015-06-13T08:00:00,Avengers Compound,Pym Particles,718.52,6.32,False
2015-06-13T08:00:00,Avengers Compound,Clean Water (L),2402.4,6.9,False
2015-06-13T08:00:00,Avengers Compound,Medical Kits,734.18,5.17,False
2015-06-13T09:00:00,New Asgard,Vibranium (kg),2422.47,6.06,False
2015-06-13T09:00:00,New Asgard,Arc Reactor Cores,704.95,7.27,False
2015-06-13T09:00:00,New Asgard,Pym Particles,714.73,6.67,False
2015-06-13T09:00:00,New Asgard,Clean Water (L),2398.3,7.27,False
2015-06-13T09:00:00,New Asgard,Medical Kits,732.1,5.45,False
2015-06-13T09:00:00,Wakanda,Vibranium (kg),2425.52,6.06,False
2015-06-13T09:00:00,Wakanda,Arc Reactor Cores,702.85,7.27,False
2015-06-13T09:00:00,Wakanda,Pym Particles,712.16,6.67,False
2015-06-13T09:00:00,Wakanda,Clean Water (L),2400.75,7.27,False
2015-06-13T09:00:00,Wakanda,Medical Kits,727.07,5.45,False
2015-06-13T09:00:00,Sokovia,Vibranium (kg),2422.8,6.06,False
2015-06-13T09:00:00,Sokovia,Arc Reactor Cores,704.26,7.27,False
2015-06-13T09:00:00,Sokovia,Pym Particles,711.34,6.67,False
2015-06-13T09:00:00,Sokovia,Clean Water (L),2403.59,7.27,False
2015-06-13T09:00:00,Sokovia,Medical Kits,735.02,5.45,False
2015-06-13T09:00:00,Sanctum Sanctorum,Vibranium (kg),2419.07,6.06,False
2015-06-13T09:00:00,Sanctum Sanctorum,Arc Reactor Cores,706.19,7.27,False
2015-06-13T09:00:00,Sanctum Sanctorum,Pym Particles,715.81,6.67,False
2015-06-13T09:00:00,Sanctum Sanctorum,Clean Water (L),2401.25,7.27,False
2015-06-13T09:00:00,Sanctum Sanctorum,Medical Kits,732.77,5.45,False
2015-06-13T09:00:00,Avengers Compound,Vibranium (kg),2421.3,6.06,False
2015-06-13T09:00:00,Avengers Compound,Arc Reactor Cores,705.74,7.27,False
2015-06-13T09:00:00,Avengers Compound,Pym Particles,717.42,6.67,False
2015-06-13T09:00:00,Avengers Compound,Clean Water (L),2402.41,7.27,False
2015-06-13T09:00:00,Avengers Compound,Medical Kits,732.83,5.45,False
2015-06-13T10:00:00,New Asgard,Vibranium (kg),2421.18,6.3,False
2015-06-13T10:00:00,New Asgard,Arc Reactor Cores,704.41,7.56,False
2015-06-13T10:00:00,New Asgard,Pym Particles,711.75,6.93,False
2015-06-13T10:00:00,New Asgard,Clean Water (L),2397.57,7.56,False
2015-06-13T10:00:00,New Asgard,Medical Kits,730.2,5.67,False
2015-06-13T10:00:00,Wakanda,Vibranium (kg),2424.38,6.3,False
2015-06-13T10:00:00,Wakanda,Arc Reactor Cores,700.47,7.56,False
2015-06-13T10:00:00,Wakanda,Pym Particles,710.09,6.93,False
2015-06-13T10:00:00,Wakanda,Clean Water (L),2400.83,7.56,False
2015-06-13T10:00:00,Wakanda,Medical Kits,725.11,5.67,False
2015-06-13T10:00:00,Sokovia,Vibranium (kg),2421.72,6.3,False
2015-06-13T10:00:00,Sokovia,Arc Reactor Cores,702.72,7.56,False
2015-06-13T10:00:00,Sokovia,Pym Particles,709.78,6.93,False
2015-06-13T10:00:00,Sokovia,Clean Water (L),2401.42,7.56,False
2015-06-13T10:00:00,Sokovia,Medical Kits,733.63,5.67,False
2015-06-13T10:00:00,Sanctum Sanctorum,Vibranium (kg),2418.38,6.3,False
2015-06-13T10:00:00,Sanctum Sanctorum,Arc Reactor Cores,704.75,7.56,False
2015-06-13T10:00:00,Sanctum Sanctorum,Pym Particles,712.85,6.93,False
2015-06-13T10:00:00,Sanctum Sanctorum,Clean Water (L),2399.97,7.56,False
2015-06-13T10:00:00,Sanctum Sanctorum,Medical Kits,731.87,5.67,False
2015-06-13T10:00:00,Avengers Compound,Vibranium (kg),2418.97,6.3,False
2015-06-13T10:00:00,Avengers Compound,Arc Reactor Cores,704.88,7.56,False
2015-06-13T10:00:00,Avengers Compound,Pym Particles,715.78,6.93,False
2015-06-13T10:00:00,Avengers Compound,Clean Water (L),2399.26,7.56,False
2015-06-13T10:00:00,Avengers Compound,Medical Kits,732.23,5.67,False
2015-06-13T11:00:00,New Asgard,Vibranium (kg),2420.67,6.45,False
2015-06-13T11:00:00,New Asgard,Arc Reactor Cores,701.33,7.74,False
2015-06-13T11:00:00,New Asgard,Pym Particles,710.9,7.09,False
2015-06-13T11:00:00,New Asgard,Clean Water (L),2395.18,7.74,False
2015-06-13T11:00:00,New Asgard,Medical Kits,728.04,5.8,False
2015-06-13T11:00:00,Wakanda,Vibranium (kg),2423.19,6.45,False
2015-06-13T11:00:00,Wakanda,Arc Reactor Cores,699.33,7.74,False
2015-06-13T11:00:00,Wakanda,Pym Particles,706.83,7.09,False
2015-06-13T11:00:00,Wakanda,Clean Water (L),2399.59,7.74,False
2015-06-13T11:00:00,Wakanda,Medical Kits,725.4,5.8,False
2015-06-13T11:00:00,Sokovia,Vibranium (kg),2421.42,6.45,False
2015-06-13T11:00:00,Sokovia,Arc Reactor Cores,700.82,7.74,False
2015-06-13T11:00:00,Sokovia,Pym Particles,709.32,7.09,False
2015-06-13T11:00:00,Sokovia,Clean Water (L),2398.24,7.74,False
2015-06-13T11:00:00,Sokovia,Medical Kits,732.6,5.8,False
2015-06-13T11:00:00,Sanctum Sanctorum,Vibranium (kg),2417.07,6.45,False
2015-06-13T11:00:00,Sanctum Sanctorum,Arc Reactor Cores,701.35,7.74,False
2015-06-13T11:00:00,Sanctum Sanctorum,Pym Particles,711.17,7.09,False
2015-06-13T11:00:00,Sanctum Sanctorum,Clean Water (L),2398.36,7.74,False
2015-06-13T11:00:00,Sanctum Sanctorum,Medical Kits,728.96,5.8,False
2015-06-13T11:00:00,Avengers Compound,Vibranium (kg),2418.74,6.45,False
2015-06-13T11:00:00,Avengers Compound,Arc Reactor Cores,702.9,7.74,False
2015-06-13T11:00:00,Avengers Compound,Pym Particles,713.53,7.09,False
2015-06-13T11:00:00,Avengers Compound,Clean Water (L),2398.83,7.74,False
2015-06-13T11:00:00,Avengers Compound,Medical Kits,731.02,5.8,False
2015-06-13T12:00:00,New Asgard,Vibranium (kg),2417.46,6.5,False
2015-06-13T12:00:00,New Asgard,Arc Reactor Cores,700.2,7.8,False
2015-06-13T12:00:00,New Asgard,Pym Particles,709.15,7.15,False
2015-06-13T12:00:00,New Asgard,Clean Water (L),2393.78,7.8,False
2015-06-13T12:00:00,New Asgard,Medical Kits,727.22,5.85,False
2015-06-13T12:00:00,Wakanda,Vibranium (kg),2421.53,6.5,False
2015-06-13T12:00:00,Wakanda,Arc Reactor Cores,697.62,7.8,False
2015-06-13T12:00:00,Wakanda,Pym Particles,705.76,7.15,False
2015-06-13T12:00:00,Wakanda,Clean Water (L),2397.26,7.8,False
2015-06-13T12:00:00,Wakanda,Medical Kits,725.38,5.85,False
2015-06-13T12:00:00,Sokovia,Vibranium (kg),2420.41,6.5,False
2015-06-13T12:00:00,Sokovia,Arc Reactor Cores,698.57,7.8,False
2015-06-13T12:00:00,Sokovia,Pym Particles,707.33,7.15,False
2015-06-13T12:00:00,Sokovia,Clean Water (L),2396.44,7.8,False
2015-06-13T12:00:00,Sokovia,Medical Kits,730.07,5.85,False
2015-06-13T12:00:00,Sanctum Sanctorum,Vibranium (kg),2415.66,6.5,False
2015-06-13T12:00:00,Sanctum Sanctorum,Arc Reactor Cores,698.11,7.8,False
2015-06-13T12:00:00,Sanctum Sanctorum,Pym Particles,710.92,7.15,False
2015-06-13T12:00:00,Sanctum Sanctorum,Clean Water (L),2396.12,7.8,False
2015-06-13T12:00:00,Sanctum Sanctorum,Medical Kits,728.79,5.85,False
2015-06-13T12:00:00,Avengers Compound,Vibranium (kg),2416.75,6.5,False
2015-06-13T12:00:00,Avengers Compound,Arc Reactor Cores,700.48,7.8,False
2015-06-13T12:00:00,Avengers Compound,Pym Particles,713.23,7.15,False
2015-06-13T12:00:00,Avengers Compound,Clean Water (L),2397.78,7.8,False
2015-06-13T12:00:00,Avengers Compound,Medical Kits,731.45,5.85,False
2015-06-13T13:00:00,New Asgard,Vibranium (kg),2415.42,6.45,False
2015-06-13T13:00:00,New Asgard,Arc Reactor Cores,699.46,7.74,False
2015-06-13T13:00:00,New Asgard,Pym Particles,706.82,7.09,False
2015-06-13T13:00:00,New Asgard,Clean Water (L),2393.0,7.74,False
2015-06-13T13:00:00,New Asgard,Medical Kits,726.38,5.8,False
2015-06-13T13:00:00,Wakanda,Vibranium (kg),2420.08,6.45,False
2015-06-13T13:00:00,Wakanda,Arc Reactor Cores,696.83,7.74,False
2015-06-13T13:00:00,Wakanda,Pym Particles,704.41,7.09,False
2015-06-13T13:00:00,Wakanda,Clean Water (L),2394.47,7.74,False
2015-06-13T13:00:00,Wakanda,Medical Kits,724.42,5.8,False
2015-06-13T13:00:00,Sokovia,Vibranium (kg),2419.54,6.45,False
2015-06-13T13:00:00,Sokovia,Arc Reactor Cores,696.65,7.74,False
2015-06-13T13:00:00,Sokovia,Pym Particles,706.39,7.09,False
2015-06-13T13:00:00,Sokovia,Clean Water (L),2395.33,7.74,False
2015-06-13T13:00:00,Sokovia,Medical Kits,728.84,5.8,False
2015-06-13T13:00:00,Sanctum Sanctorum,Vibranium (kg),2416.32,6.45,False
2015-06-13T13:00:00,Sanctum Sanctorum,Arc Reactor Cores,696.74,7.74,False
2015-06-13T13:00:00,Sanctum Sanctorum,Pym Particles,709.95,7.09,False
2015-06-13T13:00:00,Sanctum Sanctorum,Clean Water (L),2394.72,7.74,False
2015-06-13T13:00:00,Sanctum Sanctorum,Medical Kits,726.09,5.8,False
2015-06-13T13:00:00,Avengers Compound,Vibranium (kg),2416.09,6.45,False
2015-06-13T13:00:00,Avengers Compound,Arc Reactor Cores,697.99,7.74,False
2015-06-13T13:00:00,Avengers Compound,Pym Particles,711.99,7.09,False
2015-06-13T13:00:00,Avengers Compound,Clean Water (L),2395.33,7.74,False
2015-06-13T13:00:00,Avengers Compound,Medical Kits,731.45,5.8,False
2015-06-13T14:00:00,New Asgard,Vibranium (kg),2414.04,6.3,False
2015-06-13T14:00:00,New Asgard,Arc Reactor Cores,696.95,7.56,False
2015-06-13T14:00:00,New Asgard,Pym Particles,705.89,6.93,False
2015-06-13T14:00:00,New Asgard,Clean Water (L),2391.85,7.56,False
2015-06-13T14:00:00,New Asgard,Medical Kits,725.99,5.67,False
2015-06-13T14:00:00,Wakanda,Vibranium (kg),2418.41,6.3,False
2015-06-13T14:00:00,Wakanda,Arc Reactor Cores,693.88,7.56,False
2015-06-13T14:00:00,Wakanda,Pym Particles,702.2,6.93,False
2015-06-13T14:00:00,Wakanda,Clean Water (L),2392.36,7.56,False
2015-06-13T14:00:00,Wakanda,Medical Kits,723.4,5.67,False
2015-06-13T14:00:00,Sokovia,Vibranium (kg),2418.42,6.3,False
2015-06-13T14:00:00,Sokovia,Arc Reactor Cores,695.86,7.56,False
2015-06-13T14:00:00,Sokovia,Pym Particles,705.67,6.93,False
2015-06-13T14:00:00,Sokovia,Clean Water (L),2393.78,7.56,False
2015-06-13T14:00:00,Sokovia,Medical Kits,728.77,5.67,False
2015-06-13T14:00:00,Sanctum Sanctorum,Vibranium (kg),2413.92,6.3,False
2015-06-13T14:00:00,Sanctum Sanctorum,Arc Reactor Cores,694.68,7.56,False
2015-06-13T14:00:00,Sanctum Sanctorum,Pym Particles,708.48,6.93,False
2015-06-13T14:00:00,Sanctum Sanctorum,Clean Water (L),2393.27,7.56,False
2015-06-13T14:00:00,Sanctum Sanctorum,Medical Kits,725.51,5.67,False
2015-06-13T14:00:00,Avengers Compound,Vibranium (kg),2415.98,6.3,False
2015-06-13T14:00:00,Avengers Compound,Arc Reactor Cores,695.67,7.56,False
2015-06-13T14:00:00,Avengers Compound,Pym Particles,710.55,6.93,False
2015-06-13T14:00:00,Avengers Compound,Clean Water (L),2393.32,7.56,False
2015-06-13T14:00:00,Avengers Compound,Medical Kits,728.68,5.67,False
2015-06-13T15:00:00,New Asgard,Vibranium (kg),2412.96,6.06,False
2015-06-13T15:00:00,New Asgard,Arc Reactor Cores,696.46,7.27,False
2015-06-13T15:00:00,New Asgard,Pym Particles,704.44,6.67,False
2015-06-13T15:00:00,New Asgard,Clean Water (L),2390.02,7.27,False
2015-06-13T15:00:00,New Asgard,Medical Kits,726.25,5.45,False
2015-06-13T15:00:00,Wakanda,Vibranium (kg),2417.48,6.06,False
2015-06-13T15:00:00,Wakanda,Arc Reactor Cores,691.61,7.27,False
2015-06-13T15:00:00,Wakanda,Pym Particles,703.04,6.67,False
2015-06-13T15:00:00,Wakanda,Clean Water (L),2392.66,7.27,False
2015-06-13T15:00:00,Wakanda,Medical Kits,724.26,5.45,False
2015-06-13T15:00:00,Sokovia,Vibranium (kg),2416.25,6.06,False
2015-06-13T15:00:00,Sokovia,Arc Reactor Cores,694.92,7.27,False
2015-06-13T15:00:00,Sokovia,Pym Particles,705.21,6.67,False
2015-06-13T15:00:00,Sokovia,Clean Water (L),2394.17,7.27,False
2015-06-13T15:00:00,Sokovia,Medical Kits,727.88,5.45,False
2015-06-13T15:00:00,Sanctum Sanctorum,Vibranium (kg),2412.46,6.06,False
2015-06-13T15:00:00,Sanctum Sanctorum,Arc Reactor Cores,695.43,7.27,False
2015-06-13T15:00:00,Sanctum Sanctorum,Pym Particles,707.54,6.67,False
2015-06-13T15:00:00,Sanctum Sanctorum,Clean Water (L),2391.82,7.27,False
2015-06-13T15:00:00,Sanctum Sanctorum,Medical Kits,725.46,5.45,False
2015-06-13T15:00:00,Avengers Compound,Vibranium (kg),2414.18,6.06,False
2015-06-13T15:00:00,Avengers Compound,Arc Reactor Cores,693.49,7.27,False
2015-06-13T15:00:00,Avengers Compound,Pym Particles,710.27,6.67,False
2015-06-13T15:00:00,Avengers Compound,Clean Water (L),2392.53,7.27,False
2015-06-13T15:00:00,Avengers Compound,Medical Kits,728.29,5.45,False
2015-06-13T16:00:00,New Asgard,Vibranium (kg),2413.14,5.75,False
2015-06-13T16:00:00,New Asgard,Arc Reactor Cores,694.4,6.9,False
2015-06-13T16:00:00,New Asgard,Pym Particles,704.62,6.32,False
2015-06-13T16:00:00,New Asgard,Clean Water (L),2391.16,6.9,False
2015-06-13T16:00:00,New Asgard,Medical Kits,725.83,5.17,False
2015-06-13T16:00:00,Wakanda,Vibranium (kg),2415.74,5.75,False
2015-06-13T16:00:00,Wakanda,Arc Reactor Cores,690.67,6.9,False
2015-06-13T16:00:00,Wakanda,Pym Particles,703.25,6.32,False
2015-06-13T16:00:00,Wakanda,Clean Water (L),2392.44,6.9,False
2015-06-13T16:00:00,Wakanda,Medical Kits,725.23,5.17,False
2015-06-13T16:00:00,Sokovia,Vibranium (kg),2416.87,5.75,False
2015-06-13T16:00:00,Sokovia,Arc Reactor Cores,692.84,6.9,False
2015-06-13T16:00:00,Sokovia,Pym Particles,705.76,6.32,False
2015-06-13T16:00:00,Sokovia,Clean Water (L),2393.34,6.9,False
2015-06-13T16:00:00,Sokovia,Medical Kits,728.23,5.17,False
2015-06-13T16:00:00,Sanctum Sanctorum,Vibranium (kg),2411.66,5.75,False
2015-06-13T16:00:00,Sanctum Sanctorum,Arc Reactor Cores,694.3,6.9,False
2015-06-13T16:00:00,Sanctum Sanctorum,Pym Particles,707.34,6.32,False
2015-06-13T16:00:00,Sanctum Sanctorum,Clean Water (L),2390.24,6.9,False
2015-06-13T16:00:00,Sanctum Sanctorum,Medical Kits,724.84,5.17,False
2015-06-13T16:00:00,Avengers Compound,Vibranium (kg),2414.27,5.75,False
2015-06-13T16:00:00,Avengers Compound,Arc Reactor Cores,692.15,6.9,False
2015-06-13T16:00:00,Avengers Compound,Pym Particles,710.09,6.32,False
2015-06-13T16:00:00,Avengers Compound,Clean Water (L),2391.99,6.9,False
2015-06-13T16:00:00,Avengers Compound,Medical Kits,727.33,5.17,False
2015-06-13T17:00:00,New Asgard,Vibranium (kg),2413.34,5.39,False
2015-06-13T17:00:00,New Asgard,Arc Reactor Cores,695.2,6.47,False
2015-06-13T17:00:00,New Asgard,Pym Particles,705.15,5.93,False
2015-06-13T17:00:00,New Asgard,Clean Water (L),2391.98,6.47,False
2015-06-13T17:00:00,New Asgard,Medical Kits,724.95,4.85,False
2015-06-13T17:00:00,Wakanda,Vibranium (kg),2415.59,5.39,False
2015-06-13T17:00:00,Wakanda,Arc Reactor Cores,691.63,6.47,False
2015-06-13T17:00:00,Wakanda,Pym Particles,703.04,5.93,False
2015-06-13T17:00:00,Wakanda,Clean Water (L),2392.38,6.47,False
2015-06-13T17:00:00,Wakanda,Medical Kits,726.65,4.85,False
2015-06-13T17:00:00,Sokovia,Vibranium (kg),2416.76,5.39,False
2015-06-13T17:00:00,Sokovia,Arc Reactor Cores,691.58,6.47,False
2015-06-13T17:00:00,Sokovia,Pym Particles,705.57,5.93,False
2015-06-13T17:00:00,Sokovia,Clean Water (L),2392.67,6.47,False
2015-06-13T17:00:00,Sokovia,Medical Kits,726.4,4.85,False
2015-06-13T17:00:00,Sanctum Sanctorum,Vibranium (kg),2412.42,5.39,False
2015-06-13T17:00:00,Sanctum Sanctorum,Arc Reactor Cores,694.15,6.47,False
2015-06-13T17:00:00,Sanctum Sanctorum,Pym Particles,707.01,5.93,False
2015-06-13T17:00:00,Sanctum Sanctorum,Clean Water (L),2389.39,6.47,False
2015-06-13T17:00:00,Sanctum Sanctorum,Medical Kits,724.87,4.85,False
2015-06-13T17:00:00,Avengers Compound,Vibranium (kg),2413.6,5.39,False
2015-06-13T17:00:00,Avengers Compound,Arc Reactor Cores,692.79,6.47,False
2015-06-13T17:00:00,Avengers Compound,Pym Particles,711.09,5.93,False
2015-06-13T17:00:00,Avengers Compound,Clean Water (L),2392.98,6.47,False
2015-06-13T17:00:00,Avengers Compound,Medical Kits,727.89,4.85,False
2015-06-13T18:00:00,New Asgard,Vibranium (kg),2414.51,5.0,False
2015-06-13T18:00:00,New Asgard,Arc Reactor Cores,696.39,6.0,False
2015-06-13T18:00:00,New Asgard,Pym Particles,706.25,5.5,False
2015-06-13T18:00:00,New Asgard,Clean Water (L),2391.71,6.0,False
2015-06-13T18:00:00,New Asgard,Medical Kits,726.09,4.5,False
2015-06-13T18:00:00,Wakanda,Vibranium (kg),2415.24,5.0,False
2015-06-13T18:00:00,Wakanda,Arc Reactor Cores,691.59,6.0,False
2015-06-13T18:00:00,Wakanda,Pym Particles,703.83,5.5,False
2015-06-13T18:00:00,Wakanda,Clean Water (L),2392.46,6.0,False
2015-06-13T18:00:00,Wakanda,Medical Kits,726.38,4.5,False
2015-06-13T18:00:00,Sokovia,Vibranium (kg),2416.75,5.0,False
2015-06-13T18:00:00,Sokovia,Arc Reactor Cores,690.74,6.0,False
2015-06-13T18:00:00,Sokovia,Pym Particles,706.18,5.5,False
2015-06-13T18:00:00,Sokovia,Clean Water (L),2393.93,6.0,False
2015-06-13T18:00:00,Sokovia,Medical Kits,725.63,4.5,False
2015-06-13T18:00:00,Sanctum Sanctorum,Vibranium (kg),2413.56,5.0,False
2015-06-13T18:00:00,Sanctum Sanctorum,Arc Reactor Cores,694.97,6.0,False
2015-06-13T18:00:00,Sanctum Sanctorum,Pym Particles,706.27,5.5,False
2015-06-13T18:00:00,Sanctum Sanctorum,Clean Water (L),2389.55,6.0,False
2015-06-13T18:00:00,Sanctum Sanctorum,Medical Kits,725.04,4.5,False
2015-06-13T18:00:00,Avengers Compound,Vibranium (kg),2414.67,5.0,False
2015-06-13T18:00:00,Avengers Compound,Arc Reactor Cores,694.77,6.0,False
2015-06-13T18:00:00,Avengers Compound,Pym Particles,709.95,5.5,False
2015-06-13T18:00:00,Avengers Compound,Clean Water (L),2394.85,6.0,False
2015-06-13T18:00:00,Avengers Compound,Medical Kits,728.25,4.5,False
2015-06-13T19:00:00,New Asgard,Vibranium (kg),2415.03,4.61,False
2015-06-13T19:00:00,New Asgard,Arc Reactor Cores,698.01,5.53,False
2015-06-13T19:00:00,New Asgard,Pym Particles,707.27,5.07,False
2015-06-13T19:00:00,New Asgard,Clean Water (L),2394.12,5.53,False
2015-06-13T19:00:00,New Asgard,Medical Kits,726.58,4.15,False
2015-06-13T19:00:00,Wakanda,Vibranium (kg),2417.07,4.61,False
2015-06-13T19:00:00,Wakanda,Arc Reactor Cores,691.59,5.53,False
2015-06-13T19:00:00,Wakanda,Pym Particles,704.75,5.07,False
2015-06-13T19:00:00,Wakanda,Clean Water (L),2394.04,5.53,False
2015-06-13T19:00:00,Wakanda,Medical Kits,725.4,4.15,False
2015-06-13T19:00:00,Sokovia,Vibranium (kg),2418.8,4.61,False
2015-06-13T19:00:00,Sokovia,Arc Reactor Cores,690.88,5.53,False
2015-06-13T19:00:00,Sokovia,Pym Particles,706.9,5.07,False
2015-06-13T19:00:00,Sokovia,Clean Water (L),2394.43,5.53,False
2015-06-13T19:00:00,Sokovia,Medical Kits,726.39,4.15,False
2015-06-13T19:00:00,Sanctum Sanctorum,Vibranium (kg),2413.34,4.61,False
2015-06-13T19:00:00,Sanctum Sanctorum,Arc Reactor Cores,696.06,5.53,False
2015-06-13T19:00:00,Sanctum Sanctorum,Pym Particles,707.47,5.07,False
2015-06-13T19:00:00,Sanctum Sanctorum,Clean Water (L),2391.99,5.53,False
2015-06-13T19:00:00,Sanctum Sanctorum,Medical Kits,724.2,4.15,False
2015-06-13T19:00:00,Avengers Compound,Vibranium (kg),2415.17,4.61,False
2015-06-13T19:00:00,Avengers Compound,Arc Reactor Cores,695.52,5.53,False
2015-06-13T19:00:00,Avengers Compound,Pym Particles,709.34,5.07,False
2015-06-13T19:00:00,Avengers Compound,Clean Water (L),2395.88,5.53,False
2015-06-13T19:00:00,Avengers Compound,Medical Kits,729.55,4.15,False
2015-06-13T20:00:00,New Asgard,Vibranium (kg),2417.1,4.25,False
2015-06-13T20:00:00,New Asgard,Arc Reactor Cores,698.7,5.1,False
2015-06-13T20:00:00,New Asgard,Pym Particles,709.35,4.68,False
2015-06-13T20:00:00,New Asgard,Clean Water (L),2394.0,5.1,False
2015-06-13T20:00:00,New Asgard,Medical Kits,728.44,3.83,False
2015-06-13T20:00:00,Wakanda,Vibranium (kg),2418.26,4.25,False
2015-06-13T20:00:00,Wakanda,Arc Reactor Cores,693.03,5.1,False
2015-06-13T20:00:00,Wakanda,Pym Particles,705.48,4.68,False
2015-06-13T20:00:00,Wakanda,Clean Water (L),2395.26,5.1,False
2015-06-13T20:00:00,Wakanda,Medical Kits,726.33,3.83,False
2015-06-13T20:00:00,Sokovia,Vibranium (kg),2419.49,4.25,False
2015-06-13T20:00:00,Sokovia,Arc Reactor Cores,691.28,5.1,False
2015-06-13T20:00:00,Sokovia,Pym Particles,708.35,4.68,False
2015-06-13T20:00:00,Sokovia,Clean Water (L),2395.72,5.1,False
2015-06-13T20:00:00,Sokovia,Medical Kits,726.49,3.83,False
2015-06-13T20:00:00,Sanctum Sanctorum,Vibranium (kg),2415.38,4.25,False
2015-06-13T20:00:00,Sanctum Sanctorum,Arc Reactor Cores,697.71,5.1,False
2015-06-13T20:00:00,Sanctum Sanctorum,Pym Particles,708.93,4.68,False
2015-06-13T20:00:00,Sanctum Sanctorum,Clean Water (L),2392.64,5.1,False
2015-06-13T20:00:00,Sanctum Sanctorum,Medical Kits,726.12,3.83,False
2015-06-13T20:00:00,Avengers Compound,Vibranium (kg),2416.81,4.25,False
2015-06-13T20:00:00,Avengers Compound,Arc Reactor Cores,696.59,5.1,False
2015-06-13T20:00:00,Avengers Compound,Pym Particles,710.22,4.68,False
2015-06-13T20:00:00,Avengers Compound,Clean Water (L),2397.65,5.1,False
2015-06-13T20:00:00,Avengers Compound,Medical Kits,731.76,3.83,False
2015-06-13T21:00:00,New Asgard,Vibranium (kg),2418.74,3.94,False
2015-06-13T21:00:00,New Asgard,Arc Reactor Cores,699.85,4.73,False
2015-06-13T21:00:00,New Asgard,Pym Particles,709.41,4.33,False
2015-06-13T21:00:00,New Asgard,Clean Water (L),2396.54,4.73,False
2015-06-13T21:00:00,New Asgard,Medical Kits,730.0,3.55,False
2015-06-13T21:00:00,Wakanda,Vibranium (kg),2419.6,3.94,False
2015-06-13T21:00:00,Wakanda,Arc Reactor Cores,694.74,4.73,False
2015-06-13T21:00:00,Wakanda,Pym Particles,707.83,4.33,False
2015-06-13T21:00:00,Wakanda,Clean Water (L),2396.69,4.73,False
2015-06-13T21:00:00,Wakanda,Medical Kits,727.26,3.55,False
2015-06-13T21:00:00,Sokovia,Vibranium (kg),2420.35,3.94,False
2015-06-13T21:00:00,Sokovia,Arc Reactor Cores,692.76,4.73,False
2015-06-13T21:00:00,Sokovia,Pym Particles,710.13,4.33,False
2015-06-13T21:00:00,Sokovia,Clean Water (L),2396.06,4.73,False
2015-06-13T21:00:00,Sokovia,Medical Kits,727.81,3.55,False
2015-06-13T21:00:00,Sanctum Sanctorum,Vibranium (kg),2417.4,3.94,False
2015-06-13T21:00:00,Sanctum Sanctorum,Arc Reactor Cores,699.19,4.73,False
2015-06-13T21:00:00,Sanctum Sanctorum,Pym Particles,710.74,4.33,False
2015-06-13T21:00:00,Sanctum Sanctorum,Clean Water (L),2394.31,4.73,False
2015-06-13T21:00:00,Sanctum Sanctorum,Medical Kits,727.64,3.55,False
2015-06-13T21:00:00,Avengers Compound,Vibranium (kg),2418.58,3.94,False
2015-06-13T21:00:00,Avengers Compound,Arc Reactor Cores,698.38,4.73,False
2015-06-13T21:00:00,Avengers Compound,Pym Particles,711.4,4.33,False
2015-06-13T21:00:00,Avengers Compound,Clean Water (L),2399.9,4.73,False
2015-06-13T21:00:00,Avengers Compound,Medical Kits,731.98,3.55,False
2015-06-13T22:00:00,New Asgard,Vibranium (kg),2418.65,3.7,False
2015-06-13T22:00:00,New Asgard,Arc Reactor Cores,699.72,4.44,False
2015-06-13T22:00:00,New Asgard,Pym Particles,710.86,4.07,False
2015-06-13T22:00:00,New Asgard,Clean Water (L),2399.74,4.44,False
2015-06-13T22:00:00,New Asgard,Medical Kits,731.41,3.33,False
2015-06-13T22:00:00,Wakanda,Vibranium (kg),2421.26,3.7,False
2015-06-13T22:00:00,Wakanda,Arc Reactor Cores,695.74,4.44,False
2015-06-13T22:00:00,Wakanda,Pym Particles,711.23,4.07,False
2015-06-13T22:00:00,Wakanda,Clean Water (L),2399.14,4.44,False
2015-06-13T22:00:00,Wakanda,Medical Kits,727.39,3.33,False
2015-06-13T22:00:00,Sokovia,Vibranium (kg),2421.44,3.7,False
2015-06-13T22:00:00,Sokovia,Arc Reactor Cores,695.08,4.44,False
2015-06-13T22:00:00,Sokovia,Pym Particles,712.32,4.07,False
2015-06-13T22:00:00,Sokovia,Clean Water (L),2397.02,4.44,False
2015-06-13T22:00:00,Sokovia,Medical Kits,730.21,3.33,False
2015-06-13T22:00:00,Sanctum Sanctorum,Vibranium (kg),2418.33,3.7,False
2015-06-13T22:00:00,Sanctum Sanctorum,Arc Reactor Cores,700.27,4.44,False
2015-06-13T22:00:00,Sanctum Sanctorum,Pym Particles,713.89,4.07,False
2015-06-13T22:00:00,Sanctum Sanctorum,Clean Water (L),2397.78,4.44,False
2015-06-13T22:00:00,Sanctum Sanctorum,Medical Kits,728.06,3.33,False
2015-06-13T22:00:00,Avengers Compound,Vibranium (kg),2420.13,3.7,False
2015-06-13T22:00:00,Avengers Compound,Arc Reactor Cores,701.09,4.44,False
2015-06-13T22:00:00,Avengers Compound,Pym Particles,711.57,4.07,False
2015-06-13T22:00:00,Avengers Compound,Clean Water (L),2403.29,4.44,False
2015-06-13T22:00:00,Avengers Compound,Medical Kits,733.24,3.33,False
2015-06-13T23:00:00,New Asgard,Vibranium (kg),2420.97,3.55,False
2015-06-13T23:00:00,New Asgard,Arc Reactor Cores,699.84,4.26,False
2015-06-13T23:00:00,New Asgard,Pym Particles,711.52,3.91,False
2015-06-13T23:00:00,New Asgard,Clean Water (L),2402.57,4.26,False
2015-06-13T23:00:00,New Asgard,Medical Kits,731.52,3.2,False
2015-06-13T23:00:00,Wakanda,Vibranium (kg),2424.22,3.55,False
2015-06-13T23:00:00,Wakanda,Arc Reactor Cores,697.91,4.26,False
2015-06-13T23:00:00,Wakanda,Pym Particles,713.77,3.91,False
2015-06-13T23:00:00,Wakanda,Clean Water (L),2400.47,4.26,False
2015-06-13T23:00:00,Wakanda,Medical Kits,728.74,3.2,False
2015-06-13T23:00:00,Sokovia,Vibranium (kg),2422.68,3.55,False
2015-06-13T23:00:00,Sokovia,Arc Reactor Cores,697.58,4.26,False
2015-06-13T23:00:00,Sokovia,Pym Particles,713.95,3.91,False
2015-06-13T23:00:00,Sokovia,Clean Water (L),2397.87,4.26,False
2015-06-13T23:00:00,Sokovia,Medical Kits,731.64,3.2,False
2015-06-13T23:00:00,Sanctum Sanctorum,Vibranium (kg),2417.99,3.55,False
2015-06-13T23:00:00,Sanctum Sanctorum,Arc Reactor Cores,702.21,4.26,False
2015-06-13T23:00:00,Sanctum Sanctorum,Pym Particles,715.83,3.91,False
2015-06-13T23:00:00,Sanctum Sanctorum,Clean Water (L),2399.07,4.26,False
2015-06-13T23:00:00,Sanctum Sanctorum,Medical Kits,729.62,3.2,False
2015-06-13T23:00:00,Avengers Compound,Vibranium (kg),2421.91,3.55,False
2015-06-13T23:00:00,Avengers Compound,Arc Reactor Cores,703.11,4.26,False
2015-06-13T23:00:00,Avengers Compound,Pym Particles,713.89,3.91,False
2015-06-13T23:00:00,Avengers Compound,Clean Water (L),2405.06,4.26,False
2015-06-13T23:00:00,Avengers Compound,Medical Kits,734.78,3.2,False
2015-06-14T00:00:00,New Asgard,Vibranium (kg),2422.05,3.5,False
2015-06-14T00:00:00,New Asgard,Arc Reactor Cores,702.38,4.2,False
2015-06-14T00:00:00,New Asgard,Pym Particles,713.95,3.85,False
2015-06-14T00:00:00,New Asgard,Clean Water (L),2404.01,4.2,False
2015-06-14T00:00:00,New Asgard,Medical Kits,732.95,3.15,False
2015-06-14T00:00:00,Wakanda,Vibranium (kg),2425.03,3.5,False
2015-06-14T00:00:00,Wakanda,Arc Reactor Cores,700.01,4.2,False
2015-06-14T00:00:00,Wakanda,Pym Particles,715.23,3.85,False
2015-06-14T00:00:00,Wakanda,Clean Water (L),2403.27,4.2,False
2015-06-14T00:00:00,Wakanda,Medical Kits,728.71,3.15,False
2015-06-14T00:00:00,Sokovia,Vibranium (kg),2423.65,3.5,False
2015-06-14T00:00:00,Sokovia,Arc Reactor Cores,699.49,4.2,False
2015-06-14T00:00:00,Sokovia,Pym Particles,715.16,3.85,False
2015-06-14T00:00:00,Sokovia,Clean Water (L),2399.0,4.2,False
2015-06-14T00:00:00,Sokovia,Medical Kits,732.11,3.15,False
2015-06-14T00:00:00,Sanctum Sanctorum,Vibranium (kg),2419.74,3.5,False
2015-06-14T00:00:00,Sanctum Sanctorum,Arc Reactor Cores,704.85,4.2,False
2015-06-14T00:00:00,Sanctum Sanctorum,Pym Particles,716.25,3.85,False
2015-06-14T00:00:00,Sanctum Sanctorum,Clean Water (L),2400.02,4.2,False
2015-06-14T00:00:00,Sanctum Sanctorum,Medical Kits,731.15,3.15,False
2015-06-14T00:00:00,Avengers Compound,Vibranium (kg),2424.91,3.5,False
2015-06-14T00:00:00,Avengers Compound,Arc Reactor Cores,703.99,4.2,False
2015-06-14T00:00:00,Avengers Compound,Pym Particles,716.85,3.85,False
2015-06-14T00:00:00,Avengers Compound,Clean Water (L),2407.04,4.2,False
2015-06-14T00:00:00,Avengers Compound,Medical Kits,734.31,3.15,False
2015-06-14T01:00:00,New Asgard,Vibranium (kg),2423.29,3.55,False
2015-06-14T01:00:00,New Asgard,Arc Reactor Cores,702.37,4.26,False
2015-06-14T01:00:00,New Asgard,Pym Particles,716.37,3.91,False
2015-06-14T01:00:00,New Asgard,Clean Water (L),2405.56,4.26,False
2015-06-14T01:00:00,New Asgard,Medical Kits,734.68,3.2,False
2015-06-14T01:00:00,Wakanda,Vibranium (kg),2425.96,3.55,False
2015-06-14T01:00:00,Wakanda,Arc Reactor Cores,701.32,4.26,False
2015-06-14T01:00:00,Wakanda,Pym Particles,717.44,3.91,False
2015-06-14T01:00:00,Wakanda,Clean Water (L),2403.47,4.26,False
2015-06-14T01:00:00,Wakanda,Medical Kits,728.97,3.2,False
2015-06-14T01:00:00,Sokovia,Vibranium (kg),2424.43,3.55,False
2015-06-14T01:00:00,Sokovia,Arc Reactor Cores,702.14,4.26,False
2015-06-14T01:00:00,Sokovia,Pym Particles,715.47,3.91,False
2015-06-14T01:00:00,Sokovia,Clean Water (L),2400.63,4.26,False
2015-06-14T01:00:00,Sokovia,Medical Kits,732.19,3.2,False
2015-06-14T01:00:00,Sanctum Sanctorum,Vibranium (kg),2420.12,3.55,False
2015-06-14T01:00:00,Sanctum Sanctorum,Arc Reactor Cores,706.66,4.26,False
2015-06-14T01:00:00,Sanctum Sanctorum,Pym Particles,718.49,3.91,False
2015-06-14T01:00:00,Sanctum Sanctorum,Clean Water (L),2401.27,4.26,False
2015-06-14T01:00:00,Sanctum Sanctorum,Medical Kits,732.72,3.2,False
2015-06-14T01:00:00,Avengers Compound,Vibranium (kg),2426.29,3.55,False
2015-06-14T01:00:00,Avengers Compound,Arc Reactor Cores,705.68,4.26,False
2015-06-14T01:00:00,Avengers Compound,Pym Particles,719.95,3.91,False
2015-06-14T01:00:00,Avengers Compound,Clean Water (L),2408.29,4.26,False
2015-06-14T01:00:00,Avengers Compound,Medical Kits,734.7,3.2,False
2015-06-14T02:00:00,New Asgard,Vibranium (kg),2423.17,3.7,False
2015-06-14T02:00:00,New Asgard,Arc Reactor Cores,705.43,4.44,False
2015-06-14T02:00:00,New Asgard,Pym Particles,717.14,4.07,False
2015-06-14T02:00:00,New Asgard,Clean Water (L),2407.33,4.44,False
2015-06-14T02:00:00,New Asgard,Medical Kits,735.81,3.33,False
2015-06-14T02:00:00,Wakanda,Vibranium (kg),2426.34,3.7,False
2015-06-14T02:00:00,Wakanda,Arc Reactor Cores,703.36,4.44,False
2015-06-14T02:00:00,Wakanda,Pym Particles,719.81,4.07,False
2015-06-14T02:00:00,Wakanda,Clean Water (L),2404.31,4.44,False
2015-06-14T02:00:00,Wakanda,Medical Kits,731.26,3.33,False
2015-06-14T02:00:00,Sokovia,Vibranium (kg),2425.66,3.7,False
2015-06-14T02:00:00,Sokovia,Arc Reactor Cores,703.95,4.44,False
2015-06-14T02:00:00,Sokovia,Pym Particles,717.24,4.07,False
2015-06-14T02:00:00,Sokovia,Clean Water (L),2403.45,4.44,False
2015-06-14T02:00:00,Sokovia,Medical Kits,733.77,3.33,False
2015-06-14T02:00:00,Sanctum Sanctorum,Vibranium (kg),2421.64,3.7,False
2015-06-14T02:00:00,Sanctum Sanctorum,Arc Reactor Cores,707.97,4.44,False
2015-06-14T02:00:00,Sanctum Sanctorum,Pym Particles,719.52,4.07,False
2015-06-14T02:00:00,Sanctum Sanctorum,Clean Water (L),2404.16,4.44,False
2015-06-14T02:00:00,Sanctum Sanctorum,Medical Kits,733.6,3.33,False
2015-06-14T02:00:00,Avengers Compound,Vibranium (kg),2426.87,3.7,False
2015-06-14T02:00:00,Avengers Compound,Arc Reactor Cores,707.01,4.44,False
2015-06-14T02:00:00,Avengers Compound,Pym Particles,721.36,4.07,False
2015-06-14T02:00:00,Avengers Compound,Clean Water (L),2409.74,4.44,False
2015-06-14T02:00:00,Avengers Compound,Medical Kits,736.02,3.33,False
2015-06-14T03:00:00,New Asgard,Vibranium (kg),2424.2,3.94,False
2015-06-14T03:00:00,New Asgard,Arc Reactor Cores,705.83,4.73,False
2015-06-14T03:00:00,New Asgard,Pym Particles,717.51,4.33,False
2015-06-14T03:00:00,New Asgard,Clean Water (L),2406.52,4.73,False
2015-06-14T03:00:00,New Asgard,Medical Kits,735.05,3.55,False
2015-06-14T03:00:00,Wakanda,Vibranium (kg),2427.02,3.94,False
2015-06-14T03:00:00,Wakanda,Arc Reactor Cores,706.24,4.73,False
2015-06-14T03:00:00,Wakanda,Pym Particles,719.68,4.33,False
2015-06-14T03:00:00,Wakanda,Clean Water (L),2406.44,4.73,False
2015-06-14T03:00:00,Wakanda,Medical Kits,730.8,3.55,False
2015-06-14T03:00:00,Sokovia,Vibranium (kg),2426.12,3.94,False
2015-06-14T03:00:00,Sokovia,Arc Reactor Cores,704.22,4.73,False
2015-06-14T03:00:00,Sokovia,Pym Particles,719.4,4.33,False
2015-06-14T03:00:00,Sokovia,Clean Water (L),2403.76,4.73,False
2015-06-14T03:00:00,Sokovia,Medical Kits,735.27,3.55,False
2015-06-14T03:00:00,Sanctum Sanctorum,Vibranium (kg),2423.41,3.94,False
2015-06-14T03:00:00,Sanctum Sanctorum,Arc Reactor Cores,707.6,4.73,False
2015-06-14T03:00:00,Sanctum Sanctorum,Pym Particles,720.01,4.33,False
2015-06-14T03:00:00,Sanctum Sanctorum,Clean Water (L),2405.65,4.73,False
2015-06-14T03:00:00,Sanctum Sanctorum,Medical Kits,733.72,3.55,False
2015-06-14T03:00:00,Avengers Compound,Vibranium (kg),2427.56,3.94,False
2015-06-14T03:00:00,Avengers Compound,Arc Reactor Cores,706.96,4.73,False
2015-06-14T03:00:00,Avengers Compound,Pym Particles,721.1,4.33,False
2015-06-14T03:00:00,Avengers Compound,Clean Water (L),2409.97,4.73,False
2015-06-14T03:00:00,Avengers Compound,Medical Kits,736.59,3.55,False
2015-06-14T04:00:00,New Asgard,Vibranium (kg),2423.7,4.25,False
2015-06-14T04:00:00,New Asgard,Arc Reactor Cores,706.98,5.1,False
2015-06-14T04:00:00,New Asgard,Pym Particles,718.07,4.68,False
2015-06-14T04:00:00,New Asgard,Clean Water (L),2407.42,5.1,False
2015-06-14T04:00:00,New Asgard,Medical Kits,736.17,3.83,False
2015-06-14T04:00:00,Wakanda,Vibranium (kg),2428.2,4.25,False
2015-06-14T04:00:00,Wakanda,Arc Reactor Cores,705.82,5.1,False
2015-06-14T04:00:00,Wakanda,Pym Particles,719.76,4.68,False
2015-06-14T04:00:00,Wakanda,Clean Water (L),2406.9,5.1,False
2015-06-14T04:00:00,Wakanda,Medical Kits,732.31,3.83,False
2015-06-14T04:00:00,Sokovia,Vibranium (kg),2427.36,4.25,False
2015-06-14T04:00:00,Sokovia,Arc Reactor Cores,705.36,5.1,False
2015-06-14T04:00:00,Sokovia,Pym Particles,717.9,4.68,False
2015-06-14T04:00:00,Sokovia,Clean Water (L),2404.4,5.1,False
2015-06-14T04:00:00,Sokovia,Medical Kits,735.73,3.83,False
2015-06-14T04:00:00,Sanctum Sanctorum,Vibranium (kg),2425.28,4.25,False
2015-06-14T04:00:00,Sanctum Sanctorum,Arc Reactor Cores,707.68,5.1,False
2015-06-14T04:00:00,Sanctum Sanctorum,Pym Particles,720.26,4.68,False
2015-06-14T04:00:00,Sanctum Sanctorum,Clean Water (L),2405.17,5.1,False
2015-06-14T04:00:00,Sanctum Sanctorum,Medical Kits,735.16,3.83,False
2015-06-14T04:00:00,Avengers Compound,Vibranium (kg),2427.74,4.25,False
2015-06-14T04:00:00,Avengers Compound,Arc Reactor Cores,707.68,5.1,False
2015-06-14T04:00:00,Avengers Compound,Pym Particles,722.24,4.68,False
2015-06-14T04:00:00,Avengers Compound,Clean Water (L),2410.48,5.1,False
2015-06-14T04:00:00,Avengers Compound,Medical Kits,737.45,3.83,False
2015-06-14T05:00:00,New Asgard,Vibranium (kg),2423.41,4.61,False
2015-06-14T05:00:00,New Asgard,Arc Reactor Cores,706.51,5.53,False
2015-06-14T05:00:00,New Asgard,Pym Particles,717.61,5.07,False
2015-06-14T05:00:00,New Asgard,Clean Water (L),2407.53,5.53,False
2015-06-14T05:00:00,New Asgard,Medical Kits,737.24,4.15,False
2015-06-14T05:00:00,Wakanda,Vibranium (kg),2428.55,4.61,False
2015-06-14T05:00:00,Wakanda,Arc Reactor Cores,704.25,5.53,False
2015-06-14T05:00:00,Wakanda,Pym Particles,718.79,5.07,False
2015-06-14T05:00:00,Wakanda,Clean Water (L),2405.41,5.53,False
2015-06-14T05:00:00,Wakanda,Medical Kits,732.63,4.15,False
2015-06-14T05:00:00,Sokovia,Vibranium (kg),2426.96,4.61,False
2015-06-14T05:00:00,Sokovia,Arc Reactor Cores,704.8,5.53,False
2015-06-14T05:00:00,Sokovia,Pym Particles,717.52,5.07,False
2015-06-14T05:00:00,Sokovia,Clean Water (L),2405.73,5.53,False
2015-06-14T05:00:00,Sokovia,Medical Kits,736.4,4.15,False
2015-06-14T05:00:00,Sanctum Sanctorum,Vibranium (kg),2425.38,4.61,False
2015-06-14T05:00:00,Sanctum Sanctorum,Arc Reactor Cores,708.18,5.53,False
2015-06-14T05:00:00,Sanctum Sanctorum,Pym Particles,720.97,5.07,False
2015-06-14T05:00:00,Sanctum Sanctorum,Clean Water (L),2405.61,5.53,False
2015-06-14T05:00:00,Sanctum Sanctorum,Medical Kits,734.98,4.15,False
2015-06-14T05:00:00,Avengers Compound,Vibranium (kg),2427.47,4.61,False
2015-06-14T05:00:00,Avengers Compound,Arc Reactor Cores,709.05,5.53,False
2015-06-14T05:00:00,Avengers Compound,Pym Particles,722.95,5.07,False
2015-06-14T05:00:00,Avengers Compound,Clean Water (L),2412.35,5.53,False
2015-06-14T05:00:00,Avengers Compound,Medical Kits,738.03,4.15,False
2015-06-14T06:00:00,New Asgard,Vibranium (kg),2422.11,5.0,False
2015-06-14T06:00:00,New Asgard,Arc Reactor Cores,705.71,6.0,False
2015-06-14T06:00:00,New Asgard,Pym Particles,717.33,5.5,False
2015-06-14T06:00:00,New Asgard,Clean Water (L),2408.14,6.0,False
2015-06-14T06:00:00,New Asgard,Medical Kits,736.97,4.5,False
2015-06-14T06:00:00,Wakanda,Vibranium (kg),2429.31,5.0,False
2015-06-14T06:00:00,Wakanda,Arc Reactor Cores,703.48,6.0,False
2015-06-14T06:00:00,Wakanda,Pym Particles,718.45,5.5,False
2015-06-14T06:00:00,Wakanda,Clean Water (L),2405.55,6.0,False
2015-06-14T06:00:00,Wakanda,Medical Kits,733.09,4.5,False
2015-06-14T06:00:00,Sokovia,Vibranium (kg),2426.77,5.0,False
2015-06-14T06:00:00,Sokovia,Arc Reactor Cores,704.8,6.0,False
2015-06-14T06:00:00,Sokovia,Pym Particles,719.06,5.5,False
2015-06-14T06:00:00,Sokovia,Clean Water (L),2404.8,6.0,False
2015-06-14T06:00:00,Sokovia,Medical Kits,736.46,4.5,False
2015-06-14T06:00:00,Sanctum Sanctorum,Vibranium (kg),2424.17,5.0,False
2015-06-14T06:00:00,Sanctum Sanctorum,Arc Reactor Cores,707.15,6.0,False
2015-06-14T06:00:00,Sanctum Sanctorum,Pym Particles,721.9,5.5,False
2015-06-14T06:00:00,Sanctum Sanctorum,Clean Water (L),2405.95,6.0,False
2015-06-14T06:00:00,Sanctum Sanctorum,Medical Kits,733.67,4.5,False
2015-06-14T06:00:00,Avengers Compound,Vibranium (kg),2426.85,5.0,False
2015-06-14T06:00:00,Avengers Compound,Arc Reactor Cores,707.66,6.0,False
2015-06-14T06:00:00,Avengers Compound,Pym Particles,722.5,5.5,False
2015-06-14T06:00:00,Avengers Compound,Clean Water (L),2411.15,6.0,False
2015-06-14T06:00:00,Avengers Compound,Medical Kits,738.81,4.5,False
2015-06-14T07:00:00,New Asgard,Vibranium (kg),2421.02,5.39,False
2015-06-14T07:00:00,New Asgard,Arc Reactor Cores,704.01,6.47,False
2015-06-14T07:00:00,New Asgard,Pym Particles,717.22,5.93,False
2015-06-14T07:00:00,New Asgard,Clean Water (L),2406.58,6.47,False
2015-06-14T07:00:00,New Asgard,Medical Kits,735.15,4.85,False
2015-06-14T07:00:00,Wakanda,Vibranium (kg),2429.63,5.39,False
2015-06-14T07:00:00,Wakanda,Arc Reactor Cores,702.48,6.47,False
2015-06-14T07:00:00,Wakanda,Pym Particles,716.77,5.93,False
2015-06-14T07:00:00,Wakanda,Clean Water (L),2405.28,6.47,False
2015-06-14T07:00:00,Wakanda,Medical Kits,733.86,4.85,False
2015-06-14T07:00:00,Sokovia,Vibranium (kg),2425.66,5.39,False
2015-06-14T07:00:00,Sokovia,Arc Reactor Cores,703.78,6.47,False
2015-06-14T07:00:00,Sokovia,Pym Particles,717.67,5.93,False
2015-06-14T07:00:00,Sokovia,Clean Water (L),2402.84,6.47,False
2015-06-14T07:00:00,Sokovia,Medical Kits,736.51,4.85,False
2015-06-14T07:00:00,Sanctum Sanctorum,Vibranium (kg),2424.28,5.39,False
2015-06-14T07:00:00,Sanctum Sanctorum,Arc Reactor Cores,706.14,6.47,False
2015-06-14T07:00:00,Sanctum Sanctorum,Pym Particles,720.1,5.93,False
2015-06-14T07:00:00,Sanctum Sanctorum,Clean Water (L),2405.77,6.47,False
2015-06-14T07:00:00,Sanctum Sanctorum,Medical Kits,732.28,4.85,False
2015-06-14T07:00:00,Avengers Compound,Vibranium (kg),2425.95,5.39,False
2015-06-14T07:00:00,Avengers Compound,Arc Reactor Cores,706.75,6.47,False
2015-06-14T07:00:00,Avengers Compound,Pym Particles,719.81,5.93,False
2015-06-14T07:00:00,Avengers Compound,Clean Water (L),2410.75,6.47,False
2015-06-14T07:00:00,Avengers Compound,Medical Kits,739.9,4.85,False
2015-06-14T08:00:00,New Asgard,Vibranium (kg),2418.49,5.75,False
2015-06-14T08:00:00,New Asgard,Arc Reactor Cores,703.18,6.9,False
2015-06-14T08:00:00,New Asgard,Pym Particles,717.37,6.32,False
2015-06-14T08:00:00,New Asgard,Clean Water (L),2405.99,6.9,False
2015-06-14T08:00:00,New Asgard,Medical Kits,734.87,5.17,False
2015-06-14T08:00:00,Wakanda,Vibranium (kg),2429.48,5.75,False
2015-06-14T08:00:00,Wakanda,Arc Reactor Cores,700.71,6.9,False
2015-06-14T08:00:00,Wakanda,Pym Particles,714.32,6.32,False
2015-06-14T08:00:00,Wakanda,Clean Water (L),2404.74,6.9,False
2015-06-14T08:00:00,Wakanda,Medical Kits,732.0,5.17,False
2015-06-14T08:00:00,Sokovia,Vibranium (kg),2424.39,5.75,False
2015-06-14T08:00:00,Sokovia,Arc Reactor Cores,702.76,6.9,False
2015-06-14T08:00:00,Sokovia,Pym Particles,716.67,6.32,False
2015-06-14T08:00:00,Sokovia,Clean Water (L),2401.95,6.9,False
2015-06-14T08:00:00,Sokovia,Medical Kits,735.64,5.17,False
2015-06-14T08:00:00,Sanctum Sanctorum,Vibranium (kg),2422.42,5.75,False
2015-06-14T08:00:00,Sanctum Sanctorum,Arc Reactor Cores,705.37,6.9,False
2015-06-14T08:00:00,Sanctum Sanctorum,Pym Particles,718.49,6.32,False
2015-06-14T08:00:00,Sanctum Sanctorum,Clean Water (L),2406.09,6.9,False
2015-06-14T08:00:00,Sanctum Sanctorum,Medical Kits,730.82,5.17,False
2015-06-14T08:00:00,Avengers Compound,Vibranium (kg),2425.19,5.75,False
2015-06-14T08:00:00,Avengers Compound,Arc Reactor Cores,705.77,6.9,False
2015-06-14T08:00:00,Avengers Compound,Pym Particles,720.17,6.32,False
2015-06-14T08:00:00,Avengers Compound,Clean Water (L),2409.54,6.9,False
2015-06-14T08:00:00,Avengers Compound,Medical Kits,738.49,5.17,False
2015-06-14T09:00:00,New Asgard,Vibranium (kg),2416.68,6.06,False
2015-06-14T09:00:00,New Asgard,Arc Reactor Cores,700.35,7.27,False
2015-06-14T09:00:00,New Asgard,Pym Particles,715.2,6.67,False
2015-06-14T09:00:00,New Asgard,Clean Water (L),2404.53,7.27,False
2015-06-14T09:00:00,New Asgard,Medical Kits,733.45,5.45,False
2015-06-14T09:00:00,Wakanda,Vibranium (kg),2428.83,6.06,False
2015-06-14T09:00:00,Wakanda,Arc Reactor Cores,698.56,7.27,False
2015-06-14T09:00:00,Wakanda,Pym Particles,713.96,6.67,False
2015-06-14T09:00:00,Wakanda,Clean Water (L),2403.18,7.27,False
2015-06-14T09:00:00,Wakanda,Medical Kits,731.25,5.45,False
2015-06-14T09:00:00,Sokovia,Vibranium (kg),2424.44,6.06,False
2015-06-14T09:00:00,Sokovia,Arc Reactor Cores,701.3,7.27,False
2015-06-14T09:00:00,Sokovia,Pym Particles,717.01,6.67,False
2015-06-14T09:00:00,Sokovia,Clean Water (L),2400.05,7.27,False
2015-06-14T09:00:00,Sokovia,Medical Kits,733.69,5.45,False
2015-06-14T09:00:00,Sanctum Sanctorum,Vibranium (kg),2421.26,6.06,False
2015-06-14T09:00:00,Sanctum Sanctorum,Arc Reactor Cores,702.79,7.27,False
2015-06-14T09:00:00,Sanctum Sanctorum,Pym Particles,716.66,6.67,False
2015-06-14T09:00:00,Sanctum Sanctorum,Clean Water (L),2404.53,7.27,False
2015-06-14T09:00:00,Sanctum Sanctorum,Medical Kits,729.83,5.45,False
2015-06-14T09:00:00,Avengers Compound,Vibranium (kg),2423.81,6.06,False
2015-06-14T09:00:00,Avengers Compound,Arc Reactor Cores,704.0,7.27,False
2015-06-14T09:00:00,Avengers Compound,Pym Particles,718.47,6.67,False
2015-06-14T09:00:00,Avengers Compound,Clean Water (L),2407.27,7.27,False
2015-06-14T09:00:00,Avengers Compound,Medical Kits,736.93,5.45,False
2015-06-14T10:00:00,New Asgard,Vibranium (kg),2415.32,6.3,False
2015-06-14T10:00:00,New Asgard,Arc Reactor Cores,698.35,7.56,False
2015-06-14T10:00:00,New Asgard,Pym Particles,714.05,6.93,False
2015-06-14T10:00:00,New Asgard,Clean Water (L),2401.19,7.56,False
2015-06-14T10:00:00,New Asgard,Medical Kits,732.11,5.67,False
2015-06-14T10:00:00,Wakanda,Vibranium (kg),2427.28,6.3,False
2015-06-14T10:00:00,Wakanda,Arc Reactor Cores,696.89,7.56,False
2015-06-14T10:00:00,Wakanda,Pym Particles,713.63,6.93,False
2015-06-14T10:00:00,Wakanda,Clean Water (L),2401.69,7.56,False
2015-06-14T10:00:00,Wakanda,Medical Kits,729.51,5.67,False
2015-06-14T10:00:00,Sokovia,Vibranium (kg),2422.73,6.3,False
2015-06-14T10:00:00,Sokovia,Arc Reactor Cores,699.25,7.56,False
2015-06-14T10:00:00,Sokovia,Pym Particles,715.52,6.93,False
2015-06-14T10:00:00,Sokovia,Clean Water (L),2397.65,7.56,False
2015-06-14T10:00:00,Sokovia,Medical Kits,732.18,5.67,False
2015-06-14T10:00:00,Sanctum Sanctorum,Vibranium (kg),2418.8,6.3,False
2015-06-14T10:00:00,Sanctum Sanctorum,Arc Reactor Cores,701.62,7.56,False
2015-06-14T10:00:00,Sanctum Sanctorum,Pym Particles,714.59,6.93,False
2015-06-14T10:00:00,Sanctum Sanctorum,Clean Water (L),2403.81,7.56,False
2015-06-14T10:00:00,Sanctum Sanctorum,Medical Kits,727.51,5.67,False
2015-06-14T10:00:00,Avengers Compound,Vibranium (kg),2421.66,6.3,False
2015-06-14T10:00:00,Avengers Compound,Arc Reactor Cores,702.07,7.56,False
2015-06-14T10:00:00,Avengers Compound,Pym Particles,716.52,6.93,False
2015-06-14T10:00:00,Avengers Compound,Clean Water (L),2404.83,7.56,False
2015-06-14T10:00:00,Avengers Compound,Medical Kits,735.29,5.67,False
2015-06-14T11:00:00,New Asgard,Vibranium (kg),2413.34,6.45,False
2015-06-14T11:00:00,New Asgard,Arc Reactor Cores,696.67,7.74,False
2015-06-14T11:00:00,New Asgard,Pym Particles,713.54,7.09,False
2015-06-14T11:00:00,New Asgard,Clean Water (L),2398.58,7.74,False
2015-06-14T11:00:00,New Asgard,Medical Kits,731.83,5.8,False
2015-06-14T11:00:00,Wakanda,Vibranium (kg),2424.71,6.45,False
2015-06-14T11:00:00,Wakanda,Arc Reactor Cores,694.93,7.74,False
2015-06-14T11:00:00,Wakanda,Pym Particles,711.06,7.09,False
2015-06-14T11:00:00,Wakanda,Clean Water (L),2398.35,7.74,False
2015-06-14T11:00:00,Wakanda,Medical Kits,728.64,5.8,False
2015-06-14T11:00:00,Sokovia,Vibranium (kg),2422.6,6.45,False
2015-06-14T11:00:00,Sokovia,Arc Reactor Cores,697.21,7.74,False
2015-06-14T11:00:00,Sokovia,Pym Particles,712.93,7.09,False
2015-06-14T11:00:00,Sokovia,Clean Water (L),2396.33,7.74,False
2015-06-14T11:00:00,Sokovia,Medical Kits,731.42,5.8,False
2015-06-14T11:00:00,Sanctum Sanctorum,Vibranium (kg),2417.74,6.45,False
2015-06-14T11:00:00,Sanctum Sanctorum,Arc Reactor Cores,701.23,7.74,False
2015-06-14T11:00:00,Sanctum Sanctorum,Pym Particles,713.45,7.09,False
2015-06-14T11:00:00,Sanctum Sanctorum,Clean Water (L),2401.8,7.74,False
2015-06-14T11:00:00,Sanctum Sanctorum,Medical Kits,727.19,5.8,False
2015-06-14T11:00:00,Avengers Compound,Vibranium (kg),2420.79,6.45,False
2015-06-14T11:00:00,Avengers Compound,Arc Reactor Cores,699.79,7.74,False
2015-06-14T11:00:00,Avengers Compound,Pym Particles,715.06,7.09,False
2015-06-14T11:00:00,Avengers Compound,Clean Water (L),2403.51,7.74,False
2015-06-14T11:00:00,Avengers Compound,Medical Kits,734.66,5.8,False
2015-06-14T12:00:00,New Asgard,Vibranium (kg),2412.62,6.5,False
2015-06-14T12:00:00,New Asgard,Arc Reactor Cores,694.85,7.8,False
2015-06-14T12:00:00,New Asgard,Pym Particles,711.29,7.15,False
2015-06-14T12:00:00,New Asgard,Clean Water (L),2396.53,7.8,False
2015-06-14T12:00:00,New Asgard,Medical Kits,730.73,5.85,False
2015-06-14T12:00:00,Wakanda,Vibranium (kg),2421.39,6.5,False
2015-06-14T12:00:00,Wakanda,Arc Reactor Cores,693.66,7.8,False
2015-06-14T12:00:00,Wakanda,Pym Particles,709.37,7.15,False
2015-06-14T12:00:00,Wakanda,Clean Water (L),2396.77,7.8,False
2015-06-14T12:00:00,Wakanda,Medical Kits,729.03,5.85,False
2015-06-14T12:00:00,Sokovia,Vibranium (kg),2420.08,6.5,False
2015-06-14T12:00:00,Sokovia,Arc Reactor Cores,694.94,7.8,False
2015-06-14T12:00:00,Sokovia,Pym Particles,711.53,7.15,False
2015-06-14T12:00:00,Sokovia,Clean Water (L),2395.4,7.8,False
2015-06-14T12:00:00,Sokovia,Medical Kits,730.37,5.85,False
2015-06-14T12:00:00,Sanctum Sanctorum,Vibranium (kg),2416.57,6.5,False
2015-06-14T12:00:00,Sanctum Sanctorum,Arc Reactor Cores,700.67,7.8,False
2015-06-14T12:00:00,Sanctum Sanctorum,Pym Particles,711.6,7.15,False
2015-06-14T12:00:00,Sanctum Sanctorum,Clean Water (L),2400.61,7.8,False
2015-06-14T12:00:00,Sanctum Sanctorum,Medical Kits,726.53,5.85,False
2015-06-14T12:00:00,Avengers Compound,Vibranium (kg),2419.11,6.5,False
2015-06-14T12:00:00,Avengers Compound,Arc Reactor Cores,697.09,7.8,False
2015-06-14T12:00:00,Avengers Compound,Pym Particles,713.97,7.15,False
2015-06-14T12:00:00,Avengers Compound,Clean Water (L),2401.53,7.8,False
2015-06-14T12:00:00,Avengers Compound,Medical Kits,733.83,5.85,False
2015-06-14T13:00:00,New Asgard,Vibranium (kg),2411.15,6.45,False
2015-06-14T13:00:00,New Asgard,Arc Reactor Cores,695.05,7.74,False
2015-06-14T13:00:00,New Asgard,Pym Particles,710.48,7.09,False
2015-06-14T13:00:00,New Asgard,Clean Water (L),2395.07,7.74,False
2015-06-14T13:00:00,New Asgard,Medical Kits,729.05,5.8,False
2015-06-14T13:00:00,Wakanda,Vibranium (kg),2420.09,6.45,False
2015-06-14T13:00:00,Wakanda,Arc Reactor Cores,691.99,7.74,False
2015-06-14T13:00:00,Wakanda,Pym Particles,707.24,7.09,False
2015-06-14T13:00:00,Wakanda,Clean Water (L),2394.8,7.74,False
2015-06-14T13:00:00,Wakanda,Medical Kits,729.27,5.8,False
2015-06-14T13:00:00,Sokovia,Vibranium (kg),2418.41,6.45,False
2015-06-14T13:00:00,Sokovia,Arc Reactor Cores,694.31,7.74,False
2015-06-14T13:00:00,Sokovia,Pym Particles,709.03,7.09,False
2015-06-14T13:00:00,Sokovia,Clean Water (L),2393.77,7.74,False
2015-06-14T13:00:00,Sokovia,Medical Kits,728.26,5.8,False
2015-06-14T13:00:00,Sanctum Sanctorum,Vibranium (kg),2414.84,6.45,False
2015-06-14T13:00:00,Sanctum Sanctorum,Arc Reactor Cores,698.43,7.74,False
2015-06-14T13:00:00,Sanctum Sanctorum,Pym Particles,710.11,7.09,False
2015-06-14T13:00:00,Sanctum Sanctorum,Clean Water (L),2399.27,7.74,False
2015-06-14T13:00:00,Sanctum Sanctorum,Medical Kits,725.7,5.8,False
2015-06-14T13:00:00,Avengers Compound,Vibranium (kg),2417.26,6.45,False
2015-06-14T13:00:00,Avengers Compound,Arc Reactor Cores,695.03,7.74,False
2015-06-14T13:00:00,Avengers Compound,Pym Particles,711.98,7.09,False
2015-06-14T13:00:00,Avengers Compound,Clean Water (L),2399.55,7.74,False
2015-06-14T13:00:00,Avengers Compound,Medical Kits,733.3,5.8,False
2015-06-14T14:00:00,New Asgard,Vibranium (kg),2410.57,6.3,False
2015-06-14T14:00:00,New Asgard,Arc Reactor Cores,693.02,7.56,False
2015-06-14T14:00:00,New Asgard,Pym Particles,708.27,6.93,False
2015-06-14T14:00:00,New Asgard,Clean Water (L),2394.29,7.56,False
2015-06-14T14:00:00,New Asgard,Medical Kits,726.49,5.67,False
2015-06-14T14:00:00,Wakanda,Vibranium (kg),2418.76,6.3,False
2015-06-14T14:00:00,Wakanda,Arc Reactor Cores,692.76,7.56,False
2015-06-14T14:00:00,Wakanda,Pym Particles,705.72,6.93,False
2015-06-14T14:00:00,Wakanda,Clean Water (L),2393.39,7.56,False
2015-06-14T14:00:00,Wakanda,Medical Kits,728.12,5.67,False
2015-06-14T14:00:00,Sokovia,Vibranium (kg),2417.04,6.3,False
2015-06-14T14:00:00,Sokovia,Arc Reactor Cores,694.04,7.56,False
2015-06-14T14:00:00,Sokovia,Pym Particles,708.33,6.93,False
2015-06-14T14:00:00,Sokovia,Clean Water (L),2393.68,7.56,False
2015-06-14T14:00:00,Sokovia,Medical Kits,725.95,5.67,False
2015-06-14T14:00:00,Sanctum Sanctorum,Vibranium (kg),2413.03,6.3,False
2015-06-14T14:00:00,Sanctum Sanctorum,Arc Reactor Cores,696.04,7.56,False
2015-06-14T14:00:00,Sanctum Sanctorum,Pym Particles,707.89,6.93,False
2015-06-14T14:00:00,Sanctum Sanctorum,Clean Water (L),2399.4,7.56,False
2015-06-14T14:00:00,Sanctum Sanctorum,Medical Kits,726.24,5.67,False
2015-06-14T14:00:00,Avengers Compound,Vibranium (kg),2416.26,6.3,False
2015-06-14T14:00:00,Avengers Compound,Arc Reactor Cores,693.59,7.56,False
2015-06-14T14:00:00,Avengers Compound,Pym Particles,710.22,6.93,False
2015-06-14T14:00:00,Avengers Compound,Clean Water (L),2399.11,7.56,False
2015-06-14T14:00:00,Avengers Compound,Medical Kits,732.48,5.67,False
2015-06-14T15:00:00,New Asgard,Vibranium (kg),2409.87,6.06,False
2015-06-14T15:00:00,New Asgard,Arc Reactor Cores,692.14,7.27,False
2015-06-14T15:00:00,New Asgard,Pym Particles,707.63,6.67,False
2015-06-14T15:00:00,New Asgard,Clean Water (L),2393.2,7.27,False
2015-06-14T15:00:00,New Asgard,Medical Kits,724.95,5.45,False
2015-06-14T15:00:00,Wakanda,Vibranium (kg),2415.86,6.06,False
2015-06-14T15:00:00,Wakanda,Arc Reactor Cores,691.53,7.27,False
2015-06-14T15:00:00,Wakanda,Pym Particles,704.59,6.67,False
2015-06-14T15:00:00,Wakanda,Clean Water (L),2392.4,7.27,False
2015-06-14T15:00:00,Wakanda,Medical Kits,727.41,5.45,False
2015-06-14T15:00:00,Sokovia,Vibranium (kg),2415.0,6.06,False
2015-06-14T15:00:00,Sokovia,Arc Reactor Cores,694.52,7.27,False
2015-06-14T15:00:00,Sokovia,Pym Particles,707.24,6.67,False
2015-06-14T15:00:00,Sokovia,Clean Water (L),2390.89,7.27,False
2015-06-14T15:00:00,Sokovia,Medical Kits,725.39,5.45,False
2015-06-14T15:00:00,Sanctum Sanctorum,Vibranium (kg),2412.16,6.06,False
2015-06-14T15:00:00,Sanctum Sanctorum,Arc Reactor Cores,695.63,7.27,False
2015-06-14T15:00:00,Sanctum Sanctorum,Pym Particles,706.5,6.67,False
2015-06-14T15:00:00,Sanctum Sanctorum,Clean Water (L),2396.38,7.27,False
2015-06-14T15:00:00,Sanctum Sanctorum,Medical Kits,724.76,5.45,False
2015-06-14T15:00:00,Avengers Compound,Vibranium (kg),2416.05,6.06,False
2015-06-14T15:00:00,Avengers Compound,Arc Reactor Cores,693.89,7.27,False
2015-06-14T15:00:00,Avengers Compound,Pym Particles,708.89,6.67,False
2015-06-14T15:00:00,Avengers Compound,Clean Water (L),2397.37,7.27,False
2015-06-14T15:00:00,Avengers Compound,Medical Kits,730.44,5.45,False
2015-06-14T16:00:00,New Asgard,Vibranium (kg),2409.33,5.75,False
2015-06-14T16:00:00,New Asgard,Arc Reactor Cores,691.94,6.9,False
2015-06-14T16:00:00,New Asgard,Pym Particles,706.67,6.32,False
2015-06-14T16:00:00,New Asgard,Clean Water (L),2393.09,6.9,False
2015-06-14T16:00:00,New Asgard,Medical Kits,724.7,5.17,False
2015-06-14T16:00:00,Wakanda,Vibranium (kg),2415.14,5.75,False
2015-06-14T16:00:00,Wakanda,Arc Reactor Cores,690.67,6.9,False
2015-06-14T16:00:00,Wakanda,Pym Particles,705.29,6.32,False
2015-06-14T16:00:00,Wakanda,Clean Water (L),2392.92,6.9,False
2015-06-14T16:00:00,Wakanda,Medical Kits,727.12,5.17,False
2015-06-14T16:00:00,Sokovia,Vibranium (kg),2415.36,5.75,False
2015-06-14T16:00:00,Sokovia,Arc Reactor Cores,693.69,6.9,False
2015-06-14T16:00:00,Sokovia,Pym Particles,706.44,6.32,False
2015-06-14T16:00:00,Sokovia,Clean Water (L),2391.23,6.9,False
2015-06-14T16:00:00,Sokovia,Medical Kits,726.02,5.17,False
2015-06-14T16:00:00,Sanctum Sanctorum,Vibranium (kg),2412.46,5.75,False
2015-06-14T16:00:00,Sanctum Sanctorum,Arc Reactor Cores,695.5,6.9,False
2015-06-14T16:00:00,Sanctum Sanctorum,Pym Particles,705.27,6.32,False
2015-06-14T16:00:00,Sanctum Sanctorum,Clean Water (L),2394.9,6.9,False
2015-06-14T16:00:00,Sanctum Sanctorum,Medical Kits,723.82,5.17,False
2015-06-14T16:00:00,Avengers Compound,Vibranium (kg),2416.08,5.75,False
2015-06-14T16:00:00,Avengers Compound,Arc Reactor Cores,693.44,6.9,False
2015-06-14T16:00:00,Avengers Compound,Pym Particles,708.56,6.32,False
2015-06-14T16:00:00,Avengers Compound,Clean Water (L),2396.62,6.9,False
2015-06-14T16:00:00,Avengers Compound,Medical Kits,730.51,5.17,False
2015-06-14T17:00:00,New Asgard,Vibranium (kg),2410.4,5.39,False
2015-06-14T17:00:00,New Asgard,Arc Reactor Cores,692.2,6.47,False
2015-06-14T17:00:00,New Asgard,Pym Particles,707.15,5.93,False
2015-06-14T17:00:00,New Asgard,Clean Water (L),2392.21,6.47,False
2015-06-14T17:00:00,New Asgard,Medical Kits,723.71,4.85,False
2015-06-14T17:00:00,Wakanda,Vibranium (kg),2414.49,5.39,False
2015-06-14T17:00:00,Wakanda,Arc Reactor Cores,689.06,6.47,False
2015-06-14T17:00:00,Wakanda,Pym Particles,703.65,5.93,False
2015-06-14T17:00:00,Wakanda,Clean Water (L),2392.89,6.47,False
2015-06-14T17:00:00,Wakanda,Medical Kits,726.11,4.85,False
2015-06-14T17:00:00,Sokovia,Vibranium (kg),2415.17,5.39,False
2015-06-14T17:00:00,Sokovia,Arc Reactor Cores,694.18,6.47,False
2015-06-14T17:00:00,Sokovia,Pym Particles,704.77,5.93,False
2015-06-14T17:00:00,Sokovia,Clean Water (L),2391.28,6.47,False
2015-06-14T17:00:00,Sokovia,Medical Kits,724.71,4.85,False
2015-06-14T17:00:00,Sanctum Sanctorum,Vibranium (kg),2411.44,5.39,False
2015-06-14T17:00:00,Sanctum Sanctorum,Arc Reactor Cores,695.95,6.47,False
2015-06-14T17:00:00,Sanctum Sanctorum,Pym Particles,704.12,5.93,False
2015-06-14T17:00:00,Sanctum Sanctorum,Clean Water (L),2393.0,6.47,False
2015-06-14T17:00:00,Sanctum Sanctorum,Medical Kits,724.67,4.85,False
2015-06-14T17:00:00,Avengers Compound,Vibranium (kg),2416.44,5.39,False
2015-06-14T17:00:00,Avengers Compound,Arc Reactor Cores,694.28,6.47,False
2015-06-14T17:00:00,Avengers Compound,Pym Particles,710.01,5.93,False
2015-06-14T17:00:00,Avengers Compound,Clean Water (L),2396.07,6.47,False
2015-06-14T17:00:00,Avengers Compound,Medical Kits,730.39,4.85,False
2015-06-14T18:00:00,New Asgard,Vibranium (kg),2411.58,5.0,False
2015-06-14T18:00:00,New Asgard,Arc Reactor Cores,692.45,6.0,False
2015-06-14T18:00:00,New Asgard,Pym Particles,706.05,5.5,False
2015-06-14T18:00:00,New Asgard,Clean Water (L),2392.05,6.0,False
2015-06-14T18:00:00,New Asgard,Medical Kits,723.73,4.5,False
2015-06-14T18:00:00,Wakanda,Vibranium (kg),2415.06,5.0,False
2015-06-14T18:00:00,Wakanda,Arc Reactor Cores,690.77,6.0,False
2015-06-14T18:00:00,Wakanda,Pym Particles,703.4,5.5,False
2015-06-14T18:00:00,Wakanda,Clean Water (L),2392.4,6.0,False
2015-06-14T18:00:00,Wakanda,Medical Kits,724.93,4.5,False
2015-06-14T18:00:00,Sokovia,Vibranium (kg),2415.63,5.0,False
2015-06-14T18:00:00,Sokovia,Arc Reactor Cores,695.16,6.0,False
2015-06-14T18:00:00,Sokovia,Pym Particles,704.48,5.5,False
2015-06-14T18:00:00,Sokovia,Clean Water (L),2392.26,6.0,False
2015-06-14T18:00:00,Sokovia,Medical Kits,724.65,4.5,False
2015-06-14T18:00:00,Sanctum Sanctorum,Vibranium (kg),2411.16,5.0,False
2015-06-14T18:00:00,Sanctum Sanctorum,Arc Reactor Cores,695.12,6.0,False
2015-06-14T18:00:00,Sanctum Sanctorum,Pym Particles,704.27,5.5,False
2015-06-14T18:00:00,Sanctum Sanctorum,Clean Water (L),2393.59,6.0,False
2015-06-14T18:00:00,Sanctum Sanctorum,Medical Kits,724.97,4.5,False
2015-06-14T18:00:00,Avengers Compound,Vibranium (kg),2416.17,5.0,False
2015-06-14T18:00:00,Avengers Compound,Arc Reactor Cores,694.03,6.0,False
2015-06-14T18:00:00,Avengers Compound,Pym Particles,709.82,5.5,False
2015-06-14T18:00:00,Avengers Compound,Clean Water (L),2396.36,6.0,False
2015-06-14T18:00:00,Avengers Compound,Medical Kits,730.3,4.5,False
2015-06-14T19:00:00,New Asgard,Vibranium (kg),2411.11,4.61,False
2015-06-14T19:00:00,New Asgard,Arc Reactor Cores,692.95,5.53,False
2015-06-14T19:00:00,New Asgard,Pym Particles,705.79,5.07,False
2015-06-14T19:00:00,New Asgard,Clean Water (L),2393.42,5.53,False
2015-06-14T19:00:00,New Asgard,Medical Kits,724.49,4.15,False
2015-06-14T19:00:00,Wakanda,Vibranium (kg),2416.55,4.61,False
2015-06-14T19:00:00,Wakanda,Arc Reactor Cores,692.36,5.53,False
2015-06-14T19:00:00,Wakanda,Pym Particles,702.91,5.07,False
2015-06-14T19:00:00,Wakanda,Clean Water (L),2393.67,5.53,False
2015-06-14T19:00:00,Wakanda,Medical Kits,726.09,4.15,False
2015-06-14T19:00:00,Sokovia,Vibranium (kg),2415.96,4.61,False
2015-06-14T19:00:00,Sokovia,Arc Reactor Cores,696.42,5.53,False
2015-06-14T19:00:00,Sokovia,Pym Particles,704.55,5.07,False
2015-06-14T19:00:00,Sokovia,Clean Water (L),2393.22,5.53,False
2015-06-14T19:00:00,Sokovia,Medical Kits,726.58,4.15,False
2015-06-14T19:00:00,Sanctum Sanctorum,Vibranium (kg),2412.45,4.61,False
2015-06-14T19:00:00,Sanctum Sanctorum,Arc Reactor Cores,696.63,5.53,False
2015-06-14T19:00:00,Sanctum Sanctorum,Pym Particles,705.03,5.07,False
2015-06-14T19:00:00,Sanctum Sanctorum,Clean Water (L),2394.56,5.53,False
2015-06-14T19:00:00,Sanctum Sanctorum,Medical Kits,725.75,4.15,False
2015-06-14T19:00:00,Avengers Compound,Vibranium (kg),2416.46,4.61,False
2015-06-14T19:00:00,Avengers Compound,Arc Reactor Cores,694.02,5.53,False
2015-06-14T19:00:00,Avengers Compound,Pym Particles,710.8,5.07,False
2015-06-14T19:00:00,Avengers Compound,Clean Water (L),2397.33,5.53,False
2015-06-14T19:00:00,Avengers Compound,Medical Kits,729.77,4.15,False
2015-06-14T20:00:00,New Asgard,Vibranium (kg),2411.58,4.25,False
2015-06-14T20:00:00,New Asgard,Arc Reactor Cores,692.22,5.1,False
2015-06-14T20:00:00,New Asgard,Pym Particles,705.26,4.68,False
2015-06-14T20:00:00,New Asgard,Clean Water (L),2394.09,5.1,False
2015-06-14T20:00:00,New Asgard,Medical Kits,726.41,3.83,False
2015-06-14T20:00:00,Wakanda,Vibranium (kg),2418.57,4.25,False
2015-06-14T20:00:00,Wakanda,Arc Reactor Cores,693.99,5.1,False
2015-06-14T20:00:00,Wakanda,Pym Particles,703.05,4.68,False
2015-06-14T20:00:00,Wakanda,Clean Water (L),2394.65,5.1,False
2015-06-14T20:00:00,Wakanda,Medical Kits,725.85,3.83,False
2015-06-14T20:00:00,Sokovia,Vibranium (kg),2416.69,4.25,False
2015-06-14T20:00:00,Sokovia,Arc Reactor Cores,696.34,5.1,False
2015-06-14T20:00:00,Sokovia,Pym Particles,705.55,4.68,False
2015-06-14T20:00:00,Sokovia,Clean Water (L),2394.91,5.1,False
2015-06-14T20:00:00,Sokovia,Medical Kits,728.01,3.83,False
2015-06-14T20:00:00,Sanctum Sanctorum,Vibranium (kg),2414.22,4.25,False
2015-06-14T20:00:00,Sanctum Sanctorum,Arc Reactor Cores,698.5,5.1,False
2015-06-14T20:00:00,Sanctum Sanctorum,Pym Particles,706.59,4.68,False
2015-06-14T20:00:00,Sanctum Sanctorum,Clean Water (L),2395.65,5.1,False
2015-06-14T20:00:00,Sanctum Sanctorum,Medical Kits,725.85,3.83,False
2015-06-14T20:00:00,Avengers Compound,Vibranium (kg),2416.44,4.25,False
2015-06-14T20:00:00,Avengers Compound,Arc Reactor Cores,694.92,5.1,False
2015-06-14T20:00:00,Avengers Compound,Pym Particles,710.9,4.68,False
2015-06-14T20:00:00,Avengers Compound,Clean Water (L),2397.93,5.1,False
2015-06-14T20:00:00,Avengers Compound,Medical Kits,731.03,3.83,False
2015-06-14T21:00:00,New Asgard,Vibranium (kg),2412.53,3.94,False
2015-06-14T21:00:00,New Asgard,Arc Reactor Cores,693.6,4.73,False
2015-06-14T21:00:00,New Asgard,Pym Particles,706.41,4.33,False
2015-06-14T21:00:00,New Asgard,Clean Water (L),2395.4,4.73,False
2015-06-14T21:00:00,New Asgard,Medical Kits,726.47,3.55,False
2015-06-14T21:00:00,Wakanda,Vibranium (kg),2420.57,3.94,False
2015-06-14T21:00:00,Wakanda,Arc Reactor Cores,694.72,4.73,False
2015-06-14T21:00:00,Wakanda,Pym Particles,704.32,4.33,False
2015-06-14T21:00:00,Wakanda,Clean Water (L),2395.71,4.73,False
2015-06-14T21:00:00,Wakanda,Medical Kits,725.94,3.55,False
2015-06-14T21:00:00,Sokovia,Vibranium (kg),2418.34,3.94,False
2015-06-14T21:00:00,Sokovia,Arc Reactor Cores,698.14,4.73,False
2015-06-14T21:00:00,Sokovia,Pym Particles,706.98,4.33,False
2015-06-14T21:00:00,Sokovia,Clean Water (L),2396.05,4.73,False
2015-06-14T21:00:00,Sokovia,Medical Kits,729.85,3.55,False
2015-06-14T21:00:00,Sanctum Sanctorum,Vibranium (kg),2417.21,3.94,False
2015-06-14T21:00:00,Sanctum Sanctorum,Arc Reactor Cores,700.49,4.73,False
2015-06-14T21:00:00,Sanctum Sanctorum,Pym Particles,707.67,4.33,False
2015-06-14T21:00:00,Sanctum Sanctorum,Clean Water (L),2397.73,4.73,False
2015-06-14T21:00:00,Sanctum Sanctorum,Medical Kits,725.81,3.55,False
2015-06-14T21:00:00,Avengers Compound,Vibranium (kg),2417.71,3.94,False
2015-06-14T21:00:00,Avengers Compound,Arc Reactor Cores,696.78,4.73,False
2015-06-14T21:00:00,Avengers Compound,Pym Particles,712.49,4.33,False
2015-06-14T21:00:00,Avengers Compound,Clean Water (L),2398.57,4.73,False
2015-06-14T21:00:00,Avengers Compound,Medical Kits,731.11,3.55,False
2015-06-14T22:00:00,New Asgard,Vibranium (kg),2414.24,3.7,False
2015-06-14T22:00:00,New Asgard,Arc Reactor Cores,695.59,4.44,False
2015-06-14T22:00:00,New Asgard,Pym Particles,708.06,4.07,False
2015-06-14T22:00:00,New Asgard,Clean Water (L),2397.35,4.44,False
2015-06-14T22:00:00,New Asgard,Medical Kits,727.3,3.33,False
2015-06-14T22:00:00,Wakanda,Vibranium (kg),2422.92,3.7,False
2015-06-14T22:00:00,Wakanda,Arc Reactor Cores,695.48,4.44,False
2015-06-14T22:00:00,Wakanda,Pym Particles,707.15,4.07,False
2015-06-14T22:00:00,Wakanda,Clean Water (L),2397.71,4.44,False
2015-06-14T22:00:00,Wakanda,Medical Kits,727.57,3.33,False
2015-06-14T22:00:00,Sokovia,Vibranium (kg),2418.45,3.7,False
2015-06-14T22:00:00,Sokovia,Arc Reactor Cores,699.05,4.44,False
2015-06-14T22:00:00,Sokovia,Pym Particles,710.26,4.07,False
2015-06-14T22:00:00,Sokovia,Clean Water (L),2398.69,4.44,False
2015-06-14T22:00:00,Sokovia,Medical Kits,729.34,3.33,False
2015-06-14T22:00:00,Sanctum Sanctorum,Vibranium (kg),2419.93,3.7,False
2015-06-14T22:00:00,Sanctum Sanctorum,Arc Reactor Cores,702.93,4.44,False
2015-06-14T22:00:00,Sanctum Sanctorum,Pym Particles,708.75,4.07,False
2015-06-14T22:00:00,Sanctum Sanctorum,Clean Water (L),2398.0,4.44,False
2015-06-14T22:00:00,Sanctum Sanctorum,Medical Kits,727.32,3.33,False
2015-06-14T22:00:00,Avengers Compound,Vibranium (kg),2419.76,3.7,False
2015-06-14T22:00:00,Avengers Compound,Arc Reactor Cores,697.88,4.44,False
2015-06-14T22:00:00,Avengers Compound,Pym Particles,714.85,4.07,False
2015-06-14T22:00:00,Avengers Compound,Clean Water (L),2399.49,4.44,False
2015-06-14T22:00:00,Avengers Compound,Medical Kits,731.64,3.33,False
2015-06-14T23:00:00,New Asgard,Vibranium (kg),2415.49,3.55,False
2015-06-14T23:00:00,New Asgard,Arc Reactor Cores,696.49,4.26,False
2015-06-14T23:00:00,New Asgard,Pym Particles,710.33,3.91,False
2015-06-14T23:00:00,New Asgard,Clean Water (L),2398.85,4.26,False
2015-06-14T23:00:00,New Asgard,Medical Kits,730.4,3.2,False
2015-06-14T23:00:00,Wakanda,Vibranium (kg),2425.5,3.55,False
2015-06-14T23:00:00,Wakanda,Arc Reactor Cores,696.9,4.26,False
2015-06-14T23:00:00,Wakanda,Pym Particles,709.43,3.91,False
2015-06-14T23:00:00,Wakanda,Clean Water (L),2398.32,4.26,False
2015-06-14T23:00:00,Wakanda,Medical Kits,729.98,3.2,False
2015-06-14T23:00:00,Sokovia,Vibranium (kg),2419.97,3.55,False
2015-06-14T23:00:00,Sokovia,Arc Reactor Cores,701.0,4.26,False
2015-06-14T23:00:00,Sokovia,Pym Particles,711.9,3.91,False
2015-06-14T23:00:00,Sokovia,Clean Water (L),2400.56,4.26,False
2015-06-14T23:00:00,Sokovia,Medical Kits,730.3,3.2,False
2015-06-14T23:00:00,Sanctum Sanctorum,Vibranium (kg),2420.37,3.55,False
2015-06-14T23:00:00,Sanctum Sanctorum,Arc Reactor Cores,703.24,4.26,False
2015-06-14T23:00:00,Sanctum Sanctorum,Pym Particles,711.52,3.91,False
2015-06-14T23:00:00,Sanctum Sanctorum,Clean Water (L),2399.77,4.26,False
2015-06-14T23:00:00,Sanctum Sanctorum,Medical Kits,729.11,3.2,False
2015-06-14T23:00:00,Avengers Compound,Vibranium (kg),2421.63,3.55,False
2015-06-14T23:00:00,Avengers Compound,Arc Reactor Cores,700.27,4.26,False
2015-06-14T23:00:00,Avengers Compound,Pym Particles,717.44,3.91,False
2015-06-14T23:00:00,Avengers Compound,Clean Water (L),2402.65,4.26,False
2015-06-14T23:00:00,Avengers Compound,Medical Kits,732.89,3.2,False
2015-06-15T00:00:00,New Asgard,Vibranium (kg),2418.46,3.5,False
2015-06-15T00:00:00,New Asgard,Arc Reactor Cores,698.02,4.2,False
2015-06-15T00:00:00,New Asgard,Pym Particles,713.0,3.85,False
2015-06-15T00:00:00,New Asgard,Clean Water (L),2400.82,4.2,False
2015-06-15T00:00:00,New Asgard,Medical Kits,730.31,3.15,False
2015-06-15T00:00:00,Wakanda,Vibranium (kg),2427.2,3.5,False
2015-06-15T00:00:00,Wakanda,Arc Reactor Cores,698.87,4.2,False
2015-06-15T00:00:00,Wakanda,Pym Particles,709.49,3.85,False
2015-06-15T00:00:00,Wakanda,Clean Water (L),2399.08,4.2,False
2015-06-15T00:00:00,Wakanda,Medical Kits,730.69,3.15,False
2015-06-15T00:00:00,Sokovia,Vibranium (kg),2421.83,3.5,False
2015-06-15T00:00:00,Sokovia,Arc Reactor Cores,701.97,4.2,False
2015-06-15T00:00:00,Sokovia,Pym Particles,713.6,3.85,False
2015-06-15T00:00:00,Sokovia,Clean Water (L),2401.67,4.2,False
2015-06-15T00:00:00,Sokovia,Medical Kits,732.71,3.15,False
2015-06-15T00:00:00,Sanctum Sanctorum,Vibranium (kg),2421.74,3.5,False
2015-06-15T00:00:00,Sanctum Sanctorum,Arc Reactor Cores,705.31,4.2,False
2015-06-15T00:00:00,Sanctum Sanctorum,Pym Particles,712.77,3.85,False
2015-06-15T00:00:00,Sanctum Sanctorum,Clean Water (L),2403.07,4.2,False
2015-06-15T00:00:00,Sanctum Sanctorum,Medical Kits,730.48,3.15,False
2015-06-15T00:00:00,Avengers Compound,Vibranium (kg),2422.79,3.5,False
2015-06-15T00:00:00,Avengers Compound,Arc Reactor Cores,702.08,4.2,False
2015-06-15T00:00:00,Avengers Compound,Pym Particles,718.72,3.85,False
2015-06-15T00:00:00,Avengers Compound,Clean Water (L),2404.4,4.2,False
2015-06-15T00:00:00,Avengers Compound,Medical Kits,733.75,3.15,False
2015-06-15T01:00:00,New Asgard,Vibranium (kg),2419.13,3.55,False
2015-06-15T01:00:00,New Asgard,Arc Reactor Cores,699.3,4.26,False
2015-06-15T01:00:00,New Asgard,Pym Particles,714.42,3.91,False
2015-06-15T01:00:00,New Asgard,Clean Water (L),2401.95,4.26,False
2015-06-15T01:00:00,New Asgard,Medical Kits,732.04,3.2,False
2015-06-15T01:00:00,Wakanda,Vibranium (kg),2428.92,3.55,False
2015-06-15T01:00:00,Wakanda,Arc Reactor Cores,700.32,4.26,False
2015-06-15T01:00:00,Wakanda,Pym Particles,710.22,3.91,False
2015-06-15T01:00:00,Wakanda,Clean Water (L),2399.98,4.26,False
2015-06-15T01:00:00,Wakanda,Medical Kits,731.73,3.2,False
2015-06-15T01:00:00,Sokovia,Vibranium (kg),2422.8,3.55,False
2015-06-15T01:00:00,Sokovia,Arc Reactor Cores,702.24,4.26,False
2015-06-15T01:00:00,Sokovia,Pym Particles,714.62,3.91,False
2015-06-15T01:00:00,Sokovia,Clean Water (L),2404.04,4.26,False
2015-06-15T01:00:00,Sokovia,Medical Kits,734.12,3.2,False
2015-06-15T01:00:00,Sanctum Sanctorum,Vibranium (kg),2423.29,3.55,False
2015-06-15T01:00:00,Sanctum Sanctorum,Arc Reactor Cores,706.24,4.26,False
2015-06-15T01:00:00,Sanctum Sanctorum,Pym Particles,712.94,3.91,False
2015-06-15T01:00:00,Sanctum Sanctorum,Clean Water (L),2404.98,4.26,False
2015-06-15T01:00:00,Sanctum Sanctorum,Medical Kits,732.85,3.2,False
2015-06-15T01:00:00,Avengers Compound,Vibranium (kg),2424.19,3.55,False
2015-06-15T01:00:00,Avengers Compound,Arc Reactor Cores,703.32,4.26,False
2015-06-15T01:00:00,Avengers Compound,Pym Particles,720.05,3.91,False
2015-06-15T01:00:00,Avengers Compound,Clean Water (L),2404.95,4.26,False
2015-06-15T01:00:00,Avengers Compound,Medical Kits,733.96,3.2,False
2015-06-15T02:00:00,New Asgard,Vibranium (kg),2422.15,3.7,False
2015-06-15T02:00:00,New Asgard,Arc Reactor Cores,700.89,4.44,False
2015-06-15T02:00:00,New Asgard,Pym Particles,715.92,4.07,False
2015-06-15T02:00:00,New Asgard,Clean Water (L),2403.55,4.44,False
2015-06-15T02:00:00,New Asgard,Medical Kits,734.6,3.33,False
2015-06-15T02:00:00,Wakanda,Vibranium (kg),2430.57,3.7,False
2015-06-15T02:00:00,Wakanda,Arc Reactor Cores,701.16,4.44,False
2015-06-15T02:00:00,Wakanda,Pym Particles,711.73,4.07,False
2015-06-15T02:00:00,Wakanda,Clean Water (L),2400.62,4.44,False
2015-06-15T02:00:00,Wakanda,Medical Kits,734.38,3.33,False
2015-06-15T02:00:00,Sokovia,Vibranium (kg),2425.02,3.7,False
2015-06-15T02:00:00,Sokovia,Arc Reactor Cores,704.33,4.44,False
2015-06-15T02:00:00,Sokovia,Pym Particles,715.03,4.07,False
2015-06-15T02:00:00,Sokovia,Clean Water (L),2404.13,4.44,False
2015-06-15T02:00:00,Sokovia,Medical Kits,735.17,3.33,False
2015-06-15T02:00:00,Sanctum Sanctorum,Vibranium (kg),2424.03,3.7,False
2015-06-15T02:00:00,Sanctum Sanctorum,Arc Reactor Cores,707.6,4.44,False
2015-06-15T02:00:00,Sanctum Sanctorum,Pym Particles,712.77,4.07,False
2015-06-15T02:00:00,Sanctum Sanctorum,Clean Water (L),2407.54,4.44,False
2015-06-15T02:00:00,Sanctum Sanctorum,Medical Kits,734.73,3.33,False
2015-06-15T02:00:00,Avengers Compound,Vibranium (kg),2426.2,3.7,False
2015-06-15T02:00:00,Avengers Compound,Arc Reactor Cores,704.2,4.44,False
2015-06-15T02:00:00,Avengers Compound,Pym Particles,720.32,4.07,False
2015-06-15T02:00:00,Avengers Compound,Clean Water (L),2405.94,4.44,False
2015-06-15T02:00:00,Avengers Compound,Medical Kits,735.04,3.33,False
2015-06-15T03:00:00,New Asgard,Vibranium (kg),2422.52,3.94,False
2015-06-15T03:00:00,New Asgard,Arc Reactor Cores,703.92,4.73,False
2015-06-15T03:00:00,New Asgard,Pym Particles,717.03,4.33,False
2015-06-15T03:00:00,New Asgard,Clean Water (L),2406.09,4.73,False
2015-06-15T03:00:00,New Asgard,Medical Kits,736.45,3.55,False
2015-06-15T03:00:00,Wakanda,Vibranium (kg),2430.42,3.94,False
2015-06-15T03:00:00,Wakanda,Arc Reactor Cores,703.18,4.73,False
2015-06-15T03:00:00,Wakanda,Pym Particles,713.66,4.33,False
2015-06-15T03:00:00,Wakanda,Clean Water (L),2400.96,4.73,False
2015-06-15T03:00:00,Wakanda,Medical Kits,735.47,3.55,False
2015-06-15T03:00:00,Sokovia,Vibranium (kg),2425.85,3.94,False
2015-06-15T03:00:00,Sokovia,Arc Reactor Cores,705.64,4.73,False
2015-06-15T03:00:00,Sokovia,Pym Particles,714.51,4.33,False
2015-06-15T03:00:00,Sokovia,Clean Water (L),2406.55,4.73,False
2015-06-15T03:00:00,Sokovia,Medical Kits,735.89,3.55,False
2015-06-15T03:00:00,Sanctum Sanctorum,Vibranium (kg),2425.22,3.94,False
2015-06-15T03:00:00,Sanctum Sanctorum,Arc Reactor Cores,709.43,4.73,False
2015-06-15T03:00:00,Sanctum Sanctorum,Pym Particles,715.13,4.33,False
2015-06-15T03:00:00,Sanctum Sanctorum,Clean Water (L),2407.89,4.73,False
2015-06-15T03:00:00,Sanctum Sanctorum,Medical Kits,735.2,3.55,False
2015-06-15T03:00:00,Avengers Compound,Vibranium (kg),2427.46,3.94,False
2015-06-15T03:00:00,Avengers Compound,Arc Reactor Cores,705.63,4.73,False
2015-06-15T03:00:00,Avengers Compound,Pym Particles,720.97,4.33,False
2015-06-15T03:00:00,Avengers Compound,Clean Water (L),2406.21,4.73,False
2015-06-15T03:00:00,Avengers Compound,Medical Kits,735.95,3.55,False
2015-06-15T04:00:00,New Asgard,Vibranium (kg),2424.83,4.25,False
2015-06-15T04:00:00,New Asgard,Arc Reactor Cores,704.8,5.1,False
2015-06-15T04:00:00,New Asgard,Pym Particles,716.28,4.68,False
2015-06-15T04:00:00,New Asgard,Clean Water (L),2406.56,5.1,False
2015-06-15T04:00:00,New Asgard,Medical Kits,735.85,3.83,False
2015-06-15T04:00:00,Wakanda,Vibranium (kg),2429.47,4.25,False
2015-06-15T04:00:00,Wakanda,Arc Reactor Cores,704.48,5.1,False
2015-06-15T04:00:00,Wakanda,Pym Particles,714.11,4.68,False
2015-06-15T04:00:00,Wakanda,Clean Water (L),2400.79,5.1,False
2015-06-15T04:00:00,Wakanda,Medical Kits,735.58,3.83,False
2015-06-15T04:00:00,Sokovia,Vibranium (kg),2427.46,4.25,False
2015-06-15T04:00:00,Sokovia,Arc Reactor Cores,707.29,5.1,False
2015-06-15T04:00:00,Sokovia,Pym Particles,716.43,4.68,False
2015-06-15T04:00:00,Sokovia,Clean Water (L),2407.55,5.1,False
2015-06-15T04:00:00,Sokovia,Medical Kits,736.02,3.83,False
2015-06-15T04:00:00,Sanctum Sanctorum,Vibranium (kg),2426.33,4.25,False
2015-06-15T04:00:00,Sanctum Sanctorum,Arc Reactor Cores,709.11,5.1,False
2015-06-15T04:00:00,Sanctum Sanctorum,Pym Particles,716.22,4.68,False
2015-06-15T04:00:00,Sanctum Sanctorum,Clean Water (L),2406.93,5.1,False
2015-06-15T04:00:00,Sanctum Sanctorum,Medical Kits,734.97,3.83,False
2015-06-15T04:00:00,Avengers Compound,Vibranium (kg),2429.25,4.25,False
2015-06-15T04:00:00,Avengers Compound,Arc Reactor Cores,706.31,5.1,False
2015-06-15T04:00:00,Avengers Compound,Pym Particles,721.88,4.68,False
2015-06-15T04:00:00,Avengers Compound,Clean Water (L),2406.57,5.1,False
2015-06-15T04:00:00,Avengers Compound,Medical Kits,736.25,3.83,False
2015-06-15T05:00:00,New Asgard,Vibranium (kg),2426.18,4.61,False
2015-06-15T05:00:00,New Asgard,Arc Reactor Cores,705.98,5.53,False
2015-06-15T05:00:00,New Asgard,Pym Particles,716.17,5.07,False
2015-06-15T05:00:00,New Asgard,Clean Water (L),2405.5,5.53,False
2015-06-15T05:00:00,New Asgard,Medical Kits,737.11,4.15,False
2015-06-15T05:00:00,Wakanda,Vibranium (kg),2429.1,4.61,False
2015-06-15T05:00:00,Wakanda,Arc Reactor Cores,705.15,5.53,False
2015-06-15T05:00:00,Wakanda,Pym Particles,714.57,5.07,False
2015-06-15T05:00:00,Wakanda,Clean Water (L),2401.29,5.53,False
2015-06-15T05:00:00,Wakanda,Medical Kits,735.66,4.15,False
2015-06-15T05:00:00,Sokovia,Vibranium (kg),2427.66,4.61,False
2015-06-15T05:00:00,Sokovia,Arc Reactor Cores,707.06,5.53,False
2015-06-15T05:00:00,Sokovia,Pym Particles,716.31,5.07,False
2015-06-15T05:00:00,Sokovia,Clean Water (L),2407.76,5.53,False
2015-06-15T05:00:00,Sokovia,Medical Kits,735.52,4.15,False
2015-06-15T05:00:00,Sanctum Sanctorum,Vibranium (kg),2427.3,4.61,False
2015-06-15T05:00:00,Sanctum Sanctorum,Arc Reactor Cores,707.92,5.53,False
2015-06-15T05:00:00,Sanctum Sanctorum,Pym Particles,715.98,5.07,False
2015-06-15T05:00:00,Sanctum Sanctorum,Clean Water (L),2407.19,5.53,False
2015-06-15T05:00:00,Sanctum Sanctorum,Medical Kits,734.43,4.15,False
2015-06-15T05:00:00,Avengers Compound,Vibranium (kg),2430.86,4.61,False
2015-06-15T05:00:00,Avengers Compound,Arc Reactor Cores,706.66,5.53,False
2015-06-15T05:00:00,Avengers Compound,Pym Particles,723.52,5.07,False
2015-06-15T05:00:00,Avengers Compound,Clean Water (L),2407.77,5.53,False
2015-06-15T05:00:00,Avengers Compound,Medical Kits,736.58,4.15,False
2015-06-15T06:00:00,New Asgard,Vibranium (kg),2425.62,5.0,False
2015-06-15T06:00:00,New Asgard,Arc Reactor Cores,705.33,6.0,False
2015-06-15T06:00:00,New Asgard,Pym Particles,714.67,5.5,False
2015-06-15T06:00:00,New Asgard,Clean Water (L),2405.67,6.0,False
2015-06-15T06:00:00,New Asgard,Medical Kits,737.12,4.5,False
2015-06-15T06:00:00,Wakanda,Vibranium (kg),2427.68,5.0,False
2015-06-15T06:00:00,Wakanda,Arc Reactor Cores,704.41,6.0,False
2015-06-15T06:00:00,Wakanda,Pym Particles,715.22,5.5,False
2015-06-15T06:00:00,Wakanda,Clean Water (L),2401.97,6.0,False
2015-06-15T06:00:00,Wakanda,Medical Kits,735.93,4.5,False
2015-06-15T06:00:00,Sokovia,Vibranium (kg),2427.59,5.0,False
2015-06-15T06:00:00,Sokovia,Arc Reactor Cores,705.93,6.0,False
2015-06-15T06:00:00,Sokovia,Pym Particles,715.87,5.5,False
2015-06-15T06:00:00,Sokovia,Clean Water (L),2408.6,6.0,False
2015-06-15T06:00:00,Sokovia,Medical Kits,734.22,4.5,False
2015-06-15T06:00:00,Sanctum Sanctorum,Vibranium (kg),2426.4,5.0,False
2015-06-15T06:00:00,Sanctum Sanctorum,Arc Reactor Cores,705.98,6.0,False
2015-06-15T06:00:00,Sanctum Sanctorum,Pym Particles,716.23,5.5,False
2015-06-15T06:00:00,Sanctum Sanctorum,Clean Water (L),2407.27,6.0,False
2015-06-15T06:00:00,Sanctum Sanctorum,Medical Kits,733.69,4.5,False
2015-06-15T06:00:00,Avengers Compound,Vibranium (kg),2431.82,5.0,False
2015-06-15T06:00:00,Avengers Compound,Arc Reactor Cores,707.39,6.0,False
2015-06-15T06:00:00,Avengers Compound,Pym Particles,722.67,5.5,False
2015-06-15T06:00:00,Avengers Compound,Clean Water (L),2407.11,6.0,False
2015-06-15T06:00:00,Avengers Compound,Medical Kits,736.73,4.5,False
2015-06-15T07:00:00,New Asgard,Vibranium (kg),2425.65,5.39,False
2015-06-15T07:00:00,New Asgard,Arc Reactor Cores,704.14,6.47,False
2015-06-15T07:00:00,New Asgard,Pym Particles,712.77,5.93,False
2015-06-15T07:00:00,New Asgard,Clean Water (L),2404.4,6.47,False
2015-06-15T07:00:00,New Asgard,Medical Kits,737.08,4.85,False
2015-06-15T07:00:00,Wakanda,Vibranium (kg),2427.57,5.39,False
2015-06-15T07:00:00,Wakanda,Arc Reactor Cores,704.96,6.47,False
2015-06-15T07:00:00,Wakanda,Pym Particles,713.37,5.93,False
2015-06-15T07:00:00,Wakanda,Clean Water (L),2401.6,6.47,False
2015-06-15T07:00:00,Wakanda,Medical Kits,737.17,4.85,False
2015-06-15T07:00:00,Sokovia,Vibranium (kg),2427.01,5.39,False
2015-06-15T07:00:00,Sokovia,Arc Reactor Cores,704.95,6.47,False
2015-06-15T07:00:00,Sokovia,Pym Particles,715.88,5.93,False
2015-06-15T07:00:00,Sokovia,Clean Water (L),2407.84,6.47,False
2015-06-15T07:00:00,Sokovia,Medical Kits,732.52,4.85,False
2015-06-15T07:00:00,Sanctum Sanctorum,Vibranium (kg),2425.34,5.39,False
2015-06-15T07:00:00,Sanctum Sanctorum,Arc Reactor Cores,705.92,6.47,False
2015-06-15T07:00:00,Sanctum Sanctorum,Pym Particles,716.2,5.93,False
2015-06-15T07:00:00,Sanctum Sanctorum,Clean Water (L),2407.15,6.47,False
2015-06-15T07:00:00,Sanctum Sanctorum,Medical Kits,733.62,4.85,False
2015-06-15T07:00:00,Avengers Compound,Vibranium (kg),2430.12,5.39,False
2015-06-15T07:00:00,Avengers Compound,Arc Reactor Cores,705.62,6.47,False
2015-06-15T07:00:00,Avengers Compound,Pym Particles,722.14,5.93,False
2015-06-15T07:00:00,Avengers Compound,Clean Water (L),2406.38,6.47,False
2015-06-15T07:00:00,Avengers Compound,Medical Kits,735.99,4.85,False
2015-06-15T08:00:00,New Asgard,Vibranium (kg),2424.45,5.75,False
2015-06-15T08:00:00,New Asgard,Arc Reactor Cores,703.24,6.9,False
2015-06-15T08:00:00,New Asgard,Pym Particles,710.32,6.32,False
2015-06-15T08:00:00,New Asgard,Clean Water (L),2403.75,6.9,False
2015-06-15T08:00:00,New Asgard,Medical Kits,735.39,5.17,False
2015-06-15T08:00:00,Wakanda,Vibranium (kg),2425.34,5.75,False
2015-06-15T08:00:00,Wakanda,Arc Reactor Cores,705.12,6.9,False
2015-06-15T08:00:00,Wakanda,Pym Particles,713.13,6.32,False
2015-06-15T08:00:00,Wakanda,Clean Water (L),2400.67,6.9,False
2015-06-15T08:00:00,Wakanda,Medical Kits,736.06,5.17,False
2015-06-15T08:00:00,Sokovia,Vibranium (kg),2425.12,5.75,False
2015-06-15T08:00:00,Sokovia,Arc Reactor Cores,705.13,6.9,False
2015-06-15T08:00:00,Sokovia,Pym Particles,715.2,6.32,False
2015-06-15T08:00:00,Sokovia,Clean Water (L),2406.71,6.9,False
2015-06-15T08:00:00,Sokovia,Medical Kits,731.89,5.17,False
2015-06-15T08:00:00,Sanctum Sanctorum,Vibranium (kg),2424.88,5.75,False
2015-06-15T08:00:00,Sanctum Sanctorum,Arc Reactor Cores,704.61,6.9,False
2015-06-15T08:00:00,Sanctum Sanctorum,Pym Particles,714.14,6.32,False
2015-06-15T08:00:00,Sanctum Sanctorum,Clean Water (L),2404.92,6.9,False
2015-06-15T08:00:00,Sanctum Sanctorum,Medical Kits,733.9,5.17,False
2015-06-15T08:00:00,Avengers Compound,Vibranium (kg),2430.24,5.75,False
2015-06-15T08:00:00,Avengers Compound,Arc Reactor Cores,703.37,6.9,False
2015-06-15T08:00:00,Avengers Compound,Pym Particles,722.15,6.32,False
2015-06-15T08:00:00,Avengers Compound,Clean Water (L),2405.93,6.9,False
2015-06-15T08:00:00,Avengers Compound,Medical Kits,736.29,5.17,False
2015-06-15T09:00:00,New Asgard,Vibranium (kg),2423.65,6.06,False
2015-06-15T09:00:00,New Asgard,Arc Reactor Cores,702.33,7.27,False
2015-06-15T09:00:00,New Asgard,Pym Particles,709.58,6.67,False
2015-06-15T09:00:00,New Asgard,Clean Water (L),2402.48,7.27,False
2015-06-15T09:00:00,New Asgard,Medical Kits,733.23,5.45,False
2015-06-15T09:00:00,Wakanda,Vibranium (kg),2425.32,6.06,False
2015-06-15T09:00:00,Wakanda,Arc Reactor Cores,701.96,7.27,False
2015-06-15T09:00:00,Wakanda,Pym Particles,710.24,6.67,False
2015-06-15T09:00:00,Wakanda,Clean Water (L),2399.05,7.27,False
2015-06-15T09:00:00,Wakanda,Medical Kits,735.21,5.45,False
2015-06-15T09:00:00,Sokovia,Vibranium (kg),2423.1,6.06,False
2015-06-15T09:00:00,Sokovia,Arc Reactor Cores,704.67,7.27,False
2015-06-15T09:00:00,Sokovia,Pym Particles,714.54,6.67,False
2015-06-15T09:00:00,Sokovia,Clean Water (L),2406.53,7.27,False
2015-06-15T09:00:00,Sokovia,Medical Kits,731.5,5.45,False
2015-06-15T09:00:00,Sanctum Sanctorum,Vibranium (kg),2422.97,6.06,False
2015-06-15T09:00:00,Sanctum Sanctorum,Arc Reactor Cores,702.1,7.27,False
2015-06-15T09:00:00,Sanctum Sanctorum,Pym Particles,711.87,6.67,False
2015-06-15T09:00:00,Sanctum Sanctorum,Clean Water (L),2402.52,7.27,False
2015-06-15T09:00:00,Sanctum Sanctorum,Medical Kits,732.64,5.45,False
2015-06-15T09:00:00,Avengers Compound,Vibranium (kg),2427.86,6.06,False
2015-06-15T09:00:00,Avengers Compound,Arc Reactor Cores,701.02,7.27,False
2015-06-15T09:00:00,Avengers Compound,Pym Particles,721.35,6.67,False
2015-06-15T09:00:00,Avengers Compound,Clean Water (L),2404.66,7.27,False
2015-06-15T09:00:00,Avengers Compound,Medical Kits,733.78,5.45,False
2015-06-15T10:00:00,New Asgard,Vibranium (kg),2422.03,6.3,False
2015-06-15T10:00:00,New Asgard,Arc Reactor Cores,699.54,7.56,False
2015-06-15T10:00:00,New Asgard,Pym Particles,708.9,6.93,False
2015-06-15T10:00:00,New Asgard,Clean Water (L),2400.54,7.56,False
2015-06-15T10:00:00,New Asgard,Medical Kits,731.2,5.67,False
2015-06-15T10:00:00,Wakanda,Vibranium (kg),2424.84,6.3,False
2015-06-15T10:00:00,Wakanda,Arc Reactor Cores,700.34,7.56,False
2015-06-15T10:00:00,Wakanda,Pym Particles,709.92,6.93,False
2015-06-15T10:00:00,Wakanda,Clean Water (L),2397.22,7.56,False
2015-06-15T10:00:00,Wakanda,Medical Kits,735.07,5.67,False
2015-06-15T10:00:00,Sokovia,Vibranium (kg),2421.49,6.3,False
2015-06-15T10:00:00,Sokovia,Arc Reactor Cores,701.96,7.56,False
2015-06-15T10:00:00,Sokovia,Pym Particles,712.04,6.93,False
2015-06-15T10:00:00,Sokovia,Clean Water (L),2405.43,7.56,False
2015-06-15T10:00:00,Sokovia,Medical Kits,729.89,5.67,False
2015-06-15T10:00:00,Sanctum Sanctorum,Vibranium (kg),2420.85,6.3,False
2015-06-15T10:00:00,Sanctum Sanctorum,Arc Reactor Cores,699.13,7.56,False
2015-06-15T10:00:00,Sanctum Sanctorum,Pym Particles,709.83,6.93,False
2015-06-15T10:00:00,Sanctum Sanctorum,Clean Water (L),2401.8,7.56,False
2015-06-15T10:00:00,Sanctum Sanctorum,Medical Kits,731.94,5.67,False
2015-06-15T10:00:00,Avengers Compound,Vibranium (kg),2426.13,6.3,False
2015-06-15T10:00:00,Avengers Compound,Arc Reactor Cores,700.74,7.56,False
2015-06-15T10:00:00,Avengers Compound,Pym Particles,720.33,6.93,False
2015-06-15T10:00:00,Avengers Compound,Clean Water (L),2403.89,7.56,False
2015-06-15T10:00:00,Avengers Compound,Medical Kits,732.14,5.67,False
2015-06-15T11:00:00,New Asgard,Vibranium (kg),2420.5,6.45,False
2015-06-15T11:00:00,New Asgard,Arc Reactor Cores,697.08,7.74,False
2015-06-15T11:00:00,New Asgard,Pym Particles,706.27,7.09,False
2015-06-15T11:00:00,New Asgard,Clean Water (L),2397.34,7.74,False
2015-06-15T11:00:00,New Asgard,Medical Kits,728.69,5.8,False
2015-06-15T11:00:00,Wakanda,Vibranium (kg),2424.14,6.45,False
2015-06-15T11:00:00,Wakanda,Arc Reactor Cores,697.14,7.74,False
2015-06-15T11:00:00,Wakanda,Pym Particles,707.83,7.09,False
2015-06-15T11:00:00,Wakanda,Clean Water (L),2395.41,7.74,False
2015-06-15T11:00:00,Wakanda,Medical Kits,733.13,5.8,False
2015-06-15T11:00:00,Sokovia,Vibranium (kg),2420.06,6.45,False
2015-06-15T11:00:00,Sokovia,Arc Reactor Cores,700.38,7.74,False
2015-06-15T11:00:00,Sokovia,Pym Particles,711.3,7.09,False
2015-06-15T11:00:00,Sokovia,Clean Water (L),2402.84,7.74,False
2015-06-15T11:00:00,Sokovia,Medical Kits,727.4,5.8,False
2015-06-15T11:00:00,Sanctum Sanctorum,Vibranium (kg),2419.33,6.45,False
2015-06-15T11:00:00,Sanctum Sanctorum,Arc Reactor Cores,697.02,7.74,False
2015-06-15T11:00:00,Sanctum Sanctorum,Pym Particles,707.79,7.09,False
2015-06-15T11:00:00,Sanctum Sanctorum,Clean Water (L),2401.0,7.74,False
2015-06-15T11:00:00,Sanctum Sanctorum,Medical Kits,730.03,5.8,False
2015-06-15T11:00:00,Avengers Compound,Vibranium (kg),2424.33,6.45,False
2015-06-15T11:00:00,Avengers Compound,Arc Reactor Cores,698.78,7.74,False
2015-06-15T11:00:00,Avengers Compound,Pym Particles,717.64,7.09,False
2015-06-15T11:00:00,Avengers Compound,Clean Water (L),2401.64,7.74,False
2015-06-15T11:00:00,Avengers Compound,Medical Kits,730.69,5.8,False
2015-06-15T12:00:00,New Asgard,Vibranium (kg),2420.79,6.5,False
2015-06-15T12:00:00,New Asgard,Arc Reactor Cores,696.09,7.8,False
2015-06-15T12:00:00,New Asgard,Pym Particles,704.98,7.15,False
2015-06-15T12:00:00,New Asgard,Clean Water (L),2396.49,7.8,False
2015-06-15T12:00:00,New Asgard,Medical Kits,727.57,5.85,False
2015-06-15T12:00:00,Wakanda,Vibranium (kg),2422.61,6.5,False
2015-06-15T12:00:00,Wakanda,Arc Reactor Cores,695.69,7.8,False
2015-06-15T12:00:00,Wakanda,Pym Particles,705.93,7.15,False
2015-06-15T12:00:00,Wakanda,Clean Water (L),2393.19,7.8,False
2015-06-15T12:00:00,Wakanda,Medical Kits,730.79,5.85,False
2015-06-15T12:00:00,Sokovia,Vibranium (kg),2418.45,6.5,False
2015-06-15T12:00:00,Sokovia,Arc Reactor Cores,699.56,7.8,False
2015-06-15T12:00:00,Sokovia,Pym Particles,709.17,7.15,False
2015-06-15T12:00:00,Sokovia,Clean Water (L),2400.84,7.8,False
2015-06-15T12:00:00,Sokovia,Medical Kits,727.57,5.85,False
2015-06-15T12:00:00,Sanctum Sanctorum,Vibranium (kg),2417.88,6.5,False
2015-06-15T12:00:00,Sanctum Sanctorum,Arc Reactor Cores,695.89,7.8,False
2015-06-15T12:00:00,Sanctum Sanctorum,Pym Particles,707.69,7.15,False
2015-06-15T12:00:00,Sanctum Sanctorum,Clean Water (L),2399.38,7.8,False
2015-06-15T12:00:00,Sanctum Sanctorum,Medical Kits,727.7,5.85,False
2015-06-15T12:00:00,Avengers Compound,Vibranium (kg),2423.15,6.5,False
2015-06-15T12:00:00,Avengers Compound,Arc Reactor Cores,696.19,7.8,False
2015-06-15T12:00:00,Avengers Compound,Pym Particles,715.66,7.15,False
2015-06-15T12:00:00,Avengers Compound,Clean Water (L),2401.48,7.8,False
2015-06-15T12:00:00,Avengers Compound,Medical Kits,729.61,5.85,False
2015-06-15T13:00:00,New Asgard,Vibranium (kg),2418.98,6.45,False
2015-06-15T13:00:00,New Asgard,Arc Reactor Cores,695.89,7.74,False
2015-06-15T13:00:00,New Asgard,Pym Particles,702.38,7.09,False
2015-06-15T13:00:00,New Asgard,Clean Water (L),2394.27,7.74,False
2015-06-15T13:00:00,New Asgard,Medical Kits,726.63,5.8,False
2015-06-15T13:00:00,Wakanda,Vibranium (kg),2420.68,6.45,False
2015-06-15T13:00:00,Wakanda,Arc Reactor Cores,694.21,7.74,False
2015-06-15T13:00:00,Wakanda,Pym Particles,704.16,7.09,False
2015-06-15T13:00:00,Wakanda,Clean Water (L),2391.69,7.74,False
2015-06-15T13:00:00,Wakanda,Medical Kits,728.45,5.8,False
2015-06-15T13:00:00,Sokovia,Vibranium (kg),2418.11,6.45,False
2015-06-15T13:00:00,Sokovia,Arc Reactor Cores,698.01,7.74,False
2015-06-15T13:00:00,Sokovia,Pym Particles,706.91,7.09,False
2015-06-15T13:00:00,Sokovia,Clean Water (L),2400.79,7.74,False
2015-06-15T13:00:00,Sokovia,Medical Kits,727.71,5.8,False
2015-06-15T13:00:00,Sanctum Sanctorum,Vibranium (kg),2417.75,6.45,False
2015-06-15T13:00:00,Sanctum Sanctorum,Arc Reactor Cores,693.74,7.74,False
2015-06-15T13:00:00,Sanctum Sanctorum,Pym Particles,705.03,7.09,False
2015-06-15T13:00:00,Sanctum Sanctorum,Clean Water (L),2396.49,7.74,False
2015-06-15T13:00:00,Sanctum Sanctorum,Medical Kits,725.1,5.8,False
2015-06-15T13:00:00,Avengers Compound,Vibranium (kg),2421.06,6.45,False
2015-06-15T13:00:00,Avengers Compound,Arc Reactor Cores,695.08,7.74,False
2015-06-15T13:00:00,Avengers Compound,Pym Particles,712.81,7.09,False
2015-06-15T13:00:00,Avengers Compound,Clean Water (L),2401.17,7.74,False
2015-06-15T13:00:00,Avengers Compound,Medical Kits,728.42,5.8,False
2015-06-15T14:00:00,New Asgard,Vibranium (kg),2417.4,6.3,False
2015-06-15T14:00:00,New Asgard,Arc Reactor Cores,694.1,7.56,False
2015-06-15T14:00:00,New Asgard,Pym Particles,701.83,6.93,False
2015-06-15T14:00:00,New Asgard,Clean Water (L),2391.66,7.56,False
2015-06-15T14:00:00,New Asgard,Medical Kits,725.75,5.67,False
2015-06-15T14:00:00,Wakanda,Vibranium (kg),2419.38,6.3,False
2015-06-15T14:00:00,Wakanda,Arc Reactor Cores,692.11,7.56,False
2015-06-15T14:00:00,Wakanda,Pym Particles,702.37,6.93,False
2015-06-15T14:00:00,Wakanda,Clean Water (L),2389.65,7.56,False
2015-06-15T14:00:00,Wakanda,Medical Kits,727.62,5.67,False
2015-06-15T14:00:00,Sokovia,Vibranium (kg),2416.97,6.3,False
2015-06-15T14:00:00,Sokovia,Arc Reactor Cores,696.75,7.56,False
2015-06-15T14:00:00,Sokovia,Pym Particles,705.99,6.93,False
2015-06-15T14:00:00,Sokovia,Clean Water (L),2398.21,7.56,False
2015-06-15T14:00:00,Sokovia,Medical Kits,725.29,5.67,False
2015-06-15T14:00:00,Sanctum Sanctorum,Vibranium (kg),2416.45,6.3,False
2015-06-15T14:00:00,Sanctum Sanctorum,Arc Reactor Cores,693.92,7.56,False
2015-06-15T14:00:00,Sanctum Sanctorum,Pym Particles,704.22,6.93,False
2015-06-15T14:00:00,Sanctum Sanctorum,Clean Water (L),2395.5,7.56,False
2015-06-15T14:00:00,Sanctum Sanctorum,Medical Kits,723.43,5.67,False
2015-06-15T14:00:00,Avengers Compound,Vibranium (kg),2420.24,6.3,False
2015-06-15T14:00:00,Avengers Compound,Arc Reactor Cores,693.5,7.56,False
2015-06-15T14:00:00,Avengers Compound,Pym Particles,712.63,6.93,False
2015-06-15T14:00:00,Avengers Compound,Clean Water (L),2399.14,7.56,False
2015-06-15T14:00:00,Avengers Compound,Medical Kits,725.51,5.67,False
2015-06-15T15:00:00,New Asgard,Vibranium (kg),2415.39,6.06,False
2015-06-15T15:00:00,New Asgard,Arc Reactor Cores,693.85,7.27,False
2015-06-15T15:00:00,New Asgard,Pym Particles,700.83,6.67,False
2015-06-15T15:00:00,New Asgard,Clean Water (L),2391.35,7.27,False
2015-06-15T15:00:00,New Asgard,Medical Kits,724.86,5.45,False
2015-06-15T15:00:00,Wakanda,Vibranium (kg),2418.58,6.06,False
2015-06-15T15:00:00,Wakanda,Arc Reactor Cores,692.75,7.27,False
2015-06-15T15:00:00,Wakanda,Pym Particles,702.26,6.67,False
2015-06-15T15:00:00,Wakanda,Clean Water (L),2389.08,7.27,False
2015-06-15T15:00:00,Wakanda,Medical Kits,728.02,5.45,False
2015-06-15T15:00:00,Sokovia,Vibranium (kg),2415.93,6.06,False
2015-06-15T15:00:00,Sokovia,Arc Reactor Cores,694.51,7.27,False
2015-06-15T15:00:00,Sokovia,Pym Particles,706.44,6.67,False
2015-06-15T15:00:00,Sokovia,Clean Water (L),2397.57,7.27,False
2015-06-15T15:00:00,Sokovia,Medical Kits,724.27,5.45,False
2015-06-15T15:00:00,Sanctum Sanctorum,Vibranium (kg),2415.58,6.06,False
2015-06-15T15:00:00,Sanctum Sanctorum,Arc Reactor Cores,692.23,7.27,False
2015-06-15T15:00:00,Sanctum Sanctorum,Pym Particles,704.16,6.67,False
2015-06-15T15:00:00,Sanctum Sanctorum,Clean Water (L),2394.87,7.27,False
2015-06-15T15:00:00,Sanctum Sanctorum,Medical Kits,723.97,5.45,False
2015-06-15T15:00:00,Avengers Compound,Vibranium (kg),2418.12,6.06,False
2015-06-15T15:00:00,Avengers Compound,Arc Reactor Cores,694.3,7.27,False
2015-06-15T15:00:00,Avengers Compound,Pym Particles,711.71,6.67,False
2015-06-15T15:00:00,Avengers Compound,Clean Water (L),2398.34,7.27,False
2015-06-15T15:00:00,Avengers Compound,Medical Kits,724.96,5.45,False
2015-06-15T16:00:00,New Asgard,Vibranium (kg),2415.61,5.75,False
2015-06-15T16:00:00,New Asgard,Arc Reactor Cores,692.96,6.9,False
2015-06-15T16:00:00,New Asgard,Pym Particles,700.94,6.32,False
2015-06-15T16:00:00,New Asgard,Clean Water (L),2392.28,6.9,False
2015-06-15T16:00:00,New Asgard,Medical Kits,724.19,5.17,False
2015-06-15T16:00:00,Wakanda,Vibranium (kg),2416.89,5.75,False
2015-06-15T16:00:00,Wakanda,Arc Reactor Cores,690.61,6.9,False
2015-06-15T16:00:00,Wakanda,Pym Particles,699.88,6.32,False
2015-06-15T16:00:00,Wakanda,Clean Water (L),2390.12,6.9,False
2015-06-15T16:00:00,Wakanda,Medical Kits,727.92,5.17,False
2015-06-15T16:00:00,Sokovia,Vibranium (kg),2415.75,5.75,False
2015-06-15T16:00:00,Sokovia,Arc Reactor Cores,693.92,6.9,False
2015-06-15T16:00:00,Sokovia,Pym Particles,704.12,6.32,False
2015-06-15T16:00:00,Sokovia,Clean Water (L),2397.64,6.9,False
2015-06-15T16:00:00,Sokovia,Medical Kits,724.27,5.17,False
2015-06-15T16:00:00,Sanctum Sanctorum,Vibranium (kg),2415.25,5.75,False
2015-06-15T16:00:00,Sanctum Sanctorum,Arc Reactor Cores,692.05,6.9,False
2015-06-15T16:00:00,Sanctum Sanctorum,Pym Particles,703.99,6.32,False
2015-06-15T16:00:00,Sanctum Sanctorum,Clean Water (L),2394.18,6.9,False
2015-06-15T16:00:00,Sanctum Sanctorum,Medical Kits,723.77,5.17,False
2015-06-15T16:00:00,Avengers Compound,Vibranium (kg),2418.65,5.75,False
2015-06-15T16:00:00,Avengers Compound,Arc Reactor Cores,694.13,6.9,False
2015-06-15T16:00:00,Avengers Compound,Pym Particles,710.01,6.32,False
2015-06-15T16:00:00,Avengers Compound,Clean Water (L),2398.33,6.9,False
2015-06-15T16:00:00,Avengers Compound,Medical Kits,723.61,5.17,False
2015-06-15T17:00:00,New Asgard,Vibranium (kg),2416.4,5.39,False
2015-06-15T17:00:00,New Asgard,Arc Reactor Cores,694.15,6.47,False
2015-06-15T17:00:00,New Asgard,Pym Particles,700.04,5.93,False
2015-06-15T17:00:00,New Asgard,Clean Water (L),2392.46,6.47,False
2015-06-15T17:00:00,New Asgard,Medical Kits,724.08,4.85,False
2015-06-15T17:00:00,Wakanda,Vibranium (kg),2417.13,5.39,False
2015-06-15T17:00:00,Wakanda,Arc Reactor Cores,689.98,6.47,False
2015-06-15T17:00:00,Wakanda,Pym Particles,699.55,5.93,False
2015-06-15T17:00:00,Wakanda,Clean Water (L),2389.58,6.47,False
2015-06-15T17:00:00,Wakanda,Medical Kits,728.43,4.85,False
2015-06-15T17:00:00,Sokovia,Vibranium (kg),2417.22,5.39,False
2015-06-15T17:00:00,Sokovia,Arc Reactor Cores,692.62,6.47,False
2015-06-15T17:00:00,Sokovia,Pym Particles,704.79,5.93,False
2015-06-15T17:00:00,Sokovia,Clean Water (L),2396.99,6.47,False
2015-06-15T17:00:00,Sokovia,Medical Kits,723.2,4.85,False
2015-06-15T17:00:00,Sanctum Sanctorum,Vibranium (kg),2416.14,5.39,False
2015-06-15T17:00:00,Sanctum Sanctorum,Arc Reactor Cores,691.5,6.47,False
2015-06-15T17:00:00,Sanctum Sanctorum,Pym Particles,703.25,5.93,False
2015-06-15T17:00:00,Sanctum Sanctorum,Clean Water (L),2393.85,6.47,False
2015-06-15T17:00:00,Sanctum Sanctorum,Medical Kits,723.58,4.85,False
2015-06-15T17:00:00,Avengers Compound,Vibranium (kg),2417.93,5.39,False
2015-06-15T17:00:00,Avengers Compound,Arc Reactor Cores,695.79,6.47,False
2015-06-15T17:00:00,Avengers Compound,Pym Particles,710.49,5.93,False
2015-06-15T17:00:00,Avengers Compound,Clean Water (L),2396.95,6.47,False
2015-06-15T17:00:00,Avengers Compound,Medical Kits,722.35,4.85,False
2015-06-15T18:00:00,New Asgard,Vibranium (kg),2415.63,5.0,False
2015-06-15T18:00:00,New Asgard,Arc Reactor Cores,694.96,6.0,False
2015-06-15T18:00:00,New Asgard,Pym Particles,699.32,5.5,False
2015-06-15T18:00:00,New Asgard,Clean Water (L),2393.56,6.0,False
2015-06-15T18:00:00,New Asgard,Medical Kits,723.83,4.5,False
2015-06-15T18:00:00,Wakanda,Vibranium (kg),2415.77,5.0,False
2015-06-15T18:00:00,Wakanda,Arc Reactor Cores,690.47,6.0,False
2015-06-15T18:00:00,Wakanda,Pym Particles,700.0,5.5,False
2015-06-15T18:00:00,Wakanda,Clean Water (L),2391.28,6.0,False
2015-06-15T18:00:00,Wakanda,Medical Kits,728.45,4.5,False
2015-06-15T18:00:00,Sokovia,Vibranium (kg),2417.13,5.0,False
2015-06-15T18:00:00,Sokovia,Arc Reactor Cores,693.38,6.0,False
2015-06-15T18:00:00,Sokovia,Pym Particles,704.63,5.5,False
2015-06-15T18:00:00,Sokovia,Clean Water (L),2398.29,6.0,False
2015-06-15T18:00:00,Sokovia,Medical Kits,723.45,4.5,False
2015-06-15T18:00:00,Sanctum Sanctorum,Vibranium (kg),2417.16,5.0,False
2015-06-15T18:00:00,Sanctum Sanctorum,Arc Reactor Cores,691.26,6.0,False
2015-06-15T18:00:00,Sanctum Sanctorum,Pym Particles,703.61,5.5,False
2015-06-15T18:00:00,Sanctum Sanctorum,Clean Water (L),2394.09,6.0,False
2015-06-15T18:00:00,Sanctum Sanctorum,Medical Kits,722.86,4.5,False
2015-06-15T18:00:00,Avengers Compound,Vibranium (kg),2417.12,5.0,False
2015-06-15T18:00:00,Avengers Compound,Arc Reactor Cores,695.86,6.0,False
2015-06-15T18:00:00,Avengers Compound,Pym Particles,710.13,5.5,False
2015-06-15T18:00:00,Avengers Compound,Clean Water (L),2395.39,6.0,False
2015-06-15T18:00:00,Avengers Compound,Medical Kits,722.74,4.5,False
2015-06-15T19:00:00,New Asgard,Vibranium (kg),2416.14,4.61,False
2015-06-15T19:00:00,New Asgard,Arc Reactor Cores,695.82,5.53,False
2015-06-15T19:00:00,New Asgard,Pym Particles,700.25,5.07,False
2015-06-15T19:00:00,New Asgard,Clean Water (L),2394.1,5.53,False
2015-06-15T19:00:00,New Asgard,Medical Kits,725.31,4.15,False
2015-06-15T19:00:00,Wakanda,Vibranium (kg),2415.65,4.61,False
2015-06-15T19:00:00,Wakanda,Arc Reactor Cores,692.12,5.53,False
2015-06-15T19:00:00,Wakanda,Pym Particles,699.76,5.07,False
2015-06-15T19:00:00,Wakanda,Clean Water (L),2391.46,5.53,False
2015-06-15T19:00:00,Wakanda,Medical Kits,729.44,4.15,False
2015-06-15T19:00:00,Sokovia,Vibranium (kg),2418.01,4.61,False
2015-06-15T19:00:00,Sokovia,Arc Reactor Cores,693.75,5.53,False
2015-06-15T19:00:00,Sokovia,Pym Particles,706.3,5.07,False
2015-06-15T19:00:00,Sokovia,Clean Water (L),2399.3,5.53,False
2015-06-15T19:00:00,Sokovia,Medical Kits,723.25,4.15,False
2015-06-15T19:00:00,Sanctum Sanctorum,Vibranium (kg),2416.98,4.61,False
2015-06-15T19:00:00,Sanctum Sanctorum,Arc Reactor Cores,691.06,5.53,False
2015-06-15T19:00:00,Sanctum Sanctorum,Pym Particles,704.96,5.07,False
2015-06-15T19:00:00,Sanctum Sanctorum,Clean Water (L),2395.16,5.53,False
2015-06-15T19:00:00,Sanctum Sanctorum,Medical Kits,723.14,4.15,False
2015-06-15T19:00:00,Avengers Compound,Vibranium (kg),2417.61,4.61,False
2015-06-15T19:00:00,Avengers Compound,Arc Reactor Cores,696.01,5.53,False
2015-06-15T19:00:00,Avengers Compound,Pym Particles,710.76,5.07,False
2015-06-15T19:00:00,Avengers Compound,Clean Water (L),2394.97,5.53,False
2015-06-15T19:00:00,Avengers Compound,Medical Kits,723.81,4.15,False
2015-06-15T20:00:00,New Asgard,Vibranium (kg),2418.23,4.25,False
2015-06-15T20:00:00,New Asgard,Arc Reactor Cores,697.88,5.1,False
2015-06-15T20:00:00,New Asgard,Pym Particles,701.37,4.68,False
2015-06-15T20:00:00,New Asgard,Clean Water (L),2395.34,5.1,False
2015-06-15T20:00:00,New Asgard,Medical Kits,725.99,3.83,False
2015-06-15T20:00:00,Wakanda,Vibranium (kg),2417.61,4.25,False
2015-06-15T20:00:00,Wakanda,Arc Reactor Cores,692.44,5.1,False
2015-06-15T20:00:00,Wakanda,Pym Particles,700.0,4.68,False
2015-06-15T20:00:00,Wakanda,Clean Water (L),2392.97,5.1,False
2015-06-15T20:00:00,Wakanda,Medical Kits,731.1,3.83,False
2015-06-15T20:00:00,Sokovia,Vibranium (kg),2417.48,4.25,False
2015-06-15T20:00:00,Sokovia,Arc Reactor Cores,694.95,5.1,False
2015-06-15T20:00:00,Sokovia,Pym Particles,707.45,4.68,False
2015-06-15T20:00:00,Sokovia,Clean Water (L),2399.05,5.1,False
2015-06-15T20:00:00,Sokovia,Medical Kits,724.01,3.83,False
2015-06-15T20:00:00,Sanctum Sanctorum,Vibranium (kg),2418.39,4.25,False
2015-06-15T20:00:00,Sanctum Sanctorum,Arc Reactor Cores,692.52,5.1,False
2015-06-15T20:00:00,Sanctum Sanctorum,Pym Particles,706.17,4.68,False
2015-06-15T20:00:00,Sanctum Sanctorum,Clean Water (L),2395.68,5.1,False
2015-06-15T20:00:00,Sanctum Sanctorum,Medical Kits,723.96,3.83,False
2015-06-15T20:00:00,Avengers Compound,Vibranium (kg),2418.47,4.25,False
2015-06-15T20:00:00,Avengers Compound,Arc Reactor Cores,697.73,5.1,False
2015-06-15T20:00:00,Avengers Compound,Pym Particles,713.25,4.68,False
2015-06-15T20:00:00,Avengers Compound,Clean Water (L),2395.76,5.1,False
2015-06-15T20:00:00,Avengers Compound,Medical Kits,724.5,3.83,False
2015-06-15T21:00:00,New Asgard,Vibranium (kg),2420.06,3.94,False
2015-06-15T21:00:00,New Asgard,Arc Reactor Cores,700.14,4.73,False
2015-06-15T21:00:00,New Asgard,Pym Particles,704.26,4.33,False
2015-06-15T21:00:00,New Asgard,Clean Water (L),2395.96,4.73,False
2015-06-15T21:00:00,New Asgard,Medical Kits,728.06,3.55,False
2015-06-15T21:00:00,Wakanda,Vibranium (kg),2418.94,3.94,False
2015-06-15T21:00:00,Wakanda,Arc Reactor Cores,693.24,4.73,False
2015-06-15T21:00:00,Wakanda,Pym Particles,700.22,4.33,False
2015-06-15T21:00:00,Wakanda,Clean Water (L),2395.65,4.73,False
2015-06-15T21:00:00,Wakanda,Medical Kits,731.76,3.55,False
2015-06-15T21:00:00,Sokovia,Vibranium (kg),2418.94,3.94,False
2015-06-15T21:00:00,Sokovia,Arc Reactor Cores,696.84,4.73,False
2015-06-15T21:00:00,Sokovia,Pym Particles,708.22,4.33,False
2015-06-15T21:00:00,Sokovia,Clean Water (L),2400.74,4.73,False
2015-06-15T21:00:00,Sokovia,Medical Kits,725.51,3.55,False
2015-06-15T21:00:00,Sanctum Sanctorum,Vibranium (kg),2419.67,3.94,False
2015-06-15T21:00:00,Sanctum Sanctorum,Arc Reactor Cores,694.62,4.73,False
2015-06-15T21:00:00,Sanctum Sanctorum,Pym Particles,707.88,4.33,False
2015-06-15T21:00:00,Sanctum Sanctorum,Clean Water (L),2395.73,4.73,False
2015-06-15T21:00:00,Sanctum Sanctorum,Medical Kits,725.03,3.55,False
2015-06-15T21:00:00,Avengers Compound,Vibranium (kg),2419.69,3.94,False
2015-06-15T21:00:00,Avengers Compound,Arc Reactor Cores,698.73,4.73,False
2015-06-15T21:00:00,Avengers Compound,Pym Particles,713.65,4.33,False
2015-06-15T21:00:00,Avengers Compound,Clean Water (L),2397.27,4.73,False
2015-06-15T21:00:00,Avengers Compound,Medical Kits,727.01,3.55,False
2015-06-15T22:00:00,New Asgard,Vibranium (kg),2421.51,3.7,False
2015-06-15T22:00:00,New Asgard,Arc Reactor Cores,700.82,4.44,False
2015-06-15T22:00:00,New Asgard,Pym Particles,706.31,4.07,False
2015-06-15T22:00:00,New Asgard,Clean Water (L),2397.33,4.44,False
2015-06-15T22:00:00,New Asgard,Medical Kits,728.55,3.33,False
2015-06-15T22:00:00,Wakanda,Vibranium (kg),2419.34,3.7,False
2015-06-15T22:00:00,Wakanda,Arc Reactor Cores,695.12,4.44,False
2015-06-15T22:00:00,Wakanda,Pym Particles,700.95,4.07,False
2015-06-15T22:00:00,Wakanda,Clean Water (L),2396.84,4.44,False
2015-06-15T22:00:00,Wakanda,Medical Kits,734.17,3.33,False
2015-06-15T22:00:00,Sokovia,Vibranium (kg),2420.04,3.7,False
2015-06-15T22:00:00,Sokovia,Arc Reactor Cores,697.99,4.44,False
2015-06-15T22:00:00,Sokovia,Pym Particles,708.88,4.07,False
2015-06-15T22:00:00,Sokovia,Clean Water (L),2401.8,4.44,False
2015-06-15T22:00:00,Sokovia,Medical Kits,726.0,3.33,False
2015-06-15T22:00:00,Sanctum Sanctorum,Vibranium (kg),2420.22,3.7,False
2015-06-15T22:00:00,Sanctum Sanctorum,Arc Reactor Cores,696.45,4.44,False
2015-06-15T22:00:00,Sanctum Sanctorum,Pym Particles,710.29,4.07,False
2015-06-15T22:00:00,Sanctum Sanctorum,Clean Water (L),2397.57,4.44,False
2015-06-15T22:00:00,Sanctum Sanctorum,Medical Kits,725.54,3.33,False
2015-06-15T22:00:00,Avengers Compound,Vibranium (kg),2422.27,3.7,False
2015-06-15T22:00:00,Avengers Compound,Arc Reactor Cores,700.73,4.44,False
2015-06-15T22:00:00,Avengers Compound,Pym Particles,714.76,4.07,False
2015-06-15T22:00:00,Avengers Compound,Clean Water (L),2399.56,4.44,False
2015-06-15T22:00:00,Avengers Compound,Medical Kits,728.5,3.33,False
2015-06-15T23:00:00,New Asgard,Vibranium (kg),2422.75,3.55,False
2015-06-15T23:00:00,New Asgard,Arc Reactor Cores,703.55,4.26,False
2015-06-15T23:00:00,New Asgard,Pym Particles,709.21,3.91,False
2015-06-15T23:00:00,New Asgard,Clean Water (L),2400.14,4.26,False
2015-06-15T23:00:00,New Asgard,Medical Kits,730.48,3.2,False
2015-06-15T23:00:00,Wakanda,Vibranium (kg),2420.49,3.55,False
2015-06-15T23:00:00,Wakanda,Arc Reactor Cores,697.87,4.26,False
2015-06-15T23:00:00,Wakanda,Pym Particles,703.32,3.91,False
2015-06-15T23:00:00,Wakanda,Clean Water (L),2398.09,4.26,False
2015-06-15T23:00:00,Wakanda,Medical Kits,736.37,3.2,False
2015-06-15T23:00:00,Sokovia,Vibranium (kg),2422.19,3.55,False
2015-06-15T23:00:00,Sokovia,Arc Reactor Cores,700.87,4.26,False
2015-06-15T23:00:00,Sokovia,Pym Particles,711.17,3.91,False
2015-06-15T23:00:00,Sokovia,Clean Water (L),2402.81,4.26,False
2015-06-15T23:00:00,Sokovia,Medical Kits,727.33,3.2,False
2015-06-15T23:00:00,Sanctum Sanctorum,Vibranium (kg),2421.82,3.55,False
2015-06-15T23:00:00,Sanctum Sanctorum,Arc Reactor Cores,697.54,4.26,False
2015-06-15T23:00:00,Sanctum Sanctorum,Pym Particles,713.6,3.91,False
2015-06-15T23:00:00,Sanctum Sanctorum,Clean Water (L),2399.28,4.26,False
2015-06-15T23:00:00,Sanctum Sanctorum,Medical Kits,725.98,3.2,False
2015-06-15T23:00:00,Avengers Compound,Vibranium (kg),2422.91,3.55,False
2015-06-15T23:00:00,Avengers Compound,Arc Reactor Cores,702.65,4.26,False
2015-06-15T23:00:00,Avengers Compound,Pym Particles,716.26,3.91,False
2015-06-15T23:00:00,Avengers Compound,Clean Water (L),2401.19,4.26,False
2015-06-15T23:00:00,Avengers Compound,Medical Kits,730.52,3.2,False
2015-06-16T00:00:00,New Asgard,Vibranium (kg),2424.39,3.5,False
2015-06-16T00:00:00,New Asgard,Arc Reactor Cores,705.97,4.2,False
2015-06-16T00:00:00,New Asgard,Pym Particles,710.81,3.85,False
2015-06-16T00:00:00,New Asgard,Clean Water (L),2403.43,4.2,False
2015-06-16T00:00:00,New Asgard,Medical Kits,731.99,3.15,False
2015-06-16T00:00:00,Wakanda,Vibranium (kg),2422.15,3.5,False
2015-06-16T00:00:00,Wakanda,Arc Reactor Cores,700.09,4.2,False
2015-06-16T00:00:00,Wakanda,Pym Particles,704.91,3.85,False
2015-06-16T00:00:00,Wakanda,Clean Water (L),2400.73,4.2,False
2015-06-16T00:00:00,Wakanda,Medical Kits,736.43,3.15,False
2015-06-16T00:00:00,Sokovia,Vibranium (kg),2422.59,3.5,False
2015-06-16T00:00:00,Sokovia,Arc Reactor Cores,703.54,4.2,False
2015-06-16T00:00:00,Sokovia,Pym Particles,712.41,3.85,False
2015-06-16T00:00:00,Sokovia,Clean Water (L),2404.44,4.2,False
2015-06-16T00:00:00,Sokovia,Medical Kits,729.34,3.15,False
2015-06-16T00:00:00,Sanctum Sanctorum,Vibranium (kg),2423.04,3.5,False
2015-06-16T00:00:00,Sanctum Sanctorum,Arc Reactor Cores,699.13,4.2,False
2015-06-16T00:00:00,Sanctum Sanctorum,Pym Particles,715.62,3.85,False
2015-06-16T00:00:00,Sanctum Sanctorum,Clean Water (L),2401.96,4.2,False
2015-06-16T00:00:00,Sanctum Sanctorum,Medical Kits,727.53,3.15,False
2015-06-16T00:00:00,Avengers Compound,Vibranium (kg),2425.4,3.5,False
2015-06-16T00:00:00,Avengers Compound,Arc Reactor Cores,704.03,4.2,False
2015-06-16T00:00:00,Avengers Compound,Pym Particles,718.69,3.85,False
2015-06-16T00:00:00,Avengers Compound,Clean Water (L),2401.6,4.2,False
2015-06-16T00:00:00,Avengers Compound,Medical Kits,731.45,3.15,False
2015-06-16T01:00:00,New Asgard,Vibranium (kg),2426.54,3.55,False
2015-06-16T01:00:00,New Asgard,Arc Reactor Cores,705.89,4.26,False
2015-06-16T01:00:00,New Asgard,Pym Particles,711.27,3.91,False
2015-06-16T01:00:00,New Asgard,Clean Water (L),2405.82,4.26,False
2015-06-16T01:00:00,New Asgard,Medical Kits,734.21,3.2,False
2015-06-16T01:00:00,Wakanda,Vibranium (kg),2424.85,3.55,False
2015-06-16T01:00:00,Wakanda,Arc Reactor Cores,701.73,4.26,False
2015-06-16T01:00:00,Wakanda,Pym Particles,706.84,3.91,False
2015-06-16T01:00:00,Wakanda,Clean Water (L),2402.87,4.26,False
2015-06-16T01:00:00,Wakanda,Medical Kits,736.7,3.2,False
2015-06-16T01:00:00,Sokovia,Vibranium (kg),2423.9,3.55,False
2015-06-16T01:00:00,Sokovia,Arc Reactor Cores,704.17,4.26,False
2015-06-16T01:00:00,Sokovia,Pym Particles,713.32,3.91,False
2015-06-16T01:00:00,Sokovia,Clean Water (L),2404.94,4.26,False
2015-06-16T01:00:00,Sokovia,Medical Kits,732.16,3.2,False
2015-06-16T01:00:00,Sanctum Sanctorum,Vibranium (kg),2425.68,3.55,False
2015-06-16T01:00:00,Sanctum Sanctorum,Arc Reactor Cores,699.21,4.26,False
2015-06-16T01:00:00,Sanctum Sanctorum,Pym Particles,716.78,3.91,False
2015-06-16T01:00:00,Sanctum Sanctorum,Clean Water (L),2403.19,4.26,False
2015-06-16T01:00:00,Sanctum Sanctorum,Medical Kits,729.31,3.2,False
2015-06-16T01:00:00,Avengers Compound,Vibranium (kg),2426.39,3.55,False
2015-06-16T01:00:00,Avengers Compound,Arc Reactor Cores,706.23,4.26,False
2015-06-16T01:00:00,Avengers Compound,Pym Particles,719.83,3.91,False
2015-06-16T01:00:00,Avengers Compound,Clean Water (L),2402.37,4.26,False
2015-06-16T01:00:00,Avengers Compound,Medical Kits,732.13,3.2,False
2015-06-16T02:00:00,New Asgard,Vibranium (kg),2429.24,3.7,False
2015-06-16T02:00:00,New Asgard,Arc Reactor Cores,707.88,4.44,False
2015-06-16T02:00:00,New Asgard,Pym Particles,713.11,4.07,False
2015-06-16T02:00:00,New Asgard,Clean Water (L),2408.32,4.44,False
2015-06-16T02:00:00,New Asgard,Medical Kits,735.3,3.33,False
2015-06-16T02:00:00,Wakanda,Vibranium (kg),2426.95,3.7,False
2015-06-16T02:00:00,Wakanda,Arc Reactor Cores,704.71,4.44,False
2015-06-16T02:00:00,Wakanda,Pym Particles,708.25,4.07,False
2015-06-16T02:00:00,Wakanda,Clean Water (L),2404.48,4.44,False
2015-06-16T02:00:00,Wakanda,Medical Kits,737.06,3.33,False
2015-06-16T02:00:00,Sokovia,Vibranium (kg),2424.86,3.7,False
2015-06-16T02:00:00,Sokovia,Arc Reactor Cores,705.07,4.44,False
2015-06-16T02:00:00,Sokovia,Pym Particles,715.09,4.07,False
2015-06-16T02:00:00,Sokovia,Clean Water (L),2407.5,4.44,False
2015-06-16T02:00:00,Sokovia,Medical Kits,733.85,3.33,False
2015-06-16T02:00:00,Sanctum Sanctorum,Vibranium (kg),2427.58,3.7,False
2015-06-16T02:00:00,Sanctum Sanctorum,Arc Reactor Cores,700.08,4.44,False
2015-06-16T02:00:00,Sanctum Sanctorum,Pym Particles,718.61,4.07,False
2015-06-16T02:00:00,Sanctum Sanctorum,Clean Water (L),2404.2,4.44,False
2015-06-16T02:00:00,Sanctum Sanctorum,Medical Kits,730.77,3.33,False
2015-06-16T02:00:00,Avengers Compound,Vibranium (kg),2427.61,3.7,False
2015-06-16T02:00:00,Avengers Compound,Arc Reactor Cores,707.19,4.44,False
2015-06-16T02:00:00,Avengers Compound,Pym Particles,719.17,4.07,False
2015-06-16T02:00:00,Avengers Compound,Clean Water (L),2404.63,4.44,False
2015-06-16T02:00:00,Avengers Compound,Medical Kits,732.93,3.33,False
2015-06-16T03:00:00,New Asgard,Vibranium (kg),2428.88,3.94,False
2015-06-16T03:00:00,New Asgard,Arc Reactor Cores,707.39,4.73,False
2015-06-16T03:00:00,New Asgard,Pym Particles,713.69,4.33,False
2015-06-16T03:00:00,New Asgard,Clean Water (L),2410.05,4.73,False
2015-06-16T03:00:00,New Asgard,Medical Kits,736.33,3.55,False
2015-06-16T03:00:00,Wakanda,Vibranium (kg),2427.93,3.94,False
2015-06-16T03:00:00,Wakanda,Arc Reactor Cores,704.04,4.73,False
2015-06-16T03:00:00,Wakanda,Pym Particles,708.23,4.33,False
2015-06-16T03:00:00,Wakanda,Clean Water (L),2406.77,4.73,False
2015-06-16T03:00:00,Wakanda,Medical Kits,736.97,3.55,False
2015-06-16T03:00:00,Sokovia,Vibranium (kg),2425.27,3.94,False
2015-06-16T03:00:00,Sokovia,Arc Reactor Cores,707.1,4.73,False
2015-06-16T03:00:00,Sokovia,Pym Particles,716.63,4.33,False
2015-06-16T03:00:00,Sokovia,Clean Water (L),2408.02,4.73,False
2015-06-16T03:00:00,Sokovia,Medical Kits,734.95,3.55,False
2015-06-16T03:00:00,Sanctum Sanctorum,Vibranium (kg),2426.76,3.94,False
2015-06-16T03:00:00,Sanctum Sanctorum,Arc Reactor Cores,700.94,4.73,False
2015-06-16T03:00:00,Sanctum Sanctorum,Pym Particles,721.09,4.33,False
2015-06-16T03:00:00,Sanctum Sanctorum,Clean Water (L),2404.63,4.73,False
2015-06-16T03:00:00,Sanctum Sanctorum,Medical Kits,731.64,3.55,False
2015-06-16T03:00:00,Avengers Compound,Vibranium (kg),2428.81,3.94,False
2015-06-16T03:00:00,Avengers Compound,Arc Reactor Cores,709.25,4.73,False
2015-06-16T03:00:00,Avengers Compound,Pym Particles,718.8,4.33,False
2015-06-16T03:00:00,Avengers Compound,Clean Water (L),2405.71,4.73,False
2015-06-16T03:00:00,Avengers Compound,Medical Kits,733.72,3.55,False
2015-06-16T04:00:00,New Asgard,Vibranium (kg),2430.87,4.25,False
2015-06-16T04:00:00,New Asgard,Arc Reactor Cores,707.64,5.1,False
2015-06-16T04:00:00,New Asgard,Pym Particles,713.2,4.68,False
2015-06-16T04:00:00,New Asgard,Clean Water (L),2410.89,5.1,False
2015-06-16T04:00:00,New Asgard,Medical Kits,736.94,3.83,False
2015-06-16T04:00:00,Wakanda,Vibranium (kg),2428.45,4.25,False
2015-06-16T04:00:00,Wakanda,Arc Reactor Cores,704.66,5.1,False
2015-06-16T04:00:00,Wakanda,Pym Particles,709.41,4.68,False
2015-06-16T04:00:00,Wakanda,Clean Water (L),2407.16,5.1,False
2015-06-16T04:00:00,Wakanda,Medical Kits,737.07,3.83,False
2015-06-16T04:00:00,Sokovia,Vibranium (kg),2426.8,4.25,False
2015-06-16T04:00:00,Sokovia,Arc Reactor Cores,707.83,5.1,False
2015-06-16T04:00:00,Sokovia,Pym Particles,717.52,4.68,False
2015-06-16T04:00:00,Sokovia,Clean Water (L),2408.53,5.1,False
2015-06-16T04:00:00,Sokovia,Medical Kits,735.66,3.83,False
2015-06-16T04:00:00,Sanctum Sanctorum,Vibranium (kg),2427.35,4.25,False
2015-06-16T04:00:00,Sanctum Sanctorum,Arc Reactor Cores,703.48,5.1,False
2015-06-16T04:00:00,Sanctum Sanctorum,Pym Particles,721.98,4.68,False
2015-06-16T04:00:00,Sanctum Sanctorum,Clean Water (L),2407.0,5.1,False
2015-06-16T04:00:00,Sanctum Sanctorum,Medical Kits,733.0,3.83,False
2015-06-16T04:00:00,Avengers Compound,Vibranium (kg),2429.22,4.25,False
2015-06-16T04:00:00,Avengers Compound,Arc Reactor Cores,708.23,5.1,False
2015-06-16T04:00:00,Avengers Compound,Pym Particles,719.83,4.68,False
2015-06-16T04:00:00,Avengers Compound,Clean Water (L),2405.31,5.1,False
2015-06-16T04:00:00,Avengers Compound,Medical Kits,732.88,3.83,False
2015-06-16T05:00:00,New Asgard,Vibranium (kg),2431.16,4.61,False
2015-06-16T05:00:00,New Asgard,Arc Reactor Cores,707.5,5.53,False
2015-06-16T05:00:00,New Asgard,Pym Particles,713.73,5.07,False
2015-06-16T05:00:00,New Asgard,Clean Water (L),2411.84,5.53,False
2015-06-16T05:00:00,New Asgard,Medical Kits,736.29,4.15,False
2015-06-16T05:00:00,Wakanda,Vibranium (kg),2428.83,4.61,False
2015-06-16T05:00:00,Wakanda,Arc Reactor Cores,703.78,5.53,False
2015-06-16T05:00:00,Wakanda,Pym Particles,708.68,5.07,False
2015-06-16T05:00:00,Wakanda,Clean Water (L),2408.46,5.53,False
2015-06-16T05:00:00,Wakanda,Medical Kits,736.62,4.15,False
2015-06-16T05:00:00,Sokovia,Vibranium (kg),2426.61,4.61,False
2015-06-16T05:00:00,Sokovia,Arc Reactor Cores,709.16,5.53,False
2015-06-16T05:00:00,Sokovia,Pym Particles,716.0,5.07,False
2015-06-16T05:00:00,Sokovia,Clean Water (L),2408.49,5.53,False
2015-06-16T05:00:00,Sokovia,Medical Kits,737.31,4.15,False
2015-06-16T05:00:00,Sanctum Sanctorum,Vibranium (kg),2426.47,4.61,False
2015-06-16T05:00:00,Sanctum Sanctorum,Arc Reactor Cores,704.21,5.53,False
2015-06-16T05:00:00,Sanctum Sanctorum,Pym Particles,722.2,5.07,False
2015-06-16T05:00:00,Sanctum Sanctorum,Clean Water (L),2406.37,5.53,False
2015-06-16T05:00:00,Sanctum Sanctorum,Medical Kits,732.99,4.15,False
2015-06-16T05:00:00,Avengers Compound,Vibranium (kg),2430.59,4.61,False
2015-06-16T05:00:00,Avengers Compound,Arc Reactor Cores,706.54,5.53,False
2015-06-16T05:00:00,Avengers Compound,Pym Particles,719.13,5.07,False
2015-06-16T05:00:00,Avengers Compound,Clean Water (L),2405.31,5.53,False
2015-06-16T05:00:00,Avengers Compound,Medical Kits,734.02,4.15,False
2015-06-16T06:00:00,New Asgard,Vibranium (kg),2431.69,5.0,False
2015-06-16T06:00:00,New Asgard,Arc Reactor Cores,707.82,6.0,False
2015-06-16T06:00:00,New Asgard,Pym Particles,713.77,5.5,False
2015-06-16T06:00:00,New Asgard,Clean Water (L),2410.46,6.0,False
2015-06-16T06:00:00,New Asgard,Medical Kits,737.33,4.5,False
2015-06-16T06:00:00,Wakanda,Vibranium (kg),2427.36,5.0,False
2015-06-16T06:00:00,Wakanda,Arc Reactor Cores,703.64,6.0,False
2015-06-16T06:00:00,Wakanda,Pym Particles,707.84,5.5,False
2015-06-16T06:00:00,Wakanda,Clean Water (L),2408.65,6.0,False
2015-06-16T06:00:00,Wakanda,Medical Kits,735.94,4.5,False
2015-06-16T06:00:00,Sokovia,Vibranium (kg),2427.32,5.0,False
2015-06-16T06:00:00,Sokovia,Arc Reactor Cores,707.94,6.0,False
2015-06-16T06:00:00,Sokovia,Pym Particles,715.17,5.5,False
2015-06-16T06:00:00,Sokovia,Clean Water (L),2407.77,6.0,False
2015-06-16T06:00:00,Sokovia,Medical Kits,737.07,4.5,False
2015-06-16T06:00:00,Sanctum Sanctorum,Vibranium (kg),2425.69,5.0,False
2015-06-16T06:00:00,Sanctum Sanctorum,Arc Reactor Cores,704.93,6.0,False
2015-06-16T06:00:00,Sanctum Sanctorum,Pym Particles,721.02,5.5,False
2015-06-16T06:00:00,Sanctum Sanctorum,Clean Water (L),2407.1,6.0,False
2015-06-16T06:00:00,Sanctum Sanctorum,Medical Kits,733.31,4.5,False
2015-06-16T06:00:00,Avengers Compound,Vibranium (kg),2430.04,5.0,False
2015-06-16T06:00:00,Avengers Compound,Arc Reactor Cores,704.62,6.0,False
2015-06-16T06:00:00,Avengers Compound,Pym Particles,719.91,5.5,False
2015-06-16T06:00:00,Avengers Compound,Clean Water (L),2403.93,6.0,False
2015-06-16T06:00:00,Avengers Compound,Medical Kits,733.65,4.5,False
2015-06-16T07:00:00,New Asgard,Vibranium (kg),2429.65,5.39,False
2015-06-16T07:00:00,New Asgard,Arc Reactor Cores,705.91,6.47,False
2015-06-16T07:00:00,New Asgard,Pym Particles,714.4,5.93,False
2015-06-16T07:00:00,New Asgard,Clean Water (L),2409.59,6.47,False
2015-06-16T07:00:00,New Asgard,Medical Kits,737.02,4.85,False
2015-06-16T07:00:00,Wakanda,Vibranium (kg),2426.59,5.39,False
2015-06-16T07:00:00,Wakanda,Arc Reactor Cores,701.93,6.47,False
2015-06-16T07:00:00,Wakanda,Pym Particles,708.27,5.93,False
2015-06-16T07:00:00,Wakanda,Clean Water (L),2408.09,6.47,False
2015-06-16T07:00:00,Wakanda,Medical Kits,734.56,4.85,False
2015-06-16T07:00:00,Sokovia,Vibranium (kg),2426.49,5.39,False
2015-06-16T07:00:00,Sokovia,Arc Reactor Cores,708.87,6.47,False
2015-06-16T07:00:00,Sokovia,Pym Particles,714.92,5.93,False
2015-06-16T07:00:00,Sokovia,Clean Water (L),2406.66,6.47,False
2015-06-16T07:00:00,Sokovia,Medical Kits,736.93,4.85,False
2015-06-16T07:00:00,Sanctum Sanctorum,Vibranium (kg),2423.6,5.39,False
2015-06-16T07:00:00,Sanctum Sanctorum,Arc Reactor Cores,704.02,6.47,False
2015-06-16T07:00:00,Sanctum Sanctorum,Pym Particles,719.92,5.93,False
2015-06-16T07:00:00,Sanctum Sanctorum,Clean Water (L),2405.3,6.47,False
2015-06-16T07:00:00,Sanctum Sanctorum,Medical Kits,733.59,4.85,False
2015-06-16T07:00:00,Avengers Compound,Vibranium (kg),2430.22,5.39,False
2015-06-16T07:00:00,Avengers Compound,Arc Reactor Cores,704.49,6.47,False
2015-06-16T07:00:00,Avengers Compound,Pym Particles,717.68,5.93,False
2015-06-16T07:00:00,Avengers Compound,Clean Water (L),2401.88,6.47,False
2015-06-16T07:00:00,Avengers Compound,Medical Kits,731.47,4.85,False
2015-06-16T08:00:00,New Asgard,Vibranium (kg),2428.0,5.75,False
2015-06-16T08:00:00,New Asgard,Arc Reactor Cores,706.51,6.9,False
2015-06-16T08:00:00,New Asgard,Pym Particles,712.58,6.32,False
2015-06-16T08:00:00,New Asgard,Clean Water (L),2407.9,6.9,False
2015-06-16T08:00:00,New Asgard,Medical Kits,734.14,5.17,False
2015-06-16T08:00:00,Wakanda,Vibranium (kg),2425.89,5.75,False
2015-06-16T08:00:00,Wakanda,Arc Reactor Cores,700.84,6.9,False
2015-06-16T08:00:00,Wakanda,Pym Particles,706.65,6.32,False
2015-06-16T08:00:00,Wakanda,Clean Water (L),2406.43,6.9,False
2015-06-16T08:00:00,Wakanda,Medical Kits,733.93,5.17,False
2015-06-16T08:00:00,Sokovia,Vibranium (kg),2426.43,5.75,False
2015-06-16T08:00:00,Sokovia,Arc Reactor Cores,707.51,6.9,False
2015-06-16T08:00:00,Sokovia,Pym Particles,713.87,6.32,False
2015-06-16T08:00:00,Sokovia,Clean Water (L),2406.06,6.9,False
2015-06-16T08:00:00,Sokovia,Medical Kits,736.35,5.17,False
2015-06-16T08:00:00,Sanctum Sanctorum,Vibranium (kg),2422.57,5.75,False
2015-06-16T08:00:00,Sanctum Sanctorum,Arc Reactor Cores,704.13,6.9,False
2015-06-16T08:00:00,Sanctum Sanctorum,Pym Particles,717.78,6.32,False
2015-06-16T08:00:00,Sanctum Sanctorum,Clean Water (L),2403.88,6.9,False
2015-06-16T08:00:00,Sanctum Sanctorum,Medical Kits,732.1,5.17,False
2015-06-16T08:00:00,Avengers Compound,Vibranium (kg),2428.01,5.75,False
2015-06-16T08:00:00,Avengers Compound,Arc Reactor Cores,704.13,6.9,False
2015-06-16T08:00:00,Avengers Compound,Pym Particles,717.12,6.32,False
2015-06-16T08:00:00,Avengers Compound,Clean Water (L),2402.48,6.9,False
2015-06-16T08:00:00,Avengers Compound,Medical Kits,729.04,5.17,False
2015-06-16T09:00:00,New Asgard,Vibranium (kg),2426.79,6.06,False
2015-06-16T09:00:00,New Asgard,Arc Reactor Cores,704.89,7.27,False
2015-06-16T09:00:00,New Asgard,Pym Particles,711.34,6.67,False
2015-06-16T09:00:00,New Asgard,Clean Water (L),2405.06,7.27,False
2015-06-16T09:00:00,New Asgard,Medical Kits,734.19,5.45,False
2015-06-16T09:00:00,Wakanda,Vibranium (kg),2424.58,6.06,False
2015-06-16T09:00:00,Wakanda,Arc Reactor Cores,697.71,7.27,False
2015-06-16T09:00:00,Wakanda,Pym Particles,705.98,6.67,False
2015-06-16T09:00:00,Wakanda,Clean Water (L),2404.77,7.27,False
2015-06-16T09:00:00,Wakanda,Medical Kits,732.58,5.45,False
2015-06-16T09:00:00,Sokovia,Vibranium (kg),2424.86,6.06,False
2015-06-16T09:00:00,Sokovia,Arc Reactor Cores,706.33,7.27,False
2015-06-16T09:00:00,Sokovia,Pym Particles,712.1,6.67,False
2015-06-16T09:00:00,Sokovia,Clean Water (L),2405.49,7.27,False
2015-06-16T09:00:00,Sokovia,Medical Kits,735.13,5.45,False
2015-06-16T09:00:00,Sanctum Sanctorum,Vibranium (kg),2421.09,6.06,False
2015-06-16T09:00:00,Sanctum Sanctorum,Arc Reactor Cores,702.75,7.27,False
2015-06-16T09:00:00,Sanctum Sanctorum,Pym Particles,716.42,6.67,False
2015-06-16T09:00:00,Sanctum Sanctorum,Clean Water (L),2402.67,7.27,False
2015-06-16T09:00:00,Sanctum Sanctorum,Medical Kits,731.72,5.45,False
2015-06-16T09:00:00,Avengers Compound,Vibranium (kg),2427.24,6.06,False
2015-06-16T09:00:00,Avengers Compound,Arc Reactor Cores,702.48,7.27,False
2015-06-16T09:00:00,Avengers Compound,Pym Particles,714.44,6.67,False
2015-06-16T09:00:00,Avengers Compound,Clean Water (L),2401.73,7.27,False
2015-06-16T09:00:00,Avengers Compound,Medical Kits,727.94,5.45,False
2015-06-16T10:00:00,New Asgard,Vibranium (kg),2424.38,6.3,False
2015-06-16T10:00:00,New Asgard,Arc Reactor Cores,703.43,7.56,False
2015-06-16T10:00:00,New Asgard,Pym Particles,710.46,6.93,False
2015-06-16T10:00:00,New Asgard,Clean Water (L),2403.63,7.56,False
2015-06-16T10:00:00,New Asgard,Medical Kits,732.86,5.67,False
2015-06-16T10:00:00,Wakanda,Vibranium (kg),2421.36,6.3,False
2015-06-16T10:00:00,Wakanda,Arc Reactor Cores,697.06,7.56,False
2015-06-16T10:00:00,Wakanda,Pym Particles,704.21,6.93,False
2015-06-16T10:00:00,Wakanda,Clean Water (L),2403.06,7.56,False
2015-06-16T10:00:00,Wakanda,Medical Kits,730.92,5.67,False
2015-06-16T10:00:00,Sokovia,Vibranium (kg),2423.77,6.3,False
2015-06-16T10:00:00,Sokovia,Arc Reactor Cores,703.55,7.56,False
2015-06-16T10:00:00,Sokovia,Pym Particles,710.66,6.93,False
2015-06-16T10:00:00,Sokovia,Clean Water (L),2403.38,7.56,False
2015-06-16T10:00:00,Sokovia,Medical Kits,734.14,5.67,False
2015-06-16T10:00:00,Sanctum Sanctorum,Vibranium (kg),2420.58,6.3,False
2015-06-16T10:00:00,Sanctum Sanctorum,Arc Reactor Cores,700.98,7.56,False
2015-06-16T10:00:00,Sanctum Sanctorum,Pym Particles,714.84,6.93,False
2015-06-16T10:00:00,Sanctum Sanctorum,Clean Water (L),2400.18,7.56,False
2015-06-16T10:00:00,Sanctum Sanctorum,Medical Kits,730.81,5.67,False
2015-06-16T10:00:00,Avengers Compound,Vibranium (kg),2424.7,6.3,False
2015-06-16T10:00:00,Avengers Compound,Arc Reactor Cores,701.02,7.56,False
2015-06-16T10:00:00,Avengers Compound,Pym Particles,713.11,6.93,False
2015-06-16T10:00:00,Avengers Compound,Clean Water (L),2400.02,7.56,False
2015-06-16T10:00:00,Avengers Compound,Medical Kits,726.68,5.67,False
2015-06-16T11:00:00,New Asgard,Vibranium (kg),2422.72,6.45,False
2015-06-16T11:00:00,New Asgard,Arc Reactor Cores,701.17,7.74,False
2015-06-16T11:00:00,New Asgard,Pym Particles,708.1,7.09,False
2015-06-16T11:00:00,New Asgard,Clean Water (L),2402.99,7.74,False
2015-06-16T11:00:00,New Asgard,Medical Kits,731.2,5.8,False
2015-06-16T11:00:00,Wakanda,Vibranium (kg),2420.76,6.45,False
2015-06-16T11:00:00,Wakanda,Arc Reactor Cores,695.97,7.74,False
2015-06-16T11:00:00,Wakanda,Pym Particles,703.4,7.09,False
2015-06-16T11:00:00,Wakanda,Clean Water (L),2402.14,7.74,False
2015-06-16T11:00:00,Wakanda,Medical Kits,727.94,5.8,False
2015-06-16T11:00:00,Sokovia,Vibranium (kg),2423.45,6.45,False
2015-06-16T11:00:00,Sokovia,Arc Reactor Cores,700.52,7.74,False
2015-06-16T11:00:00,Sokovia,Pym Particles,708.1,7.09,False
2015-06-16T11:00:00,Sokovia,Clean Water (L),2401.58,7.74,False
2015-06-16T11:00:00,Sokovia,Medical Kits,731.67,5.8,False
2015-06-16T11:00:00,Sanctum Sanctorum,Vibranium (kg),2418.04,6.45,False
2015-06-16T11:00:00,Sanctum Sanctorum,Arc Reactor Cores,699.93,7.74,False
2015-06-16T11:00:00,Sanctum Sanctorum,Pym Particles,711.56,7.09,False
2015-06-16T11:00:00,Sanctum Sanctorum,Clean Water (L),2398.3,7.74,False
2015-06-16T11:00:00,Sanctum Sanctorum,Medical Kits,730.79,5.8,False
2015-06-16T11:00:00,Avengers Compound,Vibranium (kg),2422.84,6.45,False
2015-06-16T11:00:00,Avengers Compound,Arc Reactor Cores,699.29,7.74,False
2015-06-16T11:00:00,Avengers Compound,Pym Particles,711.41,7.09,False
2015-06-16T11:00:00,Avengers Compound,Clean Water (L),2398.18,7.74,False
2015-06-16T11:00:00,Avengers Compound,Medical Kits,724.99,5.8,False
2015-06-16T12:00:00,New Asgard,Vibranium (kg),2420.96,6.5,False
2015-06-16T12:00:00,New Asgard,Arc Reactor Cores,698.24,7.8,False
2015-06-16T12:00:00,New Asgard,Pym Particles,705.17,7.15,False
2015-06-16T12:00:00,New Asgard,Clean Water (L),2400.72,7.8,False
2015-06-16T12:00:00,New Asgard,Medical Kits,730.8,5.85,False
2015-06-16T12:00:00,Wakanda,Vibranium (kg),2420.14,6.5,False
2015-06-16T12:00:00,Wakanda,Arc Reactor Cores,693.74,7.8,False
2015-06-16T12:00:00,Wakanda,Pym Particles,702.62,7.15,False
2015-06-16T12:00:00,Wakanda,Clean Water (L),2399.19,7.8,False
2015-06-16T12:00:00,Wakanda,Medical Kits,727.09,5.85,False
2015-06-16T12:00:00,Sokovia,Vibranium (kg),2421.95,6.5,False
2015-06-16T12:00:00,Sokovia,Arc Reactor Cores,698.0,7.8,False
2015-06-16T12:00:00,Sokovia,Pym Particles,706.98,7.15,False
2015-06-16T12:00:00,Sokovia,Clean Water (L),2400.48,7.8,False
2015-06-16T12:00:00,Sokovia,Medical Kits,730.43,5.85,False
2015-06-16T12:00:00,Sanctum Sanctorum,Vibranium (kg),2415.96,6.5,False
2015-06-16T12:00:00,Sanctum Sanctorum,Arc Reactor Cores,698.24,7.8,False
2015-06-16T12:00:00,Sanctum Sanctorum,Pym Particles,709.48,7.15,False
2015-06-16T12:00:00,Sanctum Sanctorum,Clean Water (L),2396.47,7.8,False
2015-06-16T12:00:00,Sanctum Sanctorum,Medical Kits,727.81,5.85,False
2015-06-16T12:00:00,Avengers Compound,Vibranium (kg),2420.56,6.5,False
2015-06-16T12:00:00,Avengers Compound,Arc Reactor Cores,697.82,7.8,False
2015-06-16T12:00:00,Avengers Compound,Pym Particles,709.96,7.15,False
2015-06-16T12:00:00,Avengers Compound,Clean Water (L),2397.17,7.8,False
2015-06-16T12:00:00,Avengers Compound,Medical Kits,724.44,5.85,False
2015-06-16T13:00:00,New Asgard,Vibranium (kg),2420.38,6.45,False
2015-06-16T13:00:00,New Asgard,Arc Reactor Cores,695.63,7.74,False
2015-06-16T13:00:00,New Asgard,Pym Particles,704.78,7.09,False
2015-06-16T13:00:00,New Asgard,Clean Water (L),2400.1,7.74,False
2015-06-16T13:00:00,New Asgard,Medical Kits,728.47,5.8,False
2015-06-16T13:00:00,Wakanda,Vibranium (kg),2417.73,6.45,False
2015-06-16T13:00:00,Wakanda,Arc Reactor Cores,691.51,7.74,False
2015-06-16T13:00:00,Wakanda,Pym Particles,701.61,7.09,False
2015-06-16T13:00:00,Wakanda,Clean Water (L),2396.32,7.74,False
2015-06-16T13:00:00,Wakanda,Medical Kits,726.2,5.8,False
2015-06-16T13:00:00,Sokovia,Vibranium (kg),2421.3,6.45,False
2015-06-16T13:00:00,Sokovia,Arc Reactor Cores,695.73,7.74,False
2015-06-16T13:00:00,Sokovia,Pym Particles,704.27,7.09,False
2015-06-16T13:00:00,Sokovia,Clean Water (L),2398.72,7.74,False
2015-06-16T13:00:00,Sokovia,Medical Kits,729.39,5.8,False
2015-06-16T13:00:00,Sanctum Sanctorum,Vibranium (kg),2414.79,6.45,False
2015-06-16T13:00:00,Sanctum Sanctorum,Arc Reactor Cores,695.71,7.74,False
2015-06-16T13:00:00,Sanctum Sanctorum,Pym Particles,708.73,7.09,False
2015-06-16T13:00:00,Sanctum Sanctorum,Clean Water (L),2395.02,7.74,False
2015-06-16T13:00:00,Sanctum Sanctorum,Medical Kits,726.3,5.8,False
2015-06-16T13:00:00,Avengers Compound,Vibranium (kg),2418.3,6.45,False
2015-06-16T13:00:00,Avengers Compound,Arc Reactor Cores,695.17,7.74,False
2015-06-16T13:00:00,Avengers Compound,Pym Particles,708.79,7.09,False
2015-06-16T13:00:00,Avengers Compound,Clean Water (L),2394.35,7.74,False
2015-06-16T13:00:00,Avengers Compound,Medical Kits,723.59,5.8,False
2015-06-16T14:00:00,New Asgard,Vibranium (kg),2418.71,6.3,False
2015-06-16T14:00:00,New Asgard,Arc Reactor Cores,693.87,7.56,False
2015-06-16T14:00:00,New Asgard,Pym Particles,705.14,6.93,False
2015-06-16T14:00:00,New Asgard,Clean Water (L),2398.5,7.56,False
2015-06-16T14:00:00,New Asgard,Medical Kits,727.71,5.67,False
2015-06-16T14:00:00,Wakanda,Vibranium (kg),2415.47,6.3,False
2015-06-16T14:00:00,Wakanda,Arc Reactor Cores,690.2,7.56,False
2015-06-16T14:00:00,Wakanda,Pym Particles,700.53,6.93,False
2015-06-16T14:00:00,Wakanda,Clean Water (L),2396.12,7.56,False
2015-06-16T14:00:00,Wakanda,Medical Kits,723.84,5.67,False
2015-06-16T14:00:00,Sokovia,Vibranium (kg),2421.1,6.3,False
2015-06-16T14:00:00,Sokovia,Arc Reactor Cores,694.09,7.56,False
2015-06-16T14:00:00,Sokovia,Pym Particles,703.31,6.93,False
2015-06-16T14:00:00,Sokovia,Clean Water (L),2397.87,7.56,False
2015-06-16T14:00:00,Sokovia,Medical Kits,728.31,5.67,False
2015-06-16T14:00:00,Sanctum Sanctorum,Vibranium (kg),2412.69,6.3,False
2015-06-16T14:00:00,Sanctum Sanctorum,Arc Reactor Cores,694.62,7.56,False
2015-06-16T14:00:00,Sanctum Sanctorum,Pym Particles,708.84,6.93,False
2015-06-16T14:00:00,Sanctum Sanctorum,Clean Water (L),2392.77,7.56,False
2015-06-16T14:00:00,Sanctum Sanctorum,Medical Kits,724.99,5.67,False
2015-06-16T14:00:00,Avengers Compound,Vibranium (kg),2416.44,6.3,False
2015-06-16T14:00:00,Avengers Compound,Arc Reactor Cores,694.82,7.56,False
2015-06-16T14:00:00,Avengers Compound,Pym Particles,708.8,6.93,False
2015-06-16T14:00:00,Avengers Compound,Clean Water (L),2392.22,7.56,False
2015-06-16T14:00:00,Avengers Compound,Medical Kits,724.01,5.67,False
2015-06-16T15:00:00,New Asgard,Vibranium (kg),2418.07,6.06,False
2015-06-16T15:00:00,New Asgard,Arc Reactor Cores,693.4,7.27,False
2015-06-16T15:00:00,New Asgard,Pym Particles,702.82,6.67,False
2015-06-16T15:00:00,New Asgard,Clean Water (L),2395.86,7.27,False
2015-06-16T15:00:00,New Asgard,Medical Kits,726.29,5.45,False
2015-06-16T15:00:00,Wakanda,Vibranium (kg),2415.17,6.06,False
2015-06-16T15:00:00,Wakanda,Arc Reactor Cores,689.68,7.27,False
2015-06-16T15:00:00,Wakanda,Pym Particles,699.36,6.67,False
2015-06-16T15:00:00,Wakanda,Clean Water (L),2395.48,7.27,False
2015-06-16T15:00:00,Wakanda,Medical Kits,723.05,5.45,False
2015-06-16T15:00:00,Sokovia,Vibranium (kg),2420.82,6.06,False
2015-06-16T15:00:00,Sokovia,Arc Reactor Cores,693.03,7.27,False
2015-06-16T15:00:00,Sokovia,Pym Particles,702.87,6.67,False
2015-06-16T15:00:00,Sokovia,Clean Water (L),2397.57,7.27,False
2015-06-16T15:00:00,Sokovia,Medical Kits,728.27,5.45,False
2015-06-16T15:00:00,Sanctum Sanctorum,Vibranium (kg),2411.68,6.06,False
2015-06-16T15:00:00,Sanctum Sanctorum,Arc Reactor Cores,694.89,7.27,False
2015-06-16T15:00:00,Sanctum Sanctorum,Pym Particles,708.36,6.67,False
2015-06-16T15:00:00,Sanctum Sanctorum,Clean Water (L),2391.91,7.27,False
2015-06-16T15:00:00,Sanctum Sanctorum,Medical Kits,723.73,5.45,False
2015-06-16T15:00:00,Avengers Compound,Vibranium (kg),2415.8,6.06,False
2015-06-16T15:00:00,Avengers Compound,Arc Reactor Cores,692.54,7.27,False
2015-06-16T15:00:00,Avengers Compound,Pym Particles,707.01,6.67,False
2015-06-16T15:00:00,Avengers Compound,Clean Water (L),2392.64,7.27,False
2015-06-16T15:00:00,Avengers Compound,Medical Kits,722.88,5.45,False
2015-06-16T16:00:00,New Asgard,Vibranium (kg),2416.66,5.75,False
2015-06-16T16:00:00,New Asgard,Arc Reactor Cores,694.08,6.9,False
2015-06-16T16:00:00,New Asgard,Pym Particles,701.78,6.32,False
2015-06-16T16:00:00,New Asgard,Clean Water (L),2394.3,6.9,False
2015-06-16T16:00:00,New Asgard,Medical Kits,725.19,5.17,False
2015-06-16T16:00:00,Wakanda,Vibranium (kg),2414.98,5.75,False
2015-06-16T16:00:00,Wakanda,Arc Reactor Cores,689.3,6.9,False
2015-06-16T16:00:00,Wakanda,Pym Particles,700.03,6.32,False
2015-06-16T16:00:00,Wakanda,Clean Water (L),2394.23,6.9,False
2015-06-16T16:00:00,Wakanda,Medical Kits,722.87,5.17,False
2015-06-16T16:00:00,Sokovia,Vibranium (kg),2420.07,5.75,False
2015-06-16T16:00:00,Sokovia,Arc Reactor Cores,692.84,6.9,False
2015-06-16T16:00:00,Sokovia,Pym Particles,703.75,6.32,False
2015-06-16T16:00:00,Sokovia,Clean Water (L),2396.26,6.9,False
2015-06-16T16:00:00,Sokovia,Medical Kits,727.7,5.17,False
2015-06-16T16:00:00,Sanctum Sanctorum,Vibranium (kg),2411.63,5.75,False
2015-06-16T16:00:00,Sanctum Sanctorum,Arc Reactor Cores,693.77,6.9,False
2015-06-16T16:00:00,Sanctum Sanctorum,Pym Particles,707.35,6.32,False
2015-06-16T16:00:00,Sanctum Sanctorum,Clean Water (L),2391.86,6.9,False
2015-06-16T16:00:00,Sanctum Sanctorum,Medical Kits,723.26,5.17,False
2015-06-16T16:00:00,Avengers Compound,Vibranium (kg),2415.14,5.75,False
2015-06-16T16:00:00,Avengers Compound,Arc Reactor Cores,691.73,6.9,False
2015-06-16T16:00:00,Avengers Compound,Pym Particles,706.55,6.32,False
2015-06-16T16:00:00,Avengers Compound,Clean Water (L),2391.54,6.9,False
2015-06-16T16:00:00,Avengers Compound,Medical Kits,723.24,5.17,False
2015-06-16T17:00:00,New Asgard,Vibranium (kg),2417.52,5.39,False
2015-06-16T17:00:00,New Asgard,Arc Reactor Cores,694.23,6.47,False
2015-06-16T17:00:00,New Asgard,Pym Particles,701.39,5.93,False
2015-06-16T17:00:00,New Asgard,Clean Water (L),2394.44,6.47,False
2015-06-16T17:00:00,New Asgard,Medical Kits,725.12,4.85,False
2015-06-16T17:00:00,Wakanda,Vibranium (kg),2414.91,5.39,False
2015-06-16T17:00:00,Wakanda,Arc Reactor Cores,690.38,6.47,False
2015-06-16T17:00:00,Wakanda,Pym Particles,699.13,5.93,False
2015-06-16T17:00:00,Wakanda,Clean Water (L),2392.5,6.47,False
2015-06-16T17:00:00,Wakanda,Medical Kits,723.75,4.85,False
2015-06-16T17:00:00,Sokovia,Vibranium (kg),2419.94,5.39,False
2015-06-16T17:00:00,Sokovia,Arc Reactor Cores,691.47,6.47,False
2015-06-16T17:00:00,Sokovia,Pym Particles,703.3,5.93,False
2015-06-16T17:00:00,Sokovia,Clean Water (L),2395.85,6.47,False
2015-06-16T17:00:00,Sokovia,Medical Kits,727.22,4.85,False
2015-06-16T17:00:00,Sanctum Sanctorum,Vibranium (kg),2412.92,5.39,False
2015-06-16T17:00:00,Sanctum Sanctorum,Arc Reactor Cores,694.49,6.47,False
2015-06-16T17:00:00,Sanctum Sanctorum,Pym Particles,706.93,5.93,False
2015-06-16T17:00:00,Sanctum Sanctorum,Clean Water (L),2392.55,6.47,False
2015-06-16T17:00:00,Sanctum Sanctorum,Medical Kits,724.35,4.85,False
2015-06-16T17:00:00,Avengers Compound,Vibranium (kg),2413.69,5.39,False
2015-06-16T17:00:00,Avengers Compound,Arc Reactor Cores,691.88,6.47,False
2015-06-16T17:00:00,Avengers Compound,Pym Particles,706.62,5.93,False
2015-06-16T17:00:00,Avengers Compound,Clean Water (L),2390.97,6.47,False
2015-06-16T17:00:00,Avengers Compound,Medical Kits,723.26,4.85,False
2015-06-16T18:00:00,New Asgard,Vibranium (kg),2417.38,5.0,False
2015-06-16T18:00:00,New Asgard,Arc Reactor Cores,694.47,6.0,False
2015-06-16T18:00:00,New Asgard,Pym Particles,701.69,5.5,False
2015-06-16T18:00:00,New Asgard,Clean Water (L),2395.52,6.0,False
2015-06-16T18:00:00,New Asgard,Medical Kits,725.89,4.5,False
2015-06-16T18:00:00,Wakanda,Vibranium (kg),2414.72,5.0,False
2015-06-16T18:00:00,Wakanda,Arc Reactor Cores,689.72,6.0,False
2015-06-16T18:00:00,Wakanda,Pym Particles,700.06,5.5,False
2015-06-16T18:00:00,Wakanda,Clean Water (L),2393.21,6.0,False
2015-06-16T18:00:00,Wakanda,Medical Kits,722.17,4.5,False
2015-06-16T18:00:00,Sokovia,Vibranium (kg),2419.07,5.0,False
2015-06-16T18:00:00,Sokovia,Arc Reactor Cores,691.47,6.0,False
2015-06-16T18:00:00,Sokovia,Pym Particles,703.63,5.5,False
2015-06-16T18:00:00,Sokovia,Clean Water (L),2396.08,6.0,False
2015-06-16T18:00:00,Sokovia,Medical Kits,727.43,4.5,False
2015-06-16T18:00:00,Sanctum Sanctorum,Vibranium (kg),2413.67,5.0,False
2015-06-16T18:00:00,Sanctum Sanctorum,Arc Reactor Cores,694.31,6.0,False
2015-06-16T18:00:00,Sanctum Sanctorum,Pym Particles,706.68,5.5,False
2015-06-16T18:00:00,Sanctum Sanctorum,Clean Water (L),2392.37,6.0,False
2015-06-16T18:00:00,Sanctum Sanctorum,Medical Kits,724.48,4.5,False
2015-06-16T18:00:00,Avengers Compound,Vibranium (kg),2413.88,5.0,False
2015-06-16T18:00:00,Avengers Compound,Arc Reactor Cores,692.0,6.0,False
2015-06-16T18:00:00,Avengers Compound,Pym Particles,707.95,5.5,False
2015-06-16T18:00:00,Avengers Compound,Clean Water (L),2391.45,6.0,False
2015-06-16T18:00:00,Avengers Compound,Medical Kits,722.7,4.5,False
2015-06-16T19:00:00,New Asgard,Vibranium (kg),2418.21,4.61,False
2015-06-16T19:00:00,New Asgard,Arc Reactor Cores,696.13,5.53,False
2015-06-16T19:00:00,New Asgard,Pym Particles,700.63,5.07,False
2015-06-16T19:00:00,New Asgard,Clean Water (L),2397.02,5.53,False
2015-06-16T19:00:00,New Asgard,Medical Kits,728.06,4.15,False
2015-06-16T19:00:00,Wakanda,Vibranium (kg),2414.23,4.61,False
2015-06-16T19:00:00,Wakanda,Arc Reactor Cores,691.01,5.53,False
2015-06-16T19:00:00,Wakanda,Pym Particles,699.65,5.07,False
2015-06-16T19:00:00,Wakanda,Clean Water (L),2393.84,5.53,False
2015-06-16T19:00:00,Wakanda,Medical Kits,724.02,4.15,False
2015-06-16T19:00:00,Sokovia,Vibranium (kg),2418.84,4.61,False
2015-06-16T19:00:00,Sokovia,Arc Reactor Cores,692.3,5.53,False
2015-06-16T19:00:00,Sokovia,Pym Particles,703.89,5.07,False
2015-06-16T19:00:00,Sokovia,Clean Water (L),2395.95,5.53,False
2015-06-16T19:00:00,Sokovia,Medical Kits,728.83,4.15,False
2015-06-16T19:00:00,Sanctum Sanctorum,Vibranium (kg),2415.16,4.61,False
2015-06-16T19:00:00,Sanctum Sanctorum,Arc Reactor Cores,694.76,5.53,False
2015-06-16T19:00:00,Sanctum Sanctorum,Pym Particles,706.81,5.07,False
2015-06-16T19:00:00,Sanctum Sanctorum,Clean Water (L),2393.54,5.53,False
2015-06-16T19:00:00,Sanctum Sanctorum,Medical Kits,724.45,4.15,False
2015-06-16T19:00:00,Avengers Compound,Vibranium (kg),2414.46,4.61,False
2015-06-16T19:00:00,Avengers Compound,Arc Reactor Cores,693.7,5.53,False
2015-06-16T19:00:00,Avengers Compound,Pym Particles,709.35,5.07,False
2015-06-16T19:00:00,Avengers Compound,Clean Water (L),2393.04,5.53,False
2015-06-16T19:00:00,Avengers Compound,Medical Kits,723.9,4.15,False
2015-06-16T20:00:00,New Asgard,Vibranium (kg),2418.4,4.25,False
2015-06-16T20:00:00,New Asgard,Arc Reactor Cores,697.12,5.1,False
2015-06-16T20:00:00,New Asgard,Pym Particles,702.35,4.68,False
2015-06-16T20:00:00,New Asgard,Clean Water (L),2399.14,5.1,False
2015-06-16T20:00:00,New Asgard,Medical Kits,728.66,3.83,False
2015-06-16T20:00:00,Wakanda,Vibranium (kg),2415.61,4.25,False
2015-06-16T20:00:00,Wakanda,Arc Reactor Cores,691.72,5.1,False
2015-06-16T20:00:00,Wakanda,Pym Particles,701.37,4.68,False
2015-06-16T20:00:00,Wakanda,Clean Water (L),2395.71,5.1,False
2015-06-16T20:00:00,Wakanda,Medical Kits,723.97,3.83,False
2015-06-16T20:00:00,Sokovia,Vibranium (kg),2419.6,4.25,False
2015-06-16T20:00:00,Sokovia,Arc Reactor Cores,693.78,5.1,False
2015-06-16T20:00:00,Sokovia,Pym Particles,705.05,4.68,False
2015-06-16T20:00:00,Sokovia,Clean Water (L),2396.84,5.1,False
2015-06-16T20:00:00,Sokovia,Medical Kits,730.16,3.83,False
2015-06-16T20:00:00,Sanctum Sanctorum,Vibranium (kg),2415.68,4.25,False
2015-06-16T20:00:00,Sanctum Sanctorum,Arc Reactor Cores,696.66,5.1,False
2015-06-16T20:00:00,Sanctum Sanctorum,Pym Particles,706.19,4.68,False
2015-06-16T20:00:00,Sanctum Sanctorum,Clean Water (L),2394.1,5.1,False
2015-06-16T20:00:00,Sanctum Sanctorum,Medical Kits,726.18,3.83,False
2015-06-16T20:00:00,Avengers Compound,Vibranium (kg),2414.05,4.25,False
2015-06-16T20:00:00,Avengers Compound,Arc Reactor Cores,694.81,5.1,False
2015-06-16T20:00:00,Avengers Compound,Pym Particles,710.67,4.68,False
2015-06-16T20:00:00,Avengers Compound,Clean Water (L),2395.13,5.1,False
2015-06-16T20:00:00,Avengers Compound,Medical Kits,725.52,3.83,False
2015-06-16T21:00:00,New Asgard,Vibranium (kg),2420.26,3.94,False
2015-06-16T21:00:00,New Asgard,Arc Reactor Cores,698.31,4.73,False
2015-06-16T21:00:00,New Asgard,Pym Particles,704.15,4.33,False
2015-06-16T21:00:00,New Asgard,Clean Water (L),2400.38,4.73,False
2015-06-16T21:00:00,New Asgard,Medical Kits,730.5,3.55,False
2015-06-16T21:00:00,Wakanda,Vibranium (kg),2416.77,3.94,False
2015-06-16T21:00:00,Wakanda,Arc Reactor Cores,691.82,4.73,False
2015-06-16T21:00:00,Wakanda,Pym Particles,703.91,4.33,False
2015-06-16T21:00:00,Wakanda,Clean Water (L),2398.61,4.73,False
2015-06-16T21:00:00,Wakanda,Medical Kits,724.03,3.55,False
2015-06-16T21:00:00,Sokovia,Vibranium (kg),2421.97,3.94,False
2015-06-16T21:00:00,Sokovia,Arc Reactor Cores,695.52,4.73,False
2015-06-16T21:00:00,Sokovia,Pym Particles,706.97,4.33,False
2015-06-16T21:00:00,Sokovia,Clean Water (L),2397.63,4.73,False
2015-06-16T21:00:00,Sokovia,Medical Kits,731.34,3.55,False
2015-06-16T21:00:00,Sanctum Sanctorum,Vibranium (kg),2417.2,3.94,False
2015-06-16T21:00:00,Sanctum Sanctorum,Arc Reactor Cores,697.45,4.73,False
2015-06-16T21:00:00,Sanctum Sanctorum,Pym Particles,707.03,4.33,False
2015-06-16T21:00:00,Sanctum Sanctorum,Clean Water (L),2395.69,4.73,False
2015-06-16T21:00:00,Sanctum Sanctorum,Medical Kits,727.78,3.55,False
2015-06-16T21:00:00,Avengers Compound,Vibranium (kg),2415.5,3.94,False
2015-06-16T21:00:00,Avengers Compound,Arc Reactor Cores,697.81,4.73,False
2015-06-16T21:00:00,Avengers Compound,Pym Particles,712.64,4.33,False
2015-06-16T21:00:00,Avengers Compound,Clean Water (L),2396.28,4.73,False
2015-06-16T21:00:00,Avengers Compound,Medical Kits,726.78,3.55,False
2015-06-16T22:00:00,New Asgard,Vibranium (kg),2422.84,3.7,False
2015-06-16T22:00:00,New Asgard,Arc Reactor Cores,699.76,4.44,False
2015-06-16T22:00:00,New Asgard,Pym Particles,704.65,4.07,False
2015-06-16T22:00:00,New Asgard,Clean Water (L),2400.39,4.44,False
2015-06-16T22:00:00,New Asgard,Medical Kits,730.86,3.33,False
2015-06-16T22:00:00,Wakanda,Vibranium (kg),2418.09,3.7,False
2015-06-16T22:00:00,Wakanda,Arc Reactor Cores,693.44,4.44,False
2015-06-16T22:00:00,Wakanda,Pym Particles,706.15,4.07,False
2015-06-16T22:00:00,Wakanda,Clean Water (L),2400.0,4.44,False
2015-06-16T22:00:00,Wakanda,Medical Kits,724.68,3.33,False
2015-06-16T22:00:00,Sokovia,Vibranium (kg),2423.11,3.7,False
2015-06-16T22:00:00,Sokovia,Arc Reactor Cores,698.34,4.44,False
2015-06-16T22:00:00,Sokovia,Pym Particles,708.49,4.07,False
2015-06-16T22:00:00,Sokovia,Clean Water (L),2400.97,4.44,False
2015-06-16T22:00:00,Sokovia,Medical Kits,732.33,3.33,False
2015-06-16T22:00:00,Sanctum Sanctorum,Vibranium (kg),2417.55,3.7,False
2015-06-16T22:00:00,Sanctum Sanctorum,Arc Reactor Cores,698.32,4.44,False
2015-06-16T22:00:00,Sanctum Sanctorum,Pym Particles,709.81,4.07,False
2015-06-16T22:00:00,Sanctum Sanctorum,Clean Water (L),2397.99,4.44,False
2015-06-16T22:00:00,Sanctum Sanctorum,Medical Kits,728.41,3.33,False
2015-06-16T22:00:00,Avengers Compound,Vibranium (kg),2416.59,3.7,False
2015-06-16T22:00:00,Avengers Compound,Arc Reactor Cores,700.48,4.44,False
2015-06-16T22:00:00,Avengers Compound,Pym Particles,713.65,4.07,False
2015-06-16T22:00:00,Avengers Compound,Clean Water (L),2399.53,4.44,False
2015-06-16T22:00:00,Avengers Compound,Medical Kits,729.08,3.33,False
2015-06-16T23:00:00,New Asgard,Vibranium (kg),2423.71,3.55,False
2015-06-16T23:00:00,New Asgard,Arc Reactor Cores,700.39,4.26,False
2015-06-16T23:00:00,New Asgard,Pym Particles,706.34,3.91,False
2015-06-16T23:00:00,New Asgard,Clean Water (L),2401.95,4.26,False
2015-06-16T23:00:00,New Asgard,Medical Kits,732.42,3.2,False
2015-06-16T23:00:00,Wakanda,Vibranium (kg),2420.12,3.55,False
2015-06-16T23:00:00,Wakanda,Arc Reactor Cores,695.14,4.26,False
2015-06-16T23:00:00,Wakanda,Pym Particles,708.43,3.91,False
2015-06-16T23:00:00,Wakanda,Clean Water (L),2402.4,4.26,False
2015-06-16T23:00:00,Wakanda,Medical Kits,725.75,3.2,False
2015-06-16T23:00:00,Sokovia,Vibranium (kg),2425.56,3.55,False
2015-06-16T23:00:00,Sokovia,Arc Reactor Cores,700.59,4.26,False
2015-06-16T23:00:00,Sokovia,Pym Particles,711.61,3.91,False
2015-06-16T23:00:00,Sokovia,Clean Water (L),2402.21,4.26,False
2015-06-16T23:00:00,Sokovia,Medical Kits,734.11,3.2,False
2015-06-16T23:00:00,Sanctum Sanctorum,Vibranium (kg),2418.85,3.55,False
2015-06-16T23:00:00,Sanctum Sanctorum,Arc Reactor Cores,700.02,4.26,False
2015-06-16T23:00:00,Sanctum Sanctorum,Pym Particles,711.77,3.91,False
2015-06-16T23:00:00,Sanctum Sanctorum,Clean Water (L),2398.5,4.26,False
2015-06-16T23:00:00,Sanctum Sanctorum,Medical Kits,729.59,3.2,False
2015-06-16T23:00:00,Avengers Compound,Vibranium (kg),2419.15,3.55,False
2015-06-16T23:00:00,Avengers Compound,Arc Reactor Cores,701.93,4.26,False
2015-06-16T23:00:00,Avengers Compound,Pym Particles,713.92,3.91,False
2015-06-16T23:00:00,Avengers Compound,Clean Water (L),2401.8,4.26,False
2015-06-16T23:00:00,Avengers Compound,Medical Kits,730.25,3.2,False
2015-06-17T00:00:00,New Asgard,Vibranium (kg),2425.46,3.5,False
2015-06-17T00:00:00,New Asgard,Arc Reactor Cores,700.68,4.2,False
2015-06-17T00:00:00,New Asgard,Pym Particles,708.78,3.85,False
2015-06-17T00:00:00,New Asgard,Clean Water (L),2403.85,4.2,False
2015-06-17T00:00:00,New Asgard,Medical Kits,734.16,3.15,False
2015-06-17T00:00:00,Wakanda,Vibranium (kg),2421.94,3.5,False
2015-06-17T00:00:00,Wakanda,Arc Reactor Cores,697.8,4.2,False
2015-06-17T00:00:00,Wakanda,Pym Particles,710.2,3.85,False
2015-06-17T00:00:00,Wakanda,Clean Water (L),2403.17,4.2,False
2015-06-17T00:00:00,Wakanda,Medical Kits,728.29,3.15,False
2015-06-17T00:00:00,Sokovia,Vibranium (kg),2426.55,3.5,False
2015-06-17T00:00:00,Sokovia,Arc Reactor Cores,702.24,4.2,False
2015-06-17T00:00:00,Sokovia,Pym Particles,713.88,3.85,False
2015-06-17T00:00:00,Sokovia,Clean Water (L),2403.88,4.2,False
2015-06-17T00:00:00,Sokovia,Medical Kits,733.81,3.15,False
2015-06-17T00:00:00,Sanctum Sanctorum,Vibranium (kg),2421.06,3.5,False
2015-06-17T00:00:00,Sanctum Sanctorum,Arc Reactor Cores,701.89,4.2,False
2015-06-17T00:00:00,Sanctum Sanctorum,Pym Particles,714.3,3.85,False
2015-06-17T00:00:00,Sanctum Sanctorum,Clean Water (L),2401.85,4.2,False
2015-06-17T00:00:00,Sanctum Sanctorum,Medical Kits,730.5,3.15,False
2015-06-17T00:00:00,Avengers Compound,Vibranium (kg),2422.13,3.5,False
2015-06-17T00:00:00,Avengers Compound,Arc Reactor Cores,704.78,4.2,False
2015-06-17T00:00:00,Avengers Compound,Pym Particles,715.67,3.85,False
2015-06-17T00:00:00,Avengers Compound,Clean Water (L),2403.08,4.2,False
2015-06-17T00:00:00,Avengers Compound,Medical Kits,732.06,3.15,False
2015-06-17T01:00:00,New Asgard,Vibranium (kg),2425.44,3.55,False
2015-06-17T01:00:00,New Asgard,Arc Reactor Cores,701.5,4.26,False
2015-06-17T01:00:00,New Asgard,Pym Particles,710.71,3.91,False
2015-06-17T01:00:00,New Asgard,Clean Water (L),2405.79,4.26,False
2015-06-17T01:00:00,New Asgard,Medical Kits,735.57,3.2,False
2015-06-17T01:00:00,Wakanda,Vibranium (kg),2422.65,3.55,False
2015-06-17T01:00:00,Wakanda,Arc Reactor Cores,698.68,4.26,False
2015-06-17T01:00:00,Wakanda,Pym Particles,711.53,3.91,False
2015-06-17T01:00:00,Wakanda,Clean Water (L),2404.56,4.26,False
2015-06-17T01:00:00,Wakanda,Medical Kits,730.29,3.2,False
2015-06-17T01:00:00,Sokovia,Vibranium (kg),2428.33,3.55,False
2015-06-17T01:00:00,Sokovia,Arc Reactor Cores,704.31,4.26,False
2015-06-17T01:00:00,Sokovia,Pym Particles,715.61,3.91,False
2015-06-17T01:00:00,Sokovia,Clean Water (L),2405.95,4.26,False
2015-06-17T01:00:00,Sokovia,Medical Kits,735.49,3.2,False
2015-06-17T01:00:00,Sanctum Sanctorum,Vibranium (kg),2421.65,3.55,False
2015-06-17T01:00:00,Sanctum Sanctorum,Arc Reactor Cores,703.07,4.26,False
2015-06-17T01:00:00,Sanctum Sanctorum,Pym Particles,716.83,3.91,False
2015-06-17T01:00:00,Sanctum Sanctorum,Clean Water (L),2403.66,4.26,False
2015-06-17T01:00:00,Sanctum Sanctorum,Medical Kits,733.14,3.2,False
2015-06-17T01:00:00,Avengers Compound,Vibranium (kg),2423.37,3.55,False
2015-06-17T01:00:00,Avengers Compound,Arc Reactor Cores,705.05,4.26,False
2015-06-17T01:00:00,Avengers Compound,Pym Particles,717.08,3.91,False
2015-06-17T01:00:00,Avengers Compound,Clean Water (L),2403.73,4.26,False
2015-06-17T01:00:00,Avengers Compound,Medical Kits,733.83,3.2,False
2015-06-17T02:00:00,New Asgard,Vibranium (kg),2426.6,3.7,False
2015-06-17T02:00:00,New Asgard,Arc Reactor Cores,702.9,4.44,False
2015-06-17T02:00:00,New Asgard,Pym Particles,712.94,4.07,False
2015-06-17T02:00:00,New Asgard,Clean Water (L),2407.22,4.44,False
2015-06-17T02:00:00,New Asgard,Medical Kits,736.47,3.33,False
2015-06-17T02:00:00,Wakanda,Vibranium (kg),2423.34,3.7,False
2015-06-17T02:00:00,Wakanda,Arc Reactor Cores,701.45,4.44,False
2015-06-17T02:00:00,Wakanda,Pym Particles,712.95,4.07,False
2015-06-17T02:00:00,Wakanda,Clean Water (L),2405.91,4.44,False
2015-06-17T02:00:00,Wakanda,Medical Kits,732.97,3.33,False
2015-06-17T02:00:00,Sokovia,Vibranium (kg),2429.69,3.7,False
2015-06-17T02:00:00,Sokovia,Arc Reactor Cores,705.91,4.44,False
2015-06-17T02:00:00,Sokovia,Pym Particles,717.68,4.07,False
2015-06-17T02:00:00,Sokovia,Clean Water (L),2408.65,4.44,False
2015-06-17T02:00:00,Sokovia,Medical Kits,736.23,3.33,False
2015-06-17T02:00:00,Sanctum Sanctorum,Vibranium (kg),2423.82,3.7,False
2015-06-17T02:00:00,Sanctum Sanctorum,Arc Reactor Cores,704.86,4.44,False
2015-06-17T02:00:00,Sanctum Sanctorum,Pym Particles,718.55,4.07,False
2015-06-17T02:00:00,Sanctum Sanctorum,Clean Water (L),2404.83,4.44,False
2015-06-17T02:00:00,Sanctum Sanctorum,Medical Kits,734.12,3.33,False
2015-06-17T02:00:00,Avengers Compound,Vibranium (kg),2425.69,3.7,False
2015-06-17T02:00:00,Avengers Compound,Arc Reactor Cores,706.98,4.44,False
2015-06-17T02:00:00,Avengers Compound,Pym Particles,717.28,4.07,False
2015-06-17T02:00:00,Avengers Compound,Clean Water (L),2405.18,4.44,False
2015-06-17T02:00:00,Avengers Compound,Medical Kits,735.03,3.33,False
2015-06-17T03:00:00,New Asgard,Vibranium (kg),2426.38,3.94,False
2015-06-17T03:00:00,New Asgard,Arc Reactor Cores,704.23,4.73,False
2015-06-17T03:00:00,New Asgard,Pym Particles,714.4,4.33,False
2015-06-17T03:00:00,New Asgard,Clean Water (L),2409.35,4.73,False
2015-06-17T03:00:00,New Asgard,Medical Kits,736.35,3.55,False
2015-06-17T03:00:00,Wakanda,Vibranium (kg),2425.7,3.94,False
2015-06-17T03:00:00,Wakanda,Arc Reactor Cores,702.91,4.73,False
2015-06-17T03:00:00,Wakanda,Pym Particles,714.21,4.33,False
2015-06-17T03:00:00,Wakanda,Clean Water (L),2406.45,4.73,False
2015-06-17T03:00:00,Wakanda,Medical Kits,734.11,3.55,False
2015-06-17T03:00:00,Sokovia,Vibranium (kg),2429.81,3.94,False
2015-06-17T03:00:00,Sokovia,Arc Reactor Cores,707.87,4.73,False
2015-06-17T03:00:00,Sokovia,Pym Particles,717.71,4.33,False
2015-06-17T03:00:00,Sokovia,Clean Water (L),2409.49,4.73,False
2015-06-17T03:00:00,Sokovia,Medical Kits,737.34,3.55,False
2015-06-17T03:00:00,Sanctum Sanctorum,Vibranium (kg),2425.45,3.94,False
2015-06-17T03:00:00,Sanctum Sanctorum,Arc Reactor Cores,705.31,4.73,False
2015-06-17T03:00:00,Sanctum Sanctorum,Pym Particles,718.63,4.33,False
2015-06-17T03:00:00,Sanctum Sanctorum,Clean Water (L),2405.49,4.73,False
2015-06-17T03:00:00,Sanctum Sanctorum,Medical Kits,735.5,3.55,False
2015-06-17T03:00:00,Avengers Compound,Vibranium (kg),2426.85,3.94,False
2015-06-17T03:00:00,Avengers Compound,Arc Reactor Cores,708.36,4.73,False
2015-06-17T03:00:00,Avengers Compound,Pym Particles,719.41,4.33,False
2015-06-17T03:00:00,Avengers Compound,Clean Water (L),2406.55,4.73,False
2015-06-17T03:00:00,Avengers Compound,Medical Kits,734.58,3.55,False
2015-06-17T04:00:00,New Asgard,Vibranium (kg),2426.1,4.25,False
2015-06-17T04:00:00,New Asgard,Arc Reactor Cores,705.3,5.1,False
2015-06-17T04:00:00,New Asgard,Pym Particles,715.53,4.68,False
2015-06-17T04:00:00,New Asgard,Clean Water (L),2409.28,5.1,False
2015-06-17T04:00:00,New Asgard,Medical Kits,735.0,3.83,False
2015-06-17T04:00:00,Wakanda,Vibranium (kg),2426.08,4.25,False
2015-06-17T04:00:00,Wakanda,Arc Reactor Cores,703.48,5.1,False
2015-06-17T04:00:00,Wakanda,Pym Particles,715.06,4.68,False
2015-06-17T04:00:00,Wakanda,Clean Water (L),2407.11,5.1,False
2015-06-17T04:00:00,Wakanda,Medical Kits,735.45,3.83,False
2015-06-17T04:00:00,Sokovia,Vibranium (kg),2430.3,4.25,False
2015-06-17T04:00:00,Sokovia,Arc Reactor Cores,706.95,5.1,False
2015-06-17T04:00:00,Sokovia,Pym Particles,717.99,4.68,False
2015-06-17T04:00:00,Sokovia,Clean Water (L),2410.59,5.1,False
2015-06-17T04:00:00,Sokovia,Medical Kits,738.93,3.83,False
2015-06-17T04:00:00,Sanctum Sanctorum,Vibranium (kg),2425.31,4.25,False
2015-06-17T04:00:00,Sanctum Sanctorum,Arc Reactor Cores,705.26,5.1,False
2015-06-17T04:00:00,Sanctum Sanctorum,Pym Particles,719.7,4.68,False
2015-06-17T04:00:00,Sanctum Sanctorum,Clean Water (L),2406.37,5.1,False
2015-06-17T04:00:00,Sanctum Sanctorum,Medical Kits,735.66,3.83,False
2015-06-17T04:00:00,Avengers Compound,Vibranium (kg),2427.66,4.25,False
2015-06-17T04:00:00,Avengers Compound,Arc Reactor Cores,708.34,5.1,False
2015-06-17T04:00:00,Avengers Compound,Pym Particles,720.46,4.68,False
2015-06-17T04:00:00,Avengers Compound,Clean Water (L),2407.04,5.1,False
2015-06-17T04:00:00,Avengers Compound,Medical Kits,735.95,3.83,False
2015-06-17T05:00:00,New Asgard,Vibranium (kg),2427.3,4.61,False
2015-06-17T05:00:00,New Asgard,Arc Reactor Cores,705.89,5.53,False
2015-06-17T05:00:00,New Asgard,Pym Particles,716.03,5.07,False
2015-06-17T05:00:00,New Asgard,Clean Water (L),2408.38,5.53,False
2015-06-17T05:00:00,New Asgard,Medical Kits,735.58,4.15,False
2015-06-17T05:00:00,Wakanda,Vibranium (kg),2426.84,4.61,False
2015-06-17T05:00:00,Wakanda,Arc Reactor Cores,703.8,5.53,False
2015-06-17T05:00:00,Wakanda,Pym Particles,715.58,5.07,False
2015-06-17T05:00:00,Wakanda,Clean Water (L),2408.7,5.53,False
2015-06-17T05:00:00,Wakanda,Medical Kits,736.98,4.15,False
2015-06-17T05:00:00,Sokovia,Vibranium (kg),2430.87,4.61,False
2015-06-17T05:00:00,Sokovia,Arc Reactor Cores,707.03,5.53,False
2015-06-17T05:00:00,Sokovia,Pym Particles,719.21,5.07,False
2015-06-17T05:00:00,Sokovia,Clean Water (L),2411.06,5.53,False
2015-06-17T05:00:00,Sokovia,Medical Kits,738.0,4.15,False
2015-06-17T05:00:00,Sanctum Sanctorum,Vibranium (kg),2426.09,4.61,False
2015-06-17T05:00:00,Sanctum Sanctorum,Arc Reactor Cores,704.53,5.53,False
2015-06-17T05:00:00,Sanctum Sanctorum,Pym Particles,718.92,5.07,False
2015-06-17T05:00:00,Sanctum Sanctorum,Clean Water (L),2405.98,5.53,False
2015-06-17T05:00:00,Sanctum Sanctorum,Medical Kits,734.99,4.15,False
2015-06-17T05:00:00,Avengers Compound,Vibranium (kg),2427.61,4.61,False
2015-06-17T05:00:00,Avengers Compound,Arc Reactor Cores,708.51,5.53,False
2015-06-17T05:00:00,Avengers Compound,Pym Particles,720.46,5.07,False
2015-06-17T05:00:00,Avengers Compound,Clean Water (L),2408.1,5.53,False
2015-06-17T05:00:00,Avengers Compound,Medical Kits,737.11,4.15,False
2015-06-17T06:00:00,New Asgard,Vibranium (kg),2427.96,5.0,False
2015-06-17T06:00:00,New Asgard,Arc Reactor Cores,704.2,6.0,False
2015-06-17T06:00:00,New Asgard,Pym Particles,716.47,5.5,False
2015-06-17T06:00:00,New Asgard,Clean Water (L),2409.52,6.0,False
2015-06-17T06:00:00,New Asgard,Medical Kits,736.25,4.5,False
2015-06-17T06:00:00,Wakanda,Vibranium (kg),2427.97,5.0,False
2015-06-17T06:00:00,Wakanda,Arc Reactor Cores,702.42,6.0,False
2015-06-17T06:00:00,Wakanda,Pym Particles,716.04,5.5,False
2015-06-17T06:00:00,Wakanda,Clean Water (L),2406.52,6.0,False
2015-06-17T06:00:00,Wakanda,Medical Kits,736.34,4.5,False
2015-06-17T06:00:00,Sokovia,Vibranium (kg),2428.7,5.0,False
2015-06-17T06:00:00,Sokovia,Arc Reactor Cores,707.76,6.0,False
2015-06-17T06:00:00,Sokovia,Pym Particles,718.11,5.5,False
2015-06-17T06:00:00,Sokovia,Clean Water (L),2408.72,6.0,False
2015-06-17T06:00:00,Sokovia,Medical Kits,736.36,4.5,False
2015-06-17T06:00:00,Sanctum Sanctorum,Vibranium (kg),2427.18,5.0,False
2015-06-17T06:00:00,Sanctum Sanctorum,Arc Reactor Cores,705.24,6.0,False
2015-06-17T06:00:00,Sanctum Sanctorum,Pym Particles,719.5,5.5,False
2015-06-17T06:00:00,Sanctum Sanctorum,Clean Water (L),2405.58,6.0,False
2015-06-17T06:00:00,Sanctum Sanctorum,Medical Kits,733.19,4.5,False
2015-06-17T06:00:00,Avengers Compound,Vibranium (kg),2425.79,5.0,False
2015-06-17T06:00:00,Avengers Compound,Arc Reactor Cores,708.13,6.0,False
2015-06-17T06:00:00,Avengers Compound,Pym Particles,720.84,5.5,False
2015-06-17T06:00:00,Avengers Compound,Clean Water (L),2408.01,6.0,False
2015-06-17T06:00:00,Avengers Compound,Medical Kits,737.33,4.5,False
2015-06-17T07:00:00,New Asgard,Vibranium (kg),2426.84,5.39,False
2015-06-17T07:00:00,New Asgard,Arc Reactor Cores,702.68,6.47,False
2015-06-17T07:00:00,New Asgard,Pym Particles,716.04,5.93,False
2015-06-17T07:00:00,New Asgard,Clean Water (L),2409.17,6.47,False
2015-06-17T07:00:00,New Asgard,Medical Kits,735.64,4.85,False
2015-06-17T07:00:00,Wakanda,Vibranium (kg),2426.5,5.39,False
2015-06-17T07:00:00,Wakanda,Arc Reactor Cores,702.08,6.47,False
2015-06-17T07:00:00,Wakanda,Pym Particles,716.83,5.93,False
2015-06-17T07:00:00,Wakanda,Clean Water (L),2405.59,6.47,False
2015-06-17T07:00:00,Wakanda,Medical Kits,735.21,4.85,False
2015-06-17T07:00:00,Sokovia,Vibranium (kg),2428.12,5.39,False
2015-06-17T07:00:00,Sokovia,Arc Reactor Cores,707.61,6.47,False
2015-06-17T07:00:00,Sokovia,Pym Particles,717.93,5.93,False
2015-06-17T07:00:00,Sokovia,Clean Water (L),2408.56,6.47,False
2015-06-17T07:00:00,Sokovia,Medical Kits,735.21,4.85,False
2015-06-17T07:00:00,Sanctum Sanctorum,Vibranium (kg),2427.67,5.39,False
2015-06-17T07:00:00,Sanctum Sanctorum,Arc Reactor Cores,704.93,6.47,False
2015-06-17T07:00:00,Sanctum Sanctorum,Pym Particles,718.12,5.93,False
2015-06-17T07:00:00,Sanctum Sanctorum,Clean Water (L),2404.6,6.47,False
2015-06-17T07:00:00,Sanctum Sanctorum,Medical Kits,733.53,4.85,False
2015-06-17T07:00:00,Avengers Compound,Vibranium (kg),2424.35,5.39,False
2015-06-17T07:00:00,Avengers Compound,Arc Reactor Cores,706.36,6.47,False
2015-06-17T07:00:00,Avengers Compound,Pym Particles,719.72,5.93,False
2015-06-17T07:00:00,Avengers Compound,Clean Water (L),2407.38,6.47,False
2015-06-17T07:00:00,Avengers Compound,Medical Kits,737.34,4.85,False
2015-06-17T08:00:00,New Asgard,Vibranium (kg),2425.72,5.75,False
2015-06-17T08:00:00,New Asgard,Arc Reactor Cores,701.01,6.9,False
2015-06-17T08:00:00,New Asgard,Pym Particles,715.1,6.32,False
2015-06-17T08:00:00,New Asgard,Clean Water (L),2407.12,6.9,False
2015-06-17T08:00:00,New Asgard,Medical Kits,734.35,5.17,False
2015-06-17T08:00:00,Wakanda,Vibranium (kg),2425.43,5.75,False
2015-06-17T08:00:00,Wakanda,Arc Reactor Cores,701.89,6.9,False
2015-06-17T08:00:00,Wakanda,Pym Particles,715.25,6.32,False
2015-06-17T08:00:00,Wakanda,Clean Water (L),2403.51,6.9,False
2015-06-17T08:00:00,Wakanda,Medical Kits,734.05,5.17,False
2015-06-17T08:00:00,Sokovia,Vibranium (kg),2425.43,5.75,False
2015-06-17T08:00:00,Sokovia,Arc Reactor Cores,706.41,6.9,False
2015-06-17T08:00:00,Sokovia,Pym Particles,716.71,6.32,False
2015-06-17T08:00:00,Sokovia,Clean Water (L),2407.0,6.9,False
2015-06-17T08:00:00,Sokovia,Medical Kits,733.61,5.17,False
2015-06-17T08:00:00,Sanctum Sanctorum,Vibranium (kg),2426.01,5.75,False
2015-06-17T08:00:00,Sanctum Sanctorum,Arc Reactor Cores,703.67,6.9,False
2015-06-17T08:00:00,Sanctum Sanctorum,Pym Particles,716.05,6.32,False
2015-06-17T08:00:00,Sanctum Sanctorum,Clean Water (L),2402.9,6.9,False
2015-06-17T08:00:00,Sanctum Sanctorum,Medical Kits,733.79,5.17,False
2015-06-17T08:00:00,Avengers Compound,Vibranium (kg),2423.05,5.75,False
2015-06-17T08:00:00,Avengers Compound,Arc Reactor Cores,704.77,6.9,False
2015-06-17T08:00:00,Avengers Compound,Pym Particles,717.2,6.32,False
2015-06-17T08:00:00,Avengers Compound,Clean Water (L),2405.67,6.9,False
2015-06-17T08:00:00,Avengers Compound,Medical Kits,735.9,5.17,False
2015-06-17T09:00:00,New Asgard,Vibranium (kg),2424.35,6.06,False
2015-06-17T09:00:00,New Asgard,Arc Reactor Cores,699.71,7.27,False
2015-06-17T09:00:00,New Asgard,Pym Particles,713.52,6.67,False
2015-06-17T09:00:00,New Asgard,Clean Water (L),2406.38,7.27,False
2015-06-17T09:00:00,New Asgard,Medical Kits,734.6,5.45,False
2015-06-17T09:00:00,Wakanda,Vibranium (kg),2424.1,6.06,False
2015-06-17T09:00:00,Wakanda,Arc Reactor Cores,700.52,7.27,False
2015-06-17T09:00:00,Wakanda,Pym Particles,714.05,6.67,False
2015-06-17T09:00:00,Wakanda,Clean Water (L),2401.87,7.27,False
2015-06-17T09:00:00,Wakanda,Medical Kits,733.85,5.45,False
2015-06-17T09:00:00,Sokovia,Vibranium (kg),2424.42,6.06,False
2015-06-17T09:00:00,Sokovia,Arc Reactor Cores,705.08,7.27,False
2015-06-17T09:00:00,Sokovia,Pym Particles,716.2,6.67,False
2015-06-17T09:00:00,Sokovia,Clean Water (L),2405.67,7.27,False
2015-06-17T09:00:00,Sokovia,Medical Kits,732.93,5.45,False
2015-06-17T09:00:00,Sanctum Sanctorum,Vibranium (kg),2424.82,6.06,False
2015-06-17T09:00:00,Sanctum Sanctorum,Arc Reactor Cores,701.23,7.27,False
2015-06-17T09:00:00,Sanctum Sanctorum,Pym Particles,714.42,6.67,False
2015-06-17T09:00:00,Sanctum Sanctorum,Clean Water (L),2400.75,7.27,False
2015-06-17T09:00:00,Sanctum Sanctorum,Medical Kits,732.72,5.45,False
2015-06-17T09:00:00,Avengers Compound,Vibranium (kg),2421.18,6.06,False
2015-06-17T09:00:00,Avengers Compound,Arc Reactor Cores,703.22,7.27,False
2015-06-17T09:00:00,Avengers Compound,Pym Particles,716.89,6.67,False
2015-06-17T09:00:00,Avengers Compound,Clean Water (L),2403.29,7.27,False
2015-06-17T09:00:00,Avengers Compound,Medical Kits,733.8,5.45,False
2015-06-17T10:00:00,New Asgard,Vibranium (kg),2423.49,6.3,False
2015-06-17T10:00:00,New Asgard,Arc Reactor Cores,698.55,7.56,False
2015-06-17T10:00:00,New Asgard,Pym Particles,712.1,6.93,False
2015-06-17T10:00:00,New Asgard,Clean Water (L),2404.68,7.56,False
2015-06-17T10:00:00,New Asgard,Medical Kits,733.35,5.67,False
2015-06-17T10:00:00,Wakanda,Vibranium (kg),2424.07,6.3,False
2015-06-17T10:00:00,Wakanda,Arc Reactor Cores,698.77,7.56,False
2015-06-17T10:00:00,Wakanda,Pym Particles,711.79,6.93,False
2015-06-17T10:00:00,Wakanda,Clean Water (L),2399.49,7.56,False
2015-06-17T10:00:00,Wakanda,Medical Kits,732.65,5.67,False
2015-06-17T10:00:00,Sokovia,Vibranium (kg),2422.15,6.3,False
2015-06-17T10:00:00,Sokovia,Arc Reactor Cores,703.4,7.56,False
2015-06-17T10:00:00,Sokovia,Pym Particles,714.07,6.93,False
2015-06-17T10:00:00,Sokovia,Clean Water (L),2404.78,7.56,False
2015-06-17T10:00:00,Sokovia,Medical Kits,731.68,5.67,False
2015-06-17T10:00:00,Sanctum Sanctorum,Vibranium (kg),2422.93,6.3,False
2015-06-17T10:00:00,Sanctum Sanctorum,Arc Reactor Cores,699.07,7.56,False
2015-06-17T10:00:00,Sanctum Sanctorum,Pym Particles,712.49,6.93,False
2015-06-17T10:00:00,Sanctum Sanctorum,Clean Water (L),2399.62,7.56,False
2015-06-17T10:00:00,Sanctum Sanctorum,Medical Kits,730.62,5.67,False
2015-06-17T10:00:00,Avengers Compound,Vibranium (kg),2419.4,6.3,False
2015-06-17T10:00:00,Avengers Compound,Arc Reactor Cores,701.53,7.56,False
2015-06-17T10:00:00,Avengers Compound,Pym Particles,713.75,6.93,False
2015-06-17T10:00:00,Avengers Compound,Clean Water (L),2400.38,7.56,False
2015-06-17T10:00:00,Avengers Compound,Medical Kits,732.29,5.67,False
2015-06-17T11:00:00,New Asgard,Vibranium (kg),2422.34,6.45,False
2015-06-17T11:00:00,New Asgard,Arc Reactor Cores,696.65,7.74,False
2015-06-17T11:00:00,New Asgard,Pym Particles,708.91,7.09,False
2015-06-17T11:00:00,New Asgard,Clean Water (L),2403.86,7.74,False
2015-06-17T11:00:00,New Asgard,Medical Kits,731.51,5.8,False
2015-06-17T11:00:00,Wakanda,Vibranium (kg),2423.79,6.45,False
2015-06-17T11:00:00,Wakanda,Arc Reactor Cores,697.69,7.74,False
2015-06-17T11:00:00,Wakanda,Pym Particles,709.68,7.09,False
2015-06-17T11:00:00,Wakanda,Clean Water (L),2397.51,7.74,False
2015-06-17T11:00:00,Wakanda,Medical Kits,731.72,5.8,False
2015-06-17T11:00:00,Sokovia,Vibranium (kg),2419.77,6.45,False
2015-06-17T11:00:00,Sokovia,Arc Reactor Cores,701.16,7.74,False
2015-06-17T11:00:00,Sokovia,Pym Particles,711.68,7.09,False
2015-06-17T11:00:00,Sokovia,Clean Water (L),2402.96,7.74,False
2015-06-17T11:00:00,Sokovia,Medical Kits,729.81,5.8,False
2015-06-17T11:00:00,Sanctum Sanctorum,Vibranium (kg),2422.09,6.45,False
2015-06-17T11:00:00,Sanctum Sanctorum,Arc Reactor Cores,697.36,7.74,False
2015-06-17T11:00:00,Sanctum Sanctorum,Pym Particles,711.1,7.09,False
2015-06-17T11:00:00,Sanctum Sanctorum,Clean Water (L),2397.62,7.74,False
2015-06-17T11:00:00,Sanctum Sanctorum,Medical Kits,728.75,5.8,False
2015-06-17T11:00:00,Avengers Compound,Vibranium (kg),2416.99,6.45,False
2015-06-17T11:00:00,Avengers Compound,Arc Reactor Cores,698.3,7.74,False
2015-06-17T11:00:00,Avengers Compound,Pym Particles,712.39,7.09,False
2015-06-17T11:00:00,Avengers Compound,Clean Water (L),2398.61,7.74,False
2015-06-17T11:00:00,Avengers Compound,Medical Kits,730.39,5.8,False
2015-06-17T12:00:00,New Asgard,Vibranium (kg),2420.61,6.5,False
2015-06-17T12:00:00,New Asgard,Arc Reactor Cores,695.23,7.8,False
2015-06-17T12:00:00,New Asgard,Pym Particles,707.21,7.15,False
2015-06-17T12:00:00,New Asgard,Clean Water (L),2402.3,7.8,False
2015-06-17T12:00:00,New Asgard,Medical Kits,730.48,5.85,False
2015-06-17T12:00:00,Wakanda,Vibranium (kg),2421.82,6.5,False
2015-06-17T12:00:00,Wakanda,Arc Reactor Cores,694.83,7.8,False
2015-06-17T12:00:00,Wakanda,Pym Particles,708.29,7.15,False
2015-06-17T12:00:00,Wakanda,Clean Water (L),2397.19,7.8,False
2015-06-17T12:00:00,Wakanda,Medical Kits,731.64,5.85,False
2015-06-17T12:00:00,Sokovia,Vibranium (kg),2419.13,6.5,False
2015-06-17T12:00:00,Sokovia,Arc Reactor Cores,698.84,7.8,False
2015-06-17T12:00:00,Sokovia,Pym Particles,708.88,7.15,False
2015-06-17T12:00:00,Sokovia,Clean Water (L),2400.36,7.8,False
2015-06-17T12:00:00,Sokovia,Medical Kits,729.75,5.85,False
2015-06-17T12:00:00,Sanctum Sanctorum,Vibranium (kg),2420.68,6.5,False
2015-06-17T12:00:00,Sanctum Sanctorum,Arc Reactor Cores,695.72,7.8,False
2015-06-17T12:00:00,Sanctum Sanctorum,Pym Particles,708.93,7.15,False
2015-06-17T12:00:00,Sanctum Sanctorum,Clean Water (L),2396.22,7.8,False
2015-06-17T12:00:00,Sanctum Sanctorum,Medical Kits,726.28,5.85,False
2015-06-17T12:00:00,Avengers Compound,Vibranium (kg),2415.78,6.5,False
2015-06-17T12:00:00,Avengers Compound,Arc Reactor Cores,696.7,7.8,False
2015-06-17T12:00:00,Avengers Compound,Pym Particles,709.62,7.15,False
2015-06-17T12:00:00,Avengers Compound,Clean Water (L),2397.99,7.8,False
2015-06-17T12:00:00,Avengers Compound,Medical Kits,729.76,5.85,False
2015-06-17T13:00:00,New Asgard,Vibranium (kg),2418.71,6.45,False
2015-06-17T13:00:00,New Asgard,Arc Reactor Cores,694.46,7.74,False
2015-06-17T13:00:00,New Asgard,Pym Particles,706.71,7.09,False
2015-06-17T13:00:00,New Asgard,Clean Water (L),2400.27,7.74,False
2015-06-17T13:00:00,New Asgard,Medical Kits,729.59,5.8,False
2015-06-17T13:00:00,Wakanda,Vibranium (kg),2420.58,6.45,False
2015-06-17T13:00:00,Wakanda,Arc Reactor Cores,694.48,7.74,False
2015-06-17T13:00:00,Wakanda,Pym Particles,706.46,7.09,False
2015-06-17T13:00:00,Wakanda,Clean Water (L),2396.94,7.74,False
2015-06-17T13:00:00,Wakanda,Medical Kits,730.07,5.8,False
2015-06-17T13:00:00,Sokovia,Vibranium (kg),2416.74,6.45,False
2015-06-17T13:00:00,Sokovia,Arc Reactor Cores,696.45,7.74,False
2015-06-17T13:00:00,Sokovia,Pym Particles,709.21,7.09,False
2015-06-17T13:00:00,Sokovia,Clean Water (L),2398.4,7.74,False
2015-06-17T13:00:00,Sokovia,Medical Kits,727.78,5.8,False
2015-06-17T13:00:00,Sanctum Sanctorum,Vibranium (kg),2419.72,6.45,False
2015-06-17T13:00:00,Sanctum Sanctorum,Arc Reactor Cores,694.58,7.74,False
2015-06-17T13:00:00,Sanctum Sanctorum,Pym Particles,707.51,7.09,False
2015-06-17T13:00:00,Sanctum Sanctorum,Clean Water (L),2396.06,7.74,False
2015-06-17T13:00:00,Sanctum Sanctorum,Medical Kits,724.27,5.8,False
2015-06-17T13:00:00,Avengers Compound,Vibranium (kg),2413.69,6.45,False
2015-06-17T13:00:00,Avengers Compound,Arc Reactor Cores,695.39,7.74,False
2015-06-17T13:00:00,Avengers Compound,Pym Particles,708.03,7.09,False
2015-06-17T13:00:00,Avengers Compound,Clean Water (L),2398.01,7.74,False
2015-06-17T13:00:00,Avengers Compound,Medical Kits,728.24,5.8,False
2015-06-17T14:00:00,New Asgard,Vibranium (kg),2417.52,6.3,False
2015-06-17T14:00:00,New Asgard,Arc Reactor Cores,692.86,7.56,False
2015-06-17T14:00:00,New Asgard,Pym Particles,705.8,6.93,False
2015-06-17T14:00:00,New Asgard,Clean Water (L),2400.44,7.56,False
2015-06-17T14:00:00,New Asgard,Medical Kits,729.26,5.67,False
2015-06-17T14:00:00,Wakanda,Vibranium (kg),2419.43,6.3,False
2015-06-17T14:00:00,Wakanda,Arc Reactor Cores,694.06,7.56,False
2015-06-17T14:00:00,Wakanda,Pym Particles,705.75,6.93,False
2015-06-17T14:00:00,Wakanda,Clean Water (L),2396.44,7.56,False
2015-06-17T14:00:00,Wakanda,Medical Kits,730.19,5.67,False
2015-06-17T14:00:00,Sokovia,Vibranium (kg),2415.83,6.3,False
2015-06-17T14:00:00,Sokovia,Arc Reactor Cores,694.99,7.56,False
2015-06-17T14:00:00,Sokovia,Pym Particles,708.9,6.93,False
2015-06-17T14:00:00,Sokovia,Clean Water (L),2398.53,7.56,False
2015-06-17T14:00:00,Sokovia,Medical Kits,727.02,5.67,False
2015-06-17T14:00:00,Sanctum Sanctorum,Vibranium (kg),2417.95,6.3,False
2015-06-17T14:00:00,Sanctum Sanctorum,Arc Reactor Cores,691.95,7.56,False
2015-06-17T14:00:00,Sanctum Sanctorum,Pym Particles,706.81,6.93,False
2015-06-17T14:00:00,Sanctum Sanctorum,Clean Water (L),2395.86,7.56,False
2015-06-17T14:00:00,Sanctum Sanctorum,Medical Kits,723.23,5.67,False
2015-06-17T14:00:00,Avengers Compound,Vibranium (kg),2413.41,6.3,False
2015-06-17T14:00:00,Avengers Compound,Arc Reactor Cores,693.57,7.56,False
2015-06-17T14:00:00,Avengers Compound,Pym Particles,706.55,6.93,False
2015-06-17T14:00:00,Avengers Compound,Clean Water (L),2396.56,7.56,False
2015-06-17T14:00:00,Avengers Compound,Medical Kits,727.65,5.67,False
2015-06-17T15:00:00,New Asgard,Vibranium (kg),2417.88,6.06,False
2015-06-17T15:00:00,New Asgard,Arc Reactor Cores,693.17,7.27,False
2015-06-17T15:00:00,New Asgard,Pym Particles,704.99,6.67,False
2015-06-17T15:00:00,New Asgard,Clean Water (L),2400.05,7.27,False
2015-06-17T15:00:00,New Asgard,Medical Kits,730.26,5.45,False
2015-06-17T15:00:00,Wakanda,Vibranium (kg),2419.23,6.06,False
2015-06-17T15:00:00,Wakanda,Arc Reactor Cores,693.12,7.27,False
2015-06-17T15:00:00,Wakanda,Pym Particles,704.87,6.67,False
2015-06-17T15:00:00,Wakanda,Clean Water (L),2394.55,7.27,False
2015-06-17T15:00:00,Wakanda,Medical Kits,731.16,5.45,False
2015-06-17T15:00:00,Sokovia,Vibranium (kg),2416.0,6.06,False
2015-06-17T15:00:00,Sokovia,Arc Reactor Cores,692.23,7.27,False
2015-06-17T15:00:00,Sokovia,Pym Particles,706.83,6.67,False
2015-06-17T15:00:00,Sokovia,Clean Water (L),2397.23,7.27,False
2015-06-17T15:00:00,Sokovia,Medical Kits,727.46,5.45,False
2015-06-17T15:00:00,Sanctum Sanctorum,Vibranium (kg),2416.32,6.06,False
2015-06-17T15:00:00,Sanctum Sanctorum,Arc Reactor Cores,691.49,7.27,False
2015-06-17T15:00:00,Sanctum Sanctorum,Pym Particles,704.45,6.67,False
2015-06-17T15:00:00,Sanctum Sanctorum,Clean Water (L),2394.64,7.27,False
2015-06-17T15:00:00,Sanctum Sanctorum,Medical Kits,723.42,5.45,False
2015-06-17T15:00:00,Avengers Compound,Vibranium (kg),2412.42,6.06,False
2015-06-17T15:00:00,Avengers Compound,Arc Reactor Cores,692.56,7.27,False
2015-06-17T15:00:00,Avengers Compound,Pym Particles,704.83,6.67,False
2015-06-17T15:00:00,Avengers Compound,Clean Water (L),2395.49,7.27,False
2015-06-17T15:00:00,Avengers Compound,Medical Kits,726.82,5.45,False
2015-06-17T16:00:00,New Asgard,Vibranium (kg),2416.6,5.75,False
2015-06-17T16:00:00,New Asgard,Arc Reactor Cores,694.15,6.9,False
2015-06-17T16:00:00,New Asgard,Pym Particles,703.68,6.32,False
2015-06-17T16:00:00,New Asgard,Clean Water (L),2398.8,6.9,False
2015-06-17T16:00:00,New Asgard,Medical Kits,728.44,5.17,False
2015-06-17T16:00:00,Wakanda,Vibranium (kg),2418.1,5.75,False
2015-06-17T16:00:00,Wakanda,Arc Reactor Cores,692.45,6.9,False
2015-06-17T16:00:00,Wakanda,Pym Particles,703.85,6.32,False
2015-06-17T16:00:00,Wakanda,Clean Water (L),2393.72,6.9,False
2015-06-17T16:00:00,Wakanda,Medical Kits,731.15,5.17,False
2015-06-17T16:00:00,Sokovia,Vibranium (kg),2416.29,5.75,False
2015-06-17T16:00:00,Sokovia,Arc Reactor Cores,693.56,6.9,False
2015-06-17T16:00:00,Sokovia,Pym Particles,706.88,6.32,False
2015-06-17T16:00:00,Sokovia,Clean Water (L),2396.44,6.9,False
2015-06-17T16:00:00,Sokovia,Medical Kits,727.11,5.17,False
2015-06-17T16:00:00,Sanctum Sanctorum,Vibranium (kg),2415.41,5.75,False
2015-06-17T16:00:00,Sanctum Sanctorum,Arc Reactor Cores,691.02,6.9,False
2015-06-17T16:00:00,Sanctum Sanctorum,Pym Particles,703.98,6.32,False
2015-06-17T16:00:00,Sanctum Sanctorum,Clean Water (L),2393.93,6.9,False
2015-06-17T16:00:00,Sanctum Sanctorum,Medical Kits,723.37,5.17,False
2015-06-17T16:00:00,Avengers Compound,Vibranium (kg),2412.79,5.75,False
2015-06-17T16:00:00,Avengers Compound,Arc Reactor Cores,690.39,6.9,False
2015-06-17T16:00:00,Avengers Compound,Pym Particles,705.71,6.32,False
2015-06-17T16:00:00,Avengers Compound,Clean Water (L),2395.57,6.9,False
2015-06-17T16:00:00,Avengers Compound,Medical Kits,725.41,5.17,False
2015-06-17T17:00:00,New Asgard,Vibranium (kg),2415.66,5.39,False
2015-06-17T17:00:00,New Asgard,Arc Reactor Cores,694.32,6.47,False
2015-06-17T17:00:00,New Asgard,Pym Particles,702.19,5.93,False
2015-06-17T17:00:00,New Asgard,Clean Water (L),2399.62,6.47,False
2015-06-17T17:00:00,New Asgard,Medical Kits,727.77,4.85,False
2015-06-17T17:00:00,Wakanda,Vibranium (kg),2418.97,5.39,False
2015-06-17T17:00:00,Wakanda,Arc Reactor Cores,691.58,6.47,False
2015-06-17T17:00:00,Wakanda,Pym Particles,703.42,5.93,False
2015-06-17T17:00:00,Wakanda,Clean Water (L),2394.68,6.47,False
2015-06-17T17:00:00,Wakanda,Medical Kits,729.9,4.85,False
2015-06-17T17:00:00,Sokovia,Vibranium (kg),2415.73,5.39,False
2015-06-17T17:00:00,Sokovia,Arc Reactor Cores,693.42,6.47,False
2015-06-17T17:00:00,Sokovia,Pym Particles,706.09,5.93,False
2015-06-17T17:00:00,Sokovia,Clean Water (L),2395.07,6.47,False
2015-06-17T17:00:00,Sokovia,Medical Kits,726.37,4.85,False
2015-06-17T17:00:00,Sanctum Sanctorum,Vibranium (kg),2415.01,5.39,False
2015-06-17T17:00:00,Sanctum Sanctorum,Arc Reactor Cores,691.97,6.47,False
2015-06-17T17:00:00,Sanctum Sanctorum,Pym Particles,704.34,5.93,False
2015-06-17T17:00:00,Sanctum Sanctorum,Clean Water (L),2393.88,6.47,False
2015-06-17T17:00:00,Sanctum Sanctorum,Medical Kits,723.85,4.85,False
2015-06-17T17:00:00,Avengers Compound,Vibranium (kg),2413.45,5.39,False
2015-06-17T17:00:00,Avengers Compound,Arc Reactor Cores,690.16,6.47,False
2015-06-17T17:00:00,Avengers Compound,Pym Particles,704.15,5.93,False
2015-06-17T17:00:00,Avengers Compound,Clean Water (L),2395.32,6.47,False
2015-06-17T17:00:00,Avengers Compound,Medical Kits,725.13,4.85,False
2015-06-17T18:00:00,New Asgard,Vibranium (kg),2415.85,5.0,False
2015-06-17T18:00:00,New Asgard,Arc Reactor Cores,696.15,6.0,False
2015-06-17T18:00:00,New Asgard,Pym Particles,702.98,5.5,False
2015-06-17T18:00:00,New Asgard,Clean Water (L),2398.73,6.0,False
2015-06-17T18:00:00,New Asgard,Medical Kits,727.23,4.5,False
2015-06-17T18:00:00,Wakanda,Vibranium (kg),2418.16,5.0,False
2015-06-17T18:00:00,Wakanda,Arc Reactor Cores,692.06,6.0,False
2015-06-17T18:00:00,Wakanda,Pym Particles,705.06,5.5,False
2015-06-17T18:00:00,Wakanda,Clean Water (L),2396.17,6.0,False
2015-06-17T18:00:00,Wakanda,Medical Kits,729.65,4.5,False
2015-06-17T18:00:00,Sokovia,Vibranium (kg),2415.66,5.0,False
2015-06-17T18:00:00,Sokovia,Arc Reactor Cores,694.04,6.0,False
2015-06-17T18:00:00,Sokovia,Pym Particles,705.5,5.5,False
2015-06-17T18:00:00,Sokovia,Clean Water (L),2394.68,6.0,False
2015-06-17T18:00:00,Sokovia,Medical Kits,727.03,4.5,False
2015-06-17T18:00:00,Sanctum Sanctorum,Vibranium (kg),2413.93,5.0,False
2015-06-17T18:00:00,Sanctum Sanctorum,Arc Reactor Cores,692.91,6.0,False
2015-06-17T18:00:00,Sanctum Sanctorum,Pym Particles,703.84,5.5,False
2015-06-17T18:00:00,Sanctum Sanctorum,Clean Water (L),2395.77,6.0,False
2015-06-17T18:00:00,Sanctum Sanctorum,Medical Kits,722.82,4.5,False
2015-06-17T18:00:00,Avengers Compound,Vibranium (kg),2415.1,5.0,False
2015-06-17T18:00:00,Avengers Compound,Arc Reactor Cores,689.65,6.0,False
2015-06-17T18:00:00,Avengers Compound,Pym Particles,704.87,5.5,False
2015-06-17T18:00:00,Avengers Compound,Clean Water (L),2394.4,6.0,False
2015-06-17T18:00:00,Avengers Compound,Medical Kits,726.14,4.5,False
2015-06-17T19:00:00,New Asgard,Vibranium (kg),2416.71,4.61,False
2015-06-17T19:00:00,New Asgard,Arc Reactor Cores,697.25,5.53,False
2015-06-17T19:00:00,New Asgard,Pym Particles,704.85,5.07,False
2015-06-17T19:00:00,New Asgard,Clean Water (L),2398.63,5.53,False
2015-06-17T19:00:00,New Asgard,Medical Kits,726.1,4.15,False
2015-06-17T19:00:00,Wakanda,Vibranium (kg),2419.15,4.61,False
2015-06-17T19:00:00,Wakanda,Arc Reactor Cores,691.97,5.53,False
2015-06-17T19:00:00,Wakanda,Pym Particles,706.15,5.07,False
2015-06-17T19:00:00,Wakanda,Clean Water (L),2397.25,5.53,False
2015-06-17T19:00:00,Wakanda,Medical Kits,729.82,4.15,False
2015-06-17T19:00:00,Sokovia,Vibranium (kg),2417.69,4.61,False
2015-06-17T19:00:00,Sokovia,Arc Reactor Cores,695.86,5.53,False
2015-06-17T19:00:00,Sokovia,Pym Particles,707.45,5.07,False
2015-06-17T19:00:00,Sokovia,Clean Water (L),2395.26,5.53,False
2015-06-17T19:00:00,Sokovia,Medical Kits,727.59,4.15,False
2015-06-17T19:00:00,Sanctum Sanctorum,Vibranium (kg),2415.27,4.61,False
2015-06-17T19:00:00,Sanctum Sanctorum,Arc Reactor Cores,694.11,5.53,False
2015-06-17T19:00:00,Sanctum Sanctorum,Pym Particles,704.02,5.07,False
2015-06-17T19:00:00,Sanctum Sanctorum,Clean Water (L),2397.16,5.53,False
2015-06-17T19:00:00,Sanctum Sanctorum,Medical Kits,723.93,4.15,False
2015-06-17T19:00:00,Avengers Compound,Vibranium (kg),2415.97,4.61,False
2015-06-17T19:00:00,Avengers Compound,Arc Reactor Cores,691.19,5.53,False
2015-06-17T19:00:00,Avengers Compound,Pym Particles,706.28,5.07,False
2015-06-17T19:00:00,Avengers Compound,Clean Water (L),2394.69,5.53,False
2015-06-17T19:00:00,Avengers Compound,Medical Kits,726.23,4.15,False
2015-06-17T20:00:00,New Asgard,Vibranium (kg),2417.09,4.25,False
2015-06-17T20:00:00,New Asgard,Arc Reactor Cores,699.84,5.1,False
2015-06-17T20:00:00,New Asgard,Pym Particles,704.56,4.68,False
2015-06-17T20:00:00,New Asgard,Clean Water (L),2398.12,5.1,False
2015-06-17T20:00:00,New Asgard,Medical Kits,725.98,3.83,False
2015-06-17T20:00:00,Wakanda,Vibranium (kg),2421.48,4.25,False
2015-06-17T20:00:00,Wakanda,Arc Reactor Cores,694.16,5.1,False
2015-06-17T20:00:00,Wakanda,Pym Particles,707.21,4.68,False
2015-06-17T20:00:00,Wakanda,Clean Water (L),2397.0,5.1,False
2015-06-17T20:00:00,Wakanda,Medical Kits,730.08,3.83,False
2015-06-17T20:00:00,Sokovia,Vibranium (kg),2418.26,4.25,False
2015-06-17T20:00:00,Sokovia,Arc Reactor Cores,696.44,5.1,False
2015-06-17T20:00:00,Sokovia,Pym Particles,708.82,4.68,False
2015-06-17T20:00:00,Sokovia,Clean Water (L),2397.27,5.1,False
2015-06-17T20:00:00,Sokovia,Medical Kits,728.78,3.83,False
2015-06-17T20:00:00,Sanctum Sanctorum,Vibranium (kg),2415.73,4.25,False
2015-06-17T20:00:00,Sanctum Sanctorum,Arc Reactor Cores,694.06,5.1,False
2015-06-17T20:00:00,Sanctum Sanctorum,Pym Particles,705.4,4.68,False
2015-06-17T20:00:00,Sanctum Sanctorum,Clean Water (L),2397.84,5.1,False
2015-06-17T20:00:00,Sanctum Sanctorum,Medical Kits,724.69,3.83,False
2015-06-17T20:00:00,Avengers Compound,Vibranium (kg),2415.45,4.25,False
2015-06-17T20:00:00,Avengers Compound,Arc Reactor Cores,691.55,5.1,False
2015-06-17T20:00:00,Avengers Compound,Pym Particles,707.42,4.68,False
2015-06-17T20:00:00,Avengers Compound,Clean Water (L),2395.4,5.1,False
2015-06-17T20:00:00,Avengers Compound,Medical Kits,726.13,3.83,False
2015-06-17T21:00:00,New Asgard,Vibranium (kg),2418.19,3.94,False
2015-06-17T21:00:00,New Asgard,Arc Reactor Cores,700.32,4.73,False
2015-06-17T21:00:00,New Asgard,Pym Particles,706.7,4.33,False
2015-06-17T21:00:00,New Asgard,Clean Water (L),2399.7,4.73,False
2015-06-17T21:00:00,New Asgard,Medical Kits,727.87,3.55,False
2015-06-17T21:00:00,Wakanda,Vibranium (kg),2423.06,3.94,False
2015-06-17T21:00:00,Wakanda,Arc Reactor Cores,696.4,4.73,False
2015-06-17T21:00:00,Wakanda,Pym Particles,709.62,4.33,False
2015-06-17T21:00:00,Wakanda,Clean Water (L),2396.63,4.73,False
2015-06-17T21:00:00,Wakanda,Medical Kits,732.36,3.55,False
2015-06-17T21:00:00,Sokovia,Vibranium (kg),2417.89,3.94,False
2015-06-17T21:00:00,Sokovia,Arc Reactor Cores,698.98,4.73,False
2015-06-17T21:00:00,Sokovia,Pym Particles,711.9,4.33,False
2015-06-17T21:00:00,Sokovia,Clean Water (L),2399.93,4.73,False
2015-06-17T21:00:00,Sokovia,Medical Kits,729.15,3.55,False
2015-06-17T21:00:00,Sanctum Sanctorum,Vibranium (kg),2416.5,3.94,False
2015-06-17T21:00:00,Sanctum Sanctorum,Arc Reactor Cores,694.73,4.73,False
2015-06-17T21:00:00,Sanctum Sanctorum,Pym Particles,706.94,4.33,False
2015-06-17T21:00:00,Sanctum Sanctorum,Clean Water (L),2399.29,4.73,False
2015-06-17T21:00:00,Sanctum Sanctorum,Medical Kits,725.81,3.55,False
2015-06-17T21:00:00,Avengers Compound,Vibranium (kg),2416.06,3.94,False
2015-06-17T21:00:00,Avengers Compound,Arc Reactor Cores,692.19,4.73,False
2015-06-17T21:00:00,Avengers Compound,Pym Particles,709.29,4.33,False
2015-06-17T21:00:00,Avengers Compound,Clean Water (L),2395.67,4.73,False
2015-06-17T21:00:00,Avengers Compound,Medical Kits,726.88,3.55,False
2015-06-17T22:00:00,New Asgard,Vibranium (kg),2419.35,3.7,False
2015-06-17T22:00:00,New Asgard,Arc Reactor Cores,702.25,4.44,False
2015-06-17T22:00:00,New Asgard,Pym Particles,708.63,4.07,False
2015-06-17T22:00:00,New Asgard,Clean Water (L),2402.59,4.44,False
2015-06-17T22:00:00,New Asgard,Medical Kits,729.14,3.33,False
2015-06-17T22:00:00,Wakanda,Vibranium (kg),2424.63,3.7,False
2015-06-17T22:00:00,Wakanda,Arc Reactor Cores,697.87,4.44,False
2015-06-17T22:00:00,Wakanda,Pym Particles,710.71,4.07,False
2015-06-17T22:00:00,Wakanda,Clean Water (L),2398.84,4.44,False
2015-06-17T22:00:00,Wakanda,Medical Kits,734.5,3.33,False
2015-06-17T22:00:00,Sokovia,Vibranium (kg),2419.24,3.7,False
2015-06-17T22:00:00,Sokovia,Arc Reactor Cores,700.34,4.44,False
2015-06-17T22:00:00,Sokovia,Pym Particles,715.0,4.07,False
2015-06-17T22:00:00,Sokovia,Clean Water (L),2401.99,4.44,False
2015-06-17T22:00:00,Sokovia,Medical Kits,731.39,3.33,False
2015-06-17T22:00:00,Sanctum Sanctorum,Vibranium (kg),2418.95,3.7,False
2015-06-17T22:00:00,Sanctum Sanctorum,Arc Reactor Cores,696.84,4.44,False
2015-06-17T22:00:00,Sanctum Sanctorum,Pym Particles,708.82,4.07,False
2015-06-17T22:00:00,Sanctum Sanctorum,Clean Water (L),2400.97,4.44,False
2015-06-17T22:00:00,Sanctum Sanctorum,Medical Kits,727.94,3.33,False
2015-06-17T22:00:00,Avengers Compound,Vibranium (kg),2418.35,3.7,False
2015-06-17T22:00:00,Avengers Compound,Arc Reactor Cores,694.33,4.44,False
2015-06-17T22:00:00,Avengers Compound,Pym Particles,710.76,4.07,False
2015-06-17T22:00:00,Avengers Compound,Clean Water (L),2397.77,4.44,False
2015-06-17T22:00:00,Avengers Compound,Medical Kits,727.6,3.33,False
2015-06-17T23:00:00,New Asgard,Vibranium (kg),2420.87,3.55,False
2015-06-17T23:00:00,New Asgard,Arc Reactor Cores,704.16,4.26,False
2015-06-17T23:00:00,New Asgard,Pym Particles,710.88,3.91,False
2015-06-17T23:00:00,New Asgard,Clean Water (L),2404.42,4.26,False
2015-06-17T23:00:00,New Asgard,Medical Kits,730.46,3.2,False
2015-06-17T23:00:00,Wakanda,Vibranium (kg),2425.91,3.55,False
2015-06-17T23:00:00,Wakanda,Arc Reactor Cores,699.18,4.26,False
2015-06-17T23:00:00,Wakanda,Pym Particles,712.64,3.91,False
2015-06-17T23:00:00,Wakanda,Clean Water (L),2400.32,4.26,False
2015-06-17T23:00:00,Wakanda,Medical Kits,735.63,3.2,False
2015-06-17T23:00:00,Sokovia,Vibranium (kg),2421.84,3.55,False
2015-06-17T23:00:00,Sokovia,Arc Reactor Cores,702.88,4.26,False
2015-06-17T23:00:00,Sokovia,Pym Particles,715.42,3.91,False
2015-06-17T23:00:00,Sokovia,Clean Water (L),2402.64,4.26,False
2015-06-17T23:00:00,Sokovia,Medical Kits,732.93,3.2,False
2015-06-17T23:00:00,Sanctum Sanctorum,Vibranium (kg),2420.5,3.55,False
2015-06-17T23:00:00,Sanctum Sanctorum,Arc Reactor Cores,699.1,4.26,False
2015-06-17T23:00:00,Sanctum Sanctorum,Pym Particles,711.58,3.91,False
2015-06-17T23:00:00,Sanctum Sanctorum,Clean Water (L),2402.06,4.26,False
2015-06-17T23:00:00,Sanctum Sanctorum,Medical Kits,729.05,3.2,False
2015-06-17T23:00:00,Avengers Compound,Vibranium (kg),2419.54,3.55,False
2015-06-17T23:00:00,Avengers Compound,Arc Reactor Cores,697.64,4.26,False
2015-06-17T23:00:00,Avengers Compound,Pym Particles,712.11,3.91,False
2015-06-17T23:00:00,Avengers Compound,Clean Water (L),2400.2,4.26,False
2015-06-17T23:00:00,Avengers Compound,Medical Kits,728.42,3.2,False
2015-06-18T00:00:00,New Asgard,Vibranium (kg),2421.05,3.5,False
2015-06-18T00:00:00,New Asgard,Arc Reactor Cores,706.34,4.2,False
2015-06-18T00:00:00,New Asgard,Pym Particles,712.66,3.85,False
2015-06-18T00:00:00,New Asgard,Clean Water (L),2406.0,4.2,False
2015-06-18T00:00:00,New Asgard,Medical Kits,732.92,3.15,False
2015-06-18T00:00:00,Wakanda,Vibranium (kg),2427.71,3.5,False
2015-06-18T00:00:00,Wakanda,Arc Reactor Cores,700.14,4.2,False
2015-06-18T00:00:00,Wakanda,Pym Particles,713.12,3.85,False
2015-06-18T00:00:00,Wakanda,Clean Water (L),2401.76,4.2,False
2015-06-18T00:00:00,Wakanda,Medical Kits,736.2,3.15,False
2015-06-18T00:00:00,Sokovia,Vibranium (kg),2421.62,3.5,False
2015-06-18T00:00:00,Sokovia,Arc Reactor Cores,704.51,4.2,False
2015-06-18T00:00:00,Sokovia,Pym Particles,717.93,3.85,False
2015-06-18T00:00:00,Sokovia,Clean Water (L),2403.2,4.2,False
2015-06-18T00:00:00,Sokovia,Medical Kits,732.95,3.15,False
2015-06-18T00:00:00,Sanctum Sanctorum,Vibranium (kg),2421.42,3.5,False
2015-06-18T00:00:00,Sanctum Sanctorum,Arc Reactor Cores,700.42,4.2,False
2015-06-18T00:00:00,Sanctum Sanctorum,Pym Particles,713.06,3.85,False
2015-06-18T00:00:00,Sanctum Sanctorum,Clean Water (L),2404.64,4.2,False
2015-06-18T00:00:00,Sanctum Sanctorum,Medical Kits,730.79,3.15,False
2015-06-18T00:00:00,Avengers Compound,Vibranium (kg),2419.99,3.5,False
2015-06-18T00:00:00,Avengers Compound,Arc Reactor Cores,699.12,4.2,False
2015-06-18T00:00:00,Avengers Compound,Pym Particles,714.34,3.85,False
2015-06-18T00:00:00,Avengers Compound,Clean Water (L),2401.17,4.2,False
2015-06-18T00:00:00,Avengers Compound,Medical Kits,729.69,3.15,False
2015-06-18T01:00:00,New Asgard,Vibranium (kg),2422.4,3.55,False
2015-06-18T01:00:00,New Asgard,Arc Reactor Cores,707.42,4.26,False
2015-06-18T01:00:00,New Asgard,Pym Particles,714.91,3.91,False
2015-06-18T01:00:00,New Asgard,Clean Water (L),2406.39,4.26,False
2015-06-18T01:00:00,New Asgard,Medical Kits,734.08,3.2,False
2015-06-18T01:00:00,Wakanda,Vibranium (kg),2428.92,3.55,False
2015-06-18T01:00:00,Wakanda,Arc Reactor Cores,700.59,4.26,False
2015-06-18T01:00:00,Wakanda,Pym Particles,714.11,3.91,False
2015-06-18T01:00:00,Wakanda,Clean Water (L),2404.38,4.26,False
2015-06-18T01:00:00,Wakanda,Medical Kits,737.74,3.2,False
2015-06-18T01:00:00,Sokovia,Vibranium (kg),2424.46,3.55,False
2015-06-18T01:00:00,Sokovia,Arc Reactor Cores,705.34,4.26,False
2015-06-18T01:00:00,Sokovia,Pym Particles,719.29,3.91,False
2015-06-18T01:00:00,Sokovia,Clean Water (L),2405.2,4.26,False
2015-06-18T01:00:00,Sokovia,Medical Kits,734.08,3.2,False
2015-06-18T01:00:00,Sanctum Sanctorum,Vibranium (kg),2422.9,3.55,False
2015-06-18T01:00:00,Sanctum Sanctorum,Arc Reactor Cores,702.47,4.26,False
2015-06-18T01:00:00,Sanctum Sanctorum,Pym Particles,713.53,3.91,False
2015-06-18T01:00:00,Sanctum Sanctorum,Clean Water (L),2407.82,4.26,False
2015-06-18T01:00:00,Sanctum Sanctorum,Medical Kits,732.86,3.2,False
2015-06-18T01:00:00,Avengers Compound,Vibranium (kg),2422.02,3.55,False
2015-06-18T01:00:00,Avengers Compound,Arc Reactor Cores,699.48,4.26,False
2015-06-18T01:00:00,Avengers Compound,Pym Particles,714.36,3.91,False
2015-06-18T01:00:00,Avengers Compound,Clean Water (L),2402.6,4.26,False
2015-06-18T01:00:00,Avengers Compound,Medical Kits,731.04,3.2,False
2015-06-18T02:00:00,New Asgard,Vibranium (kg),2423.1,3.7,False
2015-06-18T02:00:00,New Asgard,Arc Reactor Cores,709.63,4.44,False
2015-06-18T02:00:00,New Asgard,Pym Particles,716.02,4.07,False
2015-06-18T02:00:00,New Asgard,Clean Water (L),2408.04,4.44,False
2015-06-18T02:00:00,New Asgard,Medical Kits,735.24,3.33,False
2015-06-18T02:00:00,Wakanda,Vibranium (kg),2428.46,3.7,False
2015-06-18T02:00:00,Wakanda,Arc Reactor Cores,700.54,4.44,False
2015-06-18T02:00:00,Wakanda,Pym Particles,715.02,4.07,False
2015-06-18T02:00:00,Wakanda,Clean Water (L),2405.8,4.44,False
2015-06-18T02:00:00,Wakanda,Medical Kits,739.52,3.33,False
2015-06-18T02:00:00,Sokovia,Vibranium (kg),2424.37,3.7,False
2015-06-18T02:00:00,Sokovia,Arc Reactor Cores,706.67,4.44,False
2015-06-18T02:00:00,Sokovia,Pym Particles,720.84,4.07,False
2015-06-18T02:00:00,Sokovia,Clean Water (L),2406.67,4.44,False
2015-06-18T02:00:00,Sokovia,Medical Kits,735.62,3.33,False
2015-06-18T02:00:00,Sanctum Sanctorum,Vibranium (kg),2424.46,3.7,False
2015-06-18T02:00:00,Sanctum Sanctorum,Arc Reactor Cores,703.55,4.44,False
2015-06-18T02:00:00,Sanctum Sanctorum,Pym Particles,716.06,4.07,False
2015-06-18T02:00:00,Sanctum Sanctorum,Clean Water (L),2407.71,4.44,False
2015-06-18T02:00:00,Sanctum Sanctorum,Medical Kits,733.33,3.33,False
2015-06-18T02:00:00,Avengers Compound,Vibranium (kg),2422.51,3.7,False
2015-06-18T02:00:00,Avengers Compound,Arc Reactor Cores,700.82,4.44,False
2015-06-18T02:00:00,Avengers Compound,Pym Particles,715.48,4.07,False
2015-06-18T02:00:00,Avengers Compound,Clean Water (L),2403.67,4.44,False
2015-06-18T02:00:00,Avengers Compound,Medical Kits,732.6,3.33,False
2015-06-18T03:00:00,New Asgard,Vibranium (kg),2424.68,3.94,False
2015-06-18T03:00:00,New Asgard,Arc Reactor Cores,708.81,4.73,False
2015-06-18T03:00:00,New Asgard,Pym Particles,716.8,4.33,False
2015-06-18T03:00:00,New Asgard,Clean Water (L),2408.75,4.73,False
2015-06-18T03:00:00,New Asgard,Medical Kits,735.13,3.55,False
2015-06-18T03:00:00,Wakanda,Vibranium (kg),2428.21,3.94,False
2015-06-18T03:00:00,Wakanda,Arc Reactor Cores,701.47,4.73,False
2015-06-18T03:00:00,Wakanda,Pym Particles,715.73,4.33,False
2015-06-18T03:00:00,Wakanda,Clean Water (L),2407.96,4.73,False
2015-06-18T03:00:00,Wakanda,Medical Kits,739.76,3.55,False
2015-06-18T03:00:00,Sokovia,Vibranium (kg),2426.14,3.94,False
2015-06-18T03:00:00,Sokovia,Arc Reactor Cores,707.54,4.73,False
2015-06-18T03:00:00,Sokovia,Pym Particles,721.05,4.33,False
2015-06-18T03:00:00,Sokovia,Clean Water (L),2407.36,4.73,False
2015-06-18T03:00:00,Sokovia,Medical Kits,735.47,3.55,False
2015-06-18T03:00:00,Sanctum Sanctorum,Vibranium (kg),2423.73,3.94,False
2015-06-18T03:00:00,Sanctum Sanctorum,Arc Reactor Cores,705.73,4.73,False
2015-06-18T03:00:00,Sanctum Sanctorum,Pym Particles,717.38,4.33,False
2015-06-18T03:00:00,Sanctum Sanctorum,Clean Water (L),2409.4,4.73,False
2015-06-18T03:00:00,Sanctum Sanctorum,Medical Kits,732.75,3.55,False
2015-06-18T03:00:00,Avengers Compound,Vibranium (kg),2423.16,3.94,False
2015-06-18T03:00:00,Avengers Compound,Arc Reactor Cores,702.78,4.73,False
2015-06-18T03:00:00,Avengers Compound,Pym Particles,715.86,4.33,False
2015-06-18T03:00:00,Avengers Compound,Clean Water (L),2405.16,4.73,False
2015-06-18T03:00:00,Avengers Compound,Medical Kits,733.18,3.55,False
2015-06-18T04:00:00,New Asgard,Vibranium (kg),2425.36,4.25,False
2015-06-18T04:00:00,New Asgard,Arc Reactor Cores,709.04,5.1,False
2015-06-18T04:00:00,New Asgard,Pym Particles,715.88,4.68,False
2015-06-18T04:00:00,New Asgard,Clean Water (L),2408.87,5.1,False
2015-06-18T04:00:00,New Asgard,Medical Kits,736.69,3.83,False
2015-06-18T04:00:00,Wakanda,Vibranium (kg),2428.82,4.25,False
2015-06-18T04:00:00,Wakanda,Arc Reactor Cores,703.03,5.1,False
2015-06-18T04:00:00,Wakanda,Pym Particles,715.7,4.68,False
2015-06-18T04:00:00,Wakanda,Clean Water (L),2409.39,5.1,False
2015-06-18T04:00:00,Wakanda,Medical Kits,740.14,3.83,False
2015-06-18T04:00:00,Sokovia,Vibranium (kg),2427.7,4.25,False
2015-06-18T04:00:00,Sokovia,Arc Reactor Cores,706.46,5.1,False
2015-06-18T04:00:00,Sokovia,Pym Particles,720.0,4.68,False
2015-06-18T04:00:00,Sokovia,Clean Water (L),2406.89,5.1,False
2015-06-18T04:00:00,Sokovia,Medical Kits,735.08,3.83,False
2015-06-18T04:00:00,Sanctum Sanctorum,Vibranium (kg),2425.24,4.25,False
2015-06-18T04:00:00,Sanctum Sanctorum,Arc Reactor Cores,707.76,5.1,False
2015-06-18T04:00:00,Sanctum Sanctorum,Pym Particles,716.42,4.68,False
2015-06-18T04:00:00,Sanctum Sanctorum,Clean Water (L),2409.81,5.1,False
2015-06-18T04:00:00,Sanctum Sanctorum,Medical Kits,735.08,3.83,False
2015-06-18T04:00:00,Avengers Compound,Vibranium (kg),2425.12,4.25,False
2015-06-18T04:00:00,Avengers Compound,Arc Reactor Cores,703.54,5.1,False
2015-06-18T04:00:00,Avengers Compound,Pym Particles,716.46,4.68,False
2015-06-18T04:00:00,Avengers Compound,Clean Water (L),2406.43,5.1,False
2015-06-18T04:00:00,Avengers Compound,Medical Kits,734.67,3.83,False
2015-06-18T05:00:00,New Asgard,Vibranium (kg),2426.82,4.61,False
2015-06-18T05:00:00,New Asgard,Arc Reactor Cores,709.09,5.53,False
2015-06-18T05:00:00,New Asgard,Pym Particles,717.16,5.07,False
2015-06-18T05:00:00,New Asgard,Clean Water (L),2409.35,5.53,False
2015-06-18T05:00:00,New Asgard,Medical Kits,738.06,4.15,False
2015-06-18T05:00:00,Wakanda,Vibranium (kg),2429.05,4.61,False
2015-06-18T05:00:00,Wakanda,Arc Reactor Cores,701.85,5.53,False
2015-06-18T05:00:00,Wakanda,Pym Particles,714.65,5.07,False
2015-06-18T05:00:00,Wakanda,Clean Water (L),2409.22,5.53,False
2015-06-18T05:00:00,Wakanda,Medical Kits,738.64,4.15,False
2015-06-18T05:00:00,Sokovia,Vibranium (kg),2427.08,4.61,False
2015-06-18T05:00:00,Sokovia,Arc Reactor Cores,705.33,5.53,False
2015-06-18T05:00:00,Sokovia,Pym Particles,720.63,5.07,False
2015-06-18T05:00:00,Sokovia,Clean Water (L),2406.83,5.53,False
2015-06-18T05:00:00,Sokovia,Medical Kits,735.22,4.15,False
2015-06-18T05:00:00,Sanctum Sanctorum,Vibranium (kg),2425.83,4.61,False
2015-06-18T05:00:00,Sanctum Sanctorum,Arc Reactor Cores,707.31,5.53,False
2015-06-18T05:00:00,Sanctum Sanctorum,Pym Particles,716.0,5.07,False
2015-06-18T05:00:00,Sanctum Sanctorum,Clean Water (L),2409.04,5.53,False
2015-06-18T05:00:00,Sanctum Sanctorum,Medical Kits,735.44,4.15,False
2015-06-18T05:00:00,Avengers Compound,Vibranium (kg),2426.15,4.61,False
2015-06-18T05:00:00,Avengers Compound,Arc Reactor Cores,703.66,5.53,False
2015-06-18T05:00:00,Avengers Compound,Pym Particles,716.99,5.07,False
2015-06-18T05:00:00,Avengers Compound,Clean Water (L),2406.46,5.53,False
2015-06-18T05:00:00,Avengers Compound,Medical Kits,734.35,4.15,False
2015-06-18T06:00:00,New Asgard,Vibranium (kg),2427.2,5.0,False
2015-06-18T06:00:00,New Asgard,Arc Reactor Cores,707.38,6.0,False
2015-06-18T06:00:00,New Asgard,Pym Particles,717.93,5.5,False
2015-06-18T06:00:00,New Asgard,Clean Water (L),2409.88,6.0,False
2015-06-18T06:00:00,New Asgard,Medical Kits,737.47,4.5,False
2015-06-18T06:00:00,Wakanda,Vibranium (kg),2428.79,5.0,False
2015-06-18T06:00:00,Wakanda,Arc Reactor Cores,702.28,6.0,False
2015-06-18T06:00:00,Wakanda,Pym Particles,714.66,5.5,False
2015-06-18T06:00:00,Wakanda,Clean Water (L),2409.21,6.0,False
2015-06-18T06:00:00,Wakanda,Medical Kits,737.45,4.5,False
2015-06-18T06:00:00,Sokovia,Vibranium (kg),2425.33,5.0,False
2015-06-18T06:00:00,Sokovia,Arc Reactor Cores,703.99,6.0,False
2015-06-18T06:00:00,Sokovia,Pym Particles,720.91,5.5,False
2015-06-18T06:00:00,Sokovia,Clean Water (L),2405.02,6.0,False
2015-06-18T06:00:00,Sokovia,Medical Kits,734.54,4.5,False
2015-06-18T06:00:00,Sanctum Sanctorum,Vibranium (kg),2424.83,5.0,False
2015-06-18T06:00:00,Sanctum Sanctorum,Arc Reactor Cores,707.0,6.0,False
2015-06-18T06:00:00,Sanctum Sanctorum,Pym Particles,716.21,5.5,False
2015-06-18T06:00:00,Sanctum Sanctorum,Clean Water (L),2408.98,6.0,False
2015-06-18T06:00:00,Sanctum Sanctorum,Medical Kits,734.3,4.5,False
2015-06-18T06:00:00,Avengers Compound,Vibranium (kg),2425.62,5.0,False
2015-06-18T06:00:00,Avengers Compound,Arc Reactor Cores,703.76,6.0,False
2015-06-18T06:00:00,Avengers Compound,Pym Particles,716.82,5.5,False
2015-06-18T06:00:00,Avengers Compound,Clean Water (L),2406.64,6.0,False
2015-06-18T06:00:00,Avengers Compound,Medical Kits,733.15,4.5,False
2015-06-18T07:00:00,New Asgard,Vibranium (kg),2427.86,5.39,False
2015-06-18T07:00:00,New Asgard,Arc Reactor Cores,706.93,6.47,False
2015-06-18T07:00:00,New Asgard,Pym Particles,716.21,5.93,False
2015-06-18T07:00:00,New Asgard,Clean Water (L),2408.6,6.47,False
2015-06-18T07:00:00,New Asgard,Medical Kits,736.36,4.85,False
2015-06-18T07:00:00,Wakanda,Vibranium (kg),2426.81,5.39,False
2015-06-18T07:00:00,Wakanda,Arc Reactor Cores,699.95,6.47,False
2015-06-18T07:00:00,Wakanda,Pym Particles,715.19,5.93,False
2015-06-18T07:00:00,Wakanda,Clean Water (L),2409.44,6.47,False
2015-06-18T07:00:00,Wakanda,Medical Kits,738.28,4.85,False
2015-06-18T07:00:00,Sokovia,Vibranium (kg),2425.99,5.39,False
2015-06-18T07:00:00,Sokovia,Arc Reactor Cores,703.01,6.47,False
2015-06-18T07:00:00,Sokovia,Pym Particles,719.81,5.93,False
2015-06-18T07:00:00,Sokovia,Clean Water (L),2404.44,6.47,False
2015-06-18T07:00:00,Sokovia,Medical Kits,735.32,4.85,False
2015-06-18T07:00:00,Sanctum Sanctorum,Vibranium (kg),2422.68,5.39,False
2015-06-18T07:00:00,Sanctum Sanctorum,Arc Reactor Cores,705.72,6.47,False
2015-06-18T07:00:00,Sanctum Sanctorum,Pym Particles,716.46,5.93,False
2015-06-18T07:00:00,Sanctum Sanctorum,Clean Water (L),2408.19,6.47,False
2015-06-18T07:00:00,Sanctum Sanctorum,Medical Kits,734.15,4.85,False
2015-06-18T07:00:00,Avengers Compound,Vibranium (kg),2423.9,5.39,False
2015-06-18T07:00:00,Avengers Compound,Arc Reactor Cores,704.23,6.47,False
2015-06-18T07:00:00,Avengers Compound,Pym Particles,715.16,5.93,False
2015-06-18T07:00:00,Avengers Compound,Clean Water (L),2406.34,6.47,False
2015-06-18T07:00:00,Avengers Compound,Medical Kits,731.62,4.85,False
2015-06-18T08:00:00,New Asgard,Vibranium (kg),2426.44,5.75,False
2015-06-18T08:00:00,New Asgard,Arc Reactor Cores,705.15,6.9,False
2015-06-18T08:00:00,New Asgard,Pym Particles,715.46,6.32,False
2015-06-18T08:00:00,New Asgard,Clean Water (L),2406.29,6.9,False
2015-06-18T08:00:00,New Asgard,Medical Kits,735.53,5.17,False
2015-06-18T08:00:00,Wakanda,Vibranium (kg),2424.66,5.75,False
2015-06-18T08:00:00,Wakanda,Arc Reactor Cores,699.16,6.9,False
2015-06-18T08:00:00,Wakanda,Pym Particles,714.12,6.32,False
2015-06-18T08:00:00,Wakanda,Clean Water (L),2408.75,6.9,False
2015-06-18T08:00:00,Wakanda,Medical Kits,737.92,5.17,False
2015-06-18T08:00:00,Sokovia,Vibranium (kg),2425.3,5.75,False
2015-06-18T08:00:00,Sokovia,Arc Reactor Cores,703.34,6.9,False
2015-06-18T08:00:00,Sokovia,Pym Particles,718.01,6.32,False
2015-06-18T08:00:00,Sokovia,Clean Water (L),2402.75,6.9,False
2015-06-18T08:00:00,Sokovia,Medical Kits,735.61,5.17,False
2015-06-18T08:00:00,Sanctum Sanctorum,Vibranium (kg),2423.2,5.75,False
2015-06-18T08:00:00,Sanctum Sanctorum,Arc Reactor Cores,704.52,6.9,False
2015-06-18T08:00:00,Sanctum Sanctorum,Pym Particles,713.99,6.32,False
2015-06-18T08:00:00,Sanctum Sanctorum,Clean Water (L),2406.27,6.9,False
2015-06-18T08:00:00,Sanctum Sanctorum,Medical Kits,733.48,5.17,False
2015-06-18T08:00:00,Avengers Compound,Vibranium (kg),2422.43,5.75,False
2015-06-18T08:00:00,Avengers Compound,Arc Reactor Cores,703.72,6.9,False
2015-06-18T08:00:00,Avengers Compound,Pym Particles,714.26,6.32,False
2015-06-18T08:00:00,Avengers Compound,Clean Water (L),2404.39,6.9,False
2015-06-18T08:00:00,Avengers Compound,Medical Kits,730.2,5.17,False
